time,S1-D1,S1-D8,S1-D9,S1-D15,S2-D1,S2-D2,S2-D3,S2-D9,S3-D1,S3-D2,S3-D16,S4-D2,S4-D3,S4-D5,S5-D3,S5-D4,S5-D5,S6-D2,S6-D5,S6-D17,S7-D6,S7-D7,S8-D6,S8-D7,S8-D18,S9-D3,S9-D4,S9-D9,S9-D11,S9-D19,S10-D8,S10-D9,S10-D10,S10-D11,S11-D8,S11-D10,S11-D20,S12-D10,S12-D11,S12-D12,S13-D4,S13-D11,S13-D12,S14-D10,S14-D12,S14-D21,S15-D13,S15-D14,S16-D13,S16-D14,S16-D22,t_rel_s,eye_n,xp,yp,ps,xpl_i,xpr_i,ypl_i,ypr_i,psl_i,psr_i,blink_prop
333.4144,-2.12036015576312,-2.09544567335562,-2.70136136681641,-0.849955515038977,-0.201455997785591,,,,-2.38060103053749,,-2.78283417072203,,,,,,,,,,,,,,,,,,,,-1.84691664252656,,,,0.756735826558356,,-0.31065600756744,,,,,,,,,,,,,,,0,103,,,,,,,,,,1
333.5168,-2.05187771380549,-2.12683600317256,-2.67989602143624,-0.867662116626137,-0.237554602508266,,,,-2.35962062835329,,-2.82451528515898,,,,,,,,,,,,,,,,,,,,-1.77329237794322,,,,0.776569250324329,,-0.321756017937049,,,,,,,,,,,,,,,0.102399999999989,102,,,,,,,,,,0.852941176470588
333.6192,-1.98004285221475,-2.15644564902227,-2.65517714681228,-0.885297754721867,-0.275192054417057,,,,-2.3366044928594,,-2.8651851535954,,,,,,,,,,,,,,,,,,,,-1.6964261564329,,,,0.795751302127876,,-0.332288187628692,,,,,,,,,,,,,,,0.204799999999977,103,988.422580645161,523.806451612903,1118.68548387097,992.990322580645,954.911111111111,527.298387096774,506.088888888889,1106.43548387097,1175.11111111111,0
333.7216,-1.90499348334711,-2.18422459440501,-2.62725673449317,-0.902744286757183,-0.314368181221725,,,,-2.31164106703526,,-2.90480078165015,,,,,,,,,,,,,,,,,,,,-1.61654123362071,,,,0.814220051240093,,-0.342239302237603,,,,,,,,,,,,,,,0.307200000000023,102,963.105392156863,512.755392156863,1124.45098039216,971.01568627451,955.195098039216,519.497058823529,506.013725490196,1074.03921568627,1174.86274509804,0
333.824,-1.82687359909357,-2.21012680347413,-2.59619317517871,-0.919881318287716,-0.355075938156256,,,,-2.28481823097765,,-2.94331767741051,,,,,,,,,,,,,,,,,,,,-1.5338655744331,,,,0.831915309343559,,-0.351599391350214,,,,,,,,,,,,,,,0.409600000000012,103,959.842718446602,497.791262135922,1128.55825242718,962.277669902913,957.407766990291,489.088349514563,506.494174757282,1075.50485436893,1181.61165048544,0
333.9264,-1.74583280008018,-2.23411011826678,-2.56205089961788,-0.936587013214438,-0.397301027570566,,,,-2.25622257987731,,-2.98069001336838,,,,,,,,,,,,,,,,,,,,-1.44863029521271,,,,0.848778920420829,,-0.360361693266142,,,,,,,,,,,,,,,0.512000000000001,102,961.646078431373,494.962254901961,1142.28431372549,964.014705882353,959.277450980392,473.21568627451,516.708823529412,1089.33333333333,1195.23529411765,0
334.0288,-1.66202581331491,-2.25613613089353,-2.52489999574166,-0.952738926794495,-0.441021539152218,,,,-2.22593878089294,,-3.01687083305715,,,,,,,,,,,,,,,,,,,,-1.36106820387106,,,,0.864755027429374,,-0.368522588936407,,,,,,,,,,,,,,,0.614399999999989,102,959.59068627451,479.139215686275,1151.94117647059,960.26568627451,958.91568627451,447.549019607843,510.729411764706,1094.00980392157,1209.87254901961,0
334.1312,-1.57561200668661,-2.27617007987496,-2.48481583988491,-0.968214849934922,-0.486207655103039,,,,-2.19404903456438,,-3.05181227860459,,,,,,,,,,,,,,,,,,,,-1.2714124466264,,,,0.879790326506333,,-0.376081517060123,,,,,,,,,,,,,,,0.716799999999978,103,773.940776699029,442.11213592233,1236.27669902913,806.779611650486,741.101941747573,457.043689320388,427.180582524272,1229.23300970874,1243.32038834951,0
334.2336,-1.48675491488694,-2.29418078422595,-2.44187876013004,-0.982893646019168,-0.532821429091445,,,,-2.16063265608547,,-3.08546582208776,,,,,,,,,,,,,,,,,,,,-1.17989527578745,,,,0.893834309903316,,-0.383040876953387,,,,,,,,,,,,,,,0.819200000000024,102,718.908823529412,434.919117647059,1277.44607843137,752.294117647059,685.523529411765,449.372549019608,420.46568627451,1279.26470588235,1275.62745098039,0
334.336,-1.3956217845302,-2.31014059654233,-2.3961737241291,-0.99665605374641,-0.580816619165393,,,,-2.12576577432059,,-3.11778249255382,,,,,,,,,,,,,,,,,,,,-1.08674696243228,,,,0.906839488834997,,-0.389405922058518,,,,,,,,,,,,,,,0.921600000000012,103,480.884466019418,431.455339805825,1296.25242718447,508.021359223301,453.747572815534,451.033980582524,411.876699029126,1296.31067961165,1296.19417475728,0
334.4384,-1.30238312938873,-2.32402535507045,-2.34779003249991,-1.00938542968343,-0.630138554112908,,,,-2.08952113311978,,-3.1487130943093,,,,,,,,,,,,,,,,,,,,-0.99219487974282,,,,0.918761586688354,,-0.395184646090773,,,,,,,,,,,,,,,1.024,102,338.346568627451,466.295588235294,1346.12745098039,361.796078431373,314.897058823529,525.666666666667,406.924509803922,1376.52941176471,1315.72549019608,0
334.5408,-1.20721227864646,-2.33581433436326,-2.29682100697016,-1.02096841351919,-0.680724032648744,,,,-2.05196797617938,,-3.17820841027011,,,,,,,,,,,,,,,,,,,,-0.896462770358896,,,,0.929559698051659,,-0.400387662440293,,,,,,,,,,,,,,,1.12639999999999,102,337.494607843137,478.728431372549,1389.86274509804,359.023529411765,315.96568627451,557.56862745098,399.888235294118,1439.45098039216,1340.27450980392,0
334.6432,-1.11028491996495,-2.34549021531072,-2.24336368818146,-1.03129551806489,-0.73250127642699,,,,-2.01317200108408,,-3.20621938427738,,,,,,,,,,,,,,,,,,,,-0.799770179904924,,,,0.93919641585336,,-0.405028076322887,,,,,,,,,,,,,,,1.22879999999998,103,823.57572815534,471.023300970874,1271.23300970874,820.604854368932,826.546601941748,450.779611650486,491.266990291262,1192.33980582524,1350.12621359223,0
334.7456,-1.01177865939144,-2.3530390981838,-2.18751857245967,-1.04026166768418,-0.785389962764333,,,,-1.97319537122761,,-3.23269728513619,,,,,,,,,,,,,,,,,,,,-0.702332012008145,,,,0.947637935694458,,-0.409121349514102,,,,,,,,,,,,,,,1.33120000000002,102,932.137254901961,481.031862745098,1258.67647058824,917.357843137255,946.916666666667,459.194117647059,502.869607843137,1155.05882352941,1362.29411764706,0
334.848,-0.911872605262498,-2.35845056170588,-2.12938939397262,-1.0477667128911,-0.839301351471375,,,,-1.93209677400727,,-3.25759386512085,,,,,,,,,,,,,,,,,,,,-0.604358164061895,,,,0.954854147921149,,-0.412685158313787,,,,,,,,,,,,,,,1.43360000000001,103,944.710194174757,462.6,1276.11650485437,925.292233009709,964.128155339806,416.001941747573,509.198058252427,1170.56310679612,1381.66990291262,0
334.9504,-0.810746957645001,-2.36171775702698,-2.06908293348431,-1.05371593087504,-0.894138512063394,,,,-1.88993152106714,,-3.28086152210802,,,,,,,,,,,,,,,,,,,,-0.506053225488422,,,,0.960818722713004,,-0.415739246010463,,,,,,,,,,,,,,,1.536,102,963.383333333333,440.39362745098,1291.60784313725,938.330392156863,988.436274509804,370.353921568628,510.433333333333,1181.86274509804,1401.35294117647,0
335.0528,-0.708582588477961,-2.36283753522072,-2.00670884362364,-1.0580205044937,-0.949796654974296,,,,-1.84675169930392,,-3.30245346135273,,,,,,,,,,,,,,,,,,,,-0.407616234117731,,,,0.96550918826492,,-0.418305271109133,,,,,,,,,,,,,,,1.63839999999999,102,963.600490196078,443.413725490196,1299.75980392157,937.137254901961,990.063725490196,375.830392156863,510.997058823529,1186.10784313726,1413.41176470588,0
335.1552,-0.605560616247558,-2.36181061522159,-1.94237949762831,-1.06059796928769,-1.00616355664567,,,,-1.80260638165159,,-3.32232384992095,,,,,,,,,,,,,,,,,,,,-0.309240491682628,,,,0.968906999583987,,-0.420406651861544,,,,,,,,,,,,,,,1.74079999999998,103,966.1,445.753398058252,1310.02912621359,939.139805825243,993.060194174757,375.673786407767,515.833009708738,1192.42718446602,1427.63106796117,0
335.2576,-0.501861984043145,-2.35864178923072,-1.87620986505686,-1.06137261865144,-1.06312005042084,,,,-1.75754189536873,,-3.34042796599662,,,,,,,,,,,,,,,,,,,,-0.211113447070287,,,,0.970997592081569,,-0.422068407434447,,,,,,,,,,,,,,,1.84320000000002,102,962.367156862745,434.445098039216,1316.09803921569,935.091176470588,989.643137254902,363.087254901961,505.802941176471,1195.12745098039,1437.06862745098,0
335.36,-0.39766704306534,-2.3533401479477,-1.80831740403382,-1.06027585806628,-1.1205405555526,,,,-1.71160213761595,,-3.35672235036319,,,,,,,,,,,,,,,,,,,,-0.113416656938846,,,,0.971770412767303,,-0.423316996382218,,,,,,,,,,,,,,,1.94560000000001,103,960.272365614574,431.008988579425,1320.02756353788,933.254460771451,987.290270457698,355.51031881396,506.507658344891,1194.16331015482,1445.89181692094,0
335.4624,-0.293155137871626,-2.34591930429052,-1.73882195356424,-1.05724651081328,-1.17829363286101,,,,-1.66482892278687,,-3.37116496282237,,,,,,,,,,,,,,,,,,,,-0.0163258161635828,,,,0.971218928255118,,-0.42418015292558,,,,,,,,,,,,,,,2.048,102,939.859271235521,425.233870656371,1348.5119449807,894.381756756757,985.336785714286,342.514527027027,507.953214285714,1224.73817567568,1472.28571428571,0.382352941176471
335.5648,-0.188504191451796,-2.33639760764266,-1.66784561945318,-1.05223109292319,-1.23624256767072,,,,-1.61726234187911,,-3.38371533966154,,,,,,,,,,,,,,,,,,,,0.0799891690148255,,,,0.969340617914359,,-0.424686722022151,,,,,,,,,,,,,,,2.15039999999999,102,909.843112934363,416.61638030888,1380.48540057915,834.422297297297,985.263928571429,324.526689189189,508.706071428571,1259.54222972973,1501.42857142857,1
335.6672,-0.0838902915893281,-2.32479835550875,-1.59551265929883,-1.04518407391405,-1.29424598019429,,,,-1.56894111731381,,-3.39433474812812,,,,,,,,,,,,,,,,,,,,0.17536409102986,,,,0.966136961350507,,-0.424866495679198,,,,,,,,,,,,,,,2.25279999999998,103,899.87243008959,500.768848883558,1331.22159772463,814.554145893466,985.190714285714,492.075078719496,509.462619047619,1131.72890973498,1530.71428571429,0.757281553398058
335.7696,0.0205127294282556,-2.31115000046865,-1.5219493602548,-1.03606812390237,-1.35215845659204,,,,-1.51990294140482,,-3.40298634376223,,,,,,,,,,,,,,,,,,,,0.269640346350331,,,,0.961613421904818,,-0.424750053021227,,,,,,,,,,,,,,,2.35520000000003,102,963.65899859944,429.717471988796,1430.34663865546,942.235294117647,985.082703081232,348.311764705882,511.123179271709,1302.43137254902,1558.2619047619,0
335.872,0.124533739974427,-2.29548633074953,-1.44728388390632,-1.02485433465609,-1.40983118989518,,,,-1.470184788902,,-3.40963534402041,,,,,,,,,,,,,,,,,,,,0.362664844133524,,,,0.955779421058326,,-0.424368605331589,,,,,,,,,,,,,,,2.45760000000001,103,952.170873786408,417.122330097087,1394.00970873786,925.217475728155,979.12427184466,316.918446601942,517.326213592233,1231.26213592233,1556.7572815534,0
335.9744,0.228004784079589,-2.27784660319598,-1.37164606110875,-1.01152239651067,-1.46711262352476,,,,-1.41982320251903,,-3.41424922207497,,,,,,,,,,,,,,,,,,,,0.454289928875262,,,,0.948648296838322,,-0.423753846840545,,,,,,,,,,,,,,,2.56,102,947.363235294118,410.457352941176,1376.41176470588,922.66862745098,972.057843137255,316.260784313726,504.653921568627,1217.66666666667,1535.1568627451,0
336.0768,0.330761571566119,-2.25827561971097,-1.29516713993723,-0.996060712142183,-1.52384909920971,,,,-1.36885456152468,,-3.41679790937049,,,,,,,,,,,,,,,,,,,,0.544373325503614,,,,0.940237240587926,,-0.42293781165592,,,,,,,,,,,,,,,2.66239999999999,102,939.880882352941,412.485294117647,1369.75,917.548039215686,962.213725490196,329.442156862745,495.528431372549,1223.25490196078,1516.24509803922,0
336.1792,0.432643974927278,-2.23682374393886,-1.21797948979018,-0.978466437186392,-1.57988551842551,,,,-1.31731533783076,,-3.41725399684053,,,,,,,,,,,,,,,,,,,,0.632778117790076,,,,0.930567209279213,,-0.421952736099584,,,,,,,,,,,,,,,2.76479999999998,103,944.784466019417,396.327669902913,1358.20388349515,922.267961165049,967.300970873786,302.999029126214,489.656310679612,1216.94174757282,1499.46601941748,0
336.2816,0.533496548592963,-2.21354685988445,-1.14021625310719,-0.958745455681595,-1.6350660262769,,,,-1.26524232013367,,-3.41559293829668,,,,,,,,,,,,,,,,,,,,0.719372785972624,,,,0.91966281530103,,-0.420830926077669,,,,,,,,,,,,,,,2.86720000000003,102,964.803921568627,394.041666666667,1351.17647058824,939.082352941177,990.525490196078,284.901960784314,503.18137254902,1209.05882352941,1493.29411764706,0
336.384,0.633169094365446,-2.18850628052755,-1.06201093535947,-0.93691230966389,-1.68923471934884,,,,-1.21267277304566,,-3.41179326276138,,,,,,,,,,,,,,,,,,,,0.804031329927782,,,,0.907552200412455,,-0.41960463042098,,,,,,,,,,,,,,,2.96960000000001,103,963.344660194175,396.343203883495,1343.55825242718,939.206796116505,987.482524271845,288.034951456311,504.65145631068,1201.58252427184,1485.53398058252,0
336.4864,0.731517266535434,-2.16176861283695,-0.983496941574481,-0.912990097491605,-1.74223636554395,,,,-1.15964451480121,,-3.40583679225527,,,,,,,,,,,,,,,,,,,,0.886633467418565,,,,0.894266900699631,,-0.418305919778199,,,,,,,,,,,,,,,3.072,102,961.324509803922,393.709803921569,1347.73039215686,933.757843137255,988.891176470588,282.676470588235,504.743137254902,1203.5,1491.96078431373,0
336.5888,0.828403154558504,-2.13340557627725,-0.904807095842697,-0.88701034267786,-1.7939171076532,,,,-1.10619592682976,,-3.39770885530194,,,,,,,,,,,,,,,,,,,,0.967064849954627,,,,0.879841704211372,,-0.416966567406018,,,,,,,,,,,,,,,3.17439999999999,102,966.773039215686,392.170588235294,1352.26470588235,938.458823529412,995.087254901961,277.214705882353,507.126470588235,1207.42156862745,1497.10784313725,0
336.6912,0.923695754498969,-2.10349376237246,-0.826073190405705,-0.859012826759835,-1.84412511545786,,,,-1.05236592342457,,-3.38739849390498,,,,,,,,,,,,,,,,,,,,1.04521722484474,,,,0.864314499473859,,-0.415617928075243,,,,,,,,,,,,,,,3.27679999999998,103,971.103883495146,382.849029126214,1355.51941747573,936.471844660194,1005.7359223301,261.106796116505,504.591262135922,1211.41747572816,1499.6213592233,0
336.7936,1.0172712837769,-2.07211431862429,-0.747425581323156,-0.829045381843838,-1.89271116459927,,,,-0.998193902716239,,-3.37489867404651,,,,,,,,,,,,,,,,,,,,1.12098850531197,,,,0.847726118305428,,-0.414290817023719,,,,,,,,,,,,,,,3.37920000000003,102,977.716666666667,383.087254901961,1358.11274509804,940.002941176471,1015.43039215686,253.139215686275,513.035294117647,1212.8431372549,1503.38235294118,0
336.896,1.10901336945049,-2.03935254516598,-0.668992804325948,-0.797163644763253,-1.93952914727702,,,,-0.943719684275334,,-3.36020651241673,,,,,,,,,,,,,,,,,,,,1.19428276470272,,,,0.830120183434426,,-0.413015396802102,,,,,,,,,,,,,,,3.48160000000001,103,981.533009708738,374.908737864078,1360.77184466019,936.144660194175,1026.9213592233,238.497087378641,511.320388349515,1220.43689320388,1501.10679611651,0
336.9984,1.19881316575694,-2.00529740680256,-0.590901178189693,-0.763430771339383,-1.98443653784971,,,,-0.888983433565974,,-3.34332352152071,,,,,,,,,,,,,,,,,,,,1.26501020019085,,,,0.811542965041077,,-0.411821077087223,,,,,,,,,,,,,,,3.584,102,991.932352941176,373.769117647059,1371.82843137255,949.622549019608,1034.24215686275,231.499019607843,516.039215686275,1241.88235294118,1501.77450980392,0
337.1008,1.28656941531219,-1.97004098257102,-0.513274401428752,-0.72791709632597,-2.02729483561123,,,,-0.834025583902945,,-3.32425586064906,,,,,,,,,,,,,,,,,,,,1.33308710468887,,,,0.792043234659195,,-0.41073642518922,,,,,,,,,,,,,,,3.68639999999999,102,1087.84509803922,510.017156862745,1498.50980392157,1115.10098039216,1060.58921568627,498.319607843137,521.714705882353,1500.5,1496.51960784314,0
337.2032,1.37218842920524,-1.93367788833217,-0.436233181190421,-0.690699722548817,-2.06797000119183,,,,-0.778886773958619,,-3.30301457395838,,,,,,,,,,,,,,,,,,,,1.39843587000359,,,,0.771672101464905,,-0.409789083962413,,,,,,,,,,,,,,,3.78879999999998,103,1098.95970873786,559.966990291262,1599.9854368932,1143.57184466019,1054.34757281553,600.921359223301,519.012621359223,1700.40776699029,1499.56310679612,0
337.3056,1.45558397062226,-1.89630469706675,-0.35989492022441,-0.651862040865239,-2.1063329024642,,,,-0.723607806583422,,-3.2796158063438,,,,,,,,,,,,,,,,,,,,1.46098503733993,,,,0.750482827779454,,-0.409005696669222,,,,,,,,,,,,,,,3.89120000000003,102,912.788235294118,465.341176470588,1475.24019607843,915.677450980392,909.899019607843,419.147058823529,511.535294117647,1457.90196078431,1492.57843137255,0
337.408,1.53667705645315,-1.85801935035247,-0.284373448667336,-0.611493202010139,-2.14225978294407,,,,-0.668229611152858,,-3.25408100569507,,,,,,,,,,,,,,,,,,,,1.52066941301563,,,,0.728530630272851,,-0.40841183827179,,,,,,,,,,,,,,,3.99360000000002,103,903.690776699029,482.814563106796,1506.35922330097,900.321359223301,907.060194174757,459.204854368932,506.42427184466,1518.8932038835,1493.82524271845,0
337.5104,1.61539569927554,-1.81892053986697,-0.209778772759125,-0.56968756220505,-2.17563275746862,,,,-0.612793182837241,,-3.22643712547628,,,,,,,,,,,,,,,,,,,,1.57743026634983,,,,0.705872473138954,,-0.408031952033203,,,,,,,,,,,,,,,4.096,102,901.475980392157,487.368137254902,1493.73039215686,900.78431372549,902.167647058823,462.702941176471,512.033333333333,1493.46078431373,1494,0
337.6128,1.69167459869264,-1.77910705764804,-0.136216834103577,-0.526544114317685,-2.20634033062555,,,,-0.557339491013111,,-3.1967168269173,,,,,,,,,,,,,,,,,,,,1.63121560592504,,,,0.682566857254088,,-0.407889291097454,,,,,,,,,,,,,,,4.19839999999999,102,898.166666666667,465.546568627451,1461.73039215686,894.487254901961,901.846078431373,413.156862745098,517.936274509804,1431.90196078431,1491.55882352941,0
337.7152,1.76545479150854,-1.73867713510253,-0.0637892868882563,-0.482165915822973,-2.23427791826532,,,,-0.501909372930465,,-3.16495866765198,,,,,,,,,,,,,,,,,,,,1.68198049792742,,,,0.658673611501069,,-0.408005864416782,,,,,,,,,,,,,,,4.30079999999998,103,820.891262135922,535.933495145631,1569.51941747573,826.547572815534,815.234951456311,558.673786407767,513.193203883495,1628.35922330097,1510.67961165049,0
337.8176,1.83668328619537,-1.69772778802679,0.00740671119923578,-0.436659528904658,-2.25934833493237,,,,-0.446543433883659,,-3.13120726842058,,,,,,,,,,,,,,,,,,,,1.72968737263273,,,,0.634253693365041,,-0.408402384680327,,,,,,,,,,,,,,,4.40320000000003,102,786.135784313726,548.826960784314,1554.55882352941,795.128431372549,777.143137254902,579.308823529412,518.345098039216,1588.44117647059,1520.67647058824,0
337.92,1.90531269512336,-1.65635417768589,0.0772786960098353,-0.390134476388302,-2.28146220828865,,,,-0.391281972362453,,-3.0955134555734,,,,,,,,,,,,,,,,,,,,1.77430626810066,,,,0.609368998102977,,-0.409098214591972,,,,,,,,,,,,,,,4.50560000000002,103,785.323300970874,525.702912621359,1501.82524271845,796.338834951456,774.307766990291,529.418446601942,521.987378640777,1492.21359223301,1511.43689320388,0
338.0224,1.97130084198136,-1.61464900035178,0.145739059747131,-0.342702699944104,-2.30053829527788,,,,-0.336164945700196,,-3.05793437412538,,,,,,,,,,,,,,,,,,,,1.81581497560476,,,,0.584082167021264,,-0.410111308238912,,,,,,,,,,,,,,,4.608,102,892.477941176471,461.667156862745,1427.26960784314,878.998039215686,905.957843137255,396.940196078431,526.394117647059,1369.55882352941,1484.98039215686,0
338.1248,2.03461031452123,-1.57270191927616,0.212705151825268,-0.29447801055733,-2.31650368994596,,,,-0.281231975088399,,-3.01853356531014,,,,,,,,,,,,,,,,,,,,1.85419907594454,,,,0.55845638859559,,-0.411458146292316,,,,,,,,,,,,,,,4.71039999999999,102,997.535294117647,410.730392156863,1377.43137254902,959.183333333333,1035.88725490196,286.947058823529,534.513725490196,1303.48039215686,1451.38235294118,0
338.2272,2.09520795874455,-1.53059905388038,0.278099305557218,-0.245575538494958,-2.32929393221005,,,,-0.226522370351775,,-2.97738100637244,,,,,,,,,,,,,,,,,,,,1.88945188062684,,,,0.532555196771591,,-0.413153666843895,,,,,,,,,,,,,,,4.81279999999998,103,994.515048543689,411.142718446602,1366.09708737864,953.455339805825,1035.57475728155,286.916504854369,535.368932038835,1296.87378640777,1435.32038834951,0
338.3296,2.15306433156077,-1.48842254634859,0.341848787789935,-0.196111194629114,-2.33885304911935,,,,-0.172075160425866,,-2.93455310717197,,,,,,,,,,,,,,,,,,,,1.92157430259852,,,,0.506442274750476,,-0.41521119698016,,,,,,,,,,,,,,,4.91520000000003,102,1087.28333333333,510.280392156863,1476.11764705882,1095.83137254902,1078.73529411765,494.909803921569,525.650980392157,1513.87254901961,1438.36274509804,0
338.432,2.20815313167886,-1.44625022025822,0.403885673978662,-0.146201143258764,-2.34513356138637,,,,-0.117929130071148,,-2.89013265152305,,,,,,,,,,,,,,,,,,,,1.9505746749008,,,,0.480181267544714,,-0.417642390685768,,,,,,,,,,,,,,,5.01760000000002,103,1158.00776699029,581.205339805825,1570.0145631068,1199.65922330097,1116.35631067961,637.391262135922,525.019417475728,1703.18446601942,1436.84466019418,0
338.5344,2.26045062605035,-1.40415531643129,0.464146669237634,-0.095961273088129,-2.34809646374772,,,,-0.0641228591161436,,-2.84420867922824,,,,,,,,,,,,,,,,,,,,1.97646851971322,,,,0.453835599552153,,-0.42045717458114,,,,,,,,,,,,,,,5.12000000000001,102,1159.41666666667,575.245098039216,1580.72549019608,1202.26078431373,1116.57254901961,629.65,520.840196078431,1722.72549019608,1438.72549019608,0
338.6368,2.30993508895702,-1.3622062665816,0.522572912105788,-0.0455066489832394,-2.34771117243985,,,,-0.0106947501290211,,-2.79687632260458,,,,,,,,,,,,,,,,,,,,1.99927825341022,,,,0.427468289279949,,-0.423663698725004,,,,,,,,,,,,,,,5.22239999999999,102,1141.30516161497,600.979010193549,1579.91908654418,1183.78799411138,1098.82232911856,675.395715091148,526.56230529595,1704.89149909165,1454.9466739967,0
338.7392,2.35658626846296,-1.32046648367855,0.579109784118496,0.00504906571904602,-2.34395544461917,,,,0.0423169612780131,,-2.74823661192254,,,,,,,,,,,,,,,,,,,,2.01903280916062,,,,0.401141753593007,,-0.427268290347754,,,,,,,,,,,,,,,5.32479999999998,103,1073.21032068317,704.964810695411,1500.57944298468,1116.19073482428,1030.22990654206,888.419808306709,521.509813084112,1525.15654952077,1476.0023364486,0.718446601941748
338.8416,2.40038489458196,-1.27899418703396,0.633706722094794,0.0555942104370953,-2.33681528400015,,,,0.0948742043373268,,-2.69839624925064,,,,,,,,,,,,,,,,,,,,2.03576717700079,,,,0.37491759843212,,-0.43127541335249,,,,,,,,,,,,,,,5.42720000000003,102,1001.04852721627,818.37305283509,1411.77184355499,1043.42555910543,958.671495327103,1119.97811501597,516.767990654206,1326.70607028754,1496.83761682243,1
338.944,2.44131225388755,-1.23784228648693,0.686317032231628,0.106019726961034,-2.32628483390139,,,,0.146939075654264,,-2.64746734721822,,,,,,,,,,,,,,,,,,,,2.04952188925388,,,,0.348856399886215,,-0.435687641547099,,,,,,,,,,,,,,,5.52960000000002,103,923.518056060852,854.014681556239,1237.11762977621,959.923028009554,887.11308411215,1196.00319488818,512.026168224299,956.562362356153,1517.67289719626,0.495145631067961
339.0464,2.47934985851673,-1.19705832845389,0.736897721435993,0.156219727368014,-2.31236624497967,,,,0.19847386086001,,-2.59556713543249,,,,,,,,,,,,,,,,,,,,2.06034249144826,,,,0.323017483107371,,-0.44050565421646,,,,,,,,,,,,,,,5.63200000000001,102,819.639224848818,515.451488913322,1514.2546728972,813.582352941176,825.69609675646,525.291176470588,505.611801356057,1495.96078431373,1532.54856148067,0
339.1488,2.51447921676495,-1.15668449786023,0.785409354314788,0.206092019512232,-2.29506950701817,,,,0.249441090026235,,-2.54281763108793,,,,,,,,,,,,,,,,,,,,2.06827902520396,,,,0.297458702302666,,-0.445728258132331,,,,,,,,,,,,,,,5.73439999999999,102,810.808333333333,502.247549019608,1485.16666666667,802.703921568627,818.912745098039,510.627450980392,493.867647058824,1448.72549019608,1521.60784313725,0
339.2512,2.54668169037764,-1.11675767891644,0.831815924653049,0.255538603997106,-2.27441224441265,,,,0.299803621801735,,-2.48934525848435,,,,,,,,,,,,,,,,,,,,2.07338552546935,,,,0.272236217289004,,-0.451352435914059,,,,,,,,,,,,,,,5.83679999999998,103,814.643203883495,496.235922330097,1477.74757281553,805.445631067961,823.840776699029,498.646601941748,493.825242718447,1438.15533980583,1517.33980582524,0
339.3536,2.57593842195448,-1.07730958873172,0.876084721843397,0.304466166167889,-2.25041949007865,,,,0.349524735320646,,-2.43528040058646,,,,,,,,,,,,,,,,,,,,2.07571952353604,,,,0.247404258204188,,-0.457373420237492,,,,,,,,,,,,,,,5.93919999999997,102,816.625490196078,501.955392156863,1479.06862745098,805.455882352941,827.795098039216,508.158823529412,495.751960784314,1443.73529411765,1514.40196078431,0
339.456,2.60223032726931,-1.03836700235921,0.918186176709401,0.352786585508205,-2.22312346664591,,,,0.398568207810602,,-2.38075686974556,,,,,,,,,,,,,,,,,,,,2.07534154746978,,,,0.223014869489475,,-0.463784794340993,,,,,,,,,,,,,,,6.04160000000002,103,812.153398058252,501.969902912621,1476.26213592233,795.198058252427,829.108737864078,511.158252427185,492.781553398058,1442.82524271845,1509.69902912621,0
339.5584,2.62553815624866,-0.999952082503483,0.958093680250029,0.400417479936422,-2.19256340292403,,,,0.446898361759137,,-2.32591128597656,,,,,,,,,,,,,,,,,,,,2.07231460601181,,,,0.199117624550304,,-0.47057861971733,,,,,,,,,,,,,,,6.14400000000001,102,821.532819670422,508.576628337505,1479.3613240509,805.495051105549,837.570588235294,512.397374322069,504.755882352941,1444.18343241552,1514.53921568627,0
339.6608,2.64584261933039,-0.962082816163504,0.995783371770089,0.447282785480783,-2.15878539644574,,,,0.494480072590055,,-2.2708823567069,,,,,,,,,,,,,,,,,,,,2.0667036439374,,,,0.17575930998149,,-0.47774559134806,,,,,,,,,,,,,,,6.24639999999999,102,822.035021122214,510.926211720373,1472.39425033683,803.998670212766,840.071372031662,513.539494680851,508.312928759894,1441.78058510638,1503.00791556728,0.0294117647058824
339.7632,2.66312455713215,-0.924773542272071,1.03123389334544,0.493313338531246,-2.12184230766271,,,,0.541278738827647,,-2.21581007494523,,,,,,,,,,,,,,,,,,,,2.05857498709293,,,,0.15298359731515,,-0.485275217393413,,,,,,,,,,,,,,,6.34879999999998,103,829.930176696795,508.072511999663,1445.36701776792,813.757978723404,846.102374670185,506.588031914894,509.556992084433,1412.0664893617,1478.66754617414,1
339.8656,2.67736512682224,-0.888035532042595,1.0644261196088,0.538447400684372,-2.0817936545691,,,,0.587260229899625,,-2.16083488198219,,,,,,,,,,,,,,,,,,,,2.04799582388964,,,,0.130830736295689,,-0.493156013227346,,,,,,,,,,,,,,,6.45119999999997,102,837.825332271375,505.218812278954,1418.33978519901,823.517287234043,852.133377308707,499.636569148936,510.801055408971,1382.35239361702,1454.327176781,0.725490196078431
339.968,2.68854599867455,-0.851877581403603,1.09534288580108,0.582631072462417,-2.03870548642723,,,,0.632390832087186,,-2.106096842422,,,,,,,,,,,,,,,,,,,,2.0350337553728,,,,0.109337300232422,,-0.501375693927585,,,,,,,,,,,,,,,6.55360000000002,103,847.557166482535,500.758230346387,1384.26427662191,834.748595331543,860.365737633527,490.151378847346,511.365081845429,1342.46968601529,1426.05886722853,0
340.0704,2.69664957591131,-0.816306589060492,1.12396873975358,0.625818575210473,-1.99265023390597,,,,0.676637205347634,,-2.05173485188069,,,,,,,,,,,,,,,,,,,,2.01975640892632,,,,0.088535996647785,,-0.509921350331808,,,,,,,,,,,,,,,6.65600000000001,102,1186.09460784314,456.951960784314,1270.89215686275,1219.56274509804,1152.62647058824,414.213725490196,499.690196078431,1209,1332.78431372549,0
340.1728,2.70165924202386,-0.781328097489658,1.15028973545949,0.667972409177431,-1.94370653073687,,,,0.719966346067714,,-1.99788587435964,,,,,,,,,,,,,,,,,,,,2.00223109697852,,,,0.0684555407281093,,-0.518779598775249,,,,,,,,,,,,,,,6.7584,102,1222.60882352941,463.079411764706,1193.79901960784,1269.0431372549,1176.17450980392,429.676470588235,496.482352941177,1141.07843137255,1246.51960784314,0
340.2752,2.70355961393844,-0.746946784012535,1.1742932634038,0.70906340761191,-1.8919589980836,,,,0.762345533099886,,-1.94468419728491,,,,,,,,,,,,,,,,,,,,1.98252450940275,,,,0.0491205816049049,,-0.527936699850488,,,,,,,,,,,,,,,6.86079999999998,103,1217.19223300971,480.469417475728,1145.94660194175,1266.68252427184,1167.70194174757,457.098058252427,503.840776699029,1096.7572815534,1195.1359223301,0
340.3776,2.70233677699405,-0.713166920561455,1.1959678904455,0.749070712338453,-1.83749799936505,,,,0.803742233824576,,-1.89226068594365,,,,,,,,,,,,,,,,,,,,1.96070242944284,,,,0.0305516717556061,,-0.537378650713838,,,,,,,,,,,,,,,6.96319999999997,102,1215.7387254902,481.527450980392,1116.4068627451,1267.40490196078,1164.07254901961,452.986274509804,510.06862745098,1068.63725490196,1164.17647058824,0
340.48,2.6979785066446,-0.679992829930277,1.21530319383211,0.787981695959686,-1.78041938240249,,,,0.844123970938023,,-1.84074202368646,,,,,,,,,,,,,,,,,,,,1.93682946041783,,,,0.0127652752592084,,-0.547091264828696,,,,,,,,,,,,,,,7.06560000000002,103,957.973786407767,510.306796116505,1115.55339805825,976.746601941748,939.200970873786,497.01359223301,523.6,1066.5145631068,1164.59223300971,0
340.5824,2.69047450395978,-0.647429329762836,1.23228961188131,0.825791839552069,-1.72082420975558,,,,0.88345817903114,,-1.79024994839234,,,,,,,,,,,,,,,,,,,,1.91096876236579,,,,-0.00422618387280126,,-0.55706025004878,,,,,,,,,,,,,,,7.16800000000001,102,847.193137254902,530.481862745098,1148.28921568627,863.688235294118,830.698039215686,536.003921568628,524.959803921569,1100.87254901961,1195.70588235294,0
340.6848,2.67981666363943,-0.615482119578535,1.24691835257346,0.862504556875132,-1.65881846287423,,,,0.921712086049209,,-1.74090051750453,,,,,,,,,,,,,,,,,,,,1.88318181652114,,,,-0.0204142328631596,,-0.567271284083539,,,,,,,,,,,,,,,7.2704,102,842.74362745098,523.953431372549,1170.08333333333,853.942156862745,831.545098039216,534.292156862745,513.614705882353,1119.46078431373,1220.70588235294,0
340.7872,2.66599937678749,-0.584158066497826,1.25918139088265,0.898130959950355,-1.59451270638056,,,,0.958852638559589,,-1.69280343225214,,,,,,,,,,,,,,,,,,,,1.85352823746192,,,,-0.0357942273561766,,-0.577710080829362,,,,,,,,,,,,,,,7.37279999999998,103,809.840291262136,532.871844660194,1173.71844660194,825.815533980583,793.865048543689,546.214563106796,519.529126213592,1136.34951456311,1211.08737864078,0
340.8896,2.64901986945111,-0.553465367508076,1.26907157018202,0.93268957661978,-1.52802170365496,,,,0.994846473360768,,-1.6460614352825,,,,,,,,,,,,,,,,,,,,1.82206563695866,,,,-0.0503652060478482,,-0.588362443458216,,,,,,,,,,,,,,,7.47519999999997,102,712.958199043671,560.130124224406,1165.82266907819,739.21045751634,686.705940571003,579.758387799564,540.501860649248,1154.22004357298,1177.42529458339,0
340.992,2.62887857472644,-0.523413596289648,1.27658280103955,0.96620603529747,-1.45946398240803,,,,1.02965993247619,,-1.60076977926201,,,,,,,,,,,,,,,,,,,,1.78884953052388,,,,-0.0641297318234214,,-0.599214303416616,,,,,,,,,,,,,,,7.57760000000002,103,698.034184481394,566.972924914225,1128.56558458696,726.283333333333,669.785035629454,578.136111111111,555.80973871734,1104.88888888889,1152.24228028504,0.339805825242718
341.0944,2.6055795110875,-0.494013675756642,1.28171031318452,0.99871272369211,-1.38896136587022,,,,1.06325911653092,,-1.55701575179355,,,,,,,,,,,,,,,,,,,,1.7539332807908,,,,-0.0770937218504453,,-0.610251746870808,,,,,,,,,,,,,,,7.68000000000001,102,674.891373878332,572.247922577417,1090.20811339843,703.078472222222,646.704275534442,573.177199074074,571.31864608076,1049.84259259259,1130.57363420428,1
341.1968,2.57913062259836,-0.465277825937185,1.28445090030026,1.03024841626725,-1.31663849758801,,,,1.09560997099436,,-1.51487824369619,,,,,,,,,,,,,,,,,,,,1.71736808460147,,,,-0.0892662630402514,,-0.621461031326559,,,,,,,,,,,,,,,7.7824,102,651.86145503431,577.497188544691,1052.03775182546,679.986805555556,623.736104513064,568.242476851852,586.75190023753,995.064814814815,1109.0106888361,0.92156862745098
341.2992,2.54954406161726,-0.437219508268224,1.28480313166869,1.06085785761141,-1.24262238236614,,,,1.12667840407417,,-1.4744273644735,,,,,,,,,,,,,,,,,,,,1.67920301722731,,,,-0.100659406944472,,-0.632828594033762,,,,,,,,,,,,,,,7.88479999999998,103,628.11994317352,582.807181830004,1012.30829406535,655.036812297735,601.203074049305,561.957942286947,603.65642137306,936.790722761597,1087.82586536909,0
341.4016,2.51683643122947,-0.409853359397058,1.28276754590289,1.090591291841,-1.16704195812467,,,,1.15643043282286,,-1.43572411952467,,,,,,,,,,,,,,,,,,,,1.63948514243486,,,,-0.111287940940272,,-0.644341052099165,,,,,,,,,,,,,,,7.98719999999997,102,612.053921568627,565.738235294118,976.191176470588,630.587254901961,593.520588235294,524.167647058824,607.308823529412,882.166666666667,1070.21568627451,0
341.504,2.48102900801123,-0.383195106339898,1.27834684490704,1.1195039405116,-1.09002771313978,,,,1.18483234074647,,-1.39882015826736,,,,,,,,,,,,,,,,,,,,1.59825968524594,,,,-0.121169139274905,,-0.65598519403898,,,,,,,,,,,,,,,8.08960000000002,103,616.51213592233,555.477184466019,973.305825242718,643.725242718447,589.299029126214,510.777669902913,600.176699029126,886.174757281554,1060.43689320388,0
341.6064,2.44214794719498,-0.357261461156606,1.27154609056532,1.14765544483701,-1.01171135584545,,,,1.21185082507155,,-1.36375759757913,,,,,,,,,,,,,,,,,,,,1.55557024880078,,,,-0.130322504588164,,-0.66774796351519,,,,,,,,,,,,,,,8.19200000000001,102,632.782352941177,592.618137254902,986.75,669.806862745098,595.757843137255,580.522549019608,604.713725490196,941.401960784314,1032.09803921569,0
341.7088,2.40022446585448,-0.332069992999788,1.26237290287502,1.1751092924448,-0.932225529522786,,,,1.23745312249352,,-1.33056892840805,,,,,,,,,,,,,,,,,,,,1.51145904968324,,,,-0.138769512482498,,-0.679616436888284,,,,,,,,,,,,,,,8.2944,102,659.425,601.224509803922,985.107843137255,694.321568627451,624.528431372549,595.246078431373,607.202941176471,954.901960784314,1015.3137254902,0
341.8112,2.35529500444445,-0.30763897712833,1.25083766000265,1.20193223840458,-0.851703561850582,,,,1.2616071144256,,-1.29927701153465,,,,,,,,,,,,,,,,,,,,1.46596716124309,,,,-0.146533364621288,,-0.691577795859617,,,,,,,,,,,,,,,8.39679999999999,103,703.133495145631,565.782524271845,962,729.703883495146,676.563106796117,526.755339805825,604.809708737864,913.699029126214,1010.30097087379,0
341.9136,2.30740136517692,-0.28398722783288,1.2369536947124,1.22819371367584,-0.770279250701015,,,,1.28428142147663,,-1.26989515555427,,,,,,,,,,,,,,,,,,,,1.41913478157723,,,,-0.153638744901886,,-0.703619295357961,,,,,,,,,,,,,,,8.49919999999997,102,753.178921568627,561.826960784314,977.450980392157,792.873529411765,713.48431372549,541.257843137255,582.396078431373,948,1006.90196078431,0
342.016,2.25659082150573,-0.261133928953487,1.22073747454381,1.25396521112208,-0.688086692272964,,,,1.30544550206188,,-1.24242725690895,,,,,,,,,,,,,,,,,,,,1.37100155184899,,,,-0.160111569359125,,-0.715728226901417,,,,,,,,,,,,,,,8.60160000000002,103,782.180097087379,569.915048543689,998.582524271845,827.368932038835,736.991262135922,563.259223300971,576.570873786408,982.339805825243,1014.82524271845,0
342.1184,2.20291619754168,-0.239098476432325,1.20220875542108,1.27931965116268,-0.605260152177984,,,,1.32506976098868,,-1.2168679795008,,,,,,,,,,,,,,,,,,,,1.32160693108144,,,,-0.165978725221174,,-0.727891879246557,,,,,,,,,,,,,,,8.70400000000001,102,803.482352941177,563.75637254902,1013.74019607843,851.328431372549,755.636274509804,564.185294117647,563.327450980392,996.098039215686,1031.38235294118,0
342.2208,2.14643592559628,-0.21790033850877,1.18139071003545,1.30433073826251,-0.521933974015647,,,,1.3431256583212,,-1.1932029618397,,,,,,,,,,,,,,,,,,,,1.27099060808126,,,,-0.171267800610577,,-0.740097499163525,,,,,,,,,,,,,,,8.8064,102,821.179411764706,568.171568627451,1033.69607843137,868.939215686275,773.419607843137,570.110784313726,566.232352941177,1016.76470588235,1050.62745098039,0
342.3232,2.08721409639429,-0.197558922720107,1.1583100471794,1.32907232198804,-0.438242508285162,,,,1.35958581052387,,-1.17140905267689,,,,,,,,,,,,,,,,,,,,1.21919292126379,,,,-0.176006810740067,,-0.752332254352994,,,,,,,,,,,,,,,8.90879999999999,103,959.937378640777,500.5,995.344660194175,978.52427184466,941.350485436893,441.277669902913,559.722330097087,926.893203883495,1063.79611650485,0
342.4256,2.02532051489157,-0.178093427625123,1.13299714468785,1.35361778021812,-0.35432003068965,,,,1.3744240871015,,-1.15145457995959,,,,,,,,,,,,,,,,,,,,1.1662552611701,,,,-0.18022392982195,,-0.764583198770563,,,,,,,,,,,,,,,9.01119999999997,102,1135.46225490196,509.811764705882,1012.42647058824,1195.4568627451,1075.46764705882,470.85,548.773529411765,956.911764705882,1067.94117647059,0
342.528,1.96083076334539,-0.15952265921831,1.1054862103058,1.37803944073017,-0.270300621403067,,,,1.38761570868001,,-1.13329965440857,,,,,,,,,,,,,,,,,,,,1.1122204400444,,,,-0.183947237033793,,-0.776837239358009,,,,,,,,,,,,,,,9.11360000000002,103,1131.16941747573,505.397572815534,1000.24757281553,1191.06796116505,1071.27087378641,472.847572815534,537.947572815534,947,1053.49514563107,0
342.6304,1.89382626077478,-0.141864799397998,1.0758154721622,1.40240804079656,-0.18631799025632,,,,1.39913735631714,,-1.11689650730502,,,,,,,,,,,,,,,,,,,,1.05713302834839,,,,-0.18720447740508,,-0.789081103080475,,,,,,,,,,,,,,,9.21600000000001,102,1117.73480392157,488.992156862745,981.612745098039,1166.90392156863,1068.56568627451,440.823529411765,537.160784313725,920.480392156863,1042.74509803922,0
342.7328,1.82439430459031,-0.125137118838034,1.04402739514457,1.42679220597256,-0.102505238453902,,,,1.40896730935728,,-1.10218986442018,,,,,,,,,,,,,,,,,,,,1.00103967298012,,,,-0.190022831160109,,-0.801301304585062,,,,,,,,,,,,,,,9.3184,102,1152.0387254902,522.348039215686,1012.89705882353,1221.21078431373,1082.86666666667,508.78137254902,535.914705882353,975.254901960784,1050.53921568627,0
342.8352,1.75262808249145,-0.109355630978116,1.01016891800243,1.45125793254076,-0.0189945480874991,,,,1.41708562772028,,-1.08911735855324,,,,,,,,,,,,,,,,,,,,0.9439894075522,,,,-0.192428686699375,,-0.813484117283408,,,,,,,,,,,,,,,9.42079999999999,103,1159.40242718447,524.46067961165,1025.94660194175,1225.69417475728,1093.11067961165,502.002912621359,546.918446601942,985.669902912622,1066.22330097087,0
342.9376,1.67862664743253,-0.0945346883847066,0.974291705900779,1.47586807953112,0.064083204357038,,,,1.42347438882481,,-1.07760997779297,,,,,,,,,,,,,,,,,,,,0.886033945509255,,,,-0.194447419887613,,-0.825615552230955,,,,,,,,,,,,,,,9.52319999999997,102,1156.87009803922,522.685784313725,1035.6862745098,1220.36960784314,1093.37058823529,494.060784313726,551.310784313726,992.039215686274,1079.33333333333,0
343.04,1.60249486001333,-0.0806865257537302,0.936452418278612,1.50068189067397,0.146598905111774,,,,1.42811798313218,,-1.0675925407631,,,,,,,,,,,,,,,,,,,,0.82722793601991,,,,-0.196103185731309,,-0.837681348177713,,,,,,,,,,,,,,,9.62560000000002,103,1105.27475728155,525.736893203884,979.402912621359,1153.03689320388,1057.51262135922,491.420388349515,560.053398058253,923.932038834951,1034.87378640777,0
343.1424,1.52434330875817,-0.0678207589000359,0.89671299227197,1.52575456586809,0.22842571458036,,,,1.43100345550634,,-1.05898419023738,,,,,,,,,,,,,,,,,,,,0.767629162682092,,,,-0.197418726854593,,-0.849666973627442,,,,,,,,,,,,,,,9.72800000000001,102,806.498039215686,681.030882352941,901.426470588235,853.075490196079,759.920588235294,659.876470588235,702.185294117647,865.852941176471,937,0
343.2448,1.44428820991006,-0.0559438539828795,0.855140933244907,1.55113689322368,0.309439613953586,,,,1.4321208636534,,-1.05169890242321,,,,,,,,,,,,,,,,,,,,0.707298667953774,,,,-0.198415200525719,,-0.861557640061519,,,,,,,,,,,,,,,9.8304,102,807.504411764706,702.874509803922,848.588235294118,864.158823529412,750.85,694.430392156863,711.318627450981,824.480392156863,872.696078431373,0
343.3472,1.36245128363625,-0.0450585748026274,0.811809605308048,1.57687493866969,0.389519978525194,,,,1.43146363424593,,-1.04564601992413,,,,,,,,,,,,,,,,,,,,0.646300796830364,,,,-0.19911202252973,,-0.873338325482108,,,,,,,,,,,,,,,9.93279999999999,103,805.593203883495,703.427669902913,804.344660194175,860.817475728156,750.368932038835,701.368932038835,705.48640776699,780.805825242719,827.883495145631,0
343.4496,1.27895960955998,-0.0351634072709361,0.766798524221974,1.60300977602225,0.468550177570954,,,,1.42902892158876,,-1.0407308263175,,,,,,,,,,,,,,,,,,,,0.584703172635478,,,,-0.199526722951865,,-0.884993808513591,,,,,,,,,,,,,,,10.0352,102,808.906862745098,710.987745098039,774.936274509804,866.570588235294,751.243137254902,715.555882352941,706.419607843137,760.754901960784,789.117647058824,0
343.552,1.19394546800192,-0.0262519725358516,0.720193649004952,1.62957723708642,0.54641819386399,,,,1.42481797992753,,-1.03685517604826,,,,,,,,,,,,,,,,,,,,0.522576634790233,,,,-0.199674808204521,,-0.896508714829683,,,,,,,,,,,,,,,10.1376,103,543.783495145631,610.472330097087,745.529126213592,588.177669902913,499.38932038835,607.21359223301,613.731067961165,719.242718446602,771.815533980583,0
343.6544,1.10754617197887,-0.0183124684780522,0.672087648992073,1.65660766964292,0.623017243176954,,,,1.41883654211504,,-1.0339181739819,,,,,,,,,,,,,,,,,,,,0.459995169205761,,,,-0.199569624619709,,-0.907867578784218,,,,,,,,,,,,,,,10.24,102,478.105392156863,604.875980392157,759.637254901961,531.345098039216,424.86568627451,615.238235294118,594.513725490196,751.098039215686,768.176470588235,0
343.7568,1.0199038898065,-0.0113271918345713,0.622580111551991,1.68412570419697,0.698246368266849,,,,1.41109517703357,,-1.03181688380823,,,,,,,,,,,,,,,,,,,,0.397035838092238,,,,-0.199222221546856,,-0.91905492289507,,,,,,,,,,,,,,,10.3424,102,646.554901960784,572.375,726.367647058824,690.736274509804,602.373529411765,571.041176470588,573.708823529412,698.28431372549,754.450980392157,0
343.8592,0.93116545725152,-0.00527217037400426,0.571777670272273,1.71215004155507,0.772010988137594,,,,1.40160959873356,,-1.0304470480547,,,,,,,,,,,,,,,,,,,,0.333778680748074,,,,-0.198641217108318,,-0.930055355349853,,,,,,,,,,,,,,,10.4448,103,1056.65485436893,490.979126213592,613.291262135922,1050.05145631068,1063.25825242718,419.51359223301,562.444660194175,501.669902912621,724.912621359223,0
343.9616,0.841482194278373,-0.000116891517000584,0.51979407194286,1.74069327644951,0.844223394513132,,,,1.39040092198248,,-1.02970381439545,,,,,,,,,,,,,,,,,,,,0.270306543653047,,,,-0.197832675216489,,-0.940853681011135,,,,,,,,,,,,,,,10.5472,102,1052.86323529412,486.977941176471,608.906862745098,1046.8862745098,1058.84019607843,422.020588235294,551.935294117647,505.274509803922,712.539215686275,0
344.064,0.751009755112778,0.00417590871061905,0.466750224061409,1.76976176516694,0.91480318418586,,,,1.37749587480484,,-1.02948246280108,,,,,,,,,,,,,,,,,,,,0.206704824444119,,,,-0.196800004984709,,-0.951435016796672,,,,,,,,,,,,,,,10.6496,103,999.678155339806,524.426699029126,653.849514563107,1010.13300970874,989.223300970874,504.194174757282,544.659223300971,582.543689320388,725.155339805825,0
344.1664,0.659908025800004,0.00765041680224242,0.412774245172294,1.799355534085,0.983677600233533,,,,1.36292696734362,,-1.02967911705909,,,,,,,,,,,,,,,,,,,,0.143061154641481,,,,-0.195543893530004,,-0.961784900333752,,,,,,,,,,,,,,,10.752,102,992.61862745098,530.315196078431,660.558823529412,1007.21176470588,978.025490196078,514.286274509804,546.344117647059,592.411764705882,728.705882352941,0
344.2688,0.568341052003923,0.0103578653906506,0.358001502345293,1.8294682244945,1.05078175722041,,,,1.34673259570826,,-1.03019142085211,,,,,,,,,,,,,,,,,,,,0.0794650586782174,,,,-0.194062280922683,,-0.971889383004929,,,,,,,,,,,,,,,10.8544,102,1000.39460784314,517.469117647059,651.073529411765,1025.65,975.139215686275,478.453921568628,556.48431372549,571.980392156863,730.166666666667,0
344.3712,0.476476953626079,0.0123565842596052,0.302574592298992,1.86008707926508,1.11605874336054,,,,1.32895705770583,,-1.03091916268406,,,,,,,,,,,,,,,,,,,,0.0160076106507304,,,,-0.192350380277497,,-0.981735104803881,,,,,,,,,,,,,,,10.9568,103,1030.05339805825,532.810194174757,670.941747572816,1055.06504854369,1005.04174757282,512.717475728155,552.902912621359,602.776699029126,739.106796116505,0
344.4736,0.38448777627736,0.013711947430192,0.246643214504153,1.89119298225102,1.17945958986555,,,,1.30965047355292,,-1.03176483247483,,,,,,,,,,,,,,,,,,,,-0.0472189006962727,,,,-0.190400739657706,,-0.991309354452183,,,,,,,,,,,,,,,11.0592,102,1592.17794117647,503.980882352941,709.882352941177,1710.48921568627,1473.86666666667,511.279411764706,496.682352941177,719.088235294118,700.676470588235,0
344.576,0.292549249594888,0.0144961949294915,0.190363903523715,1.92276055198489,1.2409430842757,,,,1.28886862076762,,-1.03263409428895,,,,,,,,,,,,,,,,,,,,-0.110121287033479,,,,-0.188203340778059,,-1.00060011939567,,,,,,,,,,,,,,,11.1616,103,1607.32621359223,531.46359223301,751.563106796117,1716.49902912621,1498.15339805825,562.925242718447,500.001941747573,806.902912621359,696.223300970874,0
344.6784,0.200840452857217,0.0147881338453313,0.13389962392619,1.95475827708359,1.30047542287106,,,,1.26667269819314,,-1.03343617903651,,,,,,,,,,,,,,,,,,,,-0.172605750660944,,,,-0.185745729807275,,-1.00959612753212,,,,,,,,,,,,,,,11.264,102,1600.35637254902,534.566176470588,769.024509803922,1708.58431372549,1492.12843137255,569.232352941177,499.9,830.411764705882,707.637254901961,0
344.7808,0.109543406709076,0.0146727434449803,0.0774192558469673,1.98714867626395,1.35802973570632,,,,1.2431290294191,,-1.03408422230038,,,,,,,,,,,,,,,,,,,,-0.23457815758423,,,,-0.18301317511792,,-1.01828687945965,,,,,,,,,,,,,,,11.3664,102,1495.16862745098,527.488235294118,767.622549019608,1599.44509803922,1390.89215686275,556.183333333333,498.793137254902,814.960784313726,720.28431372549,0
344.8832,0.0188426128445216,0.0142407075446265,0.0210970000919377,2.01988847892099,1.41358553120295,,,,1.21830870826809,,-1.03449556941102,,,,,,,,,,,,,,,,,,,,-0.295944305414022,,,,-0.179988850715021,,-1.02666266984788,,,,,,,,,,,,,,,11.4688,103,1349.61116504854,515.776213592233,773.699029126214,1447.1213592233,1252.10097087379,531.225242718447,500.32718446602,796.660194174757,750.73786407767,0
344.9856,-0.0710754385692751,0.013587888394549,-0.0348882755229688,2.05292884264044,1.46712809243492,,,,1.1922871897944,,-1.03459204875389,,,,,,,,,,,,,,,,,,,,-0.356610197017761,,,,-0.176654051927814,,-1.03471460046451,,,,,,,,,,,,,,,11.5712,102,1345.99950980392,515.414705882353,790.397058823529,1441.59803921569,1250.40098039216,528.514705882353,502.314705882353,810.656862745098,770.137254901961,0
345.088,-0.160022774703453,0.0128147546348258,-0.0903537285064402,2.08621562623241,1.51864784587868,,,,1.16514383858516,,-1.03430020322275,,,,,,,,,,,,,,,,,,,,-0.416482326672398,,,,-0.172988451537535,,-1.04243459083137,,,,,,,,,,,,,,,11.6736,103,880.082038834951,573.317961165049,848.961165048544,959.473786407767,800.690291262136,591.823300970874,554.812621359223,863.242718446602,834.679611650486,0
345.1904,-0.247810447981161,0.0120257685428743,-0.145113262355879,2.11968971647754,1.56813972512087,,,,1.1369614484765,,-1.03355147607664,,,,,,,,,,,,,,,,,,,,-0.475467973643654,,,,-0.168970394967406,,-1.04981539000848,,,,,,,,,,,,,,,11.776,102,721.832843137255,617.167156862745,864.147058823529,791.401960784314,652.263725490196,615.75,618.58431372549,835.990196078431,892.303921568627,0
345.2928,-0.334249054450473,0.0113287187285913,-0.198978289906425,2.15328738935113,1.61560254551364,,,,1.10782574508887,,-1.03228235284497,,,,,,,,,,,,,,,,,,,,-0.53347548446316,,,,-0.164577221214023,,-1.05685058868477,,,,,,,,,,,,,,,11.8784,102,718.328921568628,604.762254901961,883.367647058824,785.595098039216,651.062745098039,586.605882352941,622.91862745098,843.088235294118,923.647058823529,0
345.3952,-0.419149284432307,0.0108339760562675,-0.251758567597721,2.18694068945106,1.66103838711307,,,,1.07782488625839,,-1.03043445512466,,,,,,,,,,,,,,,,,,,,-0.590414521672404,,,,-0.15978559500593,,-1.06353463088815,,,,,,,,,,,,,,,11.9808,103,722.359223300971,601.590776699029,902.650485436893,788.085436893204,656.633009708738,593.65145631068,609.530097087379,870.009708737864,935.291262135922,0
345.4976,-0.502322524101905,0.0106536641801683,-0.303263117904814,2.22057782656871,1.70445198050616,,,,1.0470489781616,,-1.02795458023262,,,,,,,,,,,,,,,,,,,,-0.646196270954143,,,,-0.154571846215618,,-1.06986282683262,,,,,,,,,,,,,,,12.0832,102,719.68431372549,601.545098039216,910.686274509804,783.363725490196,656.004901960784,592.273529411765,610.816666666667,884.235294117647,937.137254901961,0
345.6,-0.583581515652349,0.0109007533595085,-0.353301238904506,2.25412360301881,1.74585010340393,,,,1.0155896136295,,-1.02479469324403,,,,,,,,,,,,,,,,,,,,-0.700733623608211,,,,-0.148912320726461,,-1.07583136918536,,,,,,,,,,,,,,,12.1856,103,576.123300970874,707.350485436893,826.432038834951,620.873786407767,531.372815533981,573.593203883495,841.107766990291,731.990291262136,920.873786407767,0
345.7024,-0.662741066089222,0.0116880973953493,-0.401683581653715,2.28749989645,1.78524098823287,,,,0.983539415795933,,-1.02091188705729,,,,,,,,,,,,,,,,,,,,-0.753941371417025,,,,-0.142783742124316,,-1.08143735387307,,,,,,,,,,,,,,,12.288,102,583.16862745098,708.148039215686,826.225490196078,635.055882352941,531.28137254902,555.457843137255,860.838235294118,707.196078431373,945.254901960784,0
345.8048,-0.739618774908715,0.0131274471942197,-0.44822325475413,2.3206262236112,1.82263371683105,,,,0.95099155208699,,-1.01626831897737,,,,,,,,,,,,,,,,,,,,-0.805736456897286,,,,-0.136163574099807,,-1.08667880312126,,,,,,,,,,,,,,,12.3904,102,585.54068627451,683.304411764706,820.230392156863,639.483333333333,531.598039215686,508.607843137255,858.000980392157,673.490196078431,966.970588235294,0
345.9072,-0.814035756737224,0.0153284758685243,-0.492736918143632,2.35342038739851,1.85803757886345,,,,0.918039192513791,,-1.01083112349289,,,,,,,,,,,,,,,,,,,,-0.856038304967546,,,,-0.129030373652352,,-1.09155468678748,,,,,,,,,,,,,,,12.4928,103,590.659708737864,697.505825242718,841.504854368932,647.943689320388,533.37572815534,534.833009708738,860.178640776699,709.902912621359,973.106796116505,0
346.0096,-0.885817368940576,0.0183978218695245,-0.535045867984022,2.38579917350222,1.89146139252401,,,,0.88477491459443,,-1.00457229983873,,,,,,,,,,,,,,,,,,,,-0.904769224926794,,,,-0.121364131320974,,-1.09606494133296,,,,,,,,,,,,,,,12.5952,102,595.455882352941,733.273039215686,849.81862745098,655.933333333333,534.978431372549,601.616666666667,864.929411764706,745.411764705882,954.225490196078,0
346.112,-0.954793962313417,0.0224381379746137,-0.574977131920712,2.41767904932349,1.92291280273391,,,,0.851290074677791,,-0.997468571834498,,,,,,,,,,,,,,,,,,,,-0.951854842680715,,,,-0.113146594696522,,-1.10021048990305,,,,,,,,,,,,,,,12.6976,103,698.366019417476,773.643203883495,799.820388349515,744.284466019418,652.447572815534,604.588349514563,942.698058252427,663.718446601942,935.922330097087,0
346.2144,-1.02080163288747,0.0275471579089562,-0.612364553324074,2.4489768357557,1.9523975856735,,,,0.817674164351788,,-0.989501214087637,,,,,,,,,,,,,,,,,,,,-0.997224519992048,,,,-0.104361569064802,,-1.10399326886387,,,,,,,,,,,,,,,12.8,102,718.051960784314,789.245588235294,778.411764705882,766.885294117647,669.218627450981,622.706862745098,955.78431372549,635.107843137255,921.71568627451,0
346.3168,-1.08368292512629,0.0338168106945158,-0.64704981380598,2.47961034694125,1.97991899508379,,,,0.784014157132992,,-0.980655836857641,,,,,,,,,,,,,,,,,,,,-1.04081173077884,,,,-0.0949951927854325,,-1.10741626540708,,,,,,,,,,,,,,,12.9024,102,733.608333333333,803.625980392157,784.245098039216,795.495098039216,671.721568627451,651.151960784314,956.1,653.009803921569,915.480392156863,0
346.4192,-1.14328746329017,0.0413323866322868,-0.678883377074482,2.50949900699986,2.00547716929907,,,,0.750393831550434,,-0.970922122066139,,,,,,,,,,,,,,,,,,,,-1.08255438514884,,,,-0.0850361924233619,,-1.11048356689147,,,,,,,,,,,,,,,13.0048,103,742.415533980583,803.084951456311,792.014563106796,812.604854368932,672.226213592233,656.368932038835,949.800970873786,665.466019417476,918.563106796116,0
346.5216,-1.19947253726757,0.0501717232695993,-0.707725391387554,2.5385644571019,2.02906859120655,,,,0.716893051640733,,-0.960293506633968,,,,,,,,,,,,,,,,,,,,-1.12239511373488,,,,-0.0744761270515111,,-1.11320041756158,,,,,,,,,,,,,,,13.1072,102,745.471078431373,800.927941176471,803.088235294118,816.441176470588,674.500980392157,657.845098039216,944.010784313726,676.519607843137,929.656862745098,0
346.624,-1.25210370121219,0.0604043682265917,-0.733446615283847,2.56673116167173,2.05068557851419,,,,0.683587004458682,,-0.948766817920564,,,,,,,,,,,,,,,,,,,,-1.16028153382305,,,,-0.0633096296781896,,-1.11557327604142,,,,,,,,,,,,,,,13.2096,103,747.038349514563,795.451941747573,818.509708737864,815.644660194175,678.432038834951,649.566990291262,941.336893203884,691.902912621359,945.116504854369,0
346.7264,-1.30105543582746,0.0720906916567424,-0.755929416078554,2.59392700704925,2.0703157869845,,,,0.65054542393284,,-0.936341877097053,,,,,,,,,,,,,,,,,,,,-1.19616650520257,,,,-0.0515346476355975,,-1.11760986879818,,,,,,,,,,,,,,,13.312,102,748.44068627451,795.551470588235,831.504901960784,812.039215686275,684.842156862745,643.562745098039,947.540196078431,701.450980392157,961.558823529412,0
346.8288,-1.3462118754263,0.0852809661508046,-0.775068829995588,2.62008386428611,2.08794173615695,,,,0.617831856037197,,-0.923021098821263,,,,,,,,,,,,,,,,,,,,-1.23000835740865,,,,-0.0391526751117183,,-1.11931923769895,,,,,,,,,,,,,,,13.4144,102,748.185784313726,794.457843137255,837.64705882353,810.696078431373,685.675490196078,641.976470588235,946.939215686274,705,970.294117647059,0
346.9312,-1.38746754695799,0.100014483721354,-0.790773605071273,2.64513807512318,2.10354039858064,,,,0.585503025642613,,-0.908809124486267,,,,,,,,,,,,,,,,,,,,-1.26177105482444,,,,-0.0261689640242628,,-1.12071178064139,,,,,,,,,,,,,,,13.5168,103,893.200485436893,581.793689320388,880.504854368932,923.535922330097,862.865048543689,494.38932038835,669.198058252427,789.990291262136,971.019417475728,0
347.0336,-1.42472805557177,0.116318790812237,-0.802967132658664,2.6690308320335,2.11708289957111,,,,0.553608341226537,,-0.893712519067805,,,,,,,,,,,,,,,,,,,,-1.29142427819341,,,,-0.0125927004609355,,-1.12179928357549,,,,,,,,,,,,,,,13.6192,102,1001.67598039216,418.374019607843,898.264705882353,1026.06764705882,977.28431372549,361.4,475.348039215686,847.696078431373,948.833333333333,0
347.136,-1.45791067539696,0.13420908198647,-0.811588215010372,2.69170845242799,2.12853435069664,,,,0.522189538192733,,-0.877739537431302,,,,,,,,,,,,,,,,,,,,-1.31894343070572,,,,0.0015628578676358,,-1.12259494187739,,,,,,,,,,,,,,,13.7216,103,999.083009708738,417.253398058252,870.941747572816,1021.73398058252,976.432038834951,355.781553398058,478.725242718447,816.553398058253,925.330097087379,0
347.2384,-1.48694482668736,0.153687748174972,-0.816591660027235,2.71312256707503,2.13785381687665,,,,0.491280441808254,,-0.860899945045801,,,,,,,,,,,,,,,,,,,,-1.34430959820072,,,,0.0162802792379608,,-1.12311336893335,,,,,,,,,,,,,,,13.824,102,1017.06956928839,302.260289986781,904.992041198502,1069.96188863186,964.177249944922,310.26981989425,294.250760079313,910.25831680987,899.725765587134,0
347.3408,-1.51177242734494,0.174744068690414,-0.817948702936476,2.73323024282698,2.14499441686841,,,,0.460906828798394,,-0.843204877128676,,,,,,,,,,,,,,,,,,,,-1.36750949461932,,,,0.0315378820792921,,-1.12337058952361,,,,,,,,,,,,,,,13.9264,102,1025.20056179775,296.923384831461,909.082865168539,1084.02092696629,966.380196629214,306.860252808989,286.986516853933,920.398876404494,897.766853932584,0.813725490196078
347.4432,-1.53234811850064,0.19735404741817,-0.815647254427243,2.75199405500047,2.14990356607776,,,,0.431086369746766,,-0.824666727467623,,,,,,,,,,,,,,,,,,,,-1.38853541362103,,,,0.0473096794382444,,-1.12338401707478,,,,,,,,,,,,,,,14.0288,103,1034.06853932584,294.922331460674,908.794943820225,1098.44578651685,969.691292134831,301.476123595506,288.368539325843,921.550561797753,896.039325842697,0.776699029126214
347.5456,-1.54863939044155,0.221480382989852,-0.809691998253911,2.76938212197626,2.15252336687829,,,,0.40182863859287,,-0.805299056062069,,,,,,,,,,,,,,,,,,,,-1.40738519148625,,,,0.0635653462608007,,-1.12317241768556,,,,,,,,,,,,,,,14.1312,102,1041.96212822208,291.494019883234,907.695885657634,1111.05967448777,972.864581956378,294.375900528751,288.612139237718,922.237827715356,893.153943599912,0
347.648,-1.56062665481927,0.247072543689514,-0.800104386108525,2.78536810346626,2.15279113679094,,,,0.373135183986896,,-0.785116503071421,,,,,,,,,,,,,,,,,,,,-1.42406216604101,,,,0.0802702198942521,,-1.12275586647434,,,,,,,,,,,,,,,14.2336,103,1040.08883495146,288.819902912621,889.029126213592,1103.15825242718,977.019417475728,286.697087378641,290.942718446602,896,882.058252427185,0
347.7504,-1.56830330150781,0.274066926428747,-0.786922567187101,2.79993115001459,2.15064005604679,,,,0.3449996710095,,-0.764134706683335,,,,,,,,,,,,,,,,,,,,-1.43857510107261,,,,0.0973853465454653,,-1.12215570253035,,,,,,,,,,,,,,,14.336,102,1035.17254901961,285.866176470588,874.264705882353,1094.56666666667,975.778431372549,274.033333333333,297.699019607843,876.382352941177,872.147058823529,0
347.8528,-1.5716757505685,0.30238710659996,-0.770201254389154,2.81305579210184,2.14599992309077,,,,0.317408114023694,,-0.742370232293806,,,,,,,,,,,,,,,,,,,,-1.45093804873732,,,,0.114867584074789,,-1.12139448925322,,,,,,,,,,,,,,,14.4384,102,1028.77941176471,289.338235294118,870.460784313726,1084.25098039216,973.307843137255,273.68431372549,304.992156862745,875.294117647059,865.627450980392,0
347.9552,-1.57076348598146,0.331944195897682,-0.750011507560993,2.82473177040653,2.13879801983561,,,,0.290339217867247,,-0.719840519902745,,,,,,,,,,,,,,,,,,,,-1.46117014414783,,,,0.132669763323717,,-1.12049598424621,,,,,,,,,,,,,,,14.5408,103,1034.11990291262,294.032524271845,878.844660194175,1096.94951456311,971.290291262136,278.731067961165,309.333980582524,893.155339805825,864.533980582524,0
348.0576,-1.56559905584113,0.36263730983104,-0.726440423184449,2.8349538218055,2.12896008908013,,,,0.263764821930929,,-0.696563850038121,,,,,,,,,,,,,,,,,,,,-1.46929535155802,,,,0.150740900068305,,-1.11948511724404,,,,,,,,,,,,,,,14.6432,102,949.70637254902,441.832352941176,877.5,999.535294117647,899.877450980392,446.158823529412,437.505882352941,883.313725490196,871.686274509804,0
348.16,-1.55622803758985,0.394354127493111,-0.699590741206681,2.84372144441953,2.11641141391425,,,,0.237650420589171,,-0.672559318948629,,,,,,,,,,,,,,,,,,,,-1.47534218931096,,,,0.169026447094184,,-1.11838797284313,,,,,,,,,,,,,,,14.7456,103,882.602912621359,603.242718446602,878.873786407767,921.630097087379,843.57572815534,635.873786407767,570.611650485437,883.796116504854,873.95145631068,0
348.2624,-1.54270898407353,0.426971520387178,-0.66958039416735,2.85103866574071,2.10107798184166,,,,0.211955730518824,,-0.647846805776206,,,,,,,,,,,,,,,,,,,,-1.47934344667735,,,,0.187468578315428,,-1.11723177676483,,,,,,,,,,,,,,,14.848,102,887.512254901961,610.786764705882,871.950980392157,935.910784313725,839.113725490196,655.732352941177,565.841176470588,893.147058823529,850.754901960784,0
348.3648,-1.52511338136886,0.460356231954707,-0.636542029932062,2.85691382604333,2.08288771642502,,,,0.186635281682096,,-0.622446918776762,,,,,,,,,,,,,,,,,,,,-1.48133589263442,,,,0.206006495778338,,-1.11604488044961,,,,,,,,,,,,,,,14.9504,102,889.862802646242,601.903622031452,843.931283544384,948.421752123309,831.303853169175,645.946117751914,557.861126310989,865.363479081472,822.499088007296,0
348.4672,-1.50352565244736,0.494365596214287,-0.600622536773996,2.86135937222264,2.0617717453343,,,,0.161639013477465,,-0.596380924271362,,,,,,,,,,,,,,,,,,,,-1.48135998265695,,,,0.224576748069296,,-1.11485672778107,,,,,,,,,,,,,,,15.0528,103,859.67915474858,563.285732495958,855.910417443933,920.535828877005,798.822480620155,607.550534759358,519.020930232558,882.743315508022,829.077519379845,0.631067961165049
348.5696,-1.47804322070056,0.528848291990885,-0.561982581805748,2.86439164949582,2.03766565003207,,,,0.136912866703841,,-0.569670674329796,,,,,,,,,,,,,,,,,,,,-1.47945957987882,,,,0.243113550956739,,-1.11369778285078,,,,,,,,,,,,,,,15.1552,102,826.477732178143,515.213708390333,869.835993312054,888.908823529412,764.046640826873,553.916176470588,476.511240310078,899.735294117647,839.93669250646,1
348.672,-1.44877660839627,0.563645139180608,-0.520796143079864,2.86603068173291,2.01051064176903,,,,0.112399381833694,,-0.54233854603893,,,,,,,,,,,,,,,,,,,,-1.47568169534984,,,,0.261549106454756,,-1.11259941232014,,,,,,,,,,,,,,,15.2576,103,793.276309607705,467.141684284708,883.761569180174,857.281818181818,729.270801033592,500.281818181818,434.001550387597,916.727272727273,850.795865633075,0.184466019417476
348.7744,-1.4158495123918,0.598589947860762,-0.477249992548877,2.86629993628099,1.98025463446163,,,,0.0880383329347302,,-0.514407394063121,,,,,,,,,,,,,,,,,,,,-1.47007622230358,,,,0.279813916211284,,-1.11159374225394,,,,,,,,,,,,,,,15.36,102,763.901986462896,431.950327142837,902.367873905494,825.221212121212,702.58276080458,460.270231729055,403.63042255662,932.994652406417,871.74109540457,0
348.8768,-1.37939880051403,0.633510427882216,-0.431543089852306,2.86522607423007,1.94685320860292,,,,0.0637674232760869,,-0.485900512747009,,,,,,,,,,,,,,,,,,,,-1.46269562740698,,,,0.297837077799678,,-1.11071351731272,,,,,,,,,,,,,,,15.4624,102,757.595098039216,427.602941176471,932.642156862745,810.94705882353,704.243137254902,449.069607843137,406.136274509804,958.637254901961,906.647058823529,0
348.9792,-1.33957440450372,0.668229164386693,-0.383885868425755,2.86283869657321,1.91027046609196,,,,0.0395230392407178,,-0.456841605522864,,,,,,,,,,,,,,,,,,,,-1.45359458794423,,,,0.315546552033931,,-1.10999196869024,,,,,,,,,,,,,,,15.5648,103,763.931067961165,446.032524271845,968.679611650485,815.184466019418,712.677669902913,483.471844660194,408.593203883495,997.485436893204,939.873786407767,0
349.0816,-1.29653911817556,0.702564661309392,-0.334499417909077,2.85917010538286,1.87047976866715,,,,0.0152410279748054,,-0.427254759701581,,,,,,,,,,,,,,,,,,,,-1.4428296013714,,,,0.332869401548047,,-1.1094626737124,,,,,,,,,,,,,,,15.6672,102,786.05,503.39068627451,980.142156862745,837.682352941177,734.417647058824,551.782352941176,454.999019607843,998.058823529412,962.225490196079,0
349.184,-1.25046831903101,0.736332443884932,-0.28361458008464,2.85425509345387,1.82746434470391,,,,-0.00914253846034375,,-0.397164422935945,,,,,,,,,,,,,,,,,,,,-1.43045860367552,,,,0.349732012581858,,-1.10915938790069,,,,,,,,,,,,,,,15.7696,103,816.556796116505,572.266504854369,981.611650485437,870.282524271845,762.831067961165,613.939805825243,530.593203883495,987.077669902913,976.145631067961,0
349.2864,-1.20154961846714,0.769346204699558,-0.231470971786819,2.84813075622756,1.78121775534566,,,,-0.0336906235884278,,-0.366595378377795,,,,,,,,,,,,,,,,,,,,-1.41654060906598,,,,0.366060315772561,,-1.10911584424677,,,,,,,,,,,,,,,15.872,102,930.675490196078,527.876470588235,974.308823529412,988.889215686275,872.461764705883,551.696078431373,504.056862745098,966.676470588235,981.941176470588,0
349.3888,-1.14998242348372,0.801418987071291,-0.178315928348588,2.84083630549784,1.73174423265378,,,,-0.0584645014076508,,-0.335572719064721,,,,,,,,,,,,,,,,,,,,-1.40113535581988,,,,0.381780022418631,,-1.10936553087296,,,,,,,,,,,,,,,15.9744,102,1243.16862745098,449.886274509804,952.740196078431,1328.62156862745,1157.71568627451,448.122549019608,451.65,935.598039215686,969.882352941177,0
349.4912,-1.09597737978462,0.832364415434484,-0.12440334256166,2.8324128682939,1.67905891824778,,,,-0.0835230415707415,,-0.304121827389457,,,,,,,,,,,,,,,,,,,,-1.38430294502173,,,,0.396816889612277,,-1.10994146483115,,,,,,,,,,,,,,,16.0768,103,1240.58980582524,451.409223300971,931.800970873786,1324.33106796117,1156.84854368932,452.821359223301,449.997087378641,922.533980582524,941.067961165049,0
349.5936,-1.03975567467773,0.861997987968155,-0.0699923756891609,2.82290327109963,1.62318802661787,,,,-0.108922019183265,,-0.272268372128636,,,,,,,,,,,,,,,,,,,,-1.36610349135885,,,,0.411097015844088,,-1.11087597259531,,,,,,,,,,,,,,,16.1792,102,1240.96666666667,447.934803921569,921.862745098039,1326.04705882353,1155.8862745098,454.88137254902,440.988235294118,913.549019607843,930.176470588235,0
349.696,-0.981548200687852,0.890138426624505,-0.0153460443117985,2.81235182647404,1.56416894816482,,,,-0.134713469736328,,-0.240038338916841,,,,,,,,,,,,,,,,,,,,-1.34659683458636,,,,0.424547152936238,,-1.11220047817565,,,,,,,,,,,,,,,16.2816,103,1240.04029126214,453.697087378641,923.747572815534,1327.64368932039,1152.43689320388,466.03786407767,441.356310679612,920.718446601942,926.776699029126,0
349.7984,-0.921594596086278,0.916609046133317,0.0392702814673024,2.80080414082302,1.50205030600296,,,,-0.160945097972009,,-0.207458106393206,,,,,,,,,,,,,,,,,,,,-1.3258423510454,,,,0.437095014005382,,-1.1139452974762,,,,,,,,,,,,,,,16.384,102,1214.90245098039,465.933333333333,943.014705882353,1305.07647058824,1124.72843137255,481.959803921569,449.906862745098,952.598039215686,933.43137254902,0
349.9008,-0.860142172205468,0.941239097517547,0.09359043283803,2.78830694292223,1.43689197437968,,,,-0.187659732019451,,-0.174554574007643,,,,,,,,,,,,,,,,,,,,-1.30389886122701,,,,0.448669566712233,,-1.11613943891645,,,,,,,,,,,,,,,16.4864,102,789.289215686275,602.775980392157,997.455882352941,854.169607843137,724.408823529412,626.757843137255,578.794117647059,1027.41176470588,967.5,0
350.0032,-0.797444719840207,0.963865063917954,0.14734904013218,2.77490791289559,1.36876504453468,,,,-0.214894810573296,,-0.141355342696195,,,,,,,,,,,,,,,,,,,,-1.28082459846441,,,,0.459201315277901,,-1.11881040897582,,,,,,,,,,,,,,,16.5888,103,778.349029126214,613.782524271845,1010.75242718447,851.005825242718,705.692233009709,636.759223300971,590.805825242719,1039.80582524272,981.699029126214,0
350.1056,-0.733761185669076,0.984331890672316,0.200283167319113,2.76065549323199,1.29775170355145,,,,-0.242681906437749,,-0.107888938894858,,,,,,,,,,,,,,,,,,,,-1.25667720964767,,,,0.468622580477868,,-1.12198401887544,,,,,,,,,,,,,,,16.6912,102,778.574019607843,607.755882352941,1007.23529411765,849.089215686275,708.058823529412,634.076470588235,581.435294117647,1038.79411764706,975.676470588235,0
350.208,-0.669354229807888,1.00249411508791,0.252133953334076,2.74559868186541,1.22394499970043,,,,-0.271046307594121,,-0.0741850536105814,,,,,,,,,,,,,,,,,,,,-1.23151377562114,,,,0.476867784645144,,-1.12568419075988,,,,,,,,,,,,,,,16.7936,103,781.988834951456,605.973786407767,989.223300970874,851.359223300971,712.618446601942,635.917475728155,576.030097087379,1022.04854368932,956.398058252427,0
350.3104,-0.604488694078599,1.01821687214102,0.302648226181572,2.72978682422788,1.14744850425733,,,,-0.300006679906103,,-0.0402747613013023,,,,,,,,,,,,,,,,,,,,-1.20539084976763,,,,0.483873743616906,,-1.12993276643605,,,,,,,,,,,,,,,16.896,102,786.089215686275,610.757352941177,984.96568627451,855.364705882353,716.813725490196,643.482352941177,578.032352941176,1019.83333333333,950.098039215686,0
350.4128,-0.539430017887842,1.03137679550399,0.351580079902225,2.7132694261452,1.06837591574129,,,,-0.32957482185328,,-0.00619070255271129,,,,,,,,,,,,,,,,,,,,-1.17836452621008,,,,0.489579961775158,,-1.13474932221124,,,,,,,,,,,,,,,16.9984,102,789.433823529412,616.429901960784,992.397058823529,857.569607843137,721.298039215686,643.194117647059,589.66568627451,1025.64705882353,959.147058823529,0
350.5152,-0.474442647907803,1.04186285847936,0.398692415466627,2.69609599870738,0.986850661412336,,,,-0.359755500823197,,0.0280327581606795,,,,,,,,,,,,,,,,,,,,-1.15049055101589,,,,0.493928924509093,,-1.14015099021848,,,,,,,,,,,,,,,17.1008,103,1043.88834951456,533.253883495146,1002.20873786408,1119.23689320388,968.539805825243,571.167961165049,495.339805825243,1036.36893203884,968.04854368932,0
350.6176,-0.409788498535058,1.04957718141535,0.443758428041484,2.67831592632545,0.903005530036884,,,,-0.390546344450097,,0.0623593801988218,,,,,,,,,,,,,,,,,,,,-1.12182446235588,,,,0.496866386984087,,-1.14615228505123,,,,,,,,,,,,,,,17.2032,102,1130.20833333333,506.766666666667,990.475490196078,1216.02254901961,1044.39411764706,551.877450980392,461.655882352941,1036.70588235294,944.245098039216,0
350.72,-0.345725511171315,1.054435798343,0.486563006126088,2.65997833732096,0.81698233438626,,,,-0.421937759924946,,0.096750894874242,,,,,,,,,,,,,,,,,,,,-1.09242171356042,,,,0.498341663534607,,-1.15276493550063,,,,,,,,,,,,,,,17.3056,103,1126.9640776699,501.400485436893,919.398058252427,1208.66893203884,1045.25922330097,539.555339805825,463.245631067961,959.844660194175,878.95145631068,0
350.8224,-0.282506325544387,1.05636935728328,0.526904017426039,2.64113196224835,0.728931572712481,,,,-0.453912871423638,,0.131166867896163,,,,,,,,,,,,,,,,,,,,-1.06233773820456,,,,0.498307921636905,,-1.1599977224118,,,,,,,,,,,,,,,17.408,102,1127.30490196078,493.727941176471,857.921568627451,1212.33235294118,1042.27745098039,528.683333333333,458.772549019608,893.921568627451,821.921568627451,0
350.9248,-0.220377043174144,1.05532373170135,0.564593478800419,2.62182498134972,0.639012053406596,,,,-0.486447486232556,,0.165564597256599,,,,,,,,,,,,,,,,,,,,-1.03162795528261,,,,0.496722478597563,,-1.16785632379719,,,,,,,,,,,,,,,17.5104,102,1111.81666666667,482.276470588235,842.161764705882,1193.94509803922,1029.68823529412,513.347058823529,451.205882352941,873.137254901961,811.186274509804,0
351.0272,-0.159576057944676,1.0512605371271,0.599458621780048,2.6021048746276,0.547390469170242,,,,-0.519510106228494,,0.199899061121951,,,,,,,,,,,,,,,,,,,,-1.00034773782293,,,,0.493547094935342,,-1.17634316786814,,,,,,,,,,,,,,,17.6128,103,962.51067961165,386.403883495146,852.859223300971,1019.28058252427,905.740776699029,407.420388349515,365.387378640777,875.640776699029,830.077669902913,0
351.1296,-0.100332939510773,1.0441575632748,0.631342869335202,2.58201828488723,0.45424093541044,,,,-0.553061992123318,,0.234122918372797,,,,,,,,,,,,,,,,,,,,-0.968552357398751,,,,0.488748261636571,,-1.1854572947543,,,,,,,,,,,,,,,17.7152,102,965.575,387.06568627451,873.96568627451,1025.48529411765,905.664705882353,406.014705882353,368.116666666667,892.598039215686,855.333333333334,0
351.232,-0.042867355993195,1.03400913545624,0.660106741420764,2.56161089057577,0.35974451782159,,,,-0.587057274658926,,0.268186554698803,,,,,,,,,,,,,,,,,,,,-0.936296906319228,,,,0.4822974853375,,-1.19519422761164,,,,,,,,,,,,,,,17.8176,103,966.391262135922,388.100970873786,877.359223300971,1030.88252427184,901.9,409.282524271845,366.919417475728,895.058252427184,859.660194174757,0
351.3344,0.0126119872259994,1.02082641173328,0.685628707905305,2.54092728088386,0.264088765784918,,,,-0.621443102120564,,0.302038163955903,,,,,,,,,,,,,,,,,,,,-0.903636217516738,,,,0.474171576399529,,-1.20554585222596,,,,,,,,,,,,,,,17.92,102,968.602450980392,389.682352941177,871.102941176471,1030.85588235294,906.349019607843,410.796078431373,368.56862745098,889.617647058824,852.588235294118,0
351.4368,0.0659084168629209,1.00463760811992,0.70780599876228,2.52001083370906,0.167467248805579,,,,-0.656159821265923,,0.335623860982407,,,,,,,,,,,,,,,,,,,,-0.870624817533038,,,,0.464352937122071,,-1.21650030341873,,,,,,,,,,,,,,,18.0224,102,969.186764705882,381.557352941177,879.21568627451,1034.1,904.273529411765,400.820588235294,362.294117647059,902.411764705882,856.019607843137,0
351.5392,0.116838370852994,0.985488120688456,0.726555351835779,2.49890360040361,0.0700790685324749,,,,-0.691141198639976,,0.368887833652345,,,,,,,,,,,,,,,,,,,,-0.837316929713314,,,,0.452829840289701,,-1.22804185925875,,,,,,,,,,,,,,,18.1248,103,973.605339805825,378.439805825243,903.271844660194,1041.24174757282,905.968932038835,388.911650485437,367.967961165049,928.563106796116,877.980582524272,0
351.6416,0.16523244842875,0.963440494551124,0.74181364098703,2.47764619658423,-0.027871691547908,,,,-0.726314694452531,,0.401772546773635,,,,,,,,,,,,,,,,,,,,-0.803766515413701,,,,0.439596689935764,,-1.2401508470504,,,,,,,,,,,,,,,18.2272,102,972.402450980392,377.079411764706,929.612745098039,1041.56078431373,903.244117647059,380.369607843137,373.789215686275,956.637254901961,902.588235294118,0
351.744,0.210936372547135,0.938574198934499,0.753538321334203,2.45627769587016,-0.126176603429629,,,,-0.761601808085358,,0.434219004739474,,,,,,,,,,,,,,,,,,,,-0.770027330957577,,,,0.424654261474641,,-1.25280356281275,,,,,,,,,,,,,,,18.3296,103,978.747087378641,380.214077669903,955.868932038835,1045.90873786408,911.585436893204,384.014563106796,376.41359223301,986.359223300971,925.378640776699,0
351.8464,0.253811836555431,0.910985201349809,0.761707669572257,2.4348355212462,-0.224623625486638,,,,-0.796918516980189,,0.466167069556895,,,,,,,,,,,,,,,,,,,,-0.736152986298132,,,,0.408009919633711,,-1.26597219966119,,,,,,,,,,,,,,,18.432,102,981.219607843137,379.637745098039,967.573529411765,1047.21176470588,915.227450980392,378.691176470588,380.58431372549,996.333333333333,938.813725490196,0
351.9488,0.293737252756322,0.880785362893665,0.766320844914802,2.41335532500293,-0.32299792546477,,,,-0.832175816895428,,0.497555823128947,,,,,,,,,,,,,,,,,,,,-0.702197005962188,,,,0.389677811126579,,-1.27962477791093,,,,,,,,,,,,,,,18.5344,102,985.104901960784,373.192156862745,969.102941176471,1052.14705882353,918.062745098039,368.958823529412,377.425490196078,997.147058823529,941.058823529412,0
352.0512,0.330608430588708,0.848101684218558,0.767397807395779,2.39187085235928,-0.421082791704418,,,,-0.867280354156724,,0.528323962603421,,,,,,,,,,,,,,,,,,,,-0.668212905309416,,,,0.369679026974681,,-1.29372507417175,,,,,,,,,,,,,,,18.6368,103,988.976699029126,375.583009708738,970.145631067961,1057.03203883495,920.921359223301,371.467961165049,379.698058252427,995.932038834951,944.359223300971,0
352.1536,0.364339188928276,0.813075430572247,0.764979115170751,2.37041379367836,-0.518660619803047,,,,-0.902135134570159,,0.558410219687409,,,,,,,,,,,,,,,,,,,,-0.634254294516965,,,,0.348041727781448,,-1.30823255251766,,,,,,,,,,,,,,,18.7392,102,990.69068627451,378.815196078431,974.024509803922,1057.40882352941,923.972549019608,377.697058823529,379.933333333333,997.323529411765,950.725490196078,0
352.256,0.394861871083137,0.775861165426559,0.759125601005372,2.34901363083467,-0.615513941283352,,,,-0.936640287835723,,0.587753789314791,,,,,,,,,,,,,,,,,,,,-0.600375002418057,,,,0.324801229124789,,-1.32310230465245,,,,,,,,,,,,,,,18.8416,103,990.28640776699,379.473786407767,983.674757281553,1057.16796116505,923.404854368932,376.519417475728,382.428155339806,1002.94174757282,964.407766990291,0
352.3584,0.422127697346985,0.736625711040661,0.749917899890037,2.32769747579076,-0.711426448204913,,,,-0.970693857778423,,0.616294749022396,,,,,,,,,,,,,,,,,,,,-0.566629188108076,,,,0.300000054014552,,-1.33828500916881,,,,,,,,,,,,,,,18.944,102,993.049509803921,385.523039215686,999.196078431373,1059.17647058824,926.922549019608,375.651960784314,395.394117647059,1018.13725490196,980.254901960784,0
352.4608,0.446106894027227,0.695547029780901,0.737455785941456,2.30648989753538,-0.806183984882395,,,,-1.00419259599267,,0.643974461759532,,,,,,,,,,,,,,,,,,,,-0.533071406580335,,,,0.273687965446599,,-1.35372691941088,,,,,,,,,,,,,,,19.0464,102,994.899019607843,383.366666666667,1012.77450980392,1058.09117647059,931.706862745098,373.193137254902,393.540196078431,1031.21568627451,994.333333333333,0
352.5632,0.466788590201463,0.652813014041601,0.721857305115933,2.28541273900217,-0.899575504678531,,,,-1.0370327543406,,0.670735970575734,,,,,,,,,,,,,,,,,,,,-0.499756614246373,,,,0.245921985683194,,-1.36936988643364,,,,,,,,,,,,,,,19.1488,103,995.792233009709,382.710679611651,1025.88834951456,1058.72233009709,932.86213592233,374.547572815534,390.873786407767,1043.14563106796,1008.63106796117,0
352.6656,0.484180517645913,0.608620194222641,0.703257731910499,2.26448493448,-0.991393990789994,,,,-1.06911087728377,,0.69652439656937,,,,,,,,,,,,,,,,,,,,-0.466740117476031,,,,0.216766390975586,,-1.38515142563088,,,,,,,,,,,,,,,19.2512,102,996.545588235294,374.366176470588,1036.73529411765,1056.82254901961,936.26862745098,368.663725490196,380.06862745098,1054.1862745098,1019.28431372549,0
352.768,0.498308545888925,0.563172392430512,0.681808388163348,2.24372234939276,-1.08143732738585,,,,-1.10032459289947,,0.721287343993028,,,,,,,,,,,,,,,,,,,,-0.43407747829846,,,,0.186292651930605,,-1.40100483692435,,,,,,,,,,,,,,,19.3536,103,991.141262135922,376.05,1051.18932038835,1049.57669902913,932.705825242718,373.497087378641,378.602912621359,1075.71844660194,1026.66019417476,0
352.8704,0.509216066649274,0.516679346220755,0.657675348910845,2.22313766730238,-1.16950911662531,,,,-1.1305734039441,,0.744975305434412,,,,,,,,,,,,,,,,,,,,-0.401824403964169,,,,0.154579284371433,,-1.41685938023346,,,,,,,,,,,,,,,19.456,102,983.941176470588,379.839215686275,1066.9362745098,1044.88333333333,922.999019607843,376.103921568628,383.574509803922,1093.60784313725,1040.26470588235,0
352.9728,0.516963236591989,0.469355311690798,0.631038047000819,2.20274033210683,-1.25541945700252,,,,-1.15975947746184,,0.767542049358705,,,,,,,,,,,,,,,,,,,,-0.370036643341033,,,,0.121711588938152,,-1.43264050006462,,,,,,,,,,,,,,,19.5584,102,980.207879440954,380.094591220692,1077.59083965196,1038.02613366473,922.389625217175,370.615186412593,389.573996028791,1100.16810273405,1055.01357656987,0
353.0752,0.521626076916455,0.421417638424412,0.602087770565485,2.18253652643481,-1.33898569965358,,,,-1.18778842110218,,0.788944972663445,,,,,,,,,,,,,,,,,,,,-0.33876987988263,,,,0.087781280774329,,-1.44827009399283,,,,,,,,,,,,,,,19.6608,103,976.893882153682,367.170641825637,1086.42688536281,1028.00042253521,925.787341772152,364.952676056338,369.388607594937,1104.03098591549,1068.82278481013,0.54368932038835
353.1776,0.52329542020837,0.373085301736797,0.571026037780546,2.16252915181133,-1.42003318838692,,,,-1.21457002945924,,0.809145413901062,,,,,,,,,,,,,,,,,,,,-0.308079583972396,,,,0.0528860261362434,,-1.46366682139658,,,,,,,,,,,,,,,19.7632,102,974.660683276877,352.190181850597,1094.18428418613,1019.64161971831,929.679746835443,358.138591549296,346.241772151899,1106.05211267606,1082.3164556962,1
353.28,0.522075727836637,0.324577404481816,0.538062871435234,2.14271778229019,-1.49839597685281,,,,-1.24001897501352,,0.828108928175922,,,,,,,,,,,,,,,,,,,,-0.278020796036597,,,,0.0171289056775736,,-1.47874644710089,,,,,,,,,,,,,,,19.8656,103,972.427484400071,337.209721875557,1101.94168300945,1011.28281690141,933.572151898734,351.324507042254,323.094936708861,1108.07323943662,1095.81012658228,1
353.3824,0.518083864208846,0.276111711988664,0.503415068847761,2.12309858176264,-1.57391750131598,,,,-1.26405539634312,,0.84580551343968,,,,,,,,,,,,,,,,,,,,-0.248647831711912,,,,-0.0193821726394925,,-1.49342221769315,,,,,,,,,,,,,,,19.968,102,967.668851172311,324.36494941603,1104.53319699782,1002.92401408451,932.413688260114,344.510422535211,304.219476296848,1110.09436619718,1098.97202779846,1
353.4848,0.511447933507935,0.227903299104081,0.467304584820803,2.10366418975993,-1.64645118395095,,,,-1.28660533368693,,0.862209771484487,,,,,,,,,,,,,,,,,,,,-0.220013908841595,,,,-0.0565350804001694,,-1.50760527431891,,,,,,,,,,,,,,,20.0704,102,958.377992957747,325.476063242198,1092.36164043082,994.605985915493,922.15,337.729577464789,313.222549019608,1112.10563380282,1072.61764705882,1
353.5872,0.502306222840072,0.180163349123835,0.429957081194051,2.08440358669007,-1.71586095236577,,,,-1.30760100154158,,0.877300997860668,,,,,,,,,,,,,,,,,,,,-0.192170702148291,,,,-0.0942140695446033,,-1.52120509944996,,,,,,,,,,,,,,,20.1728,103,942.579902228907,314.674736770135,1090.8837686312,986.247183098592,898.912621359223,330.915492957747,298.433980582524,1114.12676056338,1067.64077669903,0.446601941747573
353.6896,0.490806219636972,0.133098108529761,0.391600625727722,2.065301953481,-1.78202166456687,,,,-1.32698093107689,,0.89106320559065,,,,,,,,,,,,,,,,,,,,-0.165167841856906,,,,-0.132300367019903,,-1.53412998081948,,,,,,,,,,,,,,,20.2752,102,917.839439381386,308.90092653963,1106.71738470036,971.91417288042,863.764705882353,327.443029549848,290.358823529412,1128.76810273405,1084.66666666667,0
353.792,0.477103655745911,0.0869079993191227,0.352464512116375,2.04634054295618,-1.84481942325176,,,,-1.3446900187008,,0.903485086557505,,,,,,,,,,,,,,,,,,,,-0.139052378150223,,,,-0.170672784609932,,-1.54628747659829,,,,,,,,,,,,,,,20.3776,103,869.348058252427,310.273786407767,1133.82524271845,920.08640776699,818.609708737864,338.372815533981,282.174757281553,1167.65048543689,1100,0
353.8944,0.461361553180571,0.0417868878095183,0.312778184929823,2.02749657797364,-1.90415176874944,,,,-1.36067949551705,,0.914559914692488,,,,,,,,,,,,,,,,,,,,-0.113868229601037,,,,-0.209208354414847,,-1.55758487890709,,,,,,,,,,,,,,,20.48,102,770.960784313726,436.236274509804,1140.57843137255,819.773529411765,722.148039215686,475.066666666667,397.405882352941,1161.22549019608,1119.93137254902,0
353.9968,0.443749259422799,-0.00207850881468878,0.272770249559999,2.00874318960564,-1.95992775366069,,,,-1.37490682070105,,0.924285404308124,,,,,,,,,,,,,,,,,,,,-0.0896556314803977,,,,-0.247782975282391,,-1.56792967796364,,,,,,,,,,,,,,,20.5824,102,691.001960784314,540.007352941177,1147.28431372549,747.174509803922,634.829411764706,566.800980392157,513.213725490196,1146.09803921569,1148.47058823529,0
354.0992,0.424441471597558,-0.0445091059537681,0.232667548336048,1.99004940878035,-2.01206790976384,,,,-1.38733550532945,,0.932663545291736,,,,,,,,,,,,,,,,,,,,-0.0664506072541571,,,,-0.286272050732361,,-1.57723002733371,,,,,,,,,,,,,,,20.6848,103,678.026213592233,542.161650485437,1164.75242718447,731.479611650486,624.572815533981,568.181553398058,516.141747572816,1158.14563106796,1171.35922330097,0
354.2016,0.403617262213789,-0.0853338515392334,0.192694293054604,1.97138022288024,-2.06050412570792,,,,-1.39793488312733,,0.939700436766699,,,,,,,,,,,,,,,,,,,,-0.0442844989880595,,,,-0.32455111044663,,-1.58539520876953,,,,,,,,,,,,,,,20.7872,102,695.234803921569,549.919607843137,1153.4362745098,744.706862745098,645.762745098039,571.136274509804,528.702941176471,1142.55882352941,1164.3137254902,0
354.304,0.381459112186183,-0.124390070564926,0.153071238804652,1.95269671175647,-2.10517946555277,,,,-1.40667985560401,,0.94540613301677,,,,,,,,,,,,,,,,,,,,-0.0231836024264662,,,,-0.362496418932203,,-1.59233609266566,,,,,,,,,,,,,,,20.8896,103,1231.11165048544,469.521844660194,1141.49514563107,1310.21165048544,1152.01165048544,491.003883495146,448.039805825243,1170.55339805825,1112.43689320388,0
354.4064,0.358151941610593,-0.161523782410262,0.114014874470785,1.93395628404604,-2.14604795547542,,,,-1.41355063881228,,0.949794502160938,,,,,,,,,,,,,,,,,,,,-0.00316894948768906,,,,-0.399985583959283,,-1.59796558869141,,,,,,,,,,,,,,,20.992,102,1288.29607843137,461.403921568627,1151.83333333333,1371.49019607843,1205.10196078431,495.170588235294,427.637254901961,1209.76470588235,1093.90196078431,0
354.5088,0.333882134332259,-0.196590008268524,0.0757366159719656,1.91511302327968,-2.18307434908714,,,,-1.41853251923558,,0.952883084234197,,,,,,,,,,,,,,,,,,,,0.0157437473811149,,,,-0.436898176362547,,-1.60219908077834,,,,,,,,,,,,,,,21.0944,102,1285.41715686275,460.066666666667,1170.22549019608,1367.64901960784,1203.18529411765,497.96568627451,422.167647058824,1231.57843137255,1108.87254901961,0
354.6112,0.308836568640181,-0.229453062832023,0.0384420137386312,1.89611812439171,-2.21623387043337,,,,-1.42161560213946,,0.954692927805948,,,,,,,,,,,,,,,,,,,,0.0335440172887496,,,,-0.473116361403633,,-1.60495484212903,,,,,,,,,,,,,,,21.1968,103,1082.47711101175,537.200542922841,1214.04170924885,1162.2427184466,1002.7115035769,603.323300970874,471.077784874808,1295.54368932039,1132.53972917731,0
354.7136,0.28320166806702,-0.259986796639712,0.00233000537159753,1.87692038457492,-2.24551192341974,,,,-1.42279452721564,,0.955248386451125,,,,,,,,,,,,,,,,,,,,0.0502264703851499,,,,-0.508525534518514,,-1.60615443293175,,,,,,,,,,,,,,,21.2992,102,1038.5538541167,556.687791882876,1191.18985650227,1111.40628279481,965.701425438596,612.71220657277,500.663377192983,1252.71085335543,1129.66885964912,0.0784313725490196
354.816,0.257162475936248,-0.288074739804348,-0.0324077515431326,1.85746672032225,-2.27090373856938,,,,-1.4220681336443,,0.954576865587547,,,,,,,,,,,,,,,,,,,,0.0657905942864301,,,,-0.543014956680446,,-1.60572309104091,,,,,,,,,,,,,,,21.4016,103,1062.68065233506,546.155843834939,1157.73350630096,1136.30516431925,989.056140350877,594.030985915493,498.280701754386,1202.43192488263,1113.0350877193,1
354.9184,0.230901750481596,-0.313610111094131,-0.0655874445040543,1.83770269958159,-2.29241392977172,,,,-1.41943907148218,,0.952708519928809,,,,,,,,,,,,,,,,,,,,0.0802405214891135,,,,-0.576478389236972,,-1.60359012209605,,,,,,,,,,,,,,,21.504,102,1086.92989946256,535.83334414381,1124.63375648629,1161.44894366197,1012.41085526316,575.768661971831,495.89802631579,1152.8661971831,1096.40131578947,1
355.0208,0.204599076561172,-0.336495698050152,-0.0970335752785021,1.81757309034879,-2.31005596905872,,,,-1.41491337767388,,0.94967591087204,,,,,,,,,,,,,,,,,,,,0.0935847612934883,,,,-0.608814726079769,,-1.59968928170448,,,,,,,,,,,,,,,21.6064,102,1111.06085757969,525.561198109711,1091.69546886583,1186.47007042254,1035.65164473684,557.595422535211,493.526973684211,1103.54225352113,1079.84868421053,0.411764705882353
355.1232,0.17842999251661,-0.356643659030505,-0.12657936788885,1.79702243045656,-2.3238516218755,,,,-1.4085000580438,,0.945513643500201,,,,,,,,,,,,,,,,,,,,0.105835884016111,,,,-0.639928611514618,,-1.59395913453202,,,,,,,,,,,,,,,21.7088,103,1130.03543725305,513.982709534331,1058.78841212837,1205.68580381968,1054.38507068642,544.917250102557,483.048168966105,1054.65381284471,1062.92301141203,0
355.2256,0.152565136283664,-0.37397531850631,-0.154067160224342,1.77599561802602,-2.33383039294522,,,,-1.4002107240646,,0.940258008993806,,,,,,,,,,,,,,,,,,,,0.117010158983034,,,,-0.669731024327652,,-1.58634338071347,,,,,,,,,,,,,,,21.8112,102,1130.48137254902,520.649019607843,1053.51470588235,1205.27843137255,1055.68431372549,550.525490196078,490.772549019608,1052.30392156863,1054.72549019608,0
355.328,0.127169413688851,-0.388421017506659,-0.179348818565678,1.7544385147465,-2.34002902411631,,,,-1.39005931479239,,0.933946654796308,,,,,,,,,,,,,,,,,,,,0.127127165463318,,,,-0.698139810496805,,-1.57679114958375,,,,,,,,,,,,,,,21.9136,103,1070.09223300971,336.956796116505,1066.23786407767,1135.40970873786,1004.77475728155,373.671844660194,300.241747572816,1079.22330097087,1053.25242718447,0
355.4304,0.102401179787998,-0.399920052857052,-0.202286203011674,1.73229854858214,-2.3424910676782,,,,-1.37806190372258,,0.926618293845886,,,,,,,,,,,,,,,,,,,,0.136209397884826,,,,-0.725080154317799,,-1.56525726455815,,,,,,,,,,,,,,,22.016,102,1018.05441176471,212.617647058824,1075.84803921569,1060.40392156863,975.704901960784,258.874509803922,166.360784313726,1091.26470588235,1060.43137254902,0
355.5328,0.0784114276239292,-0.408420700899028,-0.222751684418689,1.70952529575596,-2.3412665282267,,,,-1.36423656825762,,0.918312448989001,,,,,,,,,,,,,,,,,,,,0.144281874787014,,,,-0.750484980785829,,-1.55170248170264,,,,,,,,,,,,,,,22.1184,102,1013.48039215686,212.649509803922,1089.75490196078,1051.85588235294,975.104901960784,253.794117647059,171.504901960784,1112,1067.50980392157,0
355.6352,0.0553430113776451,-0.413880292142081,-0.240628673910973,1.68607102046893,-2.33641154231465,,,,-1.34860329539746,,0.909069218582802,,,,,,,,,,,,,,,,,,,,0.151371747345471,,,,-0.774295282386205,,-1.53609370513241,,,,,,,,,,,,,,,22.2208,103,1023.22233009709,224.627184466019,1126.90291262136,1073.7932038835,972.65145631068,277.790291262136,171.464077669903,1174.39805825243,1079.40776699029,0
355.7376,0.0333299535566899,-0.416265303895026,-0.255812112410947,1.66189116301661,-2.32798807090894,,,,-1.33118391234586,,0.898929053754575,,,,,,,,,,,,,,,,,,,,0.157507897203261,,,,-0.796460367722406,,-1.51840418568855,,,,,,,,,,,,,,,22.3232,102,1039.32990196078,228.449019607843,1160.50980392157,1103.84117647059,974.81862745098,294.554901960784,162.343137254902,1233.53921568627,1087.48039215686,0
355.84,0.0124968670744144,-0.415551457211683,-0.268208892054123,1.6369447819648,-2.31606360028679,,,,-1.31200205207751,,0.887932548095572,,,,,,,,,,,,,,,,,,,,0.162720515323929,,,,-0.816938036125268,,-1.49861370737142,,,,,,,,,,,,,,,22.4256,103,1040.70388349515,221.961650485437,1176.92718446602,1105.86893203884,975.538834951456,291.284466019418,152.638834951456,1259.97087378641,1093.88349514563,0
355.9424,-0.00704151022842577,-0.411723817626068,-0.277738210652789,1.61119495772313,-2.30071086287971,,,,-1.29108316675732,,0.876120242731715,,,,,,,,,,,,,,,,,,,,0.167040663917021,,,,-0.835694686302066,,-1.47670875791409,,,,,,,,,,,,,,,22.528,102,1041.45098039216,220.624509803922,1191.91666666667,1104.22745098039,978.674509803922,292.716666666667,148.532352941176,1283.05882352941,1100.77450980392,0
356.0448,-0.0251806818807948,-0.404776906943396,-0.284331872226283,1.58460915286512,-2.28200760490311,,,,-1.2684545846544,,0.863532446782786,,,,,,,,,,,,,,,,,,,,0.170499846622559,,,,-0.8527053644719,,-1.45268267685603,,,,,,,,,,,,,,,22.6304,102,1043.125,217.603431372549,1201.32843137255,1103.92647058824,982.323529411765,286.858823529412,148.348039215686,1293.77450980392,1108.88235294118,0
356.1472,-0.0418266652069107,-0.394714841066458,-0.287934546824571,1.55715951295131,-2.2600364318006,,,,-1.24414559599023,,0.85020907428848,,,,,,,,,,,,,,,,,,,,0.173129631622369,,,,-0.867953749169905,,-1.42653578104799,,,,,,,,,,,,,,,22.7328,103,1089.59368932039,348.823786407767,1217.73300970874,1152.93009708738,1026.2572815534,401.310679611651,296.336893203884,1310.02912621359,1125.43689320388,0
356.2496,-0.0568961690353384,-0.381551506226828,-0.288503997336706,1.52882309358486,-2.23488474132348,,,,-1.21818756258057,,0.836189502066871,,,,,,,,,,,,,,,,,,,,0.174961359992322,,,,-0.881432065284969,,-1.39827547256629,,,,,,,,,,,,,,,22.8352,102,1138.79607843137,519.699509803922,1221.40196078431,1210.89705882353,1066.69509803922,564.088235294118,475.310784313726,1317.67647058824,1125.12745098039,0
356.352,-0.0703166805344708,-0.365310774943226,-0.286011276536375,1.4995820145659,-2.20664473258698,,,,-1.19061405937393,,0.821512454583416,,,,,,,,,,,,,,,,,,,,0.176025934166138,,,,-0.893140925895671,,-1.36791632726555,,,,,,,,,,,,,,,22.9376,103,1144.96650485437,520.959708737864,1194.48058252427,1215.41941747573,1074.51359223301,561.438834951456,480.480582524272,1280,1108.96116504854,0
356.4544,-0.0820264829327077,-0.346026757090607,-0.280440904741284,1.46942356083963,-2.17541347548944,,,,-1.16146106106709,,0.806215924224762,,,,,,,,,,,,,,,,,,,,0.176353652517842,,,,-0.903089111327086,,-1.33548015014455,,,,,,,,,,,,,,,23.04,102,1148.02941176471,519.941666666667,1158.75490196078,1220.78137254902,1075.27745098039,565.799019607843,474.08431372549,1237.19607843137,1080.3137254902,0
356.5568,-0.0919746479354146,-0.32374407721491,-0.271791049267611,1.43834026008801,-2.14129301459994,,,,-1.13076718666136,,0.790337136047625,,,,,,,,,,,,,,,,,,,,0.175974053468062,,,,-0.911293300020066,,-1.30099598037829,,,,,,,,,,,,,,,23.1424,102,1147.90098039216,523.370098039216,1122.32843137255,1217.69803921569,1078.10392156863,565.63137254902,481.108823529412,1192.28431372549,1052.37254901961,0
356.6592,-0.100121052268959,-0.298518162925658,-0.260073726146027,1.40632995731196,-2.1043904672835,,,,-1.09857400770394,,0.773912556891733,,,,,,,,,,,,,,,,,,,,0.174915749266304,,,,-0.917777760585163,,-1.26450003626764,,,,,,,,,,,,,,,23.2448,103,1099.66213592233,509.171359223301,1093.54368932039,1166.9854368932,1032.33883495146,545.778640776699,472.564077669903,1151.00970873786,1036.07766990291,0
356.7616,-0.106436445553089,-0.270415531294945,-0.245315032224765,1.37339588134566,-2.06481809180411,,,,-1.06492640843409,,0.756977934424935,,,,,,,,,,,,,,,,,,,,0.173206250170836,,,,-0.92257400303339,,-1.22603559905784,,,,,,,,,,,,,,,23.3472,102,733.763235294118,486.761274509804,1103.07843137255,777.138235294118,690.388235294118,542.656862745098,430.86568627451,1163.78431372549,1042.37254901961,0
356.864,-0.110902557137616,-0.23951406864015,-0.227555396951804,1.33954667586096,-2.02269333968327,,,,-1.0298729688697,,0.739568348595324,,,,,,,,,,,,,,,,,,,,0.170871795403603,,,,-0.925720380085963,,-1.18565283902946,,,,,,,,,,,,,,,23.4496,103,727.959223300971,486.468932038835,1107.40776699029,769.776699029126,686.141747572816,536.985436893204,435.952427184466,1164.52427184466,1050.29126213592,0
356.9664,-0.113512195926291,-0.205903295138825,-0.206849819752963,1.30479636259748,-1.97813892351204,,,,-0.993466334960512,,0.721718266306275,,,,,,,,,,,,,,,,,,,,0.167937218509662,,,,-0.927261631435757,,-1.14340859182926,,,,,,,,,,,,,,,23.552,102,723.46862745098,487.952450980392,1102.34803921569,760.398039215686,686.539215686275,545.935294117647,429.969607843137,1165.14705882353,1039.54901960784,0
357.0688,-0.114269278952588,-0.169684577749637,-0.183268029067394,1.26916421621503,-1.93128290336763,,,,-0.955763531853461,,0.703461590674662,,,,,,,,,,,,,,,,,,,,0.164425884601772,,,,-0.927248366963854,,-1.09936610640974,,,,,,,,,,,,,,,23.6544,102,722.907352941177,492.978921568628,1092.81862745098,761.34705882353,684.467647058824,552.010784313726,433.947058823529,1160.06862745098,1025.56862745098,0
357.1712,-0.113188719261401,-0.130971224431045,-0.156894475642276,1.23267454824969,-1.88225874605611,,,,-0.91682616553621,,0.684831687344187,,,,,,,,,,,,,,,,,,,,0.160359741277831,,,,-0.925736484700681,,-1.05359480387793,,,,,,,,,,,,,,,23.7568,103,1024.35145631068,480.785922330097,1080.11165048544,1083.59805825243,965.104854368932,520.766990291262,440.804854368932,1136.12621359223,1024.09708737864,0
357.2736,-0.110296125994392,-0.0898884017364648,-0.1278280925267,1.19535641341945,-1.8312052918894,,,,-0.876720475607456,,0.665861373118296,,,,,,,,,,,,,,,,,,,,0.155759506391137,,,,-0.922786527364916,,-1.00617008195006,,,,,,,,,,,,,,,23.8592,102,1146.48837401105,484.74841078124,1091.59826225161,1213.26062757391,1079.71612044818,519.828978425226,449.667843137255,1150.70996988137,1032.48655462185,0
357.376,-0.105627320209072,-0.0465728617811547,-0.0961818146461829,1.15724326170194,-1.77826658587661,,,,-0.8355172527227,,0.646582868943473,,,,,,,,,,,,,,,,,,,,0.150644973243638,,,,-0.918463002518873,,-0.957173162948169,,,,,,,,,,,,,,,23.9616,103,1141.25922413793,490.127413793104,1096.1275862069,1210.60344827586,1071.915,526.844827586207,453.41,1156.65517241379,1035.6,0.135922330097087
357.4784,-0.0992277073069043,-0.00117249842519465,-0.062081896387709,1.11837256256323,-1.72359156139094,,,,-0.793291669125744,,0.627027731070593,,,,,,,,,,,,,,,,,,,,0.145035379397542,,,,-0.912833706640945,,-0.906690950922167,,,,,,,,,,,,,,,24.064,102,1133.93546219585,495.89986677116,1091.63527392148,1205.20532915361,1062.6655952381,531.21473354232,460.585,1146.69435736677,1036.57619047619,1
357.5808,-0.0911515518028778,0.0461542327000882,-0.0256670784418139,1.07878542003096,-1.66733358557902,,,,-0.750123058950525,,0.607226774619964,,,,,,,,,,,,,,,,,,,,0.138949780342309,,,,-0.9059690861613,,-0.85481586157571,,,,,,,,,,,,,,,24.1664,102,1126.64742592178,501.644161442006,1087.16487535453,1199.83354231975,1053.46130952381,535.563322884013,467.725,1136.78213166144,1037.54761904762,1
357.6832,-0.0814611980670971,0.0952389860966896,0.01291233977704,1.03852618006088,-1.60964989077506,,,,-0.706094651720807,,0.58721000026989,,,,,,,,,,,,,,,,,,,,0.132407391388008,,,,-0.89794164509667,,-0.801645599637002,,,,,,,,,,,,,,,24.2688,103,1119.59908909387,501.878617493989,1064.66233635798,1194.98248470646,1044.21569348128,528.855001978269,474.902233009709,1090.80095565633,1038.52371705964,0.00970873786407767
357.7856,-0.0702262728294603,0.145904248089026,0.053495472034184,0.997642015313165,-1.55070092944525,,,,-0.661293240307087,,0.567006530754345,,,,,,,,,,,,,,,,,,,,0.125427901716687,,,,-0.888825387136837,,-0.747282867736559,,,,,,,,,,,,,,,24.3712,102,1116.02647058824,501.420588235294,1034.68137254902,1193.06176470588,1038.99117647059,526.070588235294,476.770588235294,1035.36274509804,1034,0
357.888,-0.0575228708847379,0.197964085287721,0.0959118453360197,0.956182467421893,-1.49064969855937,,,,-0.615808761212469,,0.546644557293681,,,,,,,,,,,,,,,,,,,,0.118031791830392,,,,-0.878695274438937,,-0.691835001447547,,,,,,,,,,,,,,,24.4736,103,1114.5932038835,496.450970873786,1023.3786407767,1199.45145631068,1029.73495145631,523.856310679612,469.045631067961,1023.93203883495,1022.82524271845,0
357.9904,-0.0434326864003246,0.251224923899675,0.139982454080348,0.914198933045544,-1.42966106479312,,,,-0.569733773127139,,0.526151288554253,,,,,,,,,,,,,,,,,,,,0.110240670937856,,,,-0.8676266961143,,-0.635413531573677,,,,,,,,,,,,,,,24.576,102,1119.03333333333,482.654901960784,1028.80882352941,1204.74901960784,1033.31764705882,509.096078431373,456.213725490196,1032.92156862745,1024.69607843137,0
358.0928,-0.0280420537880373,0.305486384837278,0.185520907129593,0.871744092348302,-1.36790108582999,,,,-0.52316283483451,,0.505552892669162,,,,,,,,,,,,,,,,,,,,0.102077612063829,,,,-0.855694955407827,,-0.578133669928366,,,,,,,,,,,,,,,24.6784,102,1119.01274509804,483.661274509804,1031.49019607843,1201.87156862745,1036.15392156863,507.846078431373,459.476470588235,1036.05882352941,1026.92156862745,0
358.1952,-0.0114409071119193,0.360542196584338,0.232334676843903,0.828871295616294,-1.30553630598294,,,,-0.476191807230262,,0.484874431035848,,,,,,,,,,,,,,,,,,,,0.0935674368878755,,,,-0.842974797114731,,-0.520113708531234,,,,,,,,,,,,,,,24.7808,103,1123.15436893204,451.657281553398,1041.5,1202.61650485437,1043.69223300971,473.267961165049,430.046601941748,1051.47572815534,1031.52427184466,0
358.2976,0.00627828425615336,0.416181181881722,0.280226411805394,0.785633941253613,-1.24273302109354,,,,-0.428917127721761,,0.464139796538143,,,,,,,,,,,,,,,,,,,,0.0847369090552039,,,,-0.829539998912939,,-0.461474331659126,,,,,,,,,,,,,,,24.8832,102,1130.41078431373,232.894117647059,1084.99509803922,1211.71176470588,1049.10980392157,276.764705882353,189.023529411765,1147.92156862745,1022.06862745098,0
358.4,0.0250215288596796,0.472188294119174,0.328995250964787,0.742084884077532,-1.17965652263647,,,,-0.381435110039595,,0.443371673932488,,,,,,,,,,,,,,,,,,,,0.0756148261024132,,,,-0.815463038184002,,-0.402337860623143,,,,,,,,,,,,,,,24.9856,103,1130.33009708738,232.326213592233,1096.33495145631,1215.99708737864,1044.66310679612,281.304854368932,183.347572815534,1176.72815533981,1015.94174757282,0
358.5024,0.0446942173665503,0.528345676495991,0.378438085557188,0.698275902645379,-1.11647032640935,,,,-0.333841302872705,,0.422591532075541,,,,,,,,,,,,,,,,,,,,0.0662320270130002,,,,-0.80081482515796,,-0.342827460717794,,,,,,,,,,,,,,,25.088,102,1130.71029411765,219.579901960784,1084.31862745098,1216.5637254902,1044.8568627451,274.237254901961,164.922549019608,1167.36274509804,1001.27450980392,0
358.6048,0.065201887955306,0.584433713584542,0.428350730208066,0.654257240286132,-1.05333538759356,,,,-0.286229909115568,,0.401819653019719,,,,,,,,,,,,,,,,,,,,0.0566213422256159,,,,-0.785664474380407,,-0.28306633806275,,,,,,,,,,,,,,,25.1904,102,982.075490196078,174.827941176471,1061.45098039216,1040.86666666667,923.28431372549,233.837254901961,115.81862745098,1126.33333333333,996.56862745098,0
358.7072,0.0864508426183617,0.640232042107521,0.478528974852474,0.61007722285419,-0.990409309051879,,,,-0.238693241506992,,0.381075207167984,,,,,,,,,,,,,,,,,,,,0.0468175210889357,,,,-0.770079081875467,,-0.223176953703557,,,,,,,,,,,,,,,25.2928,103,965.773786407767,156.015533980583,1053.74757281553,1021.7932038835,909.754368932039,212.744660194175,99.2864077669903,1115.15533980583,992.339805825243,0
358.8096,0.108348618187955,0.695520506241904,0.528769510066698,0.56578194599361,-0.92784554594173,,,,-0.191321183985224,,0.360376380681643,,,,,,,,,,,,,,,,,,,,0.0368571806868941,,,,-0.754123490135555,,-0.163280281321543,,,,,,,,,,,,,,,25.3952,102,966.404411764706,132.251470588235,1046.0931372549,1023.88039215686,908.928431372549,186.072549019608,78.4303921568628,1102.01960784314,990.166666666667,0
358.912,0.130804328609649,0.750080069565665,0.578870744066393,0.521415025557926,-0.86579259900308,,,,-0.144200645932561,,0.339740551116315,,,,,,,,,,,,,,,,,,,,0.0267788088026368,,,,-0.737860043684708,,-0.103495128464449,,,,,,,,,,,,,,,25.4976,103,948.404368932039,155.770873786408,1030.88834951456,1005.70873786408,891.1,202.381553398058,109.160194174757,1079.32038834951,982.456310679612,0
359.0144,0.153728892737313,0.80369369505388,0.628633527763932,0.477017419489814,-0.804393201455951,,,,-0.0974150269655449,,0.319184505514772,,,,,,,,,,,,,,,,,,,,0.0166228183717211,,,,-0.721348349866722,,-0.0439375304411829,,,,,,,,,,,,,,,25.6,102,867.433823529412,807.288725490196,942.490196078431,867.076470588235,867.791176470588,778.902941176471,835.674509803922,900.990196078431,983.990196078431,0
359.1168,0.177035149314488,0.856147182501719,0.677861781859967,0.432627335472263,-0.743783542112782,,,,-0.0510437239803779,,0.298724697105153,,,,,,,,,,,,,,,,,,,,0.00643162285036219,,,,-0.704645062154608,,0.0152797855553742,,,,,,,,,,,,,,,25.7024,102,856.077941176471,786.528431372549,869.225490196079,833.058823529412,879.09705882353,652.137254901961,920.919607843137,722.176470588235,1016.27450980392,0
359.2192,0.200637869886754,0.907229953512671,0.726363026059376,0.388280219337741,-0.684092582194943,,,,-0.00516169246137954,,0.278377527141187,,,,,,,,,,,,,,,,,,,,-0.00375028935880372,,,,-0.687803696961543,,0.0740478735444875,,,,,,,,,,,,,,,25.8048,103,871.120084070969,775.467946174573,902.245914096434,852.801061674932,889.439106467007,663.500607669204,887.435284679941,772.480268212614,1032.01155998025,0
359.3216,0.224453709491057,0.956735806442196,0.773948849895492,0.344008794410989,-0.625441483952232,,,,0.0401609557503134,,0.258159625361375,,,,,,,,,,,,,,,,,,,,-0.0138762740308918,,,,-0.670874482498916,,0.132261983728153,,,,,,,,,,,,,,,25.9072,102,928.050126762996,754.43644563163,934.492743517051,926.139448441247,929.960805084746,658.075539568345,850.797351694915,818.139088729017,1050.84639830508,0.676470588235294
359.424,0.248401140986433,1.00446368425833,0.820435382024925,0.299843121305446,-0.567943115298842,,,,0.0848593423830067,,0.238088102821612,,,,,,,,,,,,,,,,,,,,-0.0238974237957748,,,,-0.65390423183926,,0.189821920813655,,,,,,,,,,,,,,,26.0096,103,995.610585599317,733.499077094257,969.937118948909,1018.04532374101,973.175847457627,652.618705035971,814.379449152543,869.26618705036,1070.60805084746,1
359.5264,0.272400391485114,1.05021848022975,0.865643785937823,0.255810667394672,-0.511701587282799,,,,0.128874208324552,,0.218180759619978,,,,,,,,,,,,,,,,,,,,-0.0337624266770819,,,,-0.636936234986984,,0.24663234627863,,,,,,,,,,,,,,,26.112,102,1063.17104443564,712.561708556883,1005.38149438077,1109.95119904077,1016.39088983051,647.161870503597,777.96154661017,920.393285371703,1090.36970338983,0.970588235294118
359.6288,0.296373376822182,1.09381187247407,0.909400773619685,0.211936391277729,-0.456811815566631,,,,0.172152283889411,,0.198456236438415,,,,,,,,,,,,,,,,,,,,-0.0434174040248308,,,,-0.620010167303214,,0.302603023813991,,,,,,,,,,,,,,,26.2144,102,1127.21354472255,690.078528196884,1038.05613069365,1195.06055155875,1059.36653788634,638.412695725772,741.744360667996,966.125617153336,1109.98664423397,0
359.7312,0.320243631513346,1.13506315649695,0.951539115091567,0.168242853961194,-0.403359122551018,,,,0.214646616968894,,0.178934109226422,,,,,,,,,,,,,,,,,,,,-0.0528057631962686,,,,-0.603162014107833,,0.357649007435653,,,,,,,,,,,,,,,26.3168,103,1146.10533980583,661.929611650485,1059.78155339806,1212.28058252427,1079.93009708738,623.238834951456,700.620388349515,998.601941747573,1120.96116504854,0
359.8336,0.343936234288827,1.17380003722702,0.991898118322249,0.124750371997773,-0.351418900064151,,,,0.25631681967248,,0.159634944922588,,,,,,,,,,,,,,,,,,,,-0.0618681186535229,,,,-0.586424019051483,,0.411690776808992,,,,,,,,,,,,,,,26.4192,102,1144.75294117647,634.172549019608,1076.04901960784,1207.18529411765,1082.32058823529,598.086274509804,670.258823529412,1024.92156862745,1127.17647058824,0
359.936,0.36737771729495,1.20985934424567,1.03032404805076,0.0814772244469956,-0.301056351668929,,,,0.297129196517182,,0.140580345079104,,,,,,,,,,,,,,,,,,,,-0.0705423289825232,,,,-0.56982466821503,,0.464654328576663,,,,,,,,,,,,,,,26.5216,103,910.442233009709,412.405825242718,1113.82038834951,944.620388349515,876.264077669903,413.167961165049,411.643689320388,1099.55339805825,1128.08737864078,0
360.0384,0.390495937173336,1.24308764696949,1.06667045462469,0.0384399071853071,-0.252326331992109,,,,0.337056742849884,,0.121792990201666,,,,,,,,,,,,,,,,,,,,-0.0787636545477499,,,,-0.553388712441454,,0.516471230521058,,,,,,,,,,,,,,,26.624,102,885.388235294118,395.807352941177,1150.79901960784,914.742156862745,856.03431372549,411.069607843137,380.545098039216,1156.92156862745,1144.67647058824,0
360.1408,0.4132199032352,1.27334177032598,1.10079841025822,-0.00434659360981108,-0.205273296186756,,,,0.376079033465225,,0.10329667663496,,,,,,,,,,,,,,,,,,,,-0.0864650008509298,,,,-0.537137217398732,,0.567078642814613,,,,,,,,,,,,,,,26.7264,102,869.47205882353,237.007352941176,1150.96078431373,898.16568627451,840.778431372549,262.98431372549,211.030392156863,1158.06862745098,1143.85294117647,0
360.2432,0.435479597671984,1.30048924000973,1.13257669361112,-0.0468685385555462,-0.159931366768104,,,,0.4141820330608,,0.0851163297585457,,,,,,,,,,,,,,,,,,,,-0.0935772213518003,,,,-0.521087630461126,,0.616419312043906,,,,,,,,,,,,,,,26.8288,103,877.752912621359,234.602427184466,1152.47572815534,917.267961165049,838.23786407767,270.757281553398,198.447572815534,1182.8640776699,1122.08737864078,0
360.3456,0.457205843570543,1.32440870391684,1.16188198808376,-0.089113190751885,-0.116324513616857,,,,0.451357850920242,,0.0672779807143115,,,,,,,,,,,,,,,,,,,,-0.100029489251333,,,,-0.505253862539608,,0.664441543822973,,,,,,,,,,,,,,,26.9312,102,629.916666666667,286.871078431373,1131.14215686275,668.83431372549,590.999019607843,335.207843137255,238.53431372549,1167.13725490196,1095.14705882353,0
360.448,0.478330255350141,1.34499036580007,1.18859913914734,-0.131068570912925,-0.0744668287119628,,,,0.487604445126461,,0.0498087030198519,,,,,,,,,,,,,,,,,,,,-0.105749769125754,,,,-0.489646389730487,,0.711099156211275,,,,,,,,,,,,,,,27.0336,103,389.044174757282,333.464077669903,1111.6213592233,413.532038834951,364.556310679612,393.141747572816,273.78640776699,1142.45631067961,1080.78640776699,0
360.5504,0.498785274758827,1.36213643349413,1.21262147420785,-0.172723177726644,-0.0343628746060266,,,,0.522925263204704,,0.0327365199329041,,,,,,,,,,,,,,,,,,,,-0.110665425435182,,,,-0.474272382775096,,0.756351414620622,,,,,,,,,,,,,,,27.136,102,387.86568627451,342.799019607843,1101.3137254902,408.803921568627,366.927450980392,395.08137254902,290.516666666667,1132.76470588235,1069.86274509804,0
360.6528,0.518504285180372,1.37576155871404,1.23385116525508,-0.214065647426324,0.0039919000420808,,,,0.557328800581559,,0.0160903030502274,,,,,,,,,,,,,,,,,,,,-0.114703994863917,,,,-0.459135873262198,,0.80016295051746,,,,,,,,,,,,,,,27.2384,102,410.071078431373,389.948039215686,1095.76960784314,436.377450980392,383.764705882353,433.644117647059,346.251960784314,1129.62745098039,1061.91176470588,0
360.7552,0.537421801051719,1.38579325437792,1.25219962299131,-0.255084356307271,0.0406106731435451,,,,0.590828081074104,,-0.000100325908251085,,,,,,,,,,,,,,,,,,,,-0.117794110350585,,,,-0.444237961124078,,0.842503666277623,,,,,,,,,,,,,,,27.3408,103,439.997087378641,486.672815533981,1096.90291262136,479.903883495146,400.090291262136,528.656310679612,444.68932038835,1141.17475728155,1052.63106796117,0
360.8576,0.555473731103501,1.3921723018696,1.2675879298882,-0.295767000372143,0.0755146946831333,,,,0.623440094179947,,-0.0158050957485662,,,,,,,,,,,,,,,,,,,,-0.11986651816818,,,,-0.429577060134975,,0.883348627357856,,,,,,,,,,,,,,,27.4432,102,698.021078431373,440.020588235294,1077.51960784314,742.675490196079,653.366666666667,479.638235294118,400.402941176471,1117.92156862745,1037.11764705882,0
360.96,0.572597710847079,1.39485316377532,1.27994731965938,-0.336100196674557,0.108732684767471,,,,0.655185231766536,,-0.030993203440579,,,,,,,,,,,,,,,,,,,,-0.120855111458623,,,,-0.415149173714733,,0.92267794120965,,,,,,,,,,,,,,,27.5456,103,1502.96262135922,373.66359223301,1038.08737864078,1588.63106796117,1417.29417475728,426.344660194175,320.982524271845,1104.17475728155,972,0
361.0624,0.588733498600616,1.39380439120421,1.28921969239129,-0.376069140856897,0.140300206371546,,,,0.686086757157712,,-0.0456334650885268,,,,,,,,,,,,,,,,,,,,-0.120697919233244,,,,-0.400948192121419,,0.96047661744902,,,,,,,,,,,,,,,27.648,102,1498.00294117647,370.95,1053.41176470588,1582.72254901961,1413.28333333333,422.409803921569,319.490196078431,1143.79411764706,963.029411764706,0
361.1648,0.603823431788108,1.38900899305841,1.29535814164525,-0.415657336345273,0.17025903253447,,,,0.716170326098849,,-0.0596945155315731,,,,,,,,,,,,,,,,,,,,-0.11933802217327,,,,-0.386966199057028,,0.996734401585945,,,,,,,,,,,,,,,27.7504,102,1503.59411764706,451.180392156863,1063.55392156863,1587.36960784314,1419.81862745098,506.066666666667,396.294117647059,1152.42156862745,974.686274509804,0
361.2672,0.617812936514192,1.38046473955481,1.29832747081604,-0.454846391329916,0.198656526966334,,,,0.745463560776149,,-0.0731450609683243,,,,,,,,,,,,,,,,,,,,-0.116724395356233,,,,-0.373193774053196,,1.03144558252206,,,,,,,,,,,,,,,27.8528,103,1500.93834951456,489.747572815534,1064.00970873786,1586.0067961165,1415.86990291262,547.777669902913,431.717475728155,1146.77669902913,981.242718446602,0
361.3696,0.630651076056377,1.36818438890503,1.29810468251031,-0.493615869845233,0.225545047171822,,,,0.773995662962248,,-0.0859541727533144,,,,,,,,,,,,,,,,,,,,-0.112812688814789,,,,-0.359620282069631,,1.06460878405198,,,,,,,,,,,,,,,27.9552,102,1494.67647058824,482.179901960784,1074.70588235294,1578.07058823529,1411.28235294118,534.274509803922,430.085294117647,1156.20588235294,993.205882352941,0
361.472,0.642291130255962,1.35219583361483,1.2946794336411,-0.531943192359352,0.250981356582895,,,,0.801797054173094,,-0.098091605856823,,,,,,,,,,,,,,,,,,,,-0.107565949773224,,,,-0.346234147620836,,1.09622675162259,,,,,,,,,,,,,,,28.0576,103,1485.87330097087,481.706796116505,1085.25242718447,1570.29126213592,1401.45533980583,533.128155339806,430.285436893204,1167.60194174757,1002.90291262136,0
361.5744,0.652691209448147,1.33254216484769,1.28805445745467,-0.569803598281678,0.275026019343677,,,,0.828899044246378,,-0.109528134342061,,,,,,,,,,,,,,,,,,,,-0.100955274911168,,,,-0.333023110895834,,1.12630613975517,,,,,,,,,,,,,,,28.16,102,1479.70735294118,480.004411764706,1082.75,1561.40882352941,1398.00588235294,527.86568627451,432.143137254902,1162.60784313725,1002.89215686275,0
361.6768,0.661814896352786,1.30928165883922,1.27824595107267,-0.607170187167416,0.297742771479182,,,,0.855333535400018,,-0.120235903952928,,,,,,,,,,,,,,,,,,,,-0.0929603668859741,,,,-0.319974461450542,,1.15485730129099,,,,,,,,,,,,,,,28.2624,102,1478.55931372549,480.40637254902,1072.40196078431,1558.94705882353,1398.17156862745,536.890196078431,423.922549019608,1147.87254901961,996.93137254902,0
361.7792,0.669631887130422,1.28248768792393,1.26528391246073,-0.644014048817912,0.319197894117083,,,,0.881132760164607,,-0.130188799787014,,,,,,,,,,,,,,,,,,,,-0.0835699646077165,,,,-0.307075244569757,,1.18189408013651,,,,,,,,,,,,,,,28.3648,103,1476.0640776699,480.02572815534,1058.52427184466,1556.88252427184,1395.24563106796,526.140776699029,433.910679611651,1127.95145631068,989.097087378641,0
361.8816,0.676118604686883,1.25224854718885,1.24921240422749,-0.680304483468167,0.339459621768609,,,,0.906329045509478,,-0.139362822630652,,,,,,,,,,,,,,,,,,,,-0.0727821269245202,,,,-0.294312437951142,,1.20743361006487,,,,,,,,,,,,,,,28.4672,102,1476.92254901961,481.509803921569,1048.79411764706,1558.74901960784,1395.09607843137,530.927450980392,432.092156862745,1116.33333333333,981.254901960784,0
361.984,0.681258782018287,1.2186671880264,1.2300897370949,-0.716009295033889,0.35859760443034,,,,0.930954601753536,,-0.14773646714871,,,,,,,,,,,,,,,,,,,,-0.0606043741019271,,,,-0.281673106350324,,1.23149611914062,,,,,,,,,,,,,,,28.5696,103,1477.04951456311,476.350970873786,1039.90776699029,1558.44660194175,1395.65242718447,533.076699029126,419.625242718447,1105.33980582524,974.47572815534,0
362.0864,0.685044015813372,1.18186086002324,1.20798857412769,-0.751095113159454,0.376682422374433,,,,0.955041333517118,,-0.155291085837965,,,,,,,,,,,,,,,,,,,,-0.0470537183387951,,,,-0.269144553200479,,1.25410473534346,,,,,,,,,,,,,,,28.672,102,1554.66029411765,320.84362745098,1027.38725490196,1649.1862745098,1460.13431372549,355.101960784314,286.585294117647,1108.33333333333,946.441176470588,0
362.1888,0.687474256217436,1.14196065102868,1.18299592791351,-0.78552768479598,0.393785130512553,,,,0.978620649395831,,-0.162011199685816,,,,,,,,,,,,,,,,,,,,-0.0321566234325837,,,,-0.256714486035749,,1.27528528855892,,,,,,,,,,,,,,,28.7744,102,1574.45121802335,242.732718710119,1023.06474621244,1689.62617258357,1459.27626346313,268.200634879502,217.264802540735,1103.06417897556,943.065313449323,0
362.2912,0.688558179379064,1.09911089636379,1.15521299843422,-0.819272096811865,0.40997680129654,,,,1.00172323810649,,-0.167884711754123,,,,,,,,,,,,,,,,,,,,-0.0159489106253964,,,,-0.244371195222233,,1.29506610741341,,,,,,,,,,,,,,,28.8768,103,1370.40880250667,278.786623441087,1046.82092821245,1568.17929515419,1172.63830985916,304.34845814978,253.224788732394,1115.74889867841,977.892957746479,0.466019417475728
362.3936,0.688313415003179,1.05346845020766,1.12475482984383,-0.85229294194665,0.425328052765311,,,,1.02437880808122,,-0.172903015107012,,,,,,,,,,,,,,,,,,,,0.00152441530512193,,,,-0.232103727119149,,1.31347781380111,,,,,,,,,,,,,,,28.9792,102,1127.42582283717,315.944468676966,1076.02614630514,1419.36615271659,835.485492957747,333.939500734214,297.949436619718,1132.00440528634,1020.04788732394,1
362.496,0.686766629026738,1.00520185195966,1.09174980800374,-0.884554475430304,0.439908565708645,,,,1.04661582143346,,-0.177061023121083,,,,,,,,,,,,,,,,,,,,0.0202094660355456,,,,-0.219902028252373,,1.33055311948359,,,,,,,,,,,,,,,29.0816,103,884.44284316767,353.102313912846,1105.23136439784,1270.553010279,498.332676056338,363.530543318649,342.674084507042,1148.25991189427,1062.20281690141,1
362.5984,0.68395346668319,0.954490420647803,1.05633902398758,-0.916020798983945,0.45378658877279,,,,1.06846124789513,,-0.180357146879162,,,,,,,,,,,,,,,,,,,,0.0400439195083571,,,,-0.207757048446836,,1.34632662628944,,,,,,,,,,,,,,,29.184,102,657.044391252934,400.565026588659,1129.78020303735,1121.73986784141,192.348914664457,393.121585903084,408.008467274234,1164.5154185022,1095.04498757249,1
362.7008,0.679918374227774,0.901523294606914,1.0186755262808,-0.946656081690498,0.467028427009012,,,,1.08994034074604,,-0.1827932238794,,,,,,,,,,,,,,,,,,,,0.0609576114569201,,,,-0.195660804767512,,1.36083462842897,,,,,,,,,,,,,,,29.2864,102,537.538576487864,427.489042929947,1144.68895223288,973.652643171806,101.424509803922,422.568281938326,432.409803921569,1180.69162995595,1108.6862745098,1
362.8032,0.67471433541796,0.846498435701364,0.978923496772889,-0.976424814105249,0.479697930479036,,,,1.11107643598109,,-0.18437439913041,,,,,,,,,,,,,,,,,,,,0.0828732487628623,,,,-0.183606413015627,,1.37411491552136,,,,,,,,,,,,,,,29.3888,103,460.739653279729,428.976749640021,1155.09007313631,824.839500734215,96.6398058252427,452.159324522761,405.794174757282,1196.94713656388,1113.23300970874,0.262135922330097
362.9056,0.668402537633401,0.789621601386893,0.937257361925542,-1.00529208393051,0.491856014860991,,,,1.13189078450677,,-0.185108961968079,,,,,,,,,,,,,,,,,,,,0.10570722133178,,,,-0.171588092336988,,1.38620657639908,,,,,,,,,,,,,,,29.4912,102,1048.255150298,439.510745443552,1124.55109268377,1136.98186922346,959.528431372549,469.761686965535,409.259803921569,1177.24924419107,1071.85294117647,0
363.008,0.661051941363047,0.731105250207918,0.893860800041047,-1.0332238512647,0.503560223733863,,,,1.15240241809307,,-0.185008135070139,,,,,,,,,,,,,,,,,,,,0.129370477894292,,,,-0.159601148181336,,1.39714980534482,,,,,,,,,,,,,,,29.5936,103,1392.25582524272,473.916019417476,1108.3786407767,1469.27281553398,1315.23883495146,496.280582524272,451.55145631068,1183.43689320388,1033.32038834951,0
363.1104,0.652738730412946,0.671167343386771,0.848925605843735,-1.06018720211498,0.514864308876231,,,,1.17262804008635,,-0.184085809677544,,,,,,,,,,,,,,,,,,,,0.153769419826441,,,,-0.147641938940246,,1.40698571395156,,,,,,,,,,,,,,,29.696,102,1391.90980392157,469.14068627451,1115.72549019608,1465.47647058824,1318.3431372549,499.147058823529,439.13431372549,1190.29411764706,1041.1568627451,0
363.2128,0.643545659387318,0.610030040966351,0.802650421578897,-1.08615057238353,0.525817801580666,,,,1.1925819400189,,-0.182358230108458,,,,,,,,,,,,,,,,,,,,0.178806775677275,,,,-0.135707829554326,,1.41575615181107,,,,,,,,,,,,,,,29.7984,102,1462.30735294118,521.269117647059,1113.60784313725,1539.46666666667,1385.14803921569,550.689215686275,491.849019607843,1190.35294117647,1036.86274509804,0
363.3152,0.633561326351469,0.547918319863637,0.755239370036845,-1.11108394194593,0.536465572301166,,,,1.2122759394071,,-0.179843642255542,,,,,,,,,,,,,,,,,,,,0.204382446931128,,,,-0.12379713493822,,1.42350353701908,,,,,,,,,,,,,,,29.9008,103,1462.77038834951,524.671844660194,1109.03883495146,1540.32427184466,1385.21650485437,555.893203883495,493.450485436893,1185.71844660194,1032.35922330097,0
363.4176,0.622879368957936,0.485058547569532,0.706900610841086,-1.13495899133042,0.546847400708647,,,,1.23171937018903,,-0.176561927626387,,,,,,,,,,,,,,,,,,,,0.230394335466499,,,,-0.111909059334545,,1.43027069515223,,,,,,,,,,,,,,,30.0032,102,1467.31617647059,522.296568627451,1101.69607843137,1547.58725490196,1387.04509803922,554.856862745098,489.736274509804,1177.45098039216,1025.94117647059,0
363.52,0.61159754365716,0.421677033345345,0.657844809563069,-1.15774920842332,0.556997584110722,,,,1.25091907593702,,-0.172534240071037,,,,,,,,,,,,,,,,,,,,0.25673916135237,,,,-0.100043637894512,,1.43610070540216,,,,,,,,,,,,,,,30.1056,103,1468.72766990291,519.027184466019,1097.15533980583,1551.43203883495,1386.02330097087,556.290291262136,481.764077669903,1173.32038834951,1020.99029126214,0
363.6224,0.599816633430427,0.357998554756706,0.608283484521076,-1.17942994148965,0.566944595615963,,,,1.26987941701953,,-0.167782645457844,,,,,,,,,,,,,,,,,,,,0.283313271650602,,,,-0.0882016811303747,,1.44103675366411,,,,,,,,,,,,,,,30.208,102,1469.12352941176,519.332843137255,1099.71568627451,1552.05588235294,1386.19117647059,557.842156862745,480.823529411765,1173.58823529412,1025.8431372549,0
363.7248,0.587639163842605,0.294244846467144,0.55842721009827,-1.19997840758203,0.576710783374725,,,,1.28860225941194,,-0.162329751234868,,,,,,,,,,,,,,,,,,,,0.310013438809001,,,,-0.076384718707923,,1.44512199145596,,,,,,,,,,,,,,,30.3104,102,1470.42450980392,519.256862745098,1105.97549019608,1554.73725490196,1386.11176470588,565.855882352941,472.657843137255,1183.26470588235,1028.6862745098,0
363.8272,0.575167969107822,0.230633061126001,0.508483708868446,-1.21937367124407,0.586312106706637,,,,1.30708693666916,,-0.156198318203184,,,,,,,,,,,,,,,,,,,,0.336737645454172,,,,-0.0645949400243126,,1.44839939773605,,,,,,,,,,,,,,,30.4128,103,1469.03737864078,509.472330097087,1113.8640776699,1554.42718446602,1383.64757281553,556.910679611651,462.033980582524,1188.82524271845,1038.90291262136,0
363.9296,0.562504691784302,0.167374253961197,0.458655918457803,-1.23759660915224,0.595757931266646,,,,1.32533019030954,,-0.149410864240402,,,,,,,,,,,,,,,,,,,,0.363385848125458,,,,-0.052835131209885,,1.45091164179431,,,,,,,,,,,,,,,30.5152,102,1467.56029411765,507.470098039216,1133.28431372549,1555.0568627451,1380.0637254902,554.716666666667,460.223529411765,1211.63725490196,1054.93137254902,0
364.032,0.549748318465284,0.104671969698821,0.409140148591032,-1.25462987600528,0.605050920407262,,,,1.34332610578828,,-0.14198928309609,,,,,,,,,,,,,,,,,,,,0.389860707951287,,,,-0.0411086088340623,,1.45270094818289,,,,,,,,,,,,,,,30.6176,103,1464.29223300971,502.499029126214,1136.85922330097,1553.16699029126,1375.41747572816,550.038834951456,454.959223300971,1212.70873786408,1061.00970873786,0
364.1344,0.536993856347732,0.0427210028787452,0.360124440308796,-1.27045788242321,0.614187045846653,,,,1.36106606368037,,-0.133954503219532,,,,,,,,,,,,,,,,,,,,0.416068267436883,,,,-0.0294191512049703,,1.45380896499047,,,,,,,,,,,,,,,30.72,102,1465.9887254902,505.505882352941,1140.92647058824,1554.65294117647,1377.32450980392,550.65,460.361764705882,1219.51960784314,1062.33333333333,0
364.2368,0.5243312158125,-0.0182936356790647,0.311787189345762,-1.28506678272389,0.623155710447072,,,,1.37853871728329,,-0.125326203532334,,,,,,,,,,,,,,,,,,,,0.44191854104016,,,,-0.0177709313271436,,1.45427663602466,,,,,,,,,,,,,,,30.8224,102,1468.20980392157,509.617647058824,1139.40196078431,1557.89019607843,1378.52941176471,553.869607843137,465.36568627451,1215.30392156863,1063.5,0
364.3392,0.511844297654508,-0.0781975577635062,0.264296025188037,-1.29844445727707,0.631939955111758,,,,1.39572999531055,,-0.116122591007093,,,,,,,,,,,,,,,,,,,,0.467325991053547,,,,-0.00616845882993849,,1.45414407867349,,,,,,,,,,,,,,,30.9248,103,1472.3645631068,519.141747572816,1133.32524271845,1561.46504854369,1383.2640776699,564.468932038835,473.814563106796,1208.30097087379,1058.34951456311,0
364.4416,0.499610256776797,-0.13682767060586,0.217806909412998,-1.31058047799743,0.640516727023849,,,,1.41262312993326,,-0.106360234645322,,,,,,,,,,,,,,,,,,,,0.492209891892565,,,,0.00538346577703945,,1.45345046972619,,,,,,,,,,,,,,,31.0272,102,1472.49166666667,514.521078431373,1130.99019607843,1561.29607843137,1383.68725490196,560.014705882353,469.027450980392,1205.54901960784,1056.43137254902,0
364.544,0.487698935288758,-0.1940327001125,0.172463438023937,-1.32146606788639,0.648857201752764,,,,1.42919872753226,,-0.096053945928177,,,,,,,,,,,,,,,,,,,,0.516494623371348,,,,0.0168797923163359,,1.45223393930116,,,,,,,,,,,,,,,31.1296,103,1471.78786407767,514.411650485437,1138.73300970874,1557.64368932039,1385.93203883495,557.950485436893,470.872815533981,1213.87378640777,1063.59223300971,0
364.6464,0.476172470744421,-0.249673574053335,0.128396344977622,-1.33109408178115,0.656927153917652,,,,1.44543490321421,,-0.0852167000179876,,,,,,,,,,,,,,,,,,,,0.540109936526171,,,,0.0283152723895419,,1.45053147182348,,,,,,,,,,,,,,,31.232,102,1473.78529411765,513.526960784314,1153.66666666667,1559.25490196078,1388.31568627451,554.403921568628,472.65,1226.54901960784,1080.78431372549,0
364.7488,0.465085073447267,-0.303623681366921,0.0857231924214722,-1.33945902734612,0.664687369871514,,,,1.46130748157256,,-0.0738596024894539,,,,,,,,,,,,,,,,,,,,0.562991200958721,,,,0.0396845297429755,,1.4483788140941,,,,,,,,,,,,,,,31.3344,102,1504.95784313726,558.019117647059,1167.54901960784,1591.81470588235,1418.10098039216,598.183333333333,517.854901960784,1242.94117647059,1092.1568627451,0
364.8512,0.454482962397941,-0.355769016764756,0.0445482351033221,-1.34655712699285,0.672094105250408,,,,1.47679024766208,,-0.0619919123951467,,,,,,,,,,,,,,,,,,,,0.585079611183683,,,,0.0509821456545347,,1.44581039077024,,,,,,,,,,,,,,,31.4368,103,1598.93009708738,710.749029126214,1164.49029126214,1684.07087378641,1513.78932038835,738.912621359223,682.585436893204,1238.82524271845,1090.15533980583,0
364.9536,0.4444044555584,-0.406008203693979,0.00496246088963451,-1.35238641161149,0.679099595242664,,,,1.49185521911549,,-0.0496211265251262,,,,,,,,,,,,,,,,,,,,0.606322324752383,,,,0.0622027504311388,,1.44285922722714,,,,,,,,,,,,,,,31.5392,102,1599.4752301595,713.92221072473,1160.51974933134,1682.40760475423,1516.54285556476,744.907205210851,682.937216238608,1242.1330915928,1078.90640706987,0
365.056,0.434880204777127,-0.454252391441001,-0.0329561957725677,-1.35694683256286,0.68565261325037,,,,1.50647290340334,,-0.0367531185183598,,,,,,,,,,,,,,,,,,,,0.626672515911985,,,,0.0733411149961234,,1.43955688204752,,,,,,,,,,,,,,,31.6416,102,1454.48603101486,730.276895137951,1168.23154543701,1520.58304794521,1388.38901408451,764.27294520548,696.280845070423,1250.2602739726,1086.20281690141,0.0490196078431373
365.1584,0.425933554085309,-0.500425037726264,-0.0691424881398164,-1.36024037258683,0.691699059436396,,,,1.52061251879916,,-0.0233923200096036,,,,,,,,,,,,,,,,,,,,0.64608934171341,,,,0.084392236635133,,1.43593339376939,,,,,,,,,,,,,,,31.744,103,1180.49189272622,758.173289600617,1190.47580551804,1208.83561643836,1152.14816901408,796.216438356164,720.130140845071,1269.91780821918,1111.0338028169,1
365.2608,0.417580993603572,-0.544461601462308,-0.103543372735306,-1.36227113458751,0.697182559504511,,,,1.53424218290819,,-0.00954192821645754,,,,,,,,,,,,,,,,,,,,0.66453782619459,,,,0.0953514122574532,,1.43201724403476,,,,,,,,,,,,,,,31.8464,102,908.342068498825,780.986931578728,1204.60564174734,900.776813053989,915.907323943662,817.994426537738,743.979436619718,1273.34649476229,1135.86478873239,0.450980392156863
365.3632,0.409832672816957,-0.586309182681638,-0.136117453154431,-1.36304539819733,0.702045059733363,,,,1.54732908329393,,0.00479587695137243,,,,,,,,,,,,,,,,,,,,0.681988679344825,,,,0.10621429913073,,1.42783533470347,,,,,,,,,,,,,,,31.9488,103,751.784664296458,726.954615069055,1094.9377136606,784.804854368932,718.764474223985,693.984466019418,759.924764118693,1038.29126213592,1151.58416518529,0
365.4656,0.4026929348092,-0.625926143627995,-0.166834398413822,-1.36257165525055,0.706227408416266,,,,1.55983964556986,,0.0196197170093213,,,,,,,,,,,,,,,,,,,,0.698418088993543,,,,0.116976970847954,,1.42341297549462,,,,,,,,,,,,,,,32.0512,102,660.507843137255,715.731862745098,1057.42156862745,704.6,616.41568627451,670.250980392157,761.212745098039,989.549019607843,1125.29411764706,0
365.568,0.396160854276909,-0.663281715772439,-0.195674349619168,-1.36086064938067,0.709669918310306,,,,1.57173971371357,,0.0349287982379779,,,,,,,,,,,,,,,,,,,,0.713807529790723,,,,0.127635977628463,,1.41877388056742,,,,,,,,,,,,,,,32.1536,102,351.184803921569,872.736274509804,1196.31862745098,423.270588235294,279.099019607843,929.706862745098,815.76568627451,1289.8431372549,1102.79411764706,0
365.6704,0.390230786407012,-0.698355570618717,-0.222627295877453,-1.35792543698738,0.712312911809362,,,,1.58299474613795,,0.0507226871427963,,,,,,,,,,,,,,,,,,,,0.728143599128888,,,,0.138188417762418,,1.41394017377258,,,,,,,,,,,,,,,32.256,103,351.502912621359,880.600485436893,1187.21359223301,422.865048543689,280.140776699029,937.856310679612,823.344660194175,1282.73786407767,1091.68932038835,0
365.7728,0.384892932446045,-0.731137332732292,-0.247692401532894,-1.35378146298971,0.714097256478386,,,,1.5935700133573,,0.0670010802145118,,,,,,,,,,,,,,,,,,,,0.741417843990904,,,,0.148632023067418,,1.40893240275407,,,,,,,,,,,,,,,32.3584,102,348.741666666667,877.09705882353,1186.92647058824,418.575490196078,278.907843137255,941.163725490196,813.030392156863,1286.92156862745,1086.93137254902,0
365.8752,0.38013391452263,-0.76162602669085,-0.270877283809563,-1.34844662483816,0.714964900202116,,,,1.60343077850544,,0.0837635809927931,,,,,,,,,,,,,,,,,,,,0.753626530339615,,,,0.158965254651186,,1.40376956249688,,,,,,,,,,,,,,,32.4608,103,552.641747572816,704.278155339806,1113.38349514563,591.350485436893,513.933009708738,723.841747572816,684.714563106796,1131.10679611651,1095.66019417476,0
365.9776,0.375937347481316,-0.789829459669897,-0.292197249561619,-1.3419412957321,0.714859413574405,,,,1.61254245184836,,0.101009496762635,,,,,,,,,,,,,,,,,,,,0.764770331975315,,,,0.169187399422816,,1.39846912929175,,,,,,,,,,,,,,,32.5632,102,878.34068627451,516.183823529412,1053.63725490196,889.736274509804,866.945098039216,501.741176470588,530.626470588235,1022.54901960784,1084.72549019608,0
366.08,0.37228439193669,-0.815763554281142,-0.311674510593137,-1.33428829323502,0.713726539580003,,,,1.62087071894606,,0.118737657883953,,,,,,,,,,,,,,,,,,,,0.774853951973616,,,,0.179298657986019,,1.39304710616174,,,,,,,,,,,,,,,32.6656,102,881.287745098039,515.363235294118,1058.00980392157,898.656862745098,863.91862745098,504.248039215686,526.478431372549,1032.88235294118,1083.13725490196,0
366.1824,0.369154270018257,-0.839451661195009,-0.329337408604328,-1.32551280401642,0.711514738183789,,,,1.62838164524081,,0.136946252895165,,,,,,,,,,,,,,,,,,,,0.783885715030621,,,,0.189300220758337,,1.38751808025971,,,,,,,,,,,,,,,32.768,103,878.674757281553,523.537378640777,1064.68446601942,891.739805825243,865.609708737864,519.005825242719,528.068932038835,1039.68932038835,1089.67961165049,0
366.2848,0.366524734757857,-0.860923884489998,-0.345219677228248,-1.31564229316933,0.708175708619004,,,,1.63504176059792,,0.155632668869029,,,,,,,,,,,,,,,,,,,,0.791877171500147,,,,0.199194335388947,,1.38189529154197,,,,,,,,,,,,,,,32.8704,102,1116.71666666667,566.477941176471,1056.52450980392,1163.64215686275,1069.79117647059,564.707843137255,568.248039215686,1031.48039215686,1081.56862745098,0
366.3872,0.364372496506713,-0.880216440345041,-0.35935975275495,-1.30470642338971,0.703664878114403,,,,1.64081812368222,,0.174793332116795,,,,,,,,,,,,,,,,,,,,0.798842730483707,,,,0.208984369059864,,1.37619071084375,,,,,,,,,,,,,,,32.9728,103,1632.05,714.080582524272,1061.08737864078,1716.83786407767,1547.26213592233,740.595145631068,687.566019417476,1108.49514563107,1013.67961165049,0
366.4896,0.36267360772374,-0.897371053075516,-0.371800135370441,-1.2927369895623,0.69794185065948,,,,1.64567836172619,,0.194423551400346,,,,,,,,,,,,,,,,,,,,0.8047993068505,,,,0.21867486493342,,1.37041512565774,,,,,,,,,,,,,,,33.0752,102,1632.65245098039,717.964705882353,1073.12254901961,1719.15098039216,1546.15392156863,755.196078431373,680.733333333333,1148.55882352941,997.686274509804,0
366.592,0.361403794193844,-0.91243438541541,-0.382586806231216,-1.2797678529813,0.690970810780552,,,,1.64959068157277,,0.21451736738989,,,,,,,,,,,,,,,,,,,,0.809765949461432,,,,0.228271589018494,,1.36457823294137,,,,,,,,,,,,,,,33.1776,102,1630.38823529412,711.404411764706,1080.04901960784,1715.56176470588,1545.21470588235,747.877450980392,674.93137254902,1154.46078431373,1005.63725490196,0
366.6944,0.360538713479642,-0.925457502728438,-0.391768712023448,-1.26583484768635,0.682720881912053,,,,1.65252384840235,,0.235067412651722,,,,,,,,,,,,,,,,,,,,0.813763420945126,,,,0.237781564145724,,1.35868873731626,,,,,,,,,,,,,,,33.28,103,1631.99514563107,714.244174757282,1082.31067961165,1716.84660194175,1547.14368932039,755.117475728155,673.370873786408,1155.99029126214,1008.63106796117,0
366.7968,0.360054127974237,-0.936495378498399,-0.399397329691747,-1.25097563792555,0.673166440828545,,,,1.65444712654259,,0.256064787124505,,,,,,,,,,,,,,,,,,,,0.81681371520202,,,,0.247213089697515,,1.35275445015425,,,,,,,,,,,,,,,33.3824,102,1485.83823529412,706.796078431373,1084.73039215686,1571.03431372549,1400.64215686275,735.273529411765,678.318627450981,1142.58823529412,1026.87254901961,0
366.8992,0.359925997651321,-0.945606454271868,-0.405526316936141,-1.23522952894974,0.662287383381796,,,,1.65533018593735,,0.277498949698728,,,,,,,,,,,,,,,,,,,,0.81893952559749,,,,0.256575749733935,,1.3467823829181,,,,,,,,,,,,,,,33.4848,103,1420.8427184466,698.010194174757,1097.55825242718,1505.54368932039,1336.14174757282,724.181553398058,671.838834951456,1144.02912621359,1051.08737864078,0
367.0016,0.360130522419002,-0.952852256993108,-0.410211231952961,-1.21863725288423,0.650069337911311,,,,1.65514300772465,,0.299357622943031,,,,,,,,,,,,,,,,,,,,0.820163713036779,,,,0.265880412524236,,1.34077882574678,,,,,,,,,,,,,,,33.5872,102,1470.78039215686,705.599509803922,1098.4068627451,1555.49019607843,1386.07058823529,731.246078431373,679.952941176471,1150.91176470588,1045.90196078431,0
367.104,0.360644182901777,-0.958297051268624,-0.413509277340402,-1.20124075204067,0.636503839430022,,,,1.65385584880263,,0.321626712984023,,,,,,,,,,,,,,,,,,,,0.820508842511397,,,,0.275139212145565,,1.334749400422,,,,,,,,,,,,,,,33.6896,102,1603.41029411765,741.296568627451,1084.94607843137,1688.23039215686,1518.59019607843,775.114705882353,707.478431372549,1163.25490196078,1006.63725490196,0
367.2064,0.361443824749139,-0.96200748607869,-0.415479013425887,-1.18308297360879,0.621588486814147,,,,1.65143931431465,,0.344290249522856,,,,,,,,,,,,,,,,,,,,0.819996828725789,,,,0.28436548925985,,1.32869908674647,,,,,,,,,,,,,,,33.792,103,1605.54417475728,735.084951456311,1074.16990291262,1692.92718446602,1518.16116504854,776.426213592233,693.743689320388,1157.44660194175,990.893203883495,0
367.3088,0.362506800850513,-0.964052204312526,-0.416180011133192,-1.16420768232321,0.60532709132469,,,,1.64786453973125,,0.367330345505698,,,,,,,,,,,,,,,,,,,,0.818648675532581,,,,0.2935736747767,,1.32263224355671,,,,,,,,,,,,,,,33.8944,102,1525.87990196078,821.335784313726,1091.25,1616.52843137255,1435.23137254902,853.08137254902,789.590196078432,1163.30392156863,1019.19607843137,0
367.4112,0.363811145106623,-0.964501416312927,-0.415672461455915,-1.14465928749608,0.58772980951433,,,,1.64310344016053,,0.390727173693398,,,,,,,,,,,,,,,,,,,,0.816484264990536,,,,0.302779121876614,,1.31655265219256,,,,,,,,,,,,,,,33.9968,103,1455.21067961165,902.395145631068,1109.82038834951,1552.85145631068,1357.56990291262,922.596116504854,882.194174757282,1168.76699029126,1050.87378640777,0
367.5136,0.365335732295588,-0.96342646888363,-0.414016790508807,-1.12448267571321,0.568813251137146,,,,1.63712898034364,,0.414458959263022,,,,,,,,,,,,,,,,,,,,0.81352216936569,,,,0.311997905854624,,1.3104635893532,,,,,,,,,,,,,,,34.0992,102,1458.36764705882,906.164215686274,1116.59803921569,1555.21470588235,1361.52058823529,929.590196078431,882.738235294118,1178.55882352941,1054.63725490196,0
367.616,0.367060391883095,-0.960899447944911,-0.411273325375475,-1.10372305182722,0.548600550872293,,,,1.62991544550783,,0.438501984524616,,,,,,,,,,,,,,,,,,,,0.809779492525227,,,,0.321246610030832,,1.30436791706725,,,,,,,,,,,,,,,34.2016,102,1459.97009803922,896.40931372549,1115.47549019608,1553.74803921569,1366.19215686275,921.799019607843,871.019607843137,1177.33333333333,1053.61764705882,0
367.7184,0.368965971392647,-0.956992836611121,-0.407502027918625,-1.08242580435489,0.527121392634133,,,,1.62143871510523,,0.462830598506373,,,,,,,,,,,,,,,,,,,,0.80527176281664,,,,0.330542109907232,,1.29826817761464,,,,,,,,,,,,,,,34.304,103,1490.59757281553,850.766019417476,1103.94660194175,1582.79029126214,1398.40485436893,879.946601941748,821.585436893204,1167.96116504854,1039.93203883495,0
367.8208,0.371034368350156,-0.951779220077545,-0.402762279087084,-1.06063641008393,0.504411986235621,,,,1.61167654551926,,0.487417229378398,,,,,,,,,,,,,,,,,,,,0.800012894804213,,,,0.339901364718526,,1.29216668766937,,,,,,,,,,,,,,,34.4064,102,1604.43382352941,713.333823529412,1079.28921568627,1691.09509803922,1517.77254901961,758.214705882353,668.452941176471,1159.05882352941,999.519607843137,0
367.9232,0.373248557357996,-0.945331001106664,-0.397112673269856,-1.03840038129253,0.480515008132431,,,,1.60060886536529,,0.512232406229879,,,,,,,,,,,,,,,,,,,,0.794015228487905,,,,0.349341222264283,,1.28606562955563,,,,,,,,,,,,,,,34.5088,103,1603.66941747573,708.635922330097,1066.46601941748,1687.48446601942,1519.85436893204,754.274757281554,662.997087378641,1152.4854368932,980.446601941748,0
368.0256,0.375592631104481,-0.937720083953475,-0.390610783084182,-1.01576324719621,0.45547951834944,,,,1.58821808418283,,0.537244796858296,,,,,,,,,,,,,,,,,,,,0.787289646310969,,,,0.358878236559901,,1.27996713943579,,,,,,,,,,,,,,,34.6112,102,1603.63088235294,709.915196078431,1055.04411764706,1687.53333333333,1519.72843137255,755.461764705882,664.36862745098,1146.87254901961,963.21568627451,0
368.128,0.378051860279209,-0.92901750696081,-0.383312878399872,-0.992770551187705,0.429360854085102,,,,1.57448940486275,,0.56242126133041,,,,,,,,,,,,,,,,,,,,0.779845750585509,,,,0.368528493404963,,1.27387339327027,,,,,,,,,,,,,,,34.7136,102,1588.61042952897,704.520887816191,1043.93801469636,1669.42965978754,1507.79119927041,745.435186485095,663.606589147287,1130.09148766905,957.784541723666,0
368.2304,0.380612761287543,-0.91929304075999,-0.375273617706966,-0.969467839973043,0.402220484719436,,,,1.55941111450755,,0.587726919358276,,,,,,,,,,,,,,,,,,,,0.771692069639565,,,,0.378307440068152,,1.26778669176263,,,,,,,,,,,,,,,34.816,103,1424.49485825116,679.054978631293,1047.33017890511,1494.82124105012,1354.1684754522,722.398329355609,635.711627906977,1113.4200477327,981.240310077519,0.456310679611651
368.3328,0.383263149284737,-0.908614792839392,-0.366545752781351,-0.945900627950363,0.374125804522308,,,,1.54297483080458,,0.613125235483501,,,,,,,,,,,,,,,,,,,,0.762836276020297,,,,0.388229719375554,,1.26170954521251,,,,,,,,,,,,,,,34.9184,102,1223.94794730902,650.150228950436,1053.71236887384,1287.81527446301,1160.08062015504,699.867899761337,600.432558139535,1096.78520286396,1010.63953488372,1
368.4352,0.385992152545857,-0.897048860650721,-0.357179889466722,-0.922114337772275,0.345149838239822,,,,1.52517570633078,,0.638578132137587,,,,,,,,,,,,,,,,,,,,0.753285429829758,,,,0.398309011113866,,1.25564475868506,,,,,,,,,,,,,,,35.0208,103,1023.40103636689,621.245479269579,1060.09455884257,1080.8093078759,965.992764857881,677.337470167065,565.153488372093,1080.15035799523,1040.03875968992,0.669902912621359
368.5376,0.388790167556816,-0.884659065329228,-0.347224338607637,-0.898154229360983,0.315370834733294,,,,1.50601261149073,,0.664046140925687,,,,,,,,,,,,,,,,,,,,0.743046267001879,,,,0.408557883431297,,1.24959551782945,,,,,,,,,,,,,,,35.1232,102,846.577141341819,594.065675745238,1062.68051850812,887.373236932004,805.781045751634,655.854880902242,532.276470588235,1062.61593897702,1062.74509803922,0
368.64,0.391648749389322,-0.871506780719005,-0.336725070247815,-0.874065328258526,0.284871735165397,,,,1.48548831461361,,0.689488592722462,,,,,,,,,,,,,,,,,,,,0.732125533689817,,,,0.418987657755613,,1.24356547501805,,,,,,,,,,,,,,,35.2256,102,819.452450980392,588.89362745098,1052.35784313725,848.838235294118,790.066666666667,650.714705882353,527.072549019608,1053.6568627451,1051.05882352941,0
368.7424,0.394560462559554,-0.857650848147727,-0.325725749180085,-0.849892355459543,0.253739528385735,,,,1.46360967235067,,0.714863834049496,,,,,,,,,,,,,,,,,,,,0.720530346061693,,,,0.429608292294086,,1.23755883333824,,,,,,,,,,,,,,,35.328,103,859.269417475728,553.978640776699,1036.92718446602,885.361165048544,833.177669902913,587.68932038835,520.267961165049,1024.68932038835,1049.16504854369,0
368.8448,0.3975187372213,-0.843147547178525,-0.314267804369954,-0.825679647962833,0.22206452328406,,,,1.4403878399182,,0.740129459046973,,,,,,,,,,,,,,,,,,,,0.70826854306151,,,,0.440428284391114,,1.23158042363108,,,,,,,,,,,,,,,35.4304,102,873.48431372549,529.433823529412,1039.25980392157,897.366666666667,849.601960784314,544.389215686275,514.478431372549,1024.61764705882,1053.90196078431,0
368.9472,0.400517764634933,-0.828050591454331,-0.302390490775994,-0.801471050681823,0.189939563541055,,,,1.41583850044084,,0.765242561316819,,,,,,,,,,,,,,,,,,,,0.695349007109356,,,,0.451454584494148,,1.22563576922533,,,,,,,,,,,,,,,35.5328,103,875.315533980583,524.704854368932,1054.44174757282,894.35145631068,856.279611650485,539.347572815534,510.06213592233,1039.95145631068,1068.93203883495,0
369.0496,0.403552435038577,-0.81241114104701,-0.290130935933242,-0.777309766539014,0.157459199995334,,,,1.38998209662338,,0.79016001434123,,,,,,,,,,,,,,,,,,,,0.681781950458937,,,,0.462692515417716,,1.21973113553568,,,,,,,,,,,,,,,35.6352,102,822.472549019608,349.186764705882,1076.00980392157,848.26568627451,796.679411764706,352.421568627451,345.951960784314,1066.24509803922,1085.77450980392,0
369.152,0.406618292428343,-0.796277846490429,-0.277524197128491,-0.753238172377257,0.124718834757163,,,,1.36284403788635,,0.814838775716158,,,,,,,,,,,,,,,,,,,,0.667579182626429,,,,0.474145698630107,,1.21387356556176,,,,,,,,,,,,,,,35.7376,102,784.983333333333,246.135784313725,1075.76470588235,814.355882352941,755.610784313726,247.209803921569,245.061764705882,1062.86274509804,1088.66666666667,0
369.2544,0.409711474681036,-0.779696935911582,-0.26460335624856,-0.729297632058439,0.0918138612816602,,,,1.3344548652315,,0.83923619510534,,,,,,,,,,,,,,,,,,,,0.652754380974251,,,,0.48581599584838,,1.20807090281689,,,,,,,,,,,,,,,35.84,103,799.830097087379,242.261650485437,1058.35436893204,831.000970873786,768.659223300971,242.62427184466,241.899029126214,1042.45631067961,1074.25242718447,0
369.3568,0.412828621701374,-0.762712331308733,-0.251399653736983,-0.70552834387588,0.0588388319952785,,,,1.30485037662468,,0.863310303163098,,,,,,,,,,,,,,,,,,,,0.637323386600152,,,,0.497703475916905,,1.2023317995832,,,,,,,,,,,,,,,35.9424,102,816.671568627451,234.871078431373,1034.4362745098,851.536274509804,781.806862745098,218.242156862745,251.5,1007.1568627451,1061.71568627451,0
369.4592,0.415966747873303,-0.745365761428403,-0.237942642345413,-0.681969241669322,0.0258866746072324,,,,1.27407172199617,,0.887020065483121,,,,,,,,,,,,,,,,,,,,0.621304536021324,,,,0.50980641387133,,1.19666570568418,,,,,,,,,,,,,,,36.0448,103,829.666504854369,213.019902912621,1012.14077669903,866.965048543689,792.367961165049,175.945631067961,250.094174757282,967.78640776699,1056.49514563107,0
369.5616,0.419123082465858,-0.727696841248063,-0.224260338508818,-0.658657949162469,-0.00695203580712465,,,,1.24216546465232,,0.91032559284521,,,,,,,,,,,,,,,,,,,,0.604719014196649,,,,0.522121323484171,,1.19108283433518,,,,,,,,,,,,,,,36.1472,102,836.021078431373,217.319607843137,1020.22058823529,870.36568627451,801.676470588235,169.601960784314,265.037254901961,970.588235294118,1069.85294117647,0
369.664,0.422294888769566,-0.709743108711634,-0.210379358476479,-0.635630777518969,-0.0395897379225836,,,,1.2091835949063,,0.933188309297812,,,,,,,,,,,,,,,,,,,,0.587591184353886,,,,0.534643018696591,,1.18559410612462,,,,,,,,,,,,,,,36.2496,102,839.585294117647,217.75931372549,1039.50490196078,863.650980392157,815.519607843137,166.777450980392,268.741176470588,983.019607843137,1095.99019607843,0
369.7664,0.425479274016759,-0.691540032171091,-0.196325040685485,-0.612922749509116,-0.0719424570482477,,,,1.17518348228825,,0.955571093822824,,,,,,,,,,,,,,,,,,,,0.569948834127652,,,,0.547364693566595,,1.18021107786219,,,,,,,,,,,,,,,36.352,103,848.215533980583,211.234466019417,1058.07281553398,868.087378640777,828.343689320388,146.257281553398,276.211650485437,990.718446601942,1125.42718446602,0
369.8688,0.428672990033699,-0.673121014203253,-0.182121571453087,-0.59056762658005,-0.10393027740097,,,,1.14022775497632,,0.977438419431665,,,,,,,,,,,,,,,,,,,,0.551823295075459,,,,0.560278006717705,,1.17494586721182,,,,,,,,,,,,,,,36.4544,102,871.437745098039,254.963725490196,1092.99019607843,890.501960784314,852.373529411765,219.739215686275,290.188235294118,1042.82352941176,1143.1568627451,0
369.9712,0.431872216867326,-0.654517416282802,-0.167792135036276,-0.568597918196337,-0.135477726818451,,,,1.10438410074747,,0.998756505799459,,,,,,,,,,,,,,,,,,,,0.533249430811454,,,,0.573373158800535,,1.16981108499908,,,,,,,,,,,,,,,36.5568,103,934.327669902913,285.888349514563,1132.82038834951,973.017475728155,895.63786407767,280.096116504854,291.680582524272,1110.85436893204,1154.78640776699,0
370.0736,0.435072342004983,-0.63575860993754,-0.153359083998354,-0.547044876315819,-0.16651409430914,,,,1.06772500865571,,1.01949347823198,,,,,,,,,,,,,,,,,,,,0.514265517538269,,,,0.586638960088872,,1.16481978454921,,,,,,,,,,,,,,,36.6592,102,911.486274509804,281.408333333333,1171.86274509804,951.483333333333,871.489215686275,305.202941176471,257.613725490196,1187.33333333333,1156.39215686275,0
370.176,0.438267770721693,-0.616872041777589,-0.138844099557195,-0.525938497184753,-0.196973680550629,,,,1.03032748941137,,1.03961951358559,,,,,,,,,,,,,,,,,,,,0.494913047067431,,,,0.600062891975708,,1.1599854301851,,,,,,,,,,,,,,,36.7616,102,893.391666666667,207.815196078431,1160.35294117647,926.189215686274,860.594117647059,203.721568627451,211.908823529412,1158.69607843137,1162.00980392157,0
370.2784,0.441451789409514,-0.59788331016386,-0.124268326929509,-0.505307532758388,-0.226795974809426,,,,0.992272783800089,,1.05910697474459,,,,,,,,,,,,,,,,,,,,0.475236468085007,,,,0.613631164795718,,1.15532187642789,,,,,,,,,,,,,,,36.864,103,1025.68266384755,246.000565424263,1188.06677840731,1066.11393504828,985.251392646825,286.477416062597,205.52371478593,1227.11684505273,1149.0167117619,0
370.3808,0.444616470244176,-0.578816269686955,-0.109652503603084,-0.48517947650605,-0.25592577970133,,,,0.953646022143428,,1.07793055774612,,,,,,,,,,,,,,,,,,,,0.455282861402228,,,,0.627328769921317,,1.15084334175077,,,,,,,,,,,,,,,36.9664,102,1182.37493592859,296.214904334762,1192.83791038841,1241.45795148248,1123.29192037471,348.438005390836,243.991803278689,1258.57277628032,1127.10304449649,0.42156862745098
370.4832,0.447752585150193,-0.559693176101441,-0.095017108727052,-0.465580477956344,-0.284313330103575,,,,0.914535789028906,,1.09606746884315,,,,,,,,,,,,,,,,,,,,0.435101537835188,,,,0.641139522599968,,1.14656436083517,,,,,,,,,,,,,,,37.0688,103,1331.14532278733,348.080873580487,1178.91745835359,1397.0590296496,1265.23161592506,401.760107816712,294.401639344262,1249.45552560647,1108.3793911007,1
370.5856,0.450849499811649,-0.540534869800716,-0.0803825504213236,-0.446535163271974,-0.311914438476999,,,,0.875033578535032,,1.11349762915179,,,,,,,,,,,,,,,,,,,,0.414743557300449,,,,0.655046095486443,,1.14249970495545,,,,,,,,,,,,,,,37.1712,102,1479.91570964606,399.946842826212,1164.99700631877,1552.66010781671,1407.17131147541,455.082210242588,344.811475409836,1240.33827493261,1089.65573770492,0.784313725490196
370.688,0.453895043384038,-0.521360981324421,-0.065769382727827,-0.428066380421727,-0.338690653549975,,,,0.835233172536464,,1.13020388577089,,,,,,,,,,,,,,,,,,,,0.3942611960457,,,,0.669030052785512,,1.13866426565188,,,,,,,,,,,,,,,37.2736,102,1623.37374047052,441.446211491092,1146.86237362251,1700.48080968236,1546.26667125867,489.26346123355,393.628961748634,1223.07959410179,1070.64515314322,0
370.7904,0.456875373551145,-0.502190130788166,-0.0511985214019331,-0.410194924325856,-0.364609380804117,,,,0.795230008983097,,1.14617219416138,,,,,,,,,,,,,,,,,,,,0.373707426112999,,,,0.683071906197637,,1.13507290032696,,,,,,,,,,,,,,,37.376,103,1721.35145631068,428.432038834951,1110.55339805825,1799.86504854369,1642.83786407767,459.321359223301,397.542718446602,1178.31067961165,1042.79611650485,0
370.8928,0.459774864686375,-0.483040097372295,-0.0366914255488244,-0.392939302816202,-0.389643916695126,,,,0.755120599242091,,1.16139174271217,,,,,,,,,,,,,,,,,,,,0.35313548389792,,,,0.697151215541452,,1.13174024116007,,,,,,,,,,,,,,,37.4784,102,1516.60784313726,465.70637254902,1156.13725490196,1580.72549019608,1452.49019607843,498.062745098039,433.35,1237.75490196078,1074.51960784314,0
370.9952,0.462576060029066,-0.463927951863327,-0.0222702151778028,-0.376315578002564,-0.413773385488531,,,,0.715002015799679,,1.17585501395679,,,,,,,,,,,,,,,,,,,,0.332598576239371,,,,0.71124674911599,,1.12868046938697,,,,,,,,,,,,,,,37.5808,103,1569.54077669903,491.037378640777,1174.54368932039,1638.12815533981,1500.95339805825,535.126213592233,446.94854368932,1270.3786407767,1078.70873786408,0
371.0976,0.465259739980991,-0.444870157462579,-0.00795769594607079,-0.360337283299004,-0.436982591947258,,,,0.674971441995818,,1.18955779451767,,,,,,,,,,,,,,,,,,,,0.312149726133583,,,,0.725336711776237,,1.12590705292437,,,,,,,,,,,,,,,37.6832,102,1628.9387254902,488.878921568627,1180.28431372549,1699.94705882353,1557.93039215686,547.121568627451,430.636274509804,1283.06862745098,1077.5,0
371.2,0.467805124001039,-0.425882651288587,0.00622271145443474,-0.34501539067253,-0.459261799186579,,,,0.635125764874371,,1.20249915103925,,,,,,,,,,,,,,,,,,,,0.291841724605462,,,,0.739399040327036,,1.12343244411417,,,,,,,,,,,,,,,37.7856,102,1610.19754901961,483.129411764706,1180.47058823529,1682.32941176471,1538.06568627451,551.013725490196,415.245098039216,1274.25490196078,1086.6862745098,0
371.3024,0.470190156740757,-0.406980926084859,0.0202470938183555,-0.330358292274059,-0.480606441906388,,,,0.595561188914843,,1.21468138931259,,,,,,,,,,,,,,,,,,,,0.271727136897707,,,,0.753411746177545,,1.12126775023219,,,,,,,,,,,,,,,37.888,103,1156.71116504854,527.282524271845,1255.79126213592,1218.69514563107,1094.72718446602,571.164077669903,483.400970873787,1335.28155339806,1176.30097087379,0
371.4048,0.472391801658903,-0.388180127937009,0.034091161938434,-0.316371769021398,-0.501016800783193,,,,0.556372850771334,,1.2261100075246,,,,,,,,,,,,,,,,,,,,0.251858308798356,,,,0.767353268465458,,1.11942241160465,,,,,,,,,,,,,,,37.9904,102,1145.16519607843,544.387254901961,1257.94607843137,1209.84901960784,1080.48137254902,584.075490196079,504.699019607843,1326.12745098039,1189.76470588235,0
371.5072,0.474386296487872,-0.369495169062924,0.0477303335402541,-0.303058939307198,-0.520497663240303,,,,0.517654427779908,,1.23679364310802,,,,,,,,,,,,,,,,,,,,0.232287336762289,,,,0.781202810904831,,1.11790392162853,,,,,,,,,,,,,,,38.0928,103,1153.00048543689,535.364077669903,1234.02912621359,1213.38640776699,1092.6145631068,573.756310679612,496.971844660194,1291.81553398058,1176.2427184466,0
371.6096,0.476149364868645,-0.350940844846054,0.0611397863203159,-0.290420200949072,-0.539057977855035,,,,0.479497746378275,,1.24674400567599,,,,,,,,,,,,,,,,,,,,0.213065996033728,,,,0.794940657831345,,1.11671760536212,,,,,,,,,,,,,,,38.1952,102,1165.08480392157,531.958333333333,1216.00490196078,1222.97941176471,1107.19019607843,567.941176470588,495.975490196079,1274.22549019608,1157.78431372549,0
371.712,0.477656400657944,-0.332531949723397,0.0742944948612722,-0.278453192747843,-0.556710502664713,,,,0.441992401769828,,1.25597578838166,,,,,,,,,,,,,,,,,,,,0.194245648210202,,,,0.808548468456684,,1.1158664610359,,,,,,,,,,,,,,,38.2976,102,1203.64460784314,247.294117647059,1187.14705882353,1259.27156862745,1148.01764705882,303.23431372549,191.353921568627,1268.50980392157,1105.78431372549,0
371.8144,0.478882653636242,-0.314283395453884,0.0871692668320864,-0.267152803953886,-0.573471453224234,,,,0.405225402264274,,1.26450655392092,,,,,,,,,,,,,,,,,,,,0.175877162242581,,,,0.822009536447254,,1.11535105884075,,,,,,,,,,,,,,,38.4,103,1056.02621359223,310.672330097087,1185.48058252427,1107.48932038835,1004.56310679612,365.363106796117,255.981553398058,1264.82524271845,1106.1359223301,0
371.9168,0.479803431845252,-0.296210340135594,0.0997387823246156,-0.256511244599005,-0.589360160645636,,,,0.369280845502304,,1.27235659848968,,,,,,,,,,,,,,,,,,,,0.158010864471573,,,,0.835308995891531,,1.11516949209305,,,,,,,,,,,,,,,38.5024,102,726.196078431373,524.80931372549,1166.39215686275,754.601960784314,697.790196078431,589.353921568628,460.264705882353,1217.89215686275,1114.89215686275,0
372.0192,0.48039429558801,-0.278328335177068,0.111977616117647,-0.246518165458724,-0.604398750612042,,,,0.334239612121005,,1.27954880044626,,,,,,,,,,,,,,,,,,,,0.140696489950685,,,,0.848433964146569,,1.11531739724519,,,,,,,,,,,,,,,38.6048,103,736.975242718447,520.660194174757,1146.22330097087,768.983495145631,704.966990291262,576.08932038835,465.231067961165,1194.30097087379,1098.14563106796,0
372.1216,0.480631207031681,-0.260653489563181,0.12386022102835,-0.237160801106118,-0.618611849141234,,,,0.300179048266901,,1.28610845753028,,,,,,,,,,,,,,,,,,,,0.123983086166863,,,,0.861373631879859,,1.11578806408871,,,,,,,,,,,,,,,38.7072,102,667.061274509804,576.422549019608,1138.82352941176,707.787254901961,626.335294117647,622.504901960784,530.340196078431,1191.04901960784,1086.59803921569,0
372.224,0.480490639443287,-0.243202642079083,0.135360881040548,-0.22842410933755,-0.632026309888928,,,,0.267172622037203,,1.29206311581127,,,,,,,,,,,,,,,,,,,,0.107918843064967,,,,0.874119323411168,,1.11657262693629,,,,,,,,,,,,,,,38.8096,102,519.823529411765,715.115196078431,1169.13235294118,571.641176470588,468.005882352941,745.619607843137,684.610784313726,1245.00980392157,1093.25490196078,0
372.3264,0.479949682078005,-0.225993527855815,0.14645366551756,-0.220290893263207,-0.644670952867681,,,,0.235289565215222,,1.29744239378922,,,,,,,,,,,,,,,,,,,,0.0925508605756279,,,,0.886664547932245,,1.11766030230775,,,,,,,,,,,,,,,38.912,103,534.394660194175,707.860194174757,1170.02912621359,581.801941747573,486.987378640777,732.4,683.320388349515,1241.43689320388,1098.6213592233,0
372.4288,0.478986164989696,-0.209044923229203,0.157112410123292,-0.212741912470281,-0.656576312088086,,,,0.204594532562714,,1.30227779945647,,,,,,,,,,,,,,,,,,,,0.0779248930183796,,,,0.899005057645693,,1.11903863619133,,,,,,,,,,,,,,,39.0144,102,561.576470588235,710.260784313726,1155.00980392157,608.271568627451,514.88137254902,731.763725490196,688.757843137255,1219.97058823529,1090.04901960784,0
372.5312,0.477578807162129,-0.192376753439192,0.167310736825166,-0.205756001114995,-0.667774403070939,,,,0.175147315808006,,1.30660253624597,,,,,,,,,,,,,,,,,,,,0.0640851132146033,,,,0.911138923879707,,1.12069373049537,,,,,,,,,,,,,,,39.1168,103,584.036893203884,697.309708737864,1115.45145631068,625.797087378641,542.276699029126,707.35145631068,687.267961165049,1162.8640776699,1068.03883495146,0
372.6336,0.475707381412478,-0.176010157379191,0.177022112778188,-0.199310204564466,-0.67829852920399,,,,0.147002627965738,,1.31045130356053,,,,,,,,,,,,,,,,,,,,0.0510739053866783,,,,0.923066619190827,,1.12261044525298,,,,,,,,,,,,,,,39.2192,102,603.651038135742,695.393807727174,1103.07547347938,652.634536123174,554.66754014831,708.930618502435,681.856996951913,1152.45641531781,1053.69453164096,0
372.736,0.473352883053475,-0.159967510321543,0.186219939435352,-0.193379933860234,-0.688183134671327,,,,0.120209948488125,,1.31386010442249,,,,,,,,,,,,,,,,,,,,0.0389316613900116,,,,0.934791066287365,,1.12477260903468,,,,,,,,,,,,,,,39.3216,102,615.097746461328,674.969582444448,1096.24107117831,722.901409395973,507.294083526682,690.288120805369,659.651044083527,1141.70604026846,1050.77610208817,0.558823529411765
372.8384,0.470497696408661,-0.14427239675981,0.194877673454484,-0.18793913106912,-0.697463686313961,,,,0.094813422438375,,1.3168660659203,,,,,,,,,,,,,,,,,,,,0.027696560852893,,,,0.946317620825339,,1.12716326623879,,,,,,,,,,,,,,,39.424,103,631.919180927763,648.379962939317,1090.08028153662,811.409127516778,452.429234338747,661.794496644295,634.965429234339,1131.52483221477,1048.63573085847,1
372.9408,0.467125768309546,-0.128949525822817,0.202968990051356,-0.182960434476002,-0.70617655919764,,,,0.0708518162994112,,1.3195072715035,,,,,,,,,,,,,,,,,,,,0.0174043359294931,,,,0.957653983910938,,1.12976495119246,,,,,,,,,,,,,,,39.5264,102,648.740615394198,621.790343434186,1083.91949189492,899.916845637584,397.564385150812,633.300872483222,610.279814385151,1121.34362416107,1046.49535962877,1
373.0432,0.463222794083231,-0.114024602518647,0.210467983398754,-0.178415325829525,-0.714358919162982,,,,0.048358517725048,,1.32182260759056,,,,,,,,,,,,,,,,,,,,0.0080880178904349,,,,0.96881004907717,,1.13255996019977,,,,,,,,,,,,,,,39.6288,103,667.736728300928,595.787602490991,1077.88697698122,988.424563758389,347.048892843466,604.807248322148,586.767956659834,1111.16241610738,1044.61153785507,1
373.1456,0.45877639765983,-0.0995241801918374,0.217349375867327,-0.174274242106314,-0.722048615367516,,,,0.0273615453346798,,1.32385162925001,,,,,,,,,,,,,,,,,,,,-0.000222348669975103,,,,0.979797679584919,,1.13553061221087,,,,,,,,,,,,,,,39.7312,102,888.294082116068,555.526419923674,1071.92197657587,1076.93228187919,699.655882352941,576.313624161074,534.739215686275,1100.98120805369,1042.86274509804,1
373.248,0.453776261361791,-0.0854755184385562,0.223588692555462,-0.17050665136811,-0.729284104637075,,,,0.00788353797820575,,1.32563444279159,,,,,,,,,,,,,,,,,,,,-0.00750002818925114,,,,0.990630417071448,,1.13865951612835,,,,,,,,,,,,,,,39.8336,102,1159.71883339913,521.73439860508,1066.13561652849,1165.00825503356,1154.42941176471,547.958993288591,495.509803921569,1090.84966442953,1041.42156862745,0.980392156862745
373.3504,0.448214157015246,-0.0719064684053574,0.229162356672634,-0.167081117814373,-0.73610442498609,,,,-0.0100582888653169,,1.32721159156644,,,,,,,,,,,,,,,,,,,,-0.0137219344308227,,,,1.0013231434429,,1.14192986781845,,,,,,,,,,,,,,,39.936,103,1205.39276861927,492.967538281097,1063.68371017137,1253.40204209292,1157.38349514563,519.436047435981,466.499029126214,1080.69751743012,1046.66990291262,0
373.4528,0.442083863788351,-0.0588453898931066,0.23404769382315,-0.163965392787242,-0.742549214387696,,,,-0.0264522260925514,,1.32862392437218,,,,,,,,,,,,,,,,,,,,-0.0188689647382913,,,,1.0118917298746,,1.14532578187878,,,,,,,,,,,,,,,40.0384,102,1234.22401960784,491.395588235294,1103.16176470588,1303.10294117647,1165.34509803922,522.373529411765,460.417647058824,1153.10784313725,1053.21568627451,0
373.5552,0.435381004608809,-0.0463210763043097,0.238222880779746,-0.161126553788496,-0.748658748492594,,,,-0.041292200647392,,1.32991243164044,,,,,,,,,,,,,,,,,,,,-0.0229263157704705,,,,1.02235270116619,,1.14883263813081,,,,,,,,,,,,,,,40.1408,103,1244.00922330097,484.587378640777,1108.81067961165,1313.46213592233,1174.55631067961,515.546601941748,453.628155339806,1161.6213592233,1056,0
373.6576,0.428102854391953,-0.0343626576728041,0.24166689139501,-0.158531185207708,-0.754473965202721,,,,-0.0545779399694972,,1.33111804790552,,,,,,,,,,,,,,,,,,,,-0.0258837665453391,,,,1.03272293505071,,1.15243740231089,,,,,,,,,,,,,,,40.2432,102,1257.3681372549,489.948039215686,1110.77941176471,1327.95980392157,1186.77647058824,524.169607843137,455.726470588235,1166.56862745098,1054.99019607843,0
373.76,0.420248165017031,-0.0229994693720051,0.244359475649724,-0.156145575132889,-0.760036447157499,,,,-0.0663151333108009,,1.33228142654984,,,,,,,,,,,,,,,,,,,,-0.0277359031093264,,,,1.04301941075671,,1.1561288757433,,,,,,,,,,,,,,,40.3456,102,1267.45833333333,491.524019607843,1109.12745098039,1341.34019607843,1193.57647058824,524.345098039216,458.702941176471,1163.1568627451,1055.09803921569,0
373.8624,0.411817028362979,-0.0122608838491654,0.246281186765497,-0.153935903132271,-0.765388337901504,,,,-0.0765155535765361,,1.33344269373633,,,,,,,,,,,,,,,,,,,,-0.0284822703117261,,,,1.05325901101124,,1.15989785020042,,,,,,,,,,,,,,,40.448,103,1237.18737864078,495.284466019418,1111.05825242718,1313.87184466019,1160.50291262136,523.63786407767,466.931067961165,1165.56310679612,1056.55339805825,0
373.9648,0.402810773503843,-0.00217610028176918,0.247413457361454,-0.151868410001428,-0.770572186894129,,,,-0.0851971222148632,,1.33464118842605,,,,,,,,,,,,,,,,,,,,-0.02812745752216,,,,1.06345836977393,,1.16373717796886,,,,,,,,,,,,,,,40.5504,102,425.675,646.446078431373,1166.92647058824,471.720588235294,379.629411764706,700.990196078431,591.901960784314,1255.83333333333,1078.01960784314,0
374.0672,0.39323188125718,0.00722610689160937,0.247738713639404,-0.149909557826552,-0.775630750250454,,,,-0.0923839087320963,,1.33591519421767,,,,,,,,,,,,,,,,,,,,-0.0266811234842365,,,,1.07363375399043,,1.16764178556059,,,,,,,,,,,,,,,40.6528,103,337.969417475728,690.522815533981,1202.56310679612,384.422330097087,291.516504854369,756.784466019418,624.261165048544,1300.93203883495,1104.19417475728,0
374.1696,0.383083903168066,0.0159176619663492,0.247240507266642,-0.148026192957111,-0.780606785454672,,,,-0.0981060631844276,,1.33730167013418,,,,,,,,,,,,,,,,,,,,-0.0241579559086832,,,,1.08380097008342,,1.17160865438278,,,,,,,,,,,,,,,40.7552,102,369.715196078431,696.194117647059,1210.48039215686,416.485294117647,322.945098039216,767.571568627451,624.816666666667,1315.63725490196,1105.32352941176,0
374.272,0.372371383065062,0.0238714581278352,0.245903646298689,-0.146185715870997,-0.785542855813495,,,,-0.102399692592119,,1.33883599174145,,,,,,,,,,,,,,,,,,,,-0.0205775688719537,,,,1.09397528884323,,1.1756367761262,,,,,,,,,,,,,,,40.8576,102,670.078947107552,370.638530898719,1166.59933885244,706.33114013998,633.826754075124,416.119265907998,325.15779588944,1239.40727680718,1093.79140089771,0
374.3744,0.361099785324509,0.0310616132693624,0.24371432072575,-0.14435625324857,-0.790481133811133,,,,-0.105306697577258,,1.3405517091481,,,,,,,,,,,,,,,,,,,,-0.0159643570403705,,,,1.10417138216529,,1.1797270829449,,,,,,,,,,,,,,,40.96,103,927.184847509931,316.454369193395,1139.60320409704,980.846321525886,873.523373493976,356.435967302452,276.472771084337,1206.72207084469,1072.4843373494,0.407766990291262
374.4768,0.349275431999527,0.0374637167312518,0.24066022746752,-0.142506824826319,-0.795463194422067,,,,-0.106874583120634,,1.34248031935953,,,,,,,,,,,,,,,,,,,,-0.0103473354185503,,,,1.11440326312037,,1.18388235624841,,,,,,,,,,,,,,,41.0624,102,1130.69060405108,372.941556908834,1117.71986966941,1209.97711171662,1051.40409638554,417.740463215259,328.14265060241,1184.93732970027,1050.50240963855,1
374.5792,0.336905447983885,0.043055058631309,0.236730688772385,-0.140607499114845,-0.800529812499499,,,,-0.107156255824744,,1.34465105557813,,,,,,,,,,,,,,,,,,,,-0.00375998707976615,,,,1.12468422449758,,1.18810711811807,,,,,,,,,,,,,,,41.1648,103,1334.19636059223,429.428744624274,1095.83653524178,1439.10790190736,1229.28481927711,479.044959128065,379.812530120482,1163.15258855586,1028.52048192771,0.679611650485437
374.6816,0.32399771469886,0.0478148156299306,0.231916746954493,-0.138629541818412,-0.805720782732073,,,,-0.106209811245611,,1.34709070452557,,,,,,,,,,,,,,,,,,,,0.00375988356834401,,,,1.13502678129088,,1.19240750247903,,,,,,,,,,,,,,,41.2672,102,1500.05824850291,477.359022749115,1073.31027038109,1603.4203264412,1396.69617056461,525.795805951809,428.922239546421,1141.17411978415,1005.44642097803,0
374.784,0.310560837177259,0.0517241839406009,0.226211232378162,-0.136545575101343,-0.811074755244556,,,,-0.104098297282934,,1.34982345599849,,,,,,,,,,,,,,,,,,,,0.0121703169410923,,,,1.14544262909178,,1.19679110201401,,,,,,,,,,,,,,,41.3696,102,1528.74411764706,488.367156862745,1050.97549019608,1619.66568627451,1437.82254901961,540.061764705882,436.672549019608,1122.80392156863,979.147058823529,0
374.8864,0.296604136236359,0.0547664804477225,0.219608825765308,-0.134329766770152,-0.816629063994748,,,,-0.100889435924666,,1.35287077830215,,,,,,,,,,,,,,,,,,,,0.0214254060248365,,,,1.15594262588118,,1.20126679130747,,,,,,,,,,,,,,,41.472,103,1543.81310679612,483.334951456311,1000.94660194175,1638.25048543689,1449.37572815534,539.054368932039,427.615533980583,1064.83495145631,937.058252427184,0
374.9888,0.282137679941427,0.0569272355722202,0.212106139297301,-0.131958051384595,-0.822419539138725,,,,-0.0966553031493075,,1.35625131194365,,,,,,,,,,,,,,,,,,,,0.0314755446348026,,,,1.16653679359315,,1.20584452865781,,,,,,,,,,,,,,,41.5744,102,1559.5887254902,478.227941176471,927.666666666667,1656.12843137255,1463.04901960784,529.633333333333,426.822549019608,979.088235294118,876.245098039216,0
375.0912,0.267172350039117,0.0581942792906423,0.203701814775172,-0.12940836217191,-0.828480309508349,,,,-0.0914719867608543,,1.35998078000505,,,,,,,,,,,,,,,,,,,,0.0422676891099957,,,,1.17723432492645,,1.21053514166182,,,,,,,,,,,,,,,41.6768,103,1567.27038834951,461.604854368932,859.373786407767,1668.06504854369,1466.47572815534,492.384466019418,430.825242718447,875.514563106796,843.233009708738,0
375.1936,0.251719910904819,0.058557800172657,0.194396605417022,-0.126660837070914,-0.834843600381466,,,,-0.0854192533797538,,1.36407192379238,,,,,,,,,,,,,,,,,,,,0.0537455950967332,,,,1.18804357733763,,1.21535010570883,,,,,,,,,,,,,,,41.7792,102,1593.50588235294,429.182352941177,813.049019607843,1713.6862745098,1473.32549019608,425.175490196078,433.189215686275,793.519607843137,832.578431372549,0
375.296,0.235793055392184,0.0580103590290259,0.184193413246416,-0.123697969092996,-0.841539533149041,,,,-0.0785802531189801,,1.36853447580865,,,,,,,,,,,,,,,,,,,,0.0658500083263636,,,,1.1989720437481,,1.2203013210101,,,,,,,,,,,,,,,41.8816,102,1610.44166666667,453.14362745098,846.401960784314,1719.7637254902,1501.11960784314,479.195098039216,427.092156862745,856.411764705882,836.392156862745,0
375.3984,0.219405439328718,0.056546864527003,0.173097294212359,-0.120504698781736,-0.848595941550269,,,,-0.0710412648588131,,1.37337517195983,,,,,,,,,,,,,,,,,,,,0.0785188244291525,,,,1.2100263004134,,1.22540088506869,,,,,,,,,,,,,,,41.984,103,1626.90388349515,474.871359223301,891.733009708738,1727.50873786408,1526.29902912621,519.957281553398,429.785436893204,941.893203883495,841.572815533981,0
375.5008,0.202571728878186,0.0541645418637187,0.161115466648883,-0.117068472047698,-0.85603820971317,,,,-0.0628914506525297,,1.37859779337252,,,,,,,,,,,,,,,,,,,,0.0916872568070195,,,,1.22121193943394,,1.23066085603725,,,,,,,,,,,,,,,42.0864,102,1644.02303921569,484.692156862745,902.93137254902,1742.91176470588,1545.13431372549,529.204901960784,440.179411764706,960.794117647059,845.06862745098,0
375.6032,0.185307676971326,0.0508629303493735,0.148257356889556,-0.113379294998926,-0.863889110001443,,,,-0.0542225745928221,,1.38420322526805,,,,,,,,,,,,,,,,,,,,0.105288046900129,,,,1.23253349913455,,1.23609300758901,,,,,,,,,,,,,,,42.1888,103,1656.07815533981,482.832038834952,912.067961165049,1751.61941747573,1560.53689320388,525.119417475728,440.544660194175,970.126213592233,854.009708737864,0
375.7056,0.167630259620188,0.0466439361088235,0.134534718477361,-0.109429810393364,-0.872168611151605,,,,-0.0451286532410515,,1.3901895228351,,,,,,,,,,,,,,,,,,,,0.119251733804804,,,,1.243994409949,,1.24170857682939,,,,,,,,,,,,,,,42.2912,102,1657.41274509804,486.226470588235,928.799019607843,1751.78921568627,1563.0362745098,534.566666666667,437.886274509804,991.245098039216,866.352941176471,0
375.808,0.149557913578028,0.0415119480499466,0.11996185599605,-0.105215403833688,-0.88089365128448,,,,-0.0357055257710737,,1.39655197804236,,,,,,,,,,,,,,,,,,,,0.133506989006308,,,,1.25559697016839,,1.24751800251447,,,,,,,,,,,,,,,42.3936,102,1662.88578431373,489.419117647059,952.676470588235,1754.31666666667,1571.45490196078,547.099019607843,431.739215686275,1023.25490196078,882.098039215686,0
375.9104,0.131110883479936,0.0354740076585064,0.104555952280434,-0.100734328040789,-0.890077894336116,,,,-0.0260503571879319,,1.40328318542113,,,,,,,,,,,,,,,,,,,,0.14798101123666,,,,1.26734235319161,,1.25353064919731,,,,,,,,,,,,,,,42.496,103,1667.1927184466,490.188834951456,963.854368932039,1756.48252427184,1577.90291262136,544.031067961165,436.346601941748,1037.02912621359,890.679611650485,0
376.0128,0.112311647221358,0.0285400191222755,0.088337470741372,-0.0959878203727807,-0.899731486966177,,,,-0.0162611085846985,,1.41037310654076,,,,,,,,,,,,,,,,,,,,0.162599957794512,,,,1.27923063473073,,1.25975451590431,,,,,,,,,,,,,,,42.5984,102,1627.7862745098,586.585784313726,966.313725490196,1711.47941176471,1544.0931372549,623.98431372549,549.187254901961,1032.04901960784,900.578431372549,0
376.1152,0.0931853819640843,0.0207229910715787,0.0713306037841238,-0.0909801880981808,-0.909860812536945,,,,-0.0064360077985893,,1.41780913493505,,,,,,,,,,,,,,,,,,,,0.177289377290157,,,,1.2912608252656,,1.26619593098254,,,,,,,,,,,,,,,42.7008,103,1520.08495145631,936.490776699029,962.543689320388,1598.91262135922,1441.2572815534,926.994174757282,945.987378640777,989.349514563107,935.73786407767,0
376.2176,0.0737604374079108,0.0120392951436433,0.0535637368866473,-0.0857188461040792,-0.920468228467844,,,,0.00332696732980154,,1.42557616931021,,,,,,,,,,,,,,,,,,,,0.191974629667806,,,,1.30343090035729,,1.27285923485905,,,,,,,,,,,,,,,42.8032,102,1510.64233884492,924.859602019171,958.063599974232,1586.88919030828,1434.39548738156,907.607859165465,942.111344872877,978.251883314634,937.875316633831,0
376.32,0.0540687829540123,0.00250891630223651,0.0350698910735056,-0.0802143117844275,-0.931551784640388,,,,0.0129306088871254,,1.43365670186918,,,,,,,,,,,,,,,,,,,,0.206581323831228,,,,1.31573783256031,,1.27974645126589,,,,,,,,,,,,,,,42.9056,102,1408.50008816474,839.430084709855,968.691801494075,1478.92840599455,1338.07177033493,856.729427792916,822.130741626794,994.457765667575,942.925837320574,0.46078431372549
376.4224,0.0341463992446156,-0.00784432335781573,0.0158871134189524,-0.0744801802461845,-0.943104928975107,,,,0.0222790313721334,,1.44203091720962,,,,,,,,,,,,,,,,,,,,0.221035818705281,,,,1.32817763336523,,1.28685695082051,,,,,,,,,,,,,,,43.008,103,1285.81883466097,738.289760178872,982.703818625086,1349.79795640327,1221.83971291866,798.022343324251,678.557177033493,1015.12534059946,950.282296650718,1
376.5248,0.0140335842900634,-0.0189925770435706,-0.00394120928030417,-0.0685330994802787,-0.955116206905858,,,,0.0312782641305385,,1.45067679726868,,,,,,,,,,,,,,,,,,,,0.23526579546549,,,,1.34074540299733,,1.29418712287888,,,,,,,,,,,,,,,43.1104,102,1163.13758115719,637.149435647889,996.715835756098,1220.66750681199,1105.60765550239,739.315258855586,534.983612440191,1035.79291553134,957.638755980861,1
376.6272,-0.00622485497890251,-0.0309038410076926,-0.0243661443439412,-0.062392744376802,-0.967568974959785,,,,0.0398368522812431,,1.45957024375818,,,,,,,,,,,,,,,,,,,,0.249200862215949,,,,1.35343537103501,,1.30173008209564,,,,,,,,,,,,,,,43.2128,103,1044.63051123682,540.446511822996,1011.71108324898,1091.53705722071,997.723965252938,680.608174386921,400.28484925907,1056.46049046322,966.961676034747,1
376.7296,-0.0265795345354166,-0.0435419044782141,-0.0453331378417065,-0.0560817737119482,-0.980441163719878,,,,0.0478664192014366,,1.46868523627071,,,,,,,,,,,,,,,,,,,,0.262773141087582,,,,1.36624091477996,,1.3094754282453,,,,,,,,,,,,,,,43.3152,102,821.203794010792,530.31574103756,1032.48069936421,962.406607629428,680.000980392157,621.901089918256,438.730392156863,1077.1280653951,987.833333333333,1
376.832,-0.0469765338631646,-0.0568663951718858,-0.0667820699016323,-0.0496257536506687,-0.993705116438811,,,,0.0552821526176334,,1.47799403016131,,,,,,,,,,,,,,,,,,,,0.275917798074471,,,,1.3791545593874,,1.31740905901261,,,,,,,,,,,,,,,43.4176,102,693.682443099856,522.250484853342,1060.26898007159,833.9060626703,553.458823529412,563.48038147139,481.020588235294,1097.69482288828,1022.8431372549,0.745098039215686
376.9344,-0.067357530862304,-0.0708329071188324,-0.0886474229321634,-0.0430530416266173,-1.00732750354238,,,,0.0620031948687923,,1.48746737731549,,,,,,,,,,,,,,,,,,,,0.288573485833766,,,,1.39216796636248,,1.32551303033884,,,,,,,,,,,,,,,43.52,103,643.364420914791,485.977120975636,1078.53622920029,710.811366101426,575.917475728155,506.29793127166,465.656310679612,1116.6064389831,1040.46601941748,0
377.0368,-0.0876600304770385,-0.0853931793244515,-0.110858541502288,-0.0363946439254105,-1.02126929944521,,,,0.067952947125579,,1.49707474156928,,,,,,,,,,,,,,,,,,,,0.300682690603601,,,,1.40527190630221,,1.33376546716962,,,,,,,,,,,,,,,43.6224,102,924.175,453.870098039216,1029.8431372549,976.151960784314,872.198039215686,467.786274509804,439.953921568627,1054,1005.6862745098,0
377.1392,-0.107817691992721,-0.100495298420285,-0.133339969109067,-0.0296840759318352,-1.03548581668264,,,,0.0730593211887621,,1.50678448444793,,,,,,,,,,,,,,,,,,,,0.312192006456403,,,,1.4184562111819,,1.34214052820481,,,,,,,,,,,,,,,43.7248,103,1029.05388349515,427.815048543689,968.567961165049,1082.6854368932,975.422330097087,437.791262135922,417.838834951456,983.184466019418,953.95145631068,0
377.2416,-0.12776075194287,-0.116083913132403,-0.156011851860305,-0.0229572461180714,-1.04992679744387,,,,0.0772549689957245,,1.51656401058489,,,,,,,,,,,,,,,,,,,,0.32305237033711,,,,1.43170971151163,,1.35060841850683,,,,,,,,,,,,,,,43.8272,102,1028.81519607843,425.99068627451,942.313725490196,1082.30784313725,975.322549019608,436.25,415.73137254902,955.892156862745,928.735294117647,0
377.344,-0.14741653048174,-0.132100460436061,-0.178790401482462,-0.0162523571764009,-1.06453655559518,,,,0.0804774984817876,,1.52637987972249,,,,,,,,,,,,,,,,,,,,0.33321927146706,,,,1.4450201657864,,1.35913543831871,,,,,,,,,,,,,,,43.9296,102,1031.25392156863,437.502450980392,940.210784313726,1083.83333333333,978.674509803922,440.848039215686,434.156862745098,954.049019607843,926.372549019608,0
377.4464,-0.16671001186499,-0.148483425076366,-0.20158842626817,-0.00960979532247799,-1.07925417162268,,,,0.0826696639375885,,1.53619790948377,,,,,,,,,,,,,,,,,,,,0.34265292705062,,,,1.45837418032544,,1.36768406033467,,,,,,,,,,,,,,,44.032,103,1034.41747572816,435.620873786408,951.135922330097,1087.25533980583,981.579611650485,443.133009708738,428.108737864078,964.932038834951,937.339805825243,0
377.5488,-0.185564491914205,-0.165168675086684,-0.224315953869792,-0.00307197857708583,-1.09401376023972,,,,0.0837795102731215,,1.54598329697861,,,,,,,,,,,,,,,,,,,,0.351318408517126,,,,1.47175711055126,,1.37621303224245,,,,,,,,,,,,,,,44.1344,102,1016.68039215686,424.063725490196,972.196078431373,1070.65392156863,962.706862745098,438.579411764706,409.548039215686,994.598039215686,949.794117647059,0
377.6512,-0.203902271431989,-0.182089899435443,-0.246880950295581,0.00331684667643773,-1.10874481862084,,,,0.0837604592921974,,1.55570076968465,,,,,,,,,,,,,,,,,,,,0.359185703162352,,,,1.48515293893187,,1.384677501512,,,,,,,,,,,,,,,44.2368,103,984.37427184466,413.024757281553,1000.21359223301,1040.38932038835,928.359223300971,424.630097087379,401.419417475728,1027.71844660194,972.708737864078,0
377.7536,-0.221645362618028,-0.199179127885982,-0.269190101528008,0.00951084938336257,-1.12337263541265,,,,0.0825713442057899,,1.56531475406457,,,,,,,,,,,,,,,,,,,,0.366229702556502,,,,1.49854413675492,,1.39302915945781,,,,,,,,,,,,,,,44.3392,102,981.299019607843,414.683823529412,1020.12254901961,1037.82352941176,924.774509803922,433.791176470588,395.576470588235,1049.36274509804,990.882352941176,0
377.856,-0.238716183895474,-0.216367284577483,-0.291149610372942,0.0154628718677539,-1.13781873221254,,,,0.0801764120040083,,1.5747895420103,,,,,,,,,,,,,,,,,,,,0.372430121843043,,,,1.51191152675866,,1.40121640550542,,,,,,,,,,,,,,,44.4416,102,975.705392156863,413.148039215686,1032.22549019608,1030.4568627451,920.953921568628,435.262745098039,391.033333333333,1064.39215686275,1000.05882352941,0
377.9584,-0.255038233464787,-0.233584733237484,-0.312665974609977,0.0211246753397105,-1.15200131582626,,,,0.0765453148619138,,1.58408943759739,,,,,,,,,,,,,,,,,,,,0.377771361179482,,,,1.52523416291337,,1.40918453729097,,,,,,,,,,,,,,,44.544,103,932.274757281554,381.677669902913,1049.58252427184,988.360194174757,876.18932038835,406.016504854369,357.338834951456,1092.22330097087,1006.94174757282,0
378.0608,-0.270536739829547,-0.250761791092302,-0.333646730130975,0.0264471614808515,-1.16583572432536,,,,0.0716530987161494,,1.5931788731301,,,,,,,,,,,,,,,,,,,,0.382242311263916,,,,1.53848923276261,,1.41687597261976,,,,,,,,,,,,,,,44.6464,102,463.44362745098,223.3,1099.37745098039,498.03431372549,428.852941176471,282.967647058824,163.632352941176,1175.1862745098,1023.56862745098,0
378.1632,-0.285139291440739,-0.267829202042873,-0.354001154129882,0.0313805814988986,-1.1792348637046,,,,0.0654801756507848,,1.60202249159422,,,,,,,,,,,,,,,,,,,,0.385836089562171,,,,1.55165197332891,,1.42423050586504,,,,,,,,,,,,,,,44.7488,103,461.083495145631,212.915048543689,1114.05825242718,493.963106796117,428.203883495146,275.255339805825,150.574757281553,1199.82524271845,1028.29126213592,0
378.2656,-0.298776450071165,-0.284718571028952,-0.373640932469662,0.0358747547907432,-1.19210965948238,,,,0.0580122574967331,,1.61058519936936,,,,,,,,,,,,,,,,,,,,0.38854968990477,,,,1.56469558307277,,1.4311855976515,,,,,,,,,,,,,,,44.8512,102,480.089705882353,217.289705882353,1107.29901960784,516.61862745098,443.560784313726,281.649019607843,152.930392156863,1201.1568627451,1013.44117647059,0
378.368,-0.311382351100083,-0.301362771726517,-0.392480801255386,0.0398793097985036,-1.20436955753466,,,,0.0492402455322596,,1.61883219667191,,,,,,,,,,,,,,,,,,,,0.39038354301469,,,,1.57759112074604,,1.43767669418813,,,,,,,,,,,,,,,44.9536,102,353.600980392157,207.544117647059,1086.10784313725,394.290196078431,312.911764705882,252.388235294118,162.7,1175.45098039216,996.764705882353,0
378.4704,-0.322895280055204,-0.317696340472733,-0.410439164593927,0.0433439369836199,-1.21592309113951,,,,0.039160100971853,,1.62672899134239,,,,,,,,,,,,,,,,,,,,0.391341013542386,,,,1.59030740358039,,1.44363757051459,,,,,,,,,,,,,,,45.056,103,354.690291262136,218.293689320388,1062.55825242718,394.176699029126,315.203883495146,283.250485436893,153.336893203884,1154.15533980583,970.961165048544,0
378.5728,-0.333258192404748,-0.333655861397226,-0.427438671454228,0.0462186236923238,-1.2266785148972,,,,0.0277727344975538,,1.63424139633367,,,,,,,,,,,,,,,,,,,,0.391427879837363,,,,1.60281092866456,,1.44900068966168,,,,,,,,,,,,,,,45.1584,102,361.48137254902,218.633333333333,1052.47549019608,402.316666666667,320.646078431373,269.503921568627,167.762745098039,1143.94117647059,961.009803921569,0
378.6752,-0.34241914214087,-0.349180336159936,-0.443406725957105,0.0484538426677567,-1.23654449049827,,,,0.0150839433781241,,1.6413355137886,,,,,,,,,,,,,,,,,,,,0.390651840007879,,,,1.6150658285702,,1.45369757128948,,,,,,,,,,,,,,,45.2608,103,381.300485436893,222.508737864078,1040.87378640777,420.76213592233,341.838834951456,274.56213592233,170.455339805825,1134.19417475728,947.553398058252,0
378.7776,-0.350331610222267,-0.364211517843252,-0.458275911995708,0.0500006938868507,-1.24543078311286,,,,0.00110441065444841,,1.64797772001385,,,,,,,,,,,,,,,,,,,,0.389022070485986,,,,1.62703384989472,,1.45765917002776,,,,,,,,,,,,,,,45.3632,102,538.070098039216,222.778921568627,1016.8431372549,592.412745098039,483.727450980392,290.248039215686,155.309803921569,1109.6568627451,924.029411764706,0
378.88,-0.356954742324701,-0.378694181012872,-0.471984319441502,0.0508110291293946,-1.25324891851971,,,,-0.0141502284631297,,1.65413467049955,,,,,,,,,,,,,,,,,,,,0.386548847746467,,,,1.63867433450734,,1.4608162652189,,,,,,,,,,,,,,,45.4656,102,547.497058823529,219.751470588235,1012.13235294118,609.128431372549,485.86568627451,285.490196078431,154.012745098039,1106.40196078431,917.862745098039,0
378.9824,-0.36225350547665,-0.392576307830298,-0.484475764494719,0.0508375977016308,-1.25991277417573,,,,-0.0306592621915213,,1.65977333534312,,,,,,,,,,,,,,,,,,,,0.383243230751379,,,,1.6499441930121,,1.46309985408093,,,,,,,,,,,,,,,45.568,103,537.878155339806,216.453883495146,1000.32524271845,591.036893203884,484.719417475728,276.9,156.007766990291,1082.55339805825,918.097087378641,0
379.0848,-0.366198781337217,-0.405809188758827,-0.495699914181483,0.0500342429828449,-1.26533910126278,,,,-0.0483967467289309,,1.6648610630892,,,,,,,,,,,,,,,,,,,,0.379116784908573,,,,1.66079787200861,,1.46444153358589,,,,,,,,,,,,,,,45.6704,102,592.315196078431,373.488725490196,937.416666666667,639.283333333333,545.34705882353,406.852941176471,340.124509803922,949.745098039216,925.088235294118,0
379.1872,-0.368767438395395,-0.418347456519997,-0.505612353506201,0.0483561642045971,-1.2694479790951,,,,-0.0673313563096849,,1.66936566548748,,,,,,,,,,,,,,,,,,,,0.374181315266826,,,,1.67118731470975,,1.46477386582296,,,,,,,,,,,,,,,45.7728,103,646.733980582524,486.131553398058,956.800970873786,713.961165048544,579.506796116505,514.205825242719,458.057281553398,974.223300970874,939.378640776699,0
379.2896,-0.369942438444214,-0.4301490865137,-0.514174651510768,0.045760243772136,-1.27216320227885,,,,-0.0874262737710377,,1.6732555188152,,,,,,,,,,,,,,,,,,,,0.36844858281203,,,,1.68106190545889,,1.46403073569321,,,,,,,,,,,,,,,45.8752,102,643.757352941177,476.000980392157,965.622549019608,705.183333333333,582.33137254902,492.385294117647,459.616666666667,977.411764705882,953.833333333333,0
379.392,-0.369713013232053,-0.441175398624848,-0.521354471610198,0.0422054332998865,-1.27341261062374,,,,-0.108639143674493,,1.67649968381637,,,,,,,,,,,,,,,,,,,,0.361930006495593,,,,1.69036839637032,,1.46214770902168,,,,,,,,,,,,,,,45.9776,102,718.073529411765,580.581862745098,942.28431372549,778.367647058824,657.779411764706,620.294117647059,540.869607843137,937.490196078431,947.078431372549,0
379.4944,-0.368074915311541,-0.45139108445749,-0.527125744651982,0.0376531871428702,-1.27312838545166,,,,-0.130922089728718,,1.67906804690055,,,,,,,,,,,,,,,,,,,,0.354636388158318,,,,1.69905084161603,,1.45906238425291,,,,,,,,,,,,,,,46.08,103,744.418951116582,579.741019830045,924.11090032169,811.200730161277,677.637172071886,611.716454037284,547.765585622805,919.777367674985,928.444432968395,0
379.5968,-0.365030734185451,-0.460764263835899,-0.531468901749649,0.0320679254895392,-1.27124733262613,,,,-0.154221781781463,,1.68093147736506,,,,,,,,,,,,,,,,,,,,0.346577708684254,,,,1.70705057869549,,1.45471471839797,,,,,,,,,,,,,,,46.1824,102,871.506019759979,543.368155442237,937.284733822754,951.102066115702,791.909973404255,570.930991735537,515.805319148936,942.355371900826,932.214095744681,0.588235294117647
379.6992,-0.360590272008494,-0.469266547012191,-0.534371147699517,0.025417507688537,-1.26771115001494,,,,-0.178479532553894,,1.68206198779318,,,,,,,,,,,,,,,,,,,,0.337763020070759,,,,1.71430627473491,,1.44904731011632,,,,,,,,,,,,,,,46.2848,103,1011.80672476701,502.816341363343,954.508876238204,1103.49669421488,920.116755319149,526.683746556474,478.948936170213,968.898071625344,940.119680851064,1
379.8016,-0.354770974497099,-0.476873072036426,-0.535826752012826,0.0176737046853566,-1.26246666409378,,,,-0.203631419883878,,1.68243288869776,,,,,,,,,,,,,,,,,,,,0.328200420229393,,,,1.72075402672769,,1.4420056401207,,,,,,,,,,,,,,,46.3872,102,1152.08556540847,462.289993173285,971.753720322752,1255.84759358289,1048.32353723404,482.48743315508,442.092553191489,995.482174688057,948.025265957447,0.147058823529412
379.904,-0.347598414087039,-0.483562528506819,-0.535837363183134,0.00881266906497153,-1.25546603562904,,,,-0.229608467739382,,1.68201894542044,,,,,,,,,,,,,,,,,,,,0.317897071487538,,,,1.72632749855615,,1.43353828874506,,,,,,,,,,,,,,,46.4896,102,1228.16214408636,442.527065081352,988.294026387151,1328.16568627451,1128.15860189821,468.053921568628,417.000208594076,1022.32352941176,954.264523362536,0
380.0064,-0.339106822048398,-0.489317226924404,-0.534412383481545,-0.00118459802814202,-1.24666695454311,,,,-0.256336939851124,,1.68079655980619,,,,,,,,,,,,,,,,,,,,0.306859224642736,,,,1.73095808862231,,1.42359715266132,,,,,,,,,,,,,,,46.592,103,1226.14077669903,443.180097087379,999,1323.46213592233,1128.81941747573,460.156310679612,426.203883495146,1042.15533980583,955.844660194175,0
380.1088,-0.329339646689892,-0.494123259169484,-0.531569420375612,-0.0123317956009149,-1.23603283790124,,,,-0.283738762839203,,1.67874399297918,,,,,,,,,,,,,,,,,,,,0.295092235570971,,,,1.73457513414702,,1.41213766370437,,,,,,,,,,,,,,,46.6944,102,1104.91960784314,377.016666666667,1018.88725490196,1186.95,1022.88921568627,392.969607843137,361.063725490196,1060.23529411765,977.539215686275,0
380.2112,-0.318350084989089,-0.497970738017824,-0.52733477401372,-0.0246369130854559,-1.22353301823651,,,,-0.311732038582529,,1.67584162488266,,,,,,,,,,,,,,,,,,,,0.282600585211495,,,,1.7371061670925,,1.39911899510552,,,,,,,,,,,,,,,46.7968,103,1081.25,371.668446601942,1050.5,1159.74660194175,1002.75339805825,396.720388349515,346.616504854369,1104.54368932039,996.456310679612,0
380.3136,-0.30620152976996,-0.500854071351371,-0.521743895571595,-0.0381018873668353,-1.20914289150746,,,,-0.340231597138503,,1.67207223330217,,,,,,,,,,,,,,,,,,,,0.269387916821986,,,,1.73847723812191,,1.38450424303169,,,,,,,,,,,,,,,46.8992,102,632.519607843137,338.646078431373,1072.60294117647,696.240196078431,568.799019607843,397.855882352941,279.436274509804,1148.27450980392,996.93137254902,0
380.416,-0.292967897200907,-0.502772234103905,-0.514841770156267,-0.052722338396113,-1.19284399758507,,,,-0.369149572156818,,1.66742127574107,,,,,,,,,,,,,,,,,,,,0.25545709689347,,,,1.73861331580103,,1.36826058506855,,,,,,,,,,,,,,,47.0016,102,574.031862745098,342.988725490196,1078.6862745098,636.499019607843,511.564705882353,417.642156862745,268.335294117647,1149.85294117647,1007.51960784314,0
380.5184,-0.278733824476856,-0.503729022011635,-0.506683207427428,-0.0684873818988641,-1.17462402723027,,,,-0.398396003561434,,1.66187716386393,,,,,,,,,,,,,,,,,,,,0.24081029919741,,,,1.73743875447112,,1.3503594246026,,,,,,,,,,,,,,,47.104,103,549.421359223301,341.246601941748,1031.26699029126,587.397087378641,511.445631067961,403.578640776699,278.914563106796,1055.81553398058,1006.71844660194,0
380.6208,-0.263594744994018,-0.503733289311673,-0.497333045874458,-0.0853795085179288,-1.15447677366665,,,,-0.427879483946759,,1.65543152708003,,,,,,,,,,,,,,,,,,,,0.225449102481335,,,,1.7348778135814,,1.33077652698659,,,,,,,,,,,,,,,47.2064,102,459.983333333333,337.914215686275,1025.24509803922,488.870588235294,431.096078431373,399.203921568627,276.624509803922,1041.72549019608,1008.76470588235,0
380.7232,-0.247656853482996,-0.502799171553981,-0.486866279224435,-0.103374515016851,-1.13240204959414,,,,-0.457507864445779,,1.64807946438081,,,,,,,,,,,,,,,,,,,,0.209374587004054,,,,1.73085520631663,,1.30949214725205,,,,,,,,,,,,,,,47.3088,103,373.040776699029,309.682524271845,1024.31553398058,379.630097087379,366.45145631068,366.77572815534,252.58932038835,1025.26213592233,1023.36893203883,0
380.8256,-0.231036961985605,-0.500946278707424,-0.475368095687885,-0.122441478774385,-1.10840557499296,,,,-0.487189009225708,,1.63981978246712,,,,,,,,,,,,,,,,,,,,0.19258742296015,,,,1.72529665922146,,1.28649114902886,,,,,,,,,,,,,,,47.4112,102,677.951470588235,218.831862745098,1029.74509803922,722.217647058824,633.685294117647,259.833333333333,177.830392156863,1032.12745098039,1027.36274509804,0
380.928,-0.213862235616918,-0.498199840307826,-0.462933811090834,-0.142542774948637,-1.08249883861493,,,,-0.516831558115039,,1.63065522028559,,,,,,,,,,,,,,,,,,,,0.175087956409607,,,,1.71812947501124,,1.26176311908759,,,,,,,,,,,,,,,47.5136,102,704.707843137255,210.885294117647,1039.26960784314,750.011764705882,659.403921568628,253.400980392157,168.369607843137,1046.53921568627,1032,0
381.0304,-0.1962697944975,-0.49459079079131,-0.449668679608634,-0.163634136710549,-1.05469894676156,,,,-0.546345657549032,,1.6205926604235,,,,,,,,,,,,,,,,,,,,0.156876301105824,,,,1.70928309689083,,1.2353024819945,,,,,,,,,,,,,,,47.616,103,771.458252427185,193.867961165049,1030.51941747573,816.181553398058,726.734951456311,225.991262135922,161.744660194175,1037.07766990291,1023.96116504854,0
381.1328,-0.178406166718712,-0.490155781596081,-0.435687563841065,-0.185664757513836,-1.02502847206397,,,,-0.575643644613431,,1.60964331839103,,,,,,,,,,,,,,,,,,,,0.137952437718817,,,,1.69868967129825,,1.20710861394711,,,,,,,,,,,,,,,47.7184,102,774.28768070768,196.408014190435,1033.69525545332,818.300110294118,730.275251121243,217.519699754902,175.296328625968,1042.97242647059,1024.41808443604,0
381.2352,-0.160426581196839,-0.484937108285725,-0.421114449543491,-0.2085774353205,-0.993515306189485,,,,-0.604640689051751,,1.59782289050717,,,,,,,,,,,,,,,,,,,,0.11831631400902,,,,1.68628460335279,,1.17718595121116,,,,,,,,,,,,,,,47.8208,103,830.374476212981,240.508130513548,1049.81100346566,884.495833333333,776.253119092628,242.902083333333,238.114177693762,1067.04166666667,1032.58034026465,0.320388349514563
381.3376,-0.142494103778587,-0.478982553997678,-0.406081807957331,-0.232308755288112,-0.960192520228614,,,,-0.633255401009259,,1.58515164319714,,,,,,,,,,,,,,,,,,,,0.0979679338636764,,,,1.67200709772142,,1.14554408919393,,,,,,,,,,,,,,,47.9232,102,908.833196479206,301.854231155482,1065.04350779773,977.471875,840.194517958412,290.2015625,313.506899810964,1090.53125,1039.55576559546,1
381.44,-0.124778636485384,-0.472345164135828,-0.390729827932447,-0.256789301177785,-0.925098241406154,,,,-0.661410405453322,,1.57165444357072,,,,,,,,,,,,,,,,,,,,0.0769074225205102,,,,1.65580067840281,,1.11219787053783,,,,,,,,,,,,,,,48.0256,102,986.909191280718,362.901082525992,1080.20170723062,1069.994375,903.824007561437,337.2703125,388.531852551985,1113.90625,1046.49716446125,1
381.5424,-0.107455812840762,-0.465082977851429,-0.375205555156373,-0.281943891687491,-0.888275559099317,,,,-0.689032877192688,,1.55736075184684,,,,,,,,,,,,,,,,,,,,0.0551350702414124,,,,1.63761368798722,,1.07716746231518,,,,,,,,,,,,,,,48.128,103,1065.36791154694,424.247183167927,1095.4342115627,1162.97041666667,967.765406427221,384.569791666667,463.924574669187,1137.39583333333,1053.47258979206,0.883495145631068
381.6448,-0.0907058242456987,-0.457258742536754,-0.359661977504912,-0.307691854521222,-0.849772475604674,,,,-0.716055025955712,,1.54230459938764,,,,,,,,,,,,,,,,,,,,0.0326513807772735,,,,1.61739977512339,,1.04047842302835,,,,,,,,,,,,,,,48.2304,102,1127.54379487286,523.804590665425,1103.38053787205,1224.04321078431,1031.04437896141,508.208884803922,539.400296526928,1146.46200980392,1060.29906594018,0
381.7472,-0.0747121965913304,-0.448939617988047,-0.344257072789476,-0.333947357906142,-0.809641910899514,,,,-0.742414520149419,,1.52652455591845,,,,,,,,,,,,,,,,,,,,0.00945715277771712,,,,1.59511837754421,,1.00216176047116,,,,,,,,,,,,,,,48.3328,103,1125.0859223301,591.654368932039,1057.51941747573,1199.10097087379,1051.07087378641,601.377669902913,581.931067961165,1050.18446601942,1064.85436893204,0
381.8496,-0.0596605134810336,-0.440196850589613,-0.329152803613258,-0.360619813055462,-0.76794175452233,,,,-0.7680548410343,,1.51006366537118,,,,,,,,,,,,,,,,,,,,-0.0144464042126372,,,,1.57073520051315,,0.962253981294244,,,,,,,,,,,,,,,48.4352,102,1122.27205882353,574.246078431373,1056.86764705882,1197.64607843137,1046.89803921569,578.776470588235,569.71568627451,1029.38235294118,1084.35294117647,0
381.952,-0.0457370699104351,-0.431105386223301,-0.314514028577138,-0.387614352343111,-0.724734939254335,,,,-0.792925566059183,,1.4929693225293,,,,,,,,,,,,,,,,,,,,-0.0390575428354647,,,,1.54422268723905,,0.920797131873768,,,,,,,,,,,,,,,48.5376,102,1122.99803921569,567.639215686275,1076.51960784314,1196.25294117647,1049.7431372549,562.83137254902,572.447058823529,1043.22549019608,1109.8137254902,0
382.0544,-0.0331274487180565,-0.421743401617238,-0.300507311615906,-0.414832375763988,-0.680089503704804,,,,-0.816982592484381,,1.47529307709803,,,,,,,,,,,,,,,,,,,,-0.0643738709586595,,,,1.51556047617899,,0.877838829150581,,,,,,,,,,,,,,,48.64,103,1107.57621359223,593.427669902913,1062.56796116505,1166.48252427184,1048.66990291262,562.970873786408,623.884466019418,1003.12621359223,1122.00970873786,0
382.1568,-0.0220150346634921,-0.41219176098601,-0.287299643193438,-0.442172144750255,-0.634078620675406,,,,-0.840188321882849,,1.45709037334334,,,,,,,,,,,,,,,,,,,,-0.0903922909253647,,,,1.48473583541502,,0.833432280401676,,,,,,,,,,,,,,,48.7424,102,945.133823529412,651.293137254902,860.196078431373,846.467647058824,1043.8,454.739215686275,847.84705882353,602.313725490196,1118.07843137255,0
382.2592,-0.0125794933941462,-0.402533426066216,-0.275057108859989,-0.469529401120015,-0.586780584120085,,,,-0.862511819105935,,1.43842024177324,,,,,,,,,,,,,,,,,,,,-0.117109000447411,,,,1.45174406204276,,0.787636291170428,,,,,,,,,,,,,,,48.8448,103,948.650970873786,675.767475728155,857.92718446602,853.808737864078,1043.4932038835,497.094174757282,854.440776699029,602.543689320388,1113.31067961165,0
382.3616,-0.00499523964259815,-0.392852855037373,-0.263943543775903,-0.496798001267946,-0.538278765626428,,,,-0.883928942426554,,1.41934495625216,,,,,,,,,,,,,,,,,,,,-0.144519550404071,,,,1.41658883855763,,0.740515259177702,,,,,,,,,,,,,,,48.9472,102,950.787745098039,654.297058823529,839.71568627451,856.763725490196,1044.81176470588,463.950980392157,844.643137254902,582.617647058824,1096.8137254902,0
382.464,0.0005700849804165,-0.383235430939135,-0.254119212749299,-0.523870570239759,-0.488661573553131,,,,-0.904422429651979,,1.3999296694223,,,,,,,,,,,,,,,,,,,,-0.172618930427576,,,,1.3792825446764,,0.692139149657304,,,,,,,,,,,,,,,49.0496,102,1044.42156862745,660.402450980392,876.862745098039,995.843137254902,1093,521.555882352941,799.249019607843,672.28431372549,1081.44117647059,0
382.5664,0.003957109723971,-0.373766955240831,-0.245739548652588,-0.55063918869295,-0.438022454530792,,,,-0.923981920246897,,1.38024203902044,,,,,,,,,,,,,,,,,,,,-0.20140164611031,,,,1.33984652766409,,0.642583447181442,,,,,,,,,,,,,,,49.152,103,1560.67718446602,539.849029126214,1047.36893203884,1653.01359223301,1468.34077669903,589.149514563107,490.54854368932,1073.52427184466,1021.21359223301,0
382.6688,0.00501619926632373,-0.364533214088352,-0.238953959588994,-0.576996123555769,-0.386459951575383,,,,-0.942603899110808,,1.36035185143122,,,,,,,,,,,,,,,,,,,,-0.230861766204842,,,,1.29831133327538,,0.591929081016245,,,,,,,,,,,,,,,49.2544,102,1584.05980392157,535.806862745098,1074.12254901961,1673.78431372549,1494.33529411765,598.390196078431,473.223529411765,1138.87254901961,1009.37254901961,0
382.7712,0.00360887077518547,-0.355619588917337,-0.23390469487002,-0.602834601192251,-0.334077789207894,,,,-0.960291563395949,,1.34033064190839,,,,,,,,,,,,,,,,,,,,-0.26099293289133,,,,1.25471689115006,,0.540262322488551,,,,,,,,,,,,,,,49.3568,103,1595.08349514563,534.44854368932,1084.83495145631,1681.71359223301,1508.45339805825,594.991262135922,473.905825242718,1163.27184466019,1006.39805825243,0
382.8736,-0.000390860849503615,-0.347110665519538,-0.230725754334974,-0.628049607434331,-0.280984925086558,,,,-0.977054624757706,,1.32025130736881,,,,,,,,,,,,,,,,,,,,-0.291788336882241,,,,1.20911263882287,,0.487674653255312,,,,,,,,,,,,,,,49.4592,102,1563.90049019608,503.738725490196,1087.35294117647,1644.62745098039,1483.17352941176,567.932352941176,439.545098039216,1169.66666666667,1005.03921568627,0
382.976,-0.00709523393129956,-0.339089804857462,-0.229541831703013,-0.652538688638265,-0.227295513498672,,,,-0.992909060543434,,1.30018770750031,,,,,,,,,,,,,,,,,,,,-0.323240669544617,,,,1.16155756540342,,0.434262603280676,,,,,,,,,,,,,,,49.5616,102,1581.93921568627,516.433823529412,1089.82843137255,1660.82941176471,1503.04901960784,576.032352941177,456.835294117647,1172.96078431373,1006.69607843137,0
383.0784,-0.0166016138152244,-0.33163866020633,-0.230467298178518,-0.6762027263044,-0.173128754532118,,,,-1.00787683104568,,1.28021425389938,,,,,,,,,,,,,,,,,,,,-0.355342067222831,,,,1.11212015955105,,0.380127555195393,,,,,,,,,,,,,,,49.664,103,1590.70825242718,517.37718446602,1087.34466019417,1672.69417475728,1508.72233009709,578.240776699029,456.51359223301,1168.20388349515,1006.4854368932,0
383.1808,-0.0289915254023861,-0.324836642770778,-0.233605249911586,-0.698946669071364,-0.118608624150712,,,,-1.02198558713253,,1.26040549125259,,,,,,,,,,,,,,,,,,,,-0.38808405198861,,,,1.06087825197695,,0.325375508867948,,,,,,,,,,,,,,,49.7664,102,1279.30588235294,454.363725490196,1128.82352941176,1347.40196078431,1211.20980392157,493.849019607843,414.878431372549,1182.97058823529,1074.67647058824,0
383.2832,-0.0443298699542029,-0.318760348727438,-0.239046643687625,-0.720680226220265,-0.063863492083671,,,,-1.0352683855203,,1.24083567137107,,,,,,,,,,,,,,,,,,,,-0.421457464947985,,,,1.00791874748128,,0.270116799985839,,,,,,,,,,,,,,,49.8688,103,1211.87524271845,446.723786407767,1142.47572815534,1276.4572815534,1147.2932038835,479.731067961165,413.716504854369,1195.53398058252,1089.41747572816,0
383.3856,-0.062664315048388,-0.313482953714306,-0.246869517975369,-0.741318543361225,-0.00902563582805743,,,,-1.04776339934573,,1.22157830692069,,,,,,,,,,,,,,,,,,,,-0.455452391267696,,,,0.953337243988697,,0.214465767761236,,,,,,,,,,,,,,,49.9712,102,1213.8,442.711274509804,1130.16666666667,1276.82745098039,1150.77254901961,480.164705882353,405.257843137255,1188.95098039216,1071.38235294118,0
383.488,-0.0840248227731292,-0.309073557549918,-0.25713826633118,-0.760782886986421,0.0457693586341904,,,,-1.05951358234005,,1.20270567828187,,,,,,,,,,,,,,,,,,,,-0.49005807569103,,,,0.897237537260936,,0.158540366871518,,,,,,,,,,,,,,,50.0736,102,1221.69374652163,444.426429677134,1120.08731513987,1284.18700722394,1159.20048581933,478.915464396285,409.937394957983,1178.11849845201,1062.05613182773,0
383.5904,-0.108423302683493,-0.305596458649312,-0.269902941200299,-0.779001358832404,0.100383339093535,,,,-1.07056625042686,,1.18428827444035,,,,,,,,,,,,,,,,,,,,-0.525262823507553,,,,0.839731010881512,,0.102461720145847,,,,,,,,,,,,,,,50.176,103,1245.36410244361,429.81727443609,1118.48681860902,1302.35052631579,1188.37767857143,468.620263157895,391.014285714286,1181.20131578947,1055.77232142857,0.524271844660194
383.6928,-0.135853416172503,-0.30311036631515,-0.285198610011285,-0.79590963967422,0.154676498547074,,,,-1.08097258246073,,1.1663941778904,,,,,,,,,,,,,,,,,,,,-0.561053889470559,,,,0.780935908626696,,0.0463536123035466,,,,,,,,,,,,,,,50.2784,102,1273.57785361842,412.078223684211,1117.03096217105,1323.49789473684,1223.6578125,455.106447368421,369.05,1185.38223684211,1048.6796875,1
383.7952,-0.166290562797988,-0.301667589950608,-0.303044808359522,-0.811451732438556,0.208508451045513,,,,-1.09078706859031,,1.1490884327819,,,,,,,,,,,,,,,,,,,,-0.597417362854064,,,,0.720976485086846,,-0.00965807356839161,,,,,,,,,,,,,,,50.3808,103,1301.79160479323,394.339172932331,1115.57510573308,1344.6452631579,1258.93794642857,441.592631578947,347.085714285714,1189.56315789474,1041.58705357143,1
383.8976,-0.199692040949294,-0.301313259101525,-0.323445121369565,-0.825580656257702,0.261739425089465,,,,-1.10006692884154,,1.13243244855743,,,,,,,,,,,,,,,,,,,,-0.634338042733977,,,,0.659982045818554,,-0.065445974314097,,,,,,,,,,,,,,,50.4832,102,1330.00535596805,376.600122180451,1114.11924929511,1365.79263157895,1294.21808035714,428.078815789474,325.121428571429,1193.74407894737,1034.49441964286,1
384,-0.235997338790328,-0.302084620445685,-0.346386896636366,-0.838259046356178,0.314231500181256,,,,-1.10887150964057,,1.1164834813879,,,,,,,,,,,,,,,,,,,,-0.671799283414517,,,,0.598085919446268,,-0.120881908023519,,,,,,,,,,,,,,,50.5856,102,1350.1350877193,366.239970330237,1108.1630869453,1386.83684210526,1313.43333333333,414.630921052632,317.849019607843,1197.90460526316,1018.42156862745,1
384.1024,-0.275128506605679,-0.304010423301247,-0.371841066235097,-0.849459634919728,0.365849815900466,,,,-1.11726166295113,,1.10129420530027,,,,,,,,,,,,,,,,,,,,-0.709782790741073,,,,0.535424423410878,,-0.175837553025011,,,,,,,,,,,,,,,50.688,103,1359.06492079714,355.379426417987,1108.73208354624,1407.98421052632,1310.14563106796,401.117105263158,309.641747572816,1202.08552631579,1015.3786407767,0.932038834951456
384.2048,-0.316990586326603,-0.307110373420822,-0.399762049399221,-0.85916561329555,0.416463707252212,,,,-1.12529911671909,,1.08691235679435,,,,,,,,,,,,,,,,,,,,-0.748268350001066,,,,0.472135873604985,,-0.230185117467787,,,,,,,,,,,,,,,50.7904,102,1360.44359649123,325.985205108359,1116.04759416925,1428.93817337461,1291.94901960784,387.67923374613,264.291176470588,1205.99714912281,1026.09803921569,0
384.3072,-0.361472104193972,-0.311394638665294,-0.430087728653444,-0.867370888270255,0.465947744185817,,,,-1.1330458461762,,1.07338043206613,,,,,,,,,,,,,,,,,,,,-0.787233468211649,,,,0.408359659466185,,-0.283797983870769,,,,,,,,,,,,,,,50.8928,103,1369.61941747573,324.983980582524,1121.90291262136,1441.70873786408,1297.53009708738,380.409708737864,269.558252427185,1201.96116504854,1041.84466019417,0
384.4096,-0.408445637123536,-0.31686341220936,-0.462739509681796,-0.874080238312613,0.514182671409267,,,,-1.14056345266649,,1.06073542498243,,,,,,,,,,,,,,,,,,,,-0.826652938627826,,,,0.344235383449654,,-0.336551324362858,,,,,,,,,,,,,,,50.9952,102,1373.40294117647,317.946078431373,1137.57352941176,1443.7068627451,1303.09901960784,371.886274509804,264.005882352941,1217.56862745098,1057.57843137255,0
384.512,-0.457768447430216,-0.323506550266425,-0.497622472909727,-0.879309363509904,0.561056256278872,,,,-1.14791255940087,,1.04900859986915,,,,,,,,,,,,,,,,,,,,-0.866498370748056,,,,0.27990205512997,,-0.388322687959529,,,,,,,,,,,,,,,51.0976,102,1233.44411764706,526.414705882353,1191.11764705882,1300.7,1166.18823529412,576.743137254902,476.086274509804,1272.38235294118,1109.85294117647,0
384.6144,-0.509283179546118,-0.331303306148024,-0.534625627353107,-0.883084817663968,0.606464051676469,,,,-1.1551522429505,,1.03822529783239,,,,,,,,,,,,,,,,,,,,-0.906737742328241,,,,0.215497330668847,,-0.438992562674841,,,,,,,,,,,,,,,51.2,103,1117.53349514563,745.820388349515,1247.34951456311,1189.61262135922,1045.45436893204,797.376699029126,694.264077669903,1336.38834951456,1158.31067961165,0
384.7168,-0.562818626677193,-0.340222187428767,-0.573622289418743,-0.885443814528607,0.650310069644634,,,,-1.16233951782212,,1.0284047805592,,,,,,,,,,,,,,,,,,,,-0.947335012200188,,,,0.151156792435865,,-0.488444912362779,,,,,,,,,,,,,,,51.3024,102,1117.95637254902,747.894117647059,1254.29411764706,1186.95098039216,1048.96176470588,799.264705882353,696.523529411765,1342.33333333333,1166.25490196078,0
384.8192,-0.618190577066587,-0.350220956114547,-0.614470605841534,-0.886433914321955,0.692507353013303,,,,-1.1695288724003,,1.01956011361601,,,,,,,,,,,,,,,,,,,,-0.988249801471799,,,,0.0870132686862738,,-0.53656768422949,,,,,,,,,,,,,,,51.4048,103,1050.39368932039,696.335436893204,1217.92718446602,1104.41262135922,996.374757281554,749.63786407767,643.033009708738,1295.36893203884,1140.4854368932,0
384.9216,-0.675202736500752,-0.361246768121313,-0.657014216228196,-0.886112616103906,0.7329784352953,,,,-1.17677183816541,,1.01169808291006,,,,,,,,,,,,,,,,,,,,-1.02943713081184,,,,0.0231961980595827,,-0.583253282002366,,,,,,,,,,,,,,,51.5072,102,732.818627450981,494.794607843137,1165.5,766.53137254902,699.105882352941,567.096078431373,422.493137254902,1221.3137254902,1109.6862745098,0
385.024,-0.733647711928636,-0.37323642437977,-0.701083027477371,-0.884546890535047,0.771655690736839,,,,-1.18411657608403,,1.00481913268579,,,,,,,,,,,,,,,,,,,,-1.07084720524115,,,,-0.0401689540500542,,-0.62839899943056,,,,,,,,,,,,,,,51.6096,102,731.434366396672,490.4960572807,1152.97420123806,771.673725490196,691.195007303147,560.252296918768,420.739817642633,1208.56330532213,1097.38509715399,0
385.1264,-0.793308040314596,-0.386116701028292,-0.746494068660618,-0.881812677638428,0.808481586487569,,,,-1.19160747812441,,0.998917315651884,,,,,,,,,,,,,,,,,,,,-1.11242525434069,,,,-0.10296122433347,,-0.671907407606973,,,,,,,,,,,,,,,51.712,103,745.771309255079,507.130338600452,1151.96772009029,785.46,706.082618510158,571.66,442.600677200903,1194.8,1109.13544018059,0.339805825242718
385.2288,-0.853957260387404,-0.399804743416617,-0.793052414775611,-0.877994352229837,0.843408850032942,,,,-1.19928479735492,,0.993980256813003,,,,,,,,,,,,,,,,,,,,-1.1541114465535,,,,-0.165064631717633,,-0.713686690593067,,,,,,,,,,,,,,,51.8144,102,764.466954477051,530.046823202193,1150.0979737719,801.518333333333,727.415575620768,590.768928571429,469.324717832957,1176.25238095238,1123.94356659142,1
385.3312,-0.91536103779561,-0.414208529658957,-0.840552189675525,-0.873184138466516,0.876400558701547,,,,-1.20718432671904,,0.989989147380818,,,,,,,,,,,,,,,,,,,,-1.19584089390912,,,,-0.226368619226879,,-0.753650929773589,,,,,,,,,,,,,,,51.9168,103,783.162599699022,552.963307803934,1148.22822745351,817.576666666667,748.748532731377,609.877857142857,496.048758465011,1157.70476190476,1138.75169300226,1
385.4336,-0.977278344148903,-0.429227411460152,-0.888777653599251,-0.867481449795657,0.907430152496794,,,,-1.21533713434062,,0.986918787286655,,,,,,,,,,,,,,,,,,,,-1.23754374892307,,,,-0.28676846216491,,-0.791720346858168,,,,,,,,,,,,,,,52.0192,102,801.580614202039,575.829466775424,1146.15152501934,833.079738562092,770.081489841987,628.886134453781,522.772799097066,1138.74323062558,1153.55981941309,0.0196078431372549
385.536,-1.03946266884742,-0.444752723085823,-0.937504356206375,-0.860992150095777,0.936481374570537,,,,-1.22376933980536,,0.984737679486205,,,,,,,,,,,,,,,,,,,,-1.27914537335752,,,,-0.34616563626636,,-0.827821520177957,,,,,,,,,,,,,,,52.1216,102,842.389215686275,637.720098039216,1060.71568627451,818.769607843137,866.008823529412,617.489215686275,657.950980392157,965.872549019608,1155.55882352941,0
385.6384,-1.10166323632657,-0.460668434525236,-0.986500322302243,-0.853827758743011,0.96354815558262,,,,-1.23250190248661,,0.983408165875171,,,,,,,,,,,,,,,,,,,,-1.32056654389969,,,,-0.404468131958114,,-0.861887584269181,,,,,,,,,,,,,,,52.224,103,862.507766990291,680.673786407767,1010.10194174757,805.734951456311,919.280582524272,611.101941747573,750.245631067961,870.485436893204,1149.71844660194,0
385.7408,-1.16362620833934,-0.47685182836171,-1.03552724406103,-0.846104627742538,0.988634467800732,,,,-1.24155039788706,,0.982886597830596,,,,,,,,,,,,,,,,,,,,-1.36172366991476,,,,-0.46159070261374,,-0.893858415745162,,,,,,,,,,,,,,,52.3264,102,853.44068627451,662.257843137255,1005.17156862745,792.563725490196,914.317647058824,593.13137254902,731.38431372549,858.696078431373,1151.64705882353,0
385.8432,-1.22509586016186,-0.493174198759759,-1.08434167182425,-0.837943102029515,1.01175417061913,,,,-1.25092477465944,,0.983123544350362,,,,,,,,,,,,,,,,,,,,-1.40252903067203,,,,-0.517455043485468,,-0.923680803420769,,,,,,,,,,,,,,,52.4288,103,837.689805825243,660.677184466019,1024.98058252427,792.240776699029,883.138834951456,601.891262135922,719.463106796117,894.194174757282,1155.76699029126,0
385.9456,-1.28581573056985,-0.509501584313909,-1.13269621117913,-0.829466657482306,1.03293085695189,,,,-1.26062910313124,,0.984064042148979,,,,,,,,,,,,,,,,,,,,-1.44289106762323,,,,-0.571989907316703,,-0.951308595905376,,,,,,,,,,,,,,,52.5312,102,833.865196078432,661.514215686275,1026.05882352941,783.195098039216,884.535294117647,597.691176470588,725.337254901961,891.588235294118,1160.52941176471,0
386.048,-1.34552974924126,-0.52569553748629,-1.18034073038609,-0.820801006274778,1.05219770078659,,,,-1.27066133583278,,0.985647884069072,,,,,,,,,,,,,,,,,,,,-1.48271476960694,,,,-0.625131169845669,,-0.976702818894671,,,,,,,,,,,,,,,52.6336,102,831.480882352941,655.087745098039,1023.95098039216,773.980392156863,888.98137254902,589.336274509804,720.839215686275,882.5,1165.40196078431,0
386.1504,-1.40398333926055,-0.541613914209439,-1.22702356581378,-0.812073165529908,1.06959729466044,,,,-1.28101310506488,,0.987809933443382,,,,,,,,,,,,,,,,,,,,-1.52190217030996,,,,-0.676821859843269,,-0.999831758347156,,,,,,,,,,,,,,,52.736,103,835.690291262136,669.747572815534,1028.43689320388,780.133009708738,891.247572815534,608.470873786408,731.02427184466,894.902912621359,1161.97087378641,0
386.2528,-1.46092449244927,-0.557111663342642,-1.2724927104887,-0.803410502960676,1.08518144976076,,,,-1.29166958795372,,0.990480450517731,,,,,,,,,,,,,,,,,,,,-1.56035294990251,,,,-0.727012158260802,,-1.02067100899874,,,,,,,,,,,,,,,52.8384,102,995.20637254902,548.269607843137,1076.13725490196,996.667647058823,993.745098039216,528.893137254902,567.646078431373,1002.45098039216,1149.82352941176,0
386.3552,-1.51610482003249,-0.572041606619559,-1.31649698109345,-0.794939789311603,1.09901093203386,,,,-1.30260945987616,,0.993585425295266,,,,,,,,,,,,,,,,,,,,-1.597965100843,,,,-0.775659357266638,,-1.03920349036867,,,,,,,,,,,,,,,52.9408,103,1246.27815533981,368.166019417476,1156.66019417476,1312.73980582524,1179.81650485437,415.144660194175,321.187378640777,1202.4854368932,1110.83495145631,0
386.4576,-1.56928057366737,-0.586255202636287,-1.35878715605729,-0.786786283428915,1.11115513270249,,,,-1.31380492856499,,0.997046921239278,,,,,,,,,,,,,,,,,,,,-1.63463560092524,,,,-0.82272776921604,,-1.05541943699266,,,,,,,,,,,,,,,53.0432,102,1248.12303921569,367.496568627451,1155.21568627451,1317.72549019608,1178.52058823529,426.854901960784,308.138235294118,1225.97058823529,1084.46078431373,0
386.56,-1.62021362331375,-0.599603280183624,-1.39911706662766,-0.779072856642916,1.1216916920126,,,,-1.3252218286548,,1.000783436773,,,,,,,,,,,,,,,,,,,,-1.67026106065188,,,,-0.868188588193483,,-1.06931636928246,,,,,,,,,,,,,,,53.1456,102,970.618137254902,793.447058823529,1139.3431372549,980.273529411765,960.962745098039,852.426470588235,734.467647058824,1204,1074.6862745098,0
386.6624,-1.66867239234947,-0.611936727920535,-1.4372446325377,-0.771919147675225,1.13070609003842,,,,-1.33681977899237,,1.00471028849112,,,,,,,,,,,,,,,,,,,,-1.7047383633278,,,,-0.912019717036771,,-1.08089904224949,,,,,,,,,,,,,,,53.248,103,921.006796116505,864.889320388349,1120.7427184466,917.801941747573,924.211650485437,923.776699029126,806.001941747573,1172.53398058252,1068.95145631068,0
386.7648,-1.7144327723615,-0.623107144464414,-1.47293285883365,-0.765440733693978,1.1382912023635,,,,-1.34855243118583,,1.00874001678097,,,,,,,,,,,,,,,,,,,,-1.73796534604718,,,,-0.954205571499445,,-1.09017936280556,,,,,,,,,,,,,,,53.3504,102,919.85931372549,864.538725490196,1118.44117647059,917.372549019608,922.346078431373,928.783333333333,800.294117647059,1173.13725490196,1063.74509803922,0
386.8672,-1.75727903932525,-0.632967465890002,-1.50595081855912,-0.759748306533395,1.14454681366264,,,,-1.36036783213928,,1.01278281156703,,,,,,,,,,,,,,,,,,,,-1.76984155097126,,,,-0.99473686339097,,-1.09717627197889,,,,,,,,,,,,,,,53.4528,103,870.606796116505,796.895631067961,1083.7572815534,866.087378640777,875.126213592233,820.290291262136,773.500970873786,1091.1359223301,1076.3786407767,0
386.9696,-1.79700477179382,-0.641372584342426,-1.53607463078086,-0.75494685770473,1.14957909092183,,,,-1.37220888773177,,1.01674695273879,,,,,,,,,,,,,,,,,,,,-1.80026902764847,,,,-1.03361035379602,,-1.10191559832381,,,,,,,,,,,,,,,53.5552,102,834.823529411765,721.588725490196,1028.73039215686,818.345098039216,851.301960784314,682.202941176471,760.974509803922,969.686274509804,1087.77450980392,0
387.072,-1.83341375636934,-0.648179966294826,-1.56308843052117,-0.751134893427366,1.15350002326102,,,,-1.38401388333895,,1.02053926005334,,,,,,,,,,,,,,,,,,,,-1.8291531279091,,,,-1.07082856626746,,-1.10442989284095,,,,,,,,,,,,,,,53.6576,102,829.985784313726,715.422058823529,1040.92156862745,804.344117647059,855.627450980392,675.114705882353,755.729411764706,976.901960784314,1104.94117647059,0
387.1744,-1.86632087114822,-0.653250287550914,-1.58678533620154,-0.748403704418304,1.15642682573875,,,,-1.3957170228626,,1.02406555601292,,,,,,,,,,,,,,,,,,,,-1.85640323550647,,,,-1.10639946202507,,-1.10475825414592,,,,,,,,,,,,,,,53.76,103,830.998058252427,711.687378640777,1059.65533980583,807.449514563107,854.546601941748,667.96213592233,755.412621359223,991.766990291262,1127.54368932039,0
387.2768,-1.89555294663946,-0.656448109101437,-1.60696843029606,-0.746836705431155,1.15848128702494,,,,-1.40724897834729,,1.02723115662594,,,,,,,,,,,,,,,,,,,,-1.88193340761745,,,,-1.14033608869477,,-1.10294614978461,,,,,,,,,,,,,,,53.8624,102,941.175,724.620098039216,1114.33333333333,942.786274509804,939.563725490196,702.022549019608,747.217647058824,1081.8137254902,1146.85294117647,0
387.3792,-1.9209495887037,-0.657642605424863,-1.62345175134467,-0.746508851056516,1.15978902672945,,,,-1.41853745446703,,1.02994140758801,,,,,,,,,,,,,,,,,,,,-1.90566293678071,,,,-1.17265620662398,,-1.09904523899457,,,,,,,,,,,,,,,53.9648,103,1518.87524271845,768.453883495146,1170.33009708738,1595.73980582524,1442.01067961165,801.512621359223,735.395145631068,1218.79611650485,1121.8640776699,0
387.4816,-1.9423639296222,-0.656708341617309,-1.63606127398764,-0.74748612902092,1.16047862986013,,,,-1.42950776752987,,1.03210227810343,,,,,,,,,,,,,,,,,,,,-1.92751684869915,,,,-1.20338188710742,,-1.09311320206883,,,,,,,,,,,,,,,54.0672,102,1527.52401960784,771.341666666667,1177.71078431373,1603.19607843137,1451.85196078431,806.514705882353,736.16862745098,1232.82352941176,1122.59803921569,0
387.584,-1.9596632908351,-0.65352609148902,-1.64463586163106,-0.749825124818656,1.16068065496663,,,,-1.44008344396872,,1.03362101598895,,,,,,,,,,,,,,,,,,,,-1.94742634203532,,,,-1.23253908442105,,-1.08521357604862,,,,,,,,,,,,,,,54.1696,102,1527.3612745098,764.659803921569,1200.16176470588,1597.89019607843,1456.83235294118,803.262745098039,726.056862745098,1259.09803921569,1141.22549019608,0
387.6864,-1.9727297804016,-0.647983684744796,-1.64902819809523,-0.7535726450314,1.16052655194444,,,,-1.45018684883841,,1.03440685478237,,,,,,,,,,,,,,,,,,,,-1.96532916372135,,,,-1.26015720146989,,-1.0754155889687,,,,,,,,,,,,,,,54.272,103,1603.65,724.58786407767,1206.3786407767,1682.58155339806,1524.71844660194,769.725242718447,679.450485436893,1272.50485436893,1140.25242718447,0
387.7888,-1.98146086982382,-0.639976870382536,-1.64910571728273,-0.758765388925066,1.16014753440743,,,,-1.45973985089131,,1.0343717504446,,,,,,,,,,,,,,,,,,,,-1.98116991381897,,,,-1.28626868020316,,-1.06379398039674,,,,,,,,,,,,,,,54.3744,102,1854.26029411765,594.954901960784,1198.73039215686,1945.97058823529,1762.55,648.170588235294,541.739215686275,1293.03921568627,1104.42156862745,0
387.8912,-1.98576998145819,-0.629410189228682,-1.64475154545455,-0.76542967186156,1.15967342923352,,,,-1.46866452876797,,1.0334311211882,,,,,,,,,,,,,,,,,,,,-1.9949002914867,,,,-1.31090864321572,,-1.05042879194096,,,,,,,,,,,,,,,54.4768,103,1849.2859223301,595.590776699029,1210.20873786408,1945.4,1753.17184466019,661.596116504854,529.585436893204,1310.19417475728,1110.22330097087,0
387.9936,-1.98558708126797,-0.616197845320876,-1.63586544604049,-0.773581221059316,1.15923151555143,,,,-1.47688391295583,,1.03150457119818,,,,,,,,,,,,,,,,,,,,-2.00647929545647,,,,-1.33411458639609,,-1.03540511450706,,,,,,,,,,,,,,,54.5792,102,1857.34803921569,541.001960784314,1210.61764705882,1948.15882352941,1766.53725490196,604.154901960784,477.849019607843,1324.29411764706,1096.94117647059,0
388.096,-1.98085924736413,-0.600264556919676,-1.62236473596507,-0.783225068416569,1.1589453772395,,,,-1.48432273495301,,1.02851658893058,,,,,,,,,,,,,,,,,,,,-2.01587335888062,,,,-1.35592608782364,,-1.01881279850291,,,,,,,,,,,,,,,54.6816,102,1890.26715686275,430.135784313725,1203.28921568627,1962.56666666667,1817.96764705882,484.792156862745,375.479411764706,1319.19607843137,1087.38235294118,0
388.1984,-1.97155118668243,-0.581546366683872,-1.60418514281601,-0.794355550399911,1.1589337995129,,,,-1.49090814814342,,1.02439721248991,,,,,,,,,,,,,,,,,,,,-2.02305637334754,,,,-1.37638448919229,,-1.00074615215916,,,,,,,,,,,,,,,54.784,103,1818.56535523247,428.815299100515,1211.96418110768,1908.57347304216,1728.55723742277,483.783990375199,373.846607825831,1316.74013038247,1107.18823183289,0
388.3008,-1.95764567763914,-0.559991387971505,-1.58128157386892,-0.806956403954523,1.15930973585493,,,,-1.49657040518698,,1.01908264816178,,,,,,,,,,,,,,,,,,,,-2.02800958666919,,,,-1.39553253099944,,-0.981303646595948,,,,,,,,,,,,,,,54.8864,102,1440.42693542049,462.069151165837,1243.96784123657,1540.89250720461,1339.96136363636,500.706484149856,423.431818181818,1334.07204610951,1153.86363636364,0.617647058823529
388.4032,-1.93914391714761,-0.535560462774519,-1.55362876734968,-0.821000938233007,1.16017936534931,,,,-1.50124349320735,,1.01251582356384,,,,,,,,,,,,,,,,,,,,-2.03072141417239,,,,-1.41341395518568,,-0.960587621486025,,,,,,,,,,,,,,,54.9888,103,1016.25967382761,501.235232730766,1278.84433673915,1112.34207492795,920.177272727273,523.067435158502,479.40303030303,1354.74927953891,1202.93939393939,0.932038834951456
388.5056,-1.91606575403416,-0.508227721201107,-1.52122180814069,-0.836452269843742,1.16164124804088,,,,-1.50486571717924,,1.00464685980257,,,,,,,,,,,,,,,,,,,,-2.03118721778181,,,,-1.43007310543267,,-0.938703972377957,,,,,,,,,,,,,,,55.0912,102,607.66960386198,537.387174533948,1312.16179270241,685.261400237328,530.077807486631,545.33668418376,529.437664884136,1375.02198112674,1249.30160427808,0
388.608,-1.88844979434636,-0.47798104675711,-1.48407650179141,-0.853263628118811,1.16378556965197,,,,-1.50738019853211,,0.995433449972017,,,,,,,,,,,,,,,,,,,,-2.02940907241171,,,,-1.44555454893697,,-0.915761806588505,,,,,,,,,,,,,,,55.1936,102,477.032843137255,554.907352941176,1320.26960784314,507.883333333333,446.182352941177,577.380392156863,532.43431372549,1389.23529411765,1251.30392156863,0
388.7104,-1.85635336538975,-0.444822442371909,-1.44222959534423,-0.871378755497428,1.16669345930917,,,,-1.50873525040336,,0.984841127181621,,,,,,,,,,,,,,,,,,,,-2.02539550595241,,,,-1.45990272527611,,-0.891873061637163,,,,,,,,,,,,,,,55.296,103,607.579611650485,551.438834951456,1310.10194174757,638.435922330097,576.723300970874,582.338834951456,520.538834951456,1391.95145631068,1228.25242718447,0
388.8128,-1.81985232514544,-0.408768271092229,-1.39573881941436,-0.890732428463865,1.1704363673669,,,,-1.50888460772195,,0.972843405680218,,,,,,,,,,,,,,,,,,,,-2.01916119972284,,,,-1.47316161920774,,-0.867152084858417,,,,,,,,,,,,,,,55.3984,102,1010.11421568627,540.085294117647,1297.27450980392,1072.71960784314,947.508823529412,611.146078431373,469.024509803922,1410.41176470588,1184.13725490196,0
388.9152,-1.77904069996001,-0.369849340688011,-1.34468272053195,-0.911251100394319,1.17507550277895,,,,-1.50778751064009,,0.959421793663526,,,,,,,,,,,,,,,,,,,,-2.01072665572429,,,,-1.48537445953742,,-0.841715179379886,,,,,,,,,,,,,,,55.5008,103,1010.05097087379,543.556310679612,1264.39805825243,1075.48349514563,944.618446601942,608.619417475728,478.493203883495,1379.35922330097,1149.43689320388,0
389.0176,-1.73403013790927,-0.328110818156762,-1.28916026665776,-0.932853641416108,1.18066134402193,,,,-1.50540865816868,,0.944565691076911,,,,,,,,,,,,,,,,,,,,-2.00011785309774,,,,-1.49658345412384,,-0.815680121743566,,,,,,,,,,,,,,,55.6032,102,1012.225,542.785294117647,1210.00980392157,1079.65980392157,944.790196078431,604.556862745098,481.013725490196,1330.35294117647,1089.66666666667,0
389.12,-1.68494918704035,-0.283611981866656,-1.22929023669884,-0.955452144876636,1.18723323842539,,,,-1.50171806766889,,0.928272188502785,,,,,,,,,,,,,,,,,,,,-1.98736592043721,,,,-1.50682957518981,,-0.789165647680006,,,,,,,,,,,,,,,55.7056,102,1098.95294117647,544.427941176471,1129.34803921569,1172.18529411765,1025.72058823529,594.487254901961,494.36862745098,1221.52941176471,1037.16666666667,0
389.2224,-1.63194242762046,-0.236425829513069,-1.16521042408756,-0.97895277875606,1.19481909361884,,,,-1.49669088424922,,0.910545782100019,,,,,,,,,,,,,,,,,,,,-1.97250684685079,,,,-1.5161524099062,,-0.762290896449734,,,,,,,,,,,,,,,55.808,103,1150.53446601942,524.167961165049,1002.09223300971,1216.90873786408,1084.16019417476,549.82427184466,498.511650485437,1012.8640776699,991.320388349515,0
389.3248,-1.57516949129174,-0.186638555603628,-1.09707668385674,-1.00325666110509,1.20343516243451,,,,-1.4903071753881,,0.891398017592436,,,,,,,,,,,,,,,,,,,,-1.95558125879753,,,,-1.5245900924357,,-0.735174803404027,,,,,,,,,,,,,,,55.9104,102,1430.01666666667,410.086764705882,988.691176470588,1520.63725490196,1339.39607843137,456.803921568627,363.369607843137,1058.43137254902,918.950980392157,0
389.4272,-1.51480400475637,-0.134348909130556,-1.0250618535326,-1.02826072814415,1.21308593332525,,,,-1.48255173204453,,0.870847073339536,,,,,,,,,,,,,,,,,,,,-1.93663430134818,,,,-1.53217933755909,,-0.707935427073398,,,,,,,,,,,,,,,56.0128,103,1560.95194174757,352.469902912621,957.218446601942,1657.24854368932,1464.65533980583,402.472815533981,302.466990291262,1037.91262135922,876.52427184466,0
389.5296,-1.45103250579214,-0.0796674546348086,-0.94935459278461,-1.05385856428141,1.22376414555669,,,,-1.47341388653057,,0.8489172945033,,,,,,,,,,,,,,,,,,,,-1.91571564849516,,,,-1.53895558826087,,-0.68068919909447,,,,,,,,,,,,,,,56.1152,102,1578.30784313725,336.726960784314,939.612745098039,1673.82941176471,1482.7862745098,387.020588235294,286.433333333333,1017.51960784314,861.705882352941,0
389.632,-1.38405336987333,-0.022715771322341,-0.870158188493563,-1.07994118552979,1.23545093939982,,,,-1.46288734340215,,0.825638693406205,,,,,,,,,,,,,,,,,,,,-1.89287961530922,,,,-1.54495325608674,,-0.65355011006656,,,,,,,,,,,,,,,56.2176,102,1546.84607843137,324.958823529412,939.088235294118,1640.77352941176,1452.91862745098,373.347058823529,276.570588235294,1022.3431372549,855.833333333333,0
389.7344,-1.31407575556974,0.0363743855802407,-0.787689346347496,-1.10639778816815,1.24811613332726,,,,-1.45097000717582,,0.801046428805621,,,,,,,,,,,,,,,,,,,,-1.8681853014907,,,,-1.55020600069423,,-0.626628875518644,,,,,,,,,,,,,,,56.32,103,1419.50388349515,321.757766990291,959.28640776699,1513.21359223301,1325.79417475728,372.496116504854,271.019417475728,1052.46601941748,866.106796116505,0
389.8368,-1.2413185516415,0.0974619619733412,-0.702176957918736,-1.13311647369092,1.26171861151889,,,,-1.43766379313356,,0.77518027385149,,,,,,,,,,,,,,,,,,,,-1.84169670264226,,,,-1.55474699984969,,-0.60003212832568,,,,,,,,,,,,,,,56.4224,102,1421.67598039216,319.066666666667,965.671568627451,1514.59901960784,1328.75294117647,369.036274509804,269.097058823529,1055.91176470588,875.43137254902,0
389.9392,-1.16600930045953,0.160397540624094,-0.613860814209266,-1.15998495103248,1.2762068141429,,,,-1.42297441739861,,0.748084080720445,,,,,,,,,,,,,,,,,,,,-1.81348276290767,,,,-1.55860918974746,,-0.573861661385111,,,,,,,,,,,,,,,56.5248,103,1424.5072815534,312.546601941748,966.504854368932,1513.67475728155,1335.33980582524,367.269902912621,257.823300970874,1057.84466019417,875.165048543689,0
390.0416,-1.08838308751235,0.22502435082936,-0.52299024915838,-1.18689120885506,1.29151933473985,,,,-1.40691116910244,,0.719805247956793,,,,,,,,,,,,,,,,,,,,-1.78361737591639,,,,-1.56182547672462,,-0.548213725595333,,,,,,,,,,,,,,,56.6272,102,1405.88774509804,301.353921568628,969.573529411765,1495.52549019608,1316.25,355.68137254902,247.026470588235,1063.43137254902,875.71568627451,0
390.144,-1.00868141722127,0.291179332521891,-0.429822738540925,-1.21372414119154,1.30758562170948,,,,-1.38948667407033,,0.690394201850602,,,,,,,,,,,,,,,,,,,,-1.75217935860292,,,,-1.56442893143204,,-0.523178381287777,,,,,,,,,,,,,,,56.7296,102,937.10931372549,379.714215686275,997.436274509804,993.18431372549,881.03431372549,411.438235294118,347.990196078431,1061.78431372549,933.088235294118,0
390.2464,-0.927151109404679,0.358694199987337,-0.334622511881052,-1.24037410558951,1.32432676211741,,,,-1.37071665829844,,0.659903914927162,,,,,,,,,,,,,,,,,,,,-1.71925241589934,,,,-1.56645297838141,,-0.498838902694243,,,,,,,,,,,,,,,56.832,103,897.501941747573,382.18786407767,1003.27669902913,949.625242718447,845.378640776699,399.502912621359,364.872815533981,1065.08737864078,941.466019417476,0
390.3488,-0.844043237209861,0.427396452099858,-0.237659225496864,-1.26673340377052,1.34165632187759,,,,-1.35061970296338,,0.628389486256144,,,,,,,,,,,,,,,,,,,,-1.68492508742862,,,,-1.5679315838969,,-0.475271243749131,,,,,,,,,,,,,,,56.9344,102,895.9,381.642156862745,997.578431372549,947.516666666667,844.283333333333,405.686274509804,357.598039215686,1058.50980392157,936.647058823529,0
390.4512,-0.75961210101266,0.497110309675909,-0.139206706160278,-1.29269669174455,1.35948122383078,,,,-1.3292169712183,,0.595907794476574,,,,,,,,,,,,,,,,,,,,-1.64929064789159,,,,-1.56889943166871,,-0.452543584426477,,,,,,,,,,,,,,,57.0368,103,895.138834951456,379.612621359223,994.936893203884,949.242718446602,841.034951456311,398.815533980583,360.409708737864,1062.83495145631,927.038834951456,0
390.5536,-0.674114211606306,0.567657592666788,-0.0395417404433706,-1.31816133712862,1.37770264612847,,,,-1.30653190025793,,0.562517217137181,,,,,,,,,,,,,,,,,,,,-1.61244693881192,,,,-1.56939207195097,,-0.430715976499866,,,,,,,,,,,,,,,57.1392,102,890.778431372549,391.542647058824,986.985294117647,946.717647058824,834.839215686275,411.830392156863,371.254901960784,1050.39215686275,923.578431372549,0
390.656,-0.58780726278756,0.6388585584095,0.0610571166281139,-1.34302774779094,1.39621692386259,,,,-1.28258988076821,,0.52827739863121,,,,,,,,,,,,,,,,,,,,-1.57449613491551,,,,-1.5694460357905,,-0.409840087277489,,,,,,,,,,,,,,,57.2416,102,890.531862745098,403.919117647059,983.294117647059,946.164705882353,834.899019607843,428.238235294118,379.6,1046.6862745098,919.901960784314,0
390.7584,-0.500949107951055,0.710532707020626,0.162310708627645,-1.36719969587702,1.41491644551901,,,,-1.25741796591656,,0.493249048513816,,,,,,,,,,,,,,,,,,,,-1.535544473349,,,,-1.56909890740709,,-0.389959018407356,,,,,,,,,,,,,,,57.344,103,887.711650485437,389.609708737864,985.980582524272,943.726213592233,831.697087378641,402.906796116505,376.312621359223,1054.22330097087,917.73786407767,0
390.8608,-0.413796778142995,0.782499542738905,0.263940389916598,-1.39058464225088,1.43369053966596,,,,-1.23104464497578,,0.457493764520879,,,,,,,,,,,,,,,,,,,,-1.49570197464949,,,,-1.56838934905151,,-0.371107180154254,,,,,,,,,,,,,,,57.4464,102,892.115196078431,392.359803921569,983.901960784314,948.457843137255,835.772549019608,406.001960784314,378.717647058824,1049.89215686275,917.911764705882,0
390.9632,-0.326605563932582,0.854579282257241,0.365669063206585,-1.41309403553844,1.45242634363822,,,,-1.20349969004546,,0.421073890134016,,,,,,,,,,,,,,,,,,,,-1.45508216624974,,,,-1.56735708234115,,-0.353310221912082,,,,,,,,,,,,,,,57.5488,103,1335.29854368932,209.855825242718,960.014563106796,1424.01747572816,1246.57961165049,259.398058252427,160.31359223301,1038.88349514563,881.145631067961,0
391.0656,-0.239628152146001,0.926593512870851,0.467222149905004,-1.4346435500151,1.47100965016514,,,,-1.17481406652591,,0.384052419478721,,,,,,,,,,,,,,,,,,,,-1.41380180699113,,,,-1.56604283876049,,-0.336585035523873,,,,,,,,,,,,,,,57.6512,102,1396.10098039216,179.293137254902,964.735294117647,1480.54901960784,1311.65294117647,232.170588235294,126.41568627451,1052.38235294118,877.088235294118,0
391.168,-0.153113795635899,0.998365802688769,0.568328508220691,-1.45515324925827,1.48932573500184,,,,-1.14501989646506,,0.346492950854676,,,,,,,,,,,,,,,,,,,,-1.37198060482998,,,,-1.56448828571022,,-0.320939852043195,,,,,,,,,,,,,,,57.7536,102,1392.24705882353,154.468137254902,992.656862745098,1476.46176470588,1308.03235294118,204.049019607843,104.887254901961,1090.69607843137,894.617647058824,0
391.2704,-0.0673075021921285,1.06972225956552,0.668721305393884,-1.47454769023976,1.50726016181495,,,,-1.11415046162657,,0.308459675468547,,,,,,,,,,,,,,,,,,,,-1.32974091467424,,,,-1.5627359211702,,-0.306374443601306,,,,,,,,,,,,,,,57.856,103,1380.61310679612,116.265533980583,1007.81553398058,1467.90194174757,1293.32427184466,169.402912621359,63.1281553398058,1106.73786407767,908.893203883495,0
391.3728,0.0175507627165685,1.14049203933777,0.768138847719399,-1.49275599189336,1.5246995501782,,,,-1.08224022915087,,0.270017381168645,,,,,,,,,,,,,,,,,,,,-1.2872074117427,,,,-1.56082892574824,,-0.29288042564915,,,,,,,,,,,,,,,57.9584,102,1399.87156862745,98.2269607843137,1011.08333333333,1490.12549019608,1309.61764705882,147.746078431373,48.7078431372549,1105.45098039216,916.71568627451,0
391.4752,0.101226862534585,1.21050781022814,0.866325374874812,-1.50971188498985,1.54153229846732,,,,-1.04932489154986,,0.231231455850312,,,,,,,,,,,,,,,,,,,,-1.24450675463476,,,,-1.55881096727073,,-0.280441643462342,,,,,,,,,,,,,,,58.0608,103,1422.46844660194,76.5349514563107,1016.22330097087,1517.03009708738,1327.90679611651,123.553398058252,29.5165048543689,1103.68932038835,928.757281553398,0
391.5776,0.183493264784191,1.2796061837241,0.963031824927922,-1.52535374431516,1.55764926865945,,,,-1.01544142702899,,0.19216788437545,,,,,,,,,,,,,,,,,,,,-1.20176725526509,,,,-1.55672596613456,,-0.269034623207345,,,,,,,,,,,,,,,58.1632,102,1447.88039215686,46.0426470588235,1023.73039215686,1547.0431372549,1348.71764705882,72.7196078431373,19.3656862745098,1105.60784313725,941.852941176471,0
391.68,0.264129790991065,1.34762812158249,1.05801656789864,-1.53962459271382,1.57294444359127,,,,-0.980628182413178,,0.152893237643207,,,,,,,,,,,,,,,,,,,,-1.15911854887702,,,,-1.55461784161718,,-0.258629066921988,,,,,,,,,,,,,,,58.2656,102,1472.7137254902,25.1514705882353,1030.51470588235,1576.53725490196,1368.89019607843,44.4549019607843,5.84803921568627,1107.59803921569,953.43137254902,0
391.7824,0.342924312394707,1.4144193195796,1.15104609038527,-1.5524720757405,1.58731555828702,,,,-0.944924960321647,,0.113474651760386,,,,,,,,,,,,,,,,,,,,-1.11669122690153,,,,-1.55253025600992,,-0.249188373238025,,,,,,,,,,,,,,,58.368,103,1108.75388349515,331.108252427185,1074.23300970874,1181.73495145631,1035.77281553398,372.166990291262,290.049514563107,1138.91262135922,1009.55339805825,0
391.8848,0.419673366989421,1.47983056706792,1.24189561552398,-1.56384842873666,1.60066470276804,,,,-0.908373077143766,,0.073979788993909,,,,,,,,,,,,,,,,,,,,-1.07461638640235,,,,-1.55050635715815,,-0.240670173474201,,,,,,,,,,,,,,,58.4704,102,950.483823529412,449.591176470588,1050.94607843137,1004.2637254902,896.703921568628,466.778431372549,432.403921568627,1062.14705882353,1039.74509803922,0
391.9872,0.494182707598035,1.54371810099846,1.33034967666498,-1.57371046894929,1.61289890046134,,,,-0.87101535718492,,0.0344767636448016,,,,,,,,,,,,,,,,,,,,-1.03302506597485,,,,-1.54858851024205,,-0.233026881493162,,,,,,,,,,,,,,,58.5728,103,948.398058252427,455.803883495146,1051.4854368932,1003.43300970874,893.363106796117,463.745631067961,447.86213592233,1060.21359223301,1042.7572815534,0
392.0896,0.566267828105217,1.60594398804352,1.41620269621457,-1.58201963392334,1.62393067249009,,,,-0.832896036819601,,-0.00496598526571012,,,,,,,,,,,,,,,,,,,,-0.992047560376584,,,,-1.5468180132731,,-0.226206260632222,,,,,,,,,,,,,,,58.6752,102,1072.41421568627,419.31862745098,1053.10294117647,1132.9568627451,1011.87156862745,430.23137254902,408.405882352941,1073.47058823529,1032.73529411765,0
392.192,0.635754514409847,1.66637655230425,1.4992596100174,-1.58874206585639,1.63367859731665,,,,-0.794060570880158,,-0.0442798833382286,,,,,,,,,,,,,,,,,,,,-0.951812619833786,,,,-1.54523479961658,,-0.220152010130511,,,,,,,,,,,,,,,58.7776,102,1348.37990196078,385.724019607843,1075.88235294118,1427.12352941176,1269.6362745098,431.58137254902,339.866666666667,1154.85294117647,996.911764705882,0
392.2944,0.702479424452405,1.72489083368734,1.57933653006596,-1.59384872194537,1.6420678717895,,,,-0.754555358982985,,-0.0833964641529575,,,,,,,,,,,,,,,,,,,,-0.91244654941599,,,,-1.54387713828088,,-0.214804367581833,,,,,,,,,,,,,,,58.88,103,1353.31893203883,382.728155339806,1089.50485436893,1436.31165048544,1270.32621359223,427.904854368932,337.55145631068,1182.79611650485,996.21359223301,0
392.3968,0.766290656906256,1.7813690387299,1.6562613951921,-1.59731547945064,1.64903086855536,,,,-0.714427436619327,,-0.122247636993328,,,,,,,,,,,,,,,,,,,,-0.874072247185642,,,,-1.54278134645578,,-0.210100716637886,,,,,,,,,,,,,,,58.9824,102,1277.79901960784,419.202450980392,1102.39705882353,1362.91470588235,1192.68333333333,459.725490196079,378.679411764706,1195.60784313725,1009.1862745098,0
392.4992,0.82704825490616,1.83570093883788,1.72987454670637,-1.59912320670696,1.65450766301203,,,,-0.67372419502917,,-0.160765938736062,,,,,,,,,,,,,,,,,,,,-0.836808253083453,,,,-1.54198152756147,,-0.205976185994329,,,,,,,,,,,,,,,59.0848,103,821.166504854369,571.752427184466,1087.66504854369,853.554368932039,788.778640776699,604.599029126214,538.905825242719,1136.27184466019,1039.05825242718,0
392.6016,0.884624611923335,1.88778418230765,1.80002918633448,-1.59925778816439,1.65844649218986,,,,-0.632493183147387,,-0.198884749011445,,,,,,,,,,,,,,,,,,,,-0.800767882735581,,,,-1.54150934126115,,-0.202364230998433,,,,,,,,,,,,,,,59.1872,102,818.18431372549,579.250490196078,1087.96568627451,852.161764705882,784.206862745098,619.527450980392,538.973529411765,1123.22549019608,1052.70588235294,0
392.704,0.938904774927799,1.93752450934559,1.8665917062871,-1.59771011403717,1.66080412248857,,,,-0.590782004503885,,-0.236538478718672,,,,,,,,,,,,,,,,,,,,-0.766058471981209,,,,-1.54139380215959,,-0.199197197929194,,,,,,,,,,,,,,,59.2896,102,521.98137254902,659.852450980392,1150.46078431373,589.95,454.012745098039,716.392156862745,603.312745098039,1223.80392156863,1077.11764705882,0
392.8064,0.989786649275328,1.98483587694058,1.92944189875637,-1.59447605827307,1.66154612439091,,,,-0.548638288229164,,-0.273662748863046,,,,,,,,,,,,,,,,,,,,-0.732780701592684,,,,-1.54166109847816,,-0.196406873026451,,,,,,,,,,,,,,,59.392,103,375.633495145631,713.1,1178.08737864078,445.078640776699,306.188349514563,781.784466019418,644.415533980583,1264.35922330097,1091.81553398058,0
392.9088,1.03718110951959,2.02964050670525,1.98847305614316,-1.58955646350345,1.66064706046971,,,,-0.506109705453103,,-0.310194561833477,,,,,,,,,,,,,,,,,,,,-0.701027959849958,,,,-1.5423344247938,,-0.193925014144101,,,,,,,,,,,,,,,59.4944,102,375.416666666667,710.251960784314,1165.47549019608,446.263725490196,304.569607843137,781.845098039216,638.658823529412,1256.10784313725,1074.8431372549,0
393.0112,1.08101202812883,2.07186886890578,2.04359197819397,-1.58295713599256,1.65809059205394,,,,-0.463244007474775,,-0.346072456222369,,,,,,,,,,,,,,,,,,,,-0.670885731773608,,,,-1.54343382856825,,-0.191683860308454,,,,,,,,,,,,,,,59.5968,103,387.956796116505,684.158737864078,1160.47572815534,457.499029126214,318.414563106796,746.848543689321,621.468932038835,1255.63106796117,1065.32038834951,0
393.1136,1.12121624289104,2.11145961681391,2.09471890827293,-1.57468884136803,1.65386951076428,,,,-0.420089070813885,,-0.381236636575253,,,,,,,,,,,,,,,,,,,,-0.642431034497318,,,,-1.54497607245817,,-0.189616615463682,,,,,,,,,,,,,,,59.6992,102,585.636274509804,441.827450980392,1127.63235294118,642.116666666667,529.155882352941,481.897058823529,401.757843137255,1194.5,1060.76470588235,0
393.216,1.15774348348893,2.14835948963838,2.14178742354518,-1.56476728595676,1.64798570368565,,,,-0.376692944373834,,-0.415629075278794,,,,,,,,,,,,,,,,,,,,-0.615731923725886,,,,-1.54697451582455,,-0.18765790392786,,,,,,,,,,,,,,,59.8016,102,588.462745098039,436.152450980392,1139.70588235294,638.890196078431,538.035294117647,474.252941176471,398.051960784314,1212.09803921569,1067.3137254902,0
393.3184,1.19055626825133,2.18252319996039,2.18474429644561,-1.55321306448768,1.64045005851947,,,,-0.333103900108834,,-0.449193589930797,,,,,,,,,,,,,,,,,,,,-0.590847087862284,,,,-1.54943902313356,,-0.185744195526821,,,,,,,,,,,,,,,59.904,103,565.746116504854,418.139805825243,1147.91747572816,614.621359223301,516.870873786408,460.007766990291,376.271844660194,1225.91262135922,1069.92233009709,0
393.4208,1.21962976899794,2.21391330580524,2.22354932623385,-1.54005155787558,1.63128230288359,,,,-0.289370489284613,,-0.481875903258929,,,,,,,,,,,,,,,,,,,,-0.567825534707551,,,,-1.55237590796806,,-0.183814199875679,,,,,,,,,,,,,,,60.0064,102,551.307314038245,394.443225332798,1147.48519171633,599.727465948211,502.887162128278,441.337130170134,347.549320495462,1229.19690166143,1065.77348177123,0
393.5232,1.24495163420466,2.24250004999739,2.25817512307543,-1.52531278138616,1.62051075559647,,,,-0.245541604815406,,-0.51362369304509,,,,,,,,,,,,,,,,,,,,-0.546706359083194,,,,-1.55578791329463,,-0.181809231969102,,,,,,,,,,,,,,,60.1088,103,574.176100622792,361.706876736755,1145.55701762949,621.79465648855,526.557544757033,414.811195928753,308.602557544757,1220.20610687023,1070.90792838875,0.592233009708738
393.6256,1.26652175939254,2.26826114573762,2.28860682380851,-1.50903120088233,1.60817196614309,,,,-0.201666550208893,,-0.544386635940368,,,,,,,,,,,,,,,,,,,,-0.527518568768208,,,,-1.55967421929553,,-0.179673552973191,,,,,,,,,,,,,,,60.2112,102,599.029463989379,325.109901537781,1142.8324759376,646.754580152672,551.304347826087,384.478498727735,265.741304347826,1209.25190839695,1076.41304347826,1
393.728,1.28435199625777,2.29118150093019,2.31484172919402,-1.49124553428875,1.59431023507347,,,,-0.157795118900027,,-0.574116447434778,,,,,,,,,,,,,,,,,,,,-0.510280957498707,,,,-1.56403047145947,,-0.1773546893188,,,,,,,,,,,,,,,60.3136,102,623.761591437106,288.691448169045,1140.121224693,671.592748091603,575.930434782609,354.293765903308,223.089130434783,1198.35114503817,1081.89130434783,0.372549019607843
393.8304,1.29846579902251,2.31125289258003,2.33688886922661,-1.47199853977645,1.57897701888514,,,,-0.11397769172459,,-0.602766925968602,,,,,,,,,,,,,,,,,,,,-0.495002039551996,,,,-1.56884883228018,,-0.174803730535322,,,,,,,,,,,,,,,60.416,103,715.899300489806,258.980534389054,1125.45495305608,761.760401689765,670.038199289847,311.508626695324,206.452442082785,1167.10850070407,1083.80140540809,0
393.9328,1.30889780825387,2.32847360313139,2.354768504542,-1.45133677849428,1.56223021817539,,,,-0.0702653641248295,,-0.630294011486799,,,,,,,,,,,,,,,,,,,,-0.481680074913092,,,,-1.5741180669589,,-0.171975603398286,,,,,,,,,,,,,,,60.5184,102,1245.12745098039,359.840196078431,1114.48039215686,1326.97450980392,1163.28039215686,400.751960784314,318.928431372549,1173.1568627451,1055.80392156863,0
394.0352,1.31569336532433,2.34284801116355,2.36851155466699,-1.42931033723453,1.54413334654433,,,,-0.0267101137837976,,-0.656655859436108,,,,,,,,,,,,,,,,,,,,-0.47030320637841,,,,-1.57982367044799,,-0.168829318024087,,,,,,,,,,,,,,,60.6208,103,1257.43980582524,381.482524271845,1153.3640776699,1345.6572815534,1169.22233009709,422.152427184466,340.812621359223,1246.81553398058,1059.91262135922,0
394.1376,1.31890795588535,2.35438612308059,2.37815894323302,-1.40597250618078,1.52475459098215,,,,0.0166349972768332,,-0.681812921320999,,,,,,,,,,,,,,,,,,,,-0.46084970693826,,,,-1.5859480347295,,-0.165328182082681,,,,,,,,,,,,,,,60.7232,102,1253.74656862745,380.241666666667,1171.59803921569,1340.65,1166.8431372549,420.943137254902,339.540196078431,1268.8431372549,1074.35294117647,0
394.24,1.31860661200394,2.36310305879829,2.38376088710529,-1.38137942505467,1.50416579106502,,,,0.0597156171912158,,-0.705728022791825,,,,,,,,,,,,,,,,,,,,-0.453288312747883,,,,-1.5924706478227,,-0.161439982246213,,,,,,,,,,,,,,,60.8256,102,1259.74411764706,377.708823529412,1192.57352941176,1345.13333333333,1174.35490196078,418.086274509804,337.33137254902,1289.94117647059,1095.20588235294,0
394.3424,1.31486333645983,2.36901853425938,2.38537619709676,-1.35558972452201,1.48244137330772,,,,0.10247593472377,,-0.728366437279525,,,,,,,,,,,,,,,,,,,,-0.447578612251448,,,,-1.5993683138832,,-0.157137134090806,,,,,,,,,,,,,,,60.928,103,1466.75825242718,286.711165048544,1184.18932038835,1557.93300970874,1375.58349514563,321.959223300971,251.463106796117,1304.07766990291,1064.30097087379,0
394.4448,1.30776061073703,2.3721563831195,2.38307165639868,-1.32866418545197,1.45965727987805,,,,0.144858571682227,,-0.749695958548774,,,,,,,,,,,,,,,,,,,,-0.44367147552594,,,,-1.6066153867842,,-0.152396801777653,,,,,,,,,,,,,,,61.0304,102,1661.10294117647,241.439215686275,1154.5637254902,1749.72352941176,1572.48235294118,268.561764705882,214.316666666667,1281.47058823529,1027.6568627451,0
394.5472,1.29738900260983,2.37254413209039,2.37692149616972,-1.30066541897536,1.43588992835747,,,,0.186804544838743,,-0.769686972074874,,,,,,,,,,,,,,,,,,,,-0.441509523929157,,,,-1.61418401265507,,-0.147200989029931,,,,,,,,,,,,,,,61.1328,103,1639.48883495146,262.779611650485,1125.66504854369,1719.08155339806,1559.89611650485,306.454368932039,219.104854368932,1251.30097087379,1000.02912621359,0
394.6496,1.28384683491066,2.37021261433683,2.36700693419172,-1.27165755115523,1.41121522683585,,,,0.228253292632628,,-0.78831251541139,,,,,,,,,,,,,,,,,,,,-0.441027649609016,,,,-1.62204437760525,,-0.141536603537372,,,,,,,,,,,,,,,61.2352,102,1216.00343137255,326.815196078431,1162.81862745098,1289.12647058824,1142.88039215686,377.945098039216,275.685294117647,1263.75490196078,1061.88235294118,0
394.752,1.26723985445187,2.36519559522819,2.353415721824,-1.24170589547197,1.3857076548396,,,,0.2691427602857,,-0.805548314325003,,,,,,,,,,,,,,,,,,,,-0.442153588254461,,,,-1.63016495661067,,-0.135395496629107,,,,,,,,,,,,,,,61.3376,102,1246.41960784314,324.509803921569,1151.19607843137,1322.42941176471,1170.40980392157,377.782352941177,271.237254901961,1251.1862745098,1051.20588235294,0
394.8544,1.24768085471174,2.35752940282544,2.33624166553734,-1.21087661677999,1.35943942390093,,,,0.309409548379085,,-0.82137279220299,,,,,,,,,,,,,,,,,,,,-0.444808523930436,,,,-1.63851275789847,,-0.128774478694077,,,,,,,,,,,,,,,61.44,103,1277.14854368932,323.933009708738,1148.83009708738,1354.70388349515,1199.5932038835,379.61067961165,268.255339805825,1252.40776699029,1045.25242718447,0
394.9568,1.22528923607312,2.34725258072053,2.31558412470991,-1.17923640779653,1.33247974409704,,,,0.348989144384403,,-0.83576706264236,,,,,,,,,,,,,,,,,,,,-0.448907687080748,,,,-1.6470535560002,,-0.121675309267579,,,,,,,,,,,,,,,61.5424,102,944.363725490196,349.822549019608,1166.43137254902,1004.68137254902,884.046078431373,398.095098039216,301.55,1261.04901960784,1071.8137254902,0
395.0592,1.20019051323069,2.33440558422199,2.29154750556593,-1.14685219342554,1.30489421890023,,,,0.387816255096089,,-0.848714913285605,,,,,,,,,,,,,,,,,,,,-0.454360916604867,,,,-1.65575211088741,,-0.114104659633541,,,,,,,,,,,,,,,61.6448,103,283.003398058252,418.48640776699,1189.44660194175,308.181553398058,257.825242718447,479.299029126214,357.673786407767,1266.5145631068,1112.3786407767,0
395.1616,1.17251578876013,2.31903052715411,2.26424076781685,-1.11379086229027,1.27674437358078,,,,0.425825234083681,,-0.860202778615248,,,,,,,,,,,,,,,,,,,,-0.461073178542183,,,,-1.66457237877278,,-0.106074045319073,,,,,,,,,,,,,,,61.7472,102,353.614215686275,413.409803921569,1198.72058823529,386.024509803922,321.203921568627,470.372549019608,356.447058823529,1280.76470588235,1116.67647058824,0
395.264,1.14240120967441,2.30117098173404,2.23377695603596,-1.08011901872052,1.24808731220382,,,,0.462950570419489,,-0.870219697193898,,,,,,,,,,,,,,,,,,,,-0.468945050890625,,,,-1.67347772419309,,-0.0975997261533341,,,,,,,,,,,,,,,61.8496,102,456.54705882353,399.49362745098,1188.26960784314,498.495098039216,414.599019607843,453.717647058824,345.269607843137,1274.1568627451,1102.38235294118,0
395.3664,1.10998742814382,2.28087184769606,2.20027277958618,-1.04590275126398,1.21897549666356,,,,0.499127392734591,,-0.878757260623045,,,,,,,,,,,,,,,,,,,,-0.477873201381497,,,,-1.68243113958223,,-0.0887025724464733,,,,,,,,,,,,,,,61.952,103,550.802912621359,402.368932038835,1181.81067961165,592.696116504854,508.909708737864,446.516504854369,358.221359223301,1268.03883495146,1095.58252427184,0
395.4688,1.07541909129669,2.25817931981434,2.16384827585138,-1.01120741501295,1.18945664153341,,,,0.53429194330354,,-0.88580957666049,,,,,,,,,,,,,,,,,,,,-0.487750895422966,,,,-1.69139547362542,,-0.0794078959506237,,,,,,,,,,,,,,,62.0544,102,766.235784313726,431.387745098039,1187.14705882353,816.303921568627,716.167647058824,481.813725490196,380.961764705882,1278.92156862745,1095.37254901961,0
395.5712,1.03884437108415,2.23314096890774,2.12462657357242,-0.97609742208436,1.15957371413601,,,,0.568381988295437,,-0.891373269825292,,,,,,,,,,,,,,,,,,,,-0.498468554454774,,,,-1.70033366918138,,-0.0697452448042932,,,,,,,,,,,,,,,62.1568,103,1114.50194174757,491.214563106796,1185.99029126214,1186.76796116505,1042.2359223301,538.194174757282,444.234951456311,1274.56310679612,1097.41747572816,0
395.6736,1.00041453016415,2.20580591901876,2.08273374229651,-0.940636034899838,1.12936501478914,,,,0.601337159578201,,-0.895447527788651,,,,,,,,,,,,,,,,,,,,-0.509914349829177,,,,-1.70920901213348,,-0.059748165622318,,,,,,,,,,,,,,,62.2592,102,1136.69852941176,485.526470588235,1212.37254901961,1208.08823529412,1065.30882352941,537.403921568627,433.649019607843,1302.3431372549,1122.40196078431,0
395.776,0.9602835216187,2.17622509239635,2.03829870775113,-0.904885166646766,1.09886430453154,,,,0.633099252418208,,-0.898034190784025,,,,,,,,,,,,,,,,,,,,-0.521974801284122,,,,-1.71798538764288,,-0.049453939412306,,,,,,,,,,,,,,,62.3616,102,1169.50245098039,525.116666666667,1227.67156862745,1238.2637254902,1100.74117647059,568.904901960784,481.328431372549,1316.16666666667,1139.17647058824,0
395.8784,0.918607623592921,2.14445151408763,1.99145322837375,-0.868905205126924,1.06810097005969,,,,0.663612504569377,,-0.89913788540058,,,,,,,,,,,,,,,,,,,,-0.53453536541431,,,,-1.72662753285946,,-0.0389032956265535,,,,,,,,,,,,,,,62.464,103,1218.83398058252,656.210194174757,1231.26213592233,1294.68932038835,1142.9786407767,678.877669902913,633.542718446602,1335.43689320388,1127.08737864078,0
395.9808,0.875545098217154,2.11054068051487,1.9423319293303,-0.832754874917098,1.03710024753261,,,,0.692823861264558,,-0.898766206041695,,,,,,,,,,,,,,,,,,,,-0.547481022369735,,,,-1.73510127405867,,-0.0281401049073063,,,,,,,,,,,,,,,62.5664,102,1243.15147058824,659.749509803922,1205.08823529412,1318.77058823529,1167.53235294118,682.398039215686,637.100980392157,1307.85294117647,1102.32352941176,0
396.0832,0.831255846785121,2.07455097290646,1.89107236400411,-0.796491135957919,1.00588352467512,,,,0.720683210733703,,-0.896929928455117,,,,,,,,,,,,,,,,,,,,-0.560696874722416,,,,-1.74337374168645,,-0.0172110515582504,,,,,,,,,,,,,,,62.6688,103,1270.68203883495,652.571359223301,1179.95631067961,1350.4572815534,1190.90679611651,675.831067961165,629.311650485437,1279.06796116505,1080.84466019417,0
396.1856,0.785901026115984,2.03654406025031,1.83781504454694,-0.760169098333789,0.974468706229727,,,,0.747143566974299,,-0.893643213117397,,,,,,,,,,,,,,,,,,,,-0.574068764618671,,,,-1.75141356310884,,-0.00616528907897735,,,,,,,,,,,,,,,62.7712,102,978.054411764706,574.036764705882,1157.99509803922,1021.76176470588,934.34705882353,587.65,560.423529411765,1215.6862745098,1100.30392156863,0
396.288,0.739642595648375,1.99658522239508,1.78270337661324,-0.723841924803287,0.94287060296542,,,,0.772161180530404,,-0.88892375007757,,,,,,,,,,,,,,,,,,,,-0.587483907052533,,,,-1.75919103887599,,0.00494591588972964,,,,,,,,,,,,,,,62.8736,102,888.855882352941,524.623529411765,1124.63725490196,913.546078431373,864.16568627451,511.082352941177,538.164705882353,1139.37254901961,1109.90196078431,0
396.3904,0.692642773745315,1.95474353372716,1.72588344542583,-0.687560698303092,0.911101307651011,,,,0.795695571607379,,-0.882792815580662,,,,,,,,,,,,,,,,,,,,-0.600831532128855,,,,-1.76667831219496,,0.0160695458073858,,,,,,,,,,,,,,,62.976,103,916.245806206873,522.596788521269,1142.64868172411,951.314526812449,881.177085601298,521.900535341621,523.293041700918,1198.27683513293,1087.0205283153,0
396.4928,0.645063392397856,1.91109186959371,1.66750362137368,-0.651374252016209,0.879170533475285,,,,0.817709496394421,,-0.875275234368474,,,,,,,,,,,,,,,,,,,,-0.614003521194828,,,,-1.77384953685184,,0.02715120259646,,,,,,,,,,,,,,,63.0784,102,964.425577829937,502.36880466862,1102.17594741119,1010.57278037383,918.278375286041,509.748364485981,494.989244851259,1151.58644859813,1052.76544622426,0.803921568627451
396.5952,0.597065153765612,1.86570672952974,1.60771398332045,-0.615328982691679,0.847085899468829,,,,0.838168865334162,,-0.866399255538766,,,,,,,,,,,,,,,,,,,,-0.626895011867701,,,,-1.78068103709079,,0.0381354990200306,,,,,,,,,,,,,,,63.1808,103,1013.2401917278,479.389165722107,1051.64769349216,1070.1808411215,956.299542334096,492.170093457944,466.60823798627,1085.00934579439,1018.28604118993,1
396.6976,0.548806808351565,1.81866790625835,1.54666559109052,-0.57946867137915,0.814853166236816,,,,0.857042629168971,,-0.856196355901088,,,,,,,,,,,,,,,,,,,,-0.639404951786184,,,,-1.78715144491906,,0.0489664841039362,,,,,,,,,,,,,,,63.2832,102,1062.05480562566,456.409526775594,1001.11943957313,1129.78890186916,994.320709382151,474.591822429907,438.227231121281,1018.43224299065,983.806636155606,0.5
396.8,0.500444288798263,1.77005804941094,1.48450966063087,-0.543834316722834,0.782476453201138,,,,0.874302646287979,,-0.844700986197724,,,,,,,,,,,,,,,,,,,,-0.651436602016982,,,,-1.7932418038432,,0.0595881007968045,,,,,,,,,,,,,,,63.3856,102,1106.89184412018,434.71281280022,957.748469414926,1184.1993677845,1029.58432045587,461.820844786513,407.604780813927,965.800164925783,949.69677390407,0
396.9024,0.45212984133157,1.71996217128491,1.42139669923203,-0.508463968887685,0.749958481329324,,,,0.889923548958882,,-0.831950272694341,,,,,,,,,,,,,,,,,,,,-0.662898004448878,,,,-1.79893563899552,,0.0699446561525612,,,,,,,,,,,,,,,63.488,103,1128.19902912621,412.735922330097,938.946601941748,1210.43300970874,1045.96504854369,439.533980582524,385.93786407767,951.271844660194,926.621359223301,0
397.0048,0.404011195479352,1.66846712868013,1.35747564851159,-0.473392557647344,0.717300865633332,,,,0.903882632298404,,-0.817983685185175,,,,,,,,,,,,,,,,,,,,-0.673702419748541,,,,-1.80421900020765,,0.0799812778490326,,,,,,,,,,,,,,,63.5904,102,1117.24166666667,411.727450980392,925.710784313726,1194.17450980392,1040.30882352941,437.185294117647,386.269607843137,936.352941176471,915.068627450981,0
397.1072,0.356230806382595,1.61566109914958,1.29289306853665,-0.438651729364558,0.684504439908499,,,,0.916159793340105,,-0.802842687588898,,,,,,,,,,,,,,,,,,,,-0.683768726508455,,,,-1.80908048126087,,0.0896443396466351,,,,,,,,,,,,,,,63.6928,103,996.743689320388,457.400485436893,858.126213592233,1021.32427184466,972.163106796117,408.466019417476,506.334951456311,817.47572815534,898.776699029126,0
397.2096,0.308925199215888,1.56163305995196,1.22779238682397,-0.404269721949726,0.651569573009079,,,,0.926737542069173,,-0.786570392889355,,,,,,,,,,,,,,,,,,,,-0.693021767899509,,,,-1.81351121248789,,0.0988818516387853,,,,,,,,,,,,,,,63.7952,102,999.010294117647,444.203921568627,851.794117647059,1020.78921568627,977.23137254902,403.664705882353,484.743137254902,812.578431372549,891.009803921569,0
397.312,0.262224436574983,1.50647228407534,1.16231323464516,-0.370271300823457,0.618496457894497,,,,0.935601091048576,,-0.769211242362186,,,,,,,,,,,,,,,,,,,,-0.7013926463267,,,,-1.81750482389558,,0.10764381693185,,,,,,,,,,,,,,,63.8976,102,1011.12401960784,435.223039215686,860.774509803922,1044.79215686275,977.455882352941,413.519607843137,456.926470588235,828.519607843137,893.029411764706,0
397.4144,0.216251715079316,1.45026788073667,1.09659089269379,-0.336677758511995,0.585285388500169,,,,0.942738513999999,,-0.750810721426198,,,,,,,,,,,,,,,,,,,,-0.708818986438512,,,,-1.82105738192001,,0.115882555785603,,,,,,,,,,,,,,,64,103,1020.85825242718,516.554368932039,837.155339805825,1048.20582524272,993.510679611651,464.565048543689,568.543689320388,791.495145631068,882.815533980583,0
397.5168,0.171123083548113,1.3931084019389,1.03075585572396,-0.30350696164287,0.551937044205896,,,,0.948140949215848,,-0.731415114048855,,,,,,,,,,,,,,,,,,,,-0.715245194013971,,,,-1.82416730893306,,0.12355299850346,,,,,,,,,,,,,,,64.1024,102,997.087745098039,515.743137254902,813.514705882353,1001.75294117647,992.422549019608,429.233333333333,602.252941176471,747.421568627451,879.607843137255,0
397.6192,0.126947261565343,1.33508151386343,0.964933502260869,-0.270773420760505,0.518452785663222,,,,0.951802808348059,,-0.711071285907476,,,,,,,,,,,,,,,,,,,,-0.72062272848435,,,,-1.82683529564214,,0.13061295037271,,,,,,,,,,,,,,,64.2048,103,997.60145631068,509.547572815534,803.781553398058,1001.67475728155,993.528155339806,432.032038834951,587.063106796117,742.572815533981,864.990291262136,0
397.7216,0.0838255269203157,1.2762737221071,0.899243842616148,-0.23848835826677,0.484834951566102,,,,0.953721943059621,,-0.68982648214721,,,,,,,,,,,,,,,,,,,,-0.724910391453546,,,,-1.82906421320758,,0.13702333198748,,,,,,,,,,,,,,,64.3072,102,999.139215686274,521.903431372549,792.397058823529,1009.24607843137,989.032352941176,451.220588235294,592.586274509804,736.343137254902,848.450980392157,0
397.824,0.0418516463062581,1.21677015265905,0.833801330640091,-0.206659753817073,0.451087135875779,,,,0.953899736679938,,-0.667728136032179,,,,,,,,,,,,,,,,,,,,-0.728074626861816,,,,-1.83085903132383,,0.142748396085079,,,,,,,,,,,,,,,64.4096,102,1036.86911764706,559.596078431373,824.205882352941,1083.45294117647,990.285294117647,536.450980392157,582.741176470588,802.911764705882,845.5,0
397.9264,0.00111184448824298,1.15665440353593,0.768714746157927,-0.175292358651692,0.417214421779699,,,,0.952341127755631,,-0.644823698951551,,,,,,,,,,,,,,,,,,,,-0.73008982691497,,,,-1.83222675125111,,0.147755920468182,,,,,,,,,,,,,,,64.512,103,1067.64170846179,592.724727373119,886.167878341692,1143.14864951916,992.134767404408,620.964703446372,564.484751299867,899.222610776239,873.113145907146,0
398.0288,-0.0383151773478932,1.0960084743599,0.704087159545192,-0.144387693324753,0.383223563557003,,,,0.949054611378858,,-0.621160500467202,,,,,,,,,,,,,,,,,,,,-0.730938623351815,,,,-1.83317635643418,,0.152017376152597,,,,,,,,,,,,,,,64.6144,102,1065.32091232227,574.212618483412,913.175355450237,1142.09087677725,988.550947867298,607.716706161137,540.708530805687,928.733412322275,897.617298578199,0.529411764705882
398.1312,-0.0763581618748322,1.03491276078586,0.640015977279098,-0.113944060670777,0.349123131011182,,,,0.944052268087096,,-0.596785631906519,,,,,,,,,,,,,,,,,,,,-0.730612125312471,,,,-1.83371876702109,,0.155508069098542,,,,,,,,,,,,,,,64.7168,103,1061.90829383886,555.060663507109,937.221563981043,1138.71469194313,985.101895734597,590.204265402844,519.917061611374,955.208530805687,919.234597156398,1
398.2336,-0.112953145751595,0.973446086726641,0.576593055928177,-0.083956601446051,0.314923633260515,,,,0.937349836687104,,-0.571745839535564,,,,,,,,,,,,,,,,,,,,-0.729110071954758,,,,-1.83386677643272,,0.158207253241915,,,,,,,,,,,,,,,64.8192,102,1058.49567535545,535.908708530806,961.267772511848,1135.338507109,981.652843601896,572.69182464455,499.125592417062,981.6836492891,940.851895734597,0.637254901960784
398.336,-0.148043239940648,0.911685742687356,0.513904863327649,-0.0544174032641085,0.280637618122894,,,,0.928966810338168,,-0.5460874157727,,,,,,,,,,,,,,,,,,,,-0.726440890752404,,,,-1.83363495490141,,0.160098213435661,,,,,,,,,,,,,,,64.9216,102,1056.65767470495,516.760827293003,981.060670476722,1134.23263404888,979.082715361026,555.832118297556,477.689536288449,1003.45639345786,958.664947495586,0
398.4384,-0.181578362826576,0.849707503997309,0.452032655566143,-0.0253156574408709,0.246279733695645,,,,0.918926523268387,,-0.519856076038668,,,,,,,,,,,,,,,,,,,,-0.722621663882103,,,,-1.8330395176913,,0.16116831912503,,,,,,,,,,,,,,,65.024,103,1048.5432038835,476.961650485437,946.053398058253,1109.86893203884,987.217475728155,487.435922330097,466.487378640777,946.252427184466,945.854368932039,0
398.5408,-0.21351497013087,0.78758561891736,0.391052635948796,0.0033621548728657,0.211866751697885,,,,0.907256201407865,,-0.493096807573602,,,,,,,,,,,,,,,,,,,,-0.717678009298912,,,,-1.83209816776713,,0.161409052095629,,,,,,,,,,,,,,,65.1264,102,1059.59656862745,478.831862745098,933.700980392157,1132.12647058824,987.066666666667,492.517647058824,465.146078431373,930.5,936.901960784314,0
398.6432,-0.243815824925322,0.725392766058533,0.33103606880969,0.0316320712026425,0.177417563491956,,,,0.893986958346427,,-0.465853682948278,,,,,,,,,,,,,,,,,,,,-0.711643888738296,,,,-1.83082992770325,,0.160816012869817,,,,,,,,,,,,,,,65.2288,103,902.814563106796,501.295631067961,858.645631067961,936.377669902913,869.25145631068,454.816504854369,547.774757281553,797.407766990291,919.883495145631,0
398.7456,-0.272449831518759,0.663199977224296,0.272049330904062,0.0595124652099631,0.142953155984403,,,,0.879153732262627,,-0.438169640269441,,,,,,,,,,,,,,,,,,,,-0.704561352489453,,,,-1.82925497027365,,0.159388908168571,,,,,,,,,,,,,,,65.3312,102,904.253431372549,510.036764705882,854.303921568627,940.791176470588,867.71568627451,480.506862745098,539.566666666667,787.696078431373,920.911764705882,0
398.848,-0.29939193338137,0.601076530217699,0.214153903294233,0.0870238681168735,0.108496569542405,,,,0.862795178832496,,-0.410086239818895,,,,,,,,,,,,,,,,,,,,-0.696480218646028,,,,-1.82739444931994,,0.157131516908304,,,,,,,,,,,,,,,65.4336,102,907.03137254902,512.005882352941,846.063725490196,939.103921568628,874.958823529412,474.024509803922,549.987254901961,783.941176470588,908.186274509804,0
398.9504,-0.324623050559121,0.53908984336671,0.157406339979227,0.114188776592962,0.0740728442509821,,,,0.844953545398781,,-0.381643413833542,,,,,,,,,,,,,,,,,,,,-0.687457677036686,,,,-1.82527032998908,,0.154051627680348,,,,,,,,,,,,,,,65.536,103,1110.8927184466,539.506310679612,883.432038834951,1185.75145631068,1036.03398058252,548.282524271845,530.730097087379,866.699029126214,900.165048543689,0
399.0528,-0.348130009255054,0.477305413937212,0.101858270505532,0.141031431049072,0.0397089632165503,,,,0.825674549304627,,-0.352879230720423,,,,,,,,,,,,,,,,,,,,-0.677557812033086,,,,-1.82290521633968,,0.150160938363025,,,,,,,,,,,,,,,65.6384,102,1123.0112745098,540.202941176471,889.975490196079,1195.79509803922,1050.22745098039,549.288235294118,531.117647058824,875.990196078431,903.960784313726,0
399.1552,-0.369905410620981,0.415786817202477,0.0475564804103292,0.167577555528012,0.00543378929954314,,,,0.80500727440221,,-0.323829696272777,,,,,,,,,,,,,,,,,,,,-0.666851046996256,,,,-1.82032216993852,,0.145474911206085,,,,,,,,,,,,,,,65.7408,103,1122.29805825243,537.135922330097,893.597087378641,1195.15825242718,1049.43786407767,543.450485436893,530.821359223301,880.825242718447,906.368932038835,0
399.2576,-0.38994740449686,0.354595755857972,-0.00545691618179663,0.193854060743295,-0.0287220234559332,,,,0.783004087560795,,-0.294528610008533,,,,,,,,,,,,,,,,,,,,-0.655413525268087,,,,-1.81754451353496,,0.140012585077822,,,,,,,,,,,,,,,65.8432,102,1125.33333333333,541.120588235294,899.759803921569,1199.49215686275,1051.17450980392,541.71568627451,540.525490196079,884.823529411765,914.696078431373,0
399.36,-0.408259368643291,0.293792144217354,-0.0571442224803477,0.219888729481355,-0.0627261577644787,,,,0.759720561471219,,-0.265007477975782,,,,,,,,,,,,,,,,,,,,-0.643326459578975,,,,-1.8145956274153,,0.133796353351005,,,,,,,,,,,,,,,65.9456,102,1123.04362745098,543.124019607843,902.602941176471,1196.27156862745,1049.81568627451,542.395098039216,543.852941176471,885.676470588235,919.529411764706,0
399.4624,-0.424849536501082,0.233434208211148,-0.107471862657076,0.245709917460961,-0.0965447956513925,,,,0.735215372859451,,-0.235295462913168,,,,,,,,,,,,,,,,,,,,-0.630675492348236,,,,-1.81149875930765,,0.12685172162048,,,,,,,,,,,,,,,66.048,103,958.068932038835,497.414563106796,881.325242718447,990.187378640777,925.950485436893,459.299029126214,535.530097087379,835.04854368932,927.601941747573,0
399.5648,-0.439730642054177,0.173578577656088,-0.15641010117304,0.271346290362983,-0.130142802848658,,,,0.709550140839387,,-0.205419354810906,,,,,,,,,,,,,,,,,,,,-0.617550103564415,,,,-1.80827686147606,,0.119207069905589,,,,,,,,,,,,,,,66.1504,102,920.854901960784,480.357352941177,881.975490196079,941.726470588235,899.983333333333,424.873529411765,535.841176470588,824.254901960784,939.696078431373,0
399.6672,-0.45291963077442,0.114280360252395,-0.20393281506412,0.296826582874927,-0.16348392806685,,,,0.682789193857461,,-0.175403570300811,,,,,,,,,,,,,,,,,,,,-0.604043081303633,,,,-1.80495244774348,,0.110893446005124,,,,,,,,,,,,,,,66.2528,103,924.037378640777,474.254854368932,881.407766990291,943.369902912621,904.704854368932,419.118446601942,529.391262135922,819.669902912622,943.145631067961,0
399.7696,-0.464437441582155,0.0555932033032834,-0.25001731825299,0.322179346727122,-0.196531018586828,,,,0.654999285068378,,-0.145270202287707,,,,,,,,,,,,,,,,,,,,-0.590250043060161,,,,-1.80154745616903,,0.1019443992111,,,,,,,,,,,,,,,66.3552,102,925.551470588235,479.5,881.637254901961,946.23431372549,904.86862745098,418.21862745098,540.78137254902,817.450980392157,945.823529411765,0
399.872,-0.474308833331481,-0.00243065218419349,-0.294644218427479,0.347432671361542,-0.229246261415432,,,,0.626249281626216,,-0.115039125978257,,,,,,,,,,,,,,,,,,,,-0.576268982810895,,,,-1.7980831166004,,0.092395839846782,,,,,,,,,,,,,,,66.4576,102,784.215196078432,533.322549019608,932.220588235294,832.161764705882,736.26862745098,537.660784313726,528.98431372549,907.509803921569,956.93137254902,0
399.9744,-0.482562213314859,-0.0597403246490166,-0.337797279981065,0.372613885873646,-0.261591459204523,,,,0.596609845605177,,-0.0847281491860348,,,,,,,,,,,,,,,,,,,,-0.562199823459813,,,,-1.79457982907343,,0.0822858948601146,,,,,,,,,,,,,,,66.56,103,667.004368932039,566.767961165049,985.966019417476,734.529126213592,599.479611650486,594.053398058253,539.482524271845,979.834951456311,992.097087378641,0
400.0768,-0.489229426558713,-0.116286245585039,-0.37946326303457,0.397749257661877,-0.293528338617122,,,,0.566153126943815,,-0.0543531945932865,,,,,,,,,,,,,,,,,,,,-0.548143962700119,,,,-1.79105704394592,,0.0716547335303426,,,,,,,,,,,,,,,66.6624,102,669.244117647059,563.404901960784,997.803921568627,733.311764705882,605.176470588235,589.341176470588,537.468627450981,992,1003.60784313726,0
400.1792,-0.494345493314497,-0.172020106777546,-0.419631726221569,0.422863698236425,-0.325018879348669,,,,0.534952482439848,,-0.0239285104362408,,,,,,,,,,,,,,,,,,,,-0.534203805685982,,,,-1.78753312582759,,0.0605443610588503,,,,,,,,,,,,,,,66.7648,103,672.166990291262,569.381067961165,998.320388349515,735.329126213592,609.004854368932,604.149514563107,534.612621359223,994.621359223301,1002.01941747573,0
400.2816,-0.497948316050702,-0.226894809817937,-0.458294812143988,0.44798048389799,-0.356025652163199,,,,0.503082212279893,,0.00653309414539273,,,,,,,,,,,,,,,,,,,,-0.520482277449119,,,,-1.78402520040332,,0.0489983908510863,,,,,,,,,,,,,,,66.8672,102,858.935784313726,492.860784313726,986.362745098039,922.125490196079,795.746078431373,526.991176470588,458.730392156863,981.647058823529,991.078431372549,0
400.384,-0.500078380760359,-0.28086443433266,-0.495447041742225,0.473120997278739,-0.386512154882781,,,,0.470617306531553,,0.0370200013321738,,,,,,,,,,,,,,,,,,,,-0.507082298240144,,,,-1.78054900128114,,0.0370617869026904,,,,,,,,,,,,,,,66.9696,102,1150.34754901961,403.824019607843,1002.18137254902,1229.83921568627,1070.85588235294,446.201960784314,361.446078431373,1021.48039215686,982.882352941176,0
400.4864,-0.500778454098523,-0.3338842226002,-0.531085116970807,0.498304488852756,-0.416443129824723,,,,0.437633223814034,,0.0675215360315861,,,,,,,,,,,,,,,,,,,,-0.494106201517218,,,,-1.77711873192635,,0.024780549540353,,,,,,,,,,,,,,,67.072,103,1152.53640776699,408.497572815534,1027.28155339806,1234.10970873786,1070.96310679612,448.776699029126,368.218446601942,1075.61165048544,978.95145631068,0
400.5888,-0.50009325985589,-0.385910556545748,-0.565207705646538,0.523547849031637,-0.445784844021427,,,,0.404205732479712,,0.0980277164673145,,,,,,,,,,,,,,,,,,,,-0.481655090503319,,,,-1.77374694379165,,0.0122013338681375,,,,,,,,,,,,,,,67.1744,102,1152.50490196078,402.192156862745,1038.37254901961,1234.3068627451,1070.70294117647,447.490196078431,356.894117647059,1099.74509803922,977,0
400.6912,-0.498069121785342,-0.436900914198602,-0.597815191872396,0.548865380860659,-0.474505326226887,,,,0.370410812967707,,0.128529000968269,,,,,,,,,,,,,,,,,,,,-0.469828150342104,,,,-1.77044441727273,,-0.00062898084292383,,,,,,,,,,,,,,,67.2768,103,910.360194174757,349.907766990291,1046.67961165049,973.778640776699,846.941747572816,380.345631067961,319.469902912621,1112.56310679612,980.796116504854,0
400.7936,-0.494753581214716,-0.486813823835231,-0.628909409347535,0.5742685756532,-0.502574571788119,,,,0.336324586584504,,0.159016038947693,,,,,,,,,,,,,,,,,,,,-0.458721945041051,,,,-1.76722003192377,,-0.013663738506502,,,,,,,,,,,,,,,67.3792,102,821.977941176471,329.555392156863,1055.44117647059,872.797058823529,771.158823529412,352.810784313726,306.3,1121.16666666667,989.71568627451,0
400.896,-0.490195027996274,-0.535608845963769,-0.65849340140366,0.599765913699303,-0.529964730229215,,,,0.302023228698293,,0.189479442438294,,,,,,,,,,,,,,,,,,,,-0.448429736684818,,,,-1.76408063899683,,-0.0268569345858875,,,,,,,,,,,,,,,67.4816,102,757.100980392157,343.856862745098,1059.03921568627,809.291176470588,704.910784313725,377.724509803922,309.989215686275,1127.51960784314,990.558823529412,0
400.9984,-0.484442397386914,-0.583246602160092,-0.68657125288356,0.625362719403727,-0.556650283124653,,,,0.267582840122389,,0.219909589976708,,,,,,,,,,,,,,,,,,,,-0.439040866050291,,,,-1.76103097345496,,-0.0401635951037523,,,,,,,,,,,,,,,67.584,103,598.841486183719,407.236221060493,1065.6288274832,651.203360716953,546.479611650486,466.566616878267,347.905825242718,1141.17998506348,990.077669902913,0
401.1008,-0.477544961214965,-0.629688849757689,-0.713148010717673,0.651061076951363,-0.582608205248545,,,,0.233079280501465,,0.250296460463646,,,,,,,,,,,,,,,,,,,,-0.430640212429159,,,,-1.75807362280914,,-0.0535400932968523,,,,,,,,,,,,,,,67.6864,102,569.253971746644,424.775493328511,1069.47888605647,619.396736596737,519.111206896552,476.817365967366,372.733620689655,1136.09324009324,1002.8645320197,0.127450980392157
401.2032,-0.469552202049938,-0.674898577064908,-0.738229669410552,0.676859777605048,-0.607818083785068,,,,0.198587991349232,,0.280629480973619,,,,,,,,,,,,,,,,,,,,-0.423307716768875,,,,-1.75520903001023,,-0.066944400905475,,,,,,,,,,,,,,,67.7888,103,527.424933687003,452.978647214854,1069.18169761273,576.915384615385,477.934482758621,492.753846153846,413.203448275862,1119.84615384615,1018.51724137931,1
401.3056,-0.460513731724649,-0.718840080278253,-0.761823171774516,0.702754262845938,-0.632262171970198,,,,0.164183833497835,,0.310897371474862,,,,,,,,,,,,,,,,,,,,-0.417117939813599,,,,-1.75243550238262,,-0.0803362680462556,,,,,,,,,,,,,,,67.8912,102,485.595895627361,481.181801101198,1068.88450916899,534.434032634033,436.75775862069,508.690326340326,453.673275862069,1103.59906759907,1034.16995073892,1
401.408,-0.450479190449641,-0.76147899185298,-0.783936365440355,0.728736550769716,-0.655925377219078,,,,0.129940949668354,,0.34108798073982,,,,,,,,,,,,,,,,,,,,-0.412139636514479,,,,-1.74974922555929,,-0.0936773388469103,,,,,,,,,,,,,,,67.9936,102,443.977815110853,509.227432717722,1068.58427897322,492.159906759907,395.795723461799,524.549067599068,493.905797836376,1087.43123543124,1049.73732251521,0.0980392156862745
401.5104,-0.439498050444134,-0.802782243893328,-0.804577857230416,0.754795155111834,-0.67879519547007,,,,0.0959326616811765,,0.371188117283646,,,,,,,,,,,,,,,,,,,,-0.408435337198164,,,,-1.74714429698475,,-0.106931238333932,,,,,,,,,,,,,,,68.096,103,428.265632425827,520.854867947586,1063.16847715391,477.511847375925,379.019417475728,541.422357254396,500.287378640777,1075.85151741462,1050.4854368932,0
401.6128,-0.427619286367885,-0.842717960999275,-0.823756738399223,0.780915016388826,-0.700861596052714,,,,0.0622314121685744,,0.401183382844786,,,,,,,,,,,,,,,,,,,,-0.406060933660801,,,,-1.74461278368389,,-0.120063668502049,,,,,,,,,,,,,,,68.1984,102,689.482843137255,656.599509803922,973.220588235294,697.821568627451,681.144117647059,603.020588235294,710.178431372549,906.93137254902,1039.50980392157,0
401.7152,-0.414890943496304,-0.88125529943406,-0.841482211055989,0.807077471299258,-0.722116858603245,,,,0.0289087456628204,,0.431058022762898,,,,,,,,,,,,,,,,,,,,-0.405065277808896,,,,-1.74214479258315,,-0.133042527308569,,,,,,,,,,,,,,,68.3008,103,850.217475728155,693.934466019417,866.529126213592,810.250485436893,890.184466019418,569.464077669903,818.404854368932,718.990291262136,1014.06796116505,0
401.8176,-0.401359668975569,-0.918364274399782,-0.857763183881343,0.83326028364927,-0.742555369641074,,,,-0.00396469113760594,,0.460794813485961,,,,,,,,,,,,,,,,,,,,-0.405489799451781,,,,-1.73972853770521,,-0.145838052204229,,,,,,,,,,,,,,,68.4032,102,883.350490196079,661.843137254902,817.161764705882,851.63431372549,915.066666666667,497.063725490196,826.622549019608,634.303921568627,1000.01960784314,0
401.92,-0.387070265608367,-0.954015620572355,-0.872607903848199,0.859437739378897,-0.76217339463464,,,,-0.0363191461089656,,0.490374998739059,,,,,,,,,,,,,,,,,,,,-0.407368136761491,,,,-1.73735039989214,,-0.158422988670533,,,,,,,,,,,,,,,68.5056,102,922.283823529412,676.41862745098,766.75,860.974509803922,983.593137254902,508.367647058824,844.469607843137,561.509803921569,971.990196078431,0
402.0224,-0.372065313815984,-0.988180715017717,-0.886023671483856,0.885580785457527,-0.780968846475241,,,,-0.0680857556040153,,0.519778269360374,,,,,,,,,,,,,,,,,,,,-0.410725764830667,,,,-1.73499498813211,,-0.170772769202351,,,,,,,,,,,,,,,68.608,103,1336.48980582524,809.984466019418,865.519417475728,1423.72330097087,1249.25631067961,743.782524271845,876.18640776699,814.126213592233,916.912621359223,0
402.1248,-0.356384875394579,-1.02083156244307,-0.898016648055919,0.911657187642594,-0.798941057674974,,,,-0.0991965226541941,,0.548982773641822,,,,,,,,,,,,,,,,,,,,-0.415579611089536,,,,-1.73264521809616,,-0.182865676613128,,,,,,,,,,,,,,,68.7104,102,1367.32058823529,830.357843137255,849.906862745098,1450.35,1284.29117647059,781.801960784314,878.913725490196,817.205882352941,882.607843137255,0
402.2272,-0.340066241700514,-1.05194080975643,-0.908591709667659,0.937631694752919,-0.816090536464517,,,,-0.129584265703038,,0.57796514669746,,,,,,,,,,,,,,,,,,,,-0.421937656242783,,,,-1.73028242543297,,-0.194682979559286,,,,,,,,,,,,,,,68.8128,103,1333.17669902913,813.906796116505,780.067961165049,1346.4572815534,1319.89611650485,752.034951456311,875.778640776699,714.135922330097,846,0
402.3296,-0.323143672332908,-1.08148175448653,-0.917752291405773,0.963466219214352,-0.832418678373947,,,,-0.159182538245695,,0.60670055746093,,,,,,,,,,,,,,,,,,,,-0.429798536711375,,,,-1.72788652561279,,-0.206209048357276,,,,,,,,,,,,,,,68.9152,102,1310.49117647059,791.202941176471,696.642156862745,1276.62745098039,1344.35490196078,714.856862745098,867.549019607843,585.872549019608,807.411764705882,0
402.432,-0.305648102273194,-1.10942834574775,-0.925500207050485,0.989120063828755,-0.847927420344153,,,,-0.187925537236192,,0.635162786913725,,,,,,,,,,,,,,,,,,,,-0.439151179036575,,,,-1.72543621953238,,-0.217431465520478,,,,,,,,,,,,,,,69.0176,102,1335.71323529412,800.852450980392,721.127450980392,1333.4362745098,1337.99019607843,728.680392156863,873.024509803922,647.578431372549,794.676470588235,0
402.5344,-0.287606828284754,-1.13575520875094,-0.931835471607159,1.01455022433349,-0.862618847975229,,,,-0.21574802817639,,0.663324355476538,,,,,,,,,,,,,,,,,,,,-0.449974492182936,,,,-1.72290923762183,,-0.22834113843013,,,,,,,,,,,,,,,69.12,103,1306.22718446602,782.144174757282,761.577669902913,1381.83398058252,1230.62038834951,744.845631067961,819.442718446602,711.553398058253,811.601941747573,0
402.6368,-0.269043200874293,-1.16043773299532,-0.936756169558756,1.03971177366738,-0.876494795256509,,,,-0.242585318461274,,0.691156704343218,,,,,,,,,,,,,,,,,,,,-0.46223712865042,,,,-1.72028261527275,,-0.23893240678493,,,,,,,,,,,,,,,69.2224,102,1328.10049019608,783.237745098039,781.808823529412,1407.58431372549,1248.61666666667,745.994117647059,820.48137254902,734.411764705882,829.205882352941,0
402.7392,-0.249976356378859,-1.18345224650861,-0.940258405044674,1.06455830233222,-0.889556492536719,,,,-0.268373297990764,,0.718630416159236,,,,,,,,,,,,,,,,,,,,-0.475897317552368,,,,-1.71753298709712,,-0.249203129438226,,,,,,,,,,,,,,,69.3248,103,1120.21796116505,723.14854368932,744.422330097087,1138.71650485437,1101.71941747573,644.602912621359,801.694174757282,632.038834951456,856.805825242719,0
402.8416,-0.230421015773574,-1.20477625514316,-0.942336336457873,1.08904236693798,-0.901804295631842,,,,-0.293048535372452,,0.745715446342755,,,,,,,,,,,,,,,,,,,,-0.490902777883406,,,,-1.7146368804233,,-0.259154740628194,,,,,,,,,,,,,,,69.4272,102,923.946568627451,664.48431372549,745.789215686275,900.501960784314,947.391176470588,561.752941176471,767.21568627451,588.117647058824,903.460784313726,0
402.944,-0.210387355679887,-1.224388692794,-0.94298226289988,1.11311590277673,-0.913237487468164,,,,-0.316548402627997,,0.772381336422199,,,,,,,,,,,,,,,,,,,,-0.507190729343202,,,,-1.71157099315786,,-0.268792268665414,,,,,,,,,,,,,,,69.5296,102,919.923529411765,663.117156862745,766.808823529412,888.830392156863,951.016666666667,561.743137254902,764.491176470588,605.764705882353,927.852941176471,0
403.0464,-0.189880954122679,-1.242270143334,-0.942186738036063,1.13673058632867,-0.923854127374811,,,,-0.338811219901384,,0.798597400092712,,,,,,,,,,,,,,,,,,,,-0.524688010110347,,,,-1.70831245397545,,-0.278124306819485,,,,,,,,,,,,,,,69.632,103,691.862621359223,715.578640776699,898.815533980583,752.57572815534,631.149514563107,688.104854368932,743.052427184466,845.669902912622,951.961165048544,0
403.1488,-0.168902834438843,-1.25840303424912,-0.93993872579789,1.15983816549842,-0.933650929190977,,,,-0.359776432392892,,0.824332896156785,,,,,,,,,,,,,,,,,,,,-0.543311285571731,,,,-1.7048390686346,,-0.287162933942027,,,,,,,,,,,,,,,69.7344,102,662.235172634271,742.883610400682,911.568243819267,722.345737425405,602.124607843137,739.365750213129,746.401470588235,868.240409207161,954.896078431373,0
403.2512,-0.147449635997486,-1.27277181076363,-0.936225821475255,1.18239078195458,-0.942623149176281,,,,-0.379384822188772,,0.849557202249388,,,,,,,,,,,,,,,,,,,,-0.562967320131454,,,,-1.70112955145873,,-0.295923599157216,,,,,,,,,,,,,,,69.8368,103,529.680046583851,847.371040372671,921.968944099379,548.385093167702,510.975,942.909937888199,751.832142857143,891.795031055901,952.142857142857,0.83495145631068
403.3536,-0.125513910886653,-1.28536307577323,-0.931034527927646,1.20434128577163,-0.950764463944074,,,,-0.39757873041508,,0.874239979120396,,,,,,,,,,,,,,,,,,,,-0.583553297280626,,,,-1.69716373379484,,-0.304424988634173,,,,,,,,,,,,,,,69.9392,102,390.950116459627,956.611529503106,932.600931677019,364.712732919255,417.1875,1155.8998447205,757.323214285714,915.987577639751,949.214285714286,1
403.456,-0.103084514231147,-1.29616567109136,-0.92435055067254,1.22564351637662,-0.958066838711018,,,,-0.41430225533251,,0.898351300155543,,,,,,,,,,,,,,,,,,,,-0.604957187951993,,,,-1.69292274088083,,-0.31268888318907,,,,,,,,,,,,,,,70.0416,102,285.132041316527,913.570885854342,932.418907563025,246.406582633053,323.8575,1064.35427170868,762.7875,918.53781512605,946.3,0.303921568627451
403.5584,-0.0801470450060608,-1.30517069160935,-0.916159079624594,1.24625252464132,-0.964520413847396,,,,-0.429501413281203,,0.921861729405646,,,,,,,,,,,,,,,,,,,,-0.627058170557993,,,,-1.68838913545513,,-0.320740009028834,,,,,,,,,,,,,,,70.144,103,332.591383495146,706.064545769764,896.589459084605,375.652427184466,289.530339805825,652.715533980583,759.413557558946,850.990291262136,942.188626907074,0
403.6608,-0.0566842947069682,-1.31237143696785,-0.906445034195587,1.26612472961113,-0.970113441010985,,,,-0.443124280356892,,0.944742346279783,,,,,,,,,,,,,,,,,,,,-0.649727107382802,,,,-1.68354703010995,,-0.328605880390361,,,,,,,,,,,,,,,70.2464,102,1006.72009803922,652.617647058824,908.656862745098,1074.63137254902,938.808823529412,642.933333333333,662.301960784314,877.607843137255,939.705882352941,0
403.7632,-0.0326766784958256,-1.31776331215272,-0.895193263653324,1.28521802425697,-0.974832281586767,,,,-0.455121144469976,,0.966964730213628,,,,,,,,,,,,,,,,,,,,-0.67282708669222,,,,-1.67838216889384,,-0.336316629132254,,,,,,,,,,,,,,,70.3488,103,1127.38689320388,659.665533980583,923.082524271845,1217.09805825243,1037.67572815534,650.353398058253,668.977669902913,910.320388349515,935.844660194175,0
403.8656,-0.00810266322886752,-1.32134370654629,-0.882388731248328,1.30349186443225,-0.9786614686051,,,,-0.465444692699693,,0.988500936705503,,,,,,,,,,,,,,,,,,,,-0.696214045618702,,,,-1.67288198197625,,-0.343904816985527,,,,,,,,,,,,,,,70.4512,102,1128.25,650.777450980392,917.264705882353,1213.58333333333,1042.91666666667,644.504901960784,657.05,896.941176470588,937.588235294118,0
403.968,0.017060764628778,-1.3231118919494,-0.868016735579549,1.32090737516795,-0.981583834356813,,,,-0.474050254705337,,1.00932349664212,,,,,,,,,,,,,,,,,,,,-0.719737492420977,,,,-1.66703562230703,,-0.351405226741134,,,,,,,,,,,,,,,70.5536,102,925.671568627451,602.827941176471,794.906862745098,914.86568627451,936.477450980392,529.150980392157,676.504901960784,684.28431372549,905.529411764706,0
404.0704,0.0428375615246771,-1.32306895933096,-0.852063200652256,1.33742747720328,-0.98358070674796,,,,-0.480896109804519,,1.02940544368716,,,,,,,,,,,,,,,,,,,,-0.743241342162769,,,,-1.66083398890819,,-0.358854624388751,,,,,,,,,,,,,,,70.656,103,920.036893203883,613.865048543689,763.019417475728,909.682524271845,930.391262135922,536.533980582524,691.196116504854,629.95145631068,896.087378640777,0
404.1728,0.0692520298250176,-1.32121778195743,-0.834515020221493,1.35301700367663,-0.984632172119275,,,,-0.485943835272122,,1.04872034994266,,,,,,,,,,,,,,,,,,,,-0.766564865682876,,,,-1.65426973243363,,-0.366291484452412,,,,,,,,,,,,,,,70.7584,102,929.789215686274,624.596078431373,754.911764705882,926.51568627451,933.062745098039,545.921568627451,703.270588235294,623.362745098039,886.460784313726,0
404.2752,0.0963282013792196,-1.31756297647896,-0.81536041278964,1.36764277513578,-0.98471738710698,,,,-0.489158651667456,,1.06724235178585,,,,,,,,,,,,,,,,,,,,-0.789543733026805,,,,-1.6473372369264,,-0.373755679799368,,,,,,,,,,,,,,,70.8608,103,832.49854368932,727.050970873786,804.417475728155,870.445631067961,794.55145631068,675.536893203884,778.565048543689,735.04854368932,873.78640776699,0
404.3776,0.124089240357957,-1.31211083443411,-0.794589245054552,1.3812736237517,-0.983814903528115,,,,-0.49050972523227,,1.08494616259617,,,,,,,,,,,,,,,,,,,,-0.812011116149206,,,,-1.64003257654228,,-0.381288145013161,,,,,,,,,,,,,,,70.9632,102,790.775980392157,762.142156862745,843.049019607843,832.9,748.651960784314,732.772549019608,791.511764705882,798.43137254902,887.666666666667,0
404.48,0.152556876343138,-1.30486921436124,-0.772193310510308,1.39388037847191,-0.981902971377199,,,,-0.489970405935951,,1.10180707974031,,,,,,,,,,,,,,,,,,,,-0.833798813700401,,,,-1.6323534482726,,-0.388930523124796,,,,,,,,,,,,,,,71.0656,102,797.59362745098,757.150980392157,847.43137254902,838.841176470588,756.346078431373,719.735294117647,794.566666666667,802.039215686274,892.823529411765,0
404.5824,0.181750847089573,-1.2958474158711,-0.748166590094883,1.40543583321637,-0.978959816347238,,,,-0.487518401453743,,1.11780099947971,,,,,,,,,,,,,,,,,,,,-0.854738377222949,,,,-1.62429908028262,,-0.396724801910693,,,,,,,,,,,,,,,71.168,103,792.311650485437,601.721359223301,885.650485436893,841.216504854369,743.406796116505,629.866019417476,573.576699029126,867.077669902913,904.223300970874,0
404.6848,0.211688317954018,-1.28505607698491,-0.722505542701271,1.41591472482875,-0.974963922252553,,,,-0.483135907501542,,1.13290445796926,,,,,,,,,,,,,,,,,,,,-0.874662235032981,,,,-1.61587011804799,,-0.404712942452829,,,,,,,,,,,,,,,71.2704,102,771.606514014275,495.036940372124,901.153479503257,827.914907727797,715.298120300752,550.431156286044,439.642724458204,890.35553633218,911.951422674333,0
404.7872,0.242383260799142,-1.27250712868356,-0.695209458713949,1.42529374315734,-0.969894348027442,,,,-0.476809725004039,,1.14709471269839,,,,,,,,,,,,,,,,,,,,-0.893404810309624,,,,-1.60706849690838,,-0.412936504270654,,,,,,,,,,,,,,,71.3728,103,737.014971251659,486.598916408669,909.661875276426,788.705882352941,685.324060150376,537.829411764706,435.368421052632,902.647058823529,916.676691729323,0.961165048543689
404.8896,0.273845800950646,-1.25821382198305,-0.666280881440069,1.43355157494455,-0.963731082677644,,,,-0.468531389414581,,1.16034986245944,,,,,,,,,,,,,,,,,,,,-0.910803619933894,,,,-1.59789730845142,,-0.421436273980625,,,,,,,,,,,,,,,71.4752,102,702.242152255639,478.223190789474,918.254542606516,749.0625,655.421804511278,525.39375,431.052631578947,915.208333333333,921.300751879699,1
404.992,0.306081556065034,-1.24219082881712,-0.635726082547035,1.44066895416687,-0.956455430960758,,,,-0.458297318025092,,1.1726489875965,,,,,,,,,,,,,,,,,,,,-0.926700333398001,,,,-1.58836065921478,,-0.430251896817792,,,,,,,,,,,,,,,71.5776,102,667.676786635707,469.895288312693,926.754063467492,709.6125,625.741073271414,513.01875,426.771826625387,927.708333333333,925.799793601651,0.0980392156862745
405.0944,0.339091001556445,-1.22445440379178,-0.603555561511093,1.44662867998498,-0.948050428984318,,,,-0.446108958167296,,1.18397229169755,,,,,,,,,,,,,,,,,,,,-0.940941769867762,,,,-1.57846352050098,,-0.43942150070173,,,,,,,,,,,,,,,71.68,103,743.355454026271,485.630910908053,915.260137064535,792.751684751571,693.959223300971,508.522986864649,462.738834951456,910.170759565962,920.349514563107,0
405.1968,0.372868903118096,-1.2050225793909,-0.569784525826374,1.45141558109331,-0.938501281164122,,,,-0.431972911678078,,1.19430123815022,,,,,,,,,,,,,,,,,,,,-0.953380818840303,,,,-1.56821157800333,,-0.448981308890081,,,,,,,,,,,,,,,71.7824,102,1320.29901960784,739.139705882353,860.009803921569,1428.90294117647,1211.69509803922,721.556862745098,756.722549019608,840.196078431373,879.823529411765,0
405.2992,0.407403849517729,-1.18391536164264,-0.534433309570152,1.45501642862933,-0.927795789996665,,,,-0.415901018580179,,1.20361868285363,,,,,,,,,,,,,,,,,,,,-0.963877281703934,,,,-1.55761108846826,,-0.458965253241672,,,,,,,,,,,,,,,71.8848,103,1346.03446601942,760.717475728155,880.019417475728,1456.59417475728,1235.47475728155,746.348543689321,775.08640776699,872.038834951456,888,0
405.4016,0.442677914087157,-1.16115489848304,-0.497527694331009,1.45741980821833,-0.915924744004767,,,,-0.397910390251682,,1.21190900117678,,,,,,,,,,,,,,,,,,,,-0.972298634610331,,,,-1.54666873930842,,-0.469404609076634,,,,,,,,,,,,,,,71.9872,102,1364.01960784314,773.145588235294,903.799019607843,1475.80294117647,1252.2362745098,760.542156862745,785.749019607843,907.78431372549,899.813725490196,0
405.504,0.47866646910046,-1.13676560847455,-0.459099109356964,1.4586159671558,-0.90288224197652,,,,-0.378023392810318,,1.21915820440179,,,,,,,,,,,,,,,,,,,,-0.978520715888102,,,,-1.53539151067457,,-0.480327669648513,,,,,,,,,,,,,,,72.0896,103,1376.88300970874,767.211650485437,917.359223300971,1483.98155339806,1269.78446601942,769.146601941748,765.276699029126,928.73786407767,905.980582524272,0
405.6064,0.515338146642548,-1.1107742757272,-0.419184718759546,1.4585966681089,-0.888665949775437,,,,-0.356267600457696,,1.22535404852558,,,,,,,,,,,,,,,,,,,,-0.982428361912447,,,,-1.52378655792675,,-0.491759461915182,,,,,,,,,,,,,,,72.192,102,1391.43970588235,764.23431372549,909.980392156863,1494.50294117647,1288.37647058824,768.500980392157,759.967647058824,925.156862745098,894.803921568627,0
405.7088,0.552654905558221,-1.08321012271144,-0.377827428500605,1.45735509047391,-0.873277297440715,,,,-0.332675745472509,,1.23048615077905,,,,,,,,,,,,,,,,,,,,-0.983916028380172,,,,-1.51186113909574,,-0.503721489779712,,,,,,,,,,,,,,,72.2944,102,1214.20980392157,717.478921568628,897.480392156863,1312.54509803922,1115.87450980392,714.402941176471,720.554901960784,893.176470588235,901.78431372549,0
405.8112,0.590572169285073,-1.05410486956616,-0.335075840619521,1.45488580114896,-0.856721628524603,,,,-0.307285672618931,,1.23454612961731,,,,,,,,,,,,,,,,,,,,-0.982888401885166,,,,-1.49962259511271,,-0.516231501050332,,,,,,,,,,,,,,,72.3968,103,1146.58834951456,666.605825242719,875.228155339806,1236.21165048544,1056.96504854369,631.697087378641,701.514563106796,826.291262135922,924.165048543689,0
405.9136,0.629039017796495,-1.02349278857,-0.290984170819288,1.45118477519484,-0.83900831995242,,,,-0.280140284928571,,1.23752776479865,,,,,,,,,,,,,,,,,,,,-0.979260962881887,,,,-1.48707836768988,,-0.52930328931745,,,,,,,,,,,,,,,72.4992,102,1185.40343137255,653.559803921569,857.357843137255,1287.89215686275,1082.91470588235,609.306862745098,697.812745098039,801.294117647059,913.421568627451,0
406.016,0.667998409467118,-0.99141075955645,-0.245612148193055,1.44624942392802,-0.820150896483096,,,,-0.251287468706977,,1.23942715513024,,,,,,,,,,,,,,,,,,,,-0.972960465209752,,,,-1.47423603172532,,-0.54294652394111,,,,,,,,,,,,,,,72.6016,103,1225.77718446602,664.049029126214,848.655339805825,1333.09611650485,1118.45825242718,641.428155339806,686.669902912621,816.145631067961,881.165048543689,0
406.1184,0.707387402546577,-0.957898325177173,-0.199024915091899,1.44007860663491,-0.800167154738903,,,,-0.22077999798851,,1.24024285474642,,,,,,,,,,,,,,,,,,,,-0.963925331757749,,,,-1.46110332664587,,-0.557166581966186,,,,,,,,,,,,,,,72.704,102,1102.4862745098,660.652941176471,811.004901960784,1169.7,1035.27254901961,604.292156862745,717.013725490196,750.852941176471,871.156862745098,0
406.2208,0.74713737250961,-0.922997746824259,-0.151292929977713,1.43267263471133,-0.77907929123601,,,,-0.188675422312748,,1.23997598628317,,,,,,,,,,,,,,,,,,,,-0.952105973345634,,,,-1.44768818210378,,-0.571964382344934,,,,,,,,,,,,,,,72.8064,102,886.248529411765,659.752450980392,760.25,909.539215686275,862.957843137255,533.405882352941,786.099019607843,629.735294117647,890.764705882353,0
406.3232,0.787174252178115,-0.886754068554839,-0.102491861521121,1.42403328835924,-0.756914016214264,,,,-0.155035929047696,,1.2386303406848,,,,,,,,,,,,,,,,,,,,-0.937465015826433,,,,-1.43399873629514,,-0.587336265590423,,,,,,,,,,,,,,,72.9088,103,903.044660194175,674.46067961165,761.398058252427,899.179611650486,906.909708737864,551.390291262136,797.531067961165,619.184466019418,903.611650485437,0
406.4256,0.827418809132781,-0.849215197354873,-0.0527024705110687,1.41416386035127,-0.733702640496076,,,,-0.119928163639825,,1.23621247442491,,,,,,,,,,,,,,,,,,,,-0.919977418447977,,,,-1.42004333924432,,-0.603273957156576,,,,,,,,,,,,,,,73.0112,102,922.983333333333,671.157843137255,755.338235294118,900.727450980392,945.239215686274,545.729411764706,796.586274509804,599.549019607843,911.127450980392,0
406.528,0.867786928964244,-0.810432008549734,-0.00201050485438078,1.40306923458336,-0.709481137590729,,,,-0.0834230158816356,,1.23273180954336,,,,,,,,,,,,,,,,,,,,-0.899630504451531,,,,-1.40583053507222,,-0.619764600123339,,,,,,,,,,,,,,,73.1136,103,1083.26601941748,704.145631067961,760.072815533981,1072.35825242718,1094.17378640777,560.915533980583,847.37572815534,615.699029126214,904.446601941748,0
406.6304,0.90818986075776,-0.770458481325287,0.0494933620987291,1.39075599370514,-0.68429018449448,,,,-0.0455954043362913,,1.22820073273349,,,,,,,,,,,,,,,,,,,,-0.876423945857162,,,,-1.39136902837881,,-0.636790814662501,,,,,,,,,,,,,,,73.216,102,1227.83333333333,742.98137254902,819.421568627451,1329.65980392157,1126.0068627451,645.306862745098,840.655882352941,732.56862745098,906.274509803922,0
406.7328,0.948534429070427,-0.729351852453847,0.101713560439925,1.37723252981777,-0.658175164540079,,,,-0.00652406598744594,,1.22263468203123,,,,,,,,,,,,,,,,,,,,-0.850369708285181,,,,-1.37666763691963,,-0.654330775508897,,,,,,,,,,,,,,,73.3184,102,1258.90196078431,753.677450980392,834.588235294118,1371.06176470588,1146.74215686275,671.427450980392,835.927450980392,768.127450980392,901.049019607843,0
406.8352,0.988723267126794,-0.687172766577214,0.154549667982976,1.36250912566534,-0.631186103686436,,,,0.0337086819429804,,1.21605220698879,,,,,,,,,,,,,,,,,,,,-0.821491920722059,,,,-1.3617352146396,,-0.6723583450586,,,,,,,,,,,,,,,73.4208,103,1167.91650485437,730.643689320388,796.519417475728,1212.59902912621,1123.23398058252,628.485436893204,832.801941747573,698.087378640777,894.95145631068,0
406.9376,1.02865511943316,-0.643985420411684,0.207896501466977,1.34659799211652,-0.603377533785957,,,,0.0750172332190781,,1.20847499156772,,,,,,,,,,,,,,,,,,,,-0.789826645362982,,,,-1.34658052463377,,-0.690843302657349,,,,,,,,,,,,,,,73.5232,102,963.524570483533,693.061217399581,720.594017704169,881.889215686275,1045.15992528079,558.192156862745,827.930277936417,536.480392156863,904.707643251475,0
407.04,1.06822519961829,-0.599857726879827,0.261644228647245,1.32951327547893,-0.574808313048348,,,,0.117313007763771,,1.199927840259,,,,,,,,,,,,,,,,,,,,-0.755421571951088,,,,-1.33121206136383,,-0.709751658750304,,,,,,,,,,,,,,,73.6256,103,956.927548543689,676.181467732724,748.653198172473,891.499029126214,1022.35606796117,574.180411193604,778.182524271845,581.786978869218,915.519417475728,0.0388349514563107
407.1424,1.10732553457038,-0.554861531817492,0.315678437009549,1.31127105939343,-0.545541443442134,,,,0.160504718435564,,1.19043864026974,,,,,,,,,,,,,,,,,,,,-0.718335697303874,,,,-1.31563784402403,,-0.729045982226275,,,,,,,,,,,,,,,73.728,102,943.929105987055,612.003304659242,809.792011707596,915.483333333333,972.374878640777,539.268259803922,684.738349514563,685.654411764706,933.929611650485,1
407.2448,1.14584524568427,-0.50907289456116,0.369880121213733,1.2918893715276,-0.515643899084702,,,,0.204498535637674,,1.18003831227234,,,,,,,,,,,,,,,,,,,,-0.678639031464633,,,,-1.29986521014515,,-0.748685675240943,,,,,,,,,,,,,,,73.8304,102,930.960416666667,547.221629901961,870.702205882353,939.283333333333,922.6375,502.693259803922,591.75,789.154411764706,952.25,1
407.3472,1.18367078957648,-0.462572410195304,0.424125617833744,1.27138818504864,-0.485186449330119,,,,0.249198163879782,,1.16876074973105,,,,,,,,,,,,,,,,,,,,-0.636412315895586,,,,-1.28390063607473,,-0.768627199541392,,,,,,,,,,,,,,,73.9328,103,917.928155339806,482.122397915477,931.91097944032,963.2,872.656310679612,465.938970588235,498.305825242718,893.161764705882,970.660194174757,0.0776699029126214
407.4496,1.22068622100974,-0.415445531350143,0.47828655411735,1.24978940171757,-0.454243447837477,,,,0.294504896071809,,1.15664273794338,,,,,,,,,,,,,,,,,,,,-0.591746706424287,,,,-1.26774960359986,,-0.788824309957082,,,,,,,,,,,,,,,74.0352,102,927.449019607843,452.04842488466,946.734212802768,982.366666666667,872.53137254902,442.773320357555,461.323529411765,924.978229527105,968.490196078431,0
407.552,1.25677352367912,-0.36778285676732,0.532229860737476,1.22711681295038,-0.422892566766338,,,,0.340317704636434,,1.14372384655022,,,,,,,,,,,,,,,,,,,,-0.544743384138968,,,,-1.25141651497117,,-0.809228340970882,,,,,,,,,,,,,,,74.1376,103,1042.06650485437,516.88786407767,958.417475728155,1118.39417475728,965.738834951456,533.536893203884,500.238834951456,963.339805825243,953.495145631068,0
407.6544,1.29181301805917,-0.319680378595486,0.58581785955579,1.20339604324414,-0.391214476591707,,,,0.386533384191409,,1.13004629681221,,,,,,,,,,,,,,,,,,,,-0.495513087254502,,,,-1.23490464493434,,-0.829788550329693,,,,,,,,,,,,,,,74.24,102,1040.17254901961,517.518137254902,941.950980392157,1113.27745098039,967.067647058824,532.53137254902,502.504901960784,941.823529411765,942.078431372549,0
407.7568,1.32568382882802,-0.271239696665436,0.638908410119145,1.17865448742158,-0.359292485992942,,,,0.433046723546557,,1.11565481357596,,,,,,,,,,,,,,,,,,,,-0.444175582585848,,,,-1.21821612491313,,-0.850452493737044,,,,,,,,,,,,,,,74.3424,102,1043.1612745098,526.667156862745,932.985294117647,1122.78921568627,963.533333333333,543.874509803922,509.459803921569,937.058823529412,928.911764705882,0
407.8592,1.35826438198504,-0.222568207480891,0.691355091289803,1.15292125891008,-0.327212151082487,,,,0.479750679627713,,1.10059647972005,,,,,,,,,,,,,,,,,,,,-0.390859100535397,,,,-1.20135196570865,,-0.871166403887582,,,,,,,,,,,,,,,74.4448,103,575.606796116505,713.603398058253,814.203883495146,612.923300970874,538.290291262136,602.306796116505,824.9,735.407766990291,893,0
407.9616,1.3894329075853,-0.173779263750976,0.74300740590636,1.1262271595756,-0.295060857710787,,,,0.526536547433153,,1.08492060582642,,,,,,,,,,,,,,,,,,,,-0.335699745157767,,,,-1.18431211719979,,-0.891875560951702,,,,,,,,,,,,,,,74.5472,102,509.79362745098,729.149509803922,805.651960784314,536.147058823529,483.440196078431,561.007843137255,897.291176470588,695.411764705882,915.892156862745,0
408.064,1.4190679440675,-0.124992287065006,0.793711017542916,1.09860466445808,-0.26292738709235,,,,0.573294143784342,,1.06867860888529,,,,,,,,,,,,,,,,,,,,-0.278840879633631,,,,-1.16709554602592,,-0.912524649895295,,,,,,,,,,,,,,,74.6496,103,527.465048543689,722.866504854369,805.495145631068,554.347572815534,500.582524271845,549.966990291262,895.766019417476,691.873786407767,919.116504854369,0
408.1664,1.44704885489206,-0.0763328117708099,0.843308040554996,1.07008790568138,-0.2309014776923,,,,0.61991203015555,,1.05192388278014,,,,,,,,,,,,,,,,,,,,-0.220432482181478,,,,-1.14970030860161,,-0.933058101302696,,,,,,,,,,,,,,,74.752,102,557.863235294118,736.293137254902,784.338235294118,585.232352941177,530.494117647059,572.763725490196,899.822549019608,666.882352941177,901.794117647059,0
408.2688,1.47325636857652,-0.0279324463335395,0.891637399374054,1.04071264227372,-0.199073387854697,,,,0.666277792516795,,1.03471165076857,,,,,,,,,,,,,,,,,,,,-0.16063046799057,,,,-1.13212360611711,,-0.953420413135849,,,,,,,,,,,,,,,74.8544,102,589.088235294118,769.807843137255,783.004901960784,620.807843137255,557.36862745098,655.552941176471,884.062745098039,676.833333333333,889.176470588235,0
408.3712,1.49757315005692,0.0200712494958391,0.938535263058325,1.01051620686362,-0.167533455910112,,,,0.712278382264453,,1.01709880305953,,,,,,,,,,,,,,,,,,,,-0.099595981409462,,,,-1.11436181741181,,-0.973556450921742,,,,,,,,,,,,,,,74.9568,103,623.950485436893,777.778155339806,793.5,656.494174757282,591.406796116505,674.818446601942,880.73786407767,697.398058252427,889.601941747573,0
408.4736,1.51988440814616,0.0675349693132448,0.983835556461258,0.979537429149872,-0.136371653627672,,,,0.757800508696172,,0.999143727537284,,,,,,,,,,,,,,,,,,,,-0.0374946686249959,,,,-1.0964105148649,,-0.993411723558942,,,,,,,,,,,,,,,75.0592,102,945.105392156863,719.800490196078,695.901960784314,874.001960784314,1016.20882352941,596.723529411765,842.877450980392,510.480392156863,881.323529411765,0
408.576,1.54007852961991,0.114309943434538,1.02737054013481,0.947816550589289,-0.105677137217037,,,,0.802731059773689,,0.980906138806216,,,,,,,,,,,,,,,,,,,,0.0255040562634631,,,,-1.07826447750554,,-1.01293263321058,,,,,,,,,,,,,,,75.1616,103,994.330582524272,726.61213592233,679.796116504854,899.702912621359,1088.95825242718,628.820388349515,824.403883495146,495.223300970874,864.368932038835,0
408.6784,1.55804770428234,0.160242289912651,1.0689714295762,0.915395151921779,-0.0755378179068501,,,,0.846957512580352,,0.962446909043481,,,,,,,,,,,,,,,,,,,,0.0892277298512398,,,,-1.05991771602526,,-1.03206669850608,,,,,,,,,,,,,,,75.264,102,1012.6612745098,726.473039215686,658.563725490196,913.579411764706,1111.7431372549,632.033333333333,820.912745098039,468.039215686275,849.088235294118,0
408.7808,1.57368848661886,0.205173412052167,1.10846900617246,0.88231610838538,-0.0460399854759237,,,,0.890368295366209,,0.943827906028131,,,,,,,,,,,,,,,,,,,,0.153501526497663,,,,-1.04136351680624,,-1.05076274995236,,,,,,,,,,,,,,,75.3664,102,943.001470588235,679.771078431373,669.671568627451,890.157843137255,995.845098039216,571.635294117647,787.906862745098,503.93137254902,835.411764705882,0
408.8832,1.5869022498646,0.248940425296529,1.1456941811828,0.848623569988469,-0.0172680056690974,,,,0.932853092387249,,0.925111840164341,,,,,,,,,,,,,,,,,,,,0.218148934456953,,,,-1.02259450392883,,-1.0689710981648,,,,,,,,,,,,,,,75.4688,103,934.630097087379,687.414563106796,685.907766990291,900.643689320388,968.616504854369,590.995145631068,783.833980582524,535.281553398058,836.533980582524,0
408.9856,1.59759552623395,0.291376620458817,1.1804785135228,0.814362946407923,0.0106959172825292,,,,0.974303112716788,,0.906362109825117,,,,,,,,,,,,,,,,,,,,0.282992467071416,,,,-1.00360271325622,,-1.0866436794853,,,,,,,,,,,,,,,75.5712,102,936.473529411765,676.996078431373,679.147058823529,886.603921568628,986.343137254902,584.708823529412,769.283333333333,519.225490196078,839.06862745098,0
409.088,1.60568026329975,0.332311998633503,1.21265472334256,0.779580874488558,0.0377719440292938,,,,1.01461134305336,,0.887642622996233,,,,,,,,,,,,,,,,,,,,0.347854432719788,,,,-0.984379673694208,,-1.10373418623131,,,,,,,,,,,,,,,75.6736,103,941.876213592233,672.689805825243,683.567961165049,883.045631067961,1000.7067961165,580.927184466019,764.452427184466,519.029126213592,848.106796116505,0
409.1904,1.61107403779798,0.371573920989572,1.24205725558403,0.744325161848405,0.0638827988460063,,,,1.05367278763878,,0.86901757460155,,,,,,,,,,,,,,,,,,,,0.412557750519233,,,,-0.964916496054963,,-1.12019818743525,,,,,,,,,,,,,,,75.776,102,953.409803921569,660.96568627451,694.147058823529,893.650980392157,1013.16862745098,562.195098039216,759.736274509804,526.666666666667,861.627450980392,0
409.2928,1.61370026514654,0.408987898831604,1.26852293402968,0.708644715134563,0.0889539772360925,,,,1.09138469979953,,0.850551172224735,,,,,,,,,,,,,,,,,,,,0.476926788539934,,,,-0.945203973792743,,-1.13599324134341,,,,,,,,,,,,,,,75.8784,102,958.846568627451,642.812745098039,699.867647058824,893.241176470588,1024.45196078431,530.339215686275,755.286274509804,526.990196078431,872.745098039216,0
409.3952,1.61348843790658,0.444378520578125,1.29189172414609,0.672589463797865,0.112913962714643,,,,1.12764682764808,,0.83230731603095,,,,,,,,,,,,,,,,,,,,0.540788211116855,,,,-0.925232699065159,,-1.15107899731851,,,,,,,,,,,,,,,75.9808,103,870.429126213592,689.176699029126,767.766990291262,870.823300970874,870.034951456311,609.330097087379,769.023300970874,661.893203883495,873.640776699029,0
409.4976,1.6103744111229,0.477570484996379,1.31200759544487,0.636210280970102,0.135694443594818,,,,1.16236169961533,,0.814349243682258,,,,,,,,,,,,,,,,,,,,0.603971828765071,,,,-0.904993192098983,,-1.16541728577453,,,,,,,,,,,,,,,76.0832,102,816.670588235294,737.66862745098,827.78431372549,856.070588235294,777.270588235294,703.23431372549,772.102941176471,777.696078431373,877.872549019608,0
409.6,1.60430073311978,0.508389694619858,1.3287194518879,0.599558891773497,0.157230510759844,,,,1.19543495261787,,0.796739150484058,,,,,,,,,,,,,,,,,,,,0.666311440085365,,,,-0.884476036238913,,-1.17897219783724,,,,,,,,,,,,,,,76.1856,103,821.696732355947,739.735945211759,829.145118578857,861.883828789564,781.50963592233,708.14851663711,771.323373786408,773.695091526647,884.595145631068,0
409.7024,1.59521701584725,0.536664372362309,1.3418821021297,0.562687756286944,0.177460816046066,,,,1.22677568271387,,0.779537792169778,,,,,,,,,,,,,,,,,,,,0.727645647277084,,,,-0.863672011801975,,-1.19171015577202,,,,,,,,,,,,,,,76.288,102,788.357703877006,818.894568850267,763.503342245989,839.685294117647,737.030113636364,841.264705882353,796.524431818182,636.029411764706,890.977272727273,0.225490196078431
409.8048,1.58308034561624,0.562226192549189,1.35135726428559,0.525649917094179,0.19632768126346,,,,1.25629679735633,,0.762804073352106,,,,,,,,,,,,,,,,,,,,0.787818625994177,,,,-0.842572226015739,,-1.20359997235332,,,,,,,,,,,,,,,76.3904,102,732.596854594709,938.905657367014,652.946882915846,799.169504643963,666.024204545455,1045.5173374613,832.293977272727,412.134674922601,893.759090909091,1
409.9072,1.56785573941223,0.584911435694243,1.35701461462538,0.488498801260076,0.213777157150098,,,,1.28391535971672,,0.746594623030497,,,,,,,,,,,,,,,,,,,,0.846680836024032,,,,-0.82116823550934,,-1.21461289765578,,,,,,,,,,,,,,,76.4928,103,676.56266781593,1059.50503553335,541.848480157613,758.455108359133,594.670227272727,1250.77120743034,868.238863636364,187.142414860681,896.554545454545,1
410.0096,1.549516652262,0.60456216591454,1.35873288283996,0.451287967648618,0.229759036876076,,,,1.30955292244928,,0.730963363937123,,,,,,,,,,,,,,,,,,,,0.904089664008241,,,,-0.799452153974769,,-1.22472265401226,,,,,,,,,,,,,,,76.5952,102,548.645870098039,856.968345588235,741.273039215686,573.975490196079,523.31625,809.752941176471,904.18375,583.196078431373,899.35,0.107843137254902
410.112,1.52804553981699,0.621027410710161,1.35640098299126,0.414070800099014,0.244226838504583,,,,1.33313585058141,,0.715961088404496,,,,,,,,,,,,,,,,,,,,0.959909990034106,,,,-0.777416739153436,,-1.23390546097843,,,,,,,,,,,,,,,76.6976,103,523.733622021183,754.189414165931,784.241615180936,548.066990291262,499.400253751103,584.253398058252,924.12543027361,665.582524271845,902.900706090026,0
410.2144,1.50343447647212,0.634164325262452,1.34991916849238,0.376900158426107,0.257137779751808,,,,1.35459563471975,,0.701635050325503,,,,,,,,,,,,,,,,,,,,1.01401466984891,,,,-0.755055459647735,,-1.24214005216586,,,,,,,,,,,,,,,76.8,102,557.958333333333,733.019117647059,775.897058823529,578.772549019608,537.144117647059,541.763725490196,924.274509803922,641.882352941177,909.911764705882,0
410.3168,1.47568581837819,0.643839341912294,1.3392002049826,0.33982800483139,0.26845276706761,,,,1.37386919417247,,0.688028576948406,,,,,,,,,,,,,,,,,,,,1.06628492830842,,,,-0.732362546268164,,-1.24940768452649,,,,,,,,,,,,,,,76.9024,102,1119.4362745098,750.797549019608,790.578431372549,1172.35980392157,1066.51274509804,664.440196078431,837.154901960784,677.352941176471,903.803921568627,0
410.4192,1.44481288124322,0.649929306040056,1.32417054330976,0.302905028502391,0.278136412930814,,,,1.39089916251592,,0.675180710549637,,,,,,,,,,,,,,,,,,,,1.11661066456749,,,,-0.70933303415372,,-1.25569213920605,,,,,,,,,,,,,,,77.0048,103,1291.15,778.760194174757,829.31067961165,1396.17961165049,1186.12038834951,723.292233009709,834.228155339806,769.961165048544,888.660194174757,0
410.5216,1.41084058765935,0.652322577344553,1.30477145070993,0.266180299485402,0.286157087557379,,,,1.40563413885588,,0.663125903801472,,,,,,,,,,,,,,,,,,,,1.1648906665766,,,,-0.68596280425509,,-1.26097971382694,,,,,,,,,,,,,,,77.1072,102,1303.18284313726,782.12205882353,825.593137254902,1403.44509803922,1202.92058823529,723.864705882353,840.379411764706,770.323529411765,880.862745098039,0
410.624,1.37380604459404,0.650920064503721,1.28096005460726,0.229700985344287,0.292487007712803,,,,1.41802888321492,,0.651893791109159,,,,,,,,,,,,,,,,,,,,1.21103272191656,,,,-0.66224863481076,,-1.2652592065547,,,,,,,,,,,,,,,77.2096,103,1329.16601941748,792.779611650485,833.553398058253,1427.93980582524,1230.39223300971,754.234951456311,831.32427184466,793.563106796117,873.543689320388,0
410.7264,1.33375903111185,0.645636169919605,1.25271027124911,0.19351215514102,0.297102361263036,,,,1.42804443678968,,0.641509038972403,,,,,,,,,,,,,,,,,,,,1.25495360731595,,,,-0.638188272048761,,-1.26852188968341,,,,,,,,,,,,,,,77.312,102,1249.32156862745,778.25637254902,785.53431372549,1313.87352941177,1184.76960784314,719.559803921569,836.952941176471,714.950980392157,856.117647058824,0
410.8288,1.29076238585308,0.636399624587804,1.22001359945221,0.157656678482348,0.299983454606659,,,,1.43564816084951,,0.631991265100338,,,,,,,,,,,,,,,,,,,,1.29657895516741,,,,-0.613780523174376,,-1.27076146895693,,,,,,,,,,,,,,,77.4144,102,1082.65294117647,700.352450980392,633.019607843137,1003.24901960784,1162.0568627451,563.055882352941,837.649019607843,432.137254901961,833.901960784314,0
410.9312,1.24489228045782,0.623154191456283,1.18287975656125,0.122175205821826,0.301114862091407,,,,1.44081371651851,,0.623355018060323,,,,,,,,,,,,,,,,,,,,1.33584302819796,,,,-0.589025364733119,,-1.27197402783019,,,,,,,,,,,,,,,77.5168,103,1126.63737864078,725.790291262136,627.101941747573,1066.6932038835,1186.58155339806,617.753398058252,833.82718446602,453.029126213592,801.174757281553,0
411.0336,1.19623835955345,0.605859226615546,1.14133713756862,0.0871061994786786,0.300485561981243,,,,1.44352103074856,,0.615609814384478,,,,,,,,,,,,,,,,,,,,1.37268845371422,,,,-0.563924052105665,,-1.27215795878143,,,,,,,,,,,,,,,77.6192,102,1123.66421568627,708.793137254902,599.5,1032.34117647059,1214.98725490196,599.882352941177,817.703921568628,419.71568627451,779.28431372549,0
411.136,1.14490372466487,0.584490105512943,1.09543308818383,0.0524859852953731,0.29808904776237,,,,1.44375627817368,,0.60876022915396,,,,,,,,,,,,,,,,,,,,1.40706595867541,,,,-0.538479216988367,,-1.27131388227086,,,,,,,,,,,,,,,77.7216,103,1291.64368932039,771.981553398058,702.529126213592,1343.22038834951,1240.06699029126,727.415533980583,816.547572815534,637.854368932039,767.203883495146,0
411.2384,1.09100474785551,0.559038531608791,1.04523399465013,0.0183488075556826,0.293923397539814,,,,1.44151186669513,,0.602806031205847,,,,,,,,,,,,,,,,,,,,1.43893412636993,,,,-0.512694944447031,,-1.26944455136447,,,,,,,,,,,,,,,77.824,102,1344.15284531688,771.811874319227,711.799448635825,1425.98539256707,1262.32029806669,723.492427598655,820.1313210398,662.858314874067,760.740582397583,0
411.3408,1.03467072278618,0.529512744574534,0.990825206412363,-0.0152731193337039,0.287991284125294,,,,1.43678639170997,,0.597742352456117,,,,,,,,,,,,,,,,,,,,1.46825918545156,,,,-0.486576824566958,,-1.26655474116959,,,,,,,,,,,,,,,77.9264,102,1360.6371675985,784.279476657703,716.226100799449,1447.76715481172,1273.50718038529,739.472175732218,829.086777583187,672.228033472803,760.224168126095,0.656862745098039
411.4432,0.9760433743513,0.495937641668259,0.932310813762134,-0.0483495636648795,0.280299927201217,,,,1.42958453259348,,0.593559883717371,,,,,,,,,,,,,,,,,,,,1.49501483334573,,,,-0.460131984060815,,-1.26265112317616,,,,,,,,,,,,,,,78.0288,103,1373.01157772095,803.035078662553,720.838897478548,1462.39163179916,1283.63152364273,766.876987447699,839.193169877408,680.376569037657,761.30122591944,1
411.5456,0.91527624391535,0.458354829125379,0.869813302157873,-0.0808522308554428,0.270861016796168,,,,1.41991688448137,,0.590245090659446,,,,,,,,,,,,,,,,,,,,1.51918207694702,,,,-0.433369118737167,,-1.25774212064319,,,,,,,,,,,,,,,78.1312,102,1385.38598784339,821.790680667404,725.451694157648,1477.01610878661,1293.75586690018,794.28179916318,849.299562171629,688.525104602511,762.378283712785,1
411.648,0.852533967953756,0.416822623291866,0.803473107318177,-0.112754710569165,0.259690646604539,,,,1.40779973236552,,0.587780443750534,,,,,,,,,,,,,,,,,,,,1.54074905904443,,,,-0.406298540180298,,-1.25183773977167,,,,,,,,,,,,,,,78.2336,103,1397.76039796584,840.546282672255,730.064490836747,1491.64058577406,1303.88021015762,821.686610878661,859.405954465849,696.673640167364,763.45534150613,0.951456310679612
411.7504,0.7879914825137,0.371416008157307,0.733448095535567,-0.14403240270485,0.246809271921032,,,,1.39325478286958,,0.586144660325504,,,,,,,,,,,,,,,,,,,,1.5597108474315,,,,-0.378932213863992,,-1.24494938005126,,,,,,,,,,,,,,,78.336,102,1329.07582771437,813.403456419536,664.635021147516,1344.09586922635,1314.0557862024,757.367807039134,869.439105799938,564.828041676922,764.442000618111,0
411.8528,0.721833187918782,0.32222653943534,0.659912983935691,-0.17466241295864,0.232241681621519,,,,1.3763088776247,,0.585312959161317,,,,,,,,,,,,,,,,,,,,1.57606918822901,,,,-0.351283746335798,,-1.23708964080452,,,,,,,,,,,,,,,78.4384,102,1320.65539215686,789.944117647059,629.676470588235,1315.27745098039,1326.03333333333,718.450980392157,861.437254901961,505.509803921569,753.843137254902,0
411.9552,0.654252081282039,0.269362186032499,0.583058699273793,-0.204623426266893,0.216016977202888,,,,1.35699371506759,,0.58525732199844,,,,,,,,,,,,,,,,,,,,1.58983224307325,,,,-0.323368307330146,,-1.22827214557627,,,,,,,,,,,,,,,78.5408,103,1330.30048543689,785.884951456311,615.985436893204,1313.47087378641,1347.13009708738,728.388349514563,843.381553398058,501.854368932039,730.116504854369,0
412.0576,0.58544883637218,0.212947104585579,0.503091659762709,-0.233895582652876,0.198168560791356,,,,1.33534559456181,,0.585946753090962,,,,,,,,,,,,,,,,,,,,1.60101432305007,,,,-0.295202519540456,,-1.21851139045384,,,,,,,,,,,,,,,78.6432,102,1286.26617647059,778.510784313726,555.210784313726,1199.03431372549,1373.49803921569,706.121568627451,850.9,400.372549019608,710.049019607843,0
412.16,0.515630815866835,0.15312133753204,0.42023296435455,-0.262460377304661,0.178734126495377,,,,1.31140518142593,,0.587347534963293,,,,,,,,,,,,,,,,,,,,1.60963561052436,,,,-0.266804367597562,,-1.2078226022456,,,,,,,,,,,,,,,78.7456,103,1279.3145631068,782.576213592233,539.73786407767,1166.98155339806,1391.64757281553,724.497087378641,840.655339805825,382.621359223301,696.854368932039,0
412.2624,0.445011029020632,0.0900404231276994,0.33471748983171,-0.290300588987439,0.157755642652456,,,,1.28521729077216,,0.589423486745691,,,,,,,,,,,,,,,,,,,,1.61572185658418,,,,-0.238193158546223,,-1.19622159544281,,,,,,,,,,,,,,,78.848,102,1200.64558823529,762.803431372549,472.833333333333,986.871568627451,1414.41960784314,672.286274509804,853.320588235294,252.333333333333,693.333333333333,0
412.3648,0.37380706547429,0.0238749152877914,0.246792913279665,-0.317400225573704,0.135279318101752,,,,1.25683069104746,,0.592136231515114,,,,,,,,,,,,,,,,,,,,1.61930405986215,,,,-0.209389532127819,,-1.183724634695,,,,,,,,,,,,,,,78.9504,102,1156.34117647059,743.705392156863,424.656862745098,869.908823529412,1442.77352941176,626.992156862745,860.41862745098,161.637254901961,687.676470588235,0
412.4672,0.302240033874659,-0.0451901799500231,0.156718682168285,-0.343744474734228,0.111355556462766,,,,1.22629792129604,,0.595445470677271,,,,,,,,,,,,,,,,,,,,1.62041814219459,,,,-0.180415493334864,,-1.17034831030844,,,,,,,,,,,,,,,79.0528,103,1423.74660194175,709.22427184466,437.742718446602,1383.49223300971,1464.00097087379,561.444660194175,857.003883495146,196.902912621359,678.582524271845,0
412.5696,0.230533509463847,-0.116956050743353,0.064764935007272,-0.369319660786446,0.0860389086478061,,,,1.19367511137321,,0.599309252709417,,,,,,,,,,,,,,,,,,,,1.6191046286416,,,,-0.15129443044214,,-1.15610941542597,,,,,,,,,,,,,,,79.1552,102,1887.49607843137,630.900490196078,455.926470588235,2289.35980392157,1485.63235294118,427.942156862745,833.858823529412,241.823529411765,670.029411764706,0
412.672,0.158912460708879,-0.191210824939196,-0.028788656801241,-0.394113221769495,0.0593880279088436,,,,1.15902180921224,,0.603684221138359,,,,,,,,,,,,,,,,,,,,1.61540833505924,,,,-0.122051090166924,,-1.14102480602896,,,,,,,,,,,,,,,79.2576,103,1599.92378640777,650.635436893204,570.033980582524,1848.03300970874,1351.8145631068,561.915533980583,739.355339805825,458.126213592233,681.941747572816,0
412.7744,0.0876021275355644,-0.267730434675746,-0.123654156097693,-0.418113721904542,0.0314656194615368,,,,1.1224008419407,,0.608525835940048,,,,,,,,,,,,,,,,,,,,1.60937807921421,,,,-0.0927115019999766,,-1.12511124623396,,,,,,,,,,,,,,,79.36,102,1145.68088235294,599.500490196078,704.254901960784,1247.72843137255,1043.63333333333,638.139215686275,560.861764705882,687.921568627451,720.588235294118,0
412.8768,0.0168268685617078,-0.346279604704921,-0.219536728403982,-0.441310906337735,0.00233837631471171,,,,1.08387823756963,,0.613788576731268,,,,,,,,,,,,,,,,,,,,1.60106644429809,,,,-0.063302859595514,,-1.1083852671346,,,,,,,,,,,,,,,79.4624,102,1149.04509803922,605.392647058824,714.31862745098,1253.1862745098,1044.90392156863,637.809803921569,572.975490196079,697.264705882353,731.372549019608,0
412.9792,-0.0531909810882188,-0.426612962335317,-0.316136084582086,-0.463695794785938,-0.0279230960595095,,,,1.04352320719208,,0.619426147920684,,,,,,,,,,,,,,,,,,,,1.5905296117856,,,,-0.0338533684785515,,-1.09086306836537,,,,,,,,,,,,,,,79.5648,103,1153.61939629103,600.299244927312,715.856225081465,1258.4033969052,1048.83539567686,638.575239259276,562.023250595347,697.637940179416,734.074509983514,0
413.0816,-0.12223222788869,-0.5084762769849,-0.413147994677929,-0.485260798986734,-0.0592443645474474,,,,1.00140815822584,,0.625391708242509,,,,,,,,,,,,,,,,,,,,1.57782724671185,,,,-0.0043920661852985,,-1.07256047313701,,,,,,,,,,,,,,,79.6672,102,1093.31288976718,588.883362697755,726.161067819209,1193.97684085511,992.648938679245,629.630522565321,548.136202830189,706.028503562945,746.293632075472,0.0588235294117647
413.184,-0.190081930571656,-0.59160783426085,-0.510265886491617,-0.505999839895557,-0.0915472764733661,,,,0.957608699190979,,0.631638135508587,,,,,,,,,,,,,,,,,,,,1.56302239367972,,,,0.0250513766712977,,-1.05349293206832,,,,,,,,,,,,,,,79.7696,103,975.415524021871,570.661194707122,748.620697575405,1071.48812351544,879.342924528302,610.664370546318,530.658018867925,733.783847980998,763.457547169811,1
413.2864,-0.256530507114634,-0.675739923680112,-0.607182517338333,-0.525908442814158,-0.124750112115626,,,,0.912203608234397,,0.638118321765327,,,,,,,,,,,,,,,,,,,,1.54618134687752,,,,0.0544468634150655,,-1.03367556769086,,,,,,,,,,,,,,,79.872,102,857.518158276565,552.439026716488,771.0803273316,948.999406175772,766.036910377359,591.698218527316,513.17983490566,761.53919239905,780.621462264151,1
413.3888,-0.321374815739375,-0.760600403756923,-0.703591681125193,-0.54498379743989,-0.158767798809413,,,,0.865274748455906,,0.644785490621746,,,,,,,,,,,,,,,,,,,,1.52737347503611,,,,0.0837640796194754,,-1.01312325445866,,,,,,,,,,,,,,,79.9744,102,740.195901632457,534.3057473502,793.430397918254,827.108194774347,653.283608490566,572.82458432304,495.786910377359,789.159144893112,797.701650943396,0.117647058823529
413.4912,-0.384419188590313,-0.845914318614652,-0.799189920405961,-0.56322477306432,-0.193512198114282,,,,0.816906910373766,,0.651593537597186,,,,,,,,,,,,,,,,,,,,1.50667099026068,,,,0.112972701336825,,-0.991850731150391,,,,,,,,,,,,,,,80.0768,103,670.969216900962,526.306599686216,805.010719158234,753.788935267394,588.14949853453,567.485252404123,485.127946968309,800.207942254918,809.81349606155,0
413.5936,-0.445476412646086,-0.93140554761055,-0.893678227756976,-0.580631877766894,-0.228892462181073,,,,0.767187571321187,,0.658497397421473,,,,,,,,,,,,,,,,,,,,1.48414865781531,,,,0.142042599703899,,-0.969872742113654,,,,,,,,,,,,,,,80.1792,102,696.410784313726,526.653431372549,806.926470588235,776.292156862745,616.529411764706,577.829411764706,475.477450980392,796.901960784314,816.950980392157,0
413.696,-0.504368663895675,-1.01679845919199,-0.986763721089438,-0.59720715426498,-0.264815429143732,,,,0.716206594726071,,0.66545342810143,,,,,,,,,,,,,,,,,,,,1.45988346690782,,,,0.170944030691053,,-0.947204202931984,,,,,,,,,,,,,,,80.2816,103,970.686893203884,519.633980582524,728.791262135922,989.996116504854,951.377669902913,466.536893203884,572.731067961165,633.252427184466,824.330097087379,0
413.7984,-0.560928411231139,-1.10181953822813,-1.07816128264001,-0.6129540147741,-0.301186018930949,,,,0.664055911956049,,0.672419785634907,,,,,,,,,,,,,,,,,,,,1.43395430239704,,,,0.199647794999816,,-0.923860385334222,,,,,,,,,,,,,,,80.384,102,1034.30539215686,560.257843137255,753.911764705882,1095.58725490196,973.023529411765,538.666666666667,581.849019607843,692.5,815.323529411765,0
413.9008,-0.614999308417623,-1.18619897071708,-1.16759516229239,-0.627877026495454,-0.337907615568833,,,,0.610829215440428,,0.679356764645858,,,,,,,,,,,,,,,,,,,,1.40644165176144,,,,0.228125359493889,,-0.899857115818157,,,,,,,,,,,,,,,80.4864,102,990.784444115454,521.678035267798,744.635785410361,1007.29055555556,974.278332675352,457.191568627451,586.164501908146,656.74183006536,832.529740755363,0
414.0032,-0.666437072164549,-1.26967217339464,-1.25480053572642,-0.641981667036225,-0.374882447917794,,,,0.556621677349534,,0.686227093105598,,,,,,,,,,,,,,,,,,,,1.37742736558402,,,,0.256348944788226,,-0.875210986074705,,,,,,,,,,,,,,,80.5888,103,990.981337807606,521.766053691275,766.431096196868,1011.56133333333,970.401342281879,466.616,576.91610738255,683.533333333333,849.328859060403,0.194174757281553
414.1056,-0.715110316357817,-1.35198124680017,-1.33952498465812,-0.655274074103769,-0.412011978610436,,,,0.501529708775845,,0.692996179450859,,,,,,,,,,,,,,,,,,,,1.34699448426084,,,,0.284291591206227,,-0.849939579360775,,,,,,,,,,,,,,,80.6912,102,990.971936241611,518.578234899329,784.798545861298,1017.77966666667,964.164205816555,473.586,563.570469798658,710.866666666667,858.730425055929,1
414.208,-0.760901305060575,-1.4328763362059,-1.42152986571521,-0.667760810440623,-0.449197298222511,,,,0.44565076247693,,0.699632316709946,,,,,,,,,,,,,,,,,,,,1.31522713881262,,,,0.311927209270988,,-0.824061715694369,,,,,,,,,,,,,,,80.7936,103,990.962534675615,515.390416107383,803.165995525727,1023.998,957.92706935123,480.556,550.224832214765,738.2,868.131991051454,1
414.3104,-0.803706599846062,-1.51211689556278,-1.50059154963253,-0.679448653559805,-0.486339521486337,,,,0.389083160471696,,0.706106850017567,,,,,,,,,,,,,,,,,,,,1.28221052141455,,,,0.339230610209216,,-0.797597710013503,,,,,,,,,,,,,,,80.896,102,990.95313310962,512.202597315436,821.533445190157,1030.21633333333,951.689932885906,487.526,536.879194630873,765.533333333333,877.53355704698,0.303921568627451
414.4128,-0.843437590799512,-1.58947284007241,-1.57650251462471,-0.690344408071061,-0.523340185221275,,,,0.331925924607299,,0.71239430636729,,,,,,,,,,,,,,,,,,,,1.24803090903991,,,,0.366177510284459,,-0.77056963394193,,,,,,,,,,,,,,,80.9984,102,982.463585888494,508.832148308988,820.037121112427,1019.43245098039,945.494720796596,489.300196078431,528.364100539545,764.392156862745,875.682085362109,0
414.5152,-0.880020915301561,-1.66472556646833,-1.64907228258744,-0.700454730714922,-0.560101641533646,,,,0.274278591771511,,0.718472474824723,,,,,,,,,,,,,,,,,,,,1.21277571192028,,,,0.392744509597369,,-0.743001575914949,,,,,,,,,,,,,,,81.1008,103,974.132524271845,494.312621359223,796.533980582524,998.600970873786,949.664077669903,454.539805825243,534.085436893204,719.844660194175,873.223300970874,0
414.6176,-0.913398788662877,-1.73766884142278,-1.71812821327441,-0.709785956385987,-0.596527433151899,,,,0.216240991083922,,0.724322424557543,,,,,,,,,,,,,,,,,,,,1.17653351732317,,,,0.418909050750272,,-0.714919895563098,,,,,,,,,,,,,,,81.2032,102,1123.42892156863,527.626470588235,816.789215686275,1194.93921568627,1051.91862745098,521.236274509804,534.016666666667,766.421568627451,867.156862745098,0
414.72,-0.943529271367792,-1.80810957930841,-1.78351618584173,-0.718343921882715,-0.632522638101441,,,,0.157912972846452,,0.729928457777955,,,,,,,,,,,,,,,,,,,,1.13939412493395,,,,0.44464936306342,,-0.686353465351244,,,,,,,,,,,,,,,81.3056,103,1300.27038834951,576.658737864078,821.131067961165,1401.69126213592,1198.84951456311,615.398058252427,537.919417475728,803.796116504854,838.466019417476,0
414.8224,-0.970386466050788,-1.87586852396847,-1.84510117324182,-0.726133801752363,-0.667994177269963,,,,0.0993941117470422,,0.735278005310277,,,,,,,,,,,,,,,,,,,,1.10144859951442,,,,0.469944399641383,,-0.657333891663274,,,,,,,,,,,,,,,81.408,102,1316.52077465835,570.967807857992,826.852829768271,1419.47681372549,1213.56473559121,601.651985294118,540.283630421866,822.061274509804,831.644385026738,0
414.9248,-0.9939606054227,-1.94078083088623,-1.90276768310982,-0.733159983356477,-0.70285109022033,,,,0.0407834242255844,,0.740361478554605,,,,,,,,,,,,,,,,,,,,1.06278935980254,,,,0.494773777846419,,-0.627895703124241,,,,,,,,,,,,,,,81.5104,102,1361.70299038462,573.181985576923,841.350480769231,1465.63675,1257.76923076923,607.960125,538.403846153846,848.6625,834.038461538462,0.647058823529412
415.0272,-1.01425798537546,-2.00269653482603,-1.95642002695286,-0.739426005576634,-0.737004791860929,,,,-0.017820867266359,,0.745172091755005,,,,,,,,,,,,,,,,,,,,1.02351029111752,,,,0.519117735346189,,-0.598076485784203,,,,,,,,,,,,,,,81.6128,103,1410.46103379953,576.914126456877,857.236188811189,1516.323,1304.59906759907,619.4145,534.413752913753,876.85,837.622377622378,1
415.1296,-1.03130070648673,-2.0614808822016,-2.00598238114556,-0.744934573422201,-0.770369312915082,,,,-0.0763215010682706,,0.749705662010055,,,,,,,,,,,,,,,,,,,,0.983706853707489,,,,0.542957111162591,,-0.567916949771099,,,,,,,,,,,,,,,81.7152,102,1459.21907721445,580.64626733683,873.121896853147,1567.00925,1351.4289044289,630.868875,530.42365967366,905.0375,841.206293706294,0.57843137254902
415.232,-1.04512620691068,-2.11701450364576,-2.05139861293546,-0.749687647914785,-0.802861512892979,,,,-0.134622264847173,,0.753960386420395,,,,,,,,,,,,,,,,,,,,0.94347616428562,,,,0.566273351165342,,-0.537460925876316,,,,,,,,,,,,,,,81.8176,103,1499.56498648924,580.626910448775,880.524285423314,1605.6107184466,1393.51925453188,635.997048543689,525.25677235386,920.687378640777,840.361192205852,0
415.3344,-1.05578659865211,-2.16919340668601,-2.09263186552654,-0.753686599958938,-0.834401255500257,,,,-0.192628016432052,,0.757936592621047,,,,,,,,,,,,,,,,,,,,0.902917036451956,,,,0.589048528003592,,-0.506755293784535,,,,,,,,,,,,,,,81.92,102,1508.63137254902,573.814705882353,864.676470588235,1610.46274509804,1406.8,634.409803921569,513.219607843137,911.852941176471,817.5,0
415.4368,-1.06334784229959,-2.21792878714357,-2.12966392299289,-0.756932410571867,-0.864911545570613,,,,-0.250244660549961,,0.761636462755718,,,,,,,,,,,,,,,,,,,,0.862129974345786,,,,0.61126536762194,,-0.475849844554651,,,,,,,,,,,,,,,82.0224,102,1511.03431372549,572.115196078431,862.269607843137,1612.55392156863,1409.51470588235,632.725490196079,511.504901960784,906.764705882353,817.774509803922,0
415.5392,-1.06788880575592,-2.2631466797228,-2.16249439674651,-0.759425896696937,-0.89431862602973,,,,-0.307379108353279,,0.765063739697586,,,,,,,,,,,,,,,,,,,,0.821217118847736,,,,0.632907280737378,,-0.444797084093146,,,,,,,,,,,,,,,82.1248,103,1514.83883495146,569.260679611651,869.223300970874,1618.65631067961,1411.0213592233,631.133009708738,507.388349514563,921.21359223301,817.233009708738,0
415.6416,-1.06950025362427,-2.30478747709674,-2.19113978184412,-0.761167938109567,-0.922552028339508,,,,-0.363939250651465,,0.768223431941633,,,,,,,,,,,,,,,,,,,,0.780282139274953,,,,0.653958397644487,,-0.413651979155158,,,,,,,,,,,,,,,82.2272,102,1265.42352941176,561.103431372549,884.230392156863,1357.13137254902,1173.71568627451,596.800980392157,525.405882352941,908.93137254902,859.529411764706,0
415.744,-1.06828380536539,-2.34280534807402,-2.21563242699,-0.7621596778397,-0.94954457462658,,,,-0.41983397717863,,0.771121535842043,,,,,,,,,,,,,,,,,,,,0.739430053666325,,,,0.674403602883886,,-0.382471641885948,,,,,,,,,,,,,,,82.3296,103,965.803164120569,517.694186421764,904.75252827665,1013.72024124743,917.886086993713,504.721006178288,530.667366665241,881.687555163283,927.817501390018,0
415.8464,-1.06435089320331,-2.37716759317672,-2.23601946282362,-0.762402676189469,-0.975232340908617,,,,-0.474973268385509,,0.773764789252993,,,,,,,,,,,,,,,,,,,,0.698766958579668,,,,0.694228567019255,,-0.3513149489021,,,,,,,,,,,,,,,82.432,102,913.519677501891,520.796521158724,917.175961153384,969.55202020202,857.487334801762,519.314848484849,522.278193832599,901.090909090909,933.261013215859,0.637254901960784
415.9488,-1.05782175442594,-2.40785398250389,-2.25236173969424,-0.761899023159241,-0.999554595421237,,,,-0.529268372455513,,0.776160458561065,,,,,,,,,,,,,,,,,,,,0.658399664650868,,,,0.713419778422601,,-0.320242083767613,,,,,,,,,,,,,,,82.5344,102,856.838146331153,525.448952075824,927.010362434922,921.230808080808,792.445484581498,535.94393939394,514.953964757709,919.636363636364,934.38436123348,1
416.0512,-1.04882448112069,-2.43485610230902,-2.26473280670523,-0.760651437542797,-1.02245371871953,,,,-0.582632051889039,,0.778316150201531,,,,,,,,,,,,,,,,,,,,0.61843526866619,,,,0.731964588219815,,-0.289313994930646,,,,,,,,,,,,,,,82.6368,103,799.878764517421,530.124189026832,936.892971565879,872.672727272727,727.084801762115,552.654545454545,507.593832599119,938.272727272727,935.513215859031,1
416.1536,-1.03749410154189,-2.45817669173095,-2.27321790376249,-0.75866338068211,-1.04387509536827,,,,-0.634978849287199,,0.780239638219268,,,,,,,,,,,,,,,,,,,,0.578980718222864,,,,0.749851282254986,,-0.258591793442129,,,,,,,,,,,,,,,82.7392,102,743.469092257114,534.79098899071,946.844780403151,824.114646464646,662.823538049581,569.365151515152,500.216826466269,956.909090909091,936.78046989721,0.274509803921569
416.256,-1.02397162687258,-2.47782892041942,-2.27791289299695,-0.755939194727109,-1.06376695305951,,,,-0.686225311112935,,0.781938706836684,,,,,,,,,,,,,,,,,,,,0.540142410012386,,,,0.767069178124559,,-0.228136142831925,,,,,,,,,,,,,,,82.8416,103,714.166902030009,545.108137687555,953.539717563989,784.829920564872,643.503883495146,579.998799646955,510.217475728155,966.739629302736,940.339805825243,0
416.3584,-1.00840302245455,-2.49383558068932,-2.27892308676947,-0.752484256541644,-1.0820801347572,,,,-0.73629013719946,,0.783421012475969,,,,,,,,,,,,,,,,,,,,0.502025822888215,,,,0.783608730202195,,-0.198006686046803,,,,,,,,,,,,,,,82.944,102,713.716666666667,549.823039215686,960.504901960784,779.38431372549,648.049019607843,582.946078431373,516.7,970.529411764706,950.480392156863,0
416.4608,-0.990938125022315,-2.50622822314409,-2.27636200477988,-0.748305128391364,-1.09876782111705,,,,-0.785094271128901,,0.784693972854716,,,,,,,,,,,,,,,,,,,,0.464735164497512,,,,0.799461625580713,,-0.168261528733682,,,,,,,,,,,,,,,83.0464,102,714.629411764706,556.809803921569,965.245098039216,779.319607843137,649.939215686275,595.15,518.469607843137,974.019607843137,956.470588235294,0
416.5632,-0.971729560921015,-2.51504629479586,-2.27035013344162,-0.743409685249674,-1.1137852402105,,,,-0.832560975732893,,0.78576469218257,,,,,,,,,,,,,,,,,,,,0.428373013734463,,,,0.814620862492264,,-0.138956779887442,,,,,,,,,,,,,,,83.1488,103,713.620873786408,556.509223300971,965.509708737864,772.992233009709,654.249514563107,604.78640776699,508.232038834951,970.78640776699,960.233009708738,0
416.6656,-0.950931715504385,-2.5203363248051,-2.2610137484956,-0.737807200994177,-1.12708939113417,,,,-0.878615929436311,,0.78663992583676,,,,,,,,,,,,,,,,,,,,0.393039950785602,,,,0.829080810162878,,-0.110146144392686,,,,,,,,,,,,,,,83.2512,102,717.789215686275,557.075,977.745098039216,777.098039215686,658.480392156863,605.386274509804,508.763725490196,984.274509803921,971.21568627451,0
416.768,-0.928699781800313,-2.5221511736283,-2.24848382869917,-0.731508387498347,-1.1386387867192,,,,-0.923187343624043,,0.78732607483889,,,,,,,,,,,,,,,,,,,,0.35883417669685,,,,0.842837255770834,,-0.0818805628895106,,,,,,,,,,,,,,,83.3536,103,813.81213592233,732.285922330097,811.796116504854,828.360194174757,799.264077669903,601.340776699029,863.231067961165,666.281553398058,957.310679611651,0
416.8704,-0.905188886059275,-2.52054934296309,-2.2328950573839,-0.724525402662258,-1.14839321315864,,,,-0.966206071854282,,0.787829192724465,,,,,,,,,,,,,,,,,,,,0.325851134528441,,,,0.855887450417864,,-0.0542078976259152,,,,,,,,,,,,,,,83.456,102,834.28137254902,795.460294117647,766.960784313726,834.937254901961,833.625490196078,611.219607843137,979.700980392157,575.725490196079,958.196078431373,0
416.9728,-0.8805532684514,-2.51559434320205,-2.21438489627047,-0.716871853930504,-1.15631351558929,,,,-1.00760568426907,,0.788154991552423,,,,,,,,,,,,,,,,,,,,0.294183145560579,,,,0.868230166006957,,-0.0271726644631641,,,,,,,,,,,,,,,83.5584,102,832.394117647059,811.636764705882,775.558823529412,832.358823529412,832.429411764706,639.16862745098,984.104901960784,596.176470588235,954.941176470588,0
417.0752,-0.854945509067236,-2.50735412771584,-2.1930927316478,-0.708562811804314,-1.16236143058411,,,,-1.047322506785,,0.788308839230919,,,,,,,,,,,,,,,,,,,,0.263919067857501,,,,0.879865767804975,,-0.00081581030576489,,,,,,,,,,,,,,,83.6608,103,841.90733374073,781.352699323577,726.782823063525,852.311703400359,831.502964081101,582.802321354622,979.903077292531,529.539916256384,924.025729870664,0
417.1776,-0.828515816361235,-2.49590061307762,-2.16915911619518,-0.699614828751633,-1.16649948483294,,,,-1.0852956473667,,0.788295742248291,,,,,,,,,,,,,,,,,,,,0.235143977949919,,,,0.890796297233664,,0.0248254663168381,,,,,,,,,,,,,,,83.7632,102,929.498405497965,734.204779110077,745.496587845193,963.188507109005,895.808303886926,553.897985781991,914.511572438163,578.341232227488,912.651943462897,0.294117647058824
417.28,-0.801411405032958,-2.48130929756171,-2.14272513131434,-0.690045944842539,-1.16869097351957,,,,-1.12146703781587,,0.788120314414114,,,,,,,,,,,,,,,,,,,,0.207938866445036,,,,0.901025549178263,,0.0497178541785636,,,,,,,,,,,,,,,83.8656,103,1057.41145521076,697.015163783431,803.22997504731,1129.01018957346,985.812720848057,565.629620853081,828.400706713781,689.099526066351,917.360424028269,1
417.3824,-0.773775976552869,-2.46365897311487,-2.11393187494248,-0.679875652984635,-1.1689000257662,,,,-1.15578151294881,,0.787786741473218,,,,,,,,,,,,,,,,,,,,0.18238032122999,,,,0.91055912325682,,0.0738320294096412,,,,,,,,,,,,,,,83.968,102,1185.32450492355,659.825548456785,860.963362249427,1294.83187203791,1075.81713780919,577.361255924171,742.289840989399,799.857819905213,922.06890459364,1
417.4848,-0.745749296190088,-2.44303151471998,-2.08292006037377,-0.669124797635668,-1.16709175076026,,,,-1.18818693537825,,0.787298750578475,,,,,,,,,,,,,,,,,,,,0.158540161394816,,,,0.919404432852199,,0.0971427172499172,,,,,,,,,,,,,,,84.0704,102,1312.38104044986,622.750089127306,918.239140457147,1459.37957206579,1165.38250883392,588.901149986061,656.599028268551,909.723863953164,926.754416961131,1
417.5872,-0.71746685307302,-2.4195117362752,-2.0498297105458,-0.657815395552755,-1.16323244988535,,,,-1.21863436011566,,0.786659584822561,,,,,,,,,,,,,,,,,,,,0.136484999211505,,,,0.927570666076864,,0.119628716660674,,,,,,,,,,,,,,,84.1728,103,1392.12792891694,584.706217194415,947.639215753542,1528.86893203884,1255.38692579505,598.92427184466,570.48816254417,963.815533980583,931.462897526502,0.271844660194175
417.6896,-0.689059599890557,-2.39318732021207,-2.01479995049158,-0.645970389397781,-1.15728989364569,,,,-1.24707822527353,,0.785871982879196,,,,,,,,,,,,,,,,,,,,0.116275740801084,,,,0.935068703791897,,0.141272891216065,,,,,,,,,,,,,,,84.2752,102,1420.16823598697,561.363404177926,959.784660153814,1519.97941176471,1320.35706020924,614.397058823529,508.329749532322,981.78431372549,937.785006582138,0
417.792,-0.66065379086516,-2.3641488411969,-1.9779689229765,-0.633613361995068,-1.14923368420043,,,,-1.27347655363711,,0.784938172163911,,,,,,,,,,,,,,,,,,,,0.0979670637702275,,,,0.94191100738238,,0.162062132440579,,,,,,,,,,,,,,,84.3776,103,1422.11504854369,557.135436893204,965.907766990291,1522.10485436893,1322.12524271845,596.929126213592,517.341747572816,991.310679611651,940.504854368932,0
417.8944,-0.632370951961171,-2.33248990322405,-1.9394738611239,-0.620768239969068,-1.13903572935184,,,,-1.29779115765861,,0.783859884067645,,,,,,,,,,,,,,,,,,,,0.081606909263708,,,,0.948111488401552,,0.181987303645149,,,,,,,,,,,,,,,84.48,102,1404.65980392157,587.908823529412,953.102941176471,1499.19901960784,1310.12058823529,623.853921568627,551.963725490196,976.460784313726,929.745098039216,0
417.9968,-0.604328000569012,-2.29830739827185,-1.89945133410613,-0.607459003512008,-1.12667083559508,,,,-1.31998785707837,,0.782638388129185,,,,,,,,,,,,,,,,,,,,0.0672359997878242,,,,0.953685358160199,,0.201043172212043,,,,,,,,,,,,,,,84.5824,102,1272.90098039216,885.96568627451,975.666666666667,1379.77843137255,1166.02352941176,915.752941176471,856.178431372549,1005.08823529412,946.245098039216,0
418.0992,-0.576637485156299,-2.26170187021567,-1.8580376368434,-0.593709411802717,-1.11211739944599,,,,-1.34003672742809,,0.78127453200881,,,,,,,,,,,,,,,,,,,,0.0548873788824238,,,,0.958648939672333,,0.219228335507098,,,,,,,,,,,,,,,84.6848,103,1269.18737864078,890.314563106796,992.985436893204,1369.24757281553,1169.12718446602,925.234951456311,855.394174757282,1030,955.970873786408,0
418.2016,-0.549407879100509,-2.22277793541453,-1.81536925080787,-0.579542754196004,-1.09535815344928,,,,-1.35791239059272,,0.779768776911981,,,,,,,,,,,,,,,,,,,,0.0445859809898661,,,,0.963019434316089,,0.236545140132088,,,,,,,,,,,,,,,84.7872,102,1115.82058823529,843.201960784314,957.563725490196,1165.95098039216,1065.69019607843,845.410784313726,840.993137254902,945.990196078431,969.137254901961,0
418.304,-0.522743861899787,-2.18164469425287,-1.77158329102406,-0.564981631541702,-1.07638091411055,,,,-1.3735943457561,,0.778121227156788,,,,,,,,,,,,,,,,,,,,0.0363482497545337,,,,0.966814664001025,,0.252999588848999,,,,,,,,,,,,,,,84.8896,103,842.190776699029,735.569417475728,888.393203883495,830.009708737864,854.371844660194,657.681553398058,813.457281553398,795.291262135922,981.495145631068,0
418.4064,-0.496746538446023,-2.13841607537864,-1.72681787011367,-0.550047763370043,-1.05517928489328,,,,-1.38706732694658,,0.776331654693008,,,,,,,,,,,,,,,,,,,,0.0301818121422532,,,,0.970052817312071,,0.268601229231003,,,,,,,,,,,,,,,84.992,102,842.445588235294,734.702941176471,883.441176470588,832.807843137255,852.083333333333,662.107843137255,807.298039215686,787.088235294118,979.794117647059,0
418.5088,-0.471513571571702,-2.09321107995146,-1.68121234236642,-0.534761821209091,-1.03175328742811,,,,-1.39832166405968,,0.774399519760091,,,,,,,,,,,,,,,,,,,,0.0260852105502743,,,,0.972752213365436,,0.283363022716062,,,,,,,,,,,,,,,85.0944,102,941.430882352941,757.663725490196,891.230392156863,950.496078431373,932.36568627451,724.898039215686,790.429411764706,821.294117647059,961.166666666667,0
418.6112,-0.447139235401478,-2.04615392387286,-1.63490743114288,-0.519143301394577,-1.00610991594511,,,,-1.40735361933826,,0.772323994041311,,,,,,,,,,,,,,,,,,,,0.024047713209491,,,,0.974931088784488,,0.297301197423502,,,,,,,,,,,,,,,85.1968,103,1122.03446601942,807.691262135922,928.645631067961,1182.64660194175,1061.42233009709,860.617475728155,754.765048543689,936.339805825243,920.95145631068,0
418.7136,-0.423714418857083,-1.99737409093641,-1.58804526633199,-0.503210451977927,-0.97826361540371,,,,-1.41416566910071,,0.770103990620387,,,,,,,,,,,,,,,,,,,,0.0240492339760494,,,,0.976607412310788,,0.310435090396042,,,,,,,,,,,,,,,85.2992,102,1025.51568627451,774.718137254902,794.279411764706,990.73137254902,1060.3,790.76568627451,758.670588235294,719.56862745098,868.990196078431,0
418.816,-0.401326602825623,-1.94700630045169,-1.54076934874756,-0.486980255507491,-0.94823667431311,,,,-1.41876670498129,,0.767738193813768,,,,,,,,,,,,,,,,,,,,0.0260603695970855,,,,0.977798726263833,,0.322786982899972,,,,,,,,,,,,,,,85.4016,103,945.331067961165,705.218446601942,693.26213592233,905.484466019418,985.177669902913,621.339805825243,789.097087378641,558.446601941748,828.077669902913,0
418.9184,-0.380059811933756,-1.89519037220233,-1.49322443066514,-0.470468462089152,-0.916059513023867,,,,-1.42117214243367,,0.765225074083105,,,,,,,,,,,,,,,,,,,,0.0300425317264906,,,,0.978522010972092,,0.334381927317224,,,,,,,,,,,,,,,85.504,102,939.365196078431,692.334803921569,653.794117647059,898.789215686275,979.941176470588,595.099019607843,789.570588235294,507.872549019608,799.71568627451,0
419.0208,-0.359994524338066,-1.84207096015221,-1.44555628326894,-0.453689668963633,-0.881770844886123,,,,-1.42140393822964,,0.762562872678899,,,,,,,,,,,,,,,,,,,,0.0359481439339906,,,,0.978793572130907,,0.345247563977681,,,,,,,,,,,,,,,85.6064,102,942.601960784314,695.21862745098,637.607843137255,906.111764705882,979.092156862745,602.186274509804,788.250980392157,493.696078431373,781.519607843137,0
419.1232,-0.341207523744748,-1.78779714366014,-1.39791133379206,-0.436657437781233,-0.845417698960172,,,,-1.41949053225427,,0.759749547132897,,,,,,,,,,,,,,,,,,,,0.0437208823570537,,,,0.978628952252939,,0.35541393242216,,,,,,,,,,,,,,,85.7088,103,946.503883495146,697.932038834951,627.699029126214,915.010679611651,977.997087378641,608.414563106796,787.449514563107,488.834951456311,766.563106796117,0
419.2256,-0.323771696418358,-1.73252190680056,-1.35043619437232,-0.419384429670546,-0.807055320552234,,,,-1.41546674606647,,0.756782678790776,,,,,,,,,,,,,,,,,,,,0.0532959447361737,,,,0.97804286196446,,0.364913284782596,,,,,,,,,,,,,,,85.8112,102,949.798529411765,696.902941176471,610.769607843137,922.251960784314,977.345098039216,606.807843137255,786.998039215686,473.911764705882,747.627450980392,0
419.328,-0.307755793769398,-1.67640155982561,-1.30327713122393,-0.401882538901276,-0.766746988256434,,,,-1.40937367362428,,0.753659349555598,,,,,,,,,,,,,,,,,,,,0.0646003402060788,,,,0.977049123521207,,0.373779905112347,,,,,,,,,,,,,,,85.9136,103,934.421359223301,702.341747572816,603.932038834951,924.700970873787,944.141747572816,603.015533980583,801.667961165049,474.757281553398,733.106796116505,0
419.4304,-0.293224183083054,-1.61959513663018,-1.25657951054837,-0.384163023571779,-0.72456378359442,,,,-1.40125857395816,,0.750375997639188,,,,,,,,,,,,,,,,,,,,0.0775532077763083,,,,0.975660625274323,,0.382049932916367,,,,,,,,,,,,,,,86.016,102,900.375980392157,716.460294117647,599.024509803922,943.554901960784,857.19705882353,580.756862745098,852.163725490196,463.813725490196,734.235294117647,0
419.5328,-0.280236602927379,-1.56226377185647,-1.21048723381693,-0.366236652454477,-0.680584333500367,,,,-1.39117474781472,,0.746928262378831,,,,,,,,,,,,,,,,,,,,0.092066184867921,,,,0.97388929750307,,0.389761185691815,,,,,,,,,,,,,,,86.1184,102,896.369607843137,714.998039215686,610.352941176471,941.674509803921,851.064705882353,580.033333333333,849.962745098039,466.323529411765,754.382352941177,0
419.6352,-0.268847933110716,-1.50457005193277,-1.16514216473375,-0.348113894013354,-0.634894533859793,,,,-1.37918137564809,,0.74331082071485,,,,,,,,,,,,,,,,,,,,0.108043847498334,,,,0.97174612414124,,0.396952974532849,,,,,,,,,,,,,,,86.2208,103,894.890776699029,705.465048543689,626.611650485437,937.302912621359,852.478640776699,551.745631067961,859.184466019418,475.155339805825,778.067961165049,0
419.7376,-0.259107981467354,-1.44667733224685,-1.12068354410863,-0.329805160997623,-0.587587250045424,,,,-1.36534330223127,,0.73951720991572,,,,,,,,,,,,,,,,,,,,0.125384230494691,,,,0.969241196630982,,0.40366591042275,,,,,,,,,,,,,,,86.3232,102,910.400490196078,694.934803921569,637.323529411765,936.120588235294,884.680392156863,540.925490196078,848.944117647059,472.039215686275,802.607843137255,0
419.84,-0.25106128983135,-1.38874900833606,-1.07724738605115,-0.311321100327414,-0.538761980646632,,,,-1.34973076641543,,0.735539636923622,,,,,,,,,,,,,,,,,,,,0.143979416325991,,,,0.966383805515096,,0.409941704896352,,,,,,,,,,,,,,,86.4256,103,1040.42038834951,727.303398058253,563.126213592233,846.416504854369,1234.42427184466,580.718446601942,873.888349514563,311.631067961165,814.621359223301,0
419.9424,-0.244746968770544,-1.33094773820753,-1.03496585948281,-0.29267290085117,-0.488524479729204,,,,-1.33241909614697,,0.731368788464228,,,,,,,,,,,,,,,,,,,,0.163716169153344,,,,0.963182561287741,,0.41582297116073,,,,,,,,,,,,,,,86.528,102,1058.08725490196,741.338725490196,579.833333333333,863.55,1252.62450980392,608.295098039216,874.382352941177,331.745098039216,827.921568627451,0
420.0448,-0.240198567998777,-1.27343463328768,-0.993966670861139,-0.273872590844707,-0.436986351975206,,,,-1.31348840360146,,0.726993659632564,,,,,,,,,,,,,,,,,,,,0.18447659370329,,,,0.959645534103249,,0.421353030256364,,,,,,,,,,,,,,,86.6304,102,1111.79264705882,750.712254901961,634.877450980392,969.771568627451,1253.8137254902,619.543137254902,881.88137254902,421.843137254902,847.911764705882,0
420.1472,-0.237443974560926,-1.21636844266418,-0.954372459607947,-0.254933303095335,-0.384264635875657,,,,-1.29302330989409,,0.722401411731066,,,,,,,,,,,,,,,,,,,,0.206138802803801,,,,0.955780397660568,,0.426575725713003,,,,,,,,,,,,,,,86.7328,103,1101.37285020117,751.115061152856,638.752346973479,967.379637350086,1235.36606305225,610.618886350657,891.611235955056,414.727013135351,862.777680811607,0
420.2496,-0.236505322193144,-1.15990474769,-0.916300207322289,-0.235869488375153,-0.330481372107724,,,,-1.27111270962186,,0.717577267266517,,,,,,,,,,,,,,,,,,,,0.228577574291584,,,,0.951594561855585,,0.431535248177918,,,,,,,,,,,,,,,86.8352,102,1001.93747604098,732.948940846001,641.587144745539,857.15955882353,1146.71539325843,583.119117647059,882.778764044944,409.852941176471,873.321348314607,0.401960784313726
420.352,-0.237398903979934,-1.10419517989043,-0.879860664503535,-0.216697065073346,-0.275763142375274,,,,-1.24784956108537,,0.71250445124189,,,,,,,,,,,,,,,,,,,,0.251664983918022,,,,0.947095285881473,,0.436275965949042,,,,,,,,,,,,,,,86.9376,103,954.052260409782,759.084408460013,715.071447455387,865.570588235294,1042.53393258427,645.041176470588,873.127640449438,548.529411764706,881.613483146067,1
420.4544,-0.240135098202338,-1.04938667586743,-0.845157809990499,-0.197433509025874,-0.220240570839453,,,,-1.22333066934359,,0.707164182517043,,,,,,,,,,,,,,,,,,,,0.275271025682319,,,,0.94228977363244,,0.440842252362293,,,,,,,,,,,,,,,87.04,102,906.167044778586,785.219876074025,788.555750165235,873.981617647059,938.352471910112,706.963235294118,863.476516853933,687.205882352941,889.905617977528,0.980392156862745
420.5568,-0.244718327458125,-0.995620780829161,-0.81228836324375,-0.178097901227376,-0.164047794757542,,,,-1.19765643330471,,0.70153571321472,,,,,,,,,,,,,,,,,,,,0.299264248827008,,,,0.937185260621543,,0.445278304003003,,,,,,,,,,,,,,,87.1424,102,858.647328269378,800.733679451292,840.338959734588,882.542909457901,834.751747080855,747.613858131488,853.853500771095,782.525374855825,898.152544613351,0
420.6592,-0.251147062564248,-0.943033008741311,-0.781341361891826,-0.158710951398212,-0.107321916905672,,,,-1.17093055223073,,0.695596416039735,,,,,,,,,,,,,,,,,,,,0.323512427009226,,,,0.931789102520514,,0.449627954368544,,,,,,,,,,,,,,,87.2448,103,832.576699029126,794.656796116505,831.864077669903,878.338834951456,786.814563106796,738.135922330097,851.177669902913,774.097087378641,889.631067961165,0
420.7616,-0.259413863494753,-0.891752262886676,-0.752397802269794,-0.139295006843612,-0.0502024465888769,,,,-1.14325970445216,,0.689321917947442,,,,,,,,,,,,,,,,,,,,0.34788324981536,,,,0.926108868202741,,0.45393449450489,,,,,,,,,,,,,,,87.3472,102,842.829901960784,764.678921568627,827.627450980392,880.896078431373,804.763725490196,714.754901960784,814.602941176471,769.529411764706,885.725490196078,0
420.864,-0.269505440954032,-0.841900315489592,-0.725530331925926,-0.119874044125305,0.00716927173830848,,,,-1.11475321022477,,0.68268627124942,,,,,,,,,,,,,,,,,,,,0.372245017472731,,,,0.920152427854706,,0.458240506369162,,,,,,,,,,,,,,,87.4496,103,921.180097087379,469.443203883495,834.252427184466,953.33786407767,889.022330097087,431.290291262136,507.596116504854,772.194174757282,896.31067961165,0
420.9664,-0.281402725712576,-0.793591342727498,-0.700802983701613,-0.100473627792409,0.064650646774997,,,,-1.08552268393126,,0.675662155934941,,,,,,,,,,,,,,,,,,,,0.396467321427576,,,,0.913928018569487,,0.46258770335921,,,,,,,,,,,,,,,87.552,102,934.860294117647,470.772549019608,828,977.780392156863,891.940196078432,440.220588235294,501.324509803922,783.666666666667,872.333333333333,0
421.0688,-0.29508093552966,-0.746931512295136,-0.678270943215753,-0.081120813382397,0.122098453460478,,,,-1.05568167592654,,0.668221119294205,,,,,,,,,,,,,,,,,,,,0.42042169574738,,,,0.907444274269298,,0.46701677267229,,,,,,,,,,,,,,,87.6544,102,985.122549019608,257.038235294118,854.647058823529,1040.46078431373,929.78431372549,299.661764705882,214.414705882353,855.029411764706,854.264705882353,0
421.1712,-0.310509634010366,-0.702018620122839,-0.657980344004993,-0.0618439797302718,0.179369482501358,,,,-1.02534529909189,,0.660333859068305,,,,,,,,,,,,,,,,,,,,0.443982231314913,,,,0.900710219688637,,0.471567229002572,,,,,,,,,,,,,,,87.7568,103,991.973300970874,172.392233009709,889.495145631068,1047.67087378641,936.27572815534,230.319417475728,114.465048543689,910.854368932039,868.135922330097,0
421.2736,-0.327652783470239,-0.658941767790818,-0.639968085984192,-0.0426725965388299,0.236321235672468,,,,-0.994629825644114,,0.651970540116545,,,,,,,,,,,,,,,,,,,,0.467026159982782,,,,0.893735237192086,,0.476277298061437,,,,,,,,,,,,,,,87.8592,102,993.664705882353,177.84362745098,914.044117647059,1049.13921568627,938.190196078432,229.475490196078,126.211764705882,947.774509803922,880.313725490196,0
421.376,-0.346468792196375,-0.617781061696276,-0.624261664889123,-0.0236369500734465,0.292812670444948,,,,-0.963652229697903,,0.643101124353004,,,,,,,,,,,,,,,,,,,,0.489434428846927,,,,0.886529016965154,,0.481183837199719,,,,,,,,,,,,,,,87.9616,103,793.870873786408,307.572330097087,948.140776699029,856.477669902913,731.264077669903,350.734951456311,264.409708737864,985.68932038835,910.592233009709,0
421.4784,-0.366910548790827,-0.578607304755396,-0.610878988781619,-0.00476784705277582,0.3487049968428,,,,-0.93252965684552,,0.63369569946811,,,,,,,,,,,,,,,,,,,,0.511092278035314,,,,0.879101500504325,,0.48632228309019,,,,,,,,,,,,,,,88.064,102,750.671568627451,342.620098039216,969.661764705882,807.562745098039,693.780392156863,384.083333333333,301.156862745098,1006.97058823529,932.352941176471,0
421.5808,-0.38892544427052,-0.54148165950636,-0.599828168000672,0.0139036978068675,0.403862523410107,,,,-0.901378829761832,,0.623724800903559,,,,,,,,,,,,,,,,,,,,0.531889808891512,,,,0.871462824422255,,0.491726610955399,,,,,,,,,,,,,,,88.1664,102,750.552941176471,344.641176470588,988.132352941176,804.596078431373,696.509803921569,384.956862745098,304.325490196078,1026.83333333333,949.43137254902,0
421.6832,-0.412455410323497,-0.506455298379624,-0.591107306574005,0.0323467930879301,0.458153523843673,,,,-0.870315428729416,,0.613159728450406,,,,,,,,,,,,,,,,,,,,0.551722509974419,,,,0.863623265204783,,0.497429294751796,,,,,,,,,,,,,,,88.2688,103,752.33640776699,344.255825242718,1004.50485436893,807.357281553398,697.315533980583,387.050485436893,301.461165048544,1042.19417475728,966.815533980582,0
421.7856,-0.437437026181519,-0.473569097672935,-0.584704365041402,0.0505310192307427,0.511451070592344,,,,-0.839453492446139,,0.601972865422224,,,,,,,,,,,,,,,,,,,,0.570491720860736,,,,0.855593181577547,,0.503461263073312,,,,,,,,,,,,,,,88.3712,102,1117.43970588235,285.405882352941,994.46568627451,1207.8,1027.07941176471,340.182352941177,230.629411764706,1041.13725490196,947.794117647059,0
421.888,-0.463801741186616,-0.442853434574865,-0.580597163179355,0.0684267813536876,0.563633787163098,,,,-0.808904864353596,,0.590138006370113,,,,,,,,,,,,,,,,,,,,0.588105047529658,,,,0.847382954363927,,0.509851847650636,,,,,,,,,,,,,,,88.4736,103,1243.08266481846,278.443396475681,1008.87601209305,1341.64861303745,1144.51671659946,346.614587873985,210.272205077377,1081.9364226273,935.815601558804,0
421.9904,-0.491476220940302,-0.41432810553978,-0.578753539654023,0.086005642188903,0.61458650183697,,,,-0.77877868535029,,0.57763068952956,,,,,,,,,,,,,,,,,,,,0.604476759967522,,,,0.839002931626852,,0.516628721711816,,,,,,,,,,,,,,,88.576,102,1330.56408269804,371.993909216819,1012.09287105213,1436.40357142857,1224.72459396752,445.001275510204,298.986542923434,1082.47576530612,941.709976798144,0.274509803921569
422.0928,-0.520382779806047,-0.388002342573451,-0.57913163003709,0.103240611231992,0.664200810565573,,,,-0.749180925192552,,0.56442852769747,,,,,,,,,,,,,,,,,,,,0.619528186256034,,,,0.830463392209468,,0.523817826338499,,,,,,,,,,,,,,,88.6784,102,1455.20980692741,504.058830614612,1011.1127287632,1569.73214285714,1340.68747099768,578.590051020408,429.527610208817,1073.88903061224,948.336426914153,1
422.1952,-0.550439847585181,-0.363874897819391,-0.581680211286355,0.120106380101652,0.712375562257289,,,,-0.72021394644244,,0.550511534326462,,,,,,,,,,,,,,,,,,,,0.633188094874595,,,,0.821774535684116,,0.531443285545635,,,,,,,,,,,,,,,88.7808,103,1580.46653960888,636.771129078081,1010.1277818552,1703.71428571429,1457.21879350348,712.833673469388,560.708584686775,1065.26020408163,954.99535962877,1
422.2976,-0.581562433740461,-0.341934181903768,-0.586339080407389,0.136579505236769,0.759017277072345,,,,-0.691976091062994,,0.535862437763475,,,,,,,,,,,,,,,,,,,,0.645393057844722,,,,0.812946495461102,,0.539527313030987,,,,,,,,,,,,,,,88.8832,102,1699.48181570772,762.719356913299,1007.20478472712,1825.21351540616,1573.75011600928,833.549154661865,691.889559164733,1052.75527711084,961.654292343388,0.0196078431372549
422.4,-0.613662569534715,-0.32215844784647,-0.59303944972732,0.15263853485553,0.804040507101046,,,,-0.664561273215474,,0.520466972349307,,,,,,,,,,,,,,,,,,,,0.656087804392865,,,,0.803989368992914,,0.548090112716019,,,,,,,,,,,,,,,88.9856,103,1733.54368932039,797.803883495146,996.873786407767,1840.89126213592,1626.19611650485,843.447572815534,752.160194174757,1037.33009708738,956.417475728155,0
422.5024,-0.646649708596901,-0.304516008559193,-0.60170433878691,0.168264070476128,0.847368143915666,,,,-0.638058565572763,,0.504314140830086,,,,,,,,,,,,,,,,,,,,0.665225580497923,,,,0.794913263949235,,0.557149773432393,,,,,,,,,,,,,,,89.088,102,1729.42009803922,801.466666666667,981.470588235294,1836.96176470588,1621.87843137255,844.829411764706,758.103921568628,1028.5,934.441176470588,0
422.6048,-0.680431059064124,-0.288965478204969,-0.612248939804166,0.183438759331875,0.888931664490735,,,,-0.612551781619285,,0.487396451371839,,,,,,,,,,,,,,,,,,,,0.672768515549588,,,,0.785728358716145,,0.566722158571609,,,,,,,,,,,,,,,89.1904,102,1709.55931799618,775.13018966926,961.482490118107,1838.07834211921,1581.04029387316,832.48950994338,717.77086939514,1001.44833068362,921.516649552589,0
422.7072,-0.714911830642808,-0.275456041806064,-0.624580949331701,0.19814722620549,0.928671298213215,,,,-0.58811907235574,,0.469710135916675,,,,,,,,,,,,,,,,,,,,0.678687979116706,,,,0.776444969823175,,0.576820792753603,,,,,,,,,,,,,,,89.2928,103,1620.71784035643,667.823206031862,967.79861157916,1811.56884779516,1429.86683291771,784.40426742532,551.242144638404,1003.91891891892,931.678304239402,0.728155339805825
422.8096,-0.749995411551085,-0.263927773601669,-0.638600888964653,0.212375961632407,0.966536110054891,,,,-0.564832562188625,,0.45125535572994,,,,,,,,,,,,,,,,,,,,0.682964901199953,,,,0.767073615357035,,0.587456746641898,,,,,,,,,,,,,,,89.3952,102,1527.40334609777,556.779654703923,977.194041922222,1782.93300142248,1271.87369077307,735.953698435277,377.605610972569,1012.22972972973,942.158354114713,1
422.912,-0.78558350998726,-0.254312025557782,-0.654202450714275,0.226113185919201,1.00248401848756,,,,-0.542758042633764,,0.432036395493429,,,,,,,,,,,,,,,,,,,,0.685590027904363,,,,0.757625064976422,,0.598638518182773,,,,,,,,,,,,,,,89.4976,103,1434.08885183911,445.736103375984,986.589472265283,1754.29715504979,1113.88054862843,687.503129445235,203.969077306733,1020.54054054054,952.638403990025,1
423.0144,-0.82157627798689,-0.246531882618599,-0.671272875818012,0.239348703164988,1.03648177287293,,,,-0.52195473108508,,0.412061836686791,,,,,,,,,,,,,,,,,,,,0.686564090506641,,,,0.748110376463434,,0.610371907312329,,,,,,,,,,,,,,,89.6,102,1368.44091545048,363.705903473403,989.79101233403,1725.6613086771,1011.22052222385,639.052560455192,88.3592464916141,1028.85135135135,950.730673316708,1
423.1168,-0.857872408686674,-0.240502650407595,-0.689693338667037,0.252073754227644,1.06850489733648,,,,-0.502475098427428,,0.391344689450774,,,,,,,,,,,,,,,,,,,,0.68589787372259,,,,0.738540926753013,,0.622659885721471,,,,,,,,,,,,,,,89.7024,102,1578.96835899367,482.002010989318,963.232379438262,1697.16514935989,1460.77156862745,590.838335704125,373.16568627451,1037.12162162162,889.343137254902,1
423.2192,-0.894369203671263,-0.236132345216564,-0.709339313770098,0.26428088161207,1.09853758451899,,,,-0.484364778488946,,0.369902461689985,,,,,,,,,,,,,,,,,,,,0.683612165187879,,,,0.72892843921521,,0.635502471146808,,,,,,,,,,,,,,,89.8048,103,1575.38212722175,466.396795978401,959.007478352139,1668.5293029872,1482.23495145631,542.387766714083,390.405825242718,1045.43243243243,872.582524271845,0.310679611650485
423.3216,-0.930962640305959,-0.233322198675279,-0.730080952456713,0.275963820012878,1.12657251083526,,,,-0.467662577023599,,0.347757156642591,,,,,,,,,,,,,,,,,,,,0.679737562139104,,,,0.719285002076586,,0.648896617282881,,,,,,,,,,,,,,,89.9072,102,1602.37758695228,466.468232783867,961.77808691044,1696.98556606142,1507.76960784314,531.71293615597,401.223529411765,1045.09538950715,878.460784313726,0
423.424,-0.967547485348567,-0.2319672189118,-0.751783525682053,0.287117411505519,1.15261055261468,,,,-0.452400577001326,,0.324935202024952,,,,,,,,,,,,,,,,,,,,0.674314132083746,,,,0.709623080361758,,0.662836124121164,,,,,,,,,,,,,,,90.0096,103,1611.88252427184,483.28640776699,960.966019417476,1703.64466019417,1520.12038834951,545.153398058252,421.419417475728,1041.22330097087,880.708737864078,0
423.5264,-1.00401748340718,-0.231956831773541,-0.77430796623305,0.297737527985339,1.17666040347453,,,,-0.438604305217713,,0.301467315734121,,,,,,,,,,,,,,,,,,,,0.667390963163238,,,,0.69995553035215,,0.677311569075578,,,,,,,,,,,,,,,90.112,102,1572.85735294118,478.047549019608,965.789215686275,1663.47450980392,1482.24019607843,548.461764705882,407.633333333333,1046.05882352941,885.519607843137,0
423.6288,-1.04026562051087,-0.233175587435905,-0.79751150075739,0.3078209808243,1.19873811670824,,,,-0.426292917691267,,0.277388313586446,,,,,,,,,,,,,,,,,,,,0.659025656731225,,,,0.69029561941614,,0.692310260468835,,,,,,,,,,,,,,,90.2144,102,1530.37647058824,461.039215686275,965.333333333333,1628.7137254902,1432.03921568627,542.548039215686,379.530392156863,1050.90196078431,879.764705882353,0
423.7312,-1.07618444593274,-0.235503896895845,-0.821248337625036,0.317365404824336,1.21886661696756,,,,-0.415479379105089,,0.252736870391571,,,,,,,,,,,,,,,,,,,,0.649283803802899,,,,0.680657047994885,,0.70781621600155,,,,,,,,,,,,,,,90.3168,103,1493.72330097087,443.63640776699,959.402912621359,1597.26796116505,1390.1786407767,521.844660194175,365.428155339806,1041.88349514563,876.922330097088,0
423.8336,-1.11166643411309,-0.238818767201277,-0.845370378724281,0.326369113286039,1.2370752255253,,,,-0.406170631850704,,0.227555249586475,,,,,,,,,,,,,,,,,,,,0.63823846683075,,,,0.671053972244333,,0.723810166564398,,,,,,,,,,,,,,,90.4192,102,1536.61568627451,433.569117647059,949.656862745098,1635.13823529412,1438.0931372549,505.094117647059,362.044117647059,1030.01960784314,869.294117647059,0
423.936,-1.1466043750733,-0.242994525950775,-0.869727941734975,0.334830935875742,1.25339921268124,,,,-0.398367763927667,,0.201889017326367,,,,,,,,,,,,,,,,,,,,0.625969661690556,,,,0.661501026509394,,0.740269582357446,,,,,,,,,,,,,,,90.5216,103,1502.99708737864,418.114077669903,953.791262135922,1606.1786407767,1399.81553398058,487.482524271845,348.745631067961,1031.44660194175,876.135922330097,0
424.0384,-1.18089178108146,-0.247903539266375,-0.894170488108177,0.342750068618452,1.26787936837006,,,,-0.39206618767559,,0.17578675648637,,,,,,,,,,,,,,,,,,,,0.612563814051194,,,,0.65201333895345,,0.757168717367632,,,,,,,,,,,,,,,90.624,102,1458.63970588235,408.977450980392,954.950980392157,1564.55294117647,1352.72647058824,474.585294117647,343.369607843137,1030.78431372549,879.117647058824,0
424.1408,-1.21442329331581,-0.253416914677146,-0.918547341025107,0.350125969627977,1.28056160002254,,,,-0.387255831978119,,0.149299788122089,,,,,,,,,,,,,,,,,,,,0.598113169361216,,,,0.64260652828486,,0.774478671734974,,,,,,,,,,,,,,,90.7264,102,1403.12303921569,369.613725490196,960.745098039216,1505.51274509804,1300.73333333333,431.472549019608,307.754901960784,1036.97058823529,884.519607843137,0
424.2432,-1.2470950858548,-0.259405169791558,-0.942708378987979,0.356958313672633,1.29149658567656,,,,-0.38392134364397,,0.122481893983779,,,,,,,,,,,,,,,,,,,,0.582715156344415,,,,0.633296673898278,,0.792167476544976,,,,,,,,,,,,,,,90.8288,103,1343.02184466019,340.827184466019,973.368932038835,1439.42038834951,1246.62330097087,401.756310679612,279.898058252427,1051.46601941748,895.271844660194,0
424.3456,-1.2788052892107,-0.265738864935836,-0.966504717558035,0.36324698572638,1.30073948770555,,,,-0.382042297002379,,0.0953890266375988,,,,,,,,,,,,,,,,,,,,0.566471720584427,,,,0.624100264736669,,0.810200206174707,,,,,,,,,,,,,,,90.9312,102,1290.36911764706,333.013725490196,989.720588235294,1387.09509803922,1193.6431372549,393.954901960784,272.072549019608,1065.73529411765,913.705882352941,0
424.448,-1.30945446025598,-0.272289215472045,-0.989789406262418,0.36899207653068,1.30834969996491,,,,-0.381593415372662,,0.068079000923896,,,,,,,,,,,,,,,,,,,,0.549488655986249,,,,0.615034140655087,,0.828539117937392,,,,,,,,,,,,,,,91.0336,103,1239.28495145631,329.158252427185,1001.7427184466,1332.88349514563,1145.68640776699,389.381553398058,268.934951456311,1076.4854368932,927,0
424.5504,-1.33894610987252,-0.278928692747252,-1.01241815361345,0.37419385542144,1.31439060620766,,,,-0.382544810692803,,0.0406111750077525,,,,,,,,,,,,,,,,,,,,0.53187496641609,,,,0.606115434674152,,0.847143815361854,,,,,,,,,,,,,,,91.136,102,1070.33725490196,329.492156862745,1014.30392156863,1155.23725490196,985.437254901961,386.317647058824,272.666666666667,1082.75490196078,945.852941176471,0
424.6528,-1.367187288718,-0.285531609759677,-1.03425007788495,0.37885272113502,1.31892935429334,,,,-0.3848622495171,,0.0130461354715573,,,,,,,,,,,,,,,,,,,,0.513742282141056,,,,0.597361512265623,,0.86597143646041,,,,,,,,,,,,,,,91.2384,102,935.201960784314,329.110294117647,1010.58823529412,1001.01274509804,869.391176470588,377.902941176471,280.317647058824,1059.19607843137,961.980392156863,0
424.7552,-1.3940892210841,-0.291974684054891,-1.05514847248038,0.382969147930398,1.32203666111801,,,,-0.388507447681315,,-0.014554608595535,,,,,,,,,,,,,,,,,,,,0.495204336232404,,,,0.588789896406599,,0.884976873662399,,,,,,,,,,,,,,,91.3408,103,877.723786407767,222.42427184466,1010.33980582524,939.218446601942,816.229126213592,274.133009708738,170.715533980583,1057.8640776699,962.815533980583,0
424.8576,-1.41956796368673,-0.298137571266494,-1.07498156721195,0.386543646083649,1.32378665804615,,,,-0.393438385953992,,-0.0421289353749845,,,,,,,,,,,,,,,,,,,,0.476376479822672,,,,0.58041816808091,,0.904113028026443,,,,,,,,,,,,,,,91.4432,102,803.573039215686,141.705392156863,1026.25,865.755882352941,741.390196078431,196.635294117647,86.7754901960784,1081.25490196078,971.245098039216,0
424.96,-1.4435450716362,-0.303903370298985,-1.09362327518564,0.389576748099335,1.32425677371156,,,,-0.399609642436844,,-0.0696144481153546,,,,,,,,,,,,,,,,,,,,0.457375196231954,,,,0.572263838208585,,0.923331091180017,,,,,,,,,,,,,,,91.5456,103,702.052427184466,96.2495145631068,1022.22815533981,759.606796116505,644.498058252427,145.633980582524,46.8650485436893,1068,976.456310679612,0
425.0624,-1.46594826452931,-0.309159114101127,-1.11095393019344,0.39206902444835,1.32352762789099,,,,-0.406972747159345,,-0.0969488536014516,,,,,,,,,,,,,,,,,,,,0.43831758190958,,,,0.564344192681629,,0.942580841233268,,,,,,,,,,,,,,,91.648,102,593.480882352941,76.7612745098039,1022.77941176471,648.927450980392,538.03431372549,133.379411764706,20.143137254902,1071.16666666667,974.392156862745,0
425.1648,-1.48671207428375,-0.313796261629813,-1.12686101361659,0.394021127926766,1.32168289316822,,,,-0.41547655737456,,-0.124070366646986,,,,,,,,,,,,,,,,,,,,0.419320793176373,,,,0.556676115906285,,0.961810936322363,,,,,,,,,,,,,,,91.7504,102,477.330179619966,8.06967980444866,999.465168537845,533.155096985031,421.505262254902,34.5193179422307,-18.3799583333333,1032.60320472275,966.327132352941,0
425.2672,-1.50577844380219,-0.317711194006432,-1.14123985373484,0.395433855086434,1.31880908867832,,,,-0.425067636160529,,-0.150918115831605,,,,,,,,,,,,,,,,,,,,0.400501481946597,,,,0.549275904419355,,0.980969196766934,,,,,,,,,,,,,,,91.8528,103,544.676448924731,54.0154543010753,1006.8827688172,614.891397849462,474.4615,72.4344086021505,35.5965,1035.15053763441,978.615,0.0679611650485437
425.3696,-1.52309725251833,-0.320805707820154,-1.15399427796869,0.396308200569781,1.31499529300787,,,,-0.435690615543483,,-0.17743253876952,,,,,,,,,,,,,,,,,,,,0.381975241170793,,,,0.54215908697595,,1.00000288153526,,,,,,,,,,,,,,,91.9552,102,759.631210349462,195.557346102151,1026.11116263441,848.795295698925,670.467125,231.006317204301,160.108375,1061.05107526882,991.17125,1
425.472,-1.53862675708788,-0.322987499832869,-1.16503720698833,0.396645384256269,1.31033277941922,,,,-0.447288539358219,,-0.203555764286848,,,,,,,,,,,,,,,,,,,,0.363856062850088,,,,0.535340263397708,,1.01885897095813,,,,,,,,,,,,,,,92.0576,103,974.585971774194,337.099237903226,1045.33955645161,1082.69919354839,866.47275,389.578225806452,284.62025,1086.95161290323,1003.7275,0.893203883495146
425.5744,-1.55233394242161,-0.324170639874099,-1.17429118558956,0.396446849830404,1.30491458171327,,,,-0.459803191725934,,-0.22923197690252,,,,,,,,,,,,,,,,,,,,0.346255804343334,,,,0.528832966524954,,1.03748445997309,,,,,,,,,,,,,,,92.16,102,1177.29028324636,470.542451573371,1064.38298742884,1293.81646110057,1060.76410539216,533.140528146743,407.944375,1112.47786211259,1016.2881127451,0
425.6768,-1.56419478012964,-0.324276019473424,-1.18168884025745,0.395714246521341,1.29883501007628,,,,-0.473175412607795,,-0.254407759701918,,,,,,,,,,,,,,,,,,,,0.329283669604474,,,,0.522649546896973,,1.05582665711978,,,,,,,,,,,,,,,92.2624,102,1211.61666666667,492.389215686275,1075.43137254902,1306.81078431373,1116.42254901961,548.7,436.078431372549,1128.85294117647,1022.00980392157,0
425.7792,-1.57419439244046,-0.323231752534598,-1.18717324648713,0.394449409612467,1.29218915177642,,,,-0.487345395878515,,-0.279032414791182,,,,,,,,,,,,,,,,,,,,0.313045719063268,,,,0.516801075873269,,1.07383348328935,,,,,,,,,,,,,,,92.3648,103,946.423786407767,523.161165048544,1060.69902912621,1015.18932038835,877.658252427185,553.120388349515,493.201941747573,1088.78640776699,1032.61165048544,0
425.8816,-1.58232712836884,-0.320973515934474,-1.19069820200109,0.392654355506913,1.28507238150055,,,,-0.502252972269181,,-0.303058256892107,,,,,,,,,,,,,,,,,,,,0.297644412929157,,,,0.511297260831718,,1.09145376861715,,,,,,,,,,,,,,,92.4672,102,806.511764705882,543.388235294118,1064.28921568627,850.838235294118,762.185294117647,569.138235294118,517.638235294118,1083.82352941176,1044.75490196078,0
425.984,-1.58859657083588,-0.317444845360647,-1.19222842758658,0.39033129724229,1.27757987333198,,,,-0.517837883224633,,-0.326440869846549,,,,,,,,,,,,,,,,,,,,0.283178184229372,,,,0.506146372540952,,1.10863755151625,,,,,,,,,,,,,,,92.5696,103,794.831553398058,556.755339805825,1086.18446601942,839.102912621359,750.560194174757,610.795145631068,502.715533980583,1115.71844660194,1056.65048543689,0
426.0864,-1.59301549317855,-0.312597408455535,-1.1917397215969,0.387482667823208,1.26980609578774,,,,-0.534040037391733,,-0.349139318889741,,,,,,,,,,,,,,,,,,,,0.26974104126272,,,,0.501355195093923,,1.12533638624575,,,,,,,,,,,,,,,92.672,102,1199.37941176471,472.905882352941,1106.0637254902,1287.27450980392,1111.48431372549,537.891176470588,407.920588235294,1156.85294117647,1055.27450980392,0
426.1888,-1.59560576706085,-0.306391254987281,-1.1892190691739,0.384111131088156,1.26184429230971,,,,-0.550799727999584,,-0.371116320264129,,,,,,,,,,,,,,,,,,,,0.257422206104465,,,,0.496929009699706,,1.14150366055483,,,,,,,,,,,,,,,92.7744,102,1209.64215686275,462.642647058824,1111.99509803922,1298.03333333333,1121.25098039216,527.417647058824,397.867647058824,1167.46078431373,1056.52941176471,0
426.2912,-1.59639820252883,-0.298795018417548,-1.18466467727591,0.380219569950145,1.25378596484155,,,,-0.568057794950824,,-0.392338374445648,,,,,,,,,,,,,,,,,,,,0.246305794529559,,,,0.492871614556029,,1.15709491814648,,,,,,,,,,,,,,,92.8768,103,1186.19077669903,448.034951456311,1117.24757281553,1275.1786407767,1097.20291262136,510.550485436893,385.519417475728,1173.49514563107,1061,0
426.3936,-1.59543229062344,-0.289786034484258,-1.17808589440262,0.375811056742988,1.24572037252811,,,,-0.58575573181097,,-0.412775870494489,,,,,,,,,,,,,,,,,,,,0.236470529919943,,,,0.489185372668556,,1.17206818124919,,,,,,,,,,,,,,,92.9792,102,1257.54019607843,224.695098039216,1102.09803921569,1352.38431372549,1162.69607843137,291.329411764706,158.060784313726,1177.08823529412,1027.10784313725,0
426.496,-1.59275583031166,-0.279350352972703,-1.16950298792745,0.370888820861397,1.23773405051094,,,,-0.603835753689658,,-0.432403166867471,,,,,,,,,,,,,,,,,,,,0.227989471249784,,,,0.48587127269903,,1.18638427369395,,,,,,,,,,,,,,,93.0816,103,1237.96844660194,186.317475728155,1094.23786407767,1335.57669902913,1140.36019417476,245.652427184466,126.982524271845,1178.43689320388,1010.03883495146,0
426.5984,-1.58842445271063,-0.267482643480911,-1.15894678758847,0.365456234047674,1.22991035263939,,,,-0.622240854928557,,-0.45119864409965,,,,,,,,,,,,,,,,,,,,0.220929736030744,,,,0.482928988833004,,1.20000714675697,,,,,,,,,,,,,,,93.184,102,1076.09460784314,340.362745098039,1096.9068627451,1169.13137254902,983.057843137255,400.640196078431,280.085294117647,1172.00980392157,1021.80392156863,0
426.7008,-1.58250108647976,-0.254186020989895,-1.14645823938227,0.359516829770696,1.22232901565536,,,,-0.640914887419789,,-0.469144716509245,,,,,,,,,,,,,,,,,,,,0.215352208438744,,,,0.480356934226904,,1.21290420905681,,,,,,,,,,,,,,,93.2864,102,948.583823529412,479.732352941177,1092.1862745098,1036.77843137255,860.389215686275,540.818627450981,418.646078431373,1145.47058823529,1038.90196078431,0
426.8032,-1.57505541242434,-0.239471825119005,-1.13208792203931,0.353074355766643,1.21506573488872,,,,-0.659802670352594,,-0.486227798180433,,,,,,,,,,,,,,,,,,,,0.211311235041193,,,,0.478152311444711,,1.22504665946203,,,,,,,,,,,,,,,93.3888,103,946.143689320388,478.133980582524,1088.92233009709,1033.59126213592,858.696116504854,539.878640776699,416.38932038835,1133.71844660194,1044.12621359223,0
426.9056,-1.56616333009893,-0.223359373494018,-1.11589555372336,0.346132837778683,1.20819174960197,,,,-0.6788501118255,,-0.502438233581771,,,,,,,,,,,,,,,,,,,,0.208854328722583,,,,0.476311166611832,,1.23640981483599,,,,,,,,,,,,,,,93.4912,102,946.709803921569,477.175490196079,1087.04411764706,1033.47549019608,859.944117647059,538.514705882353,415.836274509804,1129.80392156863,1044.28431372549,0
427.008,-1.5559064299225,-0.205875692775092,-1.09794948730217,0.338696628980858,1.20177345156152,,,,-0.698004312288807,,-0.517770201680061,,,,,,,,,,,,,,,,,,,,0.208021913546611,,,,0.474828448850105,,1.24697341315523,,,,,,,,,,,,,,,93.5936,103,950.352170735875,480.509721781502,1082.47981821288,1035.08317904719,865.621162424561,540.556513885753,420.46292967725,1127.09437796342,1037.86525846235,0
427.1104,-1.54437144868069,-0.187055226012791,-1.07832617963621,0.33077043775049,1.19587202854068,,,,-0.717213635486385,,-0.532221586195815,,,,,,,,,,,,,,,,,,,,0.208847131422754,,,,0.473698065892228,,1.25672186503717,,,,,,,,,,,,,,,93.696,102,1061.52452074167,489.262191406523,1067.94693239751,1148.02674418605,975.022297297297,546.210981912145,432.313400900901,1111.92764857881,1023.96621621622,0.186274509803922
427.2128,-1.53164967663046,-0.166939507960487,-1.05710960968988,0.322359345972501,1.19054314347337,,,,-0.73642774353349,,-0.54579379997559,,,,,,,,,,,,,,,,,,,,0.211355711649928,,,,0.472912924324946,,1.26564442465801,,,,,,,,,,,,,,,93.7984,102,1240.05497328724,500.694094821566,1052.92545743418,1342.3011627907,1137.80878378378,557.886950904393,443.501238738739,1099.80361757106,1006.0472972973,1
427.3152,-1.51783628170448,-0.145576784220433,-1.03439060813178,0.313468837100832,1.18583665056125,,,,-0.75559758328714,,-0.558491563839817,,,,,,,,,,,,,,,,,,,,0.215565905675993,,,,0.472464956163595,,1.27373524981096,,,,,,,,,,,,,,,93.9008,103,1419.46057510999,512.182036978839,1037.83034778965,1537.52790697674,1301.39324324324,569.62015503876,454.743918918919,1087.62015503876,988.04054054054,1
427.4176,-1.50302953999559,-0.123021553059308,-1.01026607768613,0.304104853707205,1.18179634887555,,,,-0.774675312591618,,-0.570322648005016,,,,,,,,,,,,,,,,,,,,0.221488494940607,,,,0.472345147765938,,1.28099333207302,,,,,,,,,,,,,,,94.0032,102,1594.48400639011,524.103662066649,1022.76597989919,1723.99031007752,1464.9777027027,582.2207250342,465.986599099099,1075.49817601459,970.033783783784,0.186274509803922
427.52,-1.48733000244145,-0.0993340375293357,-0.984838127790842,0.29427389748256,1.17845976306843,,,,-0.793614184141965,,-0.581297581722791,,,,,,,,,,,,,,,,,,,,0.229126860551132,,,,0.47254358568158,,1.28742231238467,,,,,,,,,,,,,,,94.1056,103,1669.38796247704,531.220962345841,1008.18872999213,1766.73009708738,1572.0458278667,591.6,470.841924691682,1069.47572815534,946.901731828916,0
427.6224,-1.47083964909521,-0.0745796181931011,-0.958213175426524,0.283983163437568,1.17585794273896,,,,-0.812368424153445,,-0.591429341458981,,,,,,,,,,,,,,,,,,,,0.238477088110054,,,,0.473049523233031,,1.29303022635406,,,,,,,,,,,,,,,94.208,102,1612.21764705882,547.956862745098,993.647058823529,1707.0362745098,1517.39901960784,613.798039215686,482.11568627451,1061.27450980392,926.019607843137,0
427.7248,-1.45366107478746,-0.0488282547916443,-0.93050105799763,0.273240680178995,1.17401529240705,,,,-0.830893130359544,,-0.600733041543001,,,,,,,,,,,,,,,,,,,,0.24952809774716,,,,0.473851465420196,,1.29782921835981,,,,,,,,,,,,,,,94.3104,102,1124.3318627451,699.428921568628,1030.86764705882,1218.12254901961,1030.54117647059,746.154901960784,652.702941176471,1086.67647058824,975.058823529412,0
427.8272,-1.43589672659679,-0.0221539080302683,-0.901814178299219,0.262055430467309,1.17294945543819,,,,-0.849144194353707,,-0.609225653714449,,,,,,,,,,,,,,,,,,,,0.262261807525954,,,,0.47493726716314,,1.30183524226486,,,,,,,,,,,,,,,94.4128,103,1108.60048543689,713.685436893204,1023.93689320388,1202.38155339806,1014.81941747573,755.94854368932,671.422330097087,1072.88349514563,974.990291262136,0
427.9296,-1.41764818552774,0.00536604559842149,-0.872266672172,0.250437442966836,1.17267126368097,,,,-0.867078243390553,,-0.616925766234496,,,,,,,,,,,,,,,,,,,,0.276653338164318,,,,0.476294235654107,,1.30506775444172,,,,,,,,,,,,,,,94.5152,102,1109.93382352941,712.942647058824,1010.85784313726,1202.49509803922,1017.37254901961,757.850980392157,668.03431372549,1064.38235294118,957.333333333333,0
428.032,-1.39901546991437,0.0336514199570357,-0.841973575658211,0.238397859678154,1.17318474863591,,,,-0.884652594245239,,-0.623853377644524,,,,,,,,,,,,,,,,,,,,0.292671265105654,,,,0.477909223624018,,1.30754940123171,,,,,,,,,,,,,,,94.6176,103,1114.3859223301,717.035922330097,1010.17475728155,1209.9,1018.87184466019,759.780582524272,674.291262135922,1072.04854368932,948.300970873786,0
428.1344,-1.3800963512834,0.0626198504425755,-0.811049983230596,0.225948986896431,1.17448720599147,,,,-0.90182521850209,,-0.630029720774398,,,,,,,,,,,,,,,,,,,,0.310277922537937,,,,0.479768701405088,,1.30930570391769,,,,,,,,,,,,,,,94.72,102,1057.32303921569,545.203431372549,1015.03921568627,1147.24607843137,967.4,590.9,499.506862745098,1075.91176470588,954.166666666667,0
428.2368,-1.36098569797242,0.092187441069239,-0.77961021260839,0.213104325581028,1.17656931054721,,,,-0.918554725493541,,-0.635477124028051,,,,,,,,,,,,,,,,,,,,0.329429764116253,,,,0.481858806285873,,1.31036474680935,,,,,,,,,,,,,,,94.8224,102,1010.37647058824,428.667647058824,1024.28431372549,1093.03529411765,927.717647058824,476.058823529412,381.276470588235,1079.58823529412,968.980392156863,0
428.3392,-1.34177486429312,0.122269421325649,-0.747766991221015,0.199878558012089,1.17941528851439,,,,-0.934800363547598,,-0.640218923643702,,,,,,,,,,,,,,,,,,,,0.35007779352101,,,,0.484165382655426,,1.31075687258221,,,,,,,,,,,,,,,94.9248,103,1008.46504854369,426.744660194175,1035.04854368932,1089.98834951456,926.941747572816,476.604854368932,376.884466019417,1087.61165048544,982.485436893204,0
428.4416,-1.32255112456152,0.15278081530473,-0.715630662241615,0.186287470131375,1.1830031582715,,,,-0.950522032398579,,-0.644279429285599,,,,,,,,,,,,,,,,,,,,0.37216807060819,,,,0.486674028549906,,1.31051438598773,,,,,,,,,,,,,,,95.0272,102,1004.47843137255,441.782352941177,1039.92156862745,1087.74607843137,921.210784313726,495.988235294118,387.576470588235,1093.30392156863,986.539215686274,0
428.544,-1.30339714114143,0.183637116395124,-0.683308407941258,0.172347820724655,1.18730503767881,,,,-0.965680301805216,,-0.647683921831763,,,,,,,,,,,,,,,,,,,,0.395642261137354,,,,0.489370150043809,,1.30967126589307,,,,,,,,,,,,,,,95.1296,103,986.963106796116,441.440291262136,1035.4854368932,1067.95048543689,905.97572815534,496.963106796117,385.917475728155,1086.47572815534,984.495145631068,0
428.6464,-1.28439046042138,0.214754946317686,-0.650903500695549,0.158077196057618,1.19228750143372,,,,-0.980236439181464,,-0.650458652263527,,,,,,,,,,,,,,,,,,,,0.420438168094705,,,,0.492239012776961,,1.30826288465002,,,,,,,,,,,,,,,95.232,102,1251.95833333333,448.68137254902,1005.09803921569,1341.26960784314,1162.64705882353,496.81862745098,400.544117647059,1059.40196078431,950.794117647059,0
428.7488,-1.26560304077433,0.246052679847806,-0.618514596535257,0.143493885012518,1.19791197606601,,,,-0.994152456649907,,-0.652630823143762,,,,,,,,,,,,,,,,,,,,0.446490190669147,,,,0.49526578064764,,1.30632573434812,,,,,,,,,,,,,,,95.3344,102,1745.85196078431,494.071568627451,960.132352941176,1831.12745098039,1660.57647058824,546.819607843137,441.323529411765,1035.36274509804,884.901960784314,0
428.8512,-1.24710083164342,0.277451023692245,-0.58623509072458,0.128616786503882,1.204135173153,,,,-1.00739118968364,,-0.654228549894628,,,,,,,,,,,,,,,,,,,,0.473729686213794,,,,0.498435539793359,,1.30389716206647,,,,,,,,,,,,,,,95.4368,103,1721.30873786408,495.774757281553,961.364077669903,1807.77766990291,1634.83980582524,548.168932038835,443.380582524272,1046.34951456311,876.378640776699,0
428.9536,-1.22894343641314,0.308873529683691,-0.554152568716102,0.113465339935759,1.21090955772456,,,,-1.01991641143927,,-0.655280800988396,,,,,,,,,,,,,,,,,,,,0.502085238362849,,,,0.50173331409941,,1.30101511733906,,,,,,,,,,,,,,,95.5392,102,1682.67450980392,490.425980392157,956.490196078431,1766.99215686275,1598.3568627451,547.422549019608,433.429411764706,1039.59803921569,873.382352941177,0
429.056,-1.21118388527653,0.340247011835108,-0.522348388899522,0.0980594610461821,1.21818383003267,,,,-1.03169297916258,,-0.655817307858528,,,,,,,,,,,,,,,,,,,,0.531482851674283,,,,0.50514408107618,,1.2977179139965,,,,,,,,,,,,,,,95.6416,102,1637.00490196078,494.360784313726,951.754901960784,1724.51274509804,1549.49705882353,552.708823529412,436.012745098039,1030.44117647059,873.068627450981,0
429.1584,-1.1938685154306,0.371501850457051,-0.490897406649573,0.0824194688775565,1.22590339548974,,,,-1.04268700896661,,-0.65586843351324,,,,,,,,,,,,,,,,,,,,0.561846099849105,,,,0.508652793569356,,1.2940440063814,,,,,,,,,,,,,,,95.744,103,1596.8713592233,498.48640776699,944.533980582524,1688.49708737864,1505.24563106796,549.263106796117,447.709708737864,1018.40776699029,870.660194174757,0
429.2608,-1.17703693001247,0.402572196135428,-0.459867813513624,0.0665659971010379,1.23401081361425,,,,-1.05286607273754,,-0.655465002143055,,,,,,,,,,,,,,,,,,,,0.5930962574777,,,,0.512244410627076,,1.29003177770062,,,,,,,,,,,,,,,95.8464,102,1558.97156862745,499.126470588235,933.073529411765,1654.52058823529,1463.42254901961,546.6,451.652941176471,1005,861.147058823529,0
429.3632,-1.16072200256227,0.433396101515789,-0.429321052463103,0.0505198908825304,1.24244622560945,,,,-1.06219939990452,,-0.654638109104324,,,,,,,,,,,,,,,,,,,,0.625152440753536,,,,0.515903941712266,,1.28571933877421,,,,,,,,,,,,,,,95.9488,103,1528.45242718447,499.934466019418,925.266990291262,1626.08932038835,1430.81553398058,551.933980582524,447.934951456311,995.271844660194,855.26213592233,0
429.4656,-1.14494990033257,0.463915604935721,-0.399311776761533,0.0343020994566514,1.2511477617588,,,,-1.07065806073816,,-0.653418934354113,,,,,,,,,,,,,,,,,,,,0.657931765886152,,,,0.51961650465426,,1.28114433892528,,,,,,,,,,,,,,,96.0512,102,1503.33088235294,511.83137254902,922.740196078431,1603.57450980392,1403.08725490196,569.46862745098,454.194117647059,990.911764705882,854.568627450981,0
429.568,-1.12974011251161,0.494076776496816,-0.369887836808882,0.0179335801561668,1.26005193701504,,,,-1.07821512280215,,-0.651838567666487,,,,,,,,,,,,,,,,,,,,0.691349518899607,,,,0.523367389011959,,1.27634379337223,,,,,,,,,,,,,,,96.1536,102,1489.90833333333,503.842647058824,922.333333333333,1587.96862745098,1391.84803921569,559.628431372549,448.056862745098,993.529411764706,851.137254901961,0
429.6704,-1.11510549356858,0.523829718014155,-0.341090306953989,0.00143522815287582,1.26909404267412,,,,-1.08484579714945,,-0.649927835171946,,,,,,,,,,,,,,,,,,,,0.725319328131648,,,,0.527142113545063,,1.27135393078293,,,,,,,,,,,,,,,96.256,103,1485.6713592233,506.53640776699,925.558252427184,1588.30194174757,1383.04077669903,564.370873786408,448.701941747573,995.883495145631,855.233009708738,0
429.7728,-1.10105234681285,0.55312849920148,-0.312953579491396,-0.0151721635149344,1.27820852677286,,,,-1.0905275913351,,-0.647717116370869,,,,,,,,,,,,,,,,,,,,0.759753340064168,,,,0.530926472803825,,1.26621006169359,,,,,,,,,,,,,,,96.3584,102,1792.31225490196,454.86862745098,912.352941176471,1888.78235294118,1695.84215686275,508.057843137255,401.679411764706,986.735294117647,837.970588235294,0
429.8752,-1.08758056133101,0.581931024102886,-0.285505537952177,-0.0318679264834151,1.2873293452442,,,,-1.09524045738351,,-0.645236156963196,,,,,,,,,,,,,,,,,,,,0.794562421611363,,,,0.534706575618969,,1.26094646580689,,,,,,,,,,,,,,,96.4608,103,1786.3640776699,453.511165048544,918.135922330097,1877.9854368932,1694.7427184466,502.587378640777,404.434951456311,995.029126213592,841.242718446602,0
429.9776,-1.07468380229796,0.610198835958699,-0.258767804249638,-0.0486315464485688,1.2963902736259,,,,-1.09896690321008,,-0.642513888765728,,,,,,,,,,,,,,,,,,,,0.829656433464565,,,,0.538468882260559,,1.25559629539977,,,,,,,,,,,,,,,96.5632,102,1798.23676470588,324.791666666667,923.230392156863,1887.44705882353,1709.02647058824,368.796078431373,280.787254901961,1010.55882352941,835.901960784314,0
430.08,-1.06234975276868,0.637896870956116,-0.232756051570959,-0.0654427149375387,1.30532518588786,,,,-1.10169204528663,,-0.639578258214252,,,,,,,,,,,,,,,,,,,,0.864944610197576,,,,0.542200245840351,,1.250191492217,,,,,,,,,,,,,,,96.6656,102,1791.59264705882,269.938235294118,917.808823529412,1877.69509803922,1705.49019607843,318.71862745098,221.157843137255,1003.60784313726,832.009803921569,0
430.1824,-1.05056038956727,0.664993172100216,-0.207480364814748,-0.0822814007979398,1.31406831530792,,,,-1.10340359947184,,-0.636456061901011,,,,,,,,,,,,,,,,,,,,0.900336043679551,,,,0.545887956705047,,1.24476271531309,,,,,,,,,,,,,,,96.768,103,1770.48210228054,282.10135055075,904.848211198298,1855.66435351705,1685.29985104402,338.236647104957,225.966053996542,987.184466019418,822.511956377178,0
430.2848,-1.03929225852544,0.691458585541057,-0.182945612275902,-0.0991279303915472,1.32255451056608,,,,-1.10409182240564,,-0.633172797494035,,,,,,,,,,,,,,,,,,,,0.935740228263325,,,,0.549519783830544,,1.23933927819534,,,,,,,,,,,,,,,96.8704,102,1721.43250734537,329.633918037166,909.878767123288,1806.5717270195,1636.29328767123,387.610027855153,271.657808219178,986,833.757534246575,0.666666666666667
430.3872,-1.02851673379675,0.71726647701993,-0.15915179413316,-0.115963069716621,1.3307194983357,,,,-1.10374942466261,,-0.629752548943458,,,,,,,,,,,,,,,,,,,,0.97106761352236,,,,0.553084009577896,,1.2339490951926,,,,,,,,,,,,,,,96.9728,103,1667.19734689205,382.346773381158,917.882191780822,1754.2938718663,1580.10082191781,439.174094707521,325.519452054795,986,849.764383561644,1
430.4896,-1.01820028670705,0.742392502216604,-0.136094361037461,-0.132768107956867,1.33850015931506,,,,-1.1023714758434,,-0.626217927087692,,,,,,,,,,,,,,,,,,,,1.00623012491925,,,,0.556569449936723,,1.22861863793174,,,,,,,,,,,,,,,97.0752,102,1613.20264195242,434.52569869074,925.870910556003,1702.49692774046,1523.90835616438,489.67030149107,379.381095890411,985.970588235294,865.771232876712,0.156862745098039
430.592,-1.00830480504924,0.766814433590256,-0.113764526352788,-0.149524940337575,1.34583481615314,,,,-1.09995531481201,,-0.622590073828643,,,,,,,,,,,,,,,,,,,,1.04114163778982,,,,0.559965437341445,,1.22337290081428,,,,,,,,,,,,,,,97.1776,102,1581.31158340048,456.719238517325,927.512758528069,1676.20196078431,1486.42120601665,498.230392156863,415.208084877787,982.578431372549,872.447085683589,0
430.6944,-0.998787982224657,0.790512020478562,-0.0921495994648646,-0.166216140394292,1.35266352845989,,,,-1.09650046658575,,-0.61888871842281,,,,,,,,,,,,,,,,,,,,1.07571840338341,,,,0.563261746622944,,1.21823537040226,,,,,,,,,,,,,,,97.28,103,1567.08932038835,446.397087378641,923.961165048544,1662.02038834951,1472.15825242718,493.728155339806,399.066019417476,974.728155339806,873.194174757282,0
430.7968,-0.989603766188862,0.813466858317099,-0.0712333499813909,-0.182825006815704,1.35892838464637,,,,-1.09200855950483,,-0.615132266573527,,,,,,,,,,,,,,,,,,,,1.1098794196955,,,,0.566448478462815,,1.21322799427341,,,,,,,,,,,,,,,97.3824,102,1552.40294117647,448.828431372549,936.176470588235,1649.69019607843,1455.11568627451,498.454901960784,399.201960784314,989.872549019608,882.480392156863,0
430.8992,-0.980702851186411,0.835662247466401,-0.0509964052680628,-0.199335572512536,1.36457376512646,,,,-1.08648324864549,,-0.611337904392068,,,,,,,,,,,,,,,,,,,,1.14354672787236,,,,0.569515939193339,,1.20837114625676,,,,,,,,,,,,,,,97.4848,103,1534.61067961165,447.586893203883,944.810679611651,1633.89126213592,1435.33009708738,504.676699029126,390.497087378641,997.844660194175,891.776699029126,0
431.0016,-0.972033197845496,0.857083036882842,-0.0314166755693135,-0.215732574742252,1.36954655349022,,,,-1.07993016390291,,-0.607521704120063,,,,,,,,,,,,,,,,,,,,1.17664561897619,,,,0.572454544475383,,1.20368357800063,,,,,,,,,,,,,,,97.5872,102,1469.12549019608,451.398529411765,966.323529411765,1566.7362745098,1371.51470588235,506.723529411765,396.073529411765,1027.27450980392,905.372549019608,0
431.104,-0.963540555383458,0.877715481916603,-0.0124697710526519,-0.232001398453996,1.37379630489243,,,,-1.07235688412244,,-0.603698730403241,,,,,,,,,,,,,,,,,,,,1.20910475676315,,,,0.57525475307701,,1.19918234316372,,,,,,,,,,,,,,,97.6896,102,1104.72303921569,440.205882352941,1018.64705882353,1187.28725490196,1022.15882352941,484.896078431373,395.51568627451,1069.5,967.794117647059,0
431.2064,-0.955168955135404,0.897547156841394,0.00587063520604531,-0.248128005764439,1.37727540503377,,,,-1.06377291863922,,-0.599883151922933,,,,,,,,,,,,,,,,,,,,1.24085623126804,,,,0.57790702925546,,1.19488269423894,,,,,,,,,,,,,,,97.792,103,900.61213592233,424.736893203884,1004.35436893204,979.25145631068,821.972815533981,474.927184466019,374.546601941748,1061.85436893204,946.854368932039,0
431.3088,-0.946861169558135,0.916566930587844,0.0236325075345283,-0.264098852819878,1.37993924368437,,,,-1.05418969062181,,-0.596088353628001,,,,,,,,,,,,,,,,,,,,1.27183554080728,,,,0.580401833417433,,1.19079797323568,,,,,,,,,,,,,,,97.8944,102,397.344117647059,426.60637254902,992.622549019608,440.817647058824,353.870588235294,484.59705882353,368.61568627451,1041.26470588235,943.980392156863,0
431.4112,-0.938559154356438,0.934764983749233,0.0408451858083664,-0.279900788746254,1.38174641138527,,,,-1.04362053829165,,-0.592327038402262,,,,,,,,,,,,,,,,,,,,1.30198148750562,,,,0.582729651825631,,1.18693952516316,,,,,,,,,,,,,,,97.9968,103,380.576699029126,424.616990291262,985.655339805825,421.832038834951,339.321359223301,478.93786407767,370.296116504854,1032.04854368932,939.26213592233,0
431.5136,-0.930204484058878,0.95213284794948,0.0575391424908443,-0.29552093870559,1.38265892413449,,,,-1.03208073845187,,-0.588611317155591,,,,,,,,,,,,,,,,,,,,1.3312359917453,,,,0.584881093912467,,1.18331665081076,,,,,,,,,,,,,,,98.0992,102,367.915196078431,420.16862745098,982.651960784314,409.535294117647,326.295098039216,470.775490196078,369.561764705882,1028.76470588235,936.539215686274,0
431.616,-0.921738783911971,0.968663460044563,0.0737457517968571,-0.310946585063909,1.38264246775558,,,,-1.01958753115061,,-0.584952798052204,,,,,,,,,,,,,,,,,,,,1.35954385652611,,,,0.586847078821512,,1.17993660108599,,,,,,,,,,,,,,,98.2016,102,401.130882352941,427.908823529412,976.210784313726,449.292156862745,352.969607843137,477.909803921569,377.907843137255,1028.42156862745,924,0
431.7184,-0.913104180718822,0.984351211518743,0.0894970439621687,-0.326165062423142,1.38166662658023,,,,-1.00616013785853,,-0.581362680367802,,,,,,,,,,,,,,,,,,,,1.38685250898149,,,,0.588619090354133,,1.17680461392554,,,,,,,,,,,,,,,98.304,103,782.522815533981,523.187378640777,947.300970873786,838.239805825243,726.805825242719,587.050485436893,459.32427184466,981.155339805825,913.446601941748,0
431.8208,-0.904243800681325,0.999191959055938,0.104825404693611,-0.341163672956437,1.37970504914483,,,,-0.991819801807457,,-0.57785184437783,,,,,,,,,,,,,,,,,,,,1.41311173166392,,,,0.590189440821972,,1.17392399406237,,,,,,,,,,,,,,,98.4064,102,791.193627450981,521.368137254902,935.857843137255,847.551960784314,734.835294117647,586.295098039216,456.441176470588,970.764705882353,900.950980392157,0
431.9232,-0.895102310421406,1.01318298525674,0.119763214839383,-0.355929622732465,1.37673552314464,,,,-0.976589874286551,,-0.574430927589243,,,,,,,,,,,,,,,,,,,,1.43827339879103,,,,0.591551483738494,,1.17129622989316,,,,,,,,,,,,,,,98.5088,103,806.04854368932,512.90145631068,931.567961165049,865.383495145631,746.71359223301,566.278640776699,459.52427184466,963.611650485437,899.52427184466,0
432.0256,-0.885626477216993,1.02632293390752,0.134342461290759,-0.370449981351979,1.37273996416247,,,,-0.960495934011732,,-0.57111038657022,,,,,,,,,,,,,,,,,,,,1.46229124056805,,,,0.592699741528138,,1.16892114286307,,,,,,,,,,,,,,,98.6112,102,848.311274509804,499.889705882353,922.887254901961,914.814705882353,781.807843137255,533.898039215686,465.88137254902,954.166666666667,891.607843137255,0
432.128,-0.875765731486097,1.03861174307977,0.14859434505421,-0.384711664696277,1.36770434303023,,,,-0.943565914140723,,-0.567900546693283,,,,,,,,,,,,,,,,,,,,1.48512064916247,,,,0.593629935868944,,1.16679706792731,,,,,,,,,,,,,,,98.7136,102,761.047058823529,510.719607843137,914.480392156863,821.993137254902,700.100980392157,567.463725490196,453.975490196079,951.862745098039,877.098039215686,0
432.2304,-0.865472716890221,1.05005057163303,0.162548892592211,-0.398701429417107,1.36161857864532,,,,-0.925830224669746,,-0.564811642007967,,,,,,,,,,,,,,,,,,,,1.50671851536584,,,,0.594338914817339,,1.16492105544613,,,,,,,,,,,,,,,98.816,103,775.345631067961,506.876699029126,890.291262135922,835.754368932039,714.936893203884,567.707766990291,446.045631067961,920.757281553398,859.825242718447,0
432.3328,-0.854703815603614,1.06064169858478,0.176234564490281,-0.412405861439111,1.35447641098505,,,,-0.907321868154145,,-0.561853850032569,,,,,,,,,,,,,,,,,,,,1.52704307061729,,,,0.594824482435342,,1.16328907509535,,,,,,,,,,,,,,,98.9184,102,825.549509803922,493.405882352941,874.897058823529,892.071568627451,759.027450980392,532.114705882353,454.697058823529,907.539215686275,842.254901960784,0
432.4352,-0.843419643239183,1.07038838772186,0.18967785979022,-0.425811356318936,1.34627525374017,,,,-0.888076543230961,,-0.559037328237226,,,,,,,,,,,,,,,,,,,,1.54605372965579,,,,0.595085170089542,,1.16189620169059,,,,,,,,,,,,,,,99.0208,103,865.454368932039,494.885922330097,862.266990291262,929.536893203884,801.371844660194,526.05145631068,463.720388349515,895.679611650485,828.854368932039,0
432.5376,-0.831585497979578,1.07929474088571,0.202902941095082,-0.438904114048169,1.33701602241555,,,,-0.868132712076631,,-0.556372256733387,,,,,,,,,,,,,,,,,,,,1.56371097523957,,,,0.595120017263273,,1.16073676626149,,,,,,,,,,,,,,,99.1232,102,906.345098039216,483.345098039216,855.975490196079,974.577450980392,838.112745098039,508.389215686275,458.300980392157,890.803921568628,821.147058823529,0
432.64,-0.819171742570998,1.08736557427656,0.21593131643651,-0.451670169522541,1.32670294545691,,,,-0.847531598328082,,-0.553868881700577,,,,,,,,,,,,,,,,,,,,1.5799763416216,,,,0.594928409531659,,1.1598044653708,,,,,,,,,,,,,,,99.2256,102,1118.27696078431,525.493137254902,852.382352941176,1209.55196078431,1027.00196078431,578.25,472.736274509804,900.960784313726,803.803921568627,0
432.7424,-0.806154127691367,1.09460632321408,0.228781576256701,-0.464095450457119,1.3153433823033,,,,-0.826317114447914,,-0.551537542959888,,,,,,,,,,,,,,,,,,,,1.59481249972098,,,,0.594509968410677,,1.15909243896522,,,,,,,,,,,,,,,99.328,103,1195.84368932039,532.334466019418,835.873786407767,1289.72038834951,1101.96699029126,589.72427184466,474.944660194175,889.04854368932,782.699029126214,0
432.8448,-0.792514089457018,1.10102294845369,0.241469147400617,-0.476165833164122,1.30294767569902,,,,-0.80453576373545,,-0.549388671614782,,,,,,,,,,,,,,,,,,,,1.60818337720432,,,,0.5938644609547,,1.15859333506096,,,,,,,,,,,,,,,99.4304,102,1131.13823529412,523.710294117647,857.235294117647,1226.95196078431,1035.32450980392,578.38137254902,469.039215686275,908.823529411765,805.647058823529,0
432.9472,-0.778239024300767,1.10662182002702,0.254006046164135,-0.487867176439364,1.2895290464845,,,,-0.7822365594555,,-0.547432758886356,,,,,,,,,,,,,,,,,,,,1.62005424023466,,,,0.592991710268957,,1.15829937058567,,,,,,,,,,,,,,,99.5328,103,1147.56399363467,525.61404282102,854.799860351824,1243.79441691518,1051.33357035416,586.455420525124,464.772665116915,908.215610215476,801.384110488172,0
433.0496,-0.763322500886716,1.11140957645006,0.266400653885173,-0.499185342430076,1.27510351164759,,,,-0.759470956641585,,-0.545680309883476,,,,,,,,,,,,,,,,,,,,1.63039171700528,,,,0.591891513915165,,1.15820238623916,,,,,,,,,,,,,,,99.6352,102,1157.85840652073,526.535294348849,851.950140411367,1254.88394919169,1060.83286384977,589.011316397229,464.05927230047,900.782909930716,803.117370892019,0.0686274509803922
433.152,-0.747764371967292,1.11539296488316,0.278657541702805,-0.51010623373727,1.25968979242655,,,,-0.73629275979946,,-0.544141796378609,,,,,,,,,,,,,,,,,,,,1.63916379535898,,,,0.590563592270564,,1.15829389044869,,,,,,,,,,,,,,,99.7376,102,1162.3440552863,522.351872106388,857.445570265318,1261.17355658199,1063.51455399061,580.907852193995,463.795892018779,902.196304849885,812.694835680751,1
433.2544,-0.731570777140135,1.11857867314198,0.290777357308005,-0.52061587455077,1.24330918876789,,,,-0.712757972239148,,-0.542827615982366,,,,,,,,,,,,,,,,,,,,1.64633984404685,,,,0.589007582231829,,1.15856509108933,,,,,,,,,,,,,,,99.84,103,1166.85169252621,518.147942892149,862.967938500905,1267.49399538106,1066.20938967136,572.764665127021,463.531220657277,903.61662817552,822.319248826291,1
433.3568,-0.714754033329486,1.12097318625683,0.302756797358953,-0.530700545985228,1.22598542520344,,,,-0.688924569188572,,-0.541748062098758,,,,,,,,,,,,,,,,,,,,1.65189069276441,,,,0.587223071075025,,1.15900691833902,,,,,,,,,,,,,,,99.9424,102,1171.35932976613,513.944013677911,868.490306736493,1273.81443418014,1068.90422535211,564.621478060046,463.266549295775,905.036951501155,831.943661971831,0.196078431372549
433.4592,-0.697332412859132,1.12258270504688,0.314588690521284,-0.540346964466683,1.20774450046048,,,,-0.664852197320665,,-0.540913304766067,,,,,,,,,,,,,,,,,,,,1.65578877565209,,,,0.585209651493958,,1.15961004385044,,,,,,,,,,,,,,,100.0448,103,1179.4842872327,523.441845611288,863.961581961405,1280.27335590484,1078.69521856055,571.599856499025,475.283834723552,898.646897912509,829.276266010301,0
433.5616,-0.679329831279066,1.1234131299158,0.326262179570408,-0.549542479472917,1.18861457967887,,,,-0.640601823604382,,-0.540333369749519,,,,,,,,,,,,,,,,,,,,1.65800832048656,,,,0.582966981954127,,1.1603648963669,,,,,,,,,,,,,,,100.1472,102,1013.44656862745,507.854901960784,839.813725490196,1095.82450980392,931.06862745098,537.956862745098,477.752941176471,850.921568627451,828.705882352941,0
433.664,-0.66077547803917,1.12347008204463,0.337762963635313,-0.558275265946874,1.16862595270092,,,,-0.616235363177317,,-0.540018097285207,,,,,,,,,,,,,,,,,,,,1.65852556200233,,,,0.580494847533148,,1.16126166640755,,,,,,,,,,,,,,,100.2496,102,791.301470588235,490.077941176471,828.519607843137,850.982352941177,731.620588235294,520.492156862745,459.663725490196,811.71568627451,845.323529411765,0
433.7664,-0.641703410219822,1.12275893269434,0.349073568650838,-0.566534488027498,1.14781105299452,,,,-0.591815308485255,,-0.539977073264834,,,,,,,,,,,,,,,,,,,,1.65731895572308,,,,0.577793219019935,,1.16229029475374,,,,,,,,,,,,,,,100.352,103,815.491747572816,492.908252427185,827.68932038835,874.47572815534,756.507766990291,511.2,474.616504854369,808.582524271845,846.796116504854,0
433.8688,-0.622152125670967,1.12128481381859,0.360173618121373,-0.574310417576069,1.12620450633473,,,,-0.567404374554283,,-0.540219538669909,,,,,,,,,,,,,,,,,,,,1.65436936470775,,,,0.574862304290448,,1.16344044871791,,,,,,,,,,,,,,,100.4544,102,836.568137254902,482.988725490196,825.014705882353,890.11568627451,783.020588235294,496.005882352941,469.971568627451,801.558823529412,848.470588235294,0
433.9712,-0.602164147171433,1.11905258411227,0.371040067485131,-0.581594514106059,1.10384317510224,,,,-0.54306517312162,,-0.540754286258236,,,,,,,,,,,,,,,,,,,,1.64966020563983,,,,0.571702593274284,,1.16470149283693,,,,,,,,,,,,,,,100.5568,103,859.210194174757,476.234951456311,825.165048543689,911.926213592233,806.494174757282,474.269902912621,478.2,802.582524271845,847.747572815534,0
434.0736,-0.581785648031502,1.11606674713086,0.381647381049235,-0.588379493673397,1.08076618086787,,,,-0.518859920996565,,-0.541589553300503,,,,,,,,,,,,,,,,,,,,1.64317757122074,,,,0.568314912163039,,1.16606245597388,,,,,,,,,,,,,,,100.6592,102,992.878921568627,514.956862745098,837.779411764706,1059.32254901961,926.435294117647,526.698039215686,503.21568627451,828.872549019608,846.686274509804,0
434.176,-0.561066118954102,1.11233134655009,0.391967668256069,-0.594659406560676,1.05701490378345,,,,-0.49485017296805,,-0.542732917173937,,,,,,,,,,,,,,,,,,,,1.63491036664046,,,,0.564700501962524,,1.16751199194847,,,,,,,,,,,,,,,100.7616,102,1192.27794117647,568.629901960784,845.132352941177,1281.49019607843,1103.06568627451,612.398039215686,524.861764705882,853.617647058824,836.64705882353,0
434.2784,-0.540058051111067,1.1078498630503,0.401970811010616,-0.600429720498443,1.03263295953268,,,,-0.471096563737176,,-0.544191194580525,,,,,,,,,,,,,,,,,,,,1.62485048974918,,,,0.560861117708412,,1.16903833053488,,,,,,,,,,,,,,,100.864,103,1214.18203883495,573.514563106796,854.73786407767,1306.29805825243,1122.06601941748,611.395145631068,535.633980582524,876.339805825243,833.135922330097,0
434.3808,-0.518816608132956,1.10262512270759,0.411624605497695,-0.605687397240032,1.00766615278878,,,,-0.447658553895662,,-0.545970344511994,,,,,,,,,,,,,,,,,,,,1.61299305325218,,,,0.55679912525661,,1.17062922356417,,,,,,,,,,,,,,,100.9664,102,1164.91911764706,590.823529411765,867.068627450981,1255.52450980392,1074.3137254902,636.012745098039,545.63431372549,911.254901960784,822.882352941176,0
434.4832,-0.497399264248316,1.09665922670742,0.420894939070532,-0.610430956754945,0.982162412840112,,,,-0.424594186246783,,-0.548075382531108,,,,,,,,,,,,,,,,,,,,1.59933661961191,,,,0.55251756973605,,1.17227189953771,,,,,,,,,,,,,,,101.0688,103,1107.8640776699,602.486893203884,875.441747572816,1197.45533980583,1018.27281553398,638.169902912622,566.803883495146,914.990291262136,835.893203883495,0
434.5856,-0.475865392406221,1.08995351352921,0.429746019600828,-0.614660532365546,0.956171723159207,,,,-0.401959857653214,,-0.550510313487948,,,,,,,,,,,,,,,,,,,,1.58388341658201,,,,0.548020207480608,,1.1739530356604,,,,,,,,,,,,,,,101.1712,102,765.649019607843,600.20931372549,883.627450980392,822.972549019608,708.325490196079,668.319607843137,532.099019607843,915.196078431373,852.058823529412,0
434.688,-0.454275798762575,1.08250855249807,0.438140658793657,-0.618377927701496,0.929746052341505,,,,-0.379810099186833,,-0.553278077974684,,,,,,,,,,,,,,,,,,,,1.56663952664855,,,,0.543311518006634,,1.17565874098903,,,,,,,,,,,,,,,101.2736,102,778.329411764706,605.00637254902,882.049019607843,839.133333333333,717.525490196078,663.009803921569,547.002941176471,903.745098039216,860.352941176471,0
434.7904,-0.432692217964649,1.07432415996609,0.446040594747585,-0.621586687982499,0.902939292113013,,,,-0.358197349496594,,-0.556380504665737,,,,,,,,,,,,,,,,,,,,1.54761507673346,,,,0.538396722793781,,1.17737453643219,,,,,,,,,,,,,,,101.376,103,800.89854368932,590.060194174757,860.21359223301,861.587378640777,740.209708737864,637.860194174757,542.260194174757,870.271844660194,850.155339805825,0
434.8928,-0.411176795030671,1.06539944084619,0.453406839630702,-0.624292190914466,0.875807207387036,,,,-0.337171718961768,,-0.559818273314774,,,,,,,,,,,,,,,,,,,,1.5268244551763,,,,0.533281827879166,,1.17908532381944,,,,,,,,,,,,,,,101.4784,102,822.169117647059,577.787254901961,845.696078431373,874.408823529412,769.929411764706,607.198039215686,548.376470588235,847.441176470588,843.950980392157,0
434.9952,-0.389791564300023,1.05573286984331,0.46020005552584,-0.626501751106084,0.848407385067717,,,,-0.316780757942104,,-0.563590901570807,,,,,,,,,,,,,,,,,,,,1.50428654529626,,,,0.527973691497258,,1.1807753450372,,,,,,,,,,,,,,,101.5808,103,888.026213592233,564.416019417476,856.033980582524,948.646601941748,827.405825242718,584.094174757282,544.73786407767,859.95145631068,852.116504854369,0
435.0976,-0.368597911404842,1.04532241970389,0.466380971985753,-0.628224720045806,0.820799151546359,,,,-0.297069237710108,,-0.567696759164445,,,,,,,,,,,,,,,,,,,,1.48002493502379,,,,0.522480104145832,,1.18242813437357,,,,,,,,,,,,,,,101.6832,102,1261.35098039216,555.490196078431,880.401960784314,1359.52745098039,1163.17450980392,608.110784313726,502.869607843137,919.490196078431,841.313725490196,0
435.2,-0.347656009472531,1.03416573034518,0.471910846653116,-0.629472554448653,0.793043443700197,,,,-0.278078944045776,,-0.572133096286099,,,,,,,,,,,,,,,,,,,,1.45406807138893,,,,0.516809857010073,,1.18402646664548,,,,,,,,,,,,,,,101.7856,102,1278.0362745098,558.591176470588,895.504901960784,1372.65784313726,1183.41470588235,616.371568627451,500.810784313726,949.176470588235,841.833333333333,0
435.3024,-0.327024250449554,1.02226030522699,0.476751946983783,-0.630258824246627,0.765202646755591,,,,-0.259848488200854,,-0.576896065691515,,,,,,,,,,,,,,,,,,,,1.42644935710622,,,,0.510972774513681,,1.18555230384111,,,,,,,,,,,,,,,101.888,103,1293.14223300971,562.756796116505,902.330097087379,1387.50485436893,1198.77961165049,616.168932038835,509.344660194175,963.339805825243,841.320388349515,0
435.4048,-0.306758717184315,1.00960371416081,0.480868011063385,-0.630599143493827,0.737340420221612,,,,-0.242413142643825,,-0.581980727696075,,,,,,,,,,,,,,,,,,,,1.39720720411019,,,,0.504979703527429,,1.18698674557569,,,,,,,,,,,,,,,101.9904,102,1391.20147058824,622.479411764706,900.43137254902,1487.21274509804,1295.19019607843,679.15,565.808823529412,969.392156862745,831.470588235294,0
435.5072,-0.286912747417632,0.99619378550227,0.484224644593413,-0.630511033652774,0.709521522076623,,,,-0.225804702081331,,-0.587381048932365,,,,,,,,,,,,,,,,,,,,1.36638505968324,,,,0.498842471379697,,1.18830999459765,,,,,,,,,,,,,,,102.0928,103,1422.14708737864,629.945145631068,888.73786407767,1521.7145631068,1322.57961165049,690.131067961165,569.759223300971,950.815533980582,826.660194174757,0
435.6096,-0.267536616014282,0.982028798709314,0.486789645070292,-0.630013748690256,0.681811636248992,,,,-0.210051365987035,,-0.593089919200835,,,,,,,,,,,,,,,,,,,,1.33403140806009,,,,0.492573827190572,,1.18950135006248,,,,,,,,,,,,,,,102.1952,102,1147.26176470588,614.388725490196,886.882352941177,1233.16666666667,1061.3568627451,667.728431372549,561.049019607843,937.009803921569,836.754901960784,0
435.712,-0.24867731022033,0.967107709217004,0.488533289951104,-0.629128083552506,0.654277213693319,,,,-0.195177638919348,,-0.599099198755632,,,,,,,,,,,,,,,,,,,,1.30019972724367,,,,0.486187367148048,,1.19053923192181,,,,,,,,,,,,,,,102.2976,102,642.176470588235,623.079411764706,907.186274509804,713.508823529412,570.844117647059,669.846078431373,576.312745098039,938.892156862745,875.480392156863,0
435.8144,-0.230378331896561,0.951430418068588,0.489428637871957,-0.627876166070545,0.626985334377577,,,,-0.181204244689777,,-0.605399784016667,,,,,,,,,,,,,,,,,,,,1.26494836236176,,,,0.479697435046399,,1.19140122951125,,,,,,,,,,,,,,,102.4,103,666.366504854369,630.828155339806,905.572815533981,741.177669902913,591.555339805825,679.6,582.056310679612,935.582524271845,875.563106796117,0
435.9168,-0.212679467895606,0.934998063366365,0.489451864035771,-0.626281223990428,0.600003582960161,,,,-0.168148053855716,,-0.611981670072777,,,,,,,,,,,,,,,,,,,,1.22834027938605,,,,0.473118994312139,,1.19206416716953,,,,,,,,,,,,,,,102.5024,102,697.192647058824,628.420098039216,894.642156862745,768.521568627451,625.863725490196,695.41862745098,561.421568627451,931.833333333333,857.450980392157,0
436.0192,-0.195616518267969,0.917813300742486,0.488582614362759,-0.624367325129618,0.57339992775945,,,,-0.156022027221762,,-0.618833998521349,,,,,,,,,,,,,,,,,,,,1.1904426873074,,,,0.466467475395651,,1.1925041849634,,,,,,,,,,,,,,,102.6048,103,603.087378640777,625.147572815534,889.029126213592,676.642718446602,529.532038834952,683.033980582524,567.261165048544,927.330097087379,850.728155339806,0
436.1216,-0.179221018659954,0.899880554934743,0.486804344042692,-0.622159099142256,0.54724260502165,,,,-0.144835170918875,,-0.625945092933665,,,,,,,,,,,,,,,,,,,,1.15132655155689,,,,0.459758604625707,,1.19269683523179,,,,,,,,,,,,,,,102.7072,102,257.199019607843,622.471078431373,907.602941176471,322.046078431373,192.351960784314,662.957843137255,581.98431372549,953.735294117647,861.470588235294,0
436.224,-0.163520006716586,0.881206236663642,0.484104605860366,-0.619681458890552,0.521600010650695,,,,-0.134592488173671,,-0.633302486912551,,,,,,,,,,,,,,,,,,,,1.11106604513633,,,,0.453008220998505,,1.19261719508883,,,,,,,,,,,,,,,102.8096,102,387.603431372549,595.116176470588,911.21568627451,458.466666666667,316.740196078431,637.758823529412,552.473529411765,954.745098039216,867.686274509804,0
436.3264,-0.148535864746344,0.861798918591191,0.480475264236137,-0.616959341302217,0.496540583652089,,,,-0.12529491294903,,-0.640892940728839,,,,,,,,,,,,,,,,,,,,1.06973797758479,,,,0.446232087567188,,1.19223999401898,,,,,,,,,,,,,,,102.912,103,565.151941747573,559.689805825243,908.019417475728,641.644660194175,488.659223300971,592.303883495146,527.07572815534,950.650485436893,865.388349514563,0
436.4288,-0.134286237404856,0.841669464399062,0.475912631790271,-0.6140174803179,0.472132658694834,,,,-0.11693921688294,,-0.648702433667687,,,,,,,,,,,,,,,,,,,,1.02742121344636,,,,0.439445703306208,,1.19153975583655,,,,,,,,,,,,,,,103.0144,102,576.3,560.266666666667,907.759803921569,652.561764705882,500.038235294118,597.811764705882,522.721568627451,957.254901960784,858.264705882353,0
436.5312,-0.120783997026827,0.82083111230927,0.470417546219438,-0.610880219130504,0.448444281188041,,,,-0.109517885033573,,-0.656716122091246,,,,,,,,,,,,,,,,,,,,0.984196076470165,,,,0.432664120729285,,1.19049095453077,,,,,,,,,,,,,,,103.1168,103,1142.15339805825,407.810194174757,906.733009708738,1237.97766990291,1046.32912621359,461.323300970874,354.297087378641,957.708737864078,855.757281553398,0
436.6336,-0.108037234280045,0.799299520998123,0.463995406557964,-0.607571369863133,0.425542995175015,,,,-0.103018966236864,,-0.664918267253843,,,,,,,,,,,,,,,,,,,,0.940143756616512,,,,0.425901774416853,,1.1890681822104,,,,,,,,,,,,,,,103.2192,102,1223.90784313726,384.461764705882,898.946078431373,1324.4931372549,1123.32254901961,440.980392156863,327.943137254902,967.343137254902,830.549019607843,0
436.736,-0.0960492767150264,0.777092791251436,0.45665617609698,-0.604114124429312,0.403495615002797,,,,-0.0974259235411192,,-0.673292150600621,,,,,,,,,,,,,,,,,,,,0.895345762778697,,,,0.419172327078919,,1.18724632656785,,,,,,,,,,,,,,,103.3216,102,1223.25539215686,383.664705882353,896.578431372549,1326.09215686275,1120.41862745098,442.510784313726,324.81862745098,971.823529411765,821.333333333334,0
436.8384,-0.0848187537442964,0.754231480405918,0.44841435182914,-0.600531003559803,0.382367982317392,,,,-0.0927175242409873,,-0.681819995807996,,,,,,,,,,,,,,,,,,,,0.849883445716913,,,,0.412488541651512,,1.18500075865568,,,,,,,,,,,,,,,103.424,103,1180.81796116505,391.405339805825,897.92718446602,1278.11165048544,1083.52427184466,453.095145631068,329.715533980583,966.388349514563,829.466019417476,0
436.9408,-0.0743397300226352,0.730738617313358,0.439288891981994,-0.596843815538001,0.362224701418493,,,,-0.0888678066435662,,-0.690482907372323,,,,,,,,,,,,,,,,,,,,0.80383757007223,,,,0.405862181219385,,1.18230753695545,,,,,,,,,,,,,,,103.5264,102,1172.82205882353,394.778921568627,899.406862745098,1267.57058823529,1078.07352941176,451.172549019608,338.385294117647,965.774509803922,833.039215686275,0
437.0432,-0.0646019224662763,0.706639707022052,0.429303085051001,-0.593073602343849,0.343128844779227,,,,-0.0858461403997773,,-0.6992608299098,,,,,,,,,,,,,,,,,,,,0.757287901206333,,,,0.39930392383017,,1.17914363296607,,,,,,,,,,,,,,,103.6288,103,1168.93009708738,397.435922330097,910.373786407767,1261.03398058252,1076.82621359223,447.176699029126,347.695145631068,976.52427184466,844.223300970874,0
437.1456,-0.055590993821452,0.681962706050885,0.418484352013305,-0.589240578316579,0.325141628588951,,,,-0.083617364634677,,-0.708132535708815,,,,,,,,,,,,,,,,,,,,0.710312799805972,,,,0.392823275235668,,1.17548717393835,,,,,,,,,,,,,,,103.7312,102,990.39068627451,533.935294117647,926.916666666667,1060.99411764706,919.787254901961,562.548039215686,505.322549019608,986.774509803922,867.058823529412,0
437.248,-0.0472888914033746,0.656737958310466,0.406863994504283,-0.585364088375815,0.308322066649525,,,,-0.0821419628956196,,-0.717075649013782,,,,,,,,,,,,,,,,,,,,0.662988843414696,,,,0.386428474555548,,1.17131768924553,,,,,,,,,,,,,,,103.8336,102,851.701960784314,602.894607843137,953.112745098039,885.976470588235,817.427450980392,590.498039215686,615.291176470588,1016.64705882353,889.578431372549,0
437.3504,-0.0396741985198737,0.630998099478197,0.394476914210638,-0.581462607162515,0.292726607747449,,,,-0.081376235798683,,-0.726066708159288,,,,,,,,,,,,,,,,,,,,0.615390496259738,,,,0.380126396630706,,1.1666163515378,,,,,,,,,,,,,,,103.936,103,557.953883495146,662.732038834952,963.101941747573,613.218446601942,502.68932038835,695.25145631068,630.212621359223,1023.87378640777,902.330097087379,0
437.4528,-0.0327224877837679,0.604777947110242,0.381361321625797,-0.577553778869582,0.278408750796925,,,,-0.0812724577581696,,-0.735081256139355,,,,,,,,,,,,,,,,,,,,0.567589836457384,,,,0.373922449817095,,1.16136621952499,,,,,,,,,,,,,,,104.0384,102,299.413132094943,692.737990196078,998.28786119711,358.172342621259,240.653921568627,743.655392156863,641.820588235294,1066.53650670795,930.039215686275,0
437.5552,-0.026406677925458,0.578114388749361,0.367558441312108,-0.573654485008976,0.265418634332384,,,,-0.0817790252602459,,-0.744093942731479,,,,,,,,,,,,,,,,,,,,0.519656341613723,,,,0.367820461251483,,1.15555249191797,,,,,,,,,,,,,,,104.1408,103,365.667304625199,653.317272727273,987.950797448166,425.731578947368,305.60303030303,701.78,604.854545454545,1044.68947368421,931.212121212121,0.456310679611651
437.6576,-0.0206973771631486,0.551046274923439,0.353112228715247,-0.569780926528744,0.253802620980467,,,,-0.0828405985889842,,-0.753078622160369,,,,,,,,,,,,,,,,,,,,0.471656741413188,,,,0.361822549183771,,1.14916275355163,,,,,,,,,,,,,,,104.2432,102,449.998212387028,607.797954545455,970.435612706008,514.205263157895,385.791161616162,653.605,561.990909090909,1016.90657894737,923.964646464646,1
437.76,-0.0155631770680576,0.52361432402293,0.338069125450755,-0.565948706117706,0.243602916646102,,,,-0.0843982252627624,,-0.76200843991815,,,,,,,,,,,,,,,,,,,,0.423654956947393,,,,0.355928998971037,,1.1421871591129,,,,,,,,,,,,,,,104.3456,102,533.917749867092,562.500681818182,953.005867889421,602.247368421053,465.588131313131,605.665,519.336363636364,989.259210526316,916.752525252525,0.450980392156863
437.8624,-0.0109708811962517,0.49586104033834,0.322477863630427,-0.562172896795436,0.234857248728379,,,,-0.0863894414090967,,-0.770855913632081,,,,,,,,,,,,,,,,,,,,0.375712135484451,,,,0.35013816099115,,1.13461850931269,,,,,,,,,,,,,,,104.448,103,609.669902912621,529.72072815534,937.868203883495,678.801941747573,540.53786407767,578.890970873786,480.550485436893,964.619902912621,911.116504854369,0
437.9648,-0.00688568945994669,0.46783063884275,0.306389302011847,-0.558468092841545,0.227598594134994,,,,-0.0887483621319835,,-0.779593016837789,,,,,,,,,,,,,,,,,,,,0.327886764270294,,,,0.344446373425496,,1.12645223148953,,,,,,,,,,,,,,,104.5504,102,1218.59460784314,596.637254901961,891.68137254902,1309.76666666667,1127.42254901961,619.677450980392,573.597058823529,888.490196078431,894.872549019608,0
438.0672,-0.00327136166321605,0.439568975257901,0.289856278528569,-0.554848457343991,0.221854932253053,,,,-0.091405766400285,,-0.788191269892016,,,,,,,,,,,,,,,,,,,,0.280234847797536,,,,0.338847906529849,,1.1176863166948,,,,,,,,,,,,,,,104.6528,103,1318.74077669903,617.041747572816,913.519417475728,1415.32330097087,1222.15825242718,659.745631067961,574.33786407767,947.611650485437,879.427184466019,0
438.1696,-9.03559991949415e-05,0.411123491082521,0.27293348822425,-0.551327791943921,0.217649004287691,,,,-0.0942891715770378,,-0.796621836383872,,,,,,,,,,,,,,,,,,,,0.232810159752322,,,,0.333334928393705,,1.10832125428216,,,,,,,,,,,,,,,104.7552,102,1318.65882352941,617.519607843137,939.725490196079,1414.87941176471,1222.43823529412,661.676470588235,573.362745098039,990.303921568627,889.147058823529,0
438.272,0.00269607741136169,0.382543185501502,0.255677406811554,-0.547919645399934,0.214998075294187,,,,-0.0973228983142723,,-0.804855622204552,,,,,,,,,,,,,,,,,,,,0.185664587065672,,,,0.327897490729534,,1.09835997782769,,,,,,,,,,,,,,,104.8576,102,1319.18823529412,611.476960784314,953.039215686274,1413.44019607843,1224.9362745098,652.936274509804,570.017647058824,1004.25490196078,901.823529411765,0
438.3744,0.00512785725978199,0.353878619708822,0.23814626928742,-0.544637455351358,0.213913709997453,,,,-0.100428138199484,,-0.812863378260199,,,,,,,,,,,,,,,,,,,,0.138848553832802,,,,0.322523534473757,,1.08780782010396,,,,,,,,,,,,,,,104.96,103,1667.89174757282,461.055339805825,937.694174757281,1763.81650485437,1571.96699029126,496.069902912621,426.040776699029,1015.92233009709,859.466019417476,0
438.4768,0.0072460755348857,0.325181949344795,0.220400094242733,-0.541494700319569,0.214401574873895,,,,-0.103523047975344,,-0.820615811607384,,,,,,,,,,,,,,,,,,,,0.0924114767860681,,,,0.317198918606904,,1.07667247035868,,,,,,,,,,,,,,,105.0624,102,1768.39803921569,416.171568627451,930.063725490196,1855.41764705882,1681.37843137255,455.861764705882,376.48137254902,1007.94117647059,852.186274509804,0
438.5792,0.00909302084477059,0.296506968120719,0.202500727237779,-0.53850503328828,0.216461262810717,,,,-0.106522905984881,,-0.828083706854035,,,,,,,,,,,,,,,,,,,,0.0464021874871421,,,,0.311907470815064,,1.06496393539621,,,,,,,,,,,,,,,105.1648,103,1669.72038834951,413.460194174757,947.800970873786,1756.76699029126,1582.67378640777,459.493203883495,367.427184466019,1030.95145631068,864.650485436893,0
438.6816,0.0107121949456088,0.26790913742919,0.184511870675304,-0.535682376239819,0.220086120598606,,,,-0.109340358233312,,-0.835238055148386,,,,,,,,,,,,,,,,,,,,0.000869275487009634,,,,0.306631056544099,,1.05269451121519,,,,,,,,,,,,,,,105.2672,102,1068.64460784314,408.802450980392,1023.5637254902,1150.97058823529,986.31862745098,456.902941176471,360.701960784314,1092.05882352941,955.06862745098,0
438.784,0.0121483176554702,0.239445587318056,0.166499087483002,-0.533040979946687,0.225263063661588,,,,-0.111885743760861,,-0.842050193277732,,,,,,,,,,,,,,,,,,,,-0.0441386430905675,,,,0.301349669112892,,1.03987876236501,,,,,,,,,,,,,,,105.3696,102,1056.28235294118,415.961764705882,1029.70098039216,1139.65784313726,972.906862745098,458.063725490196,373.859803921569,1094.01960784314,965.382352941177,0
438.8864,0.0134473393774726,0.211175099008357,0.148529797242133,-0.530595477601522,0.231972384033141,,,,-0.114067459708326,,-0.848491963528894,,,,,,,,,,,,,,,,,,,,-0.0885726951450957,,,,0.296041542088979,,1.02653350727853,,,,,,,,,,,,,,,105.472,103,1058.94951456311,415.042718446602,1037.44660194175,1142.05145631068,975.847572815534,463.036893203884,367.04854368932,1105.3786407767,969.514563106796,0
438.9888,0.0146564726568636,0.183158089422705,0.130673285410382,-0.528360958586479,0.24018757023126,,,,-0.115792340198718,,-0.854535900235301,,,,,,,,,,,,,,,,,,,,-0.132383539896982,,,,0.290683276486973,,1.01267782570943,,,,,,,,,,,,,,,105.5744,102,1058.8862745098,412.201470588235,1034.08823529412,1140.27941176471,977.493137254902,460.919607843137,363.483333333333,1106.71568627451,961.460784313726,0
439.0912,0.0158242247380816,0.155456606577325,0.113000720376031,-0.526353067443031,0.24987514918567,,,,-0.116966057436505,,-0.860155436439059,,,,,,,,,,,,,,,,,,,,-0.175521189316566,,,,0.285249975759509,,0.998333104773349,,,,,,,,,,,,,,,105.6768,103,1058.47621359223,414.707281553398,1026.28640776699,1137.35145631068,979.600970873786,463.704854368932,365.709708737864,1108.00970873786,944.563106796116,0
439.1936,0.0170004086797524,0.128134336913966,0.095585165193296,-0.52458811956956,0.260994552246387,,,,-0.11749356499591,,-0.865325119333274,,,,,,,,,,,,,,,,,,,,-0.217934877317531,,,,0.279715391942643,,0.983523118075961,,,,,,,,,,,,,,,105.7792,102,874,498.208333333333,994.573529411765,925.496078431373,822.503921568628,527.233333333333,469.183333333333,1061.47058823529,927.676470588235,0
439.296,0.018236137581868,0.101256629806194,0.0785015902882604,-0.523083219802078,0.273498013702319,,,,-0.117279587396301,,-0.870020824801982,,,,,,,,,,,,,,,,,,,,-0.259572987775179,,,,0.274052089843204,,0.96827411346753,,,,,,,,,,,,,,,105.8816,102,787.961303381066,532.53680547436,971.113102527338,824.064713984767,751.857892777364,558.276527305137,506.797083643584,1015.3112137417,926.914991312981,0
439.3984,0.0195838191139512,0.074890539167869,0.0618268977066722,-0.521856359740842,0.287330515956932,,,,-0.116229149692995,,-0.874219959635614,,,,,,,,,,,,,,,,,,,,-0.300383047918135,,,,0.268231622170254,,0.952614881580045,,,,,,,,,,,,,,,105.984,103,768.115454894166,536.102741221188,964.24864525578,806.981542699725,729.249367088608,570.470798898072,501.734683544304,995.388429752066,933.108860759494,0.660194174757282
439.5008,0.0210971439726007,0.0491048641467042,0.0456399410038322,-0.520926463955712,0.302429791424373,,,,-0.114248150072667,,-0.877901635501329,,,,,,,,,,,,,,,,,,,,-0.340311797014738,,,,0.262224696497889,,0.936576791478112,,,,,,,,,,,,,,,106.0864,102,746.719379642222,539.768822052516,961.432817240297,788.062809917355,705.375949367089,581.539669421488,497.997974683544,983.528925619835,939.33670886076,1
439.6032,0.0228310415172287,0.0239701647407557,0.030021508205611,-0.520313372164323,0.318726386513417,,,,-0.111243976299593,,-0.881046802959664,,,,,,,,,,,,,,,,,,,,-0.379305334662614,,,,0.256001329030383,,0.920193798853259,,,,,,,,,,,,,,,106.1888,103,725.325021472842,543.432844791892,958.608965474513,769.147511300115,681.50253164557,592.604423760999,494.261265822785,971.653373987001,945.564556962025,0.233009708737864
439.7056,0.0248415877314506,-0.000441260835791199,0.0150542499172652,-0.520037777358254,0.336143790240768,,,,-0.107126140118593,,-0.883638352715425,,,,,,,,,,,,,,,,,,,,-0.417309331234895,,,,0.24953100387864,,0.90350243685683,,,,,,,,,,,,,,,106.2912,102,718.167659468851,545.077555224622,960.382179200794,766.173529411765,670.161789525937,602.913725490196,487.241384959047,973.166666666667,947.597691734922,0
439.808,0.0271858745198862,-0.0240554399620368,0.000822556204420663,-0.520121158703986,0.354598627747486,,,,-0.101806886650249,,-0.885661207387912,,,,,,,,,,,,,,,,,,,,-0.454269270738338,,,,0.242782858097438,,0.886541793042683,,,,,,,,,,,,,,,106.3936,102,1006.96960784314,640.220588235294,945.151960784314,1081.64117647059,932.298039215686,641.680392156863,638.760784313726,940.970588235294,949.333333333333,0
439.9104,0.0299218674325579,-0.0467968263577571,-0.0125875982025561,-0.52058573345216,0.374000920814942,,,,-0.0952017471790087,,-0.887102419312403,,,,,,,,,,,,,,,,,,,,-0.490130708589438,,,,0.235725893224136,,0.869353470643734,,,,,,,,,,,,,,,106.496,103,1053.73155339806,656.300485436893,941.907766990291,1132.94563106796,974.517475728155,657.731067961165,654.869902912621,929.029126213592,954.78640776699,0
440.0128,0.0331082860040093,-0.0685884273453095,-0.0250888123385555,-0.521454420543539,0.394254416336974,,,,-0.0872300280902617,,-0.887951269936096,,,,,,,,,,,,,,,,,,,,-0.524839543349506,,,,0.228329199656561,,0.851981529423222,,,,,,,,,,,,,,,106.5984,102,1056.24656862745,659.035784313726,939.333333333333,1136.27647058824,976.216666666667,659.205882352941,658.86568627451,922.029411764706,956.637254901961,0
440.1152,0.0368045285019039,-0.0893519522321417,-0.036592404021563,-0.522750790810702,0.415256975326072,,,,-0.0778152516556291,,-0.888199360560172,,,,,,,,,,,,,,,,,,,,-0.558342307376536,,,,0.220562182994579,,0.834472397565777,,,,,,,,,,,,,,,106.7008,103,1153.96990291262,704.216504854369,921.567961165049,1249.25145631068,1058.68834951456,680.901941747573,727.531067961165,881.233009708738,961.902912621359,0
440.2176,0.0410706375266759,-0.109007989334416,-0.0470085486504808,-0.524498978844382,0.436901011756295,,,,-0.0668855790505153,,-0.887840691914895,,,,,,,,,,,,,,,,,,,,-0.590586490812478,,,,0.212394785678066,,0.816874744530414,,,,,,,,,,,,,,,106.8032,102,1179.38529411765,681.487745098039,926.098039215686,1273.34901960784,1085.42156862745,666.551960784314,696.423529411765,894.774509803922,957.421568627451,0
440.32,0.0459672793811883,-0.127476227151153,-0.0562464388120601,-0.526723534917097,0.459073972440114,,,,-0.054374249431718,,-0.886871733815249,,,,,,,,,,,,,,,,,,,,-0.621520938044119,,,,0.203797694707101,,0.799239310294896,,,,,,,,,,,,,,,106.9056,102,1302.52892156863,353.66568627451,949.132352941177,1394.7068627451,1210.35098039216,389.56568627451,317.76568627451,980.470588235294,917.794117647059,0
440.4224,0.0515556986790488,-0.144675737332302,-0.0642145002171764,-0.529449203547931,0.48165884746768,,,,-0.040220058284514,,-0.885291483022466,,,,,,,,,,,,,,,,,,,,-0.651096365773552,,,,0.194742531163646,,0.781618692609608,,,,,,,,,,,,,,,107.008,103,1294.22954801804,339.599409705755,956.650861473479,1388.180481012,1200.27861502408,375.683875165934,303.514944245577,1010.2626304693,903.03909247766,0
440.5248,0.0578976178011987,-0.160525333529397,-0.0708206920967617,-0.532700635564788,0.504534702884683,,,,-0.0243678742544188,,-0.883101506173195,,,,,,,,,,,,,,,,,,,,-0.67926601431825,,,,0.185202027356069,,0.764067093789386,,,,,,,,,,,,,,,107.1104,102,1265.35833090363,315.569598068567,952.17406361781,1359.57037533512,1171.14628647215,354.094235924933,277.044960212202,1005.3109919571,899.037135278515,0.735294117647059
440.6272,0.0650550719834044,-0.174944007387012,-0.075972898587357,-0.536502057460854,0.527577235028256,,,,-0.00676917424649695,,-0.880305967253901,,,,,,,,,,,,,,,,,,,,-0.705986389665517,,,,0.175150197237868,,0.746640030278305,,,,,,,,,,,,,,,107.2128,103,1234.90886034092,290.984496981247,947.245176751694,1329.09517426273,1140.7225464191,332.302680965147,249.666312997348,998.71581769437,895.774535809019,0.990291262135922
440.7296,0.0730901888788612,-0.187851422910861,-0.0795793931827995,-0.540876922712881,0.550659344673966,,,,0.0126174244026295,,-0.876911640298132,,,,,,,,,,,,,,,,,,,,-0.731218031958919,,,,0.164562500878538,,0.729394017291118,,,,,,,,,,,,,,,107.3152,102,1204.46955085154,266.416260865146,942.283858566574,1298.62087473059,1110.31822697249,310.528163276034,222.304358454257,992.122535877622,892.445181255526,0
440.832,0.082064927454242,-0.199168436703777,-0.0815493454863606,-0.545847562861636,0.573651716661025,,,,0.0338256481401105,,-0.872927905114612,,,,,,,,,,,,,,,,,,,,-0.754926254731445,,,,0.153416002822837,,0.712386248804159,,,,,,,,,,,,,,,107.4176,102,1189.30735294118,255.749509803922,933.21568627451,1282.89607843137,1095.71862745098,302.545098039216,208.953921568628,983.196078431373,883.235294117647,0
440.9344,0.0920407836495517,-0.208817622624521,-0.0817933514331443,-0.551434844861791,0.596423387414227,,,,0.0568810732990959,,-0.868366721092959,,,,,,,,,,,,,,,,,,,,-0.777081817730559,,,,0.141689522466625,,0.695674290258089,,,,,,,,,,,,,,,107.52,103,1191.14854368932,255.605825242718,923.742718446602,1285.96893203884,1096.32815533981,309.756310679612,201.455339805825,975.747572815534,871.73786407767,0
441.0368,0.10307845740728,-0.216723807547187,-0.0802239947496412,-0.557657832838525,0.618842301818682,,,,0.0818006560803892,,-0.863242578073005,,,,,,,,,,,,,,,,,,,,-0.797661513481412,,,,0.129363773515086,,0.679315788780645,,,,,,,,,,,,,,,107.6224,102,983.295098039216,355.499019607843,911.127450980392,1063.15098039216,903.439215686275,393.904901960784,317.093137254902,951.588235294118,870.666666666667,0
441.1392,0.115237477183473,-0.22281463133229,-0.0767564507578517,-0.564533464502633,0.640775878548608,,,,0.108592302661905,,-0.857572432869637,,,,,,,,,,,,,,,,,,,,-0.816648648792236,,,,0.116421495435193,,0.66336819535527,,,,,,,,,,,,,,,107.7248,103,779.831553398058,464.832524271845,899.291262135922,836.166990291262,723.496116504854,495.195145631068,434.469902912621,921.970873786408,876.611650485437,0
441.2416,0.128575798931481,-0.227021116668402,-0.0713091125044883,-0.572076270952545,0.662091591123544,,,,0.137254516275102,,-0.851375646063791,,,,,,,,,,,,,,,,,,,,-0.834033391083936,,,,0.102847585825788,,0.647888492114237,,,,,,,,,,,,,,,107.8272,102,778.04068627451,465.264215686275,905.426470588235,834.700980392157,721.380392156863,505.661764705882,424.866666666667,932.117647058824,878.735294117647,0
441.344,0.143149406991934,-0.229278214759734,-0.0638041996739882,-0.58029816277536,0.682657547344602,,,,0.167776149091973,,-0.844673930571948,,,,,,,,,,,,,,,,,,,,-0.849812956490997,,,,0.0886292388528714,,0.632932921334148,,,,,,,,,,,,,,,107.9296,102,778.132352941177,470.477941176471,911.5,833.838235294118,722.426470588235,510.53137254902,430.424509803922,943.049019607843,879.950980392157,0
441.4464,0.159011925693745,-0.229525308989937,-0.0541683329800786,-0.589208280290412,0.702343046458595,,,,0.200136253103883,,-0.837491312927184,,,,,,,,,,,,,,,,,,,,-0.863991649632835,,,,0.0737560868779334,,0.618556715459915,,,,,,,,,,,,,,,108.032,103,729.874757281553,467.990776699029,916.446601941747,790.154368932039,669.595145631068,516.130097087379,419.85145631068,959.087378640777,873.805825242719,0
441.5488,0.176214238752923,-0.227706675099204,-0.0423330748642897,-0.598812887822385,0.721019114504913,,,,0.234304008043682,,-0.829854097540828,,,,,,,,,,,,,,,,,,,,-0.876580795084408,,,,0.0582203400569218,,0.60481382830828,,,,,,,,,,,,,,,108.1344,102,605.866666666667,448.69362745098,931.372549019608,672.364705882353,539.36862745098,513.61862745098,383.76862745098,996.274509803922,866.470588235294,0
441.6512,0.194804136167169,-0.223771884486249,-0.0282354154419129,-0.609115291397345,0.73855904424444,,,,0.270238715860781,,-0.821790823720138,,,,,,,,,,,,,,,,,,,,-0.887598607025884,,,,0.0420169197693925,,0.591756666619518,,,,,,,,,,,,,,,108.2368,103,607.255339805825,442.930582524272,941.18932038835,673.715533980583,540.795145631068,516.603883495146,369.257281553398,1008.2427184466,874.135922330097,0
441.7536,0.214826019059916,-0.217676134664201,-0.0118181742761395,-0.620115766826746,0.754838975056205,,,,0.307889864596391,,-0.813332212680735,,,,,,,,,,,,,,,,,,,,-0.897070030252433,,,,0.0251435810819283,,0.579435820323464,,,,,,,,,,,,,,,108.3392,102,769.687254901961,458.434803921569,937.926470588235,839.320588235294,700.053921568628,509.269607843137,407.6,985.490196078431,890.362745098039,0
441.856,0.236320653021433,-0.209380524549132,0.00696966444111949,-0.631811491354889,0.769738525362688,,,,0.347197264979929,,-0.804511105197299,,,,,,,,,,,,,,,,,,,,-0.905026561187142,,,,0.00760101950085363,,0.567899791882765,,,,,,,,,,,,,,,108.4416,102,922.536274509804,480.693137254902,918.303921568628,996.027450980392,849.045098039216,516.097058823529,445.289215686275,947.970588235294,888.637254901961,0
441.9584,0.259324921485659,-0.198852320647561,0.0281726227736281,-0.644196481645187,0.78314145063885,,,,0.388091259914469,,-0.795362389816825,,,,,,,,,,,,,,,,,,,,-0.911506028008101,,,,-0.0106070384626697,,0.557194728449747,,,,,,,,,,,,,,,108.544,103,920.528155339806,481.940776699029,908.52427184466,995.897087378641,845.159223300971,514.008737864078,449.872815533981,935.019417475728,882.029126213592,0
442.0608,0.283871548904348,-0.186065246624007,0.0518283657412873,-0.657261555828873,0.794936285848812,,,,0.430493009481236,,-0.785922922122642,,,,,,,,,,,,,,,,,,,,-0.916552292646348,,,,-0.0294737553370119,,0.54736416199557,,,,,,,,,,,,,,,108.6464,102,1041.95931372549,568.734803921569,902.18137254902,1128.32843137255,955.590196078431,602.726470588235,534.743137254902,934.813725490196,869.549019607843,0
442.1632,0.309988808712277,-0.170999795556055,0.07796731355979,-0.670994342139019,0.805016956924348,,,,0.474314855122306,,-0.776231433473101,,,,,,,,,,,,,,,,,,,,-0.920214852828732,,,,-0.0489891055063828,,0.538448762431036,,,,,,,,,,,,,,,108.7488,103,1083.05388349515,600.002912621359,902.145631067961,1172.20388349515,993.903883495146,632.357281553398,567.64854368932,938.398058252427,865.893203883495,0
442.2656,0.3377002495517,-0.153643543764929,0.106612264114771,-0.685379342203203,0.813283375130752,,,,0.519460759522583,,-0.766328423129222,,,,,,,,,,,,,,,,,,,,-0.922548353481222,,,,-0.0691397968440073,,0.530486107637328,,,,,,,,,,,,,,,108.8512,102,1022.42843137255,568.773529411765,911.18137254902,1105.97941176471,938.877450980392,603.968627450981,533.578431372549,944.21568627451,878.147058823529,0
442.368,0.367024464034088,-0.133991436656411,0.137778060301026,-0.700398037113787,0.819642021124746,,,,0.565826811432428,,-0.756256031476731,,,,,,,,,,,,,,,,,,,,-0.923612034131563,,,,-0.0899091968054204,,0.523510471787673,,,,,,,,,,,,,,,108.9536,102,840.407843137255,483.01568627451,878.289215686275,899.044117647059,781.771568627451,501.503921568628,464.527450980392,897.5,859.078431372549,0
442.4704,0.397974905683924,-0.112046017610884,0.171471324944681,-0.716029010788496,0.824006486508392,,,,0.613301783209903,,-0.746057903629906,,,,,,,,,,,,,,,,,,,,-0.923469146193744,,,,-0.111277283470973,,0.517552633812052,,,,,,,,,,,,,,,109.056,103,838.82572815534,488.356796116505,816.597087378641,900.429126213592,777.222330097087,519.473786407767,457.239805825243,831.980582524272,801.21359223301,0
442.5728,0.430559736773215,-0.0878175924659277,0.207690257576901,-0.732248060569194,0.826297913876851,,,,0.661767729726457,,-0.735779055566036,,,,,,,,,,,,,,,,,,,,-0.92218637910845,,,,-0.133220650287268,,0.512639711833114,,,,,,,,,,,,,,,109.1584,102,839.011274509804,492.537745098039,765.058823529412,902.053921568627,775.968627450981,531.673529411765,453.401960784314,780.078431372549,750.039215686275,0
442.6752,0.464781679971764,-0.061324351794719,0.24642446158883,-0.749028279192162,0.826445297577056,,,,0.711100623162816,,-0.725465742581385,,,,,,,,,,,,,,,,,,,,-0.919833317210912,,,,-0.155712575727641,,0.508795026567774,,,,,,,,,,,,,,,109.2608,103,860.290291262136,504.72718446602,733.907766990291,923.645631067961,796.934951456311,535.169902912621,474.284466019418,746.679611650485,721.135922330097,0
442.7776,0.500637860941752,-0.0325924814777076,0.287654773565347,-0.76634011957853,0.82438565584875,,,,0.761171029708831,,-0.715165314287797,,,,,,,,,,,,,,,,,,,,-0.916481909614649,,,,-0.178723137046821,,0.50603798660826,,,,,,,,,,,,,,,109.3632,102,962.986764705882,498.427450980392,722.323529411765,1039.99215686275,885.98137254902,534.796078431373,462.058823529412,739.568627450981,705.078431372549,0
442.88,0.538119642046804,-0.0016562784599273,0.331353083685898,-0.78415146508032,0.82006411366388,,,,0.811844835913472,,-0.704926036678643,,,,,,,,,,,,,,,,,,,,-0.912205914979348,,,,-0.202219336350461,,0.50438398482694,,,,,,,,,,,,,,,109.4656,102,1225.68431372549,467.871568627451,707.544117647059,1328.05588235294,1123.31274509804,525.655882352941,410.087254901961,740.578431372549,674.509803921569,0
442.9824,0.577212442962473,0.0314417312251795,0.377482146528087,-0.802427717125033,0.813433935890568,,,,0.862984018556263,,-0.694796874897248,,,,,,,,,,,,,,,,,,,,-0.907080303346589,,,,-0.226165221483966,,0.503844300797912,,,,,,,,,,,,,,,109.568,103,1224.08737864078,468.652912621359,710.631067961165,1326.54563106796,1121.62912621359,526.469902912621,410.835922330097,750.242718446602,671.019417475728,0
443.0848,0.617895538727784,0.0666506922532634,0.425995389767646,-0.821131901004054,0.80445653782011,,,,0.914447440518315,,-0.684827246680283,,,,,,,,,,,,,,,,,,,,-0.901180628984715,,,,-0.250521999323799,,0.504426010432145,,,,,,,,,,,,,,,109.6704,102,1409.63823529412,266.515196078431,701.46568627451,1526.68725490196,1292.58921568627,299.923529411765,233.106862745098,746.137254901961,656.794117647059,0
443.1872,0.660141827549718,0.103911362122034,0.476836732289511,-0.840224781561494,0.793101481244407,,,,0.966091656157003,,-0.675066756519689,,,,,,,,,,,,,,,,,,,,-0.894582402351258,,,,-0.275248147049455,,0.506131906607735,,,,,,,,,,,,,,,109.7728,103,1465.4354368932,211.952912621359,702.95145631068,1585.47087378641,1345.4,239.133009708738,184.772815533981,752.495145631068,653.407766990291,0
443.2896,0.703917562531744,0.143156108561282,0.529940416728673,-0.859664965312989,0.779346452024668,,,,1.01777171462618,,-0.665564905509216,,,,,,,,,,,,,,,,,,,,-0.887360483932214,,,,-0.300299534191241,,0.508960432740578,,,,,,,,,,,,,,,109.8752,102,1470.17303921569,221.650980392157,704.852941176471,1590.88725490196,1349.45882352941,253.7,189.601960784314,758.794117647059,650.911764705882,0
443.392,0.749182046482145,0.184308962518392,0.585230856104124,-0.879408960109809,0.763177220282126,,,,1.06934195899589,,-0.656370761981749,,,,,,,,,,,,,,,,,,,,-0.879588502321721,,,,-0.325629571409066,,0.512905626783628,,,,,,,,,,,,,,,109.9776,102,1476.44411764706,222.435784313726,700.524509803922,1594.88137254902,1358.0068627451,252.013725490196,192.857843137255,751.519607843137,649.529411764706,0
443.4944,0.795887295071535,0.227285724301404,0.642622496195809,-0.899411186943694,0.744587588948743,,,,1.12065683488559,,-0.647532587042054,,,,,,,,,,,,,,,,,,,,-0.871338275598638,,,,-0.351189393517396,,0.51795707050138,,,,,,,,,,,,,,,110.08,103,1164.90922330097,247.710194174757,725.941747572816,1267.70388349515,1062.1145631068,288.833009708738,206.587378640777,774.281553398058,677.601941747573,0
443.5968,0.843977671654693,0.271994122168665,0.702019695240638,-0.919623972699397,0.723579322571727,,,,1.17157172902665,,-0.639097426784205,,,,,,,,,,,,,,,,,,,,-0.862679205509492,,,,-0.376928069019973,,0.524099837385935,,,,,,,,,,,,,,,110.1824,102,744.93431372549,306.985294117647,735.43137254902,816.048039215686,673.820588235294,357.275490196078,256.695098039216,748.421568627451,722.441176470588,0
443.6992,0.893389497004319,0.318334025066361,0.7633166240836,-0.939997564162354,0.700162038770033,,,,1.22194384679704,,-0.63111068884899,,,,,,,,,,,,,,,,,,,,-0.853677622019809,,,,-0.40279281960278,,0.531314431923084,,,,,,,,,,,,,,,110.2848,103,745.427669902913,324.407281553398,740.757281553398,810.465048543689,680.390291262136,365.444660194175,283.369902912621,740.601941747573,740.912621359223,0
443.8016,0.944050648803464,0.366197714548381,0.826397199299235,-0.96048019165922,0.674353063316416,,,,1.27163311713676,,-0.62361571583511,,,,,,,,,,,,,,,,,,,,-0.844396081276383,,,,-0.428729235033082,,0.539576721835624,,,,,,,,,,,,,,,110.3872,102,745.165196078431,367.082843137255,746.647058823529,812.753921568628,677.576470588235,404.876470588235,329.289215686275,742.862745098039,750.43137254902,0
443.904,0.995880179191061,0.415470222025661,0.891135070845768,-0.981018195404726,0.646177273005908,,,,1.32050309825371,,-0.616653368040012,,,,,,,,,,,,,,,,,,,,-0.834892655428153,,,,-0.454681476773831,,0.54885788205038,,,,,,,,,,,,,,,110.4896,102,744.50637254902,395.543137254902,754.220588235294,810.343137254902,678.669607843137,433.859803921569,357.226470588235,746.186274509804,762.254901960784,0
444.0064,1.04878798649418,0.466029740239927,0.957393692481581,-1.00155621506154,0.615666952536953,,,,1.36842186328553,,-0.610261630257511,,,,,,,,,,,,,,,,,,,,-0.825220269364203,,,,-0.480592472721965,,0.559124374070508,,,,,,,,,,,,,,,110.592,103,857.898058252427,386.368932038835,778.601941747573,935.525242718447,780.270873786408,428.595145631068,344.142718446602,790.757281553398,766.446601941748,0
444.1088,1.10267457511996,0.517748120298554,1.02502650346053,-1.02203743323998,0.582861682386458,,,,1.41526286227388,,-0.604475249197927,,,,,,,,,,,,,,,,,,,,-0.815426122580501,,,,-0.506404110666309,,0.570337970587055,,,,,,,,,,,,,,,110.6944,102,902.280882352941,411.698529411765,811.078431372549,989.61568627451,814.946078431373,451.362745098039,372.03431372549,852.382352941176,769.774509803922,0
444.2112,1.15743091996322,0.570491455369523,1.09387723234036,-1.04240385977748,0.547808264991582,,,,1.46090575885339,,-0.599325397435819,,,,,,,,,,,,,,,,,,,,-0.805551208869879,,,,-0.532057436904031,,0.582455821922043,,,,,,,,,,,,,,,110.7968,103,888.336893203883,444.229611650485,810.936893203884,965.270873786408,811.402912621359,479.211650485437,409.247572815534,850.95145631068,770.922330097088,0
444.3136,1.21293843142203,0.624120738886547,1.16378031242282,-1.06259664432993,0.510560687581093,,,,1.50523723105009,,-0.594839361887672,,,,,,,,,,,,,,,,,,,,-0.795629933113068,,,,-0.557492863368028,,0.595430560474562,,,,,,,,,,,,,,,110.8992,102,880.609803921569,481.160294117647,811.122549019608,951.83431372549,809.385294117647,504.525490196078,457.795098039216,843.303921568628,778.941176470588,0
444.416,1.26906901719753,0.678492588729339,1.23456140079526,-1.08255640807837,0.471180118113168,,,,1.54815172624951,,-0.5910402639231,,,,,,,,,,,,,,,,,,,,-0.78568981847729,,,,-0.582650382007023,,0.609210442945463,,,,,,,,,,,,,,,111.0016,102,889.4,562.242647058824,801.583333333333,941.089215686275,837.710784313726,557.255882352941,567.229411764706,814.147058823529,789.019607843137,0
444.5184,1.32568525642269,0.733460041505764,1.30603801331808,-1.10222358962119,0.4297349365633,,,,1.58955216610146,,-0.587946821290868,,,,,,,,,,,,,,,,,,,,-0.775751297987489,,,,-0.607469777468408,,0.623739529672585,,,,,,,,,,,,,,,111.104,103,883.071844660194,602.244174757282,827.631067961165,924.660194174757,841.483495145631,589.481553398058,615.006796116505,850.145631067961,805.116504854369,0
444.6208,1.38264071109696,0.788873423115511,1.37802029509176,-1.12153880101379,0.386300808501698,,,,1.62935059341252,,-0.585573161021046,,,,,,,,,,,,,,,,,,,,-0.765827592721618,,,,-0.631890827466857,,0.638957899203104,,,,,,,,,,,,,,,111.2064,102,872.429411764706,658.4,856.573529411765,905.760784313726,839.098039215686,660.599019607843,656.200980392157,886.5,826.647058823529,0
444.7232,1.43978037888155,0.844581289382536,1.45031192478346,-1.14044318504777,0.340960805354684,,,,1.66746873996266,,-0.583928689629693,,,,,,,,,,,,,,,,,,,,-0.755924684007369,,,,-0.655853490063129,,0.654801899552407,,,,,,,,,,,,,,,111.3088,103,967.715533980583,313.5,876.946601941748,1046.86601941748,888.565048543689,360.912621359223,266.087378640777,927.679611650485,826.21359223301,0
444.8256,1.49694125866561,0.900431414021444,1.52271112005413,-1.15887875654826,0.293805564412521,,,,1.70383848059718,,-0.583018019107789,,,,,,,,,,,,,,,,,,,,-0.746041385668088,,,,-0.679298086736885,,0.671204444092566,,,,,,,,,,,,,,,111.4112,102,1017.27066102614,125.579706887415,875.293350906688,1117.29612259318,917.245199459094,181.224085850556,69.9353279242732,935.276187952659,815.310513860717,0
444.928,1.55395299076669,0.956271793104139,1.59501170005134,-1.17678870386693,0.244933466404237,,,,1.73840213501043,,-0.582840940439537,,,,,,,,,,,,,,,,,,,,-0.736169522035775,,,,-0.702165487758477,,0.688095359990317,,,,,,,,,,,,,,,111.5136,102,1050.51120948535,167.91825100963,877.565328259294,1151.27012012012,949.752298850575,223.696846846847,112.139655172414,937.064564564565,818.066091954023,0.901960784313725
445.0304,1.61063855222436,1.01195163720494,1.66700417375734,-1.19411763091512,0.194450799497224,,,,1.77111259286038,,-0.583392437286484,,,,,,,,,,,,,,,,,,,,-0.726294214083432,,,,-0.72439729528388,,0.705401784810415,,,,,,,,,,,,,,,111.616,103,1084.11214662939,210.956150978565,879.807548928239,1185.83693693694,982.387356321839,267.005405405405,154.906896551724,938.603603603604,821.011494252874,0.533980582524272
445.1328,1.66681500628978,1.06732232748017,1.73847683787178,-1.21081174197013,0.142471878165879,,,,1.80193326780947,,-0.584662737576919,,,,,,,,,,,,,,,,,,,,-0.716394259314046,,,,-0.745936012041024,,0.72304859324507,,,,,,,,,,,,,,,111.7184,102,1111.7382167157,256.309556310875,884.904286131974,1212.62881116411,1010.8476222673,319.648118706942,192.970993914807,944.451686981099,825.356885282849,0
445.2352,1.72229430294912,1.12223831945307,1.80921687149937,-1.22681899722242,0.0891190890496815,,,,1.83083791423184,,-0.58663740436489,,,,,,,,,,,,,,,,,,,,-0.706442571295644,,,,-0.766725185599743,,0.740958832705527,,,,,,,,,,,,,,,111.8208,103,1113.71650485437,313.372815533981,907.684466019418,1214.97961165049,1012.45339805825,378.563106796116,248.182524271845,971.757281553398,843.611650485437,0
445.3376,1.77688411831805,1.17655798934903,1.87901141670519,-1.24208926914829,0.0345228442355433,,,,1.85781035004495,,-0.589297465323023,,,,,,,,,,,,,,,,,,,,-0.69640664683684,,,,-0.7867095248679,,0.759054150553372,,,,,,,,,,,,,,,111.9232,102,1109.78333333333,375.958823529412,936.083333333333,1207.29117647059,1012.27549019608,433.943137254902,317.974509803922,999.990196078431,872.176470588235,0
445.44,1.83038872762281,1.23014442299875,1.94764864168456,-1.25657450411908,-0.0211785654920763,,,,1.88284411900259,,-0.592619572306776,,,,,,,,,,,,,,,,,,,,-0.686249055281854,,,,-0.805834989914972,,0.777255201365805,,,,,,,,,,,,,,,112.0256,102,1153.81029411765,62.0397058823529,931.985294117647,1255.07254901961,1052.54803921569,125.142156862745,-1.0627450980392,1005.64705882353,858.323529411765,0
445.5424,1.88260991981368,1.28286614210892,2.0149187880652,-1.27022886684192,-0.0778392124166453,,,,1.90594210537448,,-0.596576176897688,,,,,,,,,,,,,,,,,,,,-0.675927967814106,,,,-0.824048857833773,,0.795482028988665,,,,,,,,,,,,,,,112.128,103,1155.78252427184,55.8601941747573,936.247572815534,1258.72524271845,1052.83980582524,116.480582524272,-4.76019417475729,1012.1067961165,860.388349514563,0
445.6448,1.93334795621269,1.33459775791241,2.08061519719331,-1.28300884257103,-0.13530585119136,,,,1.9271160964132,,-0.601135715398787,,,,,,,,,,,,,,,,,,,,-0.665397743701549,,,,-0.841299768170654,,0.813654423946792,,,,,,,,,,,,,,,112.2304,102,1151.33921568627,109.917647058824,933.004901960784,1253.90490196078,1048.77352941176,169.970588235294,49.864705882353,1013.16666666667,852.843137254902,0
445.7472,1.98240255084986,1.38522054043153,2.14453529378531,-1.29487328981259,-0.193418295532793,,,,1.94638628431243,,-0.606262811277922,,,,,,,,,,,,,,,,,,,,-0.6546095702391,,,,-0.857537750984436,,0.831692259315474,,,,,,,,,,,,,,,112.3328,103,1105.52184466019,83.6907766990291,928.009708737864,1204.98446601942,1006.05922330097,146.02427184466,21.3572815533981,1008.65048543689,847.368932038835,0
445.8496,2.02957383238775,1.43462288866062,2.20648149241444,-1.30578345416735,-0.252009849338229,,,,1.96378070922055,,-0.611918506683854,,,,,,,,,,,,,,,,,,,,-0.643512130869512,,,,-0.872714237167228,,0.849515806703939,,,,,,,,,,,,,,,112.4352,102,1076.11323529412,80.8647058823529,924,1169.20196078431,983.024509803922,140.586274509804,21.143137254902,997.990196078431,850.009803921569,0
445.952,2.07466325743174,1.48270069406235,2.26626200312267,-1.31570296486336,-0.310907809853805,,,,1.97933465541955,,-0.618060529178871,,,,,,,,,,,,,,,,,,,,-0.632052268638257,,,,-0.886782047166065,,0.867046033440166,,,,,,,,,,,,,,,112.5376,102,1078.91470588235,125.175490196078,915.328431372549,1168.9568627451,988.872549019608,186.460784313726,63.8901960784314,989.372549019608,841.28431372549,0
446.0544,2.11747447698969,1.5293576088131,2.32369154484062,-1.32459783983307,-0.369934063295332,,,,1.99309001424763,,-0.624643597295587,,,,,,,,,,,,,,,,,,,,-0.620175622092493,,,,-0.899695355272389,,0.88420488429541,,,,,,,,,,,,,,,112.64,103,1057.37961165049,21.3902912621359,890.52427184466,1149.37087378641,965.388349514563,82.3708737864078,-39.5902912621359,957.52427184466,823.52427184466,0
446.1568,2.15781418476259,1.57450523829963,2.37859199728497,-1.33243651739664,-0.428905781592804,,,,2.00509462428555,,-0.631619763167572,,,,,,,,,,,,,,,,,,,,-0.60782722172859,,,,-0.911409633286831,,0.900915551253455,,,,,,,,,,,,,,,112.7424,102,1060.25833333333,61.8313725490196,885.75,1151.5931372549,968.923529411765,122.657843137255,1.00490196078432,949.039215686274,822.460784313726,0
446.2592,2.19549297163826,1.61806326473257,2.43079301094898,-1.3391899149233,-0.487636212296777,,,,2.01540159918627,,-0.638938777109863,,,,,,,,,,,,,,,,,,,,-0.594952040106226,,,,-0.921881587849112,,0.917102732287306,,,,,,,,,,,,,,,112.8448,103,1093.69417475728,84.3839805825243,891.101941747573,1188.45048543689,998.93786407767,137.146601941748,31.621359223301,957.660194174757,824.543689320388,0
446.3616,2.2303261854405,1.65995949164289,2.48013256780568,-1.34483149741907,-0.545935536175058,,,,2.02406865788716,,-0.646548447061644,,,,,,,,,,,,,,,,,,,,-0.581495494199026,,,,-0.931069109705838,,0.932692872405892,,,,,,,,,,,,,,,112.9472,102,1130.92549019608,92.3539215686275,888.098039215686,1231.23431372549,1030.61666666667,154.179411764706,30.528431372549,959.901960784314,816.294117647059,0
446.464,2.26213478210521,1.7001297932414,2.52645747354277,-1.34933732957673,-0.60361175793545,,,,2.03115747447606,,-0.654394963397121,,,,,,,,,,,,,,,,,,,,-0.567403903578543,,,,-0.938931243045553,,0.947614367735495,,,,,,,,,,,,,,,113.0496,102,1133.30049019608,117.219117647059,882.710784313726,1231.84411764706,1034.7568627451,173.364705882353,61.0735294117647,956.303921568627,809.117647058824,0
446.5664,2.29074615178289,1.73851795935193,2.56962376496707,-1.35268609237616,-0.660471603051456,,,,2.03673305152462,,-0.662423170628868,,,,,,,,,,,,,,,,,,,,-0.55262490658613,,,,-0.945428176325561,,0.961797717930914,,,,,,,,,,,,,,,113.152,103,1137.51796116505,131.826699029126,871.956310679612,1237.72524271845,1037.31067961165,187.063106796117,76.5902912621359,945,798.912621359223,0
446.6688,2.31599489777712,1.77507543764693,2.60949702007873,-1.35485906938112,-0.716321412223391,,,,2.04086309994934,,-0.670576789664694,,,,,,,,,,,,,,,,,,,,-0.537107826237941,,,,-0.950521263353254,,0.975175635661086,,,,,,,,,,,,,,,113.2544,102,1136.89019607843,170.188725490196,864.568627450981,1238.35882352941,1035.42156862745,227.655882352941,112.721568627451,940.264705882353,788.872549019608,0
446.7712,2.33772356109109,1.80976098804859,2.64595257621912,-1.35584012979225,-0.770968038102861,,,,2.04361741631189,,-0.678798615073419,,,,,,,,,,,,,,,,,,,,-0.520803964991246,,,,-0.954173080773484,,0.987683125930059,,,,,,,,,,,,,,,113.3568,103,1107.63398058252,280.434951456311,868.679611650486,1202.7572815534,1012.51067961165,333.201941747573,227.667961165049,946.029126213592,791.330097087379,0
446.8736,2.35578331860019,1.84254028067376,2.6788756944373,-1.35561573944042,-0.824219748211461,,,,2.04506727967567,,-0.687030718412802,,,,,,,,,,,,,,,,,,,,-0.503666811213731,,,,-0.956347509059808,,0.999257530415977,,,,,,,,,,,,,,,113.4592,102,1106.86470588235,305.327941176471,863.43137254902,1200.16568627451,1013.5637254902,357.009803921569,253.646078431373,940.627450980392,786.235294117647,0
446.976,2.37003469235208,1.87338547612602,2.70816171900956,-1.35417501763524,-0.875887135359054,,,,2.04528489428925,,-0.695214676992965,,,,,,,,,,,,,,,,,,,,-0.485652166858869,,,,-0.957009818796171,,1.00983853495136,,,,,,,,,,,,,,,113.5616,102,1119.50196078431,325.814215686275,848.43137254902,1213.84803921569,1025.15588235294,386.059803921569,265.56862745098,923.71568627451,773.147058823529,0
447.0784,2.3803482827046,1.90227481800977,2.73371625980157,-1.35150983552106,-0.925784042490796,,,,2.04434287681467,,-0.703291827153397,,,,,,,,,,,,,,,,,,,,-0.466718230078112,,,,-0.956126761250287,,1.01936815978691,,,,,,,,,,,,,,,113.664,103,1151.53365817357,341.332800551969,827.539196688187,1243.79714158987,1059.27017475728,399.744280715588,282.92132038835,898.404218619092,756.674174757282,0
447.1808,2.38660551409212,1.92919225510453,2.75545540212701,-1.34761493074044,-0.973728513425413,,,,2.04231376945357,,-0.711203529018553,,,,,,,,,,,,,,,,,,,,-0.446825666575662,,,,-0.953666677298833,,1.02779075414714,,,,,,,,,,,,,,,113.7664,102,1134.79266348164,338.241649746193,819.17539564049,1228.5923857868,1040.99294117647,398.403299492386,278.08,883.680203045685,754.670588235294,0.176470588235294
447.2832,2.38869937216114,1.95412709823635,2.77330593431334,-1.34248800430618,-1.01954377541297,,,,2.03926956353567,,-0.71889143114212,,,,,,,,,,,,,,,,,,,,-0.425937693418134,,,,-0.949599637865722,,1.03505300041185,,,,,,,,,,,,,,,113.8688,103,1105.39472081218,330.356954314721,821.118274111675,1196.22944162437,1014.56,389.193908629442,271.52,877.43654822335,764.8,1
447.3856,2.38653511230183,1.97707369727795,2.7872055709614,-1.33612977676366,-1.06305924957071,,,,2.03528122899111,,-0.726297730371376,,,,,,,,,,,,,,,,,,,,-0.404020187142301,,,,-0.943897617499903,,1.04110392253391,,,,,,,,,,,,,,,113.9712,102,1075.99677814273,322.472258883249,823.061152582861,1163.86649746193,988.127058823529,379.984517766497,264.96,871.192893401015,774.929411764706,1
447.488,2.38003093157982,1.99803110711076,2.7971031462642,-1.32854400725587,-1.10411158055942,,,,2.03041826043197,,-0.733365426190593,,,,,,,,,,,,,,,,,,,,-0.381041804808455,,,,-0.936534688920842,,1.04589488895262,,,,,,,,,,,,,,,114.0736,102,1046.60886194884,314.979280083607,825.15345675326,1131.39466507415,961.823058823529,371.526560167214,258.432,865.297501741813,785.009411764706,0.00980392156862745
447.5904,2.36911860357779,2.01700271457385,2.80295875850611,-1.31973749707572,-1.14254567709483,,,,2.02474825675803,,-0.740038566827717,,,,,,,,,,,,,,,,,,,,-0.356974093432689,,,,-0.927487222810835,,1.04937960104925,,,,,,,,,,,,,,,114.176,103,1033.62912621359,309.742718446602,830.902912621359,1118.6786407767,948.579611650485,359.142718446602,260.342718446602,871.067961165049,790.73786407767,0
447.6928,2.35374406683347,2.03399581665337,2.80474385351703,-1.30972009222261,-1.17821575128767,,,,2.01833653867423,,-0.746262479862987,,,,,,,,,,,,,,,,,,,,-0.331791582764164,,,,-0.91673408885066,,1.05151406671564,,,,,,,,,,,,,,,114.2784,102,1034.44019607843,300.033333333333,843.857843137255,1121.29705882353,947.583333333333,342.329411764706,257.737254901961,889.549019607843,798.166666666667,0
447.7952,2.33386794424394,2.04902115349461,2.80244123547912,-1.29850468248827,-1.21098634167411,,,,2.01124579371071,,-0.751983979499986,,,,,,,,,,,,,,,,,,,,-0.305471881425865,,,,-0.904256866166115,,1.05225656543305,,,,,,,,,,,,,,,114.3808,103,1034.04902912621,298.482524271845,861.97572815534,1118.66601941748,949.432038834951,339.168932038835,257.796116504854,913.038834951456,810.912621359223,0
447.8976,2.30946597286205,2.06209240058341,2.79604499526139,-1.28610718649903,-1.2407333151663,,,,2.0035357330273,,-0.757151546637165,,,,,,,,,,,,,,,,,,,,-0.277995799684639,,,,-0.890040071874521,,1.05156761047383,,,,,,,,,,,,,,,114.4832,102,1034.76029411765,295.312254901961,857.848039215686,1118.11078431373,951.409803921569,340.682352941177,249.942156862745,912.852941176471,802.843137254902,0
448,2.28052933881991,2.073225621681,2.78556035408136,-1.27254651037759,-1.2673448524542,,,,1.99526274956534,,-0.76171548146116,,,,,,,,,,,,,,,,,,,,-0.24934751320518,,,,-0.874071411583408,,1.04940991164138,,,,,,,,,,,,,,,114.5856,102,1036.20343137255,293.279411764706,851.362745098039,1120.63431372549,951.772549019608,342.053921568628,244.504901960784,908.382352941176,794.343137254902,0
448.1024,2.24706491455186,2.08243868612055,2.77100342314274,-1.25784447091188,-1.2907224080892,,,,1.98647958903366,,-0.765628032526352,,,,,,,,,,,,,,,,,,,,-0.21951477248406,,,,-0.856342052418178,,1.04574834272653,,,,,,,,,,,,,,,114.688,103,1049.03252427184,334.762621359223,859.796116504854,1133.64951456311,964.415533980583,383.255339805825,286.269902912621,918.990291262136,800.601941747573,0
448.2048,2.2090953867638,2.08975066121336,2.75240087924833,-1.24202568898434,-1.31078162099833,,,,1.97723507188541,,-0.768843513982723,,,,,,,,,,,,,,,,,,,,-0.188489151004935,,,,-0.836846914125136,,1.04054991925122,,,,,,,,,,,,,,,114.7904,102,1080.27745098039,442.302941176471,867.210784313726,1167.07843137255,993.476470588235,497.840196078431,386.76568627451,921.794117647059,812.627450980392,0
448.3072,2.16665927804527,2.09518120267359,2.72978957338913,-1.22511747578191,-1.32745315498298,,,,1.96757390650268,,-0.771318426907365,,,,,,,,,,,,,,,,,,,,-0.156266310795105,,,,-0.815584967201252,,1.03378378990703,,,,,,,,,,,,,,,114.8928,103,1080.90388349515,444.664077669903,864.155339805825,1165.90388349515,995.903883495146,495.626213592233,393.701941747573,918.95145631068,809.359223300971,0
448.4096,2.11981089857895,2.09874998841491,2.70321612494671,-1.20714973589978,-1.34068344423151,,,,1.95753661010662,,-0.773011598102752,,,,,,,,,,,,,,,,,,,,-0.122846251547876,,,,-0.79255952525616,,1.02542123973861,,,,,,,,,,,,,,,114.9952,102,1086.34509803922,452.091176470588,853.833333333333,1173.03921568627,999.650980392157,498.469607843137,405.712745098039,912.049019607843,795.617647058824,0
448.512,2.06862027283456,2.10047626552679,2.67273657559289,-1.1881548991999,-1.35043529269088,,,,1.94715952923647,,-0.773884346590074,,,,,,,,,,,,,,,,,,,,-0.088233509162371,,,,-0.76777851876949,,1.01543570208031,,,,,,,,,,,,,,,115.0976,102,1125.00833333333,357.71862745098,832.024509803922,1216.70294117647,1033.3137254902,410.103921568628,305.333333333333,892.647058823529,771.401960784314,0
448.6144,2.01317305308298,2.10037857162381,2.63841615083216,-1.16816787644523,-1.35668827376061,,,,1.93647493418126,,-0.773900681463324,,,,,,,,,,,,,,,,,,,,-0.0524372900441968,,,,-0.741254735518249,,1.00380278430043,,,,,,,,,,,,,,,115.2,103,1151.15,291.292233009709,822.529126213592,1247.49611650485,1054.80388349515,348.133980582524,234.450485436893,881.834951456311,763.223300970874,0
448.7168,1.95357038882129,2.09847463780215,2.60032911489402,-1.14722601631135,-1.35943891744358,,,,1.92551115113662,,-0.773027518231489,,,,,,,,,,,,,,,,,,,,-0.0154715600205018,,,,-0.713006019543037,,0.990500317769409,,,,,,,,,,,,,,,115.3024,102,1150.47352941176,293.91862745098,818.436274509804,1248.18725490196,1052.75980392157,344.03137254902,243.805882352941,877.21568627451,759.656862745098,0
448.8192,1.88992871017003,2.0947814314532,2.55855866534353,-1.12536903073794,-1.35870070191724,,,,1.91429270307921,,-0.771234886522151,,,,,,,,,,,,,,,,,,,,0.0226448727536021,,,,-0.68305543243095,,0.975508431583045,,,,,,,,,,,,,,,115.4048,103,1151.99126213592,291.622815533981,812.349514563107,1248.17669902913,1055.80582524272,344.984466019418,238.261165048544,868.776699029126,755.922330097087,0
448.9216,1.82237940456895,2.08931529870556,2.5131968279249,-1.1026388617074,-1.35450385321124,,,,1.90284044920078,,-0.768496108719879,,,,,,,,,,,,,,,,,,,,0.0618882486978462,,,,-0.651431378468164,,0.958809638577776,,,,,,,,,,,,,,,115.5072,102,1152.95343137255,291.497058823529,809.916666666667,1248.16078431373,1057.74607843137,340.58137254902,242.412745098039,865.127450980392,754.705882352941,0
449.024,1.75106838283976,2.08209219119484,2.4643443390501,-1.07907948460739,-1.34689494383658,,,,1.8911717216322,,-0.764787952188071,,,,,,,,,,,,,,,,,,,,0.102229721569574,,,,-0.618167688273828,,0.940388931497419,,,,,,,,,,,,,,,115.6096,102,1155.52156862745,316.499509803922,818.980392156863,1251.98725490196,1059.05588235294,357.523529411765,275.475490196078,872.921568627451,765.039215686275,0
449.1264,1.67615552989416,2.07312796781794,2.41211050681085,-1.05473666504765,-1.33593629788997,,,,1.87930046319261,,-0.760090771693748,,,,,,,,,,,,,,,,,,,,0.143635236371196,,,,-0.583303662682287,,0.920233896116711,,,,,,,,,,,,,,,115.712,103,1152.57038834951,318.367475728155,828.742718446602,1247.44174757282,1057.69902912621,360.12427184466,276.610679611651,884.417475728155,773.067961165049,0
449.2288,1.59781403872469,2.06243875930274,2.35661304159231,-1.02965769109825,-1.3217052227715,,,,1.86723738287267,,-0.754388652611067,,,,,,,,,,,,,,,,,,,,0.186065475627052,,,,-0.546884081538536,,0.898334836905941,,,,,,,,,,,,,,,115.8144,102,1151.92156862745,319.912254901961,828.985294117647,1248.05098039216,1055.79215686275,364.267647058824,275.556862745098,886.098039215686,771.872549019608,0
449.3312,1.51622964050161,2.05004139197068,2.29797786180494,-1.00389109303551,-1.30429308221431,,,,1.8549901469507,,-0.747669553767168,,,,,,,,,,,,,,,,,,,,0.229475904637994,,,,-0.50895917234994,,0.874684902806139,,,,,,,,,,,,,,,115.9168,103,1152.3213592233,322.154368932039,830.839805825243,1249.34563106796,1055.29708737864,365.349514563107,278.959223300971,887.932038834951,773.747572815534,0
449.4336,1.43159975131077,2.035953867239,2.23633888512857,-0.977486351409744,-1.28380423896877,,,,1.84256360045186,,-0.739925440757442,,,,,,,,,,,,,,,,,,,,0.273816899449423,,,,-0.46958453775532,,0.849280210735556,,,,,,,,,,,,,,,116.0192,102,1150.31274509804,320.767647058824,833.441176470588,1247.73431372549,1052.89117647059,367.094117647059,274.441176470588,892.970588235294,773.911764705882,0
449.536,1.34413254894131,2.02019587008824,2.17183779577393,-0.950493592777454,-1.26035493123531,,,,1.82995999157095,,-0.731152395711826,,,,,,,,,,,,,,,,,,,,0.319033912333601,,,,-0.428821056166667,,0.82211997349786,,,,,,,,,,,,,,,116.1216,102,1150.68970588235,312.444117647059,839.25,1248.86078431373,1052.51862745098,366.4,258.488235294118,902.990196078431,775.509803921569,0
449.6384,1.25404598581663,2.00278926696184,2.10462376527608,-0.922963282530905,-1.23407214996667,,,,1.81717918119873,,-0.721350696215488,,,,,,,,,,,,,,,,,,,,0.365067642775358,,,,-0.3867347694511,,0.793206636361167,,,,,,,,,,,,,,,116.224,103,1151.8017982466,308.071094643378,849.088970604722,1252.83009708738,1050.77349940582,364.168932038835,251.97325724792,913.087378640777,785.090562568668,0
449.7408,1.16156675525662,1.98375857658938,2.03485312647672,-0.89494593435254,-1.20509254108455,,,,1.8042188542917,,-0.710524873531456,,,,,,,,,,,,,,,,,,,,0.411854214440776,,,,-0.343396758505523,,0.762546021385322,,,,,,,,,,,,,,,116.3264,102,1140.51502395979,305.422770864111,857.809840270234,1245.72335046001,1035.30669745958,359.130068287113,251.715473441109,920.772105482731,794.847575057737,0.0980392156862745
449.8432,1.06692924893545,1.9631314242449,1.96268903106788,-0.866491852062732,-1.17356132206214,,,,1.79107476941088,,-0.69868376609835,,,,,,,,,,,,,,,,,,,,0.459325370338359,,,,-0.298883000834954,,0.730147476225084,,,,,,,,,,,,,,,116.4288,103,1118.44838091494,309.681622524692,863.99319443762,1226.72978723404,1010.16697459584,362.108510638298,257.254734411085,926.510638297872,801.475750577367,1
449.9456,0.970374542253144,1.94093899142665,1.88830112134064,-0.83765090336774,-1.1396312033387,,,,1.77774106683215,,-0.685840570166747,,,,,,,,,,,,,,,,,,,,0.50740868543527,,,,-0.253274205891226,,0.696024024055026,,,,,,,,,,,,,,,116.5312,102,1096.38033919192,313.937675182133,870.176823070895,1207.73342665174,985.027251732102,365.081354983203,262.793995381062,932.249720044793,808.103926096998,1
450.048,0.872149413672088,1.9172164596737,1.8118652190244,-0.808472309749559,-1.10346131727153,,,,1.7642106267832,,-0.672012874094257,,,,,,,,,,,,,,,,,,,,0.556027779420367,,,,-0.206655627383736,,0.660192512846894,,,,,,,,,,,,,,,116.6336,102,1074.41994645291,318.172966607098,876.330287662057,1188.829731243,960.010161662818,368.039697648376,268.30623556582,937.960806270997,814.699769053118,1
450.1504,0.772505374411909,1.89200344046091,1.73356301128142,-0.779004430834892,-1.06521615823154,,,,1.75047545460162,,-0.657222662405908,,,,,,,,,,,,,,,,,,,,0.605102504182113,,,,-0.15911685487859,,0.622673764235338,,,,,,,,,,,,,,,116.736,103,1057.23585981073,321.765865449701,882.257847584516,1169.83337066069,944.638348960766,371.012541993281,272.519188906121,943.699888017917,820.815807151114,1
450.2528,0.671697683647334,1.8653443942637,1.65358172055388,-0.749294523775377,-1.02506452452463,,,,1.73652707469205,,-0.641496288629445,,,,,,,,,,,,,,,,,,,,0.654549086639256,,,,-0.110751590447785,,0.583492722820058,,,,,,,,,,,,,,,116.8384,102,1045.34561347293,322.834861843792,895.951412593262,1150.83701007839,939.85421686747,373.985386338186,271.684337349398,949.438969764838,842.463855421687,1
450.3552,0.569984345523107,1.83728905220284,1.5721137648904,-0.719388469689646,-0.983178447682085,,,,1.72235692947473,,-0.624864427798057,,,,,,,,,,,,,,,,,,,,0.704280232899555,,,,-0.061657414309274,,0.542678605624534,,,,,,,,,,,,,,,116.9408,103,1033.2540596878,323.703814136726,910.799869129373,1131.84064949608,934.667469879518,376.958230683091,270.449397590361,955.178051511758,866.421686746988,1
450.4576,0.467625102753463,1.80789283050772,1.48935641139404,-0.689330483396634,-0.939732119255886,,,,1.70795678223305,,-0.607362018074948,,,,,,,,,,,,,,,,,,,,0.754205231516273,,,,-0.0119355298388998,,0.500265050312273,,,,,,,,,,,,,,,117.0432,102,1021.16250590267,324.57276642966,925.648325665484,1112.84428891377,929.480722891566,379.931075027996,269.214457831325,960.917133258679,890.379518072289,0.754901960784314
450.56,0.364880442193226,1.77721718904147,1.40551139992289,-0.659162848543275,-0.894900856499098,,,,1.69331910785677,,-0.589028191322448,,,,,,,,,,,,,,,,,,,,0.804230102658191,,,,0.0383095371219359,,0.456290262753293,,,,,,,,,,,,,,,117.1456,102,1011.10568707873,326.385852546607,940.030292886188,1095.72344597413,926.487928183322,382.056278681685,270.715426411529,967.27868168544,912.781904086936,0
450.6624,0.262010617577248,1.74532987890212,1.32078450374311,-0.628925726199101,-0.848860148722768,,,,1.67843744627664,,-0.569906186791217,,,,,,,,,,,,,,,,,,,,0.854257819643314,,,,0.0889703094470418,,0.410797168884315,,,,,,,,,,,,,,,117.248,103,1013.69223300971,326.408252427185,956.621359223301,1091.30194174757,936.082524271845,376.011650485437,276.804854368932,995.252427184466,917.990291262136,0
450.7648,0.159274686968952,1.71230505161788,1.23538500736662,-0.598657063946573,-0.801784802799267,,,,1.66330670446101,,-0.550043241416703,,,,,,,,,,,,,,,,,,,,0.904188606067234,,,,0.13993681004304,,0.363833575983414,,,,,,,,,,,,,,,117.3504,102,1019.8431372549,330.279411764706,981.083333333333,1098.35392156863,941.332352941177,385.010784313726,275.548039215686,1032.14705882353,930.019607843137,0
450.8672,0.0569295584197212,1.67822322883126,1.1495250968249,-0.568392601223561,-0.753848188210618,,,,1.64792340816586,,-0.529490449019412,,,,,,,,,,,,,,,,,,,,0.953920306640267,,,,0.191097090339979,,0.31545234071252,,,,,,,,,,,,,,,117.4528,103,1021.25776699029,327.707281553398,993.276699029126,1099.10485436893,943.410679611651,388.62427184466,266.790291262136,1046.35922330097,940.194174757282,0
450.9696,-0.044770967982912,1.64317114394618,1.06341916269422,-0.538165944641729,-0.705221574454584,,,,1.63228590856571,,-0.50830258009669,,,,,,,,,,,,,,,,,,,,1.00334883386803,,,,0.242337829562811,,0.265711530379376,,,,,,,,,,,,,,,117.5552,102,1019.91715686275,331.828431372549,1006.14705882353,1094.75392156863,945.080392156863,389.009803921569,274.647058823529,1060.67647058824,951.617647058823,0
451.072,-0.145577171406208,1.60724146918039,0.977283018788189,-0.508008678899925,-0.656073551080192,,,,1.61639454581779,,-0.486537858743065,,,,,,,,,,,,,,,,,,,,1.05236868665572,,,,0.293544997234747,,0.214674557247464,,,,,,,,,,,,,,,117.6576,102,1023.68738087414,327.397395662176,1019.45990798554,1100.71862745098,946.656134297294,388.663725490196,266.131065834155,1075.58823529412,963.331580676964,0
451.1744,-0.245244386367956,1.57053242561415,0.89133304019027,-0.477950487535103,-0.606569527747282,,,,1.60025177411663,,-0.464257700007857,,,,,,,,,,,,,,,,,,,,1.10087352521016,,,,0.344604572799102,,0.162410264047367,,,,,,,,,,,,,,,117.76,103,1018.75973155065,334.673651999247,1044.12258071266,1095.25056179775,942.268901303538,390.067415730337,279.279888268156,1099.55056179775,988.69459962756,0.058252427184466
451.2768,-0.343533964800544,1.53314724818776,0.805785213640159,-0.448019283983945,-0.556871321956741,,,,1.58386226128596,,-0.441526412003021,,,,,,,,,,,,,,,,,,,,1.14875679317689,,,,0.395403322878743,,0.108992939853927,,,,,,,,,,,,,,,117.8624,102,1008.07661634549,351.758486598456,1069.27629046095,1080.27865168539,935.874581005587,407.688202247191,295.828770949721,1118.74531835206,1019.80726256983,1
451.3792,-0.440214217170686,1.49519348462774,0.720854090586828,-0.418241373847774,-0.507136831180425,,,,1.56723297761914,,-0.418410865150387,,,,,,,,,,,,,,,,,,,,1.19591239830082,,,,0.445829633847672,,0.0545022497886489,,,,,,,,,,,,,,,117.9648,103,997.393501140334,368.843321197665,1094.43000020924,1065.30674157303,929.480260707635,425.308988764045,312.377653631285,1137.94007490637,1050.9199255121,1
451.4816,-0.535061317034794,1.45678216515751,0.636751677031192,-0.388641659628366,-0.457519755679521,,,,1.55037328506427,,-0.394980135027828,,,,,,,,,,,,,,,,,,,,1.24223546143241,,,,0.495774367473772,,-0.0009769368635809,,,,,,,,,,,,,,,118.0672,102,986.710385935179,385.928155796874,1119.58370995753,1050.33483146067,923.085940409683,442.929775280899,328.926536312849,1157.13483146067,1082.03258845438,1
451.584,-0.627860109911546,1.41802693506568,0.553686357819077,-0.359243877162265,-0.408169324971408,,,,1.53329504063534,,-0.371305134324783,,,,,,,,,,,,,,,,,,,,1.28762311586806,,,,0.545131666032168,,-0.0573548385475382,,,,,,,,,,,,,,,118.1696,102,976.079383487122,402.929649739502,1144.61471868265,1035.43595505618,916.722811918063,460.464606741573,345.39469273743,1176.23595505618,1112.99348230912,0.235294117647059
451.6864,-0.718404759686313,1.37904323402967,0.471861952353838,-0.330070847609833,-0.359230000072514,,,,1.51601272493402,,-0.347458250972426,,,,,,,,,,,,,,,,,,,,1.33197532048459,,,,0.593799627661657,,-0.114537179030357,,,,,,,,,,,,,,,118.272,103,970.744008110218,412.766559275955,1161.86167186607,1026.71995200175,914.768064218691,476.759288753136,348.773829798774,1192.50118177521,1131.22216195693,0
451.7888,-0.8064992327459,1.33994754410113,0.391476916151865,-0.30114473274065,-0.31084115385571,,,,1.49854358116018,,-0.32351299529716,,,,,,,,,,,,,,,,,,,,1.37519565726891,,,,0.64168082000637,,-0.17242570711991,,,,,,,,,,,,,,,118.3744,102,971.804411764706,413.025980392157,1173.13725490196,1027.02549019608,916.583333333333,479.339215686275,346.712745098039,1218.02941176471,1128.24509803922,0
451.8912,-0.891957690994564,1.30085667194532,0.312723621436603,-0.272487279500562,-0.263136754275268,,,,1.48090772095147,,-0.299543641736425,,,,,,,,,,,,,,,,,,,,1.41719209542093,,,,0.688682655548065,,-0.230918777429463,,,,,,,,,,,,,,,118.4768,103,976.544174757282,415.338834951456,1182.31553398058,1033.25048543689,919.83786407767,478.745631067961,351.932038834952,1230.58252427184,1134.04854368932,0
451.9936,-0.974604860243735,1.26188702563026,0.235787649327727,-0.244120044453347,-0.216245085197504,,,,1.4631281559914,,-0.275624854132163,,,,,,,,,,,,,,,,,,,,1.45787770409241,,,,0.734717672266078,,-0.289911952653444,,,,,,,,,,,,,,,118.5792,102,981.453063522676,414.813804614885,1189.71269983134,1042.59815202793,920.307975017418,474.693934998657,354.933674231114,1240.77246843943,1138.65293122325,0
452.096,-1.05427637961994,1.22315388186462,0.160847087415452,-0.216064604720841,-0.170288535020659,,,,1.44523075024288,,-0.251831305860147,,,,,,,,,,,,,,,,,,,,1.4971712982565,,,,0.779703755080921,,-0.349298596379042,,,,,,,,,,,,,,,118.6816,102,1000.49323673597,391.737321813504,1199.95792191085,1085.14726027397,915.83921319797,457.377054794521,326.097588832487,1252.53767123288,1147.37817258883,0.127450980392157
452.1984,-1.13081910216049,1.18477066780641,0.0880718671661723,-0.188342766239148,-0.125383461917126,,,,1.42724411833015,,-0.228237315396573,,,,,,,,,,,,,,,,,,,,1.53499801726797,,,,0.823564318763889,,-0.408970438662545,,,,,,,,,,,,,,,118.784,103,1026.60372366317,345.272270704402,1207.58109658577,1148.52876712329,904.678680203046,416.503424657534,274.041116751269,1259.97945205479,1155.18274111675,1
452.3008,-1.20409133557624,1.14684828473561,0.0176231660912925,-0.160976762751114,-0.0816401104902339,,,,1.40919949239685,,-0.204916502691742,,,,,,,,,,,,,,,,,,,,1.57128984201569,,,,0.866228460062627,,-0.468818110952877,,,,,,,,,,,,,,,118.8864,102,1052.71421059036,298.807219595299,1215.20427126069,1211.9102739726,893.518147208122,375.629794520548,221.984644670051,1267.42123287671,1162.98730964467,1
452.4032,-1.2739630377887,1.10949449587404,-0.0503471195490187,-0.133989423705559,-0.0391625314925185,,,,1.39113055931266,,-0.181941456631402,,,,,,,,,,,,,,,,,,,,1.60598604402746,,,,0.907631079051986,,-0.528731656286249,,,,,,,,,,,,,,,118.9888,103,1078.97929684731,252.866880181037,1222.26791215216,1275.29178082192,882.666812872702,334.756164383562,170.977595978513,1274.86301369863,1169.67281060569,1
452.5056,-1.34031598326944,1.07281338647082,-0.115696836018779,-0.107404292116941,0.00195153201295697,,,,1.37307325911302,,-0.159383404724446,,,,,,,,,,,,,,,,,,,,1.63903355507093,,,,0.94771296897638,,-0.588601027095347,,,,,,,,,,,,,,,119.0912,102,1109.97095756111,222.210874966425,1222.13769137792,1338.67328767123,881.26862745098,293.882534246575,150.539215686275,1282.30479452055,1161.97058823529,1
452.608,-1.40304391238267,1.03690487937051,-0.178293986037357,-0.0812456812822206,0.041610794736293,,,,1.35506553312996,,-0.1373118808907,,,,,,,,,,,,,,,,,,,,1.67038725554233,,,,0.986420877530539,,-0.648316586376837,,,,,,,,,,,,,,,119.1936,102,1159.11790625839,193.643849717969,1228.2619997314,1401.74561643836,916.490196078431,253.208287671233,134.079411764706,1289.7102739726,1166.8137254902,1
452.7104,-1.46205267657703,1.00186427443278,-0.238017124308734,-0.0555386572456462,0.0797305904127442,,,,1.33714700602656,,-0.115794385022801,,,,,,,,,,,,,,,,,,,,1.70001017168518,,,,1.02370754359845,,-0.707769621503409,,,,,,,,,,,,,,,119.296,103,1367.70239659529,150.869755951589,1213.57602739726,1465.12712328767,1270.27766990291,212.334657534247,89.404854368932,1297.15205479452,1130,0.0388349514563107
452.8128,-1.51726039488683,0.967781781149318,-0.294755764554808,-0.0303089259007052,0.116233007360192,,,,1.3193585809375,,-0.0948960242209127,,,,,,,,,,,,,,,,,,,,1.72787354185229,,,,1.0595317066137,,-0.766852862105338,,,,,,,,,,,,,,,119.3984,102,1411.64696884233,139.09264101531,1224.0976833199,1502.65178082192,1320.64215686275,188.561752618856,89.6235294117647,1310.05811173785,1138.13725490196,0
452.9152,-1.56859764496795,0.934742020102957,-0.348410828573462,-0.00558260891615799,0.151046968719429,,,,1.30174192991067,,-0.0746791298230007,,,,,,,,,,,,,,,,,,,,1.75395670307806,,,,1.0938580770031,,-0.82546097364826,,,,,,,,,,,,,,,119.5008,103,1771.77038834951,162.468932038835,1210.24757281553,1862.4932038835,1681.04757281553,201.084466019418,123.853398058252,1297.02912621359,1123.46601941748,0
453.0176,-1.61600770720479,0.902823483237248,-0.398895155434333,0.0186140784195114,0.184108250833201,,,,1.28433888377137,,-0.0552028562354267,,,,,,,,,,,,,,,,,,,,1.77824678332519,,,,1.12665725764119,,-0.883490994169457,,,,,,,,,,,,,,,119.6032,102,1984.75931372549,183.510294117647,1192.51960784314,2066.62745098039,1902.89117647059,224.288235294118,142.732352941176,1289.27450980392,1095.76470588235,0
453.12,-1.65944684951662,0.872097967730071,-0.446134053346052,0.0422552053025879,0.215359452185268,,,,1.26719076126079,,-0.0365227767454359,,,,,,,,,,,,,,,,,,,,1.80073823693881,,,,1.15790561842513,,-0.940842702264368,,,,,,,,,,,,,,,119.7056,102,1357.99362745098,470.245098039216,1262.37254901961,1423.67352941176,1292.3137254902,523.994117647059,416.496078431373,1349.40196078431,1175.3431372549,0
453.2224,-1.69888460901303,0.842630022194604,-0.49006584139126,0.0653155147894942,0.244749927684298,,,,1.25033769662243,,-0.0186904939909743,,,,,,,,,,,,,,,,,,,,1.8214322934111,,,,1.1875851363167,,-0.997418930154307,,,,,,,,,,,,,,,119.808,103,1169.18203883495,564.239805825243,1298.83009708738,1238.07961165049,1100.28446601942,626.612621359223,501.866990291262,1377.96116504854,1219.69902912621,0
453.3248,-1.73430401732397,0.814476452514697,-0.530642316865906,0.0877707956268868,0.272235697007431,,,,1.2338180097549,,-0.00175328319513719,,,,,,,,,,,,,,,,,,,,1.84033638423417,,,,1.21568321158573,,-1.05312583932937,,,,,,,,,,,,,,,119.9104,102,1001.4568627451,581.301960784314,1307.60784313725,1066.89607843137,936.017647058824,655.330392156863,507.273529411765,1390.79411764706,1224.42156862745,0
453.4272,-1.76570172420315,0.787685918718764,-0.56782909932104,0.109598223785934,0.297779326071286,,,,1.21766763633162,,0.0142462170806383,,,,,,,,,,,,,,,,,,,,1.85746358458613,,,,1.24219246161717,,-1.10787316275577,,,,,,,,,,,,,,,120.0128,103,920.147087378641,588.182524271845,1308.18932038835,980.560194174757,859.733980582524,661.087378640777,515.277669902913,1388.4854368932,1227.8932038835,0
453.5296,-1.79308799369199,0.762298628166014,-0.601605831919638,0.130776669049374,0.321349770172396,,,,1.20191962840719,,0.0292702598551872,,,,,,,,,,,,,,,,,,,,1.87283209006978,,,,1.26711048978844,,-1.1615744107886,,,,,,,,,,,,,,,120.1152,102,918.605882352941,584.536764705882,1296.22058823529,979.530392156863,857.68137254902,660.056862745098,509.016666666667,1378.44117647059,1214,0
453.632,-1.81648657215703,0.73834612378058,-0.631966240523739,0.151286957392018,0.34292217329623,,,,1.18660374789979,,0.0432861866042709,,,,,,,,,,,,,,,,,,,,1.88646474960904,,,,1.29043963417021,,-1.21414704358339,,,,,,,,,,,,,,,120.2176,102,923.994117647059,584.34068627451,1291.12745098039,984.588235294118,863.4,660.344117647059,508.337254901961,1371.78431372549,1210.47058823529,0
453.7344,-1.83593443719257,0.715851179459356,-0.658918048015376,0.171112072053999,0.362477643840923,,,,1.17174618068394,,0.0562665580037696,,,,,,,,,,,,,,,,,,,,1.89838866685719,,,,1.31218670980605,,-1.26551262077254,,,,,,,,,,,,,,,120.32,103,1159.45776699029,544.966019417476,1271.56796116505,1222.96116504854,1095.95436893204,610.903883495146,479.028155339806,1334.10679611651,1209.02912621359,0
453.8368,-1.85148142357473,0.694827822753463,-0.682482728148522,0.19023728098969,0.380003044254944,,,,1.15736938449853,,0.0681892081911152,,,,,,,,,,,,,,,,,,,,1.9086348635933,,,,1.33236276036433,,-1.31559694267485,,,,,,,,,,,,,,,120.4224,102,1174.54656862745,550.176960784314,1288.5637254902,1233.71078431373,1115.38235294118,611.696078431373,488.657843137255,1357.24509803922,1219.88235294118,0
453.9392,-1.86318971280902,0.675281495878393,-0.702695083277128,0.20865019402868,0.39549082229072,,,,1.14349205930684,,0.0790372193024229,,,,,,,,,,,,,,,,,,,,1.91723799366053,,,,1.35098283075232,,-1.36433019379434,,,,,,,,,,,,,,,120.5248,103,1239.0145631068,562.821359223301,1295.65533980583,1296.22233009709,1181.8067961165,613.743689320388,511.899029126214,1368.68932038835,1222.6213592233,0
454.0416,-1.8711331862747,0.657209347673585,-0.719602650861129,0.226340766659031,0.408938890893519,,,,1.1301292118452,,0.0887988256057715,,,,,,,,,,,,,,,,,,,,1.92423609505305,,,,1.36806576408921,,-1.4116470887421,,,,,,,,,,,,,,,120.6272,102,1345.91764705882,570.297549019608,1291.33333333333,1400.68235294118,1291.15294117647,622.272549019608,518.322549019608,1371.45098039216,1211.21568627451,0
454.144,-1.87539666543562,0.640600629287979,-0.733264971326728,0.243301271243318,0.420350550115731,,,,1.11729228177877,,0.0974672648669372,,,,,,,,,,,,,,,,,,,,1.92967035164034,,,,1.38363401658802,,-1.45748700882581,,,,,,,,,,,,,,,120.7296,102,1344.20735294118,570.716666666667,1314.71568627451,1395.32843137255,1293.0862745098,625.037254901961,516.396078431373,1400.3431372549,1229.08823529412,0
454.2464,-1.87607507964802,0.625437144107185,-0.743752775178795,0.259526253169943,0.429734432292015,,,,1.10498929545293,,0.105040597277745,,,,,,,,,,,,,,,,,,,,1.93358482402794,,,,1.39771347660639,,-1.50179410855605,,,,,,,,,,,,,,,120.832,103,1309.83678301906,555.415803205755,1332.95718384233,1360.06504854369,1259.60851749444,604.821359223301,506.010247188208,1420.33009708738,1245.58427059728,0
454.3488,-1.87327260767297,0.611693688806568,-0.751147159760439,0.275012482021997,0.437104439502132,,,,1.09322501632458,,0.111521510650721,,,,,,,,,,,,,,,,,,,,1.9360261247583,,,,1.41033327616145,,-1.54451736921214,,,,,,,,,,,,,,,120.9344,102,1284.17437206092,543.2930349514,1349.03538793194,1329.42090686275,1238.9278372591,590.130502450981,496.45556745182,1430.09325980392,1267.97751605996,0.0686274509803922
454.4512,-1.86710182777812,0.599338441119673,-0.755538806700455,0.28975889269996,0.442479643973321,,,,1.08200108096323,,0.116917119167758,,,,,,,,,,,,,,,,,,,,1.93704304897349,,,,1.42152559702747,,-1.58561059259285,,,,,,,,,,,,,,,121.0368,103,1306.56795021413,544.762565042827,1365.07956905782,1348.3965,1264.73940042827,594.05725,495.467880085653,1440.4525,1289.70663811563,1
454.5536,-1.85768288662337,0.588333294923521,-0.757027245947566,0.303766494878631,0.445884137526431,,,,1.07131613660389,,0.121238747875276,,,,,,,,,,,,,,,,,,,,1.93668620128453,,,,1.43132548336335,,-1.6250323551553,,,,,,,,,,,,,,,121.1392,102,1329.03185679872,546.434033859743,1381.19725508565,1367.51275,1290.55096359743,598.387875,494.480192719486,1450.95875,1311.43576017131,1
454.656,-1.84514267501332,0.578634180600941,-0.755720133823329,0.317038229390399,0.447346835594244,,,,1.06116600727084,,0.124501693373454,,,,,,,,,,,,,,,,,,,,1.93500766120168,,,,1.4397706653115,,-1.66274595187657,,,,,,,,,,,,,,,121.2416,102,1351.38618335118,548.097349170236,1397.23631825482,1386.53575,1316.23661670236,602.697375,493.497323340471,1461.41375,1333.05888650964,0.529411764705882
454.7584,-1.82961399056715,0.570191418166067,-0.751732501237285,0.329578770768743,0.446901261132442,,,,1.05154390471551,,0.12672496269731,,,,,,,,,,,,,,,,,,,,1.93206070532343,,,,1.44690138809435,,-1.69871934595701,,,,,,,,,,,,,,,121.344,103,1385.10666438328,554.824392585393,1406.32650875242,1431.74933009709,1338.46399866947,616.508218446602,493.140566724185,1464.45033980583,1348.20267769901,0
454.8608,-1.81123467754484,0.562950131718048,-0.745185947067059,0.341394299627648,0.444585342263882,,,,1.04244067640028,,0.127931001963023,,,,,,,,,,,,,,,,,,,,1.9278995712824,,,,1.45276024050937,,-1.73292512276134,,,,,,,,,,,,,,,121.4464,102,1398.48431372549,556.740196078431,1398.3431372549,1453.33725490196,1343.63137254902,624.535294117647,488.945098039216,1471.83333333333,1324.85294117647,0
454.9632,-1.79014676061091,0.556850721010327,-0.736207789867626,0.352492278148564,0.440441245144205,,,,1.03384505851024,,0.128145425987249,,,,,,,,,,,,,,,,,,,,1.92257922130324,,,,1.45739197537979,,-1.76534042932632,,,,,,,,,,,,,,,121.5488,103,1402.97281553398,556.052912621359,1384.27184466019,1458.76213592233,1347.18349514563,632.473786407767,479.632038834952,1457.12621359223,1311.41747572816,0
455.0656,-1.7664956048909,0.55182936901785,-0.724930211921482,0.362881252272803,0.434515244569505,,,,1.02574390004376,,0.127396753155706,,,,,,,,,,,,,,,,,,,,1.91615506316923,,,,1.46084331419589,,-1.79594687876925,,,,,,,,,,,,,,,121.6512,102,1325.45784313726,554.113725490196,1377.04411764706,1382.77450980392,1268.14117647059,625.907843137255,482.319607843137,1453.50980392157,1300.57843137255,0
455.168,-1.74042911455031,0.547818568877434,-0.711489414224351,0.372570685474169,0.426857620212039,,,,1.01812235104131,,0.125716142502675,,,,,,,,,,,,,,,,,,,,1.90868262309715,,,,1.46316273862014,,-1.82473042699497,,,,,,,,,,,,,,,121.7536,102,911.326960784314,551.714215686275,1431.3137254902,958.991176470588,863.662745098039,653.288235294118,450.140196078431,1530.66666666667,1331.96078431373,0
455.2704,-1.71209695608988,0.544747653453462,-0.696024784997315,0.381570811506729,0.417522550616859,,,,1.01096403326944,,0.123137127041856,,,,,,,,,,,,,,,,,,,,1.90021720751269,,,,1.46440028303701,,-1.85168125404863,,,,,,,,,,,,,,,121.856,103,899.045494749313,548.200599750653,1414.38668997548,938.421069145157,859.669920353468,645.664992304049,450.736207197256,1489.54339332228,1339.22998662868,0
455.3728,-1.68164979141331,0.542543311339752,-0.678678083243131,0.389892483874016,0.406567975230658,,,,1.00425121736564,,0.119695341981201,,,,,,,,,,,,,,,,,,,,1.89081360058901,,,,1.46460734546821,,-1.87679367327773,,,,,,,,,,,,,,,121.9584,102,776.818493196534,514.83737905287,1240.76317791247,697.103353658537,856.533632734531,573.603201219512,456.071556886228,1141.41158536585,1340.11477045908,0.57843137254902
455.4752,-1.64923851517147,0.541130093082979,-0.65959263143736,0.397547003762335,0.394055421653892,,,,0.997965031276088,,0.115428254937007,,,,,,,,,,,,,,,,,,,,1.88052582176766,,,,1.46383652883087,,-1.900066069932,,,,,,,,,,,,,,,122.0608,103,621.834523635656,474.850945669636,1021.76929068692,391.165853658537,852.503193612774,486.571951219512,463.129940119761,699.536585365854,1344.00199600798,1
455.5776,-1.61501350629633,0.540430920320998,-0.638912515050577,0.404545924478735,0.380049818096249,,,,0.992085711365779,,0.110374908313462,,,,,,,,,,,,,,,,,,,,1.86940693133447,,,,1.46214150367723,,-1.92150085151976,,,,,,,,,,,,,,,122.1632,102,514.610910961434,464.334447425093,804.227848463761,180.749067431851,848.472754491018,458.480571496892,470.188323353293,260.566475370636,1347.88922155689,1
455.68,-1.57912392379211,0.540367591280029,-0.6167818118306,0.410900851496737,0.364619303146856,,,,0.986592866425375,,0.104575681678233,,,,,,,,,,,,,,,,,,,,1.85750883846736,,,,1.45957685976544,,-1.941104373175,,,,,,,,,,,,,,,122.2656,102,560.090791945521,571.648784783375,1326.79050722085,275.719607843137,844.461976047904,666.085294117647,477.212275449102,1301.82352941176,1351.75748502994,0.352941176470588
455.7824,-1.54171707530376,0.540861264926657,-0.593343880220259,0.416623272386038,0.347835032459855,,,,0.981465697032782,,0.0980720819621868,,,,,,,,,,,,,,,,,,,,1.84488206173711,,,,1.45619792405642,,-1.95888680697153,,,,,,,,,,,,,,,122.368,103,893.019399065946,489.249645369455,1343.38560742593,906.52718446602,879.511613665872,502.644660194175,475.854630544736,1331.05825242718,1355.71296242467,0
455.8848,-1.50293786426918,0.541832913086749,-0.568740717594792,0.421724448792694,0.329770985785752,,,,0.976683134398288,,0.0909065692825677,,,,,,,,,,,,,,,,,,,,1.83157542862532,,,,1.45206055956972,,-1.97486195971267,,,,,,,,,,,,,,,122.4704,102,1059.76568627451,537.566176470588,1396.57352941176,1118.96666666667,1000.56470588235,610.26862745098,464.863725490196,1445.91176470588,1347.23529411765,0
455.9872,-1.46292830293091,0.543203736355984,-0.543112383230253,0.426215382754266,0.310503787889403,,,,0.972223908837613,,0.0831224184740717,,,,,,,,,,,,,,,,,,,,1.81763574598284,,,,1.44722096897574,,-1.98904707012828,,,,,,,,,,,,,,,122.5728,103,1064.26553398058,533.783009708738,1409.30097087379,1126.13495145631,1002.39611650485,604.904854368932,462.661165048544,1473.74757281553,1344.85436893204,0
456.0896,-1.42182706734544,0.54489554774546,-0.516596468642366,0.430106841522975,0.290112557854879,,,,0.968066590051747,,0.0747636036791126,,,,,,,,,,,,,,,,,,,,1.80310749430559,,,,1.44173550601906,,-2.00146261602946,,,,,,,,,,,,,,,122.6752,102,1065.62058823529,536.272549019608,1404.98529411765,1128.7431372549,1002.49803921569,611.407843137255,461.137254901961,1467.95098039216,1342.01960784314,0
456.192,-1.37976906858032,0.546831133209275,-0.489327593276849,0.43340940174622,0.268678779255472,,,,0.96418963957871,,0.0658746859782738,,,,,,,,,,,,,,,,,,,,1.78803259011195,,,,1.43566049391589,,-2.01213214742944,,,,,,,,,,,,,,,122.7776,102,1199.65784313726,541.520588235294,1406.62254901961,1258.63039215686,1140.68529411765,618.721568627451,464.319607843137,1477.78431372549,1335.46078431373,0
456.2944,-1.33688503159849,0.548934590132082,-0.461436919583695,0.436133470737222,0.246286152566298,,,,0.960571483094883,,0.0565006880092583,,,,,,,,,,,,,,,,,,,,1.77245022815993,,,,1.42905206133451,,-2.02108213492538,,,,,,,,,,,,,,,122.88,103,1470.75679611651,568.324757281553,1369.10679611651,1532.09902912621,1409.4145631068,659.314563106796,477.334951456311,1441.98058252427,1296.23300970874,0
456.3968,-1.29330110141439,0.551131638047948,-0.433051703378705,0.438289263353189,0.223020390755031,,,,0.957190579570191,,0.0466869503499199,,,,,,,,,,,,,,,,,,,,1.75639677658183,,,,1.42196600116877,,-2.02834179416542,,,,,,,,,,,,,,,122.9824,102,1473.80588235294,570.817647058824,1364.21568627451,1535.76960784314,1411.84215686275,661.777450980392,479.857843137255,1444.32352941176,1284.10784313725,0
456.4992,-1.24913851305216,0.553349899532838,-0.404294903427266,0.43988674421999,0.198968952743525,,,,0.954025460402735,,0.0364789731593162,,,,,,,,,,,,,,,,,,,,1.73990567596396,,,,1.41445764313456,,-2.03394284723009,,,,,,,,,,,,,,,123.0848,103,1301.35679611651,548.396601941748,1373.11165048544,1351.5640776699,1251.14951456311,614.658252427185,482.134951456311,1463.45631067961,1282.76699029126,0
456.6016,-1.20451334936363,0.555519152832651,-0.375284864076052,0.440935566553467,0.174220744915854,,,,0.951054726092357,,0.0259222509453028,,,,,,,,,,,,,,,,,,,,1.72300730014309,,,,1.40658172909244,,-2.03791921690869,,,,,,,,,,,,,,,123.1872,102,1209.32941176471,536.151960784314,1382.87745098039,1254.82254901961,1163.8362745098,592.741176470588,479.562745098039,1464.47058823529,1301.28431372549,0
456.704,-1.15953637665803,0.557571555265767,-0.346135065363242,0.441445033352432,0.148865832998138,,,,0.948257004571869,,0.0150621114570375,,,,,,,,,,,,,,,,,,,,1.7057287765216,,,,1.39839229098555,,-2.04030669168996,,,,,,,,,,,,,,,123.2896,102,1185.57450980392,538.364705882353,1398.74509803922,1232.09019607843,1139.05882352941,596.050980392157,480.678431372549,1483.24509803922,1314.24509803922,0
456.8064,-1.11431293346119,0.559441829441917,-0.316953930642574,0.441424079939909,0.122995180501059,,,,0.945610884318242,,0.00394356873238011,,,,,,,,,,,,,,,,,,,,1.68809381270283,,,,1.38994254604666,,-2.04114261351289,,,,,,,,,,,,,,,123.392,103,838.303883495146,554.771359223301,1427.98058252427,863.488349514563,813.119417475728,641.315533980583,468.227184466019,1520.97087378641,1334.99029126214,0
456.9088,-1.06894287273244,0.561067398887542,-0.287844700828333,0.440881257712523,0.096700379418877,,,,0.943094833090494,,-0.00738880910836745,,,,,,,,,,,,,,,,,,,,1.6701225849226,,,,1.38128482228267,,-2.04046561138685,,,,,,,,,,,,,,,123.4944,102,815.004901960784,537.291666666667,1428.29901960784,828.257843137255,801.751960784314,605.150980392157,469.432352941177,1497.00980392157,1359.58823529412,0
457.0112,-1.02352058806785,0.562388459509909,-0.25890540313108,0.439824701778741,0.0700733156679304,,,,0.940687102984134,,-0.0188910258470393,,,,,,,,,,,,,,,,,,,,1.6518317082929,,,,1.37247050243308,,-2.03831535850091,,,,,,,,,,,,,,,123.5968,103,899.031067961165,551.625242718447,1449.60679611651,927.606796116505,870.455339805825,630.08640776699,473.164077669903,1530.04854368932,1369.16504854369,0
457.1136,-0.978135148206955,0.563347977379518,-0.230228935629081,0.438262077716486,0.0432057434205575,,,,0.938365615616128,,-0.0305197818322935,,,,,,,,,,,,,,,,,,,,1.63323427670891,,,,1.3635499567274,,-2.03473232000497,,,,,,,,,,,,,,,123.6992,102,1210.00196078431,533.96568627451,1405.57843137255,1247.66274509804,1172.34117647059,587.069607843137,480.861764705882,1451.83333333333,1359.32352941176,0
457.216,-0.932870525619064,0.563891616872244,-0.201903256204185,0.436200515145738,0.0161887961106526,,,,0.936107829080603,,-0.0422325902749884,,,,,,,,,,,,,,,,,,,,1.614339951171,,,,1.35457244512774,,-2.02975748907225,,,,,,,,,,,,,,,123.8016,102,1213.85882352941,544.355882352941,1435.75980392157,1252.68235294118,1175.03529411765,602.326470588235,486.385294117647,1513.22549019608,1358.29411764706,0
457.3184,-0.887805875047535,0.563967623777534,-0.17401163224487,0.433646547505286,-0.0108875101911084,,,,0.933890603929545,,-0.0539878725425136,,,,,,,,,,,,,,,,,,,,1.59515507566483,,,,1.34558598680893,,-2.02343213682835,,,,,,,,,,,,,,,123.904,103,1211.82766990291,541.264563106796,1433.99029126214,1250.65048543689,1173.00485436893,600.068932038835,482.460194174757,1510.40776699029,1357.57281553398,0
457.4208,-0.843015819382277,0.563526695897091,-0.146632903183201,0.430606081652753,-0.0379347373479822,,,,0.93169009017021,,-0.0657450266953,,,,,,,,,,,,,,,,,,,,1.57568280831452,,,,1.33663720062846,,-2.01579760719451,,,,,,,,,,,,,,,124.0064,102,1206.62794117647,545.402450980392,1438.49019607843,1249.81960784314,1163.4362745098,601.779411764706,489.025490196078,1511.90196078431,1365.07843137255,0
457.5232,-0.798570718728697,0.562521863756221,-0.1198417259355,0.427084411463934,-0.0648664404357306,,,,0.929481646453355,,-0.0774644773478415,,,,,,,,,,,,,,,,,,,,1.55592326809928,,,,1.32777112899066,,-2.0068951770793,,,,,,,,,,,,,,,124.1088,103,691.083980582524,538.749029126214,1439.8640776699,709.638834951456,672.529126213592,607.449514563107,470.04854368932,1496.1359223301,1383.59223300971,0
457.6256,-0.754536918791861,0.560908389068978,-0.0937087957752191,0.423086271868606,-0.0915985558208499,,,,0.927239787010709,,-0.0891077255090475,,,,,,,,,,,,,,,,,,,,1.53587370032483,,,,1.31903107152666,,-1.99676597545305,,,,,,,,,,,,,,,124.2112,102,621.102450980392,543.719607843137,1444.39705882353,635.78137254902,606.423529411765,611.104901960784,476.33431372549,1480.47058823529,1408.32352941176,0
457.728,-0.710976993314878,0.558643673435359,-0.0683010567383065,0.418615914172438,-0.118049777338682,,,,0.924938142743011,,-0.100637415093815,,,,,,,,,,,,,,,,,,,,1.51552866103479,,,,1.31045845152377,,-1.98545092752548,,,,,,,,,,,,,,,124.3136,102,572.487254901961,543.008823529412,1444.35294117647,587.195098039216,557.779411764706,609.623529411765,476.394117647059,1489.70588235294,1399,0
457.8304,-0.6679500030199,0.555687161177641,-0.0436819261156829,0.413677179654447,-0.144141912027947,,,,0.922549425402663,,-0.112017418360748,,,,,,,,,,,,,,,,,,,,1.49488021843097,,,,1.30209271439488,,-1.97299069150475,,,,,,,,,,,,,,,124.416,103,424.606310679612,539.828640776699,1455.09223300971,435.211650485437,414.000970873786,607.545631067961,472.111650485437,1530.25242718447,1379.93203883495,0
457.9328,-0.62551177666155,0.552000232107527,-0.0199115392928405,0.408273559902939,-0.169800194253926,,,,0.920045400127663,,-0.123212928740461,,,,,,,,,,,,,,,,,,,,1.47391816819543,,,,1.29397124233666,,-1.95942558626962,,,,,,,,,,,,,,,124.5184,102,427.498529411765,526.088235294118,1428.47549019608,436.098039215686,418.899019607843,590.819607843137,461.356862745098,1501.33333333333,1355.61764705882,0
458.0352,-0.583715190279378,0.547546102562537,0.00295301201409123,0.402408250306533,-0.194953546216996,,,,0.917396889917619,,-0.134190547895494,,,,,,,,,,,,,,,,,,,,1.45263026249388,,,,1.28612927631511,,-1.94479553997133,,,,,,,,,,,,,,,124.6208,103,450.373786407767,528.696116504854,1410.79611650485,459.277669902913,441.469902912621,599.844660194175,457.547572815534,1482.79611650485,1338.79611650485,0
458.1376,-0.542610421870738,0.542289755852125,0.0248574762357746,0.396084214868366,-0.219534788809295,,,,0.914573824785485,,-0.144918360867398,,,,,,,,,,,,,,,,,,,,1.4310024433597,,,,1.27859984587803,,-1.92914008400801,,,,,,,,,,,,,,,124.7232,102,772.537632247144,530.521234776884,1425.96195984389,781.628431372549,763.446833121738,608.240196078431,452.802273475337,1546.09803921569,1305.82588047209,0
458.24,-0.502245195734147,0.536197902365283,0.0457502645044206,0.389304281583121,-0.243480815351759,,,,0.91154530837062,,-0.155365997276374,,,,,,,,,,,,,,,,,,,,1.40901904133236,,,,1.2714137003376,,-1.91249837124435,,,,,,,,,,,,,,,124.8256,102,849.160037839153,520.420674229847,1419.8092688099,846.852090066796,851.467985611511,580.608974358974,460.232374100719,1544.51422107304,1295.10431654676,0.176470588235294
458.3424,-0.46266504477735,0.529238954751074,0.0655822721182469,0.382071276345939,-0.266732735644825,,,,0.908279662319771,,-0.165504672385575,,,,,,,,,,,,,,,,,,,,1.38666290074787,,,,1.26459922444819,,-1.89490917319992,,,,,,,,,,,,,,,124.928,103,975.287534587714,526.480510975835,1405.73641855746,992.403846153846,958.171223021583,585.846153846154,467.114868105516,1513.17307692308,1298.29976019185,1
458.4448,-0.423913587898803,0.521383009546067,0.0843066949743353,0.374388180762575,-0.289235987163169,,,,0.904744447620282,,-0.175307197784386,,,,,,,,,,,,,,,,,,,,1.36391545219512,,,,1.25818233201574,,-1.8764108446256,,,,,,,,,,,,,,,125.0304,102,1101.99423571033,533.075604132079,1391.70570631407,1139.11401098901,1064.87446043165,592.153846153846,473.997362110312,1481.91620879121,1301.49520383693,0.931372549019608
458.5472,-0.386032795959283,0.512601837784034,0.101878859014886,0.36625828186574,-0.310940410422823,,,,0.90090649583266,,-0.184747960144135,,,,,,,,,,,,,,,,,,,,1.34075679840788,,,,1.2521863540436,,-1.85704128103483,,,,,,,,,,,,,,,125.1328,103,1223.07824802145,540.05991290612,1378.3665196297,1275.02681105302,1171.12968498987,599.263480209111,480.856345603129,1452.06572068708,1304.66731857233,0
458.6496,-0.349063232347443,0.502868895353296,0.118256078482076,0.357685286082588,-0.331800295049913,,,,0.8967319724636,,-0.193802883907708,,,,,,,,,,,,,,,,,,,,1.31716585864318,,,,1.24663194386535,,-1.8368378888119,,,,,,,,,,,,,,,125.2352,102,1260.17598039216,539.273529411765,1373.23039215686,1305.61960784314,1214.73235294118,597.013725490196,481.533333333333,1455.43137254902,1291.02941176471,0
458.752,-0.31304426823971,0.492159370824325,0.133397554687354,0.348673387558912,-0.351774407850956,,,,0.892186469044347,,-0.202449400070074,,,,,,,,,,,,,,,,,,,,1.29312057236701,,,,1.24153700167715,,-1.81583756466119,,,,,,,,,,,,,,,125.3376,102,1477.34068627451,560.052941176471,1352.5931372549,1534.67745098039,1420.00392156863,640.530392156863,479.575490196078,1450.75490196078,1254.43137254902,0
458.8544,-0.278014266560768,0.480450284588726,0.147264328188851,0.339227295834154,-0.370826010296259,,,,0.887235110046119,,-0.210666431991952,,,,,,,,,,,,,,,,,,,,1.26859813643891,,,,1.23691659559799,,-1.7940766733359,,,,,,,,,,,,,,,125.44,103,1573.24514563107,576.174757281553,1320.34466019417,1630.45145631068,1516.03883495146,652.950485436893,499.399029126214,1441.41747572816,1199.27184466019,0
458.9568,-0.244010721787228,0.467720638405328,0.159819291719839,0.329352236759196,-0.388922863521261,,,,0.88184266337471,,-0.218434396335577,,,,,,,,,,,,,,,,,,,,1.24357523690816,,,,1.23278285320204,,-1.77159102087205,,,,,,,,,,,,,,,125.5424,102,1576.46617647059,567.261274509804,1299.34803921569,1636.4068627451,1516.52549019608,649.764705882353,484.757843137255,1418.47058823529,1180.22549019608,0
459.0592,-0.211070351621132,0.453951603540254,0.171027258478948,0.319053945551055,-0.406037211267743,,,,0.875973650535849,,-0.225735212940622,,,,,,,,,,,,,,,,,,,,1.2180282411517,,,,1.22914481971608,,-1.74841583440595,,,,,,,,,,,,,,,125.6448,103,1402.25485436893,540.158252427185,1290.31067961165,1456.08252427184,1348.42718446602,609.354368932039,470.96213592233,1396.22330097087,1184.39805825243,0
459.1616,-0.179229153310933,0.439126734168083,0.180855069034815,0.308338668166814,-0.422145736494004,,,,0.869592464425251,,-0.23255231802128,,,,,,,,,,,,,,,,,,,,1.19193334455415,,,,1.22600830194023,,-1.72458576363765,,,,,,,,,,,,,,,125.7472,102,1271.72549019608,519.486764705882,1301.08823529412,1319.99901960784,1223.45196078431,576.002941176471,462.970588235294,1391.10784313725,1211.06862745098,0
459.264,-0.148522438470034,0.42323219832925,0.189271723172691,0.297213173563394,-0.437229501637593,,,,0.862663516143689,,-0.238870679608681,,,,,,,,,,,,,,,,,,,,1.1652667020726,,,,1.22337572444461,,-1.70013491029678,,,,,,,,,,,,,,,125.8496,102,1268.93853895541,527.044819538435,1306.11046330036,1318.83921568627,1219.03786222454,575.759803921569,478.329835155301,1394.48039215686,1217.74053444387,0
459.3664,-0.118984836151121,0.406257025834335,0.196248542605498,0.285684768074091,-0.451273881966039,,,,0.855151431531353,,-0.244676819157387,,,,,,,,,,,,,,,,,,,,1.13800459420276,,,,1.22124602085969,,-1.67509689146724,,,,,,,,,,,,,,,125.952,103,1216.31959186712,515.693434240114,1280.3408303978,1246.03475895547,1186.60442477876,551.472355205892,479.914513274336,1329.15776699029,1231.52389380531,0.087378640776699
459.4688,-0.0906502311602714,0.388193376414655,0.201759387137821,0.273761307735111,-0.464268479020185,,,,0.847021302306812,,-0.249958840669318,,,,,,,,,,,,,,,,,,,,1.11012366692394,,,,1.21961457454028,,-1.6495049574986,,,,,,,,,,,,,,,126.0544,102,998.073579111993,464.093428567796,1114.01581858407,867.323706896552,1128.82345132743,450.013936781609,478.172920353982,974.375,1253.65663716814,1
459.5712,-0.0635516096967695,0.369036836280721,0.205780946947572,0.261451211557978,-0.476206987743379,,,,0.83823898699112,,-0.25470646414528,,,,,,,,,,,,,,,,,,,,1.08160125655713,,,,1.21847321762754,,-1.62339218596777,,,,,,,,,,,,,,,126.1568,103,763.697101007019,408.953594751297,932.894690265487,456.351724137931,1071.04247787611,341.475862068966,476.431327433628,590,1275.78938053097,1
459.6736,-0.0377208132988047,0.348786752322203,0.208293116510994,0.248763476460737,-0.487087015272155,,,,0.828771450383771,,-0.258911061726122,,,,,,,,,,,,,,,,,,,,1.05241577838792,,,,1.21781029617806,,-1.59679173799319,,,,,,,,,,,,,,,126.2592,102,530.282831319894,356.105955829998,756.328709005726,47.3041582150101,1013.26150442478,237.522177146721,474.689734513274,214.735294117647,1297.92212389381,1
459.776,-0.0131882340836863,0.327446597852407,0.209279425741968,0.235707697131618,-0.496909887521574,,,,0.818587111318759,,-0.262565694463413,,,,,,,,,,,,,,,,,,,,1.02254713080557,,,,1.21761079913315,,-1.56973712185673,,,,,,,,,,,,,,,126.3616,102,687.012567239285,462.449887211522,1015.3263925039,418.262745098039,955.762389380531,451.943137254902,472.956637168142,710.705882352942,1319.94690265487,0.470588235294118
459.8784,0.0100175071993837,0.305024343424442,0.208727485117407,0.222294104592565,-0.505680483826163,,,,0.807656157235535,,-0.265665141057465,,,,,,,,,,,,,,,,,,,,0.991977059632871,,,,1.21785653326142,,-1.54226240764483,,,,,,,,,,,,,,,126.464,103,960.507659592749,539.607123464215,1406.49310937366,1017.48640776699,903.528911418507,612.607766990291,466.606479938139,1471.67961165049,1341.30660709683,0
459.9808,0.0318698825565362,0.281532803786824,0.206629414613225,0.208533635702739,-0.513407111974022,,,,0.795950805031698,,-0.268205909713721,,,,,,,,,,,,,,,,,,,,0.960689449759189,,,,1.2185263242,,-1.51440237333534,,,,,,,,,,,,,,,126.5664,102,940.280882352941,532.397058823529,1381.04411764706,985.23431372549,895.327450980392,605.146078431373,459.648039215686,1412.42156862745,1349.66666666667,0
460.0832,0.0523447835122675,0.256989941849842,0.202982247416133,0.194438028358306,-0.520101417901466,,,,0.783445522080126,,-0.270186232791045,,,,,,,,,,,,,,,,,,,,0.928670553720424,,,,1.2195962375481,,-1.48619259781507,,,,,,,,,,,,,,,126.6688,103,1001.09611650485,527.460679611651,1371.83495145631,1048.25631067961,953.935922330097,588.577669902913,466.343689320388,1393.33009708738,1350.33980582524,0
460.1856,0.0714208546685161,0.231419114949285,0.197788299519116,0.180019922946111,-0.525778325694159,,,,0.770117237647163,,-0.271606046672494,,,,,,,,,,,,,,,,,,,,0.895909205566954,,,,1.22103982303796,,-1.45766952775106,,,,,,,,,,,,,,,126.7712,102,1262.9612745098,528.748529411765,1376.28921568627,1310.39901960784,1215.52352941176,585.416666666667,472.080392156863,1434.96078431373,1317.61764705882,0
460.288,0.0890798244605927,0.204849252839426,0.191055492252819,0.165292950886827,-0.530455999424927,,,,0.755945565747082,,-0.272466957055183,,,,,,,,,,,,,,,,,,,,0.862397065985411,,,,1.2228283753655,,-1.42887053519431,,,,,,,,,,,,,,,126.8736,102,1266.39411764706,531.697549019608,1392.5637254902,1310.96568627451,1221.82254901961,591.306862745098,472.088235294118,1475.44117647059,1309.6862745098,0
460.3904,0.105306829901755,0.17731496649902,0.182797625162326,0.150271799656517,-0.534155807580542,,,,0.740913037847302,,-0.272772193033229,,,,,,,,,,,,,,,,,,,,0.828128898554402,,,,1.22493119813016,,-1.39983396539234,,,,,,,,,,,,,,,126.976,103,1268.48932038835,532.402427184466,1389.05339805825,1312.35825242718,1224.62038834951,589.056310679612,475.74854368932,1476.85436893204,1301.25242718447,0
460.4928,0.120090741890736,0.14885659186948,0.173034606026223,0.13497225368489,-0.536902276327625,,,,0.72500532679491,,-0.272526553934368,,,,,,,,,,,,,,,,,,,,0.793102845215444,,,,1.22731587289143,,-1.37059917237134,,,,,,,,,,,,,,,127.0784,102,1272.6637254902,530.425,1375.8137254902,1318.53725490196,1226.79019607843,590.727450980392,470.122549019608,1465.33333333333,1286.29411764706,0
460.5952,0.133424496932569,0.119520167985994,0.161792641274136,0.119411218761252,-0.53872303883843,,,,0.708211441118626,,-0.271736346932347,,,,,,,,,,,,,,,,,,,,0.757320677806796,,,,1.22994854365512,,-1.34120655127593,,,,,,,,,,,,,,,127.1808,103,1289.04563106796,534.885922330097,1371.48058252427,1334.99611650485,1243.09514563107,588.92427184466,480.847572815534,1460.84466019418,1282.11650485437,0
460.6976,0.145305431882628,0.0893573364121519,0.149104376017002,0.10360673917586,-0.539648801995125,,,,0.690523874060605,,-0.270409314591331,,,,,,,,,,,,,,,,,,,,0.720788012327472,,,,1.23279420469291,,-1.31169756940791,,,,,,,,,,,,,,,127.2832,102,1581.29166666667,574.680882352941,1366.3431372549,1642.69215686275,1519.89117647059,654.729411764706,494.632352941177,1484.44117647059,1248.24509803922,0
460.8,0.155735605920201,0.0584251403720143,0.135008959585941,0.0875780110578736,-0.539713346397849,,,,0.671938699754639,,-0.268554559669569,,,,,,,,,,,,,,,,,,,,0.683514471545811,,,,1.23581696275632,,-1.28211477576881,,,,,,,,,,,,,,,127.3856,102,1589.96715686275,576.487745098039,1365.51470588235,1653.10196078431,1526.83235294118,652.023529411765,500.951960784314,1491.91176470588,1239.11764705882,0
460.9024,0.164722093104622,0.0267857189670633,0.119552023232401,0.0713453896156184,-0.538953554471873,,,,0.652455620119192,,-0.266182475147986,,,,,,,,,,,,,,,,,,,,0.645513790810719,,,,1.23898025970968,,-1.25250176957763,,,,,,,,,,,,,,,127.488,103,1590.25873786408,575.273786407767,1374.64077669903,1650.52621359223,1529.99126213592,651.646601941748,498.900970873786,1499.53398058252,1249.74757281553,0
461.0048,0.172277242606028,-0.0054940700378504,0.10278559042677,0.0549303881152772,-0.537409439709744,,,,0.632077974387283,,-0.263304678593255,,,,,,,,,,,,,,,,,,,,0.606803874478799,,,,1.24224706266673,,-1.22290312966002,,,,,,,,,,,,,,,127.5904,102,1546.16225490196,570.623039215686,1386.04901960784,1605.13529411765,1487.18921568627,656.352941176471,484.893137254902,1499.75490196078,1272.3431372549,0
461.1072,0.178418906048582,-0.0383430405281415,0.0847679581407382,0.0383556708741195,-0.535124139552029,,,,0.61081272411718,,-0.259933942562017,,,,,,,,,,,,,,,,,,,,0.567406810487595,,,,1.24558003203074,,-1.1933643178269,,,,,,,,,,,,,,,127.6928,103,1535.52330097087,570.273786407767,1397.38349514563,1590.65533980583,1480.39126213592,651.044660194175,489.502912621359,1505.58252427184,1289.18446601942,0
461.2096,0.183170610921969,-0.0716860363851719,0.0655635660372863,0.0216450484526866,-0.532143838845507,,,,0.588670417479261,,-0.256084111702313,,,,,,,,,,,,,,,,,,,,0.527348840296973,,,,1.24894166958659,,-1.16393156718377,,,,,,,,,,,,,,,127.7952,102,1536.24705882353,573.072549019608,1407.83333333333,1589.17156862745,1483.32254901961,650.023529411765,496.121568627451,1522.05882352941,1293.60784313725,0
461.312,0.186561645357356,-0.105444252988346,0.0452428353657282,0.0048234839118508,-0.528517611612144,,,,0.565665123582145,,-0.251769999535038,,,,,,,,,,,,,,,,,,,,0.486660275321078,,,,1.25229444314728,,-1.13465176211508,,,,,,,,,,,,,,,127.8976,102,1559.68137254902,566.08431372549,1413.48039215686,1614.06862745098,1505.29411764706,643.206862745098,488.961764705882,1525.59803921569,1301.36274509804,0
461.4144,0.188627034351188,-0.139535545054407,0.0238819498648489,-0.0120828947288536,-0.524297189860904,,,,0.541814327034481,,-0.247007264061169,,,,,,,,,,,,,,,,,,,,0.445375361982127,,,,1.25560088795536,,-1.10557231139653,,,,,,,,,,,,,,,128,103,1702.90436893204,554.652427184466,1400.6359223301,1750.39902912621,1655.40970873786,633.567961165049,475.736893203884,1514.88349514563,1286.38834951456,0
461.5168,0.189407411604299,-0.173874741319651,0.00156256763301516,-0.0290467988461346,-0.51953667187613,,,,0.517138781605424,,-0.241812268727996,,,,,,,,,,,,,,,,,,,,0.403532113787255,,,,1.25882369341288,,-1.07674101127429,,,,,,,,,,,,,,,128.1024,102,1701.42696078431,555.568627450981,1404.27450980392,1747.07745098039,1655.77647058824,633.785294117647,477.351960784314,1520.54901960784,1288,0
461.6192,0.18894880180229,-0.208373977133378,-0.0216285342248145,-0.0460398224841752,-0.514292184220622,,,,0.491662321573751,,-0.236201933037742,,,,,,,,,,,,,,,,,,,,0.361172130367177,,,,1.26192578409511,,-1.04820589565861,,,,,,,,,,,,,,,128.2048,103,1701.05,552.179611650485,1409.57281553398,1746.26213592233,1655.83786407767,632.952427184466,471.406796116505,1525.95145631068,1293.19417475728,0
461.7216,0.187302323774109,-0.242943054611106,-0.0455998821317578,-0.0630325244991035,-0.50862151599495,,,,0.465411624149098,,-0.230193565221604,,,,,,,,,,,,,,,,,,,,0.318340408187732,,,,1.26487039296459,,-1.02001507220515,,,,,,,,,,,,,,,128.3072,102,1673.62843137255,549.45637254902,1412.24019607843,1716.03137254902,1631.22549019608,631.069607843137,467.843137254902,1526.02941176471,1298.45098039216,0
461.824,0.184523811556202,-0.277489833889531,-0.0702557999437537,-0.0799945280104051,-0.502583724778231,,,,0.438415919398415,,-0.22380466466448,,,,,,,,,,,,,,,,,,,,0.27508512493938,,,,1.26762111489048,,-0.992216542153413,,,,,,,,,,,,,,,128.4096,102,1462.01862745098,563.783333333333,1434.58823529412,1498.76078431373,1425.27647058824,624.193137254902,503.373529411765,1542.67647058824,1326.5,0
461.9264,0.180673338840775,-0.311920653325547,-0.0954969817633026,-0.0968946106704116,-0.496238688517315,,,,0.410706653626282,,-0.217052693527906,,,,,,,,,,,,,,,,,,,,0.231457367862415,,,,1.2701419321941,,-0.964858003285807,,,,,,,,,,,,,,,128.512,103,1297.72572815534,552.038834951456,1461.75242718447,1331.68349514563,1263.76796116505,616.299029126214,487.778640776699,1581.6213592233,1341.88349514563,0
462.0288,0.175814634683381,-0.346140785639447,-0.121221155800814,-0.113700765590836,-0.489646593857583,,,,0.382317125280678,,-0.209954833559357,,,,,,,,,,,,,,,,,,,,0.187510789945447,,,,1.27239722095705,,-0.93798664361866,,,,,,,,,,,,,,,128.6144,102,648.019117647059,546.528431372549,1477.69607843137,647.78137254902,648.256862745098,597.729411764706,495.327450980392,1543.07843137255,1412.3137254902,0
462.1312,0.170014388536913,-0.3800549478035,-0.14732385229799,-0.13038022042598,-0.482867396178985,,,,0.353282123229188,,-0.202527748527673,,,,,,,,,,,,,,,,,,,,0.14330119900368,,,,1.27435176490085,,-0.911648938707131,,,,,,,,,,,,,,,128.7168,103,626.054368932039,554.235436893204,1480.75242718447,629.741747572816,622.366990291262,605.074757281553,503.396116504854,1523.7572815534,1437.74757281553,0
462.2336,0.16334144436984,-0.41356787418382,-0.17369928197628,-0.146899414208377,-0.47596030491725,,,,0.323637590774602,,-0.194787364204014,,,,,,,,,,,,,,,,,,,,0.0988860875723394,,,,1.27597080334783,,-0.88589045462348,,,,,,,,,,,,,,,128.8192,102,540.66862745098,556.010294117647,1474.46078431373,546.952941176471,534.38431372549,609.120588235294,502.9,1525.16666666667,1423.75490196078,0
462.336,0.155865882276982,-0.446584935275681,-0.200241314267275,-0.163223949509831,-0.46898332163443,,,,0.293420320756142,,-0.186748671282881,,,,,,,,,,,,,,,,,,,,0.0543241099556027,,,,1.27722011860495,,-0.860755641539228,,,,,,,,,,,,,,,128.9216,102,533.382843137255,555.191666666667,1464.80392156863,542.439215686275,524.326470588235,608.429411764706,501.953921568627,1517.64705882353,1411.96078431373,0
462.4384,0.147657996374756,-0.479012762246804,-0.226844523475685,-0.179318544840042,-0.461992821494383,,,,0.262667678030493,,-0.178425558403367,,,,,,,,,,,,,,,,,,,,0.00967452398760634,,,,1.27806615068477,,-0.836287600924334,,,,,,,,,,,,,,,129.024,103,677.467475728155,537.399029126214,1461.94660194175,675.102912621359,679.832038834951,582.850485436893,491.947572815534,1539.78640776699,1384.10679611651,0
462.5408,0.138787193849474,-0.510759843951535,-0.253405265374712,-0.195147000550688,-0.455043159012109,,,,0.23141734667734,,-0.169830682325541,,,,,,,,,,,,,,,,,,,,-0.0350033783194866,,,,1.27847612801962,,-0.812527824251447,,,,,,,,,,,,,,,129.1264,102,753.189215686275,520.328431372549,1453.22058823529,746.275490196079,760.102941176471,560.764705882353,479.892156862745,1549.85294117647,1356.58823529412,0
462.6432,0.129320855379312,-0.54173708597483,-0.279822752452509,-0.210672181922552,-0.448186294472694,,,,0.199707105255863,,-0.160975378804464,,,,,,,,,,,,,,,,,,,,-0.0796508269203205,,,,1.27841820789117,,-0.789515918198632,,,,,,,,,,,,,,,129.2288,103,832.689805825243,537.908252427185,1450.44660194175,846.483495145631,818.896116504855,591.111650485437,484.704854368932,1548.3786407767,1352.5145631068,0
462.7456,0.119323220300513,-0.571858331291253,-0.306000088383554,-0.225856030030523,-0.441471450933526,,,,0.16757464561083,,-0.151869618100098,,,,,,,,,,,,,,,,,,,,-0.124210079597074,,,,1.27786162134929,,-0.767289338924842,,,,,,,,,,,,,,,129.3312,102,971.405882352941,564.257352941177,1439.3137254902,1020.82843137255,921.983333333333,634.503921568628,494.010784313725,1522.64705882353,1355.98039215686,0
462.848,0.108854384213971,-0.601040832116076,-0.331845200624916,-0.240659618859337,-0.434944806189087,,,,0.135057462302657,,-0.14252201010652,,,,,,,,,,,,,,,,,,,,-0.168624832092302,,,,1.2767768203838,,-0.745883154563101,,,,,,,,,,,,,,,129.4336,102,1239.14068627451,539.903921568627,1418.30882352941,1286.85588235294,1191.42549019608,588.502941176471,491.304901960784,1513.12745098039,1323.49019607843,0
462.9504,0.0979694922400259,-0.629205650212591,-0.357271604634635,-0.25504327075834,-0.428649208606616,,,,0.102192836935315,,-0.132939860983743,,,,,,,,,,,,,,,,,,,,-0.212840509306809,,,,1.27513562755846,,-0.725329846912925,,,,,,,,,,,,,,,129.536,103,1302.94660194175,526.916504854369,1404.13106796117,1344.00873786408,1261.88446601942,570.984466019418,482.84854368932,1508.58252427184,1299.67961165049,0
463.0528,0.0867181647220964,-0.656277973186675,-0.382198968696832,-0.268966723840304,-0.422623905552802,,,,0.0690179186448809,,-0.123129277333111,,,,,,,,,,,,,,,,,,,,-0.256804452435607,,,,1.2729113848751,,-0.705659155137549,,,,,,,,,,,,,,,129.6384,102,1301.91519607843,531.137745098039,1408.01960784314,1345.2568627451,1258.57352941176,566.989215686275,495.286274509804,1515.53921568627,1300.5,0
463.1552,0.0751441345130143,-0.682187363884989,-0.406553503610359,-0.282389325267765,-0.416904290393468,,,,0.0355698725957296,,-0.11309530677059,,,,,,,,,,,,,,,,,,,,-0.300466043852791,,,,1.27007909386197,,-0.686897957513099,,,,,,,,,,,,,,,129.7408,103,1279.44368932039,533.268932038835,1418.9854368932,1320.37087378641,1238.51650485437,574.1,492.43786407767,1530.57281553398,1307.39805825243,0
463.2576,0.0632850455628174,-0.706867975260734,-0.43026822979481,-0.295270218335607,-0.411521681493203,,,,0.00188605469473768,,-0.102842098765608,,,,,,,,,,,,,,,,,,,,-0.343776815943959,,,,1.26661553889915,,-0.669070183896909,,,,,,,,,,,,,,,129.8432,102,1229.8032428356,533.90479826546,1432.71502639517,1268.07315233786,1191.53333333333,589.279204374057,478.530392156863,1541.1947586727,1324.23529411765,0
463.36,0.0511723669370065,-0.730258749383759,-0.453283162554744,-0.307568506980942,-0.406503136442391,,,,-0.031995818511067,,-0.092373072585862,,,,,,,,,,,,,,,,,,,,-0.38669056895081,,,,1.26249939204238,,-0.652196752627219,,,,,,,,,,,,,,,129.9456,102,1060.87178936943,499.672494703973,1288.12897202047,937.721153846154,1184.0224248927,524.154967948718,475.190021459228,1246.52403846154,1329.7339055794,0.127450980392157
463.4624,0.0388313989988429,-0.752303596486895,-0.475545427148468,-0.319243408934772,-0.40187129792712,,,,-0.0660375087780359,,-0.0816910902126721,,,,,,,,,,,,,,,,,,,,-0.429163488444547,,,,1.2577113065486,,-0.63629552920117,,,,,,,,,,,,,,,130.048,103,779.357180587653,448.472055546385,1045.95834021129,385.403846153846,1173.31051502146,416.497115384615,480.446995708155,758.663461538462,1333.25321888412,1
463.5648,0.0262813757374549,-0.772951542386657,-0.497009293457779,-0.330254426140382,-0.397644270808288,,,,-0.100200086881786,,-0.0707986404287406,,,,,,,,,,,,,,,,,,,,-0.471154231726904,,,,1.25223401032714,,-0.621381307143312,,,,,,,,,,,,,,,130.1504,102,499.238933042679,397.183659186686,804.493355083863,-164.120739064857,1162.59860515021,308.66334841629,485.703969957082,272.214177978884,1336.77253218884,1
463.6672,0.0135356841668774,-0.792156840773076,-0.517636115003543,-0.340561555398214,-0.393835529630865,,,,-0.134443740597507,,-0.0596980382816345,,,,,,,,,,,,,,,,,,,,-0.512623958194451,,,,1.24605240521902,,-0.607465812417061,,,,,,,,,,,,,,,130.2528,103,727.538978707446,491.066394433101,1021.70417517397,303.191262135922,1151.88669527897,491.171844660194,490.960944206009,703.116504854368,1340.29184549356,0.572815533980583
463.7696,0.000602218838782842,-0.80987904795953,-0.537394159560513,-0.350125542334559,-0.390453849173044,,,,-0.168727559222777,,-0.0483916418371214,,,,,,,,,,,,,,,,,,,,-0.553536299875791,,,,1.2391536675822,,-0.594557732335068,,,,,,,,,,,,,,,130.3552,102,1177.35290330725,558.019338550871,1438.86863586636,1212.29803921569,1142.40776739881,621.13431372549,494.904363376252,1536.06862745098,1341.66864428175,0
463.872,-0.0125161249451204,-0.826083044997092,-0.556258319132546,-0.358908163034171,-0.387503248042964,,,,-0.203009298138653,,-0.0368820904151316,,,,,,,,,,,,,,,,,,,,-0.593857283689455,,,,1.23152733825002,,-0.582662769282501,,,,,,,,,,,,,,,130.4576,102,1177.18480392157,548.657352941176,1428.12745098039,1212.27745098039,1142.09215686275,622.293137254902,475.021568627451,1534.12745098039,1322.12745098039,0
463.9744,-0.0258208291515726,-0.840738988531704,-0.574209693058153,-0.366872506923925,-0.38498294011567,,,,-0.237245126335155,,-0.0251725630436363,,,,,,,,,,,,,,,,,,,,-0.633555218211974,,,,1.22316538976115,,-0.571783718933113,,,,,,,,,,,,,,,130.56,103,1176.7,541.925242718447,1419.11650485437,1211.43398058252,1141.96601941748,610.167961165049,473.682524271845,1526.03883495146,1312.19417475728,0
464.0768,-0.0393170224125405,-0.853822188982803,-0.591235055750056,-0.373983234685296,-0.382887293806063,,,,-0.271389369716173,,-0.0132670443777404,,,,,,,,,,,,,,,,,,,,-0.672600557564484,,,,1.21406226322176,,-0.561920571622122,,,,,,,,,,,,,,,130.6624,102,1031.91862745098,556.753921568627,1433.64215686275,1077.44607843137,986.391176470588,641.866666666667,471.641176470588,1551.93137254902,1315.35294117647,0
464.1792,-0.0530126696328603,-0.865312937452157,-0.607326241096999,-0.38020679210608,-0.381205803048942,,,,-0.305394282340187,,-0.00117058251128725,,,,,,,,,,,,,,,,,,,,-0.710965768338942,,,,1.20421486917304,,-0.553070633822689,,,,,,,,,,,,,,,130.7648,103,952.718446601942,569.121844660194,1443.49514563107,999.253398058252,906.183495145631,659.700970873787,478.542718446602,1565.70873786408,1321.28155339806,0
464.2816,-0.0669177167486412,-0.875196316488181,-0.622479488437417,-0.385511565353554,-0.379923082099823,,,,-0.339209889782222,,0.0111104720976023,,,,,,,,,,,,,,,,,,,,-0.748625239814112,,,,1.1936225442792,,-0.545228665829416,,,,,,,,,,,,,,,130.8672,102,952.969110136987,567.563413315595,1439.27667192968,998.530948200176,907.407272073799,660.383391864208,474.743434766982,1560.49312262218,1318.06022123717,0
464.384,-0.0810432271299575,-0.883462031447157,-0.636694797047408,-0.389867970976702,-0.379018906728469,,,,-0.372783938419919,,0.0235682519456455,,,,,,,,,,,,,,,,,,,,-0.785555262835558,,,,1.18228695761363,,-0.538387033536181,,,,,,,,,,,,,,,130.9696,102,993.843456958733,561.62307624664,1431.05619813357,1038.2829424307,949.403971486762,648.595948827292,474.650203665988,1542.94029850746,1319.17209775967,0.343137254901961
464.4864,-0.0954005439983091,-0.890104290717055,-0.649975329145954,-0.393248495163641,-0.37846833006778,,,,-0.406061958746062,,0.0361931819799276,,,,,,,,,,,,,,,,,,,,-0.82173406146627,,,,1.17021197223078,,-0.532535874139736,,,,,,,,,,,,,,,131.072,103,1047.99249519062,555.238497648505,1421.98147247469,1094.53773987207,1001.44725050917,637.100213219616,473.376782077393,1524.58208955224,1319.38085539715,1
464.5888,-0.110000510707303,-0.895121750098574,-0.662326891249127,-0.395627713216516,-0.378241899894607,,,,-0.438987432666593,,0.0489738124505675,,,,,,,,,,,,,,,,,,,,-0.85714183786842,,,,1.15740347695884,,-0.52766327444417,,,,,,,,,,,,,,,131.1744,102,1102.1415334225,548.853919050369,1412.90674681582,1150.79253731343,1053.49052953157,625.60447761194,472.103360488798,1506.22388059702,1319.58961303462,1
464.6912,-0.124852778388539,-0.898517527343535,-0.673757516084138,-0.39698230954046,-0.378305993224451,,,,-0.471502048579745,,0.0618966825732659,,,,,,,,,,,,,,,,,,,,-0.891760809004058,,,,1.14386919757944,,-0.523755456803232,,,,,,,,,,,,,,,131.2768,103,1156.29057165438,542.469340452234,1403.83202115694,1207.0473347548,1105.53380855397,614.108742004264,470.829938900204,1487.86567164179,1319.7983706721,0.485436893203884
464.7936,-0.139965222312522,-0.900299286225738,-0.684277157837966,-0.3972910962564,-0.378623264453739,,,,-0.503546018874342,,0.0749462312372307,,,,,,,,,,,,,,,,,,,,-0.925575245688625,,,,1.12961848378363,,-0.520796963083132,,,,,,,,,,,,,,,131.3792,102,1199.63750845202,538.335009775865,1402.53205131644,1247.91648689326,1151.35853001078,606.60909946068,470.060920091051,1484.19446883231,1320.86963380057,0
464.896,-0.155343467412816,-0.900479373336814,-0.693897489857569,-0.396535022849883,-0.379153180209132,,,,-0.535058421085683,,0.0881047663354268,,,,,,,,,,,,,,,,,,,,-0.958571531949628,,,,1.11466206298956,,-0.518770827126524,,,,,,,,,,,,,,,131.4816,102,1233.35049019608,543.29362745098,1412.5931372549,1278.99607843137,1187.70490196078,609.829411764706,476.757843137255,1501.43137254902,1323.75490196078,0
464.9984,-0.170990498970891,-0.899074968895874,-0.702631764267905,-0.39469717610881,-0.379852594897754,,,,-0.565977523689139,,0.101352489850643,,,,,,,,,,,,,,,,,,,,-0.990738243285116,,,,1.09901175719576,,-0.517658738504232,,,,,,,,,,,,,,,131.584,103,1395.75533980583,552.165048543689,1410.00485436893,1445.07378640777,1346.43689320388,604.271844660194,500.058252427185,1502.67961165049,1317.33009708738,0
465.1008,-0.186906328772839,-0.896108211943467,-0.710494688851791,-0.391762768419432,-0.380676320353676,,,,-0.596241082007628,,0.114667572282303,,,,,,,,,,,,,,,,,,,,-1.02206623160268,,,,1.08268016986928,,-0.517441211129638,,,,,,,,,,,,,,,131.6864,102,1399.55735294118,558.238725490196,1421.16666666667,1448.86176470588,1350.25294117647,600.971568627451,515.505882352941,1528.27450980392,1314.05882352941,0
465.2032,-0.203087700352988,-0.891606286426033,-0.717502302108735,-0.387719103033393,-0.381577668304203,,,,-0.62578662521912,,0.128026280646807,,,,,,,,,,,,,,,,,,,,-1.05254872593811,,,,1.06568036011551,,-0.518097757355633,,,,,,,,,,,,,,,131.7888,103,1398.17815533981,557.868932038835,1430.92233009709,1445.50679611651,1350.84951456311,601.055339805825,514.682524271845,1538.92233009709,1322.92233009709,0
465.3056,-0.219527826486625,-0.885601475279249,-0.72367184698855,-0.382555502370865,-0.382508971893017,,,,-0.654551769621105,,0.141403168061414,,,,,,,,,,,,,,,,,,,,-1.08218147957501,,,,1.04802552379285,,-0.519607047221597,,,,,,,,,,,,,,,131.8912,102,1262.25637254902,549.953431372549,1440.81862745098,1306.28235294118,1218.23039215686,600.132352941176,499.774509803922,1549.04901960784,1332.58823529412,0
465.408,-0.23621615170462,-0.87813118021674,-0.729021637311567,-0.376263200873579,-0.383422091429865,,,,-0.682474569160497,,0.154771316956365,,,,,,,,,,,,,,,,,,,,-1.11096297109764,,,,1.02972869693037,,-0.521947037183587,,,,,,,,,,,,,,,131.9936,102,1245.13823529412,552.874019607843,1439.97549019608,1289.71470588235,1200.56176470588,610.392156862745,495.355882352941,1539.98039215686,1339.97058823529,0
465.5104,-0.253138133343033,-0.869237886763522,-0.733570899281981,-0.36883523395603,-0.384268892064664,,,,-0.709493876380737,,0.168102606526898,,,,,,,,,,,,,,,,,,,,-1.13889461399645,,,,1.01080249590221,,-0.52509507472216,,,,,,,,,,,,,,,132.096,103,1245.33689320388,540.893203883495,1444.65048543689,1288.89223300971,1201.78155339806,595.358252427185,486.428155339806,1548.33980582524,1340.96116504854,0
465.6128,-0.270275037877118,-0.858969058261144,-0.737339575280605,-0.360266373412228,-0.385001686695827,,,,-0.735549679065869,,0.181367970906756,,,,,,,,,,,,,,,,,,,,-1.16598090345399,,,,0.991258911198547,,-0.529027992873683,,,,,,,,,,,,,,,132.1984,102,1304.67107843137,549.820098039216,1432.05882352941,1350.58137254902,1258.76078431373,600.966666666667,498.673529411765,1523.24509803922,1340.87254901961,0
465.7152,-0.287603749808208,-0.847376956351082,-0.740348086593817,-0.350553147212074,-0.385573660464464,,,,-0.760583402518397,,0.194537624806295,,,,,,,,,,,,,,,,,,,,-1.19222944913305,,,,0.971109166297174,,-0.533722198968318,,,,,,,,,,,,,,,132.3008,103,1449.86090061572,558.316649616862,1420.90735200448,1497.87811191106,1401.84368932039,614.105143893918,502.528155339806,1503.20305352352,1338.61165048544,0
465.8176,-0.305096595673049,-0.834518385265242,-0.742617054892462,-0.339693950875819,-0.385939290673863,,,,-0.784538185992066,,0.207581243955687,,,,,,,,,,,,,,,,,,,,-1.21765087713456,,,,0.950363639609763,,-0.539153752567822,,,,,,,,,,,,,,,132.4032,102,1373.33680265347,543.827891607273,1421.99971148168,1407.47564612326,1339.19795918367,596.079025844931,491.576757369615,1501.42345924453,1342.57596371882,0.166666666666667
465.92,-0.322721203846437,-0.820454360812124,-0.744166995821511,-0.327689228798051,-0.386054751855207,,,,-0.807359144769906,,0.220468106636052,,,,,,,,,,,,,,,,,,,,-1.2422586086585,,,,0.929031836005493,,-0.545298426232874,,,,,,,,,,,,,,,132.5056,102,1240.24701890697,523.108082570338,1423.371372671,1267.85934393638,1212.63469387755,557.854373757455,488.36179138322,1485.20079522863,1361.54195011338,1
466.0224,-0.340440431213102,-0.805249725442936,-0.745018018098315,-0.314541687435415,-0.385878293023201,,,,-0.828993637082121,,0.233167226851809,,,,,,,,,,,,,,,,,,,,-1.26606854438699,,,,0.907122389347698,,-0.552131743450643,,,,,,,,,,,,,,,132.608,103,1106.50483425975,502.286705842045,1424.74975768969,1127.55864811133,1085.45102040816,519.442345924453,485.131065759637,1468.8986083499,1380.60090702948,1
466.1248,-0.358212371428239,-0.788972742286809,-0.745189559052125,-0.300256502776621,-0.385370590472313,,,,-0.849391562422188,,0.245647510751503,,,,,,,,,,,,,,,,,,,,-1.28909870394926,,,,0.884643077801786,,-0.559628987452657,,,,,,,,,,,,,,,132.7104,102,972.762649612529,481.465329113753,1426.12814270838,987.257952286282,958.267346938776,481.030318091451,481.900340136054,1452.59642147117,1399.65986394558,0.784313725490196
466.2272,-0.375990437117219,-0.771694689717751,-0.7447001661967,-0.284841498215262,-0.38449507671578,,,,-0.86850570531933,,0.257877943518154,,,,,,,,,,,,,,,,,,,,-1.31136887107435,,,,0.861600840980203,,-0.567765177540638,,,,,,,,,,,,,,,132.8128,103,855.681934448392,458.663800504986,1422.89219962789,849.796442703005,861.567426193779,445.04572178579,472.281879224182,1434.94194058947,1410.84245866631,0
466.3296,-0.393723500893303,-0.753489463208118,-0.743567319979167,-0.268307290998198,-0.383218227395317,,,,-0.88629210908707,,0.269827791498319,,,,,,,,,,,,,,,,,,,,-1.33290026962346,,,,0.838001800407141,,-0.576515017194649,,,,,,,,,,,,,,,132.9152,102,1030.52990196078,496.707352941176,1438.63725490196,1042.43921568627,1018.62058823529,509.564705882353,483.85,1473.07843137255,1404.19607843137,0
466.432,-0.411356081519287,-0.734433187691753,-0.741807291397591,-0.250667429949024,-0.381509783637756,,,,-0.902710439782939,,0.281466796774672,,,,,,,,,,,,,,,,,,,,-1.35371525781808,,,,0.813851295676117,,-0.585852826346234,,,,,,,,,,,,,,,133.0176,102,1206.69754901961,542.586764705882,1472.70098039216,1240.8,1172.59509803922,590.253921568627,494.919607843137,1556.86274509804,1388.53921568627,0
466.5344,-0.428828563403617,-0.714603840469582,-0.739435027212975,-0.231938559409636,-0.379342895696797,,,,-0.917724301722956,,0.292765343250359,,,,,,,,,,,,,,,,,,,,-1.37383700304628,,,,0.789153952971749,,-0.595752472908285,,,,,,,,,,,,,,,133.12,103,1209.7713592233,540.896116504854,1465.83009708738,1245.94077669903,1173.60194174757,592.041747572816,489.750485436893,1544.8932038835,1386.76699029126,0
466.6368,-0.446077438301167,-0.6940808704547,-0.736464046448848,-0.212140630728099,-0.376694182361647,,,,-0.931301489382585,,0.303694581995591,,,,,,,,,,,,,,,,,,,,-1.39328911294313,,,,0.763913794169405,,-0.606187309909058,,,,,,,,,,,,,,,133.2224,102,1214.8818627451,526.000980392157,1472.73529411765,1255.29019607843,1174.47352941176,574.504901960784,477.497058823529,1567.48039215686,1377.99019607843,0
466.7392,-0.463035562493532,-0.672944787588562,-0.732906326647462,-0.191297152283252,-0.373543713414301,,,,-0.943414180092835,,0.314226515167095,,,,,,,,,,,,,,,,,,,,-1.41209523680513,,,,0.738134377300853,,-0.617130111580211,,,,,,,,,,,,,,,133.3248,103,1311.9140776699,529.680582524272,1434.97087378641,1355.27087378641,1268.5572815534,573.329126213592,486.032038834951,1526.8932038835,1343.04854368932,0
466.8416,-0.479632432079504,-0.651276699806542,-0.728772166487028,-0.169435454060226,-0.369874925861453,,,,-0.954039068444651,,0.324334039072007,,,,,,,,,,,,,,,,,,,,-1.43027866243049,,,,0.71181895296808,,-0.628553000572516,,,,,,,,,,,,,,,133.4272,102,1432.68725490196,532.921078431373,1401.65196078431,1477.09509803922,1388.27941176471,575.503921568627,490.338235294118,1504.80392156863,1298.5,0
466.944,-0.495794483012047,-0.629157789557298,-0.724070023550539,-0.146586951683025,-0.365674470650738,,,,-0.963157434684218,,0.333990942562011,,,,,,,,,,,,,,,,,,,,-1.44786191039328,,,,0.684970629561752,,-0.640427368033296,,,,,,,,,,,,,,,133.5296,102,1431.05343137255,534.971568627451,1390.53431372549,1475.8931372549,1386.2137254902,581.111764705882,488.83137254902,1503.32352941176,1277.74509803922,0
467.0464,-0.511445415594022,-0.60666874127466,-0.718806334637539,-0.122787395850386,-0.360931991290936,,,,-0.970755154773333,,0.343171868330613,,,,,,,,,,,,,,,,,,,,-1.46486632218241,,,,0.657592542846454,,-0.652723795203542,,,,,,,,,,,,,,,133.632,103,1323.55291262136,553.28640776699,1412.5145631068,1364.56990291262,1282.5359223301,592.239805825243,514.333009708738,1533.17475728155,1291.85436893204,0
467.1488,-0.526506530721044,-0.58388914438247,-0.712985327086958,-0.0980770788488978,-0.355639867284157,,,,-0.976822685935863,,0.35185226118064,,,,,,,,,,,,,,,,,,,,-1.4813116588042,,,,0.62968802208046,,-0.665411984804493,,,,,,,,,,,,,,,133.7344,102,1190.81323529412,568.733823529412,1451.67156862745,1230.50098039216,1151.12549019608,607.200980392157,530.266666666667,1577.50980392157,1325.83333333333,0
467.2512,-0.54089706542959,-0.560896896381442,-0.706608829725157,-0.0725009752578666,-0.349792968275135,,,,-0.981355065933398,,0.360008321436233,,,,,,,,,,,,,,,,,,,,-1.49721572785779,,,,0.601260751946786,,-0.678460703979436,,,,,,,,,,,,,,,133.8368,103,1096.57621359223,582.159708737864,1450.20388349515,1134.0145631068,1059.13786407767,637.553398058252,526.766019417476,1570.93203883495,1329.47572815534,0
467.3536,-0.554534539526604,-0.537767623800815,-0.69967610252263,-0.0461088258216991,-0.343388446565707,,,,-0.984351946506404,,0.367616962020755,,,,,,,,,,,,,,,,,,,,-1.51259403685433,,,,0.572314939327938,,-0.691837731226948,,,,,,,,,,,,,,,133.9392,102,963.276470588235,601.317156862745,1456.14215686275,998.230392156863,928.322549019608,673.963725490196,528.670588235294,1575.07843137255,1337.20588235294,0
467.456,-0.567335142083527,-0.514574127351778,-0.692183706949156,-0.0189551940629978,-0.336425570533733,,,,-0.985817657964391,,0.374655760101625,,,,,,,,,,,,,,,,,,,,-1.52745946581487,,,,0.542855489632899,,-0.705509796708488,,,,,,,,,,,,,,,134.0416,102,1092.65784313726,584.739215686275,1429.91176470588,1129.97254901961,1055.3431372549,645.950980392157,523.527450980392,1538.64705882353,1321.17647058824,0
467.5584,-0.579214169659584,-0.491385852540349,-0.684125425193036,0.00890048548938842,-0.32890558239592,,,,-0.985761286243861,,0.381102904747436,,,,,,,,,,,,,,,,,,,,-1.54182196615978,,,,0.512888187370621,,-0.719442512745845,,,,,,,,,,,,,,,134.144,103,1277.91359223301,566.287378640777,1367.84951456311,1312.57475728155,1243.25242718447,609.540776699029,523.033980582524,1465.35922330097,1270.33980582524,0
467.6608,-0.590086503198194,-0.468268401784701,-0.675492230831828,0.0373938752056152,-0.320831557956053,,,,-0.984196746888736,,0.386937157876836,,,,,,,,,,,,,,,,,,,,-1.55568830249466,,,,0.482419871508951,,-0.73360030004271,,,,,,,,,,,,,,,134.2464,102,1257.06666666667,559.510784313726,1365.28431372549,1293.44019607843,1220.6931372549,607.166666666667,511.854901960784,1465.39215686275,1265.17647058824,0
467.7632,-0.599867102104991,-0.445283115371457,-0.666272315827715,0.066455749442735,-0.312208250961388,,,,-0.981142856588146,,0.392137848473992,,,,,,,,,,,,,,,,,,,,-1.56906185362539,,,,0.451458595768692,,-0.747946316163319,,,,,,,,,,,,,,,134.3488,103,1228.38349514563,565.63786407767,1370.38349514563,1265.29126213592,1191.47572815534,610.706796116505,520.568932038835,1464.46601941748,1276.30097087379,0
467.8656,-0.608471499195852,-0.422486736341395,-0.656451173790172,0.096012093878788,-0.303041906490674,,,,-0.976623411886391,,0.396684908569797,,,,,,,,,,,,,,,,,,,,-1.58194248351983,,,,0.420013767446966,,-0.762442389305635,,,,,,,,,,,,,,,134.4512,102,1315.88382352941,569.411764705882,1340.10294117647,1357.86862745098,1273.89901960784,614.380392156863,524.443137254902,1419.86274509804,1260.3431372549,0
467.968,-0.615816296540148,-0.399931164394359,-0.646011742901165,0.125984309349309,-0.293340037586652,,,,-0.970667279458843,,0.400558952421131,,,,,,,,,,,,,,,,,,,,-1.59432648380978,,,,0.388096264260872,,-0.7770489577529,,,,,,,,,,,,,,,134.5536,102,1387.24950980392,579.235294117647,1319.66666666667,1433.01666666667,1341.48235294118,632.53431372549,525.936274509804,1402.16666666667,1237.16666666667,0
468.0704,-0.621819675531151,-0.377663308356137,-0.634934623075872,0.156289512596161,-0.283111190353288,,,,-0.96330848979146,,0.40374140169762,,,,,,,,,,,,,,,,,,,,-1.60620657843566,,,,0.355718530331727,,-0.791725012517237,,,,,,,,,,,,,,,134.656,103,1394.75145631068,575.758252427185,1311.40291262136,1444.35533980583,1345.14757281553,638.278640776699,513.23786407767,1388.33009708738,1234.47572815534,0
468.1728,-0.626401922856376,-0.355725035164758,-0.623198367036096,0.18684090409237,-0.272364738313356,,,,-0.954586309574993,,0.406214652192291,,,,,,,,,,,,,,,,,,,,-1.61757197195876,,,,0.32289465139273,,-0.806428039751799,,,,,,,,,,,,,,,134.7584,102,1266.15784313726,560.607352941177,1324.43137254902,1314.04705882353,1218.26862745098,622.913725490196,498.300980392157,1409.01960784314,1239.8431372549,0
468.2752,-0.629485951689707,-0.334153185561078,-0.610779812724004,0.217548165958439,-0.261110719916339,,,,-0.944545258871787,,0.407962260433044,,,,,,,,,,,,,,,,,,,,-1.62840842664524,,,,0.289640411085789,,-0.821113963857558,,,,,,,,,,,,,,,134.8608,103,788.280582524272,527.022815533981,1364.8786407767,794.871844660194,781.68932038835,581.850485436893,472.195145631068,1467.95145631068,1261.80582524272,0
468.3776,-0.630997798552982,-0.312979625080524,-0.597654424124391,0.248317865832924,-0.249359704372653,,,,-0.93323505501016,,0.408969124727055,,,,,,,,,,,,,,,,,,,,-1.63869836899721,,,,0.255973331702934,,-0.835737095858162,,,,,,,,,,,,,,,134.9632,102,780.657352941176,524.318137254902,1369.13235294118,783.76862745098,777.546078431373,574.06862745098,474.567647058824,1460.98039215686,1277.28431372549,0
468.48,-0.630867096391817,-0.292231323812228,-0.583796636493967,0.279053869257841,-0.237122672509238,,,,-0.920710494906258,,0.409221653287413,,,,,,,,,,,,,,,,,,,,-1.64842103526187,,,,0.221912699165844,,-0.850250091125619,,,,,,,,,,,,,,,135.0656,102,672.889705882353,546.593137254902,1351.66176470588,685.416666666667,660.362745098039,596.941176470588,496.245098039216,1400.70588235294,1302.61764705882,0
468.5824,-0.629027532591251,-0.271930468368486,-0.569180213674166,0.30965778140967,-0.224410909316568,,,,-0.907031299841122,,0.408707929280586,,,,,,,,,,,,,,,,,,,,-1.65755266533433,,,,0.187479567129855,,-0.864603920065635,,,,,,,,,,,,,,,135.168,103,666.407766990291,546.170388349515,1351.44660194175,678.629126213592,654.18640776699,599.436893203884,492.903883495146,1396.58252427184,1306.31067961165,0
468.6848,-0.625417291178077,-0.252094597249974,-0.55377861116944,0.340029430375163,-0.211235907795277,,,,-0.892261935599392,,0.407417879181747,,,,,,,,,,,,,,,,,,,,-1.66606675524773,,,,0.152696736418329,,-0.878747853733861,,,,,,,,,,,,,,,135.2704,102,741.959803921569,542.883823529412,1360.20098039216,760.277450980392,723.642156862745,597.582352941177,488.185294117647,1423.6568627451,1296.74509803922,0
468.7872,-0.619979470722571,-0.23273674353792,-0.537565329077706,0.370067378379052,-0.197609289470842,,,,-0.876471403906245,,0.405343439514509,,,,,,,,,,,,,,,,,,,,-1.67393437128404,,,,0.117588713444766,,-0.892629462595846,,,,,,,,,,,,,,,135.3728,103,1227.97961165049,514.009708737864,1344.95631067961,1274.43300970874,1181.52621359223,572.566019417476,455.453398058253,1420.93203883495,1268.98058252427,0
468.8896,-0.612662478759603,-0.213865579909642,-0.520514252057038,0.399669431610596,-0.183542754992174,,,,-0.859732995363161,,0.402478716887579,,,,,,,,,,,,,,,,,,,,-1.68112450929155,,,,0.0821816556944481,,-0.906194626053563,,,,,,,,,,,,,,,135.4752,102,1239.84509803922,516.798529411765,1341.4068627451,1285.86176470588,1193.82843137255,576.936274509804,456.660784313726,1424.29411764706,1258.51960784314,0
468.992,-0.603420420840411,-0.195485574416881,-0.502599993121761,0.428733123465389,-0.169048076978721,,,,-0.842124005887257,,0.398820140001124,,,,,,,,,,,,,,,,,,,,-1.68760447273217,,,,0.0465033092633049,,-0.919387553226394,,,,,,,,,,,,,,,135.5776,102,1241.25049019608,522.43137254902,1342.75980392157,1287.96078431373,1194.54019607843,584.277450980392,460.585294117647,1428.89215686275,1256.62745098039,0
469.0944,-0.592213500154794,-0.177597162704848,-0.483798254885808,0.457156159776113,-0.154137135807995,,,,-0.823725433458914,,0.394366599743877,,,,,,,,,,,,,,,,,,,,-1.69334025867269,,,,0.0105829390626282,,-0.932150817011994,,,,,,,,,,,,,,,135.68,103,1298.95873786408,531.932038834952,1338.6359223301,1346.84757281553,1251.06990291262,597.366990291262,466.497087378641,1428.66990291262,1248.60194174757,0
469.1968,-0.579008416314144,-0.160196928048049,-0.464086195477978,0.484836829785909,-0.138821981787941,,,,-0.804621667845902,,0.38911957291762,,,,,,,,,,,,,,,,,,,,-1.69829696613717,,,,-0.0255487493229509,,-0.944425403164948,,,,,,,,,,,,,,,135.7824,102,1469.77745098039,558.790196078431,1331.80392156863,1524.17941176471,1415.37549019608,640.524509803922,477.055882352941,1426.35294117647,1237.25490196078,0
469.2992,-0.563778728572216,-0.143277768077293,-0.443442763649528,0.511674398224102,-0.123114890034492,,,,-0.784900165851047,,0.383083228929156,,,,,,,,,,,,,,,,,,,,-1.70243924652872,,,,-0.0618596990526594,,-0.956150777659751,,,,,,,,,,,,,,,135.8848,103,1470.05922330097,558.924757281553,1337.20388349515,1525.50291262136,1414.61553398058,641.410679611651,476.438834951456,1437.71844660194,1236.68932038835,0
469.4016,-0.546505153506829,-0.126829023460793,-0.421848968128612,0.53756949856686,-0.107028373217316,,,,-0.76465109279049,,0.376264519134931,,,,,,,,,,,,,,,,,,,,-1.70573180001518,,,,-0.0983166095659052,,-0.967264980604344,,,,,,,,,,,,,,,135.9872,102,1469.54509803922,560.161764705882,1347.83823529412,1526.42549019608,1412.66470588235,641.230392156863,479.093137254902,1449.87254901961,1245.80392156863,0
469.504,-0.527175790595177,-0.110836556719242,-0.399288069315656,0.562424549517236,-0.0905751377662183,,,,-0.74396691890663,,0.36867324869737,,,,,,,,,,,,,,,,,,,,-1.70813990819771,,,,-0.134885071036076,,-0.977704760894531,,,,,,,,,,,,,,,136.0896,102,1471.81029411765,555.66568627451,1346.63725490196,1529.88235294118,1413.73823529412,644.519607843137,466.811764705882,1449.36274509804,1243.91176470588,0
469.6064,-0.505786287455837,-0.0952827955278109,-0.375745710123524,0.58614421309163,-0.0737679936481297,,,,-0.722941974174689,,0.36032213520187,,,,,,,,,,,,,,,,,,,,-1.70962998349094,,,,-0.171529728918854,,-0.987405767575265,,,,,,,,,,,,,,,136.192,103,1511.90533980583,568.76359223301,1341.64077669903,1569.36019417476,1454.45048543689,658.494174757282,479.033009708738,1447.85436893204,1235.42718446602,0
469.7088,-0.482339965922716,-0.0801467722425617,-0.351210020112431,0.608635892138749,-0.0566197431731399,,,,-0.701671972578854,,0.351226857207161,,,,,,,,,,,,,,,,,,,,-1.71017009518427,,,,-0.208214468884944,,-0.996302804387534,,,,,,,,,,,,,,,136.2944,102,1368.90490196078,571.474509803922,1349.64215686275,1417.83823529412,1319.97156862745,641.736274509804,501.212745098039,1452.07843137255,1247.20588235294,0
469.8112,-0.456847944291755,-0.0654041921892365,-0.325671736358863,0.629810236966112,-0.0391430820289796,,,,-0.680253521202532,,0.341406087213725,,,,,,,,,,,,,,,,,,,,-1.70973041772111,,,,-0.244902599763782,,-1.00433013380696,,,,,,,,,,,,,,,136.3968,103,1222.5140776699,574.471359223301,1379.93203883495,1265.12427184466,1179.90388349515,634.449514563107,514.493203883495,1481.93203883495,1277.93203883495,0
469.9136,-0.429329302505856,-0.0510275641258158,-0.299124392135795,0.649581623819488,-0.021350544785146,,,,-0.658783634016161,,0.33088150355103,,,,,,,,,,,,,,,,,,,,-1.7082835630934,,,,-0.281557008947845,,-1.01142180531326,,,,,,,,,,,,,,,136.4992,102,1221.94117647059,580.414215686275,1398.9068627451,1263.66862745098,1180.2137254902,634.814705882353,526.013725490196,1507.51960784314,1290.29411764706,0
470.016,-0.399811316092537,-0.0369864238759129,-0.271564609934853,0.667868589155542,-0.00325451292527792,,,,-0.637359267180385,,0.319677786737668,,,,,,,,,,,,,,,,,,,,-1.70580479348654,,,,-0.318140275613345,,-1.01751199458671,,,,,,,,,,,,,,,136.6016,102,1224.75441176471,576.129901960784,1402.83333333333,1262.9137254902,1186.59509803922,630.907843137255,521.351960784314,1511.12745098039,1294.53921568627,0
470.1184,-0.368329738579816,-0.0232476580706942,-0.242992490911447,0.684594227754822,0.0151327176109015,,,,-0.61607688409421,,0.307822608282851,,,,,,,,,,,,,,,,,,,,-1.70227213917975,,,,-0.354614745297992,,-1.02253535810557,,,,,,,,,,,,,,,136.704,103,1445.80339805825,590.415533980583,1377.12621359223,1493.63786407767,1397.96893203884,665.759223300971,515.071844660194,1479.47572815534,1274.77669902913,0
470.2208,-0.334929093419264,-0.00977590970431197,-0.213412064528251,0.699686571630933,0.0337988249266526,,,,-0.595032055671048,,0.295346609892327,,,,,,,,,,,,,,,,,,,,-1.69766646399176,,,,-0.390942581727736,,-1.02642740621935,,,,,,,,,,,,,,,136.8064,102,1463.04460784314,585.043137254902,1380.92156862745,1507.97450980392,1418.11470588235,669.514705882353,500.571568627451,1493.33333333333,1268.50980392157,0
470.3232,-0.299662962020297,0.00346594811557836,-0.182831781078382,0.713078965446243,0.0527313180472903,,,,-0.574319102405312,,0.282283363757299,,,,,,,,,,,,,,,,,,,,-1.69197152146246,,,,-0.427085814027875,,-1.02912488171518,,,,,,,,,,,,,,,136.9088,103,1464.95388349515,582.523300970874,1387.06310679612,1510.50097087379,1419.40679611651,666.492233009709,498.554368932039,1499.66990291262,1274.45631067961,0
470.4256,-0.262594281435102,0.0165162668417866,-0.151265057697359,0.724710442808287,0.0719173624292868,,,,-0.554030781760535,,0.268669301763002,,,,,,,,,,,,,,,,,,,,-1.68517402893716,,,,-0.463006395959181,,-1.03056611856422,,,,,,,,,,,,,,,137.0112,102,1436.65345824766,579.055152603533,1399.21859849994,1489.77485789822,1383.53205859711,653.310506719542,504.799798487524,1505.91156642432,1292.52563057556,0
470.528,-0.223795660497907,0.029414007334798,-0.118730882141915,0.734526085188528,0.0913435667865304,,,,-0.53425801669658,,0.254543598423875,,,,,,,,,,,,,,,,,,,,-1.67726376384419,,,,-0.49866629064404,,-1.03069135531518,,,,,,,,,,,,,,,137.1136,102,1305.34904585204,532.399459999481,1414.87696499468,1356.37719101124,1254.32090069284,602.347303370787,462.451616628176,1504.71235955056,1325.0415704388,0.715686274509804
470.6304,-0.183349695113896,0.0421980785353577,-0.0852544467036831,0.742477334560143,0.110995730391043,,,,-0.515089650535824,,0.239947999093069,,,,,,,,,,,,,,,,,,,,-1.66823366870833,,,,-0.534027583581293,,-1.02944299381305,,,,,,,,,,,,,,,137.216,103,1161.21825206944,481.235690115993,1429.59832368892,1203.73280898876,1118.70369515012,546.582696629214,415.888683602771,1501.48764044944,1357.70900692841,1
470.7328,-0.141349241057611,0.0549066624218186,-0.0508677649791053,0.748522248295938,0.130858564307611,,,,-0.496612207492238,,0.224926604198288,,,,,,,,,,,,,,,,,,,,-1.65807995274307,,,,-0.569052613913145,,-1.02676581789192,,,,,,,,,,,,,,,137.3184,102,1017.08745828684,430.071920232504,1444.31968238316,1051.08842696629,983.08648960739,490.818089887641,369.325750577367,1498.26292134831,1390.37644341801,0.843137254901961
470.8352,-0.0978976113924708,0.0675765462975304,-0.0156102372027086,0.752625709025426,0.150915407293741,,,,-0.47890964889519,,0.209525632034794,,,,,,,,,,,,,,,,,,,,-1.64680219914254,,,,-0.603704113878227,,-1.02260719379175,,,,,,,,,,,,,,,137.4208,103,883.470328868159,384.183180279903,1458.48560757774,904.438758590597,862.501899145721,441.214955819788,327.151404740017,1498.8088796771,1418.16233547837,0
470.9376,-0.0531086958185897,0.0802424682528797,0.0204708414007584,0.75475960986738,0.171147953517391,,,,-0.462063135247095,,0.193793175676484,,,,,,,,,,,,,,,,,,,,-1.63440350086971,,,,-0.637945357471355,,-1.01691726158451,,,,,,,,,,,,,,,137.5232,102,844.428921568627,373.830882352941,1446.60784313726,842.352941176471,846.504901960784,418.098039215686,329.563725490196,1481.3137254902,1411.90196078431,0
471.04,-0.00710701249486015,0.0929364752046485,0.0573198223333835,0.754903026122003,0.191536002347538,,,,-0.446150807348657,,0.177778958598927,,,,,,,,,,,,,,,,,,,,-1.62089063082913,,,,-0.671740325408257,,-1.00964911770587,,,,,,,,,,,,,,,137.6256,102,835.873039215686,345.161764705882,1427.5,822.474509803922,849.271568627451,378.883333333333,311.440196078431,1447.94117647059,1407.05882352941,0
471.1424,0.0399723142383271,0.105687294453379,0.0948723002961068,0.753042366884226,0.212057234711324,,,,-0.431247580539094,,0.161534093037513,,,,,,,,,,,,,,,,,,,,-1.60627422009901,,,,-0.705053888446833,,-1.00075899027804,,,,,,,,,,,,,,,137.728,103,835.256310679612,325.933009708738,1426.8640776699,821.372815533981,849.139805825243,362.821359223301,289.044660194175,1442.08737864078,1411.64077669903,0
471.2448,0.0879836749777046,0.118519718305488,0.133054779400504,0.749171487013861,0.23268701322397,,,,-0.41742493480246,,0.145110848545282,,,,,,,,,,,,,,,,,,,,-1.59056890253247,,,,-0.737852003509272,,-0.990206410169922,,,,,,,,,,,,,,,137.8304,102,847.905882352941,341.938235294118,1444.84803921569,846.760784313726,849.050980392157,396.552941176471,287.323529411765,1471.77450980392,1417.92156862745,0
471.3472,0.136771219089537,0.131453997243344,0.171784420869688,0.743291739382443,0.253398199174638,,,,-0.40475069541341,,0.128562435150952,,,,,,,,,,,,,,,,,,,,-1.57379339576157,,,,-0.770101913827418,,-0.977954378445155,,,,,,,,,,,,,,,137.9328,103,920.716990291262,362.752427184466,1465.54854368932,949.121359223301,892.312621359223,437.098058252427,288.406796116505,1512.32038834951,1418.77669902913,0
471.4496,0.186169242370285,0.144505252038845,0.210968892175517,0.735411953994877,0.274160990399304,,,,-0.393288807663116,,0.1119427987281,,,,,,,,,,,,,,,,,,,,-1.55597051140227,,,,-0.801772343881124,,-0.963969530152669,,,,,,,,,,,,,,,138.0352,102,1053.10441176471,408.788725490196,1482.34803921569,1104.48529411765,1001.72352941176,484.929411764706,332.648039215686,1553.94117647059,1410.75490196078,0
471.552,0.236002742738459,0.157682950856719,0.250506363140059,0.725548339680223,0.294942805234725,,,,-0.383099099756783,,0.0953064189067534,,,,,,,,,,,,,,,,,,,,-1.53712710775495,,,,-0.832833683069288,,-0.948222295533586,,,,,,,,,,,,,,,138.1376,102,1054.0118300289,413.347389561336,1477.14862479558,1107.08512912014,1000.93853093767,494.810064847857,331.884714274815,1549.63464563908,1404.66260395209,0
471.6544,0.286088157128921,0.170990514343274,0.290285698968177,0.71372431662103,0.315708247885652,,,,-0.37423702364871,,0.0787080917874484,,,,,,,,,,,,,,,,,,,,-1.51729401548435,,,,-0.863258160191065,,-0.930687060582983,,,,,,,,,,,,,,,138.24,103,1039.49165632353,447.044178272556,1476.1379838114,1093.74090019569,985.242412451362,523.805088062622,370.28326848249,1539.94911937378,1412.32684824903,0.660194174757282
471.7568,0.336234263117812,0.184425081303032,0.330186861683009,0.69997030058401,0.336419176080295,,,,-0.366753380719888,,0.0622026802464163,,,,,,,,,,,,,,,,,,,,-1.4965059711278,,,,-0.89302001603311,,-0.911342328814897,,,,,,,,,,,,,,,138.3424,102,1022.54546237636,485.843964302847,1475.10753595986,1078.09510763209,966.995817120623,555.69843444227,415.989494163424,1528.5156555773,1421.69941634241,1
471.8592,0.386243201544375,0.197977415377839,0.370081479940826,0.684323463643151,0.357034857342372,,,,-0.360694062577925,,0.0458448304984902,,,,,,,,,,,,,,,,,,,,-1.47480157482258,,,,-0.922095676764006,,-0.890170883596517,,,,,,,,,,,,,,,138.4448,103,1005.59926842919,524.643750333138,1474.07708810831,1062.44931506849,948.749221789883,587.591780821918,461.695719844358,1517.08219178082,1431.0719844358,1
471.9616,0.435911567942105,0.21163190566057,0.409833523729825,0.666827487820461,0.377512167732134,,,,-0.356099845696229,,0.0296886738642323,,,,,,,,,,,,,,,,,,,,-1.45222326262427,,,,-0.950463921526558,,-0.867159947425335,,,,,,,,,,,,,,,138.5472,102,988.653074482018,563.443536363429,1473.04664025676,1046.80352250489,930.502626459144,619.485127201566,507.401945525292,1505.64872798434,1440.44455252918,0.53921568627451
472.064,0.485031532460985,0.225366626796708,0.449300036171356,0.647532316313528,0.397805784597135,,,,-0.353006264471708,,0.0137875399477935,,,,,,,,,,,,,,,,,,,,-1.42881727364119,,,,-0.978106033570373,,-0.842301334909431,,,,,,,,,,,,,,,138.6496,102,963.389728705565,608.065044611736,1476.17854793162,1010.75847434864,916.020983062486,665.980123556272,550.149965667201,1504.25758796669,1448.09950789654,0
472.1664,0.533391971809962,0.239153455836011,0.488331910429757,0.626493903527942,0.417868355294736,,,,-0.351443559163082,,-0.0018063042293851,,,,,,,,,,,,,,,,,,,,-1.40463360082015,,,,-1.00500592839156,,-0.815591598984859,,,,,,,,,,,,,,,138.752,103,952.079126213592,606.52427184466,1454.88834951456,981.521359223301,922.636893203883,659.204854368932,553.843689320388,1467.83495145631,1441.94174757282,0
472.2688,0.580779614288785,0.252958260281454,0.526774721984551,0.603773969566795,0.437650655897618,,,,-0.351436674010504,,-0.0170418905792071,,,,,,,,,,,,,,,,,,,,-1.37972593314361,,,,-1.03115025879459,,-0.787032171873842,,,,,,,,,,,,,,,138.8544,102,948.167156862745,595.591176470588,1451.73039215686,967.383333333333,928.950980392157,652.360784313726,538.821568627451,1459.63725490196,1443.82352941176,0
472.3712,0.62698019568679,0.266741159086607,0.564469616054445,0.579439768357429,0.457101760853171,,,,-0.353005279131521,,-0.0318697656563959,,,,,,,,,,,,,,,,,,,,-1.35415161486351,,,,-1.05652849939993,,-0.756629502706292,,,,,,,,,,,,,,,138.9568,103,814.327887262716,547.409013186495,1329.47971308506,764.401941747573,864.253832777858,499.972815533981,594.845210839009,1217.07766990291,1441.88175626721,0
472.4736,0.671779611199179,0.280456836257138,0.601254227490665,0.553563872894955,0.476169231357433,,,,-0.35616379679288,,-0.0462421825804238,,,,,,,,,,,,,,,,,,,,-1.32797163999901,,,,-1.08113301064506,,-0.724395192795094,,,,,,,,,,,,,,,139.0592,102,856.750762576332,521.628197241111,1335.43713088107,800.600352444775,912.901172707889,484.884432861752,558.371961620469,1233.5789525937,1437.29530916844,0.0784313725490196
472.576,0.714965052552345,0.294054886285896,0.636963612670044,0.526223963435096,0.494799320717577,,,,-0.360921413978155,,-0.060113267719934,,,,,,,,,,,,,,,,,,,,-1.30125065926353,,,,-1.10495907734557,,-0.69034612741989,,,,,,,,,,,,,,,139.1616,102,970.426516423308,467.95644220129,1368.42950392702,947.591518987342,993.261513859275,455.465443037975,480.447441364606,1315.00506329114,1421.8539445629,1
472.6784,0.756326143599667,0.307480194087111,0.671431203350832,0.497502588658947,0.512937200686619,,,,-0.367282061834069,,-0.0734391758346546,,,,,,,,,,,,,,,,,,,,-1.27405694553177,,,,-1.12800491475486,,-0.654504600916331,,,,,,,,,,,,,,,139.264,103,1086.0178891258,414.310469083156,1402.9684434968,1098.02,1074.0157782516,426.48,402.140938166311,1399.6,1406.3368869936,1
472.7808,0.795656106421477,0.320673371502434,0.704489816938341,0.467486874639374,0.530527219270637,,,,-0.375244349137325,,-0.0861782584112856,,,,,,,,,,,,,,,,,,,,-1.24646228422158,,,,-1.15027163833976,,-0.616898431604705,,,,,,,,,,,,,,,139.3664,102,1201.60926182829,360.664495965021,1437.50738306658,1248.44848101266,1154.77004264392,397.494556962025,323.834434968017,1484.19493670886,1390.81982942431,0.53921568627451
472.8832,0.832752983336013,0.333571267404694,0.735972750162089,0.436268175343208,0.547513196086563,,,,-0.384801452167734,,-0.0982912616651584,,,,,,,,,,,,,,,,,,,,-1.21854179748018,,,,-1.17176319759483,,-0.577561064665309,,,,,,,,,,,,,,,139.4688,103,1284.28891133528,317.665839948242,1459.78339853254,1342.98275777314,1225.59506489743,381.790561632051,253.541118264434,1546.61890131498,1372.9478957501,0
472.9856,0.867420915683957,0.346107549246288,0.765714955267789,0.403941672902818,0.563838753114124,,,,-0.395940979535532,,-0.109741552389237,,,,,,,,,,,,,,,,,,,,-1.19037372794208,,,,-1.19248627637904,,-0.536531662616662,,,,,,,,,,,,,,,139.5712,102,1291.28480392157,305.695588235294,1458.11764705882,1347.24411764706,1235.32549019608,374.450980392157,236.940196078431,1554.8431372549,1361.39215686275,0
473.088,0.899471459012263,0.358213339407067,0.793554275084231,0.370605945948012,0.579447674060197,,,,-0.408644839385112,,-0.120495356635598,,,,,,,,,,,,,,,,,,,,-1.16203920076259,,,,-1.21245016583972,,-0.493855182502975,,,,,,,,,,,,,,,139.6736,102,1797.74068627451,325.15,1396.33333333333,1864.56764705882,1730.9137254902,373.140196078431,277.159803921569,1506.93137254902,1285.73529411765,0
473.1904,0.92872490878361,0.369817883467627,0.819332705791778,0.336362533914235,0.594284285693509,,,,-0.422889132530056,,-0.130521990285692,,,,,,,,,,,,,,,,,,,,-1.13362197334522,,,,-1.23166662085216,,-0.449582436079915,,,,,,,,,,,,,,,139.776,103,2054.57427184466,333.996601941748,1361.49514563107,2115.92815533981,1993.22038834951,374.782524271845,293.210679611651,1480.6213592233,1242.36893203884,0
473.2928,0.955011617239276,0.380849227126737,0.842897659965068,0.30131552643703,0.608293855733969,,,,-0.438644080450186,,-0.139794061435158,,,,,,,,,,,,,,,,,,,,-1.10520817721749,,,,-1.25014971194274,,-0.403770126813461,,,,,,,,,,,,,,,139.8784,102,2040.52745098039,274.627450980392,1361.20098039216,2100.55098039216,1980.50392156863,314.703921568628,234.550980392157,1478.69607843137,1243.70588235294,0
473.3952,0.978173287275338,0.391234886197704,0.864103210818853,0.265571192225087,0.621422999351386,,,,-0.455873981934076,,-0.148287634041605,,,,,,,,,,,,,,,,,,,,-1.07688605554395,,,,-1.26791567933527,,-0.356480857814416,,,,,,,,,,,,,,,139.9808,103,1993.81067961165,126.456310679612,1370.46116504854,2053.03106796117,1934.59029126214,173.106796116505,79.8058252427185,1481.33009708738,1259.59223300971,0
473.4976,0.998064222873423,0.400902505298844,0.882811302105863,0.229237636910024,0.633620081679823,,,,-0.474537187744811,,-0.155982356257247,,,,,,,,,,,,,,,,,,,,-1.04874569961228,,,,-1.28498278689102,,-0.307783106793719,,,,,,,,,,,,,,,140.0832,102,2008.06029411765,96.5524509803922,1357.5,2065.51176470588,1950.60882352941,143.489215686275,49.6156862745098,1471,1244,0
473.6,1.01455250282457,0.409780501873322,0.898892900883326,0.192424464367488,0.644835599901757,,,,-0.494586092549505,,-0.162861564130641,,,,,,,,,,,,,,,,,,,,-1.02087878590754,,,,-1.30137116851056,,-0.257751165459776,,,,,,,,,,,,,,,140.1856,102,2038.69705882353,18.2700980392157,1338.44607843137,2093.57058823529,1983.82352941176,60.7303921568628,-24.1901960784314,1454.95098039216,1221.94117647059,0
473.7024,1.02752104327176,0.41779868486226,0.912229064760646,0.155242422850088,0.655022528743971,,,,-0.515967156578136,,-0.168912366770629,,,,,,,,,,,,,,,,,,,,-0.993378312613676,,,,-1.31710266235934,,-0.206465041243921,,,,,,,,,,,,,,,140.288,103,2037.19514563107,20.4558252427184,1335.85436893204,2092.39223300971,1981.99805825243,60.8436893203884,-19.9320388349515,1453.41747572816,1218.29126213592,0
473.8048,1.03686852961664,0.424888835726637,0.92271190343912,0.117803033663938,0.664136619704819,,,,-0.538620972617994,,-0.174125710897444,,,,,,,,,,,,,,,,,,,,-0.96633833016201,,,,-1.33220063477765,,-0.154010319024843,,,,,,,,,,,,,,,140.3904,102,1990.72321078431,37.5467156862745,1338.16703431373,2046.49544117647,1934.95098039216,79.543431372549,-4.45,1454.74583333333,1221.58823529412,0
473.9072,1.04251020802844,0.430985240080658,0.930245420718638,0.0802182142570424,0.672136648588492,,,,-0.562482391413154,,-0.178496417931844,,,,,,,,,,,,,,,,,,,,-0.939853662082238,,,,-1.34668980118961,,-0.100477979533734,,,,,,,,,,,,,,,140.4928,103,1809.97636363636,96.3667532467533,1358.04025974026,1885.48,1734.47272727273,137.797142857143,54.9363636363637,1459.17142857143,1256.90909090909,0.766990291262136
474.0096,1.04437852159041,0.436025158304514,0.934746220002725,0.0425999168713676,0.678984605618535,,,,-0.587480717389769,,-0.182023186258337,,,,,,,,,,,,,,,,,,,,-0.914019624353803,,,,-1.36059605452502,,-0.0459641698906599,,,,,,,,,,,,,,,140.5952,102,1619.58709353147,158.004392690643,1379.7449248668,1718.66125,1520.51293706294,197.613214285714,118.395571095571,1464.11339285714,1295.37645687646,1
474.112,1.04242357731944,0.439949235701835,0.936144065173239,0.00505979787590867,0.684645826447775,,,,-0.61353997718304,,-0.184708558707188,,,,,,,,,,,,,,,,,,,,-0.888931752127951,,,,-1.37394630911616,,0.00943007914372147,,,,,,,,,,,,,,,140.6976,102,1430.12655157343,219.341360722611,1401.34371357809,1552.65625,1307.59685314685,257.1375,181.545221445221,1469.03125,1333.65617715618,1
474.2144,1.03661344215823,0.442701862945381,0.934382302794678,-0.0322910894474373,0.689089062998442,,,,-0.640579246217872,,-0.186558864437299,,,,,,,,,,,,,,,,,,,,-0.864685516271461,,,,-1.38676835923239,,0.0655991945796556,,,,,,,,,,,,,,,140.8,103,1248.28190771607,279.908793997265,1419.72949532264,1385.8375,1110.72631543214,316.953571428571,242.864016565958,1473.97321428571,1365.48577635956,0.737864077669903
474.3168,1.0269342691783,0.44423148134636,0.929418142784196,-0.069342603375241,0.692286480102748,,,,-0.668513013662383,,-0.187584141193,,,,,,,,,,,,,,,,,,,,-0.841375988124763,,,,-1.39909074433527,,0.122433466081932,,,,,,,,,,,,,,,140.9024,102,1145.57734068627,306.289576330532,1412.39104516807,1225.85075980392,1065.30392156863,374.059544817927,238.519607843137,1478.77228641457,1346.00980392157,0
474.4192,1.01339025104869,0.444490805787564,0.921222777693782,-0.105985847837066,0.694213555806877,,,,-0.697251577983404,,-0.187798033375788,,,,,,,,,,,,,,,,,,,,-0.819097421169775,,,,-1.41094261352824,,0.17981951916153,,,,,,,,,,,,,,,141.0048,103,1123.13106796117,310.737378640777,1409.93689320388,1182.50485436893,1063.7572815534,390.749514563107,230.725242718447,1478.94174757282,1340.93203883495,0
474.5216,0.996003393403981,0.443436941827224,0.909781320453848,-0.142113544775151,0.694848876633913,,,,-0.726701481255956,,-0.18721765763408,,,,,,,,,,,,,,,,,,,,-0.797942751778323,,,,-1.42235358671866,,0.237640861215605,,,,,,,,,,,,,,,141.1072,102,1119.24004230922,322.520057958389,1408.98977923783,1178.79780578898,1059.68227882946,395.83837535014,249.201740566637,1468.60616246499,1349.37339601067,0
474.624,0.974813086504412,0.441031394417844,0.895092545532242,-0.177620442264816,0.694173838285926,,,,-0.756766002266152,,-0.185863430084714,,,,,,,,,,,,,,,,,,,,-0.778003057422261,,,,-1.43335361540487,,0.295778503090532,,,,,,,,,,,,,,,141.2096,102,1029.76541019576,463.76631183791,1260.95630978093,1029.05317460317,1030.47764578834,615.004761904762,312.527861771058,1154.94285714286,1366.96976241901,0.245098039215686
474.7264,0.949875439331033,0.437239981413874,0.87716842010338,-0.212403744486563,0.692172268059756,,,,-0.7873457288077,,-0.183758853230942,,,,,,,,,,,,,,,,,,,,-0.759367039345952,,,,-1.44397284992725,,0.354111657414745,,,,,,,,,,,,,,,141.312,103,904.367453460866,669.552746066029,1042.2685590867,820.961904761905,987.773002159827,933.242857142857,405.862634989201,698.085714285714,1386.45140388769,1
474.8288,0.921262356871222,0.432032668638956,0.856033424474239,-0.246363549257893,0.688829984384317,,,,-0.818339211310512,,-0.180930268107742,,,,,,,,,,,,,,,,,,,,-0.742120597598792,,,,-1.45424152138491,,0.412518514955145,,,,,,,,,,,,,,,141.4144,102,781.58772735156,861.484418389386,920.790892426085,618.107096171802,945.068358531318,1223.77142857143,499.197408207343,435.648739495798,1405.93304535637,1
474.9312,0.889060389790964,0.42538334171815,0.831723689901221,-0.279403286854479,0.684134313899706,,,,-0.849643670170247,,-0.177406587144894,,,,,,,,,,,,,,,,,,,,-0.726346531748339,,,,-1.46418984464505,,0.470877095765658,,,,,,,,,,,,,,,141.5168,103,826.183799198977,954.224828576821,1055.51316865525,750.003883495146,902.363714902808,1315.91747572816,592.532181425486,685.611650485437,1425.41468682505,0.320388349514563
475.0336,0.853369429732644,0.417269531268539,0.804286010063244,-0.31143015911723,0.678073592678002,,,,-0.88115570695624,,-0.173219028285869,,,,,,,,,,,,,,,,,,,,-0.712124352823158,,,,-1.47384794389293,,0.529066154647604,,,,,,,,,,,,,,,141.6192,102,786.253104222251,608.917543302418,1331.82166603142,753.387254901961,819.11895354254,589.482352941177,628.35273366366,1237.41176470588,1426.23156735696,0
475.136,0.814301334998824,0.407672111155027,0.773776791642127,-0.34235557397913,0.670636679327566,,,,-0.912771970301826,,-0.168400864787246,,,,,,,,,,,,,,,,,,,,-0.699530155609547,,,,-1.48324579414832,,0.586966094975012,,,,,,,,,,,,,,,141.7216,102,742.103921568628,605.017156862745,1318.60784313725,713.78431372549,770.423529411765,604.341176470588,605.693137254902,1220.96078431373,1416.25490196078,0
475.2384,0.771978560229862,0.396574991119237,0.740261003633993,-0.372095564733593,0.661812511300913,,,,-0.944389746739065,,-0.16298719143759,,,,,,,,,,,,,,,,,,,,-0.688636488692793,,,,-1.49241316364675,,0.64445983324291,,,,,,,,,,,,,,,141.824,103,768.852447353704,574.575764062696,1313.61430304586,732.149838187702,805.555056519706,589.905393743258,559.246134382134,1216.45091693635,1410.77768915537,0
475.3408,0.726532854956298,0.383964828454996,0.703811181858972,-0.40057118813498,0.651589742435296,,,,-0.975907464931738,,-0.157014700804677,,,,,,,,,,,,,,,,,,,,-0.679512174072442,,,,-1.50137953857186,,0.701433572217539,,,,,,,,,,,,,,,141.9264,102,873.661264557759,484.014025285909,1354.54459133354,860.463888888889,886.858640226629,522.975925925926,445.052124645892,1303.24074074074,1405.84844192635,0.970588235294118
475.4432,0.678104086967324,0.369830781891791,0.664506538609345,-0.427708905939387,0.639956488657776,,,,-1.00722511029693,,-0.150521467787574,,,,,,,,,,,,,,,,,,,,-0.672222054795193,,,,-1.51017401614106,,0.757777466577815,,,,,,,,,,,,,,,142.0288,103,984.127840730249,391.316105340468,1399.53016472563,999.977777777778,968.27790368272,451.985185185185,330.647025495751,1398.14814814815,1400.91218130312,0.592233009708738
475.5456,0.62683921552296,0.354164311070331,0.62243219514526,-0.453440952150421,0.626900173846806,,,,-1.03824455682945,,-0.143546742429695,,,,,,,,,,,,,,,,,,,,-0.666826669811832,,,,-1.51882516043629,,0.813386179431097,,,,,,,,,,,,,,,142.1312,102,1083.86550335747,309.382910512857,1439.02030885799,1128.64057734205,1039.09042937288,386.271822803195,232.493998222519,1485.32098765432,1392.71963006166,0
475.648,0.572891393948518,0.33695900591554,0.577678513975644,-0.477705674839493,0.612407448176861,,,,-1.0688698369541,,-0.136130744339487,,,,,,,,,,,,,,,,,,,,-0.663381861411305,,,,-1.52736082327796,,0.868159331590693,,,,,,,,,,,,,,,142.2336,102,1103.72794117647,299.284803921569,1447.29411764706,1157.13235294118,1050.32352941176,367.961764705882,230.607843137255,1510.23529411765,1384.35294117647,0
475.7504,0.516419162673513,0.318210444788252,0.530340506125433,-0.500447836288687,0.596464171987941,,,,-1.09900737489474,,-0.128314455124738,,,,,,,,,,,,,,,,,,,,-0.661938320934916,,,,-1.53580793989904,,0.92200184677737,,,,,,,,,,,,,,,142.336,103,1104.25485436893,291.880097087379,1449.24757281553,1159.61844660194,1048.89126213592,361.84854368932,221.911650485437,1514.2427184466,1384.25242718447,0
475.8528,0.457585718302278,0.297916104581726,0.480517319867252,-0.521618859185021,0.579055474310881,,,,-1.12856619874623,,-0.120139417789509,,,,,,,,,,,,,,,,,,,,-0.662541086922701,,,,-1.54419231473324,,0.974824196424059,,,,,,,,,,,,,,,142.4384,102,1106.06029411765,290.050980392157,1444.67647058824,1158.32156862745,1053.79901960784,356.369607843137,223.732352941176,1510.92156862745,1378.43137254902,0
475.9552,0.396558267270258,0.276075330534771,0.428311821362874,-0.541177010968268,0.560165872968016,,,,-1.15745813214154,,-0.111647549725238,,,,,,,,,,,,,,,,,,,,-0.665229014424964,,,,-1.55253840919494,,1.02654254849511,,,,,,,,,,,,,,,142.5408,103,1105.69514563107,289.962621359223,1449.07766990291,1158.37087378641,1053.01941747573,354.655339805825,225.269902912621,1515.01941747573,1383.1359223301,0
476.0576,0.333507459961255,0.252689338292867,0.373830246426821,-0.559087531319113,0.539779427718111,,,,-1.18559795854727,,-0.10288096304535,,,,,,,,,,,,,,,,,,,,-0.67003421839236,,,,-1.56086912881703,,1.07707882769788,,,,,,,,,,,,,,,142.6432,102,1110.51764705882,286.756862745098,1461.35784313726,1162.63529411765,1058.4,351.142156862745,222.371568627451,1525.91176470588,1396.80392156863,0
476.16,0.268606883757888,0.2277612194341,0.317181890999763,-0.575322727568477,0.517879916389844,,,,-1.21290355119072,,-0.0938817881358002,,,,,,,,,,,,,,,,,,,,-0.676981478737061,,,,-1.5692055981333,,1.12636069859576,,,,,,,,,,,,,,,142.7456,102,1109.875,289.060294117647,1472.10784313725,1161.63529411765,1058.11470588235,349.220588235294,228.9,1535.38235294118,1408.83333333333,0
476.2624,0.202032599851163,0.201295953694224,0.258478833104823,-0.589862063403522,0.49445103839014,,,,-1.23929596456822,,-0.0846920083266805,,,,,,,,,,,,,,,,,,,,-0.686087607631945,,,,-1.57756692588685,,1.17432148632614,,,,,,,,,,,,,,,142.848,103,1112.19708737864,286.836893203884,1481.14563106796,1162.98155339806,1061.41262135922,349.635922330097,224.03786407767,1541.78640776699,1420.50485436893,0
476.3648,0.133962718930271,0.173300457465542,0.197835702910388,-0.602692242709693,0.469476645952366,,,,-1.26469948773115,,-0.0753533148243913,,,,,,,,,,,,,,,,,,,,-0.697360814277621,,,,-1.58596998807348,,1.22090005364236,,,,,,,,,,,,,,,142.9504,102,1073.93137254902,362.575980392157,1499.1568627451,1121.52156862745,1026.34117647059,433.467647058824,291.68431372549,1572.20588235294,1426.10784313726,0
476.4672,0.0645770045782132,0.143783694049277,0.135369510914457,-0.613807268845766,0.442941003080484,,,,-1.28904167075066,,-0.0659069805754177,,,,,,,,,,,,,,,,,,,,-0.710800132587966,,,,-1.59442926291773,,1.26604066132627,,,,,,,,,,,,,,,143.0528,103,1054.17815533981,422.739805825243,1526.21359223301,1096.45631067961,1011.9,500.455339805825,345.02427184466,1615.27184466019,1437.15533980583,0
476.5696,-0.005943518583768,0.11275684449412,0.0711995192926408,-0.623208453518697,0.414829075492733,,,,-1.3122533485972,,-0.0563937410138336,,,,,,,,,,,,,,,,,,,,-0.72639497965576,,,,-1.6029567316144,,1.30969284328689,,,,,,,,,,,,,,,143.1552,102,1056.48039215686,423.275980392157,1532.61274509804,1099.12450980392,1013.8362745098,498.88137254902,347.670588235294,1621.40196078431,1443.82352941176,0
476.672,-0.077416969508231,0.0802335162236929,0.00544713045723101,-0.630904353042561,0.385126848258844,,,,-1.33426868706059,,-0.0468536685414155,,,,,,,,,,,,,,,,,,,,-0.744124880181883,,,,-1.61156182893663,,1.35181131032169,,,,,,,,,,,,,,,143.2576,102,1007.24754901961,453.013235294118,1547.48039215686,1044.60392156863,969.891176470588,530.254901960784,375.771568627451,1652.26470588235,1442.69607843137,0
476.7744,-0.149661021628345,0.0462299654487558,-0.0617642191195282,-0.636910620178581,0.35382165904167,,,,-1.35502526227416,,-0.0373260364499972,,,,,,,,,,,,,,,,,,,,-0.763959344507073,,,,-1.6202514128231,,1.39235586327154,,,,,,,,,,,,,,,143.36,103,985.754368932039,468.940291262136,1564.96116504854,1016.9932038835,954.515533980583,552.566019417476,385.314563106796,1684.54368932039,1445.3786407767,0
476.8768,-0.22249329933378,0.0107653226241909,-0.130309154144783,-0.641249778329268,0.320902541612116,,,,-1.37446416609088,,-0.0278491770084948,,,,,,,,,,,,,,,,,,,,-0.785857855623534,,,,-1.62902973067324,,1.43129128276653,,,,,,,,,,,,,,,143.4624,102,986.703921568627,463.090196078431,1577.98529411765,1017.20490196078,956.202941176471,545.192156862745,380.988235294118,1695.93137254902,1460.03921568627,0
476.9792,-0.295731748225122,-0.0261381740496824,-0.200060434203328,-0.643950947866525,0.286360591761941,,,,-1.39253011352542,,-0.018460343257638,,,,,,,,,,,,,,,,,,,,-0.809769915969673,,,,-1.63789837528101,,1.46858718243589,,,,,,,,,,,,,,,143.5648,103,990.242718446602,457.097087378641,1599.63106796117,1022.59805825243,957.887378640777,537.572815533981,376.621359223301,1726.08737864078,1473.17475728155,0
477.0816,-0.369194973857125,-0.0644549238093097,-0.270888993833686,-0.645049563806623,0.250189374524436,,,,-1.40917152619746,,-0.00919558644825009,,,,,,,,,,,,,,,,,,,,-0.835635118449948,,,,-1.64685622724503,,1.50421782872688,,,,,,,,,,,,,,,143.6672,102,991.440323356719,460.447520281476,1612.03796135908,1026.81268168959,956.067965023847,537.448458686957,383.446581875994,1740.3605014145,1483.71542130366,0
477.184,-0.442702541099167,-0.104155681099426,-0.342663940072434,-0.644587105488664,0.212385381268878,,,,-1.42434057754536,,-8.96552144885078e-05,,,,,,,,,,,,,,,,,,,,-0.863383219389117,,,,-1.65589938202738,,1.53816192043464,,,,,,,,,,,,,,,143.7696,102,1009.71793487517,435.398640804984,1640.19186051723,1047.50713101161,971.928738738739,522.005389718076,348.791891891892,1734.52155887231,1545.86216216216,0.362745098039216
477.2864,-0.516075240540334,-0.145207260370864,-0.415252521023881,-0.642610830664043,0.172948527737218,,,,-1.43799320435622,,0.00882409317132498,,,,,,,,,,,,,,,,,,,,-0.892934199999152,,,,-1.66502107006392,,1.57040231826236,,,,,,,,,,,,,,,143.872,103,1036.97789969074,412.821856931558,1671.22256286137,1078.88606965174,995.06972972973,522.838308457711,302.805405405405,1717.35323383085,1625.09189189189,1
477.3888,-0.589135349684487,-0.187572256006652,-0.488520101256344,-0.639173494238273,0.131882669356633,,,,-1.45008910700778,,0.0175137897001234,,,,,,,,,,,,,,,,,,,,-0.924198321638926,,,,-1.67421158390695,,1.60092573736258,,,,,,,,,,,,,,,143.9744,102,1064.2378645063,390.245073058133,1702.2532652055,1110.26500829187,1018.21072072072,523.671227197347,256.818918918919,1700.18490878939,1704.32162162162,1
477.4912,-0.661706914234642,-0.231208794657398,-0.562330171129612,-0.63433303474226,0.0891961051244554,,,,-1.46059176718104,,0.0259491714168756,,,,,,,,,,,,,,,,,,,,-0.957076207964828,,,,-1.68345821749623,,1.62972243024423,,,,,,,,,,,,,,,144.0768,103,1091.49782932186,367.668289184707,1733.28396754964,1141.64394693201,1041.35171171171,524.504145936982,210.832432432432,1683.01658374793,1783.55135135135,1
477.5936,-0.733616060206567,-0.27607031474193,-0.636544393206881,-0.628152221850239,0.0449020471753511,,,,-1.46946849876356,,0.0341017143929884,,,,,,,,,,,,,,,,,,,,-0.991458996382313,,,,-1.69274521772329,,1.65678588092777,,,,,,,,,,,,,,,144.1792,102,1118.75779413742,345.091505311281,1764.31466989377,1173.02288557214,1064.4927027027,525.337064676617,164.845945945946,1665.84825870647,1862.78108108108,0.676470588235294
477.696,-0.804691341053499,-0.322105360154456,-0.711022679729941,-0.620698275414569,-0.000980956724748679,,,,-1.47669052437112,,0.0419447651393374,,,,,,,,,,,,,,,,,,,,-1.02722857944498,,,,-1.70205375930722,,1.68211252643872,,,,,,,,,,,,,,,144.2816,103,1151.58349893583,390.795878888597,1688.67433161317,1204.27108953614,1098.89590833552,526.80668824164,254.785069535555,1649.62675296656,1727.72191025977,0
477.7984,-0.874764117216848,-0.36925738521866,-0.785623297595368,-0.612042479375538,-0.0484286522081295,,,,-1.48223305692686,,0.0494536575323516,,,,,,,,,,,,,,,,,,,,-1.06425793109185,,,,-1.71136196059096,,1.70570152023943,,,,,,,,,,,,,,,144.384,102,1167.06568627451,465.686274509804,1578.15196078431,1215.13529411765,1118.99607843137,533.606862745098,397.76568627451,1662.27450980392,1494.02941176471,0
477.9008,-0.943668953744258,-0.417464575126881,-0.860202994774953,-0.602259809235595,-0.0974107568664386,,,,-1.48607536304113,,0.0566058109843703,,,,,,,,,,,,,,,,,,,,-1.10241150208548,,,,-1.72064494213273,,1.72755453622387,,,,,,,,,,,,,,,144.4864,102,1358.34068627451,447.633333333333,1556.10784313725,1407.91274509804,1308.76862745098,518.601960784314,376.664705882353,1652.98039215686,1459.23529411765,0
478.0032,-1.01124401219082,-0.466659680206449,-0.934617132385706,-0.591428574621362,-0.14789067914226,,,,-1.48820077991587,,0.0633808107774185,,,,,,,,,,,,,,,,,,,,-1.14154566181546,,,,-1.72987490640962,,1.74767558350451,,,,,,,,,,,,,,,144.5888,103,1729.09563106796,454.925242718447,1513.18932038835,1772.03398058252,1686.1572815534,540.37572815534,369.474757281553,1625.26213592233,1401.11650485437,0
478.1056,-1.07733141736079,-0.516769863614912,-1.00871981013301,-0.579630060946752,-0.199825267554479,,,,-1.48859666694857,,0.0697604787011134,,,,,,,,,,,,,,,,,,,,-1.18150916284605,,,,-1.73902121127675,,1.76607079395853,,,,,,,,,,,,,,,144.6912,102,1923.71519607843,466.105882352941,1476.21568627451,1969.0568627451,1878.37352941177,518.788235294118,413.423529411765,1604.51960784314,1347.91176470588,0
478.208,-1.14177760607457,-0.56771658656874,-1.08236400557142,-0.566948145716032,-0.253164596632146,,,,-1.48725431427687,,0.0757289528943184,,,,,,,,,,,,,,,,,,,,-1.22214362550383,,,,-1.74805042414234,,1.78274818174209,,,,,,,,,,,,,,,144.7936,103,1983.16504854369,473.23640776699,1444.81553398058,2028.03883495146,1938.29126213592,518.815533980582,427.657281553398,1572.29126213592,1317.33980582524,0
478.3104,-1.20443369256092,-0.619415573187824,-1.15540177650226,-0.553468874552059,-0.307851816425784,,,,-1.4841688657817,,0.0812727977906913,,,,,,,,,,,,,,,,,,,,-1.26328406636247,,,,-1.75692636014412,,1.79771742483074,,,,,,,,,,,,,,,144.896,102,1984.71421568627,480.896568627451,1430.92156862745,2031.85294117647,1937.57549019608,519.823529411765,441.969607843137,1553.88235294118,1307.96078431373,0
478.4128,-1.26515588175274,-0.671776877954766,-1.22768456110308,-0.539280002293724,-0.36382309219698,,,,-1.47933929707351,,0.086381152603956,,,,,,,,,,,,,,,,,,,,-1.30475949559288,,,,-1.76561011866993,,1.8109897234973,,,,,,,,,,,,,,,144.9984,27,1986.21296296296,483.405555555556,1423.09259259259,2032.81851851852,1939.60740740741,522.407407407407,444.403703703704,1545.55555555556,1300.62962962963,0
478.5152,-1.32380592984063,-0.724705043964808,-1.29906356753918,-0.524470514946726,-0.421007638198219,,,,-1.47276843709515,,0.0910459087437221,,,,,,,,,,,,,,,,,,,,-1.3463935792621,,,,-1.77406014135761,,1.82257774147544,,,,,,,,,,,,,,,145.1008,,,,,,,,,,,
478.6176,-1.38025161577425,-0.778099322173705,-1.36939021084173,-0.509130146951838,-0.479327820927318,,,,-1.46446299053554,,0.0952618942040932,,,,,,,,,,,,,,,,,,,,-1.38800533297451,,,,-1.78223231034956,,1.83249558295559,,,,,,,,,,,,,,,145.2032,,,,,,,,,,,
478.72,-1.43436717454443,-0.83185392720166,-1.43851655044732,-0.493348906130577,-0.538699293176028,,,,-1.45443352950572,,0.0990270440987537,,,,,,,,,,,,,,,,,,,,-1.42940981349878,,,,-1.79008008269812,,1.84075874933448,,,,,,,,,,,,,,,145.3056,,,,,,,,,,,
478.8224,-1.48603366622964,-0.885858326725634,-1.50629571035548,-0.477216614968717,-0.599031137845167,,,,-1.4426944548639,,0.102342549173223,,,,,,,,,,,,,,,,,,,,-1.47041880004988,,,,-1.79755464240597,,1.8473840538585,,,,,,,,,,,,,,,145.408,,,,,,,,,,,
478.9248,-1.53513929330852,-0.939997583630651,-1.5725823023571,-0.460822469973509,-0.660226039876167,,,,-1.42926395127622,,0.105212986552682,,,,,,,,,,,,,,,,,,,,-1.51084147582756,,,,-1.80460506490106,,1.85238951432396,,,,,,,,,,,,,,,145.5104,,,,,,,,,,,
479.0272,-1.58157969144127,-0.994152772383711,-1.63723288215619,-0.444254618397455,-0.722180526010944,,,,-1.41416395876388,,0.107646439032559,,,,,,,,,,,,,,,,,,,,-1.55048511663398,,,,-1.81117850568839,,1.85579425561731,,,,,,,,,,,,,,,145.6128,,,,,,,,,,,
