time,S1-D1,S1-D8,S1-D9,S1-D15,S2-D1,S2-D2,S2-D3,S2-D9,S3-D1,S3-D2,S3-D16,S4-D2,S4-D3,S4-D5,S5-D3,S5-D4,S5-D5,S6-D2,S6-D5,S6-D17,S7-D6,S7-D7,S8-D6,S8-D7,S8-D18,S9-D3,S9-D4,S9-D9,S9-D11,S9-D19,S10-D8,S10-D9,S10-D10,S10-D11,S11-D8,S11-D10,S11-D20,S12-D10,S12-D11,S12-D12,S13-D4,S13-D11,S13-D12,S14-D10,S14-D12,S14-D21,S15-D13,S15-D14,S16-D13,S16-D14,S16-D22,t_rel_s,eye_n,xp,yp,ps,xpl_i,xpr_i,ypl_i,ypr_i,psl_i,psr_i,blink_prop
110.6944,1.63044960105927,-1.47595671572955,,1.16918771878425,-0.439297128043562,,,,0.966456000316247,,-0.0325061612255714,,2.10124013181787,,,,,,,,,,,,,1.14786164051876,,,1.75276830631886,1.56977030131001,,,,,0.104194559770185,,-1.01679605256207,,0.309577479335955,,,,,,,-0.703403870332062,,,,,,0,103,953.939805825243,551.357766990291,839.349514563107,965.555339805825,942.32427184466,555.990291262136,546.725242718447,876.320388349515,802.378640776699,0
110.7968,1.68270912775767,-1.53677313089338,,1.1355828993224,-0.489575704010479,,,,0.969795894737421,,-0.0126822327659121,,2.06695067286734,,,,,,,,,,,,,1.1118233046517,,,1.75621880572675,1.57209697200985,,,,,0.113812037180207,,-1.04189073939302,,0.25932946166896,,,,,,,-0.716853900144809,,,,,,0.102400000000003,102,950.953921568627,554.261764705882,864.740196078432,958.658823529412,943.249019607843,559.512745098039,549.010784313726,904.627450980392,824.852941176471,0
110.8992,1.73463476421589,-1.59536865306306,,1.1025159316851,-0.539184512814757,,,,0.972357203956485,,0.00918061902989651,,2.03122712941957,,,,,,,,,,,,,1.07548837228095,,,1.75946930196241,1.57460333579231,,,,,0.121631760210785,,-1.06606617121999,,0.209698907534323,,,,,,,-0.729442732960838,,,,,,0.204799999999992,103,955.815533980583,557.878155339806,877.878640776699,964.599029126214,947.032038834952,561.816504854369,553.939805825243,924.271844660194,831.485436893204,0
111.0016,1.7861794276017,-1.65158810343826,,1.07004703861087,-0.588037961233188,,,,0.97417473840171,,0.033053465061585,,1.9940598247325,,,,,,,,,,,,,1.03898558168156,,,1.76250213396869,1.57728086413554,,,,,0.127625478632913,,-1.08924301681093,,0.16073878256186,,,,,,,-0.741085582450075,,,,,,0.307199999999995,102,958.180882352941,552.383823529412,890.039215686275,965.48431372549,950.877450980392,554.654901960784,550.112745098039,940.098039215686,839.980392156863,0
111.104,1.83728891893269,-1.70528206116453,,1.03823644798777,-0.63604516591833,,,,0.975283809604338,,0.0588955880244003,,1.95544362216343,,,,,,,,,,,,,1.00244414151958,,,1.76529973570204,1.58011959097273,,,,,0.131769987119407,,-1.11134496421943,,0.112500728561115,,,,,,,-0.751702444576023,,,,,,0.409599999999998,103,962.230582524272,551.620388349515,921.825242718447,969.273786407767,955.187378640777,553.638834951456,549.601941747573,969.815533980582,873.834951456311,0
111.2064,1.88790173703972,-1.75630737988197,,1.00714427557194,-0.683110016842678,,,,0.975720138398451,,0.0866552106071294,,1.91537817317214,,,,,,,,,,,,,0.965993222479839,,,1.76784459881769,1.58310811126664,,,,,0.134047107244862,,-1.13229896247826,,0.0650349976967355,,,,,,,-0.761218287947817,,,,,,0.512000000000001,102,962.171568627451,558.112254901961,971.740196078431,968.033333333333,956.309803921569,554.659803921569,561.564705882353,1019.3431372549,924.137254901961,0
111.3088,1.9379490608727,-1.80452769928569,,0.976830330037892,-0.729131424711373,,,,0.975519768945478,,0.11627026904497,,1.87386814860464,,,,,,,,,,,,,0.929761396150763,,,1.77011923955322,1.58623358656341,,,,,0.1344436388937,,-1.15203546233695,,0.0183903616081258,,,,,,,-0.769563185143726,,,,,,0.614400000000003,102,963.189215686275,570.872058823529,1027.21078431373,964.814705882353,961.563725490196,558.91862745098,582.825490196079,1074.92156862745,979.5,0
111.4112,1.98735488653605,-1.84981395499408,,0.947353846687052,-0.774003738878606,,,,0.974718978695203,,0.147669166671957,,1.83092344640333,,,,,,,,,,,,,0.893876035348301,,,1.77210617546536,1.58948175497443,,,,,0.13295129332284,,-1.17048865365537,,-0.0273859945304908,,,,,,,-0.776672393211973,,,,,,0.716799999999992,103,961.06067961165,573.796116504854,1074.94660194175,952.196116504854,969.925242718447,559.327184466019,588.265048543689,1125.28155339806,1024.61165048544,0
111.5136,2.03603631034521,-1.89204488878323,,0.91877315867485,-0.817617322629901,,,,0.973354181823741,,0.180771472584326,,1.78655937320714,,,,,,,,,,,,,0.858462687596862,,,1.77378791399791,1.5928369451686,,,,,0.129566612572826,,-1.18759669367073,,-0.0722485898124057,,,,,,,-0.782486387119549,,,,,,0.819199999999995,102,955.590196078431,579.703431372549,1108.49509803922,945.912745098039,965.267647058823,564.210784313726,595.196078431373,1161.82352941176,1055.16666666667,0
111.616,2.08390394765379,-1.93110755589869,,0.891145317143246,-0.859859269562031,,,,0.971461830127884,,0.215488562410256,,1.74079680394867,,,,,,,,,,,,,0.823644430256832,,,1.77514695243058,1.59628209491645,,,,,0.124290874450566,,-1.20330191594277,,-0.116153774569241,,,,,,,-0.786950844336468,,,,,,0.921599999999998,103,1113.23300970874,657.965048543689,1139.90291262136,1101.98446601942,1124.48155339806,638.223300970874,677.706796116505,1199.14563106796,1080.66019417476,0
111.7184,2.13086247119675,-1.96689781969338,,0.864525675739653,-0.900614238840134,,,,0.969078316671999,,0.251724213454417,,1.693662324392,,,,,,,,,,,,,0.789541215093285,,,1.77616578783506,1.59979877365746,,,,,0.117129982466349,,-1.21755101102718,,-0.159059857344122,,,,,,,-0.790016579512602,,,,,,1.024,102,1242.23676470588,726.882843137255,1163.35294117647,1230.91764705882,1253.55588235294,706.407843137255,747.357843137255,1230.87254901961,1095.83333333333,0
111.8208,2.17681124569897,-1.99932081929396,,0.838967454745076,-0.939765379554339,,,,0.966239884820422,,0.289375160498179,,1.64518835231969,,,,,,,,,,,,,0.756269210790427,,,1.7768269350131,1.60336720808116,,,,,0.108094342559035,,-1.23029517841496,,-0.200927218463275,,,,,,,-0.791639435716031,,,,,,1.1264,102,1099.69558823529,653.084803921569,1202.43137254902,1091.77156862745,1107.61960784314,634.112745098039,672.056862745098,1266.87254901961,1137.99019607843,0
111.9232,2.22164502864539,-2.02829139650867,,0.814521293745198,-0.977195307393035,,,,0.962982542037184,,0.328331603598744,,1.59541322413049,,,,,,,,,,,,,0.723940152094813,,,1.77711295057439,1.60696631131857,,,,,0.0971987310471978,,-1.24149025700405,,-0.241718399064543,,,,,,,-0.791780146188205,,,,,,1.22879999999999,103,968.583495145631,595.640776699029,1231.64077669903,971.266990291262,965.9,573.412621359223,617.868932038835,1281.91262135922,1181.36893203884,0
112.0256,2.26525470622743,-2.05373447659596,,0.791234797004589,-1.01278709799555,,,,0.959341977188317,,0.368477652191562,,1.54438123640008,,,,,,,,,,,,,0.692660703260788,,,1.77700646265743,1.6105737175378,,,,,0.0844621613059858,,-1.2510968422479,,-0.281398159522241,,,,,,,-0.79040418568392,,,,,,1.3312,102,971.583823529412,603.874509803922,1258.82843137255,974.01568627451,969.151960784314,589.153921568627,618.595098039216,1304.78431372549,1212.87254901961,0
112.128,2.30752804240093,-2.07558540847379,,0.769152076944178,-1.04642527299567,,,,0.955353482662844,,0.409691698358607,,1.4921426406458,,,,,,,,,,,,,0.662531842406199,,,1.77649020652545,1.61416582316459,,,,,0.0699077569934962,,-1.25908039310729,,-0.319933507520671,,,,,,,-0.787481630467075,,,,,,1.4336,103,948.042718446602,590.970873786408,1276.00970873786,953.780582524272,942.304854368932,574.217475728155,607.72427184466,1320.8932038835,1231.12621359223,0
112.2304,2.3483504302108,-2.09379027365232,,0.748313309393791,-1.07799676729372,,,,0.951051884409027,,0.451846730453547,,1.43875359212803,,,,,,,,,,,,,0.633648274494513,,,1.77554706557087,1.61771783539686,,,,,0.0535626343683754,,-1.26541132437214,,-0.35729370171558,,,,,,,-0.782987035137963,,,,,,1.536,102,937.945098039216,593.75931372549,1281.99019607843,945.047058823529,930.843137254902,580.716666666667,606.801960784314,1326.24509803922,1237.73529411765,0
112.3328,2.38760564100197,-2.10830616786533,,0.72875432374453,-1.10739187193423,,,,0.94647147995386,,0.494810611567585,,1.38427604902044,,,,,,,,,,,,,0.606097883588776,,,1.77416011632689,1.62120382864807,,,,,0.0354577893297573,,-1.27006507621588,,-0.393450238440513,,,,,,,-0.776899319668016,,,,,,1.6384,102,939.248529411765,602.667647058824,1251.33823529412,947.786274509804,930.710784313726,590.744117647059,614.591176470588,1286.89215686275,1215.78431372549,0
112.4352,2.42517656964612,-2.11910145207586,,0.710506247623169,-1.13450514724851,,,,0.941645979222599,,0.538446346952315,,1.32877761614776,,,,,,,,,,,,,0.579961235333508,,,1.77231267534755,1.62459680895186,,,,,0.0156279815720363,,-1.27302215734962,,-0.428376827557349,,,,,,,-0.769201655168152,,,,,,1.74079999999999,103,937.78786407767,603.82572815534,1161.92233009709,943.614563106796,931.961165048544,598.071844660194,609.579611650485,1192.46601941748,1131.3786407767,0
112.5376,2.46094597338608,-2.1261559671307,,0.693595208776117,-1.15923629898149,,,,0.936608441286406,,0.582612356995716,,1.27233133438362,,,,,,,,,,,,,0.555311135825722,,,1.76998834518651,1.62786878539381,,,,,-0.00588839031026222,,-1.27426816531798,,-0.462049361432299,,,,,,,-0.759881341713059,,,,,,1.8432,102,934.2,599.44068627451,1102.91666666667,942.617647058823,925.782352941176,593.933333333333,604.948039215686,1137.73529411765,1068.09803921569,0
112.64,2.49479720160819,-2.12946120955974,,0.678042083979425,-1.18149101143656,,,,0.931391203058369,,0.62716276655057,,1.21501542278867,,,,,,,,,,,,,0.532212247266249,,,1.76717105639403,1.63099084719285,,,,,-0.0290494245864367,,-1.27379378958992,,-0.49444587953624,,,,,,,-0.748929678276821,,,,,,1.9456,103,935.512621359223,596.076213592233,1078.23786407767,946.335922330097,924.68932038835,590.269902912621,601.882524271845,1119.11650485437,1037.35922330097,0
112.7424,2.5266149176011,-2.12902046883278,,0.66386228638969,-1.20118173725437,,,,0.926025800122049,,0.671947719508081,,1.15691297472835,,,,,,,,,,,,,0.510720758471857,,,1.76384510205565,1.6339332451895,,,,,-0.0538098612617737,,-1.27159479971555,,-0.525546532542114,,,,,,,-0.736341830700871,,,,,,2.048,102,931.276470588235,592.272549019608,1032.95098039216,939.126470588235,923.426470588235,588.956862745098,595.588235294118,1077.51960784314,988.382352941177,0
112.8448,2.55628581509939,-2.12484892263027,,0.65106559124853,-1.21822844382257,,,,0.920542883024579,,0.716813729236294,,1.0981116024764,,,,,,,,,,,,,0.490884108256613,,,1.75999516162036,1.6366654763622,,,,,-0.0801212344274248,,-1.26767201704721,,-0.555333549658148,,,,,,,-0.722116705126059,,,,,,2.1504,102,927.700980392157,582.798529411765,981.730392156863,930.237254901961,925.164705882353,586.360784313726,579.236274509804,1024.95098039216,938.509803921569,0
112.9472,2.58369932724369,-2.11697367927279,,0.639656003345452,-1.23255930865595,,,,0.914972133955076,,0.76160407672899,,1.03870302833651,,,,,,,,,,,,,0.472740760841391,,,1.75560631273052,1.63915636908999,,,,,-0.10793203315275,,-1.26203126912173,,-0.583791206365384,,,,,,,-0.706256829201609,,,,,,2.25279999999999,103,926.898058252427,577.12427184466,950.485436893204,930.114563106796,923.681553398058,585.081553398058,569.166990291262,993.077669902913,907.893203883495,0
113.0496,2.60874832090911,-2.10543375344687,,0.629631667811294,-1.24411135104905,,,,0.909342188078051,,0.806159263812054,,0.978782624895737,,,,,,,,,,,,,0.456320037361209,,,1.75066403156973,1.64137416660162,,,,,-0.137187874270988,,-1.25468332902549,,-0.610905783841476,,,,,,,-0.688768237660236,,,,,,2.3552,102,919.08137254902,568.068137254902,924.588235294118,922.183333333333,915.979411764706,575.113725490196,561.022549019608,966.735294117647,882.441176470588,0
113.152,2.63132977069264,-2.09027996526344,,0.620984826286507,-1.25283099038873,,,,0.903680560498349,,0.850317523303969,,0.918448908209128,,,,,,,,,,,,,0.441642012964041,,,1.74515418255339,1.64328660758121,,,,,-0.167831690095781,,-1.24564384209909,,-0.63666551373507,,,,,,,-0.669660357934046,,,,,,2.4576,103,912.042233009709,570.082524271845,903.490291262136,916.908737864078,907.17572815534,576.043689320388,564.121359223301,943.864077669903,863.116504854369,0
113.2544,2.6513454097629,-2.07157475997336,,0.613701822192119,-1.25867452716507,,,,0.898013575645961,,0.893915389227232,,0.857802992986332,,,,,,,,,,,,,0.428717486933729,,,1.7390629986336,1.64486100459029,,,,,-0.199803931139552,,-1.23493323932931,,-0.661060508590719,,,,,,,-0.648945892556519,,,,,,2.56,102,913.061764705882,568.701960784314,904.127450980392,920.393137254902,905.730392156863,573.091176470588,564.312745098039,943.058823529412,865.196078431373,0
113.3568,2.66870235612519,-2.04939194999528,,0.607763156390062,-1.26160854621589,,,,0.892366294850591,,0.936788332491191,,0.796948020956449,,,,,,,,,,,,,0.417548027665279,,,1.73237705406688,1.64606432055211,,,,,-0.233042781305285,,-1.22257663413985,,-0.684082684340598,,,,,,,-0.626640694627375,,,,,,2.66240000000001,102,1018.09411764706,567.70637254902,927.480392156863,1024.51176470588,1011.67647058824,564.739215686275,570.673529411765,973.529411764706,881.43137254902,0
113.4592,2.68331371362581,-2.02381637982384,,0.603143591932942,-1.26161024353967,,,,0.886762440936812,,0.978771460283609,,0.735988561471331,,,,,,,,,,,,,0.408126094214958,,,1.72508323177861,1.64686324161316,,,,,-0.26748438215431,,-1.2086036969944,,-0.7057256885613,,,,,,,-0.602763631938958,,,,,,2.76479999999999,103,1026.8145631068,563.830582524272,967.436893203883,1032.66213592233,1020.96699029126,555.557281553398,572.103883495146,1026.7572815534,908.116504854369,0
113.5616,2.69509914393462,-1.99494351588348,,0.599812305442342,-1.25866767856817,,,,0.881224319463851,,1.01970026312773,,0.675029971062962,,,,,,,,,,,,,0.400435233190106,,,1.71716868916106,1.64722424426865,,,,,-0.303063061426276,,-1.19304850287089,,-0.725984856066146,,,,,,,-0.57733643682469,,,,,,2.8672,102,1005.75490196078,558.539215686275,1008.13725490196,1013.18235294118,998.327450980392,549.233333333333,567.845098039216,1075.83333333333,940.441176470588,0
113.664,2.70398539906567,-1.96287897137132,,0.597733077885644,-1.25277995298253,,,,0.875772731007591,,1.05941138691852,,0.614177704126915,,,,,,,,,,,,,0.394450336364487,,,1.70862082782636,1.6471136573561,,,,,-0.33971156069687,,-1.17594935435542,,-0.744857213213545,,,,,,,-0.550383542003465,,,,,,2.9696,103,968.940291262136,555.223300970874,1052.22330097087,974.67572815534,963.204854368932,548.129126213592,562.317475728155,1123.82524271845,980.621359223301,0
113.7664,2.70990680549362,-1.92773797904237,,0.596864514291204,-1.24395731734804,,,,0.8704268655661,,1.09774341707973,,0.553536581586929,,,,,,,,,,,,,0.390137938989988,,,1.69942727041695,1.64649772332127,,,,,-0.377361262457903,,-1.15734859295138,,-0.76234153854797,,,,,,,-0.521931905203185,,,,,,3.072,102,978.032352941177,559.332352941177,1092.42156862745,983.202941176471,972.861764705882,551.033333333333,567.63137254902,1169.79411764706,1015.04901960784,0
113.8688,2.71280570429873,-1.88964481892727,,0.597160287147152,-1.23222121063393,,,,0.865204174996796,,1.13453767718574,,0.493210027654575,,,,,,,,,,,,,0.3874565531648,,,1.68957584245534,1.64534266428986,,,,,-0.415942424183394,,-1.13729241341773,,-0.778438473273553,,,,,,,-0.492010825240093,,,,,,3.17439999999999,102,992.966176470588,557.439215686275,1119.45588235294,997.229411764706,988.702941176471,547.336274509804,567.542156862745,1194.85294117647,1044.05882352941,0
113.9712,2.71263286535385,-1.84873220679279,,0.598569405714331,-1.21760424565546,,,,0.860120225002368,,1.16963904769206,,0.433299273595944,,,,,,,,,,,,,0.386357044412942,,,1.67905455512393,1.64361475555109,,,,,-0.45538442775272,,-1.11583068816477,,-0.793150677784011,,,,,,,-0.460651750164504,,,,,,3.27679999999999,103,1016.75533980583,557.479126213592,1134.21844660194,1016.76893203883,1016.74174757282,545.519417475728,569.438834951456,1204.79611650485,1063.64077669903,0
114.0736,2.70934789838141,-1.80514065653652,,0.601036517057488,-1.20015016158524,,,,0.855188529905315,,1.20289680163171,,0.373902521100868,,,,,,,,,,,,,0.386783057182421,,,1.66785158818953,1.64128040536268,,,,,-0.495616044318957,,-1.09301679780156,,-0.806483040562881,,,,,,,-0.42788807833854,,,,,,3.3792,102,997.150490196078,561.850490196079,1139.92156862745,999.650980392157,994.65,550.994117647059,572.706862745098,1207.74509803922,1072.09803921569,0
114.176,2.70291967441708,-1.75901783397085,,0.604502244421885,-1.17991376066549,,,,0.850420378454369,,1.23416544196394,,0.315114076333135,,,,,,,,,,,,,0.388671486896107,,,1.6559552793254,1.63830624080649,,,,,-0.536565700275931,,-1.06890745802853,,-0.818442939675587,,,,,,,-0.393754960747004,,,,,,3.4816,103,976.683495145631,563.103398058252,1131.09708737864,978.8,974.566990291262,554.466990291262,571.739805825243,1198.47572815534,1063.71844660194,0
114.2784,2.69332674461932,-1.71051791294126,,0.608903563588934,-1.15696082225095,,,,0.845824666997403,,1.26330551030727,,0.257023501759378,,,,,,,,,,,,,0.391952992614516,,,1.64335413280768,1.63465920532795,,,,,-0.578161721116556,,-1.0435625332501,,-0.829040534642409,,,,,,,-0.358289122833868,,,,,,3.584,102,989.210294117647,564.15637254902,1123.91176470588,988.41862745098,990.001960784314,557.206862745098,571.105882352941,1184.09803921569,1063.72549019608,0
114.3808,2.6805577149731,-1.65980093030907,,0.614174207142763,-1.13136795948231,,,,0.841407758426759,,1.29018432742264,,0.19971485342373,,,,,,,,,,,,,0.396552542276473,,,1.63003686012922,1.63030667746158,,,,,-0.620332540550233,,-1.01704482924754,,-0.838289045809007,,,,,,,-0.321528722859288,,,,,,3.68639999999999,102,1000.42107843137,569.547549019608,1125.72549019608,998.690196078431,1002.15196078431,562.094117647059,577.000980392157,1180.55882352941,1070.89215686275,0
114.4832,2.6646115324662,-1.60703212484978,,0.620245077294034,-1.10322237804012,,,,0.837173383240604,,1.31467663596726,,0.143266058496886,,,,,,,,,,,,,0.402389980992356,,,1.6159924550319,1.62521661544837,,,,,-0.663006882659086,,-0.98941986068225,,-0.846204970600694,,,,,,,-0.283513249739492,,,,,,3.7888,103,1010.19757281553,575.451941747573,1135.85922330097,1007.41650485437,1012.9786407767,566.532038834952,584.371844660194,1189.82524271845,1081.8932038835,0
114.5856,2.64549766215869,-1.55238124506338,,0.627044653046051,-1.07262151192545,,,,0.833122598532187,,1.33666512937459,,0.0877484601882468,,,,,,,,,,,,,0.409380615748367,,,1.60121029578603,1.61935772373,,,,,-0.706113930486416,,-0.960755595501127,,-0.852808197719068,,,,,,,-0.244283452130128,,,,,,3.8912,102,1019.70343137255,579.494117647059,1156.51470588235,1017.26666666667,1022.14019607843,566.970588235294,592.017647058824,1214.61764705882,1098.41176470588,0
114.688,2.62323615831736,-1.49602182118774,,0.634499391452146,-1.03967252969749,,,,0.829253814862063,,1.35604085459996,,0.0332265304329497,,,,,,,,,,,,,0.417435814066919,,,1.58568026594357,1.61269963505856,,,,,-0.749583486985324,,-0.931122183497288,,-0.858122010267799,,,,,,,-0.20388128794909,,,,,,3.9936,103,977.208737864078,581.87427184466,1175.92718446602,976.709708737864,977.707766990291,569.009708737864,594.738834951456,1233.26213592233,1118.59223300971,0
114.7904,2.597857642326,-1.43813041009471,,0.642534121295434,-1.00449172064867,,,,0.825562886651072,,1.37270349586729,,-0.020242283272437,,,,,,,,,,,,,0.42646361828567,,,1.56939288362062,1.60521310678002,,,,,-0.793346135804912,,-0.900591676304113,,-0.862172999650445,,,,,,,-0.162349882228395,,,,,,4.096,102,921.364215686275,580.975980392157,1195.78921568627,920.487254901961,922.241176470588,567.570588235294,594.38137254902,1251.28431372549,1140.29411764706,0
114.8928,2.5694031997258,-1.37888582717121,,0.651072412340316,-0.967203779421745,,,,0.822043252808175,,1.38656156772376,,-0.072607638257471,,,,,,,,,,,,,0.436369384305763,,,1.55233942667998,1.59687023425564,,,,,-0.837333418475774,,-0.869237742232662,,-0.864990929059628,,,,,,,-0.119733484681716,,,,,,4.19839999999999,102,925.088725490196,578.120588235294,1229.05882352941,921.18431372549,928.993137254902,561.746078431373,594.495098039216,1289.99019607843,1168.12745098039,0
114.9952,2.53792419918166,-1.31846837473032,,0.660036902659284,-0.927941003538746,,,,0.818686119225206,,1.39753252547163,,-0.123826349980448,,,,,,,,,,,,,0.447056451817317,,,1.53451204774533,1.58764468443564,,,,,-0.881478038866967,,-0.837135375301516,,-0.86660858530925,,,,,,,-0.0760774326234543,,,,,,4.3008,103,842.316504854369,587.766504854369,1255.68932038835,837.288349514563,847.344660194175,572.06213592233,603.470873786408,1306.91262135922,1204.46601941748,0
115.0976,2.50348202681054,-1.25705907478499,,0.669349587765344,-0.886842417094947,,,,0.815480681991741,,1.40554277599951,,-0.173862417436769,,,,,,,,,,,,,0.458426832464445,,,1.51590388518716,1.57751194766501,,,,,-0.925714083013563,,-0.804360595483843,,-0.867061641003319,,,,,,,-0.0314281345199264,,,,,,4.4032,102,827.40637254902,598.232352941177,1260.94117647059,823.81862745098,830.994117647059,579.793137254902,616.671568627451,1315.72549019608,1206.1568627451,0
115.2,2.46614773818661,-1.194838922098,,0.678932097979799,-0.844052848765224,,,,0.812414388063877,,1.41052760176937,,-0.222686996180894,,,,,,,,,,,,,0.470381883935287,,,1.49650917876567,1.56644959762903,,,,,-0.969977225573291,,-0.770990136195753,,-0.866388526451333,,,,,,,0.0141669194726071,,,,,,4.5056,103,823.672815533981,598.23786407767,1256.40291262136,821.477669902913,825.867961165049,577.21067961165,619.265048543689,1320.94174757282,1191.8640776699,0
115.3024,2.42600164989242,-1.1319881815666,,0.688705996110375,-0.799722004785559,,,,0.809473222131723,,1.41243106124082,,-0.270278306359789,,,,,,,,,,,,,0.482822941417313,,,1.47632339182406,1.55443754556192,,,,,-1.01420489852162,,-0.737101116516498,,-0.864630300818357,,,,,,,0.0606591256273477,,,,,,4.608,102,683.428921568628,594.108333333333,1251.52450980392,675.228431372549,691.629411764706,583.179411764706,605.037254901961,1307.56862745098,1195.48039215686,0
115.4048,2.38313289787481,-1.06868575001723,,0.698593114149378,-0.754003569870556,,,,0.806642004521069,,1.4112059342538,,-0.316621483891017,,,,,,,,,,,,,0.495651893215074,,,1.45534333708863,1.54145827939248,,,,,-1.05833641299443,,-0.702770700988803,,-0.861830518090978,,,,,,,0.107998716276477,,,,,,4.71039999999999,102,670.345588235294,601.602450980392,1245.3431372549,662.613725490196,678.077450980392,590.208823529412,612.996078431373,1288.92156862745,1201.76470588235,0
115.5072,2.33763897826892,-1.00510858748047,,0.708515926751559,-0.707054351341523,,,,0.803904690612471,,1.40681374247391,,-0.361708395896256,,,,,,,,,,,,,0.508771699306779,,,1.43356730419033,1.52749708301369,,,,,-1.10231303170422,,-0.668075755863989,,-0.858035091584576,,,,,,,0.156134684845173,,,,,,4.8128,103,850.909223300971,1274.50242718447,1260.90776699029,892.930097087379,808.888349514563,1284.54951456311,1264.45533980583,1294.52427184466,1227.29126213592,0
115.6096,2.28962527266092,-0.941431210191953,,0.718397946779533,-0.65903346857407,,,,0.801244672624482,,1.39922483802041,,-0.405537442007455,,,,,,,,,,,,,0.522086857413275,,,1.41099519024225,1.51254222957617,,,,,-1.14607798402039,,-0.633092511463609,,-0.853292160826806,,,,,,,0.20501467939716,,,,,,4.9152,102,1024.55833333333,1908.36568627451,1351.68137254902,1099.61176470588,949.504901960784,1876.42058823529,1940.31078431373,1523.07843137255,1180.28431372549,0
115.712,2.23920455194085,-0.877825236115405,,0.728164132078909,-0.610101582696789,,,,0.79864508849023,,1.38841854392052,,-0.448113351754166,,,,,,,,,,,,,0.535503820041515,,,1.38762863510665,1.49658514235977,,,,,-1.1895764137912,,-0.597896233198897,,-0.847651960246591,,,,,,,0.254584862933762,,,,,,5.0176,103,1085.95436893204,1048.8786407767,1176.58252427184,1077.21262135922,1094.69611650485,1100.48349514563,997.273786407767,1176.64077669903,1176.52427184466,0
115.8144,2.18649645184372,-0.814458979009709,,0.737741304113794,-0.560420159813985,,,,0.796089138861302,,1.37438334110508,,-0.489446975298024,,,,,,,,,,,,,0.548931359930876,,,1.36347115952545,1.479620521803,,,,,-1.23275525887193,,-0.562560893475059,,-0.84116668765799,,,,,,,0.304789743426903,,,,,,5.12000000000001,102,1050.39166666667,518.526470588235,1224.89215686275,1028.39607843137,1072.38725490196,493.235294117647,543.817647058824,1268.56862745098,1181.21568627451,0
115.9168,2.13162691802062,-0.751497089187537,,0.747058585065805,-0.510150764682973,,,,0.793560411539802,,1.35711710774859,,-0.529555058881944,,,,,,,,,,,,,0.562280879546965,,,1.33852830131048,1.46164644229761,,,,,-1.27556307212605,,-0.527158832196198,,-0.833890371663194,,,,,,,0.355571981509654,,,,,,5.22239999999999,102,913.035784313725,653.234803921569,1340,767.044117647059,1059.02745098039,688.795098039216,617.674509803922,1406.37254901961,1273.62745098039,0
116.0192,2.07472762495268,-0.689100237177757,,0.756047859121897,-0.45945438644667,,,,0.791043214773929,,1.3366274165088,,-0.568459997523773,,,,,,,,,,,,,0.575466667060786,,,1.31280774488109,1.44266442204124,,,,,-1.31794979700658,,-0.491760397637918,,-0.825878734714724,,,,,,,0.406872187904483,,,,,,5.3248,103,704.879611650486,792.213106796117,1447.73300970874,357.125242718447,1052.63398058252,934.072815533981,650.353398058253,1579.77669902913,1315.68932038835,0
116.1216,2.01593537728274,-0.627424835881149,,0.764644257800886,-0.408490801072371,,,,0.78852291897598,,1.312931882878,,-0.60618956313402,,,,,,,,,,,,,0.588406109607992,,,1.28631944130342,1.42267946532922,,,,,-1.35986650759881,,-0.456433569241232,,-0.817189044461305,,,,,,,0.45862872336764,,,,,,5.4272,102,710.026470588235,796.263725490196,1502.16176470588,357.496078431373,1062.5568627451,934.870588235294,657.656862745098,1630.80392156863,1373.51960784314,0
116.224,1.95539150419494,-0.566622797570219,,0.77278665352566,-0.357417977659509,,,,0.785986296306839,,1.28605853447495,,-0.642776613562902,,,,,,,,,,,,,0.601019877277772,,,1.25907571852713,1.40170007561932,,,,,-1.40126512222227,,-0.421243578798659,,-0.807879949253426,,,,,,,0.510777513008738,,,,,,5.5296,103,537.215533980583,811.483495145631,1618.2572815534,92.6398058252427,981.791262135922,965.716504854369,657.250485436893,1866.93203883495,1369.58252427184,0
116.3264,1.89324125804962,-0.506841320481194,,0.780418125187697,-0.306391536212871,,,,0.783421836860807,,1.256046148515,,-0.678258794646151,,,,,,,,,,,,,0.613232089078179,,,1.23109138377729,1.37973824106426,,,,,-1.44209810455256,,-0.386252560296017,,-0.798011303294017,,,,,,,0.563251885545737,,,,,,5.63200000000001,102,319.701470588235,839.310294117647,1506.72549019608,-150.609803921569,790.012745098039,1064.35490196078,614.26568627451,1731.83333333333,1281.61764705882,0
116.4288,1.82963322575701,-0.448222696490479,,0.787486354761714,-0.255564259183391,,,,0.780820020745699,,1.22294450295816,,-0.712678249608935,,,,,,,,,,,,,0.624970469125631,,,1.20238381998826,1.35680939610201,,,,,-1.48231816791581,,-0.351519257092043,,-0.787643990252867,,,,,,,0.615982444634444,,,,,,5.73439999999999,102,374.400490196078,803.721568627451,1413.48529411765,-34.9529411764706,783.753921568628,1007.03529411765,600.407843137255,1609.10784313725,1217.86274509804,0
116.5312,1.76471875558982,-0.39090413158388,,0.793943931419586,-0.205085651708991,,,,0.778173535001461,,1.18681450734998,,-0.746081344464769,,,,,,,,,,,,,0.636166498265199,,,1.17297307566007,1.33293236061618,,,,,-1.52187799274769,,-0.317098797590389,,-0.776839747230321,,,,,,,0.668896974979686,,,,,,5.8368,103,616.897087378641,693.280097087379,1308.87378640777,457.959223300971,775.834951456311,786.725242718447,599.834951456311,1428,1189.74757281553,0
116.6336,1.69865139728967,-0.33501757618339,,0.799748560297497,-0.155101544088989,,,,0.775477431087148,,1.14772820309146,,-0.778518407299176,,,,,,,,,,,,,0.64675556311167,,,1.1428819449412,1.30812925603618,,,,,-1.56072996206618,,-0.283042533537016,,-0.765660984009192,,,,,,,0.721920385124131,,,,,,5.9392,102,270.917156862745,787.758823529412,1383.23039215686,-131.783333333333,673.617647058824,1004.52450980392,570.993137254902,1583.63725490196,1182.82352941176,0
116.736,1.63158635053797,-0.280689565930856,,0.804863184105087,-0.105753733072223,,,,0.772729220614712,,1.10576863404381,,-0.810043473034294,,,,,,,,,,,,,0.656677104057049,,,1.11213603380456,1.28242539765329,,,,,-1.59882592067807,,-0.249397928534631,,-0.7541705919637,,,,,,,0.774974693321726,,,,,,6.0416,102,67.988725490196,761.974509803922,1838.4362745098,-515.907843137255,651.885294117647,963.887254901961,560.061764705882,2491.71568627451,1185.1568627451,0
116.8384,1.56367991513406,-0.228041069703881,,0.809256030052222,-0.0571796588237318,,,,0.7699289079954,,1.06102958837422,,-0.84071402814343,,,,,,,,,,,,,0.665874766979117,,,1.08076380906541,1.25584916268025,,,,,-1.63611696653755,,-0.216208485987824,,-0.742431738639611,,,,,,,0.827979067898105,,,,,,6.14399999999999,103,598.201835900431,600.396784717582,1423.42167873006,511.877874297394,684.525797503467,650.727550017688,550.066019417476,1649.05278880547,1197.79056865465,0
116.9408,1.49508893740108,-0.1771873364181,,0.812900592243424,-0.00951211250631052,,,,0.767078958205195,,1.01361521294677,,-0.870590756956471,,,,,,,,,,,,,0.674296565094315,,,1.04879662823929,1.22843183260229,,,,,-1.67255328150269,,-0.183513711380742,,-0.730507644342845,,,,,,,0.880849933943158,,,,,,6.24639999999999,102,804.118259189641,552.940662955466,1276.81962920121,811.76052631579,796.475992063492,548.518825910931,557.3625,1351.71862348178,1201.92063492064,0.509803921568627
117.0432,1.42597025174611,-0.128237734040202,,0.815775550457141,0.0371210287910661,,,,0.764184195749117,,0.963639502446868,,-0.899737296604196,,,,,,,,,,,,,0.68189505318604,,,1.01626874823411,1.20020740699923,,,,,-1.70808400376456,,-0.151349109958332,,-0.718461336766102,,,,,,,0.933501153877555,,,,,,6.3488,103,907.137121018566,543.181636433316,1276.18897973088,903.046653040368,911.227588996764,522.614001021972,563.74927184466,1347.36177823199,1205.01618122977,0
117.1456,1.35648012016747,-0.0812955825317664,,0.817864620177489,0.0825970374294983,,,,0.761251631141769,,0.911225664389342,,-0.928220007158178,,,,,,,,,,,,,0.688627508477136,,,0.983217310218301,1.17121238706076,,,,,-1.7426571388569,,-0.119746224116951,,-0.706355380295379,,,,,,,0.985844279902642,,,,,,6.4512,102,932.255882352941,545.13431372549,1209.45098039216,920.057843137255,944.453921568627,515.255882352941,575.012745098039,1282.53921568627,1136.36274509804,0
117.248,1.28677367350636,-0.0364579890344797,,0.819156336133433,0.126798537141476,,,,0.758290220427795,,0.856505375461761,,-0.956107752361691,,,,,,,,,,,,,0.694456106908648,,,0.949682296894818,1.14148553165598,,,,,-1.77621950164994,,-0.0887327136330236,,-0.694251580112309,,,,,,,1.03778886076401,,,,,,6.5536,102,928.88137254902,530.64068627451,1052.42156862745,927.308823529412,930.453921568627,506.923529411765,554.357843137255,1119.12745098039,985.71568627451,0
117.3504,1.21700435810581,0.00618430608396875,,0.819643788261211,0.169613673896145,,,,0.755310579393264,,0.799617974180811,,-0.983471669123445,,,,,,,,,,,,,0.69934808336489,,,0.915706455429204,1.1110675946955,,,,,-1.80871667956043,,-0.0583324770224337,,-0.682210668148169,,,,,,,1.08924277155875,,,,,,6.65599999999999,103,1028.10291262136,508.088349514563,973.543689320388,1025.02524271845,1031.18058252427,493.288349514563,522.888349514563,1047.05825242718,900.029126213592,0
117.4528,1.14732339271059,0.0465470666900002,,0.819324338340882,0.210936263872002,,,,0.752324681228936,,0.740709642788564,,-1.01038489787335,,,,,,,,,,,,,0.703275867167807,,,0.881335176424879,1.0800010553802,,,,,-1.8400930124087,,-0.0285658071021312,,-0.67029198546082,,,,,,,1.14011253757042,,,,,,6.7584,102,1158.93431372549,482.995588235294,963.323529411765,1162.43725490196,1155.43137254902,473.878431372549,492.112745098039,1040.5,886.147058823529,0
117.5552,1.07787924287209,0.0845526792495926,,0.818199339235895,0.250665925611447,,,,0.749345557736202,,0.679932606719604,,-1.03692225702392,,,,,,,,,,,,,0.706217187927232,,,0.846616321294924,1.04832984940374,,,,,-1.87029159630366,,0.000550427862505959,,-0.658553177654397,,,,,,,1.19030364284655,,,,,,6.8608,103,1158.96165048544,481.496116504854,985.800970873786,1167.93398058252,1149.98932038835,455.332038834952,507.660194174757,1061.8932038835,909.708737864078,0
117.6576,1.00881712003897,0.120130252785353,,0.816273867961262,0.288708199216698,,,,0.746387013248853,,0.617444354962218,,-1.06315985830897,,,,,,,,,,,,,0.708155150959002,,,0.811599996633545,1.01609910100213,,,,,-1.89925432669861,,0.029002585321688,,-0.647049911873771,,,,,,,1.23972083493694,,,,,,6.9632,102,1160.86764705882,494.125490196078,996.240196078431,1165.40490196078,1156.33039215686,452.497058823529,535.753921568627,1068.75490196078,923.725490196079,0
117.76,0.940278504769361,0.153215707458152,,0.81355648037086,0.324974656741774,,,,0.743463357018587,,0.55340687751561,,-1.0891746649759,,,,,,,,,,,,,0.70907828529954,,,0.776338278451263,0.983354849587716,,,,,-1.92692199339866,,0.0567800412508312,,-0.635835610090492,,,,,,,1.28826844559858,,,,,,7.0656,102,952.230882352941,545.119117647059,1020.86764705882,952.077450980392,952.38431372549,522.192156862745,568.046078431373,1097.49019607843,944.245098039216,0
117.8624,0.872400681570478,0.183751866896745,,0.810058994964522,0.359383016206046,,,,0.740589158157164,,0.487985918784533,,-1.11504399723017,,,,,,,,,,,,,0.708980569471309,,,0.740884888390913,0.950143764733293,,,,,-1.9532344339038,,0.0838749856457648,,-0.62496118561665,,,,,,,1.33585074526547,,,,,,7.16799999999999,103,716.768446601942,638.116019417476,1056.12621359223,724.257281553398,709.279611650486,607.585436893204,668.646601941748,1126.5145631068,985.73786407767,0
117.9648,0.80531626867257,0.211688570481259,,0.805796308583997,0.391857276592899,,,,0.737779021337922,,0.421350250194279,,-1.14084499442402,,,,,,,,,,,,,0.707861438782211,,,0.705294820738392,0.916512846593811,,,,,-1.97813074682475,,0.1102822286493,,-0.614474773239098,,,,,,,1.38237234099925,,,,,,7.2704,102,719.486764705882,640.513235294118,1109.94117647059,729.543137254902,709.430392156863,609.408823529412,671.617647058824,1179.06862745098,1040.8137254902,0
118.0672,0.739152731463938,0.23698281578156,,0.800786242071721,0.422327887209089,,,,0.73504737624539,,0.353670966176663,,-1.16665404789138,,,,,,,,,,,,,0.705725775512809,,,0.669623914591687,0.882509110398648,,,,,-2.00154956536776,,0.135999020881576,,-0.604421451120324,,,,,,,1.42773861643726,,,,,,7.3728,103,722.043689320388,638.009223300971,1126.74757281553,719.12427184466,724.963106796117,612.783495145631,663.234951456311,1189.41747572816,1064.07766990291,0
118.1696,0.674031873541287,0.259598939034514,,0.795049416930014,0.450731959866239,,,,0.732408276454,,0.285120802244912,,-1.19254621874494,,,,,,,,,,,,,0.70258388445774,,,0.633928361956213,0.848179253488086,,,,,-2.02342939174177,,0.161024891637266,,-0.5948429570912,,,,,,,1.47185620631853,,,,,,7.4752,102,723.766176470588,633.04068627451,1044.55882352941,716.600980392157,730.93137254902,598.912745098039,667.16862745098,1102.85294117647,986.264705882353,0
118.272,0.610069303002718,0.279508841107347,,0.7886091671779,0.477013529663001,,,,0.729875210370825,,0.215873468818151,,-1.21859465236699,,,,,,,,,,,,,0.698451458613572,,,0.598264145912565,0.813569305611165,,,,,-2.04370899272285,,0.185361509152605,,-0.585777402955697,,,,,,,1.51463350066065,,,,,,7.5776,102,715.965196078432,622.363725490196,974.730392156863,707.432352941176,724.498039215686,592.588235294118,652.139215686275,1037.78431372549,911.676470588235,0
118.3744,0.547373883465877,0.29669225421379,,0.78149148215666,0.501123859459855,,,,0.727460930462123,,0.146102996917387,,-1.24486999542711,,,,,,,,,,,,,0.693349537796607,,,0.562686417388245,0.778724269437427,,,,,-2.06232784954786,,0.209012561401626,,-0.577258990856511,,,,,,,1.55598117413069,,,,,,7.67999999999999,103,721.218446601942,613.365048543689,927.354368932039,716.760194174757,725.676699029126,590.874757281553,635.855339805825,990.728155339806,863.980582524272,0
118.4768,0.486047198348258,0.311137023556488,,0.773724962939249,0.523021763196471,,,,0.725177306646556,,0.0759830998166345,,-1.27143981258784,,,,,,,,,,,,,0.687304458053042,,,0.52724884044133,0.743687765937296,,,,,-2.07922664372121,,0.231983647513661,,-0.569317737951982,,,,,,,1.59581272909982,,,,,,7.7824,102,711.375,612.047549019608,885.362745098039,706.452941176471,716.297058823529,592.452941176471,631.642156862745,948.794117647059,821.93137254902,0
118.5792,0.426183064553776,0.322839368757157,,0.765340772957016,0.542673912865949,,,,0.723035207420731,,0.00568656153037578,,-1.2983679943317,,,,,,,,,,,,,0.680347786737066,,,0.492002950678004,0.708501703439496,,,,,-2.09434775279731,,0.254282168455414,,-0.561979217856889,,,,,,,1.63404503510515,,,,,,7.8848,103,345.481067961165,780.117961165049,863.708737864078,340.915533980583,350.046601941748,762.596116504854,797.639805825243,906.728155339806,820.68932038835,0
118.6816,0.367867118464287,0.331804100263358,,0.756372572495607,0.560055104737298,,,,0.721044408998327,,-0.0646153377237951,,-1.32571414784924,,,,,,,,,,,,,0.67251623762638,,,0.456997566523792,0.673205986098767,,,,,-2.10763573329712,,0.275917210513855,,-0.555264324536239,,,,,,,1.67059884774167,,,,,,7.9872,102,333.833823529412,781.346078431373,848.607843137255,335.840196078431,331.827450980392,771.436274509804,791.255882352941,879.490196078431,817.725490196079,0
118.784,0.311176478834339,0.338044781649169,,0.746856432418972,0.57514847836396,,,,0.719213528483299,,-0.134753357493215,,-1.3535329687622,,,,,,,,,,,,,0.663851560954735,,,0.422278273889276,0.637838270486486,,,,,-2.1190377789058,,0.29689941750932,,-0.549189060162936,,,,,,,1.70539929315902,,,,,,8.0896,102,346.677450980392,767.420588235294,863.96568627451,353.479411764706,339.875490196078,759.373529411765,775.467647058824,896.627450980392,831.303921568627,0
118.8864,0.256179485542346,0.341583835662725,,0.736830717724911,0.587945688634195,,,,0.717549970696682,,-0.204560798291648,,-1.38187360244875,,,,,,,,,,,,,0.654400404381683,,,0.387886987430054,0.602433774054794,,,,,-2.12850415189653,,0.31724084743331,,-0.543764351182587,,,,,,,1.738376309932,,,,,,8.19199999999999,103,973.71213592233,655.711165048544,890.378640776699,960.446601941748,986.977669902913,646.266990291262,665.155339805825,947.922330097087,832.834951456311,0
118.9888,0.202935517864103,0.342452590263298,,0.726335926887228,0.598447025523483,,,,0.716059873862649,,-0.273873970120616,,-1.41077901521457,,,,,,,,,,,,,0.644214142580118,,,0.353861583063635,0.567025136431488,,,,,-2.13598858774522,,0.336954812107877,,-0.538995901341437,,,,,,,1.76946504451694,,,,,,8.2944,102,1126.45392156863,625.657352941177,888.892156862745,1130.5068627451,1122.40098039216,620.244117647059,631.070588235294,970.745098039216,807.039215686275,0
119.0912,0.1514948970692,0.340691259769399,,0.715414479129101,0.60666147208623,,,,0.714748043893954,,-0.342532633587246,,-1.44028539802959,,,,,,,,,,,,,0.633348675497715,,,0.320235595468003,0.53164233142189,,,,,-2.14144866922064,,0.356055703086874,,-0.534884086484217,,,,,,,1.79860619449677,,,,,,8.3968,103,1114.62912621359,632.010194174757,916.572815533981,1120.5572815534,1108.70097087379,627.699029126214,636.321359223301,1000.73786407767,832.407766990291,0
119.1936,0.101898870364977,0.336348860608636,,0.704110453434477,0.612606698652527,,,,0.713617878543873,,-0.410380425383597,,-1.47042161672921,,,,,,,,,,,,,0.621864197818325,,,0.287037978008266,0.496312625586943,,,,,-2.14484616575906,,0.374558811276411,,-0.531423887896908,,,,,,,1.82574629306578,,,,,,8.4992,102,1105.04950980392,639.31862745098,946.656862745098,1109.17843137255,1100.92058823529,629.013725490196,649.623529411765,1025.72549019608,867.588235294118,0
119.296,0.0541796646703832,0.32948306771938,,0.692469290426643,0.616309003217488,,,,0.71267129296259,,-0.477265275505705,,-1.50120871046161,,,,,,,,,,,,,0.609824943799592,,,0.25429292623808,0.461060579938072,,,,,-2.14614734030709,,0.39248015266952,,-0.528604858229125,,,,,,,1.85083793701464,,,,,,8.60160000000001,102,782.448529411765,633.332843137255,1026.24019607843,778.399019607843,786.498039215686,606.875490196078,659.790196078431,1112.69607843137,939.78431372549,0
119.3984,0.00836059791328482,0.320160021983297,,0.68053746993145,0.617803211398597,,,,0.71190866170307,,-0.543039815572869,,-1.53265943397436,,,,,,,,,,,,,0.597298913394209,,,0.222019766615951,0.425908092229621,,,,,-2.14532323094599,,0.409836313130754,,-0.526411116422188,,,,,,,1.87383996987669,,,,,,8.70399999999999,103,761.495631067961,643.155825242719,1064.95145631068,760.546601941748,762.444660194175,617.930097087379,668.381553398058,1148.57281553398,981.330097087379,0
119.5008,-0.0355437593412418,0.308454100115379,,0.668362175598849,0.617132543263802,,,,0.711328787322678,,-0.607561778565171,,-1.56477784211608,,,,,,,,,,,,,0.584357586749482,,,0.190232909846266,0.390874476272,,,,,-2.14234991168697,,0.426644318359505,,-0.52482137089778,,,,,,,1.89471763190228,,,,,,8.8064,102,1144.47352941176,674.234803921569,1086.14705882353,1130.8637254902,1158.08333333333,639.547058823529,708.922549019608,1156.09803921569,1016.19607843137,0
119.6032,-0.0775273777433875,0.294447657535763,,0.65599095485973,0.614348449618253,,,,0.710928897408092,,-0.670694391116852,,-1.59755892209261,,,,,,,,,,,,,0.5710756317419,,,0.158941865358306,0.355976572460308,,,,,-2.13720873017133,,0.44292152882531,,-0.52380896976114,,,,,,,1.9134426831359,,,,,,8.9088,103,1192.36359223301,680.383009708738,1053.80097087379,1181.35242718447,1203.37475728155,659.955339805825,700.810679611651,1121.74757281553,985.854368932039,0
119.7056,-0.117592529484491,0.27823075096581,,0.643471378708518,0.609510420481764,,,,0.710704669722961,,-0.732306753768885,,-1.63098828386987,,,,,,,,,,,,,0.557530602758306,,,0.128151311992656,0.32122888132141,,,,,-2.12988651494749,,0.458685556792723,,-0.523341974373402,,,,,,,1.9299935000061,,,,,,9.0112,102,1193.91470588235,667.817647058824,1011.53431372549,1184.77941176471,1203.05,650.797058823529,684.838235294118,1082.94117647059,940.127450980392,0
119.808,-0.155749527425697,0.259900838725625,,0.630850701098842,0.602685765443435,,,,0.710650288344398,,-0.792274204961995,,-1.6650419199924,,,,,,,,,,,,,0.543802622866932,,,0.0978612202533891,0.286643710892911,,,,,-2.12037574309995,,0.473954198936328,,-0.523383253953127,,,,,,,1.94435513926801,,,,,,9.11360000000001,102,1187.84215686275,659.339705882353,990.774509803922,1177.93137254902,1197.75294117647,640.900980392157,677.778431372549,1061.82352941176,919.725490196078,0
119.9104,-0.192016447502241,0.239562450370028,,0.618175513568126,0.593949359987138,,,,0.710758530581375,,-0.850478676145868,,-1.69968604560252,,,,,,,,,,,,,0.529974042936207,,,0.0680670218643671,0.252231332354677,,,,,-2.10867466357143,,0.488745377124896,,-0.52389060247826,,,,,,,1.95651936014028,,,,,,9.21599999999999,103,1148.84514563107,646.459223300971,1005.50485436893,1140.05825242718,1157.63203883495,625.941747572816,666.976699029126,1078.71844660194,932.291262135922,0
120.0128,-0.226418830041672,0.217326820946444,,0.605491393473435,0.583383352204201,,,,0.71102087503083,,-0.906809052399362,,-1.73487703028678,,,,,,,,,,,,,0.516129081592443,,,0.0387598232061146,0.218000145871741,,,,,-2.0947873811055,,0.503077087850283,,-0.524816881112565,,,,,,,1.96648460084048,,,,,,9.3184,102,939.644117647059,628.948039215686,1060.88725490196,933.590196078431,945.698039215686,601.15,656.746078431373,1139.94117647059,981.833333333333,0
120.1152,-0.258989351365919,0.193311489987621,,0.592842554908691,0.571076826412124,,,,0.711427617022318,,-0.961161546230935,,-1.77056143472091,,,,,,,,,,,,,0.502353458808745,,,0.00992666174386946,0.183956863446546,,,,,-2.07872391140906,,0.516967369852871,,-0.526110191887082,,,,,,,1.97425591472403,,,,,,9.4208,103,938.86359223301,638.687378640777,1100.83495145631,934.166990291262,943.560194174757,607.265048543689,670.109708737864,1181.21359223301,1020.45631067961,0
120.2176,-0.289767456710603,0.167639863358652,,0.580271517024812,0.557125417417076,,,,0.711967982205862,,-1.0134400833268,,-1.80667616194893,,,,,,,,,,,,,0.488734033873317,,,-0.0184491937749081,0.150106713195815,,,,,-2.06050021615805,,0.530434298668245,,-0.527714090364118,,,,,,,1.97984487595543,,,,,,9.5232,102,939.69068627451,641.782352941176,1066.05882352941,927.9,951.48137254902,603.951960784314,679.612745098039,1149.95098039216,982.166666666667,0
120.32,-0.318798949359127,0.140440735277118,,0.567818796726559,0.54163086882854,,,,0.71263023636659,,-1.06355669322029,,-1.84314872249376,,,,,,,,,,,,,0.475358450245699,,,-0.0463879011169733,0.116453662995059,,,,,-2.04013822100989,,0.543496007794671,,-0.529567840773737,,,,,,,1.98326946371207,,,,,,9.62559999999999,102,939.527941176471,635.474019607843,873.995098039216,934.625490196079,944.430392156863,620.867647058824,650.080392156863,945.862745098039,802.127450980392,0
120.4224,-0.346135536097136,0.111847773370709,,0.555522622042885,0.524700536835686,,,,0.713401793707572,,-1.11143188785047,,-1.8798975971477,,,,,,,,,,,,,0.462314784951787,,,-0.0739126678322704,0.0830006559341042,,,,,-2.0176658148375,,0.556170725348199,,-0.53160670718675,,,,,,,1.98455393052559,,,,,,9.72799999999999,103,852.908737864078,647.022330097088,736.330097087379,849.248543689321,856.568932038835,646.553398058253,647.491262135922,796.174757281553,676.485436893204,0
120.5248,-0.371834331970164,0.0819989736082264,,0.543418659304655,0.506446849739022,,,,0.714269325192274,,-1.15699500154042,,-1.91683266916205,,,,,,,,,,,,,0.449691198232894,,,-0.101049352110479,0.0497498474126866,,,,,-1.99311682554244,,0.568476806718538,,-0.533762266877034,,,,,,,1.98372865578304,,,,,,9.8304,102,664.564215686275,695.505392156863,666.024509803922,663.283333333333,665.845098039216,697.848039215686,693.162745098039,712.245098039216,619.803921568627,0
120.6272,-0.39595732992823,0.0510360901408818,,0.53153975002965,0.486986736237575,,,,0.715218867988894,,-1.20018446779025,,-1.9538556991059,,,,,,,,,,,,,0.437575575750233,,,-0.12782605348848,0.0167028353203061,,,,,-1.96653096778432,,0.580432746330438,,-0.535962735216824,,,,,,,1.98082998064758,,,,,,9.9328,103,666.657281553398,684.672815533981,619.825242718447,667.004854368932,666.309708737864,697.58932038835,671.756310679612,662.446601941748,577.203883495146,0
120.7296,-0.418570844032657,0.0191040445595694,,0.519915658368719,0.466441033428776,,,,0.716235939321001,,-1.24094801805126,,-1.99086083203368,,,,,,,,,,,,,0.426055155338858,,,-0.154272701632283,-0.016139120098971,,,,,-1.93795376079514,,0.592057164539229,,-0.538133301462896,,,,,,,1.97590001977988,,,,,,10.0352,102,669.742647058824,680.005882352941,582.941176470588,670.453921568628,669.03137254902,693.190196078431,666.821568627451,621.43137254902,544.450980392157,0
120.832,-0.439744935315421,-0.0136496760992577,,0.508572833267856,0.444933882056937,,,,0.717305658676712,,-1.27924279761171,,-2.02773514274712,,,,,,,,,,,,,0.41521613843118,,,-0.180420646801199,-0.0487748855654158,,,,,-1.90743641939118,,0.603368771922271,,-0.540196477505756,,,,,,,1.96898644805902,,,,,,10.1376,102,667.323529411765,677.476960784314,557.372549019608,671.290196078431,663.356862745098,689.843137254902,665.110784313726,593.843137254902,520.901960784314,0
120.9344,-0.459552827287747,-0.0470756201046569,,0.49753418872119,0.422592113804258,,,,0.718412878161548,,-1.31503540274073,,-2.06435922707093,,,,,,,,,,,,,0.40514329565729,,,-0.206302253234183,-0.0812032507263003,,,,,-1.87503572488318,,0.614386309804466,,-0.542072454479371,,,,,,,1.96014226151236,,,,,,10.24,103,415.59854368932,560.343203883495,547.611650485437,429.022330097087,402.174757281553,566.705825242719,553.980582524272,577.922330097087,517.300970873786,0
121.0368,-0.478070316562392,-0.0810229628529819,,0.486818906067713,0.399544634135106,,,,0.719542315932941,,-1.34830184923851,,-2.10060783982947,,,,,,,,,,,,,0.395919576894176,,,-0.231950496238603,-0.113422731464489,,,,,-1.84081387759921,,0.62512846798941,,-0.543679456859268,,,,,,,1.94942551076787,,,,,,10.3424,102,385.328921568627,553.031862745098,556.632352941177,398.359803921569,372.298039215686,561.627450980392,544.436274509804,580.098039215686,533.166666666667,0
121.1392,-0.495375182939106,-0.115340091472219,,0.476442269070004,0.375921801733501,,,,0.720678688626922,,-1.37902748063926,,-2.13635057643567,,,,,,,,,,,,,0.387625730115737,,,-0.257398564310122,-0.145431388266551,,,,,-1.80483832080118,,0.635613787791947,,-0.544934086130741,,,,,,,1.93689900631595,,,,,,10.4448,103,398.870873786408,551.521359223301,559.757281553398,413.68640776699,384.055339805825,564.015533980583,539.027184466019,581.233009708738,538.281553398058,0
121.2416,-0.511546600014111,-0.149875192893299,,0.466415548226525,0.351854799692337,,,,0.721806844406186,,-1.40720681648173,,-2.17145259802704,,,,,,,,,,,,,0.380339927100132,,,-0.282679468413904,-0.177226669897182,,,,,-1.76718152160001,,0.645860558537537,,-0.545751653898017,,,,,,,1.92262999700087,,,,,,10.5472,102,1368.3137254902,433.288725490196,536.308823529412,1353.26764705882,1383.35980392157,431.901960784314,434.675490196079,575.607843137255,497.009803921569,0
121.344,-0.526664545441977,-0.18447686032395,,0.456745944927881,0.327474991603962,,,,0.722911901764586,,-1.43284333781723,,-2.20577540312928,,,,,,,,,,,,,0.374137388428877,,,-0.307825659771258,-0.208805286645682,,,,,-1.72792070205993,,0.655886711239106,,-0.54604651221104,,,,,,,1.90668982385955,,,,,,10.6496,102,1489.74460784314,420.846078431373,531.867647058824,1482.90980392157,1496.57941176471,408.194117647059,433.498039215686,590.774509803922,472.960784313726,0
121.4464,-0.540809215413606,-0.218994726283208,,0.447436592798634,0.302913264654463,,,,0.723979397936099,,-1.45594921352433,,-2.23917764634798,,,,,,,,,,,,,0.369089998465606,,,-0.33286865621895,-0.2401631111684,,,,,-1.68713752074044,,0.665709710054483,,-0.545732387508183,,,,,,,1.88915354923758,,,,,,10.752,103,1481.90388349515,422.410679611651,538.781553398058,1476.86893203884,1486.93883495146,417.533980582524,427.287378640777,602.26213592233,475.300970873786,0
121.5488,-0.554060453520099,-0.253280118952921,,0.438486608137956,0.278299368567831,,,,0.724995447484016,,-1.4765449776304,,-2.27151600045845,,,,,,,,,,,,,0.365265906698548,,,-0.357838679160069,-0.271295103899235,,,,,-1.64491770777439,,0.675346437372661,,-0.544722715509727,,,,,,,1.87009955594968,,,,,,10.8544,102,1481.04460784314,417.438725490196,536.509803921569,1478.25882352941,1483.83039215686,407.304901960784,427.572549019608,598.245098039216,474.774509803922,0
121.6512,-0.566497199349942,-0.287186739007548,,0.429891187221056,0.253761249964716,,,,0.725946909269166,,-1.49465916423936,,-2.30264605806716,,,,,,,,,,,,,0.362729117730207,,,-0.382764306230746,-0.302195260279779,,,,,-1.60135066097494,,0.684813066086668,,-0.542930973868891,,,,,,,1.84960910833989,,,,,,10.9568,103,1481.11262135922,417.85,534.796116504854,1478.02912621359,1484.19611650485,408.670873786408,427.029126213592,592.708737864078,476.883495145631,0
121.7536,-0.57819695398815,-0.320571362510728,,0.421641753007857,0.229424371919704,,,,0.726821559784634,,-1.51032789853795,,-2.33242326940254,,,,,,,,,,,,,0.361539071051769,,,-0.407672143622392,-0.332856578436612,,,,,-1.55652901017419,,0.694124920799553,,-0.540271018940519,,,,,,,1.82776587201532,,,,,,11.0592,102,1555.74558823529,362.503921568627,536.406862745098,1565.61176470588,1545.87941176471,359.070588235294,365.937254901961,592.362745098039,480.450980392157,0
121.856,-0.589235258711866,-0.353294575742749,,0.413726152321215,0.205411014935503,,,,0.727608272066299,,-1.52359444438855,,-2.3607039103985,,,,,,,,,,,,,0.36175020958531,,,-0.432586517429331,-0.363271051077299,,,,,-1.51054814452506,,0.703296341519429,,-0.536657438661762,,,,,,,1.80465539789961,,,,,,11.1616,102,1524.44558823529,351.490196078431,547.446078431373,1527.19509803922,1521.69607843137,352.038235294118,350.942156862745,602.627450980392,492.264705882353,0
121.9584,-0.599685187142996,-0.385221538011554,,0.406128902989926,0.181839568180722,,,,0.72829719852201,,-1.53450872102415,,-2.3873460737697,,,,,,,,,,,,,0.363411540830919,,,-0.457529180301733,-0.393429687252704,,,,,-1.46350569092354,,0.712340567406988,,-0.532005932748205,,,,,,,1.78036458306188,,,,,,11.264,103,517.165533980583,528.303398058253,580.461165048544,505.068932038835,529.26213592233,534.566019417476,522.040776699029,609.398058252427,551.52427184466,0
122.0608,-0.609616857735516,-0.416222751701645,,0.398831486758693,0.158823829911218,,,,0.72887995167836,,-1.54312680629752,,-2.41221067482028,,,,,,,,,,,,,0.366566203586249,,,-0.482519030388195,-0.423322560739126,,,,,-1.41550095111242,,0.721269651918646,,-0.526233726399913,,,,,,,1.75498112511376,,,,,,11.3664,102,450.09705882353,556.38431372549,574.450980392157,458.795098039216,441.399019607843,559.055882352941,553.712745098039,585.019607843137,563.882352941177,0
122.1632,-0.619096982674587,-0.446174802403531,,0.391812674371534,0.136472346255044,,,,0.729349773165185,,-1.54951043493725,,-2.43516245840523,,,,,,,,,,,,,0.371251057856113,,,-0.507571843081674,-0.45293887107838,,,,,-1.36663433043167,,0.730094407969932,,-0.51926001187561,,,,,,,1.72859298716222,,,,,,11.4688,103,452.592233009709,558.23932038835,581.839805825243,468.05145631068,437.133009708738,558.242718446602,558.235922330097,589.126213592233,574.553398058253,0
122.2656,-0.628188471196812,-0.474961033658526,,0.385048863928677,0.114887819130504,,,,0.729701680118488,,-1.55372649113321,,-2.45607098725068,,,,,,,,,,,,,0.377496311597413,,,-0.53270001934647,-0.482267003484926,,,,,-1.31700679117059,,0.738824371541489,,-0.511006402388524,,,,,,,1.70128788479482,,,,,,11.5712,102,450.982352941177,563.009803921569,575.367647058824,465.670588235294,436.294117647059,567.38431372549,558.635294117647,585.558823529412,565.176470588235,0
122.368,-0.63695009324158,-0.502472142151403,,0.378514417490463,0.0941665970520233,,,,0.729932578077337,,-1.55584649605011,,-2.47481159416483,,,,,,,,,,,,,0.385325189674096,,,-0.557912355253955,-0.511294581555475,,,,,-1.26671934531714,,0.747467771264936,,-0.501397388303637,,,,,,,1.67315280045828,,,,,,11.6736,102,443.762745098039,824.698529411765,574.627450980392,451.532352941177,435.993137254902,825.239215686275,824.157843137255,589.401960784314,559.852941176471,0
122.4704,-0.64543619421564,-0.528606699264663,,0.37218198682286,0.0743982401028976,,,,0.730041333964422,,-1.55594609459261,,-2.49126629122494,,,,,,,,,,,,,0.394753645022011,,,-0.583213836220328,-0.540008512413111,,,,,-1.21587258883443,,0.756031497262672,,-0.49036080087275,,,,,,,1.64427352925863,,,,,,11.776,103,448.255339805825,834.134951456311,581.509708737864,459.871844660194,436.638834951456,836.366019417476,831.903883495146,601.611650485437,561.407766990291,0
122.5728,-0.653696446656101,-0.553271610841516,,0.366022825235346,0.0556651416889744,,,,0.730028811913352,,-1.55410454345007,,-2.50532463622536,,,,,,,,,,,,,0.405790112258516,,,-0.608605457646426,-0.568395025778891,,,,,-1.1645662753,,0.764521068987411,,-0.477828295949304,,,,,,,1.61473426215295,,,,,,11.8784,102,449.097549019608,838.575490196079,602.691176470588,461.960784313725,436.23431372549,840.078431372549,837.072549019608,625.578431372549,579.803921568627,0
122.6752,-0.661775629510907,-0.576382522243806,,0.360007088701422,0.0380421955159617,,,,0.72989787787028,,-1.55040420029638,,-2.51688455440888,,,,,,,,,,,,,0.418435307220041,,,-0.634084072844741,-0.59643970829752,,,,,-1.11289892442261,,0.772940604896118,,-0.46373586368358,,,,,,,1.58461721212008,,,,,,11.9808,103,489.599029126214,853.37427184466,618.529126213592,498.846601941748,480.35145631068,854.421359223301,852.327184466019,645.116504854369,591.941747572816,0
122.7776,-0.669713435112292,-0.597864166859811,,0.354104129257886,0.0215965076062036,,,,0.729653374827298,,-1.54493001698262,,-2.52585310748014,,,,,,,,,,,,,0.432682077576017,,,-0.659642270193961,-0.624127534312979,,,,,-1.06096746041148,,0.781292796982158,,-0.448024359206279,,,,,,,1.55400228394354,,,,,,12.0832,102,567.589215686275,877.771078431373,644.43137254902,574.73431372549,560.444117647059,865.820588235294,889.721568627451,674.362745098039,614.5,0
122.88,-0.677544311273276,-0.617650649376261,,0.348282777311025,0.00638716194348847,,,,0.729302069853953,,-1.53776903915637,,-2.53214720122848,,,,,,,,,,,,,0.448515308062123,,,-0.685268283247145,-0.651442895646544,,,,,-1.00886687739796,,0.789578894575636,,-0.430640044992485,,,,,,,1.52296678315998,,,,,,12.1856,102,569.752450980392,884.13137254902,684.083333333333,578.38431372549,561.120588235294,872.513725490196,895.749019607843,719.754901960784,648.411764705882,0
122.9824,-0.685297343730771,-0.635685655579197,,0.342511605535875,-0.00753495263283604,,,,0.728852576101536,,-1.52900990774133,,-2.53569423192623,,,,,,,,,,,,,0.46591188226047,,,-0.710945938605545,-0.678369634172683,,,,,-0.95668993126325,,0.797798702817778,,-0.41153514136002,,,,,,,1.4915851590377,,,,,,12.288,103,568.957281553398,895.195631067961,719.412621359223,573.776699029126,564.13786407767,881.65145631068,908.739805825243,754.067961165049,684.757281553398,0
123.0848,-0.692996176127494,-0.651922586181802,,0.3367591673445,-0.0201272543838954,,,,0.72831525109271,,-1.51874235592759,,-2.5364326820305,,,,,,,,,,,,,0.484840703403491,,,-0.736654646022664,-0.704891080491195,,,,,-0.904526856455052,,0.805950598007556,,-0.390668386961398,,,,,,,1.45992877806577,,,,,,12.3904,102,568.675,890.763725490196,734.147058823529,571.219607843137,566.130392156863,874.662745098039,906.864705882353,767.93137254902,700.362745098039,0
123.1872,-0.700658962572984,-0.666324617629579,,0.330994204480816,-0.031355525583151,,,,0.72770207076299,,-1.507056704005,,-2.53431267596852,,,,,,,,,,,,,0.505262777003123,,,-0.762369432969549,-0.730990099676127,,,,,-0.852465104576946,,0.814031558861343,,-0.368005603863589,,,,,,,1.42806572562124,,,,,,12.4928,103,656.153883495146,725.243203883495,743.126213592233,656.271844660194,656.035922330097,721.176699029126,729.309708737864,774.679611650485,711.572815533981,0
123.2896,-0.708298352173347,-0.678864698098596,,0.325185821667024,-0.0411939241936057,,,,0.727026480423795,,-1.49404336470986,,-2.52929649846493,,,,,,,,,,,,,0.527131354547801,,,-0.788061022665596,-0.756649142237482,,,,,-0.800589100904458,,0.822037214576437,,-0.343520249121119,,,,,,,1.39606063751674,,,,,,12.5952,102,711.119607843137,617.763725490196,752.289215686275,720.414705882353,701.824509803922,620.219607843137,615.307843137255,785.362745098039,719.21568627451,0
123.392,-0.715921509073407,-0.689525490707207,,0.319303632957684,-0.0496249598818464,,,,0.726303225230954,,-1.47979237690084,,-2.52135906819399,,,,,,,,,,,,,0.55039213070172,,,-0.813695952224316,-0.781850298407488,,,,,-0.748980014936484,,0.829961915503669,,-0.317193933261101,,,,,,,1.36397457119711,,,,,,12.6976,102,714.55,617.901470588235,768.137254901961,721.112745098039,707.987254901961,620.047058823529,615.755882352941,804.088235294118,732.186274509804,0
123.4944,-0.72353017481028,-0.698299267681171,,0.313317893004714,-0.0566394329584598,,,,0.725548164005003,,-1.46439298215543,,-2.51048834954583,,,,,,,,,,,,,0.574983485991386,,,-0.839236726936494,-0.806575356046587,,,,,-0.697715543531578,,0.83779883607839,,-0.28901689270246,,,,,,,1.33186492978076,,,,,,12.8,103,708.15145631068,616.572330097087,772.631067961165,712.976699029126,703.326213592233,611.120388349515,622.02427184466,808.427184466019,736.834951456311,0
123.5968,-0.731120782378603,-0.705187741049251,,0.307199629646187,-0.0622363201290717,,,,0.72477807362883,,-1.44793324767755,,-2.49668567957363,,,,,,,,,,,,,0.600836776766486,,,-0.864642007546677,-0.830805861662551,,,,,-0.646869710604637,,0.845540120334655,,-0.258988404761282,,,,,,,1.2997854443204,,,,,,12.9024,102,575.871078431373,808.54362745098,755.705882352941,569.68431372549,582.057843137255,785.857843137255,831.229411764706,789.43137254902,721.980392156863,0
123.6992,-0.738684629168761,-0.710201811765395,,0.300920786117788,-0.0664225905082824,,,,0.724010451670866,,-1.43049972839647,,-2.47996599220488,,,,,,,,,,,,,0.627876679333999,,,-0.889866829725696,-0.854523181202069,,,,,-0.596512689483949,,0.853177078202728,,-0.227117135012366,,,,,,,1.26778620958095,,,,,,13.0048,103,529.502427184466,908.867961165049,728.281553398058,523.291262135922,535.71359223301,875.957281553398,941.778640776699,756.533980582524,700.029126213592,0
123.8016,-0.746208110993764,-0.713361234228295,,0.294454366321821,-0.0692129459843323,,,,0.723263321422801,,-1.41217715432044,,-2.46035793118679,,,,,,,,,,,,,0.656021586860039,,,-0.914862859106571,-0.877708559055484,,,,,-0.546710650217144,,0.860700434602739,,-0.193421412421596,,,,,,,1.2359137668683,,,,,,13.1072,102,530.892647058824,908.939215686275,731.313725490196,525.763725490196,536.021568627451,875.412745098039,942.46568627451,759.303921568627,703.323529411765,0
123.904,-0.753673018487199,-0.714694203794378,,0.28777456467425,-0.0706294848951047,,,,0.722555043429348,,-1.39304812440499,,-2.43790385065818,,,,,,,,,,,,,0.685184048571911,,,-0.93957868911945,-0.900343180355337,,,,,-0.497525629003192,,0.86810062204333,,-0.157929428955001,,,,,,,1.20421122824436,,,,,,13.2096,102,531.19705882353,908.842647058824,740.960784313726,524.510784313726,537.883333333333,875.301960784314,942.383333333333,768.823529411765,713.098039215686,0
124.0064,-0.761056896320237,-0.714236874831481,,0.280856862483451,-0.0707012904195535,,,,0.72190413769217,,-1.37319279371709,,-2.41265971044864,,,,,,,,,,,,,0.715271242532047,,,-0.963960188781671,-0.922408246284146,,,,,-0.449015413770969,,0.875368098646336,,-0.120679359487136,,,,,,,1.17271843298806,,,,,,13.312,103,532.431553398058,912.748058252427,744.883495145631,524.729126213592,540.133980582524,885.457281553398,940.038834951456,770.368932038835,719.398058252427,0
124.1088,-0.768333460301871,-0.712032811399823,,0.273678089370718,-0.0694639503832317,,,,0.721329114812963,,-1.35268855592115,,-2.38469487764674,,,,,,,,,,,,,0.746185485215896,,,-0.987950903763769,-0.94388507083833,,,,,-0.401233440989178,,0.882493675301324,,-0.0817194023157167,,,,,,,1.14147212592555,,,,,,13.4144,102,772.719607843137,653.753431372549,750.490196078431,763.287254901961,782.151960784314,646.641176470588,660.86568627451,776.039215686275,724.941176470588,0
124.2112,-0.775473061801691,-0.708132362869062,,0.266216466337067,-0.0669590159403894,,,,0.720848309786323,,-1.33160973236792,,-2.35409184220314,,,,,,,,,,,,,0.777824793186016,,,-1.01149251045951,-0.964755202328092,,,,,-0.354228704725951,,0.889468844564481,,-0.0411077428337225,,,,,,,1.11050615160775,,,,,,13.5168,103,898.138349514563,511.305825242719,769.383495145631,896.926213592233,899.350485436893,491.665048543689,530.946601941748,813.378640776699,725.388349514563,0
124.3136,-0.782443184517669,-0.702591959412236,,0.258451650870432,-0.063233408360489,,,,0.720479713303634,,-1.31002727941996,,-2.32094584895993,,,,,,,,,,,,,0.810083508631869,,,-1.03452532175746,-0.985000567419383,,,,,-0.308045683975441,,0.896286112053703,,0.00108756023178454,,,,,,,1.07985166222242,,,,,,13.6192,102,894.116666666667,517.88431372549,754.406862745098,895.639215686275,892.594117647059,498.445098039216,537.323529411765,803.509803921569,705.303921568627,0
124.416,-0.789208956648402,-0.695473343252136,,0.250364799082294,-0.0583387915190088,,,,0.720240797610205,,-1.28800852699251,,-2.28536444714442,,,,,,,,,,,,,0.842852980413933,,,-1.05698884132098,-1.00460363219442,,,,,-0.262724294700293,,0.902939332186332,,0.0447887662301886,,,,,,,1.04953733881007,,,,,,13.7216,102,897.741666666667,517.315196078431,733.612745098039,897.538235294118,897.945098039216,504.543137254902,530.087254901961,780.764705882353,686.460784313726,0
124.5184,-0.795733666324124,-0.686842763763062,,0.241938651734932,-0.0523309293555055,,,,0.720148337547883,,-1.26561696507344,,-2.24746696439442,,,,,,,,,,,,,0.876022275154745,,,-1.07882235287969,-1.02354757233274,,,,,-0.218299874516214,,0.90942403976442,,0.0899087153740588,,,,,,,1.01958962512962,,,,,,13.824,103,899.154368932039,514.291747572816,739.296116504854,899.848543689321,898.460194174757,499.666990291262,528.916504854369,788.95145631068,689.640776699029,0
124.6208,-0.801979274298519,-0.676770157283248,,0.233157642648256,-0.045269039463882,,,,0.720218230700011,,-1.24291208968833,,-2.2073839221887,,,,,,,,,,,,,0.90947889440474,,,-1.09996551456205,-1.04181644100406,,,,,-0.174803212150066,,0.915737754178795,,0.136351149968495,,,,,,,0.990032969341414,,,,,,13.9264,102,896.323529411765,514.133333333333,750.632352941177,902.007843137255,890.639215686275,493.11568627451,535.150980392157,805.470588235294,695.794117647059,0
124.7232,-0.807906917240909,-0.665328325298773,,0.22400802866984,-0.0372151501120291,,,,0.720465317603526,,-1.21994930093424,,-2.16525640873278,,,,,,,,,,,,,0.943109487858263,,,-1.12035892466128,-1.0593953230057,,,,,-0.132260629934485,,0.921880231062933,,0.184011081213117,,,,,,,0.960890063912421,,,,,,14.0288,103,892.203883495146,519.184951456311,762.407766990291,900.007766990291,884.4,500.492233009709,537.877669902913,823.320388349515,701.495145631068,0
124.8256,-0.813477393291745,-0.652592126214496,,0.214478044908071,-0.0282334713699,,,,0.720903199058095,,-1.19677983509978,,-2.12123541316514,,,,,,,,,,,,,0.976800559721008,,,-1.13994464242331,-1.07627047128219,,,,,-0.0906941124473807,,0.927853650042121,,0.232775195560459,,,,,,,0.932182074555704,,,,,,14.1312,102,890.773039215686,522.896568627451,741.093137254902,892.601960784314,888.944117647059,505.733333333333,540.059803921569,800.990196078431,681.196078431373,0
124.928,-0.818651625751247,-0.638637698802611,,0.204558080926901,-0.0183897949098325,,,,0.721544050636918,,-1.17345072683138,,-2.07548111809572,,,,,,,,,,,,,1.0104391586503,,,-1.15866666437111,-1.09242942962182,,,,,-0.0501214655331845,,0.933662740083251,,0.282522298097903,,,,,,,0.903928855003395,,,,,,14.2336,102,890.18431372549,524.889705882353,681.818627450981,889.260784313725,891.107843137255,519.295098039216,530.48431372549,733.205882352941,630.43137254902,0
125.0304,-0.823391104294544,-0.623541735118184,,0.194240860954071,-0.00775093919704973,,,,0.722398439743047,,-1.15000481430539,,-2.02816215135128,,,,,,,,,,,,,1.04391353558148,,,-1.17647135765606,-1.10786114463415,,,,,-0.0105564977501401,,0.939314847500409,,0.333123784389743,,,,,,,0.876149152051937,,,,,,14.336,103,1035.98980582524,501.966990291262,634.480582524272,1035.50388349515,1036.47572815534,501.115533980583,502.818446601942,686.339805825243,582.621359223301,0
125.1328,-0.827658301205157,-0.607380816219955,,0.183521612431144,0.0036157460001592,,,,0.723475151562711,,-1.12648079725814,,-1.97945480354195,,,,,,,,,,,,,1.07711375806687,,,-1.19330784812482,-1.12255606519007,,,,,0.0279907743472,,0.944819954813094,,0.384444124928314,,,,,,,0.84886080899638,,,,,,14.4384,102,1121.45441176471,486.783823529412,609.642156862745,1126.82352941176,1116.08529411765,487.317647058824,486.25,664.843137254902,554.441176470588,0
125.2352,-0.831417059245724,-0.590230817038934,,0.172398217192533,0.0156428115434975,,,,0.724781028081006,,-1.10291334315738,,-1.92954222079229,,,,,,,,,,,,,1.10993227527663,,,-1.20912836221359,-1.13650622607068,,,,,0.0655138975796787,,0.95019066344084,,0.436341346686087,,,,,,,0.822080972836725,,,,,,14.5408,103,1123.11067961165,484.506310679612,598.150485436893,1130.82718446602,1115.39417475728,484.579611650486,484.433009708738,651.873786407767,544.427184466019,0
125.3376,-0.834632950752452,-0.572166382737671,,0.160871342762338,0.028263081839706,,,,0.726320820733536,,-1.07933322900784,,-1.87861358119638,,,,,,,,,,,,,1.14226442637273,,,-1.22388852445213,-1.14970531426386,,,,,0.102009736221044,,0.955442150147841,,0.488667503309059,,,,,,,0.795826303942547,,,,,,14.6432,102,1127.27647058824,484.799019607843,582.549019607843,1132.41176470588,1122.14117647059,485.58431372549,484.013725490196,633.039215686275,532.058823529412,0
125.44,-0.837273608573461,-0.55326047885017,,0.148944548480044,0.0414099747690791,,,,0.72809705471983,,-1.05576750963977,,-1.82686325850897,,,,,,,,,,,,,1.17400888287276,,,-1.23754761370262,-1.16214871641824,,,,,0.137478213930521,,0.960592096224261,,0.541269135041308,,,,,,,0.770113179102751,,,,,,14.7456,102,1107.10147058824,483.710294117647,562.093137254902,1116.87156862745,1097.33137254902,485.078431372549,482.342156862745,608.205882352941,515.980392156863,0
125.5424,-0.839309027478543,-0.533584016322799,,0.13662436113348,0.0550177730523686,,,,0.730109904173437,,-1.03223971071871,,-1.7744899703663,,,,,,,,,,,,,1.20506802028119,,,-1.25006878215287,-1.17383354447136,,,,,0.171922043755628,,0.965660581214753,,0.593987726397337,,,,,,,0.744957873940035,,,,,,14.848,103,946.079611650485,484.894174757282,553.558252427184,961.844660194175,930.314563106796,487.543689320388,482.244660194175,592.145631067961,514.970873786408,0
125.6448,-0.840711834403758,-0.513205551002959,,0.123920317614797,0.0690218498415554,,,,0.732357080358746,,-1.00877004746102,,-1.72169590594995,,,,,,,,,,,,,1.23534822151833,,,-1.26141924033542,-1.18475863797151,,,,,0.205346446947932,,0.970669935826266,,0.64666016956894,,,,,,,0.720376712789037,,,,,,14.9504,102,946.262745098039,490.235294117647,552.387254901961,967.595098039216,924.930392156863,489.48431372549,490.986274509804,587.529411764706,517.245098039216,0
125.7472,-0.841457527044719,-0.492191057550536,,0.110844973752099,0.0833588485161525,,,,0.734833737831628,,-0.985375668708489,,-1.6686858311176,,,,,,,,,,,,,1.26476011889308,,,-1.27157040874808,-1.19492454671921,,,,,0.237758868486527,,0.975644556300802,,0.699119238558304,,,,,,,0.696386181117881,,,,,,15.0528,103,694.711956238226,510.00457759745,569.315838284307,705.556922185191,683.866990291262,513.073232864802,506.935922330097,601.175365889002,537.456310679612,0
125.8496,-0.841524680845716,-0.470603773730843,,0.0974138805955832,0.0979668183128843,,,,0.737532406405496,,-0.962070929663321,,-1.61566617571204,,,,,,,,,,,,,1.29321878557596,,,-1.28049803370146,-1.20433350075977,,,,,0.269168700582303,,0.98061068778418,,0.751194079952257,,,,,,,0.673003001984804,,,,,,15.1552,102,482.423829513149,525.845687006146,582.07754687696,493.363432835821,471.484226190476,528.913432835821,522.777941176471,612.582089552239,551.573004201681,0.127450980392157
125.952,-0.840895125590176,-0.448504103146712,,0.0836455355262666,0.112785315745172,,,,0.740442957583172,,-0.938867703133754,,-1.56284411127729,,,,,,,,,,,,,1.32064389183723,,,-1.28818226362569,-1.21298937297698,,,,,0.299587020757201,,0.985596186391756,,0.802710729526731,,,,,,,0.650244182025332,,,,,,15.2576,102,441.182781183369,511.99197761194,594.328851279318,458.378955223881,423.986607142857,512.288955223881,511.695,626.588059701493,562.069642857143,1
126.0544,-0.839554092381001,-0.425949565639781,,0.0695613211466165,0.12775548327527,,,,0.743552609182327,,-0.915775734123395,,-1.51042662177334,,,,,,,,,,,,,1.34695983875842,,,-1.29460768370985,-1.22089763517069,,,,,0.329026346568477,,0.990630270015431,,0.853492663450628,,,,,,,0.62812703210846,,,,,,15.36,103,400.372293508187,496.155861469352,607.355372409796,423.222985074627,377.521601941748,495.582985074627,496.728737864078,640.662686567164,574.048058252427,0.184466019417476
126.1568,-0.837490328469455,-0.402994794103885,,0.055185443585744,0.142820106161591,,,,0.746845962560859,,-0.892803028557624,,-1.45861956214077,,,,,,,,,,,,,1.37209587379447,,,-1.29976330999671,-1.22806530603024,,,,,0.357500408846481,,0.995743265320951,,0.903361389514282,,,,,,,0.606669163032398,,,,,,15.4624,102,386.678656716418,466.853264559555,635.751594966345,401.948489903424,371.408823529412,476.368293824993,457.338235294118,663.758091893474,607.745098039216,0
126.2592,-0.834696176973878,-0.37969158043087,,0.0405448767005741,0.157923641783739,,,,0.750305061865694,,-0.869956263416632,,-1.40762670099372,,,,,,,,,,,,,1.39598618707579,,,-1.30364254554186,-1.23450089006116,,,,,0.38502394501697,,1.00096635483316,,0.952137083255575,,,,,,,0.585888453607797,,,,,,15.5648,103,403.045145631068,472.532524271845,686.257281553398,416.123300970874,389.966990291262,481.164077669903,463.900970873787,713.009708737864,659.504854368932,0
126.3616,-0.831167621703084,-0.356088970666458,,0.0256693137547788,0.173012220037537,,,,0.753909470270608,,-0.847241214060575,,-1.35764875059955,,,,,,,,,,,,,1.41856998686028,,,-1.30624310124279,-1.24021430776538,,,,,0.41161251198966,,1.00633132639599,,0.999639274229086,,,,,,,0.565802989254438,,,,,,15.6672,102,640.628921568627,549.435784313726,749.578431372549,653.03431372549,628.223529411765,556.569607843137,542.301960784314,786.637254901961,712.519607843137,0
126.464,-0.826904298177927,-0.33223340682986,,0.0105911215108912,0.188033617780651,,,,0.75763636776653,,-0.824663198614729,,-1.3088823891435,,,,,,,,,,,,,1.43979155409835,,,-1.30756688450825,-1.2452168171075,,,,,0.437282316266446,,1.01187032606491,,1.04568758473197,,,,,,,0.5464309694397,,,,,,15.7696,102,647.271568627451,567.158823529412,790.656862745098,662.93431372549,631.608823529412,570.863725490196,563.453921568628,833.470588235294,747.843137254902,0
126.5664,-0.821909471943498,-0.30816890875491,,-0.00465471373296729,0.20293721217792,,,,0.761460678989484,,-0.802227534426799,,-1.26151927650832,,,,,,,,,,,,,1.45960027835492,,,-1.30761985916539,-1.24952092565739,,,,,0.462050057714961,,1.01761561397894,,1.09010252269322,,,,,,,0.527790582871396,,,,,,15.872,103,647.957766990291,576.344174757282,803.101941747573,659.516504854369,636.399029126214,580.885436893204,571.802912621359,847.223300970874,758.980582524272,0
126.6688,-0.816189987872945,-0.283937283142002,,-0.0200306559378015,0.217673923109579,,,,0.765355237687797,,-0.779939996884508,,-1.2157450604739,,,,,,,,,,,,,1.47795067982531,,,-1.3064118790919,-1.25314029305423,,,,,0.485932782209395,,1.02359932387938,,1.13270633528304,,,,,,,0.509899853485596,,,,,,15.9744,102,648.453431372549,576.156862745098,773.769607843137,654.617647058824,642.289215686275,585.161764705882,567.151960784314,815.78431372549,731.754901960784,0
126.7712,-0.809756196145667,-0.259578344251307,,-0.0354967040458809,0.232196160325078,,,,0.769290991821578,,-0.757807271538986,,-1.17173836854591,,,,,,,,,,,,,1.49480242458378,,,-1.30395649752689,-1.25608962388923,,,,,0.508947737724179,,1.02985323131002,,1.17332393284148,,,,,,,0.492776463968395,,,,,,16.0768,103,899.573786407767,539.226213592233,750.893203883495,896.700970873786,902.446601941748,542.232038834952,536.220388349515,795.174757281554,706.611650485437,0
126.8736,-0.802621859487468,-0.235130133766776,,-0.0510104862035855,0.246457789720777,,,,0.773237250472183,,-0.735837395154009,,-1.12966978483566,,,,,,,,,,,,,1.51012034117696,,,-1.30027075512144,-1.25838455264705,,,,,0.531112230771299,,1.03640853751555,,1.21178388718651,,,,,,,0.476437564224323,,,,,,16.1792,102,1197.85441176471,487.272549019608,729.529411764706,1196.77941176471,1198.92941176471,492.698039215686,481.84705882353,790.362745098039,668.696078431373,0
126.976,-0.794804042125387,-0.210629135286259,,-0.0665273669666579,0.260414125575779,,,,0.77716196692899,,-0.71404018378773,,-1.08970082508725,,,,,,,,,,,,,1.52387444078599,,,-1.29537495421654,-1.26004152689093,,,,,0.55244348423396,,1.0432956695917,,1.2479194902127,,,,,,,0.460899575368189,,,,,,16.2816,102,1194.16862745098,502.361764705882,722.862745098039,1189.36470588235,1198.97254901961,511.921568627451,492.801960784314,785.980392156863,659.745098039216,0
127.0784,-0.78632297424177,-0.186110485927263,,-0.0820005888076738,0.274021947138644,,,,0.781032042263414,,-0.692427640653579,,-1.05198294020025,,,,,,,,,,,,,1.53603993046868,,,-1.2892924329357,-1.26107769797512,,,,,0.572958497046032,,1.05054408800172,,1.28156983661782,,,,,,,0.446178004335469,,,,,,16.384,103,1196.88009708738,514.660194174757,724.47572815534,1197.40679611651,1196.35339805825,523.409708737864,505.910679611651,784.825242718447,664.126213592233,0
127.1808,-0.777201885719501,-0.16160818021827,,-0.0973814731456929,0.287239536299184,,,,0.784813629539051,,-0.671014331005632,,-1.01665658130492,,,,,,,,,,,,,1.5465972052912,,,-1.28204935138647,-1.26151082392651,,,,,0.592673901550737,,1.05818209303829,,1.31258089406521,,,,,,,0.432287280343922,,,,,,16.4864,102,1199.15931372549,519.700490196079,735.019607843137,1201.49901960784,1196.81960784314,524.699019607843,514.701960784314,793.450980392157,676.588235294118,0
127.2832,-0.767466817003862,-0.137155242299496,,-0.1126196877478,0.300026740730264,,,,0.788472424751828,,-0.649817710040589,,-0.983850345552231,,,,,,,,,,,,,1.55553181925982,,,-1.27367449362137,-1.26135918235537,,,,,0.611605814421857,,1.06623663128989,,1.34080654577813,,,,,,,0.419240617166275,,,,,,16.5888,103,1303.18689320388,527.208252427185,757.810679611651,1300.88252427184,1305.49126213592,524.843689320388,529.572815533981,815.601941747573,700.019417475728,0
127.3856,-0.757146424016185,-0.112783843045044,,-0.127663570189587,0.312345068734268,,,,0.791973937958432,,-0.628858382709986,,-0.953680212229019,,,,,,,,,,,,,1.56283444625275,,,-1.26419908625857,-1.26064148978219,,,,,0.629769679945978,,1.07473310759533,,1.36610960230504,,,,,,,0.407049903704116,,,,,,16.6912,102,1747.91715686275,553.46568627451,757.093137254902,1746.1431372549,1749.69117647059,550.654901960784,556.276470588235,824.666666666667,689.519607843137,0
127.488,-0.746271782052828,-0.0885253682705746,,-0.142460492741764,0.324157809056461,,,,0.795283744131696,,-0.608160273203427,,-0.926248873478632,,,,,,,,,,,,,1.56850083321458,,,-1.25365663636572,-1.25937682177714,,,,,0.647180105414963,,1.08369520568367,,1.38836277352294,,,,,,,0.395725619272038,,,,,,16.7936,102,1739.63333333333,559.864215686275,760.176470588235,1742.8862745098,1736.38039215686,559.264705882353,560.463725490196,825.029411764706,695.323529411765,0
127.5904,-0.734876181765911,-0.0644104651278876,,-0.156957253491258,0.33543015951074,,,,0.798367723056773,,-0.587750702551418,,-0.901645151668348,,,,,,,,,,,,,1.57253173680391,,,-1.24208278628463,-1.25758452531636,,,,,0.663850693002234,,1.09314472113125,,1.40744958735541,,,,,,,0.385276759376093,,,,,,16.896,103,1737.91553398058,559.83932038835,779.898058252427,1742.18252427184,1733.64854368932,557.178640776699,562.5,846.087378640777,713.708737864078,0
127.6928,-0.722994912860495,-0.0404690860333585,,-0.171100483016192,0.346129350701519,,,,0.801192302102475,,-0.567660386888754,,-0.879943495402963,,,,,,,,,,,,,1.57493284174092,,,-1.22951517849197,-1.25528412187526,,,,,0.679793880563738,,1.10310141126494,,1.42326524175387,,,,,,,0.375710762735281,,,,,,16.9984,102,1385.81421568627,500.437745098039,842.205882352941,1377.61176470588,1394.01666666667,492.812745098039,508.062745098039,913.803921568628,770.607843137255,0
127.7952,-0.710665032734651,-0.0167305356772902,,-0.184837059439357,0.356224751130999,,,,0.80372470835214,,-0.547923359317353,,-0.861203560425219,,,,,,,,,,,,,1.57571466940769,,,-1.2159933251272,-1.25249521180267,,,,,0.695020808333556,,1.11358286247184,,1.435717384595,,,,,,,0.367033444383026,,,,,,17.1008,103,1137.83203883495,449.82427184466,864.844660194175,1142.38058252427,1133.28349514563,442.129126213592,457.519417475728,926.660194174757,803.029126213592,0
127.8976,-0.697925115183339,0.00677647575858074,,-0.198114518639698,0.36568793678101,,,,0.805933228475729,,-0.528576814062627,,-0.845469881004488,,,,,,,,,,,,,1.57489247869392,,,-1.20155847643758,-1.24923739223408,,,,,0.70954122920301,,1.12460436921351,,1.44472683257692,,,,,,,0.359248938268049,,,,,,17.2032,102,1139.76617647059,452.826960784314,776.593137254902,1139.07941176471,1140.45294117647,455.900980392157,449.752941176471,829.85294117647,723.333333333333,0
128,-0.684814978155047,0.030023768129358,,-0.210881449135494,0.374492714307962,,,,0.807787467746381,,-0.509660877244596,,-0.832771630562632,,,,,,,,,,,,,1.57248615283823,,,-1.18625348354653,-1.24553019493099,,,,,0.723363473270458,,1.13617881481975,,1.45022823852044,,,,,,,0.352359644810231,,,,,,17.3056,102,1138.6068627451,441.604901960784,688.03431372549,1137.62156862745,1139.59215686275,449.651960784314,433.557843137255,739.303921568627,636.764705882353,0
128.1024,-0.671375398989338,0.0529836160347123,,-0.223087872517514,0.382615104230325,,,,0.809258593173501,,-0.491218309655769,,-0.823122476564894,,,,,,,,,,,,,1.5685200726856,,,-1.17012265712688,-1.24139304434538,,,,,0.736494461232405,,1.14831654765457,,1.45217069166858,,,,,,,0.346366184480259,,,,,,17.408,103,1139.07572815534,440.659708737864,659.169902912622,1140.46504854369,1137.68640776699,451.668932038835,429.650485436893,710.407766990291,607.932038834951,0
128.2048,-0.65764783672945,0.0756286736498531,,-0.234685606506245,0.390033304155202,,,,0.810319555336285,,-0.473294161512509,,-0.816520533879958,,,,,,,,,,,,,1.56302297773869,,,-1.15321162479122,-1.23684522799006,,,,,0.748939748689225,,1.16102525859343,,1.45051821876263,,,,,,,0.341267364182379,,,,,,17.5104,102,1137.2181372549,444.981862745098,680.622549019608,1140.39019607843,1134.04607843137,452.600980392157,437.362745098039,733.450980392157,627.794117647059,0
128.3072,-0.643674184343259,0.0979319118392399,,-0.245628604508601,0.396727643947687,,,,0.810945303560705,,-0.455935422817366,,-0.812948407509564,,,,,,,,,,,,,1.55602780133253,,,-1.13556718990177,-1.23190586408952,,,,,0.760703577637199,,1.17430987139999,,1.44525015689574,,,,,,,0.337060155353537,,,,,,17.6128,103,960.427669902913,407.716019417476,743.844660194175,969.976699029126,950.878640776699,395.776699029126,419.655339805825,799.563106796117,688.126213592233,0
128.4096,-0.629496557413197,0.119866567587108,,-0.255873279436527,0.402680523651246,,,,0.811113008709643,,-0.439190706917772,,-0.812373307073018,,,,,,,,,,,,,1.54757146268068,,,-1.11723719676041,-1.22659385236511,,,,,0.77178891212905,,1.1881724494113,,1.43636138814721,,,,,,,0.333739675397969,,,,,,17.7152,102,887.843137254902,396.413725490196,791.039215686275,905.547058823529,870.139215686275,374.673529411765,418.153921568627,847.441176470588,734.637254901961,0
128.512,-0.61515710451436,0.14140609822648,,-0.265378818719202,0.407876322691054,,,,0.810802285366308,,-0.423109972559151,,-0.814747212718487,,,,,,,,,,,,,1.5376946164782,,,-1.09827039885919,-1.22092780143493,,,,,0.782197454240498,,1.20261211856324,,1.42386245233777,,,,,,,0.331299168559013,,,,,,17.8176,102,886.866666666667,408.166666666667,828.362745098039,897.132352941176,876.600980392157,383.394117647059,432.939215686275,889.343137254902,767.382352941177,0
128.6144,-0.60069782249155,0.162524141155659,,-0.274107473949895,0.412301285729851,,,,0.809995387115355,,-0.407744257145986,,-0.820007084113632,,,,,,,,,,,,,1.5264413746036,,,-1.07871631715219,-1.21492593528824,,,,,0.791929660082409,,1.21762501682681,,1.40777956141863,,,,,,,0.329729994308335,,,,,,17.92,103,887.711165048544,418.369417475728,863.757281553398,899.508737864078,875.91359223301,392.499029126214,444.239805825243,931.233009708738,796.281553398058,0
128.7168,-0.586160368586221,0.183194482832382,,-0.28202480189071,0.415943394335436,,,,0.808677344563712,,-0.393145370295076,,-0.828075135414618,,,,,,,,,,,,,1.51385900748281,,,-1.05862508347814,-1.20860598712767,,,,,0.800984773834979,,1.23320428336184,,1.38815452102055,,,,,,,0.329021638509761,,,,,,18.0224,102,888.925980392157,422.820588235294,899.210784313726,897.056862745098,880.795098039216,397.156862745098,448.48431372549,975.921568627451,822.5,0
128.8192,-0.571585867049234,0.203391033230381,,-0.289099856568444,0.418792228132749,,,,0.806836022478674,,-0.379365499425452,,-0.838859215185809,,,,,,,,,,,,,1.49999761727966,,,-1.03804727632825,-1.2019850900563,,,,,0.809360879909975,,1.24934008885272,,1.36504455262125,,,,,,,0.329161756397413,,,,,,18.1248,103,891.107766990291,420.734951456311,921.349514563107,899.610679611651,882.604854368932,402.447572815534,439.022330097087,998.029126213592,844.669902912622,0
128.9216,-0.557014716408093,0.223087808725623,,-0.295305356701952,0.420838828765847,,,,0.804462090855584,,-0.366456702472233,,-0.852253314002701,,,,,,,,,,,,,1.48490976960382,,,-1.01703375571252,-1.19507967279282,,,,,0.81705496611574,,1.2660196998727,,1.3385220128531,,,,,,,0.330136247099239,,,,,,18.2272,102,889.520588235294,419.622549019608,919.127450980392,896.06568627451,882.975490196079,400.904901960784,438.340196078431,992.225490196078,846.029411764706,0
129.024,-0.54248640099427,0.242258930369806,,-0.300617857703618,0.422075578565831,,,,0.801548922691141,,-0.354470279925694,,-0.868138205169156,,,,,,,,,,,,,1.46865007656736,,,-0.995635500994376,-1.1879053653636,,,,,0.824062993926272,,1.28322756684656,,1.30867399893522,,,,,,,0.331929354317314,,,,,,18.3296,102,686.224509803922,463.819607843137,915.950980392157,688.862745098039,683.586274509804,446.939215686275,480.7,978.960784313726,852.941176470588,0
129.1264,-0.528039289962555,0.260878619476927,,-0.305017947309992,0.422496076291534,,,,0.798092432963497,,-0.343456046225093,,-0.886382216092528,,,,,,,,,,,,,1.45127473499301,,,-0.973903457348436,-1.18047691437564,,,,,0.830379971135915,,1.30094541419836,,1.27560181830527,,,,,,,0.334523779053569,,,,,,18.432,103,568.143689320388,502.249514563107,906.247572815534,575.076699029126,561.210679611651,482.136893203884,522.36213592233,956.533980582524,855.961165048544,0
129.2288,-0.51371040883286,0.278921164382813,,-0.308490464879924,0.422094987257456,,,,0.794090868667003,,-0.333461567287464,,-0.90684210568966,,,,,,,,,,,,,1.43284103785298,,,-0.951888395561167,-1.17280810462655,,,,,0.836000017220277,,1.31915230661265,,1.2394203244344,,,,,,,0.337900785422513,,,,,,18.5344,102,388.285294117647,442.460784313726,897.583333333333,389.263725490196,387.306862745098,426.505882352941,458.41568627451,935.480392156863,859.686274509804,0
129.3312,-0.499535200338446,0.296360866786116,,-0.311024720613469,0.42086788162351,,,,0.789544562524642,,-0.324531446718356,,-0.929363997732158,,,,,,,,,,,,,1.41340688796944,,,-0.92964078449554,-1.16491168625566,,,,,0.840916414666622,,1.33782468442759,,1.20025715920894,,,,,,,0.342040291753227,,,,,,18.6368,103,237.82572815534,380.491747572816,861.194174757282,242.868932038835,232.782524271845,358.607766990291,402.37572815534,888.699029126214,833.68932038835,0
129.4336,-0.485547304988029,0.31317200138418,,-0.312614679796089,0.418811097114721,,,,0.784455667581262,,-0.316706711983975,,-0.953784326780377,,,,,,,,,,,,,1.39303033967192,,,-0.90721067167011,-1.15679931095307,,,,,0.845121651674861,,1.35693638543118,,1.15825193932354,,,,,,,0.346920953663798,,,,,,18.7392,102,216.527941176471,355.077941176471,823.970588235294,218.1,214.955882352941,341.077450980392,369.078431372549,853.166666666667,794.774509803922,0
129.536,-0.471778374199836,0.329328817504126,,-0.313259086251906,0.415921651019087,,,,0.77882789024902,,-0.310024315585242,,-0.979930783576631,,,,,,,,,,,,,1.3717691825518,,,-0.884647566561618,-1.14848148445125,,,,,0.848607471139227,,1.37645867692501,,1.11355539149109,,,,,,,0.352520251164324,,,,,,18.8416,102,60.2264705882353,150.169607843137,772.740196078431,51.4362745098039,69.0166666666667,136.029411764706,164.309803921569,792.627450980392,752.852941176471,0
129.6384,-0.458257911692261,0.344805601623882,,-0.312961513580713,0.412197209701979,,,,0.772666235157898,,-0.30451674585668,,-1.00762326545169,,,,,,,,,,,,,1.34968057337225,,,-0.862000322109612,-1.13996754330961,,,,,0.851364939597061,,1.39636031374194,,1.0663284273205,,,,,,,0.358814591444652,,,,,,18.944,103,62.0970873786408,149.552912621359,720.111650485437,56.5669902912621,67.6271844660194,152.482524271845,146.623300970874,733.436893203884,706.78640776699,0
129.7408,-0.44501313826349,0.359576809872904,,-0.311730343867121,0.407636115539686,,,,0.765976766328768,,-0.300211732933502,,-1.03667483820135,,,,,,,,,,,,,1.3268207143151,,,-0.839317012637914,-1.13126565887366,,,,,0.853384540819019,,1.41660762643687,,1.01674115486723,,,,,,,0.365779432084575,,,,,,19.0464,102,64.8901960784314,147.580882352941,694.970588235294,62.4901960784314,67.2901960784314,149.024509803922,146.137254901961,707.921568627451,682.019607843137,0
129.8432,-0.43206888286483,0.373617266435114,,-0.309578679596756,0.402237467962935,,,,0.758766382428103,,-0.297132039796731,,-1.06689271187418,,,,,,,,,,,,,1.30324456699133,,,-0.816644809183042,-1.12238286480976,,,,,0.854656290008925,,1.43716463590365,,0.964971828455543,,,,,,,0.373389418015066,,,,,,19.1488,103,556.65,317.462621359223,718.02427184466,552.576699029126,560.723300970874,313.496116504854,321.429126213592,742.708737864078,693.339805825243,0
129.9456,-0.419447506246296,0.386902415257271,,-0.306524192390891,0.396001254280789,,,,0.751042604803664,,-0.295295339368561,,-1.09807923005791,,,,,,,,,,,,,1.27900559065841,,,-0.794029853820359,-1.11332510380927,,,,,0.855169860619571,,1.45799318930401,,0.911205739392784,,,,,,,0.381618522421182,,,,,,19.2512,102,862.48137254902,438.258823529412,740.622549019608,872.441176470588,852.521568627451,431.396078431373,445.121568627451,790,691.245098039216,0
130.048,-0.407168859232346,0.399408614135562,,-0.302588910506668,0.388928526145187,,,,0.742813381266897,,-0.294714181871551,,-1.13003287210366,,,,,,,,,,,,,1.25415549894494,,,-0.771517134084059,-1.10409729206038,,,,,0.854914716258386,,1.47905311539022,,0.855634049161097,,,,,,,0.390440187953974,,,,,,19.3536,102,885.287745098039,448.242156862745,768.004901960784,896.958823529412,873.616666666667,438.06568627451,458.41862745098,819.735294117647,716.274509803922,0
130.1504,-0.395250273102172,0.411113468038589,,-0.297798955124259,0.381021619677476,,,,0.734086910668905,,-0.295396049949478,,-1.16254926760899,,,,,,,,,,,,,1.22874403358909,,,-0.749150358890917,-1.09470340040246,,,,,0.853880242471266,,1.50030239901939,,0.798452565603093,,,,,,,0.399827468208886,,,,,,19.456,103,901.417961165049,468.928640776699,808.077669902913,916.821359223301,886.014563106796,458.679611650485,479.177669902913,859.378640776699,756.776699029126,0
130.2528,-0.3837065789619,0.421996197075845,,-0.292184245748919,0.372284416121928,,,,0.72487149218247,,-0.297343486202514,,-1.19542221672863,,,,,,,,,,,,,1.20281875565071,,,-0.72697183884391,-1.08514654708511,,,,,0.852055875034961,,1.52169737276833,,0.739860475563582,,,,,,,0.409753168017218,,,,,,19.5584,102,913.755882352941,489.136764705882,855.43137254902,928.51568627451,898.996078431373,476.652941176471,501.620588235294,903.803921568627,807.058823529412,0
130.3552,-0.372550154474773,0.432038017215899,,-0.285778196855647,0.362722630047644,,,,0.715175401324504,,-0.30055426470342,,-1.22844470157879,,,,,,,,,,,,,1.17642485716084,,,-0.705022375523696,-1.07542909416263,,,,,0.849431224542336,,1.54319292168085,,0.680059075226198,,,,,,,0.420189980493939,,,,,,19.6608,103,927.568446601942,501.004854368932,877.058252427185,939.782524271845,915.354368932039,489.032038834951,512.977669902913,929.145631067961,824.970873786408,0
130.4576,-0.36179100087448,0.441222499329496,,-0.278617421286441,0.352344103895606,,,,0.705006796148031,,-0.305021578280517,,-1.26140987241373,,,,,,,,,,,,,1.14960499771246,,,-0.683341163989485,-1.06555274362014,,,,,0.845996201952766,,1.56474269534889,,0.619250556542998,,,,,,,0.431110618956312,,,,,,19.7632,102,926.647058823529,499.675,841.941176470588,940.913725490196,912.380392156863,492.448039215686,506.901960784314,899.176470588235,784.705882352941,0
130.56,-0.351436861122532,0.449535883634215,,-0.270741447779383,0.341159094261281,,,,0.694373658967128,,-0.310734229502411,,-1.29411199917817,,,,,,,,,,,,,1.12239916925771,,,-0.661965709440131,-1.05551863755387,,,,,0.841741150594227,,1.58629931703814,,0.557636897107826,,,,,,,0.442487940391089,,,,,,19.8656,102,931.64068627451,487.980882352941,797.93137254902,940.068627450981,923.212745098039,481.954901960784,494.006862745098,853.088235294118,742.774509803922,0
130.6624,-0.341493390924311,0.456967348666717,,-0.262192455014883,0.329180548264741,,,,0.683283773167843,,-0.317676825368428,,-1.32634738870704,,,,,,,,,,,,,1.09484459004157,,,-0.640931756763898,-1.0453274698384,,,,,0.836656984710158,,1.60781457734007,,0.495418872727328,,,,,,,0.454295056705334,,,,,,19.968,103,926.156310679612,475.143203883495,788.747572815534,932.304854368932,920.007766990291,468.626213592233,481.660194174757,842.582524271845,734.912621359223,0
130.7648,-0.331964380922993,0.463509241779216,,-0.253015020688088,0.316424369171585,,,,0.671744725350742,,-0.325829973932523,,-1.35791527651964,,,,,,,,,,,,,1.06697562876798,,,-0.620273232303397,-1.03497961112952,,,,,0.830735328766767,,1.62923960503169,,0.432795186725402,,,,,,,0.466505431323032,,,,,,20.0704,102,904.532843137255,461.717647058824,801.142156862745,907.975490196078,901.090196078431,455.048039215686,468.387254901961,854.392156862745,747.892156862745,0
130.8672,-0.322852015145898,0.469157273148367,,-0.243255881136234,0.302909662760853,,,,0.659763923753297,,-0.335170479377285,,-1.38861870651678,,,,,,,,,,,,,1.03882376222111,,,-0.600022197364881,-1.02447524234453,,,,,0.823968651132841,,1.65052501501891,,0.36996169910701,,,,,,,0.479092958296451,,,,,,20.1728,103,875.759223300971,463.431553398058,828.203883495146,877.120388349515,874.398058252427,451.48640776699,475.376699029126,881.320388349515,775.087378640777,0
130.9696,-0.314157152841986,0.473910675192288,,-0.23296369761236,0.288658958540701,,,,0.64734862988231,,-0.345671534760821,,-1.41826540304963,,,,,,,,,,,,,1.01041756852604,,,-0.580208812279899,-1.01381449169673,,,,,0.81635039046967,,1.67162103662613,,0.307110744922595,,,,,,,0.492032020459683,,,,,,20.2752,102,833.275,451.34068627451,867.916666666667,833.636274509804,832.913725490196,435.46862745098,467.212745098039,926.509803921569,809.323529411765,0
131.072,-0.305879627169319,0.477772334080926,,-0.222188825658305,0.273698409090989,,,,0.634505996728103,,-0.357302910636385,,-1.44666862013694,,,,,,,,,,,,,0.981782753834622,,,-0.560861309894039,-1.00299757302514,,,,,0.807875076279534,,1.69247762700932,,0.244430542482663,,,,,,,0.505297526746271,,,,,,20.3776,102,790.60931372549,441.931862745098,919.102941176471,794.899019607843,786.319607843137,417.962745098039,465.900980392157,994.666666666667,843.539215686275,0
131.1744,-0.298018548924243,0.480748895261926,,-0.210983084015245,0.258057965824597,,,,0.621243102273208,,-0.370031133974417,,-1.47364794445696,,,,,,,,,,,,,0.952942205833258,,,-0.54200597805377,-0.99202492339275,,,,,0.798538443172641,,1.71304457522859,,0.182104690463674,,,,,,,0.51886493446537,,,,,,20.48,103,1225.05097087379,475.661650485437,951.878640776699,1219.21941747573,1230.88252427184,456.77572815534,494.547572815534,1033.66019417476,870.097087378641,0
131.2768,-0.290572596229087,0.482850831731107,,-0.199399525716637,0.24177151428222,,,,0.607566977250902,,-0.383819653082685,,-1.49903004210844,,,,,,,,,,,,,0.923916063419316,,,-0.523667151770863,-0.980897339690843,,,,,0.788337537954202,,1.73327159879205,,0.120311743353653,,,,,,,0.532710261611182,,,,,,20.5824,102,1298.89950980392,483.127450980392,966.75,1297.21470588235,1300.58431372549,470.973529411765,495.28137254902,1050.82352941176,882.676470588235,0
131.3792,-0.283540277403847,0.484092461022066,,-0.187492222393917,0.224876951302548,,,,0.59348463999472,,-0.398628996145203,,-1.52264935791803,,,,,,,,,,,,,0.894721792356522,,,-0.505867215878508,-0.96961611646758,,,,,0.777270821207894,,1.753108428284,,0.0592248535399804,,,,,,,0.546810084614067,,,,,,20.6848,103,1274.08009708738,375.747087378641,1002.77669902913,1271.53398058252,1276.62621359223,355.314563106796,396.179611650485,1096.3786407767,909.174757281553,0
131.4816,-0.276920167641918,0.484491910962383,,-0.175316072746975,0.207416202347301,,,,0.579003149880339,,-0.41441694642189,,-1.54434878398378,,,,,,,,,,,,,0.865374265204714,,,-0.488626616350464,-0.958183182842814,,,,,0.7653382662021,,1.77250487705555,,-0.000988527782628988,,,,,,,0.561141510178766,,,,,,20.7872,102,1276.54754901961,391.236274509804,1012.17156862745,1272.25294117647,1280.84215686275,364.533333333333,417.939215686275,1103.20588235294,921.137254901961,0
131.584,-0.270711126140701,0.484071047212533,,-0.162926638655357,0.189435189168223,,,,0.564129678637004,,-0.431138758702492,,-1.56398030725585,,,,,,,,,,,,,0.835885850811438,,,-0.471963876146359,-0.946601229619724,,,,,0.752541458380038,,1.79141090125137,,-0.0601668987412594,,,,,,,0.575682115422839,,,,,,20.8896,102,1272.54166666667,403.396078431373,1012.26470588235,1263.65294117647,1281.43039215686,383.001960784314,423.790196078431,1099.55882352941,924.970588235294,0
131.6864,-0.264912497731099,0.482855373862533,,-0.150380005863029,0.170983757105897,,,,0.548871590162064,,-0.448747425636345,,-1.58140563213724,,,,,,,,,,,,,0.806266516552652,,,-0.455895613739811,-0.934873819672043,,,,,0.738883699011615,,1.80977665832549,,-0.118154912657331,,,,,,,0.590409861523356,,,,,,20.992,103,1260.43398058252,423.817961165049,1024.73786407767,1250.43300970874,1270.43495145631,410.364077669903,437.271844660194,1103.57281553398,945.902912621359,0
131.7888,-0.259524300525498,0.480873910899722,,-0.137732662114468,0.152115567767354,,,,0.533236519172215,,-0.467193984203146,,-1.59649676596459,,,,,,,,,,,,,0.776523942412423,,,-0.440436566358959,-0.923005482517644,,,,,0.724370114920689,,1.82755256953948,,-0.17480354974268,,,,,,,0.605302993790866,,,,,,21.0944,102,1258.39607843137,443.511764705882,1048.50980392157,1246.72647058824,1270.06568627451,434.850980392157,452.172549019608,1118.71568627451,978.303921568627,0
131.8912,-0.254547402594469,0.478159050812934,,-0.125041383729535,0.132887963206378,,,,0.517232443551848,,-0.486427848842362,,-1.60913655415222,,,,,,,,,,,,,0.746663645948004,,,-0.425599619088323,-0.911001796916185,,,,,0.709007771415006,,1.84468939271396,,-0.22997026314228,,,,,,,0.620339943482062,,,,,,21.1968,103,1169.57621359223,476.765048543689,1098.0145631068,1158.00970873786,1181.1427184466,459.736893203884,493.793203883495,1175.68932038835,1020.33980582524,0
131.9936,-0.249983688700851,0.474746398714771,,-0.112363123947774,0.113361805406441,,,,0.500867749452059,,-0.506397165511991,,-1.61921915276128,,,,,,,,,,,,,0.716689118806964,,,-0.411395836403621,-0.898869461651105,,,,,0.692805777712883,,1.86113831409391,,-0.283519108486277,,,,,,,0.635499244133402,,,,,,21.2992,102,936.603431372549,575.330392156863,1140.30882352941,928.079411764706,945.127450980392,540.342156862745,610.31862745098,1218.52941176471,1062.08823529412,0
132.096,-0.245836209868482,0.470674598601682,,-0.0997548991945651,0.0936012867902995,,,,0.484151289710502,,-0.527049177414781,,-1.6266504310437,,,,,,,,,,,,,0.686601975120889,,,-0.397834491912774,-0.886616350081339,,,,,0.67577537255774,,1.87685106647421,,-0.335320863390365,,,,,,,0.650759469597167,,,,,,21.4016,102,941.394117647059,582.062254901961,1134.49019607843,935.578431372549,947.209803921569,546.28431372549,617.840196078431,1207.71568627451,1061.26470588235,0
132.1984,-0.242109303810129,0.465985141077828,,-0.0872736707235644,0.0736737018182139,,,,0.467092436292276,,-0.548330578226696,,-1.63134830645715,,,,,,,,,,,,,0.656402107139744,,,-0.384923097496514,-0.874251544094138,,,,,0.657929989297495,,1.89178007349558,,-0.385253139170929,,,,,,,0.666099193195586,,,,,,21.504,103,942.253883495146,584.521844660194,1089.55825242718,934.887378640777,949.620388349514,547.599029126214,621.444660194175,1165.17475728155,1013.94174757282,0
132.3008,-0.238808678733395,0.460722142773168,,-0.0749762244460783,0.0536491729769192,,,,0.449701127806098,,-0.570187829299857,,-1.63324302348031,,,,,,,,,,,,,0.626087838405833,,,-0.372667437800754,-0.861785349298696,,,,,0.639285309763818,,1.90587861036603,,-0.433200485713434,,,,,,,0.68149696117421,,,,,,21.6064,102,946.917647058824,593.306862745098,973.245098039216,941.88137254902,951.953921568628,570.146078431373,616.467647058824,1036.83333333333,909.656862745098,0
132.4032,-0.235941462557034,0.454932093360926,,-0.0629190576992229,0.033600334298963,,,,0.431987913719783,,-0.592567434018605,,-1.63227738814479,,,,,,,,,,,,,0.595656068537333,,,-0.361071614093621,-0.849229299306848,,,,,0.619859312960971,,1.91910096765394,,-0.479054489994904,,,,,,,0.696931275345831,,,,,,21.7088,103,950.768932038835,591.662621359223,903.563106796116,945.914563106796,955.623300970874,577.067961165049,606.257281553398,967.252427184466,839.873786407767,0
132.5056,-0.23351622296456,0.448663573339728,,-0.0511582785280107,0.0136019789310873,,,,0.413963994769575,,-0.615416169383451,,-1.62840696324721,,,,,,,,,,,,,0.565102410713826,,,-0.350138097413734,-0.836596156128081,,,,,0.599672319709961,,1.93140261075636,,-0.522713869957696,,,,,,,0.712380585325473,,,,,,21.8112,102,949.785294117647,583.899019607843,856.117647058824,947.533333333333,952.037254901961,575.282352941176,592.51568627451,923.813725490196,788.421568627451,0
132.608,-0.231542952133142,0.441966938560172,,-0.0397495152354949,-0.00626933578045231,,,,0.395641251519051,,-0.638681267830824,,-1.62160022198499,,,,,,,,,,,,,0.534421321085954,,,-0.339867791756377,-0.823899909655221,,,,,0.578747036644908,,1.9427403348873,,-0.56408457167637,,,,,,,0.727823290981086,,,,,,21.9136,102,951.604411764706,581.641176470588,812.71568627451,948.827450980392,954.38137254902,577.235294117647,586.047058823529,879.676470588235,745.754901960784,0
132.7104,-0.230032995057869,0.434893956971906,,-0.0287478307078706,-0.0259357455676158,,,,0.377032247623142,,-0.662310539792525,,-1.6118386544223,,,,,,,,,,,,,0.50360621492937,,,-0.330260110308819,-0.811155776035603,,,,,0.557108603519835,,1.95307241888399,,-0.60307988095184,,,,,,,0.743237752985795,,,,,,22.016,103,1061.74223300971,574.858737864078,773.956310679612,1060.37572815534,1063.10873786408,568.322330097087,581.395145631068,840.834951456311,707.077669902913,0
132.8128,-0.228998901714201,0.427497391565595,,-0.0182076356153775,-0.0453186116920501,,,,0.358150201015996,,-0.686252438457327,,-1.59911681990617,,,,,,,,,,,,,0.472649568635371,,,-0.321313064916592,-0.798380190675209,,,,,0.534784640583657,,1.96235878199666,,-0.639620552857861,,,,,,,0.758602307609982,,,,,,22.1184,102,1081.09264705882,577.336274509804,746.490196078431,1080.14411764706,1082.04117647059,572.53431372549,582.138235294118,814.362745098039,678.617647058824,0
132.9152,-0.228454198887115,0.419830539816575,,-0.00818259450666373,-0.0643391237940605,,,,0.339008926856274,,-0.710456083523912,,-1.58344233766849,,,,,,,,,,,,,0.441543011430134,,,-0.313023364491194,-0.78559078979583,,,,,0.511805286068898,,1.97056114287161,,-0.67363495181211,,,,,,,0.773895277740541,,,,,,22.2208,103,1089.18883495146,581.572330097087,731.917475728155,1088.80291262136,1089.57475728155,579.393203883495,583.75145631068,800.135922330097,663.699029126214,0
133.0176,-0.228413091097489,0.411946738229428,,0.00127447867555761,-0.0829189615958873,,,,0.319622758341664,,-0.734871267293848,,-1.56483581009121,,,,,,,,,,,,,0.410277405686821,,,-0.305386517554436,-0.772806378264359,,,,,0.488203217147999,,1.97764317113446,,-0.705059191766098,,,,,,,0.789094968488564,,,,,,22.3232,102,1092.76421568627,588.318137254902,725.828431372549,1092.82843137255,1092.7,586.966666666667,589.669607843137,791.725490196079,659.93137254902,0
133.12,-0.228890103496782,0.403898828037821,,0.010111733972753,-0.100981007673216,,,,0.300006451465014,,-0.759448459632927,,-1.54333068153322,,,,,,,,,,,,,0.37884290868156,,,-0.298396935502105,-0.760046885078096,,,,,0.464013656202161,,1.98357062134698,,-0.73383727319433,,,,,,,0.804179640628495,,,,,,22.4256,102,1098.55784313725,587.425,735.411764705882,1101.19215686275,1095.92352941176,583.111764705882,591.738235294118,796.862745098039,673.960784313726,0
133.2224,-0.229899676864756,0.395738580398227,,0.0182784016521622,-0.118450103198696,,,,0.280175085026175,,-0.784138813776158,,-1.51897304534125,,,,,,,,,,,,,0.347229013485172,,,-0.292048033366828,-0.747333307586338,,,,,0.439274366641061,,1.98831144877059,,-0.759921221811438,,,,,,,0.819127466085003,,,,,,22.528,103,1099.68203883495,595.660194174757,757.310679611651,1103.35825242718,1096.00582524272,596.05145631068,595.268932038835,818.26213592233,696.359223300971,0
133.3248,-0.23145572695303,0.387516098377573,,0.0257249053785018,-0.135253827907383,,,,0.260143971658197,,-0.808894164386103,,-1.49182141301725,,,,,,,,,,,,,0.31542457702155,,,-0.286332323993611,-0.734687644780217,,,,,0.414025638614142,,1.9918359158487,,-0.783271234644607,,,,,,,0.833916478985623,,,,,,22.6304,102,1103.79803921569,599.555882352941,780.25,1104.09509803922,1103.50098039216,596.83137254902,602.280392156863,842.117647058824,718.382352941176,0
133.4272,-0.23357119121371,0.379279228143983,,0.0324029709555969,-0.151323272576894,,,,0.239928591633637,,-0.833667013529687,,-1.46194644755923,,,,,,,,,,,,,0.28341784628939,,,-0.281241500150922,-0.722132819908632,,,,,0.388310261839683,,1.99411670018541,,-0.80385583440026,,,,,,,0.848524538977943,,,,,,22.7328,103,1102.51844660194,599.916019417476,785.063106796117,1102.56310679612,1102.47378640777,597.122330097087,602.709708737864,850.563106796117,719.563106796117,0
133.5296,-0.236257593595101,0.371073009570568,,0.0382657353882281,-0.166593768531172,,,,0.219544551296555,,-0.858410514154994,,-1.42943064300597,,,,,,,,,,,,,0.251196488456621,,,-0.276766498887265,-0.709692591585703,,,,,0.362173481455697,,1.99512900869122,,-0.821652027277943,,,,,,,0.862929318660939,,,,,,22.8352,102,900.652450980392,559.679901960784,788.367647058824,892.050980392157,909.253921568627,554.013725490196,565.346078431373,856.705882352941,720.029411764706,0
133.632,-0.23952465136407,0.362939184271292,,0.0432678657271974,-0.18100554653596,,,,0.199007563545226,,-0.883078462336072,,-1.39436792457675,,,,,,,,,,,,,0.21874762871367,,,-0.27289754523333,-0.697391451554669,,,,,0.335662930692975,,1.9948506957311,,-0.836645454533199,,,,,,,0.877108318728831,,,,,,22.9376,102,663.347549019608,518.746078431373,793.245098039216,666.307843137255,660.387254901961,499.846078431373,537.646078431373,856.176470588235,730.313725490196,0
133.7344,-0.243379930112209,0.354915770310121,,0.0473656974423461,-0.194504312057003,,,,0.178333452845767,,-0.907625293628286,,-1.35686316456885,,,,,,,,,,,,,0.186057907952517,,,-0.269624177186121,-0.685254506997889,,,,,0.30882853430313,,1.99326238320186,,-0.848830530120202,,,,,,,0.891038908229414,,,,,,23.04,103,661.014077669903,530.577184466019,783.708737864078,660.783495145631,661.244660194175,514.725242718447,546.429126213592,835.553398058253,731.864077669903,0
133.8368,-0.247828536812812,0.347036707305795,,0.0505173963070541,-0.207041740550079,,,,0.157538192125684,,-0.932006068860601,,-1.31703163887461,,,,,,,,,,,,,0.153113577393679,,,-0.266935258521309,-0.673307344783078,,,,,0.2817223819431,,1.99034758252813,,-0.858210566313748,,,,,,,0.904698382502378,,,,,,23.1424,102,1030.62647058824,579.78431372549,778.504901960784,1021.60882352941,1039.64411764706,576.143137254902,583.425490196078,834.509803921569,722.5,0
133.9392,-0.252872836116702,0.339331567164627,,0.0526831396093509,-0.218575908890761,,,,0.136637976879129,,-0.956176444589651,,-1.27499845275087,,,,,,,,,,,,,0.119900633396105,,,-0.264818987607386,-0.661575876323586,,,,,0.25439857390203,,1.9860928156348,,-0.864797895241071,,,,,,,0.918064032585736,,,,,,23.2448,103,1235.16262135922,614.809708737864,767.305825242719,1228.37378640777,1241.95145631068,618.45145631068,611.167961165049,839.184466019418,695.42718446602,0
134.0416,-0.258512181417949,0.331825320289207,,0.0538253084741362,-0.229071677870774,,,,0.115649335257403,,-0.980092639535572,,-1.23089794076627,,,,,,,,,,,,,0.0864049756857081,,,-0.263262906959214,-0.650086165338999,,,,,0.226913036988241,,1.98048772699659,,-0.868613988259864,,,,,,,0.931113229796408,,,,,,23.3472,102,1239.05980392157,627.327941176471,785.245098039216,1233.67352941177,1244.44607843137,627.094117647059,627.561764705882,861.813725490196,708.676470588235,0
134.144,-0.26474266222943,0.324538152250656,,0.0539086839239132,-0.238501027823712,,,,0.0945892678090694,,-1.00371141468635,,-1.18487302517384,,,,,,,,,,,,,0.0526125708708658,,,-0.262253912993148,-0.638864242760428,,,,,0.199323305450495,,1.97352517558626,,-0.869689561689075,,,,,,,0.943823532248136,,,,,,23.4496,102,1242.87696078431,640.291666666667,789.401960784314,1236.89215686275,1248.86176470588,631.926470588235,648.656862745098,865.382352941177,713.421568627451,0
134.2464,-0.271556877356653,0.31748533345215,,0.0529006396922147,-0.246843340006195,,,,0.0734754094316853,,-1.02699007955218,,-1.1370745175042,,,,,,,,,,,,,0.0185096161689623,,,-0.261778263847443,-0.62793591328983,,,,,0.171688268485347,,1.96520129700501,,-0.868064647437573,,,,,,,0.956172808959783,,,,,,23.552,103,1248.74708737864,644.464563106796,778.844660194175,1241.73786407767,1255.75631067961,637.243689320388,651.685436893204,853.757281553398,703.932038834951,0
134.3488,-0.278943747845788,0.310677146202793,,0.0507713222564475,-0.254085614176947,,,,0.0523262019044912,,-1.04988652987616,,-1.08766035856183,,,,,,,,,,,,,-0.0159172947622244,,,-0.261821584776847,-0.617326560316454,,,,,0.144067893862939,,1.95551553449626,,-0.863788605782172,,,,,,,0.9681393682306,,,,,,23.6544,102,1258.60637254902,644.904411764706,786.397058823529,1253.4862745098,1263.72647058824,639.649019607843,650.159803921569,862.460784313726,710.333333333333,0
134.4512,-0.286888383848759,0.304118872309805,,0.0474938071250578,-0.260222612044232,,,,0.0311610571075315,,-1.07235932178695,,-1.03679479976095,,,,,,,,,,,,,-0.0506810038761922,,,-0.262368871906585,-0.607060958478759,,,,,0.116522938512888,,1.94447064514821,,-0.856920063538309,,,,,,,0.979702078633861,,,,,,23.7568,103,1262.40436893204,645.752427184466,815.456310679612,1259.3067961165,1265.50194174757,643.620388349515,647.884466019417,890.747572815534,740.165048543689,0
134.5536,-0.295372012615886,0.297810840205044,,0.0430442252087621,-0.265256921314594,,,,0.0100004918797349,,-1.09436779001429,,-0.984647536268796,,,,,,,,,,,,,-0.0857936204265696,,,-0.263404495619868,-0.597163101906023,,,,,0.0891146553280484,,1.93207268610105,,-0.847526771560055,,,,,,,0.990840475454721,,,,,,23.8592,102,1269.57745098039,657.539705882353,838.764705882353,1264.53921568627,1274.61568627451,661.962745098039,653.116666666667,914.666666666667,762.862745098039,0
134.656,-0.304371964389024,0.291748524509053,,0.0374018606972648,-0.269198945973503,,,,-0.0111337728506046,,-1.11587221693433,,-0.931392807171485,,,,,,,,,,,,,-0.121266354401006,,,-0.264912205193592,-0.587656051786682,,,,,0.0619045030604042,,1.91833097901085,,-0.835685384469912,,,,,,,1.00153484828141,,,,,,23.9616,102,1277.82647058824,667.311764705882,838.617647058824,1268.30392156863,1287.34901960784,670.251960784314,664.371568627451,912.28431372549,764.950980392157,0
134.7584,-0.31386170983308,0.28592268941404,,0.0305492225312702,-0.272066831492522,,,,-0.0322187480890281,,-1.13683405673049,,-0.877208470870424,,,,,,,,,,,,,-0.157109356362553,,,-0.26687513575752,-0.578561803171329,,,,,0.0349538594592611,,1.90325804714538,,-0.82148116607044,,,,,,,1.01176630787708,,,,,,24.064,103,1006.08300970874,609.568446601942,861.271844660194,976.045631067961,1036.12038834951,605.576699029126,613.560194174757,930.970873786408,791.572815533981,0
134.8608,-0.323810950702286,0.280319573304007,,0.0224720838059219,-0.273886323167411,,,,-0.0532301493485619,,-1.15721621815226,,-0.822275050137212,,,,,,,,,,,,,-0.193331571461829,,,-0.269275816618516,-0.569901168956292,,,,,0.00832372949765419,,1.88686952087325,,-0.805007618329142,,,,,,,1.02151683369184,,,,,,24.1664,102,509.428921568628,466.710784313726,895.147058823529,498.143137254902,520.714705882353,449.180392156863,484.241176470588,945.852941176471,844.441176470588,0
134.9632,-0.334185776496962,0.274921121076667,,0.0131594761044891,-0.27469054217659,,,,-0.0741424122831834,,-1.17698340957207,,-0.766774733793313,,,,,,,,,,,,,-0.229940615584282,,,-0.272096177516679,-0.561693678463001,,,,,-0.017925561077247,,1.86918401264465,,-0.786366026168512,,,,,,,1.03076930797669,,,,,,24.2688,103,507.89854368932,485.707281553398,913.966019417476,508.784466019418,507.012621359223,476.915533980583,494.499029126214,950.398058252427,877.533980582524,0
135.0656,-0.344948901658654,0.269705274817347,,0.00260362936522108,-0.274519662236748,,,,-0.094928758088348,,-1.19610254463129,,-0.710890326451581,,,,,,,,,,,,,-0.266942678568878,,,-0.275317549191758,-0.553957489734551,,,,,-0.0437346900653866,,1.85022296814511,,-0.76566490914739,,,,,,,1.03950754574969,,,,,,24.3712,102,507.75,489.599509803922,931.941176470588,509.337254901961,506.162745098039,482.61862745098,496.580392156863,973.372549019608,890.509803921569,0
135.168,-0.356059984235871,0.264646328169952,,-0.00920013383050628,-0.273420484645582,,,,-0.115561308220658,,-1.2145431897379,,-0.654804152043835,,,,,,,,,,,,,-0.304342451491108,,,-0.278920657144364,-0.546709316532929,,,,,-0.0690456772092297,,1.83001050175809,,-0.743019378948105,,,,,,,1.04771632811202,,,,,,24.4736,102,502.211764705882,490.776960784314,931.495098039216,510.428431372549,493.995098039216,487.953921568627,493.6,980.264705882353,882.725490196079,0
135.2704,-0.367476006483439,0.259715340079395,,-0.0222535210419146,-0.271445928848495,,,,-0.13601123990618,,-1.23227801814812,,-0.598696930098779,,,,,,,,,,,,,-0.342143063491047,,,-0.28288560890449,-0.539964367734126,,,,,-0.0938022336458313,,1.80857321979727,,-0.71855041439532,,,,,,,1.05538143988931,,,,,,24.576,103,496.454368932039,493.003883495146,927.490291262136,498.806796116505,494.101941747573,486.679611650486,499.328155339806,977.271844660194,877.708737864078,0
135.3728,-0.379151688303297,0.254880597892213,,-0.0365553811916362,-0.268654464450125,,,,-0.15624897252055,,-1.24928323921586,,-0.54274664774449,,,,,,,,,,,,,-0.38034600972598,,,-0.287191874066326,-0.533736290647744,,,,,-0.117950124469889,,1.78594002750075,,-0.692384072760931,,,,,,,1.06248970573729,,,,,,24.6784,102,497.112254901961,494.31862745098,934.294117647059,503.793137254902,490.43137254902,490.980392156863,497.656862745098,986.852941176471,881.735294117647,0
135.4752,-0.391039909367851,0.250108115793439,,-0.052101793921655,-0.26510951006834,,,,-0.176244378211871,,-1.26553899134863,,-0.4871274567565,,,,,,,,,,,,,-0.418951062798334,,,-0.291818256251601,-0.528037111531785,,,,,-0.14143754150092,,1.76214191407677,,-0.664650658393709,,,,,,,1.06902901571895,,,,,,24.7808,103,866.711650485437,334.472815533981,939.509708737864,858.863106796117,874.560194174758,335.354368932039,333.591262135922,1013.07766990291,865.941747572816,0
135.5776,-0.403092120786435,0.245362146245362,,-0.0688861413398671,-0.260878825880417,,,,-0.195967012755411,,-1.28102970147641,,-0.432008638503833,,,,,,,,,,,,,-0.45795617487112,,,-0.296742857631672,-0.522877176652854,,,,,-0.164215468675958,,1.73721171721155,,-0.635483874422342,,,,,,,1.07498833115346,,,,,,24.8832,102,1000.18137254902,284.146568627451,879.411764705882,989.959803921569,1010.40294117647,296.802941176471,271.490196078431,959.303921568627,799.519607843137,0
135.68,-0.41525872850663,0.240605677881868,,-0.0868991667942141,-0.256033927409644,,,,-0.215386364465527,,-1.29574441291719,,-0.377553677295136,,,,,,,,,,,,,-0.497357381685234,,,-0.30194303701678,-0.518265102346048,,,,,-0.186238019023654,,1.71118387537562,,-0.60501998420816,,,,,,,1.08035766328946,,,,,,24.9856,102,997.760294117647,275.061764705882,827.828431372549,987.417647058824,1008.10294117647,288.350980392157,261.772549019608,908.068627450981,747.588235294118,0
135.7824,-0.427489439268051,0.235800904065212,,-0.10612902188125,-0.250649535246254,,,,-0.234472118151918,,-1.30967707408159,,-0.323919455189182,,,,,,,,,,,,,-0.537148713091389,,,-0.307395363587828,-0.514207738823877,,,,,-0.207462734107509,,1.68409417701689,,-0.57339699918795,,,,,,,1.08512802395954,,,,,,25.088,103,1032.65145631068,156.189805825243,792.902912621359,1021.45533980583,1043.84757281553,166.038834951456,146.340776699029,868.592233009709,717.21359223301,0
135.8848,-0.439733573439111,0.230909662132799,,-0.126561303912256,-0.244803054869521,,,,-0.253194423890203,,-1.3228267735982,,-0.271255553915873,,,,,,,,,,,,,-0.577322109307745,,,-0.313075572375126,-0.510710149612493,,,,,-0.22785084411473,,1.65597951643132,,-0.540753897504815,,,,,,,1.08929135730479,,,,,,25.1904,102,1060.00147058824,80.8666666666667,775.779411764706,1055.39705882353,1064.60588235294,82.1009803921569,79.6323529411765,845.313725490196,706.245098039216,0
135.9872,-0.451940353443723,0.2258938480299,,-0.148179087441576,-0.238574072263382,,,,-0.271524153412106,,-1.33519790751377,,-0.219703643980454,,,,,,,,,,,,,-0.61786734331427,,,-0.318958530406075,-0.50777560887459,,,,,-0.247367484546587,,1.62687766946721,,-0.507229874899627,,,,,,,1.09284046710885,,,,,,25.2928,103,1062.70533980583,62.5752427184466,769.058252427185,1054.57961165049,1070.83106796117,63.4417475728155,61.7087378640777,833.73786407767,704.378640776699,0
136.0896,-0.464059171853459,0.220715807914822,,-0.170962951825959,-0.232043856974967,,,,-0.289433130580407,,-1.34680026974852,,-0.169396954788188,,,,,,,,,,,,,-0.658771952276023,,,-0.325018220693468,-0.505405616592421,,,,,-0.265981867940434,,1.59682710034844,,-0.472963634138291,,,,,,,1.09576895134773,,,,,,25.3952,102,1089.02549019608,333.458333333333,776.936274509804,1084.48333333333,1093.56764705882,340.753921568627,326.162745098039,841.872549019608,712,0
136.192,-0.476039840813157,0.215338709265264,,-0.194891007156328,-0.225294869972066,,,,-0.306894332457664,,-1.35764906761239,,-0.120459836358866,,,,,,,,,,,,,-0.700021179925111,,,-0.331227748035064,-0.50359992799669,,,,,-0.283667417333135,,1.56586680098896,,-0.438092722198428,,,,,,,1.0980711484331,,,,,,25.4976,102,1099.74558823529,374.598529411765,772.514705882353,1101.13333333333,1098.35784313725,380.035294117647,369.161764705882,838.617647058824,706.411764705882,0
136.2944,-0.487832827717509,0.209726897983652,,-0.219938926815024,-0.218410271792107,,,,-0.323882061596979,,-1.36776487324901,,-0.0730074272767927,,,,,,,,,,,,,-0.741597929784572,,,-0.337559368972482,-0.502356594922514,,,,,-0.30040187024204,,1.53403615556888,,-0.402752920691491,,,,,,,1.0997420960658,,,,,,25.6,103,1109.84708737864,317.81359223301,791.95145631068,1110.37281553398,1109.3213592233,324.45145631068,311.17572815534,857.349514563107,726.553398058253,0
136.3968,-0.499389485425784,0.203846247705987,,-0.246079998877738,-0.211473423306594,,,,-0.340372087665315,,-1.37717351846876,,-0.0271454333019234,,,,,,,,,,,,,-0.783482729048969,,,-0.343984547872094,-0.501672020975472,,,,,-0.316167356238781,,1.50137482315383,,-0.367077687131413,,,,,,,1.10077750532103,,,,,,25.7024,102,1290.62156862745,679.277450980392,836.348039215686,1286.45490196078,1294.78823529412,686.65,671.904901960784,901.676470588235,771.019607843137,0
136.4992,-0.510662283438611,0.197664502954401,,-0.273285201977404,-0.20456737330419,,,,-0.356341754889166,,-1.38590592565459,,0.0170299906759737,,,,,,,,,,,,,-0.825653703303323,,,-0.350474041624904,-0.501541032657287,,,,,-0.330950447553273,,1.46792263628063,,-0.331197638369998,,,,,,,1.10117375282651,,,,,,25.8048,103,1330.27087378641,781.810194174757,851.572815533981,1329.21553398058,1331.32621359223,790.316504854369,773.303883495146,921.805825242718,781.339805825243,0
136.6016,-0.521605039649424,0.191151613063377,,-0.301523299686825,-0.197774332262141,,,,-0.371770052943959,,-1.39399785221472,,0.0594322660979725,,,,,,,,,,,,,-0.868086562664162,,,-0.356998016483143,-0.501956965396129,,,,,-0.344742184335557,,1.43371951700267,,-0.295240067997886,,,,,,,1.10092789048321,,,,,,25.9072,102,1302.6,759.733823529412,896.700980392157,1298.30392156863,1306.89607843137,769.662745098039,749.804901960784,970.147058823529,823.254901960784,0
136.704,-0.532173144999516,0.184280050358004,,-0.330760942806301,-0.191175137040542,,,,-0.386637651578689,,-1.40148952084501,,0.0999843338001147,,,,,,,,,,,,,-0.910754602524147,,,-0.363526200359259,-0.50291176223684,,,,,-0.357538078111878,,1.39880541099472,,-0.259328494653458,,,,,,,1.10003766984137,,,,,,26.0096,102,893.12205882353,744.120588235294,963.362745098039,893.838235294118,892.405882352941,741.922549019608,746.318627450981,1022.98039215686,903.745098039216,0
136.8064,-0.542323771204507,0.177025106343022,,-0.360962772105491,-0.184848714387936,,,,-0.400926904218324,,-1.40842512025446,,0.138618525010324,,,,,,,,,,,,,-0.953628723319391,,,-0.370028072015899,-0.504396084130915,,,,,-0.369338095485221,,1.36322023679293,,-0.223582237614178,,,,,,,1.09850157792053,,,,,,26.112,103,937.866990291262,743.65,990.946601941748,940.577669902913,935.156310679612,740.685436893204,746.614563106796,1044.84466019417,937.04854368932,0
136.9088,-0.552016058999711,0.169365167197519,,-0.392091519934312,-0.178871546297617,,,,-0.414621830267631,,-1.41485218544184,,0.175276366558771,,,,,,,,,,,,,-0.996677470046776,,,-0.376473086646953,-0.506399431469743,,,,,-0.380146622411112,,1.32700384558102,,-0.188116007649709,,,,,,,1.09631888179028,,,,,,26.2144,102,1101.25049019608,777.598529411765,1021.08823529412,1103.16862745098,1099.33235294118,773.302941176471,781.894117647059,1082.16666666667,960.009803921569,0
137.0112,-0.561211295047076,0.161281977862266,,-0.424108115721079,-0.173317131038461,,,,-0.427708084750286,,-1.42082088087518,,0.209908318091457,,,,,,,,,,,,,-1.0398670899299,,,-0.38283093671936,-0.508910277132056,,,,,-0.389972408009307,,1.29019598903363,,-0.153039498814077,,,,,,,1.0934896808268,,,,,,26.3168,103,1036.9145631068,740.197087378641,1062.28155339806,1034.4213592233,1039.40776699029,732.667961165049,747.726213592233,1132.71844660194,991.844660194175,0
137.1136,-0.569873085770479,0.152760899964661,,-0.4569718033697,-0.168255436984208,,,,-0.440172918519952,,-1.42638320488434,,0.242473435321042,,,,,,,,,,,,,-1.08316160919251,,,-0.389071845435741,-0.511916213357746,,,,,-0.398828483548119,,1.25283629609227,,-0.118456980136409,,,,,,,1.09001496594555,,,,,,26.4192,102,743.666666666667,579.473039215686,1113.67156862745,739.842156862745,747.491176470588,571.390196078431,587.555882352941,1189.97058823529,1037.37254901961,0
137.216,-0.577967525871725,0.143791153678285,,-0.490640271823809,-0.163752365373886,,,,-0.452005127385868,,-1.43159213302956,,0.272938961228161,,,,,,,,,,,,,-1.12652293093599,,,-0.395166882753446,-0.515404116093517,,,,,-0.406732047492764,,1.21496425998502,,-0.0844669034408044,,,,,,,1.08589667992294,,,,,,26.5216,102,743.573529411765,560.821078431373,1137.13235294118,742.221568627451,744.925490196078,558.179411764706,563.462745098039,1198.95098039216,1075.3137254902,0
137.3184,-0.585463352549228,0.134366020272923,,-0.525069788497892,-0.159869253136141,,,,-0.463194985194356,,-1.43650074356811,,0.301279865645703,,,,,,,,,,,,,-1.16991095456573,,,-0.401088282440834,-0.519360326001512,,,,,-0.413704307465728,,1.17661923194896,,-0.0511615457797106,,,,,,,1.08113776226326,,,,,,26.624,103,742.099514563107,297.730097087379,1134.43689320388,736.419417475728,747.779611650485,282.130097087379,313.330097087379,1201.77669902913,1067.09708737864,0
137.4208,-0.592332080904995,0.124482982652258,,-0.560215322264413,-0.156662441894515,,,,-0.473734157180831,,-1.44116139580245,,0.327478366723179,,,,,,,,,,,,,-1.21328371689572,,,-0.406809737589992,-0.523770835403681,,,,,-0.419770284106114,,1.1378404136013,,-0.0186266934605156,,,,,,,1.07574215971482,,,,,,26.7264,102,518.005392156863,283.291666666667,1065.1862745098,501.35,534.660784313726,280.756862745098,285.826470588235,1111.60784313725,1018.76470588235,0
137.5232,-0.598548128728159,0.114143802559202,,-0.596030646733563,-0.15418291760225,,,,-0.48361559813653,,-1.44562501834726,,0.351523456104721,,,,,,,,,,,,,-1.25659754893504,,,-0.412306668667117,-0.528621466044587,,,,,-0.424958604686987,,1.09866684578175,,0.0130586300229557,,,,,,,1.06971480402134,,,,,,26.8288,103,280.649029126214,280.806796116505,998.771844660194,265.545631067961,295.752427184466,298.173786407767,263.439805825243,1025.58252427184,971.961165048544,0
137.6256,-0.604088952543711,0.103354564038505,,-0.632468413560139,-0.152475997860538,,,,-0.492833443809111,,-1.44994051225771,,0.373410429967966,,,,,,,,,,,,,-1.29980722806396,,,-0.417556473538654,-0.533898030438643,,,,,-0.429301318694714,,1.05913740499771,,0.0438223873028565,,,,,,,1.06306158583026,,,,,,26.9312,102,279.99068627451,288.397549019608,969.926470588235,268.937254901961,291.044117647059,303.574509803922,273.220588235294,991.470588235294,948.382352941177,0
137.728,-0.608935220088254,0.0921257209222661,,-0.669480187359068,-0.151581024385899,,,,-0.501382898976271,,-1.45415423581369,,0.393140433992237,,,,,,,,,,,,,-1.34286610396752,,,-0.422538762318023,-0.539586479910466,,,,,-0.432833742884871,,1.01929082283841,,0.0735997075782304,,,,,,,1.05578935619733,,,,,,27.0336,102,277.291176470588,294.617647058824,965.906862745098,266.857843137255,287.724509803922,301.900980392157,287.33431372549,985.71568627451,946.098039215686,0
137.8304,-0.613071029957857,0.0804721610435499,,-0.707016448220653,-0.151531025559607,,,,-0.509260128037221,,-1.4583095428165,,0.410720047958,,,,,,,,,,,,,-1.38572619719719,,,-0.427235563097077,-0.545673045847722,,,,,-0.435594315167403,,0.979165731969374,,0.102333045627194,,,,,,,1.04790596369506,,,,,,27.136,103,395.095631067961,279.823300970874,976.04854368932,380.429126213592,409.76213592233,277.211650485437,282.434951456311,998.330097087379,953.766990291262,0
137.9328,-0.616484162673607,0.0684132727443754,,-0.745026578809341,-0.152352352509619,,,,-0.5164621608743,,-1.46244636350819,,0.426160924436939,,,,,,,,,,,,,-1.42833828488379,,,-0.43163148323667,-0.552144380913957,,,,,-0.437624425494545,,0.938800725910324,,0.129972335121568,,,,,,,1.03942031074106,,,,,,27.2384,102,815.655392156863,243.98431372549,978.514705882353,809.094117647059,822.216666666667,231.040196078431,256.928431372549,1022.67647058824,934.352941176471,0
138.0352,-0.619166322609632,0.0559729896807959,,-0.783458855107064,-0.154064333803499,,,,-0.522986818749281,,-1.46660080936602,,0.439479457951718,,,,,,,,,,,,,-1.47065198187093,,,-0.435713827234825,-0.558987708711948,,,,,-0.438968195137934,,0.898234410788407,,0.156475129947266,,,,,,,1.0303424044282,,,,,,27.3408,103,1021.64757281553,231.371359223301,982.208737864078,1009.92038834951,1033.37475728155,217.921359223301,244.821359223301,1036.81553398058,927.601941747573,0
138.1376,-0.621113319095066,0.0431797837436002,,-0.822260465935544,-0.156679007580377,,,,-0.528832650863607,,-1.4708047708163,,0.450696438144876,,,,,,,,,,,,,-1.51261581336174,,,-0.439472687745541,-0.566190991014958,,,,,-0.43967218916614,,0.857505427437809,,0.181806711412051,,,,,,,1.02068338258613,,,,,,27.4432,102,1584.31421568627,219.200980392157,957.735294117647,1591.17254901961,1577.45588235294,201.302941176471,237.099019607843,1034.29411764706,881.176470588235,0
138.24,-0.622325144930385,0.0300665725148071,,-0.86137758588237,-0.160200971837334,,,,-0.533998868560746,,-1.47508550227157,,0.459836661978227,,,,,,,,,,,,,-1.55417727430039,,,-0.442901025132591,-0.573743116784534,,,,,-0.43978506287683,,0.816652430702035,,0.205940140325517,,,,,,,1.0104555015832,,,,,,27.5456,102,1571.07990196078,230.900490196078,972.186274509804,1583.45196078431,1558.70784313726,203.925490196078,257.875490196078,1056.43137254902,887.941176470588,0
138.3424,-0.622805945404074,0.0166705271730088,,-0.900755505598704,-0.164627357163346,,,,-0.538485268774718,,-1.47946523374339,,0.466928526694955,,,,,,,,,,,,,-1.59528288074528,,,-0.445994735872118,-0.581634107895893,,,,,-0.439357151963599,,0.775714027004477,,0.228856246722791,,,,,,,0.999672077164525,,,,,,27.648,103,1563.20291262136,237.846601941748,986.155339805825,1576.12524271845,1550.28058252427,221.618446601942,254.074757281553,1067.64077669903,904.669902912621,0
138.4448,-0.622563914857995,0.00303280734424761,,-0.940338799930502,-0.169947893041726,,,,-0.542292145028035,,-1.48396085813931,,0.472003649580821,,,,,,,,,,,,,-1.63587822358068,,,-0.448752699587491,-0.589855329150667,,,,,-0.438440021400958,,0.73472868229932,,0.25054356158608,,,,,,,0.988347383972675,,,,,,27.7504,102,1422.54607843137,239.162254901961,995.264705882353,1428.57058823529,1416.52156862745,225.899019607843,252.425490196078,1071.62745098039,918.901960784314,0
138.5472,-0.621611175119284,-0.0108017198511783,,-0.980071505171916,-0.176145031238462,,,,-0.545420184859918,,-1.48858371211727,,0.475096549431452,,,,,,,,,,,,,-1.67590802410586,,,-0.451176796405141,-0.598399688212699,,,,,-0.437085989752155,,0.693734613761008,,0.270998198278217,,,,,,,0.97649653243081,,,,,,27.8528,103,987.647572815534,250.915048543689,1045.92233009709,976.954368932039,998.340776699029,239.146601941748,262.683495145631,1110.34951456311,981.495145631068,0
138.6496,-0.619963669488654,-0.0247847293854543,,-1.0198972841415,-0.183194105981281,,,,-0.54787034686186,,-1.49333944067746,,0.476244408080987,,,,,,,,,,,,,-1.71531618473986,,,-0.453271891927818,-0.607261812842071,,,,,-0.43534764093718,,0.652769671290532,,0.290223696227011,,,,,,,0.964135333873059,,,,,,27.9552,102,810.79068627451,270.408823529412,1084.77450980392,810.560784313726,811.020588235294,263.063725490196,277.753921568627,1130.77450980392,1038.77450980392,0
138.752,-0.617641074472721,-0.0388646555545081,,-1.05975957754941,-0.191063528799578,,,,-0.549643716194948,,-1.49822793367216,,0.475486917276823,,,,,,,,,,,,,-1.7540458434359,,,-0.455045792168483,-0.616438197330141,,,,,-0.43327733414524,,0.611871207392869,,0.308230844517925,,,,,,,0.95128015160374,,,,,,28.0576,102,813.057352941176,281.599509803922,1107.22058823529,813.929411764706,812.185294117647,269.230392156863,293.96862745098,1147.82352941176,1066.61764705882,0
138.8544,-0.614666715874483,-0.0529869086239517,,-1.09960175039354,-0.199715020122462,,,,-0.550741356561586,,-1.50324332362663,,0.472866193989567,,,,,,,,,,,,,-1.79203945110502,,,-0.456509174413166,-0.625927316067566,,,,,-0.430926726134521,,0.571075938444124,,0.325037497043692,,,,,,,0.937947742008023,,,,,,28.16,103,814.685436893204,276.938834951456,1056.76699029126,814.788349514563,814.582524271845,262.328155339806,291.549514563107,1092.10679611651,1021.42718446602,0
138.9568,-0.611067479003514,-0.0670941102787995,,-1.13936722972274,-0.209103870625162,,,,-0.55116418571569,,-1.50837402900297,,0.468426732602364,,,,,,,,,,,,,-1.8292388765608,,,-0.457675497788593,-0.635729704680885,,,,,-0.428346318185601,,0.530419812775235,,0.340668381432495,,,,,,,0.92415510324277,,,,,,28.2624,102,823.023529411765,265.985784313726,978.25,821.176470588235,824.870588235294,256.363725490196,275.607843137255,1013.43137254902,943.06862745098,0
139.0592,-0.60687371056954,-0.0811263415948591,,-1.17899961864031,-0.219179219475718,,,,-0.550912893137734,,-1.51360283107135,,0.462215373322233,,,,,,,,,,,,,-1.86558552668391,,,-0.458560892026014,-0.645848007553199,,,,,-0.425585033939561,,0.489937901831107,,0.355154903374649,,,,,,,0.90991934737119,,,,,,28.3648,103,826.712621359223,259.818446601942,934.393203883495,826.432038834951,826.993203883495,251.801941747573,267.834951456311,968.21359223301,900.572815533981,0
139.1616,-0.602119113230849,-0.0950213921324309,,-1.21844277905935,-0.229884341943884,,,,-0.549987906948653,,-1.51890698228866,,0.454281285557941,,,,,,,,,,,,,-1.90102047246849,,,-0.459184020855833,-0.656286990563678,,,,,-0.422689830292807,,0.44966431874546,,0.368534948928743,,,,,,,0.895257602001588,,,,,,28.4672,102,1369.93676470588,217.653431372549,884.254901960784,1364.51666666667,1375.3568627451,212.982352941177,222.324509803922,931.93137254902,836.578431372549,0
139.264,-0.596840633637646,-0.108715005430736,,-1.25764088816868,-0.241156944784327,,,,-0.548389408248824,,-1.52425834346443,,0.444675971977648,,,,,,,,,,,,,-1.93548458322069,,,-0.459565918188467,-0.667053521020351,,,,,-0.419705340994973,,0.409632159438704,,0.380852682778528,,,,,,,0.880186942104256,,,,,,28.5696,102,1439.90980392157,216.137745098039,859.049019607843,1443.96470588235,1435.85490196078,213.124509803922,219.150980392157,918.323529411765,799.774509803922,0
139.3664,-0.591078339215908,-0.122141123432524,,-1.29653847638663,-0.252929472022092,,,,-0.546117381926182,,-1.52962353925547,,0.433453293578501,,,,,,,,,,,,,-1.9689186765136,,,-0.459729798577207,-0.678156519220337,,,,,-0.416673550808487,,0.369873460264666,,0.392158334227759,,,,,,,0.864724349885602,,,,,,28.672,103,1440.72281553398,221.570388349515,862.577669902913,1451.76601941748,1429.67961165049,214.159223300971,228.981553398058,922.485436893204,802.669902912622,0
139.4688,-0.584875271193968,-0.135232140298053,,-1.3350804519264,-0.265129429122084,,,,-0.543171688225678,,-1.53496411863491,,0.42066951116987,,,,,,,,,,,,,-2.00126369257088,,,-0.459700845650658,-0.689606885671547,,,,,-0.413633497141222,,0.330419169097492,,0.402507959749589,,,,,,,0.848886699031816,,,,,,28.7744,102,1438.00490196078,228.796568627451,878.926470588235,1448.37450980392,1427.63529411765,220.623529411765,236.969607843137,939.637254901961,818.21568627451,0
139.5712,-0.578277262621408,-0.147919177936073,,-1.37321211712106,-0.277679732866752,,,,-0.539552144193345,,-1.54023671247696,,0.406383342598327,,,,,,,,,,,,,-2.03246090209532,,,-0.459505981989389,-0.701417405101427,,,,,-0.410620997734581,,0.291299128063178,,0.411963174916059,,,,,,,0.832690760944282,,,,,,28.8768,103,1434.60582524272,237.365533980583,904.208737864078,1443.91262135922,1425.29902912621,224.907766990291,249.823300970874,969.029126213592,839.388349514563,0
139.6736,-0.571332720647564,-0.160132388740653,,-1.41087918343111,-0.290499085603964,,,,-0.53525861183786,,-1.54539319078472,,0.390656042019792,,,,,,,,,,,,,-2.0624521525996,,,-0.459173622964245,-0.713602624556884,,,,,-0.407668407670609,,0.252542064060548,,0.420590857573375,,,,,,,0.816153230847134,,,,,,28.9792,102,1428.90980392157,245.501960784314,932.906862745098,1438.64705882353,1419.17254901961,236.186274509804,254.817647058824,1004.05882352941,861.754901960784,0
139.776,-0.564092383149862,-0.171801283211431,,-1.44802779093676,-0.303502365067897,,,,-0.530291090651203,,-1.55038083095357,,0.373551505535477,,,,,,,,,,,,,-2.09118015008323,,,-0.458733417197628,-0.726178701086552,,,,,-0.404804411653795,,0.214175582859353,,0.428462828658906,,,,,,,0.799290767988822,,,,,,29.0816,102,1428.3181372549,243.362254901961,964.651960784314,1435.88039215686,1420.75588235294,236.501960784314,250.222549019608,1042.48039215686,886.823529411765,0
139.8784,-0.556609064667902,-0.182855077081117,,-1.48460453437155,-0.31660102239138,,,,-0.524649808181033,,-1.5551425113638,,0.355136393340818,,,,,,,,,,,,,-2.11858876597443,,,-0.458215978749644,-0.739163216762713,,,,,-0.402053854950849,,0.176226166335729,,0.435655512201958,,,,,,,0.782120040312355,,,,,,29.184,103,1426.15922330097,250.79854368932,999.121359223301,1434.71262135922,1417.60582524272,244.044660194175,257.552427184466,1078.71844660194,919.52427184466,0
139.9808,-0.548937402683624,-0.193223053514789,,-1.52055649360838,-0.329703490038343,,,,-0.518335303379895,,-1.55961694185641,,0.335480243728725,,,,,,,,,,,,,-2.14462335608199,,,-0.457652619263882,-0.752574963379907,,,,,-0.399437612149749,,0.138719175085498,,0.442249568516016,,,,,,,0.764657763775414,,,,,,29.2864,102,1448.15049019608,283.841176470588,1027.63235294118,1450.29901960784,1446.00196078431,276.688235294118,290.994117647059,1109.97058823529,945.294117647059,0
140.0832,-0.541133607136395,-0.202834935090255,,-1.55583126322092,-0.342715608068554,,,,-0.511348505401912,,-1.56373893666854,,0.314655553221922,,,,,,,,,,,,,-2.16923107774945,,,-0.45707508745989,-0.766433702219081,,,,,-0.396972492659085,,0.101678857526878,,0.448329494412939,,,,,,,0.74692073053668,,,,,,29.3888,103,1492.71213592233,409.341262135922,1036.09708737864,1492.44368932039,1492.98058252427,414.346601941748,404.335922330097,1124.30097087379,947.893203883495,0
140.1856,-0.533255212098169,-0.211621256456101,,-1.59037697544917,-0.355541074901634,,,,-0.503690816979187,,-1.56743972912552,,0.292737808840039,,,,,,,,,,,,,-2.19236119418352,,,-0.456515319263126,-0.7807599050537,,,,,-0.39467118386303,,0.0651283646799502,,0.453983190547131,,,,,,,0.728925826381748,,,,,,29.4912,102,1317.50490196078,426.666176470588,1054.61274509804,1305.69019607843,1329.31960784314,431.517647058824,421.814705882353,1144.67647058824,964.549019607843,0
140.288,-0.525360828288839,-0.219513730254618,,-1.62414231515145,-0.368081924583965,,,,-0.495364209688358,,-1.57064732383003,,0.269805468859829,,,,,,,,,,,,,-2.21396536172427,,,-0.456005201180903,-0.795574483536594,,,,,-0.39254222838106,,0.0290897688486989,,0.459301497537508,,,,,,,0.710690041207178,,,,,,29.5936,102,592.279901960784,467.450490196078,1116.47549019608,583.736274509804,600.823529411765,461.083333333333,473.817647058824,1185.13725490196,1047.8137254902,0
140.3904,-0.5175098947688,-0.226445606563298,,-1.6570765317202,-0.380239031129547,,,,-0.486371331431704,,-1.57328688197601,,0.245939890595637,,,,,,,,,,,,,-2.23399790279643,,,-0.455576351574523,-0.810898515050618,,,,,-0.390590023493846,,-0.00641591581632415,,0.464377698945734,,,,,,,0.692230474357813,,,,,,29.696,103,478.177184466019,482.247572815534,1100.61650485437,469.964077669903,486.390291262136,481.441747572816,483.053398058252,1154.28155339806,1046.95145631068,0
140.4928,-0.509762429170165,-0.23235202943464,,-1.68912945544427,-0.391912637266248,,,,-0.476715621563958,,-1.57528113674408,,0.221225203530296,,,,,,,,,,,,,-2.2524160705545,,,-0.455259921907942,-0.826752971434341,,,,,-0.388814832115034,,-0.041368712527153,,0.46930699111793,,,,,,,0.673564333125487,,,,,,29.7984,102,411.41568627451,488.279901960784,1063.84803921569,405.647058823529,417.18431372549,487.743137254902,488.816666666667,1110.56862745098,1017.12745098039,0
140.5952,-0.502178776842399,-0.237170392650277,,-1.72025152171236,-0.403002902672605,,,,-0.466401429380744,,-1.57655083677094,,0.195748127239797,,,,,,,,,,,,,-2.26918031142614,,,-0.455086414389767,-0.843158453617716,,,,,-0.387212806159336,,-0.0757496624407167,,0.474185924590856,,,,,,,0.654708922991358,,,,,,29.9008,103,369.921359223301,492.923786407767,1041.24757281553,359.352427184466,380.490291262136,500.203883495146,485.643689320388,1083.07766990291,999.417475728155,0
140.6976,-0.49481935733025,-0.240840697313477,,-1.7503938018455,-0.413410470451148,,,,-0.455434134543048,,-1.57701521665603,,0.169597735613574,,,,,,,,,,,,,-2.28425453074488,,,-0.455085510333219,-0.86013493293351,,,,,-0.385776032754735,,-0.109540807632224,,0.479111820608949,,,,,,,0.635681632017403,,,,,,30.0032,102,350.511764705882,508.024509803922,1051.40196078431,338.644117647059,362.379411764706,520.891176470588,495.157843137255,1086.35294117647,1016.45098039216,0
140.8,-0.487744405545746,-0.243305916478894,,-1.7795080402467,-0.423037053746245,,,,-0.443820268655544,,-1.57659249340661,,0.142865175715289,,,,,,,,,,,,,-2.29760636645348,,,-0.455285903399241,-0.877701498529958,,,,,-0.384492614606929,,-0.142725173930765,,0.484182165773,,,,,,,0.616499915131196,,,,,,30.1056,102,341.825980392157,514.142156862745,1065.4362745098,329.463725490196,354.188235294118,524.056862745098,504.227450980392,1093.37254901961,1037.5,0
140.9024,-0.481013707604992,-0.244512374350638,,-1.80754669926773,-0.431786042302809,,,,-0.43156763369782,,-1.57520038289699,,0.115643360690554,,,,,,,,,,,,,-2.30920747703931,,,-0.455715132036902,-0.895876108859084,,,,,-0.38334678978425,,-0.175286747197578,,0.489493992657559,,,,,,,0.597181283252061,,,,,,30.208,103,370.919417475728,515.554854368932,1075.30582524272,356.964077669903,384.874757281553,514.928155339806,516.181553398058,1108.28155339806,1042.33009708738,0
141.0048,-0.474686332864637,-0.244410147213654,,-1.83446301025398,-0.439563126705182,,,,-0.418685408777597,,-1.57275662311316,,0.0880266581884937,,,,,,,,,,,,,-2.31903384692643,,,-0.456399410158366,-0.914675345147192,,,,,-0.382319090377033,,-0.207210437955104,,0.495143254012009,,,,,,,0.577743298513225,,,,,,30.3104,102,788.599509803922,450.702450980392,1081.05882352941,777.370588235294,799.828431372549,439.536274509804,461.868627450981,1138.3431372549,1023.77450980392,0
141.1072,-0.468820361599961,-0.242953488313325,,-1.86021102835791,-0.446276940278037,,,,-0.405184238125511,,-1.56917949086901,,0.0601105806238399,,,,,,,,,,,,,-2.32706610287649,,,-0.457363461686141,-0.934114167266095,,,,,-0.381386536732407,,-0.238482035859566,,0.501224189074934,,,,,,,0.558203574847162,,,,,,30.4128,103,792.641747572816,458.823786407767,1053.41262135922,784.260194174757,801.023300970874,444.316504854369,473.331067961165,1116.15533980583,990.669902912621,0
141.2096,-0.463472605891835,-0.240101274077787,,-1.88474569548537,-0.451839721581907,,,,-0.391076301305493,,-1.56438830646544,,0.0319914650992164,,,,,,,,,,,,,-2.33328982774407,,,-0.458630365166047,-0.954205674973056,,,,,-0.380522860809934,,-0.269088162111504,,0.507828674325563,,,,,,,0.538579782016492,,,,,,30.5152,102,1267.56225490196,291.46862745098,1004.99509803922,1247.13039215686,1287.99411764706,291.467647058824,291.469607843137,1063.16666666667,946.823529411765,0
141.312,-0.458698321502278,-0.235817469331087,,-1.90802292163411,-0.456167999369527,,,,-0.376375374073342,,-1.55830392686305,,0.00376612719651973,,,,,,,,,,,,,-2.3376958597952,,,-0.460221409275831,-0.974960877358608,,,,,-0.379698751085423,,-0.299016229993943,,0.515045555917647,,,,,,,0.518889646799103,,,,,,30.6176,102,1518.92009803922,215.293137254902,991.43137254902,1515.01666666667,1522.82352941176,207.755882352941,222.830392156863,1064.02941176471,918.833333333333,0
141.4144,-0.454550910076234,-0.230071610309851,,-1.9299996935208,-0.459183297209377,,,,-0.361096888894196,,-1.55084922948724,,-0.0244685181816619,,,,,,,,,,,,,-2.34028057151715,,,-0.462155955655037,-0.996388472029638,,,,,-0.378882115916714,,-0.328254420434556,,0.522959971662997,,,,,,,0.499150941002885,,,,,,30.72,103,1506.55388349515,218.969902912621,1025.29611650485,1501.43300970874,1511.67475728155,206.714563106796,231.225242718447,1099.87378640777,950.718446601942,0
141.5168,-0.451081615996599,-0.222839299778982,,-1.95063421533226,-0.460812847890414,,,,-0.345257997826096,,-1.5419495906872,,-0.0526158670992541,,,,,,,,,,,,,-2.34104612584752,,,-0.464451306318211,-1.0184946356683,,,,,-0.378038367595685,,-0.356791673753508,,0.531652678311586,,,,,,,0.479381448451239,,,,,,30.8224,102,1500.3818627451,235.98137254902,1066.38235294118,1495.53333333333,1505.23039215686,221.33431372549,250.628431372549,1141.09803921569,991.666666666667,0
141.6192,-0.448339227927049,-0.214102701083835,,-1.96988608049517,-0.460990300945827,,,,-0.328877632318773,,-1.53153336660869,,-0.0805800615940288,,,,,,,,,,,,,-2.34000070844742,,,-0.467122575808195,-1.04128282788386,,,,,-0.377130732924271,,-0.384617695194487,,0.54119940147437,,,,,,,0.459598909434195,,,,,,30.9248,103,1500.96553398058,244.170388349515,1100.47087378641,1496.25533980583,1505.67572815534,236.345631067961,251.995145631068,1175.02912621359,1025.91262135922,0
141.7216,-0.44636979238071,-0.203851016481699,,-1.98771646341687,-0.459656407558307,,,,-0.311976550631285,,-1.51953238402652,,-0.108266442187595,,,,,,,,,,,,,-2.33715873114195,,,-0.470182569145904,-1.06475360826733,,,,,-0.376120596166307,,-0.411722970791113,,0.551670218861005,,,,,,,0.439820945334962,,,,,,31.0272,102,1271.73039215686,261.59362745098,1147,1252.74117647059,1290.71960784314,256.68431372549,266.502941176471,1215.37254901961,1078.62745098039,0
141.824,-0.445216336944256,-0.192080939818773,,-2.00408831319098,-0.456759674384373,,,,-0.294577365362014,,-1.50588244070986,,-0.135582014188663,,,,,,,,,,,,,-2.33254099700162,,,-0.47364166718686,-1.08890446408071,,,,,-0.37496786991515,,-0.438098787688974,,0.563128975786729,,,,,,,0.420064968991403,,,,,,31.1296,102,876.116176470588,280.587745098039,1193.22058823529,862.375490196079,889.856862745098,272.152941176471,289.022549019608,1239.09803921569,1147.3431372549,0
141.9264,-0.444918596747455,-0.178797075481973,,-2.01896653451622,-0.45225697931888,,,,-0.276704548111741,,-1.49052380647324,,-0.162435927307776,,,,,,,,,,,,,-2.32617481749233,,,-0.477507721815742,-1.11372964631153,,,,,-0.373631375864602,,-0.463737249579284,,0.575632726386316,,,,,,,0.400348091099793,,,,,,31.232,103,879.192718446602,294.61359223301,1211.36893203884,863.579611650486,894.805825242719,286.318446601942,302.908737864078,1247.46601941748,1175.27184466019,0
142.0288,-0.445512743488141,-0.164012311184832,,-2.0323181499106,-0.446114135377181,,,,-0.258384412709123,,-1.47340171444965,,-0.188739966576896,,,,,,,,,,,,,-2.31809407611438,,,-0.481785962859722,-1.13922001372229,,,,,-0.372069217936281,,-0.488631277861814,,0.589231199657157,,,,,,,0.380687037040476,,,,,,31.3344,102,859.887254901961,549.000980392157,1234.00980392157,848.619607843137,871.154901960784,539.151960784314,558.85,1264.1568627451,1203.86274509804,0
142.1312,-0.447031124046064,-0.147748127297797,,-2.0441124424531,-0.438306383713054,,,,-0.239645080980083,,-1.45446683426262,,-0.214409048181295,,,,,,,,,,,,,-2.30833923422525,,,-0.486478917978852,-1.16536288454128,,,,,-0.370239143252579,,-0.512774592974811,,0.603966299276756,,,,,,,0.361098086527162,,,,,,31.4368,103,855.449514563107,569.623786407767,1190.78155339806,843.332038834951,867.566990291262,559.173786407767,580.073786407767,1214.87378640777,1166.68932038835,0
142.2336,-0.449502019739144,-0.130034825002744,,-2.05432107729073,-0.428818799132559,,,,-0.220516436069857,,-1.43367572152337,,-0.239361710492152,,,,,,,,,,,,,-2.29695727169128,,,-0.49158634597594,-1.19214189413291,,,,,-0.368098895618112,,-0.536161674935131,,0.619871652304041,,,,,,,0.3415970414441,,,,,,31.5392,102,1274.3387254902,734.843627450981,1140.45588235294,1245.82549019608,1302.85196078431,726.279411764706,743.407843137255,1175.38235294118,1105.52941176471,0
142.336,-0.452949437497108,-0.110911659906919,,-2.06291819801757,-0.417646597836474,,,,-0.201030068751757,,-1.41099124255406,,-0.263520592165911,,,,,,,,,,,,,-2.28400155392058,,,-0.497105181654195,-1.21953685774659,,,,,-0.365606565325482,,-0.558787706287612,,0.636972220831708,,,,,,,0.322199221130917,,,,,,31.6416,102,1451.55294117647,806.442156862745,1052.96078431373,1425.21862745098,1477.88725490196,796.303921568627,816.580392156863,1117.23529411765,988.686274509804,0
142.4384,-0.457392940811512,-0.0904268747298681,,-2.06988049479932,-0.404795342256721,,,,-0.181219219940109,,-1.38638297779719,,-0.286812898601741,,,,,,,,,,,,,-2.26953162034082,,,-0.503029489548195,-1.24752363984154,,,,,-0.362720935859744,,-0.58064850372491,,0.655283983044226,,,,,,,0.302919481249191,,,,,,31.744,103,1452.83009708738,801.757766990291,994.616504854369,1425.08058252427,1480.57961165049,802.838834951456,800.676699029126,1074.56310679612,914.669902912621,0
142.5408,-0.462847522758977,-0.0686376300945851,,-2.07518724329443,-0.390281039496561,,,,-0.161118716592529,,-1.35982760818696,,-0.30917086998349,,,,,,,,,,,,,-2.25361289280157,,,-0.509350426578398,-1.27607403243059,,,,,-0.359401828540257,,-0.601740444755689,,0.674813681805586,,,,,,,0.283772251100446,,,,,,31.8464,102,1518.17745098039,774.089705882353,954.049019607843,1493.32352941176,1543.03137254902,771.019607843137,777.159803921569,1035.61764705882,872.480392156863,0
142.6432,-0.46932351883145,-0.0456098343156275,,-2.07882031723953,-0.374130130284144,,,,-0.140764895081034,,-1.33130928452599,,-0.330532263717601,,,,,,,,,,,,,-2.23631630485652,,,-0.516056216931519,-1.30515564442304,,,,,-0.355610446415661,,-0.62206039358187,,0.695558635427358,,,,,,,0.264771583956702,,,,,,31.9488,103,1518.83446601942,774.558252427185,922.412621359223,1496.35242718447,1541.31650485437,771.904854368932,777.211650485437,1002.92233009709,841.902912621359,0
142.7456,-0.476826552858171,-0.0214178741787101,,-2.08076418420358,-0.356379370573266,,,,-0.120195511424108,,-1.30081997153923,,-0.350840844515461,,,,,,,,,,,,,-2.21771785803185,,,-0.523132143326796,-1.33473180479999,,,,,-0.351309712210433,,-0.64160562809931,,0.717506605859545,,,,,,,0.2459312136961,,,,,,32.0512,102,1521.04607843137,770.787745098039,897.044117647059,1500.59509803922,1541.49705882353,767.677450980392,773.898039215686,975.539215686275,818.549019607843,0
142.848,-0.485357504783891,0.00385575061540432,,-2.08100589607465,-0.337075617677904,,,,-0.0994496427370271,,-1.26835975093585,,-0.370046853473615,,,,,,,,,,,,,-2.19789811451829,,,-0.530560556398194,-1.36476148607518,,,,,-0.346464583382329,,-0.660373767268017,,0.740635720319767,,,,,,,0.227264609727588,,,,,,32.1536,102,1516.85980392157,769.978921568628,877.514705882353,1498.61274509804,1535.1068627451,766.467647058824,773.490196078431,953.774509803922,801.254901960784,0
142.9504,-0.494912489932922,0.0301208871580552,,-2.07953507755574,-0.316275538090574,,,,-0.0785675803725168,,-1.23393707299619,,-0.388107425308083,,,,,,,,,,,,,-2.17694163215093,,,-0.538320899159192,-1.39519925795055,,,,,-0.341042320860081,,-0.678362694634484,,0.764914441598771,,,,,,,0.208785024815814,,,,,,32.256,103,1365.66504854369,885.106310679612,890.985436893204,1350.39223300971,1380.93786407767,876.185436893204,894.02718446602,960.203883495146,821.766990291262,0
143.0528,-0.505482844080414,0.0572802767301484,,-2.07634390576922,-0.294045253328479,,,,-0.0575907097453616,,-1.19756896147709,,-0.404986937255982,,,,,,,,,,,,,-2.15493634600258,,,-0.546389741105116,-1.42599527942679,,,,,-0.33501269413988,,-0.695570472142502,,0.790301580838895,,,,,,,0.190505535899716,,,,,,32.3584,102,923.928431372549,853.259803921569,937.808823529412,895.687254901961,952.169607843137,834.366666666667,872.152941176471,998.598039215686,877.019607843137,0
143.1552,-0.517055111583401,0.0852301755757538,,-2.07142707202325,-0.270459936269623,,,,-0.036561371332453,,-1.15928117614984,,-0.420657287570017,,,,,,,,,,,,,-2.13197290754998,,,-0.554740820427495,-1.45709533246464,,,,,-0.328348118529207,,-0.711995241068736,,0.816746348164411,,,,,,,0.172439081091967,,,,,,32.4608,103,596.541747572816,829.171844660194,955.572815533981,581.935922330097,611.147572815534,811.009708737864,847.333980582524,995.68932038835,915.456310679612,0
143.2576,-0.529611039138063,0.113861033984002,,-2.06478172352486,-0.245603361563186,,,,-0.0155226982298916,,-1.11910831598411,,-0.435098113107395,,,,,,,,,,,,,-2.10814399792808,,,-0.563345098893209,-1.48844089777227,,,,,-0.321023729545485,,-0.727635113331301,,0.844188442897467,,,,,,,0.154598494414373,,,,,,32.5632,102,602.787254901961,837.902450980392,942.343137254902,588.96568627451,616.608823529412,821.603921568627,854.200980392157,975.470588235294,909.21568627451,0
143.36,-0.543127583085955,0.143058221183303,,-2.05640739288069,-0.219567407910598,,,,0.00548157251553148,,-1.07709383491951,,-0.448296962742627,,,,,,,,,,,,,-2.08354363005372,,,-0.572170834680247,-1.51996927364353,,,,,-0.313017400098952,,-0.742488061885631,,0.872558190483062,,,,,,,0.136996534648401,,,,,,32.6656,102,274.710784313726,854.326470588235,944.245098039216,247.528431372549,301.893137254902,827.6,881.052941176471,975.549019607843,912.941176470588,0
143.4624,-0.557576932892132,0.172702781007425,,-2.04630592754301,-0.19245151686814,,,,0.0264073138171137,,-1.03328995329964,,-0.460249438315862,,,,,,,,,,,,,-2.05826644900261,,,-0.581183673930658,-1.55161373920636,,,,,-0.304309700082589,,-0.756551818627652,,0.901776734623132,,,,,,,0.119645900498377,,,,,,32.768,103,162.258737864078,875.321844660194,950.76213592233,137.194174757282,187.323300970874,849.588349514563,901.055339805825,970.446601941748,931.077669902913,0
143.5648,-0.572926543986778,0.202672204381717,,-2.03448142618194,-0.164362120890866,,,,0.0472102450710732,,-0.987757460573206,,-0.470959302678202,,,,,,,,,,,,,-2.03240703419993,,,-0.590346758155244,-1.58330376410612,,,,,-0.294883792166454,,-0.769823784255999,,0.931756295706456,,,,,,,0.102559226412004,,,,,,32.8704,102,165.927941176471,874.780882352941,993.485294117647,143.155882352941,188.7,844.761764705882,904.8,1014.69607843137,972.274509803922,0
143.6672,-0.589139170881718,0.232841211594263,,-2.02094018129505,-0.135412052934375,,,,0.0678461912326038,,-0.940565408501805,,-0.480438547969467,,,,,,,,,,,,,-2.00605920406466,,,-0.599620844667445,-1.61496526716322,,,,,-0.284725258027608,,-0.782300953114475,,0.962400505998541,,,,,,,0.0857490598659776,,,,,,32.9728,103,698.634466019418,633.305339805825,1026.91747572816,671.450485436893,725.818446601942,623.269902912621,643.340776699029,1062.65048543689,991.184466019418,0
143.7696,-0.606172889943789,0.26308253160627,,-2.00569062444463,-0.105719952760124,,,,0.0882713685160409,,-0.891790698123989,,-0.488707419139596,,,,,,,,,,,,,-1.97931533087594,,,-0.608964438089973,-1.64652092515642,,,,,-0.273821854132641,,-0.793979858275144,,0.993604814946744,,,,,,,0.0692278231393565,,,,,,33.0752,102,823.435784313726,575.872549019608,1042.34803921569,808.391176470588,838.480392156863,557.442156862745,594.302941176471,1103.25490196078,981.441176470588,0
143.872,-0.623981099183203,0.293267648130523,,-1.98874327297995,-0.0754096931996564,,,,0.108442699659593,,-0.841517576285107,,-0.495794390600549,,,,,,,,,,,,,-1.95226568785443,,,-0.618333930014752,-1.67789052744606,,,,,-0.262163204056575,,-0.804856543873254,,1.025256935893,,,,,,,0.0530077582956259,,,,,,33.1776,102,820.204411764706,579.355882352941,1061.48039215686,804.274509803922,836.13431372549,550.985294117647,607.726470588235,1135.38235294118,987.578431372549,0
143.9744,-0.642512493692029,0.323267483522256,,-1.97011068058207,-0.0446098433302305,,,,0.128318151460999,,-0.789837072339837,,-0.501736088444668,,,,,,,,,,,,,-1.92499785290832,,,-0.627683742884391,-1.70899136285518,,,,,-0.249740447537561,,-0.814926569267983,,1.05723730786044,,,,,,,0.0371008509346135,,,,,,33.28,103,819.47427184466,574.299029126214,1074.65533980583,803.761165048544,835.187378640777,537.580582524272,611.017475728155,1155.63106796117,993.679611650485,0
144.0768,-0.661711034528443,0.352953015252449,,-1.94980739434033,-0.0134531647325505,,,,0.147857077388701,,-0.736846403170424,,-0.506577140310108,,,,,,,,,,,,,-1.89759618074216,,,-0.636966476016537,-1.73973861987976,,,,,-0.236545876231669,,-0.8241850444883,,1.08941956852475,,,,,,,0.0215187305264123,,,,,,33.3824,102,1085.72058823529,552.354411764706,1055.55392156863,1062.28823529412,1109.15294117647,521.475490196078,583.233333333333,1128.43137254902,982.676470588235,0
144.1792,-0.681515933229657,0.38219583488555,,-1.92784991952926,0.0179238735538001,,,,0.167020549265524,,-0.682648352598935,,-0.510369934986261,,,,,,,,,,,,,-1.87014134661593,,,-0.64613305508355,-1.77004578679158,,,,,-0.222572579641574,,-0.83262669391659,,1.12167104624212,,,,,,,0.00627254782287399,,,,,,33.4848,103,1255.24611650485,553.482038834952,1006.73300970874,1235.16893203884,1275.32330097087,527.008737864078,579.955339805825,1071.27184466019,942.194174757281,0
144.2816,-0.701861663472974,0.410868657961475,,-1.90425669184807,0.0493815704350651,,,,0.185771671120879,,-0.627350616923967,,-0.513174285313346,,,,,,,,,,,,,-1.84270996627025,,,-0.655132887593407,-1.79982504838904,,,,,-0.207814109343148,,-0.840245946800353,,1.15385327523064,,,,,,,-0.00862717099708193,,,,,,33.5872,102,1255.32598039216,556.983333333333,989.632352941176,1236.48235294118,1274.16960784314,536.200980392157,577.76568627451,1052.87254901961,926.392156862745,0
144.384,-0.722678002398362,0.438845790546696,,-1.8790480556535,0.0807774613913769,,,,0.20407587704183,,-0.571065114998729,,-0.515056996409668,,,,,,,,,,,,,-1.81537429604563,,,-0.663914025814967,-1.82898768103425,,,,,-0.192264162605598,,-0.847037055669373,,1.1858225345884,,,,,,,-0.0231706951418501,,,,,,33.6896,102,1279.49411764706,554.109803921569,967.416666666667,1261.62450980392,1297.3637254902,541.170588235294,567.049019607843,1029.5,905.333333333333,0
144.4864,-0.743890102616368,0.466003559250193,,-1.85224624707747,0.111966783186802,,,,0.22190121866644,,-0.513907271992847,,-0.516091343631675,,,,,,,,,,,,,-1.78820201302525,,,-0.672423338104797,-1.85744444652418,,,,,-0.175916289648566,,-0.85299424329451,,1.21743041140557,,,,,,,-0.037349283577414,,,,,,33.792,103,1443.86844660194,511.122815533981,908.995145631068,1430.03689320388,1457.7,496.059223300971,526.18640776699,976.883495145631,841.106796116505,0
144.5888,-0.765418596524667,0.492220711397076,,-1.82387538128454,0.14280293801141,,,,0.239218642928109,,-0.455995291291795,,-0.516356470656443,,,,,,,,,,,,,-1.76125607152772,,,-0.680606690446216,-1.88510598351176,,,,,-0.158763633036134,,-0.858111874341052,,1.24852438524462,,,,,,,-0.0511553942380312,,,,,,33.8944,102,1437.41323529412,512.611274509804,882.107843137255,1428.03039215686,1446.79607843137,506.962745098039,518.259803921569,951.774509803922,812.441176470588,0
144.6912,-0.787179730063342,0.517378786184885,,-1.79396143835463,0.173137953425694,,,,0.256002249742095,,-0.397449433248059,,-0.515936727187493,,,,,,,,,,,,,-1.73459463017094,,,-0.688409140034222,-1.91188319562592,,,,,-0.140798708421054,,-0.862384643475908,,1.27894842815344,,,,,,,-0.0645828940091343,,,,,,33.9968,103,1356.59029126214,708.761165048544,899.529126213592,1347.47572815534,1365.70485436893,700.376699029126,717.145631067961,966.922330097087,832.135922330097,0
144.7936,-0.809085514150359,0.541362448427339,,-1.76253223582749,0.202822922797071,,,,0.272229513812155,,-0.338391319884174,,-0.514920966887034,,,,,,,,,,,,,-1.70827104320264,,,-0.695775141162269,-1.93768763666418,,,,,-0.122013233549943,,-0.865807773171031,,1.30854361579385,,,,,,,-0.0776272575531302,,,,,,34.0992,102,1324.69656862745,818.049509803922,899.058823529412,1315.27254901961,1334.12058823529,805.308823529412,830.790196078431,959.294117647059,838.823529411765,0
144.896,-0.83104387919161,0.56405977484724,,-1.72961737735024,0.231708407554472,,,,0.287881457339746,,-0.278943277704861,,-0.513401817080374,,,,,,,,,,,,,-1.68233391105245,,,-0.702648762700047,-1.962431893286,,,,,-0.102398007671201,,-0.868377220835884,,1.33714875028694,,,,,,,-0.0902857517548797,,,,,,34.2016,102,1320.84264705882,812.378431372549,894.740196078431,1313.02254901961,1328.66274509804,803.933333333333,820.823529411765,952.627450980392,836.852941176471,0
144.9984,-0.852958827983024,0.5853624943821,,-1.69524817629846,0.259644795139159,,,,0.302942765634991,,-0.219227721350706,,-0.511474922400725,,,,,,,,,,,,,-1.65682718536418,,,-0.708973917388899,-1.98602996546679,,,,,-0.0819428370129586,,-0.870089897452868,,1.3646009996794,,,,,,,-0.102557609821259,,,,,,34.304,103,1318.48300970874,815.757766990291,881.626213592233,1310.85533980583,1326.11067961165,800.333009708738,831.182524271845,937.873786407767,825.378640776699,0
145.1008,-0.874730598920799,0.605166202265723,,-1.65945756396329,0.286482629566158,,,,0.317401844722197,,-0.159366573425216,,-0.509238164447269,,,,,,,,,,,,,-1.63179031898972,,,-0.714694602632225,-2.00839764291562,,,,,-0.0606364988403897,,-0.87094389347892,,1.39073655735013,,,,,,,-0.114444196798384,,,,,,34.4064,102,1318.18284313725,809.517156862745,866.328431372549,1309.43431372549,1326.93137254902,797.321568627451,821.712745098039,923.56862745098,809.088235294118,0
145.2032,-0.896255862018266,0.623370579580698,,-1.62227999887177,0.312072949275284,,,,0.331250827175048,,-0.0994807129484567,,-0.506790867808402,,,,,,,,,,,,,-1.60725844434611,,,-0.719755147876736,-2.02945286897101,,,,,-0.0384667420741809,,-0.870938701024824,,1.41539131795886,,,,,,,-0.125949159931607,,,,,,34.5088,103,1320.93786407767,810.002912621359,876.825242718447,1314.00097087379,1327.87475728155,795.54854368932,824.457281553398,932.893203883495,820.757281553398,0
145.3056,-0.917427966748578,0.639879642248898,,-1.58375139303596,0.336267662877977,,,,0.34448553521816,,-0.0396894488401257,,-0.504233010535594,,,,,,,,,,,,,-1.58326256404307,,,-0.724100460558041,-2.04911607933497,,,,,-0.015420330178274,,-0.870075424948897,,1.43840156217321,,,,,,,-0.137078555731263,,,,,,34.6112,102,1318.86421568627,813.213235294118,902.362745098039,1313.74019607843,1323.98823529412,799.285294117647,827.141176470588,959.735294117647,844.990196078431,0
145.408,-0.938137244714314,0.654602017714672,,-1.54390906440403,0.358919968099385,,,,0.357105409879987,,0.0198899784262846,,-0.501664462063084,,,,,,,,,,,,,-1.5598297456462,,,-0.727676266779252,-2.06731050820811,,,,,0.00851686984572696,,-0.868356984452175,,1.45960463848705,,,,,,,-0.147840953882606,,,,,,34.7136,102,894.489215686275,679.94362745098,956.308823529412,884.848039215686,904.130392156863,659,700.887254901961,1015.04901960784,897.568627450981,0
145.5104,-0.958271351988834,0.667451226359554,,-1.50279172026498,0.379884795488154,,,,0.369113413582608,,0.079142861972711,,-0.499184274775544,,,,,,,,,,,,,-1.53698331615754,,,-0.730429349983577,-2.08396246063825,,,,,0.033359756411281,,-0.865788309134683,,1.47883962207244,,,,,,,-0.158247524127154,,,,,,34.816,103,837.465533980583,664.669902912621,951.446601941748,838.430097087379,836.500970873786,652.357281553398,676.982524271845,990.145631067961,912.747572815534,0
145.6128,-0.977715630592316,0.678345945929164,,-1.46043947244155,0.399019256289136,,,,0.380515911212604,,0.137957459001742,,-0.496890047244471,,,,,,,,,,,,,-1.51474305098828,,,-0.732307791283965,-2.09900155071809,,,,,0.0591238259559129,,-0.862376528551374,,1.49594793206764,,,,,,,-0.168312108088969,,,,,,34.9184,102,838.266176470588,667.286764705882,962.406862745098,841.059803921569,835.472549019608,659.092156862745,675.48137254902,999.745098039216,925.068627450981,0
145.7152,-0.996353481534466,0.687210252594768,,-1.41689387351624,0.416183087877871,,,,0.391322534204486,,0.196225387123555,,-0.494877352530211,,,,,,,,,,,,,-1.49312535783122,,,-0.733261207283126,-2.11236090906439,,,,,0.0858249728710569,,-0.858131148605246,,1.51077391142289,,,,,,,-0.178051269747615,,,,,,35.0208,103,842.445145631068,668.571359223301,982.082524271845,844.394174757282,840.496116504854,659.035922330097,678.106796116505,1022.19417475728,941.970873786408,0
145.8176,-1.01406676091854,0.693973844827945,,-1.37219795009403,0.431239104140394,,,,0.401546032377596,,0.253841983912685,,-0.493239199895875,,,,,,,,,,,,,-1.47214346429916,,,-0.733240975622446,-2.12397737307247,,,,,0.113479262502719,,-0.853064206037837,,1.52316539822917,,,,,,,-0.187484313823909,,,,,,35.1232,102,931.237745098039,662.653921568627,1006.49019607843,928.845098039216,933.630392156863,653.135294117647,672.172549019608,1049.42156862745,963.558823529412,0
145.92,-1.03073621978848,0.698572262155773,,-1.32639621124833,0.444053665667789,,,,0.411202115081599,,0.310706625938405,,-0.492065494219073,,,,,,,,,,,,,-1.45180761457486,,,-0.732200444533076,-2.1337916784072,,,,,0.142102683230558,,-0.84719039468293,,1.53297431892477,,,,,,,-0.196633262968194,,,,,,35.2256,102,1101.3318627451,657.160784313725,1017.09803921569,1100.65098039216,1102.01274509804,642.100980392157,672.220588235294,1062.62745098039,971.56862745098,0
146.0224,-1.04624200319463,0.700947110835474,,-1.27953462841661,0.454497183684944,,,,0.420309280431917,,0.366723007974922,,-0.491442481446977,,,,,,,,,,,,,-1.43212526823502,,,-0.730095134222257,-2.1417486634441,,,,,0.171710878189511,,-0.840527160903069,,1.54005731245054,,,,,,,-0.205522789970482,,,,,,35.328,103,1104.88106796116,652.059223300971,1019.05825242718,1104.57669902913,1105.1854368932,639.257281553398,664.861165048544,1065.15533980583,972.961165048544,0
146.1248,-1.06046421087324,0.70104630355607,,-1.23166060071298,0.462444663377927,,,,0.42888863224125,,0.421799383194073,,-0.491452200825675,,,,,,,,,,,,,-1.4131012907804,,,-0.726882941678349,-2.14779748628687,,,,,0.202318855121889,,-0.833094769445755,,1.54427637429363,,,,,,,-0.214180107299249,,,,,,35.4304,102,1105.79803921569,646.912745098039,984.338235294118,1104.56470588235,1107.03137254902,633.564705882353,660.260784313726,1033.01960784314,935.656862745098,0
146.2272,-1.0732835114337,0.698824316278906,,-1.18282292656413,0.467776285653512,,,,0.436963681727973,,0.475848757801281,,-0.492171972548628,,,,,,,,,,,,,-1.39473813123608,,,-0.722524355338305,-2.15189184596575,,,,,0.233940677674058,,-0.824916346188962,,1.54549950854356,,,,,,,-0.222634822900098,,,,,,35.5328,103,1113.95825242718,643.983009708738,932.203883495146,1114.66699029126,1113.24951456311,631.227184466019,656.738834951456,985.194174757282,879.21359223301,0
146.3296,-1.08458179757103,0.694242458716268,,-1.13307179677346,0.470378022143028,,,,0.444560124395433,,0.52878903353431,,-0.493673935282733,,,,,,,,,,,,,-1.37703598902774,,,-0.716982681477945,-2.15399020157222,,,,,0.266589147792521,,-0.816017905047555,,1.54360138305127,,,,,,,-0.230918775061394,,,,,,35.6352,102,806.872058823529,453.455392156863,896.098039215686,803.579411764706,810.164705882353,437.392156862745,469.51862745098,948.598039215686,843.598039215686,0
146.432,-1.09424286772019,0.687269140568539,,-1.08245881106424,0.470142270497426,,,,0.451705582164794,,0.580543103850103,,-0.49602464150116,,,,,,,,,,,,,-1.35999297716541,,,-0.710224283153473,-2.15405598960414,,,,,0.300275490610059,,-0.806428359383652,,1.53846397992459,,,,,,,-0.239065854939818,,,,,,35.7376,102,811.292647058824,438.360784313725,851.93137254902,814.311764705882,808.273529411765,431.342156862745,445.379411764706,901.803921568627,802.058823529412,0
146.5344,-1.10215311981986,0.677880109457792,,-1.03103701442255,0.466968493684683,,,,0.458429308425764,,0.631038917403636,,-0.499284717522963,,,,,,,,,,,,,-1.34360528804302,,,-0.702218828870896,-2.15205783700974,,,,,0.335009046098466,,-0.79617951399375,,1.52997722995412,,,,,,,-0.247111817137112,,,,,,35.84,103,854.920873786408,445.676213592233,826.456310679612,855.7,854.141747572816,453.628155339806,437.72427184466,878.854368932039,774.058252427184,0
146.6368,-1.10820224667046,0.666058647430191,,-0.978860951502504,0.460763852829355,,,,0.464761859855461,,0.680209514614248,,-0.503508581724526,,,,,,,,,,,,,-1.32786736336964,,,-0.692939539286821,-2.14796975922098,,,,,0.370796963637277,,-0.78530603556237,,1.51803962814528,,,,,,,-0.255094075313716,,,,,,35.9424,102,901.975980392157,467.623039215686,817.411764705882,904.343137254902,899.608823529412,477.117647058824,458.128431372549,873.794117647059,761.029411764706,0
146.7392,-1.11228392726088,0.651795726131578,,-0.925986731024779,0.451443827105058,,,,0.470734740635484,,0.727993028378289,,-0.508744199236943,,,,,,,,,,,,,-1.31277206755749,,,-0.682363415258766,-2.14177133367718,,,,,0.407643895209526,,-0.773845398753136,,1.50255884036936,,,,,,,-0.263051482413039,,,,,,36.0448,103,935.271844660194,499.043689320388,832.995145631068,941.083495145631,929.460194174757,498.028155339806,500.059223300971,893.611650485437,772.378640776699,0
146.8416,-1.11429651279706,0.635090127291812,,-0.872472081212798,0.438932813838347,,,,0.476380025201743,,0.774332633234248,,-0.515032850268683,,,,,,,,,,,,,-1.2983108633742,,,-0.67047143855005,-2.13344784661593,,,,,0.445551682438005,,-0.761837803522251,,1.48345231585684,,,,,,,-0.271024099647908,,,,,,36.1472,102,457.627941176471,346.174019607843,880.901960784314,438.645098039216,476.610784313726,338.526470588235,353.821568627451,936.686274509804,825.117647058824,0
146.944,-1.11414370676967,0.615948534540161,,-0.818376383398829,0.423164703406223,,,,0.481729966597682,,0.819176437850757,,-0.522408900799372,,,,,,,,,,,,,-1.28447398817957,,,-0.657248751241971,-2.1229904146667,,,,,0.484519030700248,,-0.7493260646301,,1.46064791145777,,,,,,,-0.279052961076894,,,,,,36.2496,103,284.514077669903,306.911165048544,900.708737864078,275.104854368932,293.923300970874,316.742718446602,297.079611650485,931.543689320388,869.873786407767,0
147.0464,-1.11173523509602,0.594385599225782,,-0.763760692130874,0.404083428771906,,,,0.486816597641804,,0.862477332591299,,-0.530899578413754,,,,,,,,,,,,,-1.27125062844646,,,-0.642684826943276,-2.11039608368358,,,,,0.524541167537948,,-0.736355482750723,,1.43408451814836,,,,,,,-0.287179837549443,,,,,,36.352,102,333.192156862745,318.914215686275,910.416666666667,328.566666666667,337.817647058824,329.957843137255,307.870588235294,944.647058823529,876.186274509804,0
147.1488,-1.10698750402414,0.570423988001824,,-0.708687761731495,0.381643500543656,,,,0.491671328414327,,0.904192806731485,,-0.540524756879281,,,,,,,,,,,,,-1.2586290859221,,,-0.626773639957517,-2.09566790422315,,,,,0.565609484063549,,-0.722973707965943,,1.40371267766888,,,,,,,-0.295446995674507,,,,,,36.4544,102,389.091176470588,326.056862745098,908.28431372549,386.106862745098,392.075490196078,339.358823529412,312.754901960784,951.607843137255,864.960784313726,0
147.2512,-1.09982425130575,0.544094427992286,,-0.653222092359682,0.355810548693362,,,,0.496324540861987,,0.944284744153228,,-0.551296738605538,,,,,,,,,,,,,-1.24659692588342,,,-0.609513826798659,-2.07881497775025,,,,,0.607711153578704,,-0.709230598879454,,1.36949518965992,,,,,,,-0.303896942420173,,,,,,36.5568,103,446.905825242718,344.876213592233,904.47572815534,443.365048543689,450.446601941748,354.136893203884,335.615533980583,950.145631067961,858.805825242719,0
147.3536,-1.09017719836346,0.515435760373027,,-0.597429996782101,0.326561887211305,,,,0.500805187637844,,0.982719209475987,,-0.563220013747069,,,,,,,,,,,,,-1.23514110407812,,,-0.590908832339892,-2.05985246961711,,,,,0.650828726790012,,-0.695178072474263,,1.33140771447971,,,,,,,-0.312572149001234,,,,,,36.6592,102,1099.31960784314,309.304411764706,880.955882352941,1076.09019607843,1122.54901960784,316.871568627451,301.737254901961,938.549019607843,823.362745098039,0
147.456,-1.07798670424867,0.484494999837197,,-0.541379684754122,0.29388710035392,,,,0.505140409121852,,1.01946624162393,,-0.576290981901008,,,,,,,,,,,,,-1.22424807654583,,,-0.570967039980781,-2.03880159251244,,,,,0.69493971831838,,-0.680869939517335,,1.28943936524503,,,,,,,-0.321514753561923,,,,,,36.7616,103,1543.1859223301,286.053398058252,853.820388349515,1538.40776699029,1547.9640776699,291.094174757282,281.012621359223,937.252427184466,770.388349514563,0
147.5584,-1.06320241459072,0.45132739031889,,-0.485141361327802,0.257788635118617,,,,0.509355176425099,,1.0544996639536,,-0.590497642004068,,,,,,,,,,,,,-1.21390389655353,,,-0.549701889551349,-2.0156895665574,,,,,0.740016205377452,,-0.666361725441162,,1.24359327116172,,,,,,,-0.33076624493005,,,,,,36.864,102,1582.5112745098,294.916666666667,838.200980392157,1579.31176470588,1585.71078431373,298.505882352941,291.327450980392,928.049019607843,748.352941176471,0
147.6608,-1.04578389398466,0.415996446240664,,-0.42878732679551,0.218282378750175,,,,0.513471954654369,,1.08779690719983,,-0.605819275121618,,,,,,,,,,,,,-1.20409429992264,,,-0.527131985236867,-1.99054955921087,,,,,0.786024451135235,,-0.651710479290159,,1.19388709433808,,,,,,,-0.340367129928097,,,,,,36.9664,102,1633.86225490196,303.928431372549,820.196078431373,1629.92941176471,1637.79509803922,306.985294117647,300.871568627451,909.843137254902,730.549019607843,0
147.7632,-1.02570122673122,0.378573965861937,,-0.37239205407024,0.175398197547335,,,,0.517510375221118,,1.11933884063388,,-0.622226148438665,,,,,,,,,,,,,-1.1948047814112,,,-0.503281193773185,-1.96342060592439,,,,,0.832924556663159,,-0.636974572753218,,1.14035348817672,,,,,,,-0.350356587351226,,,,,,37.0688,103,1692.75097087379,316.303883495146,817.985436893204,1687.12233009709,1698.37961165049,321.034951456311,311.572815533981,907.398058252427,728.572815533981,0
147.8656,-1.00293557077549,0.339140002095758,,-0.316032221490017,0.129180414322042,,,,0.521486913500452,,1.14910961298371,,-0.639679255738036,,,,,,,,,,,,,-1.18602066813342,,,-0.478178732030849,-1.93434751235637,,,,,0.880670146929552,,-0.622213490955203,,1.08304048970211,,,,,,,-0.360772114380423,,,,,,37.1712,102,1746.98333333333,341.084803921569,834.240196078431,1743.43823529412,1750.52843137255,333.711764705882,348.457843137255,923.558823529412,744.921568627451,0
147.968,-0.977479654180132,0.297782784383731,,-0.259786695808969,0.0796882072915344,,,,0.525414581818846,,1.17709649927633,,-0.658130099337242,,,,,,,,,,,,,-1.177727193442,,,-0.451859240846109,-1.90338073958114,,,,,0.929208104161428,,-0.607487616269148,,1.022011840744,,,,,,,-0.371649174628184,,,,,,37.2736,103,1578.63009708738,472.164563106796,886.587378640777,1567.08252427184,1590.17766990291,470.363106796117,473.966019417476,977.78640776699,795.388349514563,0
148.0704,-0.949338209902122,0.254598598522895,,-0.20373647441957,0.0269959202039041,,,,0.529302657143887,,1.20328973579245,,-0.677520520801748,,,,,,,,,,,,,-1.16990956515113,,,-0.424362838654822,-1.87057627488543,,,,,0.978478366929983,,-0.592858005323511,,0.957347235306068,,,,,,,-0.3830208578326,,,,,,37.376,102,1428.10882352941,599.540196078431,919.666666666667,1421.62450980392,1434.5931372549,604.366666666667,594.713725490196,1005.03921568627,834.294117647059,0
148.1728,-0.918528347762418,0.209691636829979,,-0.147964594564288,-0.028806721353803,,,,0.533156461105862,,1.22768232348538,,-0.697782590408658,,,,,,,,,,,,,-1.16255301290446,,,-0.395735145465178,-1.83599549008116,,,,,1.02841380907935,,-0.578386158182531,,0.88914249048447,,,,,,,-0.394917557443235,,,,,,37.4784,102,743.130882352941,493.484803921569,985.803921568627,707.546078431373,778.71568627451,483.103921568628,503.86568627451,1058.61764705882,912.990196078431,0
148.2752,-0.885079854109776,0.163173824194274,,-0.0925560054369023,-0.0876144942389052,,,,0.536977199411477,,1.25026979558303,,-0.718838560681074,,,,,,,,,,,,,-1.15564279996263,,,-0.366027264822428,-1.7997049826964,,,,,1.07894019969034,,-0.564133777595877,,0.817509635610328,,,,,,,-0.407366665788234,,,,,,37.5808,103,431.876213592233,447.12427184466,990.223300970874,425.283495145631,438.468932038835,440.660194174757,453.588349514563,1032.54368932039,947.902912621359,0
148.3776,-0.849035397027594,0.115164613067519,,-0.0375973954805975,-0.14930667607765,,,,0.540761857093691,,1.27104996206089,,-0.740600886473798,,,,,,,,,,,,,-1.14916419628146,,,-0.335295711469727,-1.76177638731116,,,,,1.12997623470542,,-0.550162516741778,,0.742576912596612,,,,,,,-0.420392283798549,,,,,,37.6832,102,501.065196078431,455.234803921569,957.921568627451,486.707843137255,515.422549019608,451.690196078431,458.779411764706,998.441176470588,917.401960784314,0
148.48,-0.810450620092824,0.0657907319188712,,0.0168230218382026,-0.2137471711141,,,,0.544503141258465,,1.29002264814744,,-0.762972319188135,,,,,,,,,,,,,-1.14310242236554,,,-0.303602278655717,-1.72228614515736,,,,,1.18143363479792,,-0.536533716522879,,0.664488677170491,,,,,,,-0.43401495006088,,,,,,37.7856,103,600.545631067961,473.878640776699,933.689320388349,584.378640776699,616.712621359223,471.063106796117,476.694174757282,980.815533980583,886.563106796116,0
148.5824,-0.76939412766559,0.0151858724247186,,0.0706157520698682,-0.280784768092579,,,,0.54818946354174,,1.30718943946848,,-0.785846088027381,,,,,,,,,,,,,-1.13744257685416,,,-0.271013846063313,-1.68131522763584,,,,,1.23321731620738,,-0.523308136263375,,0.583405182426641,,,,,,,-0.448251406242806,,,,,,37.888,102,1131.03480392157,540.775,902.921568627451,1116.37647058824,1145.6931372549,541.278431372549,540.271568627451,972.294117647059,833.549019607843,0
148.6848,-0.725947373691238,-0.036509692112547,,0.123690288492054,-0.350253528135837,,,,0.551804958113473,,1.32255344493493,,-0.809106182966792,,,,,,,,,,,,,-1.13216955606227,,,-0.237602130798605,-1.63894881270029,,,,,1.28522564491646,,-0.510545682869833,,0.499502220722136,,,,,,,-0.46311441683406,,,,,,37.9904,102,1144.09264705882,544.74068627451,884.573529411765,1134.61862745098,1153.56666666667,549.899019607843,539.582352941177,963.333333333333,805.813725490196,0
148.7872,-0.680204459437941,-0.0891495568696593,,0.175955409034903,-0.421973301010318,,,,0.555329537932,,1.33611909045343,,-0.832627755386896,,,,,,,,,,,,,-1.12726796853042,,,-0.203443383501821,-1.59527591342307,,,,,1.33735078221974,,-0.498305142421212,,0.412970604326957,,,,,,,-0.478612649124029,,,,,,38.0928,103,1158.41747572816,554.279126213592,868.388349514563,1151.69126213592,1165.14368932039,556.231067961165,552.327184466019,944.04854368932,792.728155339806,0
148.8896,-0.632271836907048,-0.142581698996029,,0.227319501537178,-0.495750369869573,,,,0.558738998392362,,1.34789195360044,,-0.85627764829405,,,,,,,,,,,,,-1.12272204486901,,,-0.168618033994787,-1.55038896226508,,,,,1.38947913324758,,-0.486643917464207,,0.324015477177511,,,,,,,-0.494750610877872,,,,,,38.1952,102,1170.16078431373,557.823039215686,860.078431372549,1164.71470588235,1175.6068627451,558.033333333333,557.612745098039,929.166666666667,790.990196078431,0
148.992,-0.582267906567921,-0.19664904788978,,0.27769091285849,-0.571378226824954,,,,0.562005174506151,,1.3578786412149,,-0.879915058717128,,,,,,,,,,,,,-1.1185155351617,,,-0.133210291699376,-1.50438335869096,,,,,1.44149191315076,,-0.475617775307601,,0.232855461318288,,,,,,,-0.511528645833061,,,,,,38.2976,103,1184.1932038835,563.098058252427,868.42718446602,1180.4854368932,1187.90097087379,562.536893203884,563.659223300971,934.155339805825,802.699029126214,0
149.0944,-0.5303224923191,-0.251190106696013,,0.326978325913582,-0.648638485180291,,,,0.565096147915935,,1.36608670385556,,-0.903392328373366,,,,,,,,,,,,,-1.11463157392471,,,-0.0973077014874172,-1.45735698535706,,,,,1.49326583846083,,-0.465280610379119,,0.139721642208995,,,,,,,-0.528942989831627,,,,,,38.4,102,875.228431372549,621.21862745098,887.730392156863,858.854901960784,891.601960784314,619.512745098039,622.924509803922,948.666666666667,826.794117647059,0
149.1968,-0.476576182646493,-0.306039625212714,,0.37509117892385,-0.727301935100188,,,,0.567976498298487,,1.37252457639322,,-0.926555855199476,,,,,,,,,,,,,-1.1110524953723,,,-0.0610006500539127,-1.40940969101422,,,,,1.54467394072512,,-0.455684214805881,,0.0448563886381394,,,,,,,-0.546985886261412,,,,,,38.5024,102,554.921078431373,672.984803921569,881.308823529412,553.005882352941,556.836274509804,675.290196078431,670.679411764706,924.176470588235,838.441176470588,0
149.2992,-0.421179538560989,-0.361029337252845,,0.421940135258227,-0.807129750149013,,,,0.570607601284682,,1.3772015370377,,-0.949247119353904,,,,,,,,,,,,,-1.10775960462869,,,-0.0243818157644225,-1.36064273168297,,,,,1.59558649580259,,-0.446878048887749,,-0.0514880025187636,,,,,,,-0.565645756114566,,,,,,38.6048,103,875.193203883495,655.32427184466,876.456310679612,863.75145631068,886.634951456311,662.790291262136,647.858252427184,919.563106796116,833.349514563107,0
149.4016,-0.364292168630093,-0.415988788654962,,0.467437594148275,-0.887874854782417,,,,0.572947974628973,,1.38012768916303,,-0.971303826825837,,,,,,,,,,,,,-1.10473293365387,,,0.0124544441662866,-1.31115815820123,,,,,1.64587205198051,,-0.4389090118578,,-0.149050846605831,,,,,,,-0.584907419302759,,,,,,38.7072,102,1203.97941176471,625.358823529412,854.132352941176,1196.68333333333,1211.27549019608,626.745098039216,623.972549019608,914.098039215686,794.166666666667,0
149.504,-0.306081666440986,-0.470746279673477,,0.511498217454803,-0.969283453628541,,,,0.574953657065134,,1.38131398117365,,-0.992561182469895,,,,,,,,,,,,,-1.10195101804579,,,0.0494127704514803,-1.26105814040326,,,,,1.695398496156,,-0.431821220952021,,-0.247564801682206,,,,,,,-0.604752360116012,,,,,,38.8096,103,1051.23058252427,638.290776699029,855.383495145631,1034.26019417476,1068.20097087379,641.692233009709,634.889320388349,918.330097087379,792.436893203884,0
149.6064,-0.246722423150971,-0.525129912850854,,0.554039442756419,-1.05109668725536,,,,0.576578586053291,,1.380772275193,,-1.01285329023578,,,,,,,,,,,,,-1.09939071993336,,,0.0863975303278417,-1.21044423330947,,,,,1.74403404699759,,-0.425655807106533,,-0.346757764570376,,,,,,,-0.625159016804727,,,,,,38.912,102,392.63137254902,711.525490196078,875.593137254902,381.006862745098,404.255882352941,710.261764705882,712.789215686275,910.705882352941,840.480392156863,0
149.7088,-0.186394368020475,-0.578968687605129,,0.594981957595236,-1.13305233349281,,,,0.577774944818002,,1.37851545450229,,-1.03201463174098,,,,,,,,,,,,,-1.0970271010516,,,0.123313565762251,-1.1594166191387,,,,,1.79164808877819,,-0.420450733766846,,-0.446354846821608,,,,,,,-0.646103069702595,,,,,,39.0144,102,425.867156862745,718.512254901961,879.740196078431,419.136274509804,432.598039215686,722.332352941177,714.692156862745,899.862745098039,859.617647058824,0
149.8112,-0.125281712871851,-0.632093561696911,,0.634250118739749,-1.2148864615656,,,,0.578493474470875,,1.37455754280716,,-1.0498815315368,,,,,,,,,,,,,-1.09483333727009,,,0.160066919042251,-1.10807337645754,,,,,1.83811185074348,,-0.416240643376985,,-0.54608030675966,,,,,,,-0.667557713341022,,,,,,39.1168,103,449.262621359223,725.83786407767,895.606796116505,442.527184466019,455.998058252427,725.181553398058,726.494174757282,914.04854368932,877.165048543689,0
149.9136,-0.063571755967783,-0.684338426960886,,0.671772310987845,-1.29633498054815,,,,0.578683767565905,,1.36891381447128,,-1.06629352661778,,,,,,,,,,,,,-1.09278066777828,,,0.196565504928289,-1.05650981414128,,,,,1.8832989865012,,-0.413056731261015,,-0.645659345434316,,,,,,,-0.689493908878625,,,,,,39.2192,102,471.236274509804,727.451960784314,891.117647058824,471.003921568627,471.46862745098,723.087254901961,731.816666666667,909.480392156863,872.754901960784,0
150.016,-0.00145376414141047,-0.735540984983547,,0.707481253249332,-1.37713506704587,,,,0.578294559261428,,1.36160089267517,,-1.08109460495619,,,,,,,,,,,,,-1.09083837576871,,,0.232719718361378,-1.00481788184386,,,,,1.92708608893274,,-0.410926640349917,,-0.744819737652566,,,,,,,-0.711880613814559,,,,,,39.3216,103,492.268446601942,731.207281553398,881.378640776699,495.764077669903,488.772815533981,724.928155339806,737.48640776699,900.543689320388,862.21359223301,0
150.1184,0.0608820664580105,-0.785543525816555,,0.741314267139462,-1.45702647804594,,,,0.577274019841793,,1.35263684089188,,-1.09413431508087,,,,,,,,,,,,,-1.08897379811209,,,0.268442978140037,-0.953085655977712,,,,,1.96935315189451,,-0.409874368913781,,-0.843293305299603,,,,,,,-0.734684986466759,,,,,,39.424,102,508.16568627451,733.179901960784,881.5,511.787254901961,504.544117647059,727.245098039216,739.114705882353,902.539215686275,860.460784313726,0
150.2208,0.123245572628274,-0.834193615291315,,0.773213515330779,-1.53575275761206,,,,0.575570043633751,,1.34204125020458,,-1.10526876336026,,,,,,,,,,,,,-1.08715236492455,,,0.303652209878637,-0.90139689884521,,,,,2.00998398651611,,-0.409920189561927,,-0.940817246103996,,,,,,,-0.757872567884179,,,,,,39.5264,102,138.550980392157,641.074019607843,877.862745098039,133.800980392157,143.300980392157,632.742156862745,649.405882352941,890.607843137255,865.117647058824,0
150.3232,0.185447511716808,-0.88134469501369,,0.803126204017509,-1.6130623445835,,,,0.573130531090824,,1.32983531849389,,-1.11436151987812,,,,,,,,,,,,,-1.08533767195213,,,0.338268272448435,-0.849830688018213,,,,,2.04886660178801,,-0.411080585838206,,-1.03713533041417,,,,,,,-0.781407448645978,,,,,,39.6288,103,151.169902912621,641.006796116505,868.606796116505,149.138834951456,153.200970873786,628.764077669903,653.249514563107,877.621359223301,859.592233009709,0
150.4256,0.247300380602218,-0.926856598492302,,0.831004741525261,-1.68870958866279,,,,0.569903665111062,,1.31604191329999,,-1.1212844517204,,,,,,,,,,,,,-1.08349158553234,,,0.372216332257526,-0.79846111198152,,,,,2.08589355769037,,-0.413368215818305,,-1.13199897981297,,,,,,,-0.805252429630358,,,,,,39.7312,102,195.459803921569,643.330882352941,865.583333333333,191.447058823529,199.472549019608,632.977450980392,653.68431372549,878.225490196079,852.941176470588,0
150.528,0.308619174221497,-0.970595989311474,,0.856806848581598,-1.76245568257861,,,,0.56583818180432,,1.30068561208394,,-1.12591849297967,,,,,,,,,,,,,-1.08157437893256,,,0.405426187791977,-0.747357028878307,,,,,2.1209622960843,,-0.416791909687431,,-1.22516824107102,,,,,,,-0.829369183607734,,,,,,39.8336,103,251.952427184466,650.508737864078,865.665048543689,248.450485436893,255.454368932039,640.702912621359,660.314563106796,880.757281553398,850.572815533981,0
150.6304,0.369222088333688,-1.0124367275338,,0.880495615055664,-1.83406951487078,,,,0.560883635068718,,1.2837927195176,,-1.12815434927981,,,,,,,,,,,,,-1.07954490232058,,,0.437832544241435,-0.696581888306591,,,,,2.15397545351542,,-0.421356704401968,,-1.31641266449788,,,,,,,-0.85371841812168,,,,,,39.936,102,314.789215686275,657.728431372549,882.553921568628,306.306862745098,323.271568627451,647.111764705882,668.345098039216,905.264705882353,859.843137254902,0
150.7328,0.428931167451428,-1.05226016734789,,0.902039498194719,-1.90332844564839,,,,0.554990656134323,,1.26539126747798,,-1.12789313126371,,,,,,,,,,,,,-1.07736078917568,,,0.469375236789192,-0.646193619266049,,,,,2.18484115970283,,-0.427063915119167,,-1.40551209042545,,,,,,,-0.878260033362876,,,,,,40.0384,102,239.66568627451,673.39362745098,908.838235294118,227.543137254902,251.788235294118,668.759803921569,678.027450980392,929.166666666667,888.509803921569,0
150.8352,0.487572901851263,-1.08995538955878,,0.921412265373037,-1.97001901205905,,,,0.548111208686046,,1.24551100853898,,-1.12504691613376,,,,,,,,,,,,,-1.07497869818382,,,0.499999401115398,-0.596244587374409,,,,,2.21347332251927,,-0.433911240327851,,-1.49225734589859,,,,,,,-0.902953267149807,,,,,,40.1408,103,78.7446601941748,698.494660194175,918.684466019418,70.3533980582524,87.1359223300971,692.626213592233,704.363106796117,928.339805825243,909.029126213592,0
150.9376,0.544978782511963,-1.12541937711615,,0.938592893938573,-2.03393757513217,,,,0.54019883871535,,1.2241834141796,,-1.1195392386869,,,,,,,,,,,,,-1.07235458758668,,,0.529655590716713,-0.546781619995816,,,,,2.23979189669392,,-0.441892896534496,,-1.57645085525631,,,,,,,-0.927756823020232,,,,,,40.2432,102,108.924019607843,690.764215686275,927.803921568627,103.630392156863,114.217647058824,685.132352941177,696.396078431373,933.882352941177,921.725490196078,0
151.04,0.600985822412118,-1.1585571438518,,0.953565442827875,-2.09489091811818,,,,0.531208919325235,,1.20144168154525,,-1.11130551409847,,,,,,,,,,,,,-1.06944402011504,,,0.558299843130169,-0.497846092071572,,,,,2.2637231327476,,-0.450999778184338,,-1.6579071718887,,,,,,,-0.952628982091807,,,,,,40.3456,103,85.2742718446602,324.333009708738,922.752427184466,63.4155339805825,107.133009708738,335.306796116505,313.359223300971,920.766990291262,924.73786407767,0
151.1424,0.655437049768783,-1.18928182568066,,0.966318906228073,-2.15269680231901,,,,0.521098891417047,,1.17732074363597,,-1.10029340072059,,,,,,,,,,,,,-1.06620249709996,,,0.585893701086407,-0.44947406277839,,,,,2.28519980374065,,-0.461219637015394,,-1.7364534436767,,,,,,,-0.977527701885886,,,,,,40.448,102,104.567647058824,308.23137254902,940.362745098039,85.8549019607843,123.280392156863,317.173529411765,299.289215686275,945.401960784314,935.323529411765,0
151.2448,0.708181978123833,-1.21751474465662,,0.976847057264395,-2.20718448409789,,,,0.509828499601629,,1.15185727538511,,-1.08646311258677,,,,,,,,,,,,,-1.06258581845463,,,0.612404198118957,-0.401696454063082,,,,,2.30416140832486,,-0.472537272783765,,-1.81192982534469,,,,,,,-1.00241070690203,,,,,,40.5504,102,118.130392156863,321.137254901961,962.441176470588,100.350980392157,135.909803921569,336.794117647059,305.480392156863,963.392156862745,961.490196078431,0
151.3472,0.759077056564024,-1.24318545886751,,0.985148292391973,-2.25819519355673,,,,0.497360020989563,,1.12508968932938,,-1.06978767873973,,,,,,,,,,,,,-1.0585504624627,,,0.637803817464161,-0.354539264593483,,,,,2.32055435037019,,-0.484934725958297,,-1.88418984120546,,,,,,,-1.0272355763997,,,,,,40.6528,103,125.659708737864,330.460679611651,985.097087378641,109.126213592233,142.193203883495,340.209708737864,320.711650485437,986.553398058252,983.640776699029,0
151.4496,0.80798609755475,-1.26623180927651,,0.991225487769377,-2.30558256984537,,,,0.483658486479153,,1.09705811343762,,-1.05025313169729,,,,,,,,,,,,,-1.05405397582832,,,0.662070428812908,-0.308023815285945,,,,,2.33433209901796,,-0.498391462558733,,-1.95310068875762,,,,,,,-1.05195983277808,,,,,,40.7552,102,226.826470588235,275.527941176471,990.539215686274,208.177450980392,245.475490196078,279.612745098039,271.443137254902,996.627450980392,984.450980392157,0
151.552,0.854780675051248,-1.2865999674098,,0.995085874304617,-2.34921304500564,,,,0.468691900596682,,1.06780434525153,,-1.02785860251981,,,,,,,,,,,,,-1.04905535862004,,,0.685187204238746,-0.262167023546861,,,,,2.34545533543467,,-0.512884542019309,,-2.01854346931384,,,,,,,-1.07654103119744,,,,,,40.8576,103,576.08932038835,100.066504854369,964.053398058252,564.26213592233,587.916504854369,104.488349514563,95.6446601941748,988.417475728155,939.68932038835,0
151.6544,0.899340487443293,-1.30424448164735,,0.996740934771902,-2.3889661717335,,,,0.452431468374572,,1.03737178484335,,-1.00261630492984,,,,,,,,,,,,,-1.04351542299803,,,0.707142513488861,-0.216981702157024,,,,,2.35389208948855,,-0.528388761307521,,-2.08041333641935,,,,,,,-1.10093685075283,,,,,,40.96,102,1307.59215686275,188.075,919.691176470588,1289.54607843137,1325.63823529412,177.491176470588,198.658823529412,967.921568627451,871.460784313726,0
151.7568,0.941553685555019,-1.31912831929289,,0.996206326534379,-2.42473489826293,,,,0.434851829601308,,1.005805354474,,-0.974551406294366,,,,,,,,,,,,,-1.03739710621647,,,0.727929798679655,-0.17247687731678,,,,,2.3596178632467,,-0.54487677270889,,-2.13861956048834,,,,,,,-1.12510518788258,,,,,,41.0624,102,1499.40392156863,214.463235294118,877.764705882353,1501.18333333333,1497.62450980392,191.160784313726,237.76568627451,952.911764705882,802.617647058824,0
151.8592,0.981317170430009,-1.33122290447582,,0.993501832879631,-2.45642580014536,,,,0.415931291082354,,0.973151409797422,,-0.9437018053829,,,,,,,,,,,,,-1.03066572908074,,,0.747547429840182,-0.128658119884971,,,,,2.36261573558964,,-0.562319178346539,,-2.19308551683472,,,,,,,-1.14900425332642,,,,,,41.1648,103,1502.7713592233,291.320873786408,878.223300970874,1500.57961165049,1504.96310679612,277.703883495146,304.93786407767,962.757281553398,793.68932038835,0
151.9616,1.01853686746062,-1.34050815406986,,0.988651345051072,-2.48395927951763,,,,0.39565204653702,,0.939457644208973,,-0.910117849099285,,,,,,,,,,,,,-1.02328920290066,,,0.765998545040245,-0.085527883977714,,,,,2.36287644394005,,-0.580684607887613,,-2.24374861041957,,,,,,,-1.17259267672328,,,,,,41.2672,102,1448.70784313725,465.522058823529,857.259803921569,1437.44019607843,1459.97549019608,474.906862745098,456.137254901961,934.588235294118,779.93137254902,0
152.064,1.05312798127367,-1.34697251284022,,0.981682877353452,-2.50726973712301,,,,0.374000378313061,,0.904772987656264,,-0.873862012045068,,,,,,,,,,,,,-1.01523819354246,,,0.78329087958831,-0.0430858482379577,,,,,2.36039844049141,,-0.599939783990754,,-2.29056015028286,,,,,,,-1.19582962425417,,,,,,41.3696,103,1357.45582524272,462.920873786408,802.218446601942,1337.51165048544,1377.4,473.252427184466,452.58932038835,869.611650485437,734.825242718447,0
152.1664,1.08501523165994,-1.35061298624849,,0.972628617014073,-2.52630571674933,,,,0.350966837995445,,0.869147498192316,,-0.835008543588036,,,,,,,,,,,,,-1.00648625041307,,,0.79943658713837,-0.00132925692330194,,,,,2.35518792112763,,-0.620049577464554,,-2.3334851822259,,,,,,,-1.21867493209489,,,,,,41.472,102,590.294607843137,419.379411764706,768.838235294118,578.321568627451,602.267647058824,421.167647058824,417.591176470588,805.627450980392,732.049019607843,0
152.2688,1.11413307116779,-1.35143516903286,,0.961525008274229,-2.54103002285304,,,,0.326546401603146,,0.832632239633722,,-0.793643074816357,,,,,,,,,,,,,-0.9970099040269,,,0.814452053212356,0.0397467408146247,,,,,2.34725882697861,,-0.640977055843125,,-2.3725022850009,,,,,,,-1.24108925644037,,,,,,41.5744,102,639.385784313726,415.430392156863,710.289215686275,640.005882352941,638.76568627451,426.942156862745,403.91862745098,730,690.578431372549,0
152.3712,1.14042588909035,-1.34945326935617,,0.948412866440865,-2.55141981735622,,,,0.300738592504497,,0.79527914049485,,-0.749862180739056,,,,,,,,,,,,,-0.986788730305054,,,0.82835770053364,0.0801487543890668,,,,,2.33663281998866,,-0.662683532470834,,-2.40760333529397,,,,,,,-1.26303424120326,,,,,,41.6768,103,773.569417475728,427.860679611651,676.805825242719,766.208737864078,780.930097087379,436.029126213592,419.692233009709,693.660194174757,659.95145631068,0
152.4736,1.16384820417264,-1.34469012563925,,0.933337508262668,-2.55746670055161,,,,0.273547569040473,,0.757140841180172,,-0.703772903912849,,,,,,,,,,,,,-0.975805378108242,,,0.841177784785412,0.119884817517383,,,,,2.32333923583189,,-0.685128623638776,,-2.43879324726921,,,,,,,-1.28447270335774,,,,,,41.7792,102,1507.70735294118,485.262745098039,647.151960784314,1502.65392156863,1512.76078431373,491.176470588235,479.349019607843,684.774509803922,609.529411764706,0
152.576,1.18436483717843,-1.33717720583603,,0.916348873813889,-2.55917676995573,,,,0.244982184146084,,0.718270549808115,,-0.655492247948457,,,,,,,,,,,,,-0.96404556289831,,,0.85294017723914,0.158964054108942,,,,,2.30741502091724,,-0.708270317156906,,-2.46608968793695,,,,,,,-1.30536883089445,,,,,,41.8816,103,1546.58009708738,491.299029126214,650.572815533981,1550.25922330097,1542.90097087379,493.536893203884,489.061165048544,702.805825242719,598.339805825243,0
152.6784,1.20195104564372,-1.32695457318536,,0.89750161645379,-2.55657063693506,,,,0.215056028893238,,0.678721930610132,,-0.605146637856786,,,,,,,,,,,,,-0.951498036771259,,,0.86367612900549,0.197396343230919,,,,,2.28890465955713,,-0.732065048363122,,-2.48952275872575,,,,,,,-1.32568838180028,,,,,,41.984,102,1540.67696078431,484.411274509804,645.544117647059,1542.69019607843,1538.6637254902,488.010784313726,480.811764705882,699.921568627451,591.166666666667,0
152.7808,1.21659260498776,-1.31407080223523,,0.876855151904084,-2.54968337551945,,,,0.183787466037623,,0.638549040359595,,-0.552871336881622,,,,,,,,,,,,,-0.938154544137881,,,0.873420013456481,0.235191987156772,,,,,2.26786008896187,,-0.756467775172851,,-2.5091346251804,,,,,,,-1.34539887079988,,,,,,42.0864,102,1485.0362745098,457.290196078431,626.970588235294,1489.10490196078,1480.96764705882,469.891176470588,444.689215686275,680.156862745098,573.78431372549,0
152.8832,1.22828583084703,-1.29858283624104,,0.854473669537343,-2.53856438830955,,,,0.151199652968981,,0.597806314133078,,-0.498809822657117,,,,,,,,,,,,,-0.924009765986706,,,0.882209048082894,0.272361391536957,,,,,2.24434058973073,,-0.781432046820803,,-2.52497908485798,,,,,,,-1.36446973695265,,,,,,42.1888,103,1564.92961165049,461.675242718447,604.966019417476,1568.16990291262,1561.68932038835,476.665048543689,446.685436893204,657.95145631068,551.980582524272,0
152.9856,1.23703754722725,-1.28055578808229,,0.830426110863436,-2.52327719083167,,,,0.117320552173074,,0.556548591026689,,-0.443113142215847,,,,,,,,,,,,,-0.909061252892677,,,0.890083000892129,0.308914767249606,,,,,2.21841263646782,,-0.806910067468304,,-2.53712108351252,,,,,,,-1.3828724935723,,,,,,42.2912,102,1110.34558823529,441.078431372549,615.857843137255,1084.4068627451,1136.28431372549,442.63431372549,439.522549019608,663.549019607843,568.166666666667,0
153.088,1.24286500278047,-1.26006269016362,,0.804786113833958,-2.50389911967511,,,,0.0821829284936599,,0.514831168467405,,-0.385939260149725,,,,,,,,,,,,,-0.893309351355052,,,0.8970838856837,0.344861859443434,,,,,2.19014970041609,,-0.832852760526125,,-2.54563619545866,,,,,,,-1.4005808646041,,,,,,42.3936,103,470.897572815534,426.392718446602,631.271844660194,468.503883495146,473.291262135922,425.674757281553,427.110679611651,646.271844660194,616.271844660194,0
153.1904,1.24579572915331,-1.23718419540211,,0.777631913249191,-2.48052096502974,,,,0.0458243331014918,,0.47270987511085,,-0.327452397605129,,,,,,,,,,,,,-0.876757135540773,,,0.903255646146484,0.380211703215781,,,,,2.1596320094819,,-0.859209839865268,,-2.55061006996619,,,,,,,-1.41757090899933,,,,,,42.496,102,564.060784313726,426.20931372549,637.985294117647,574.995098039216,553.126470588235,427.775490196078,424.643137254902,644.294117647059,631.676470588235,0
153.2928,1.24586733696005,-1.21200823272989,,0.749046186396208,-2.45324653091693,,,,0.00828707370208275,,0.430241151412348,,-0.26782235643898,,,,,,,,,,,,,-0.859410358258177,,,0.908643826591281,0.414972401342178,,,,,2.12694627947093,,-0.885929889907139,,-2.55213783621655,,,,,,,-1.43382113251156,,,,,,42.5984,102,646.813235294118,434.298039215686,643.102941176471,657.577450980392,636.049019607843,430.872549019608,437.723529411765,654.098039215686,632.107843137255,0
153.3952,1.24312725398055,-1.18462962272172,,0.71911583935971,-2.42219213240493,,,,-0.0303818308050254,,0.387482126904561,,-0.207223828597981,,,,,,,,,,,,,-0.841277426588083,,,0.913295230707209,0.449150921679963,,,,,2.09218542608028,,-0.912960453537714,,-2.55032346535558,,,,,,,-1.44931258679325,,,,,,42.7008,103,369.192718446602,680.227184466019,666.941747572816,369.121359223301,369.264077669903,679.485436893204,680.968932038835,675.029126213592,658.854368932039,0
153.4976,1.23763241481107,-1.15514965584977,,0.687931738166056,-2.38748603925375,,,,-0.0701307158306275,,0.344490684207792,,-0.145835689507588,,,,,,,,,,,,,-0.822369396701761,,,0.917257576291488,0.482752919070443,,,,,2.05544825664643,,-0.940248129370525,,-2.54527909587657,,,,,,,-1.4640289564941,,,,,,42.8032,102,284.339705882353,815.981862745098,677.31862745098,285.516666666667,283.162745098039,816.6,815.363725490196,678.803921568628,675.833333333333,0
153.6,1.22944891145785,-1.12367563559345,,0.65558839722512,-2.34926787363134,,,,-0.110903365003929,,0.301325499538245,,-0.0838402678067302,,,,,,,,,,,,,-0.80269997891311,,,0.920579156897492,0.515782591204795,,,,,2.0168391358746,,-0.967738683252935,,-2.53712433020752,,,,,,,-1.47795663408317,,,,,,42.9056,103,287.690776699029,796.930582524272,675.791262135922,287.676699029126,287.704854368932,795.597087378641,798.264077669903,676.776699029126,674.805825242719,0
153.7024,1.21865161332326,-1.09032039219846,,0.622183637281034,-2.30768796683798,,,,-0.152639142394578,,0.258046051747216,,-0.0214225846980986,,,,,,,,,,,,,-0.782285545068713,,,0.923308516744624,0.548242575127143,,,,,1.97646762344354,,-0.99537717753445,,-2.52598551147189,,,,,,,-1.49108477967159,,,,,,43.008,102,260.601960784314,442.280392156863,660.480392156863,253.045098039216,268.158823529412,435.602941176471,448.957843137255,668.029411764706,652.93137254902,0
153.8048,1.20532376202213,-1.05520177117656,,0.587818213134678,-2.26290667444196,,,,-0.195273170895208,,0.21471259736817,,0.0412304319677899,,,,,,,,,,,,,-0.761145129140139,,,0.925494139386111,0.580133885452421,,,,,1.93444808577931,,-1.02310811679826,,-2.51199499444235,,,,,,,-1.50340536234178,,,,,,43.1104,102,335.9,439.948529411765,654.651960784314,336.614705882353,335.185294117647,443.323529411765,436.573529411765,664.392156862745,644.911764705882,0
153.9072,1.18955654131093,-1.01844209540347,,0.552595401036221,-2.21509364526609,,,,-0.238736557419436,,0.171386112412868,,0.10393074795279,,,,,,,,,,,,,-0.739300413300984,,,0.927184151347693,0.611455892505996,,,,,1.89089928374988,,-1.05087560497659,,-2.49529042711095,,,,,,,-1.51491318227491,,,,,,43.2128,103,398.093974091409,451.038087032399,652.806212283718,398.346436098539,397.84151208428,457.090018311854,444.986155752944,668.645475589953,636.966948977484,0
154.0096,1.17144861833707,-0.980167600115842,,0.51662053658398,-2.16442704201578,,,,-0.282956655212429,,0.128128200590889,,0.166490038073502,,,,,,,,,,,,,-0.716775700606475,,,0.928426044372351,0.642206337868521,,,,,1.84594393730551,,-1.07862351097785,,-2.47601405118326,,,,,,,-1.52560587895448,,,,,,43.3152,102,400.345590217309,473.585118119179,633.753312637238,408.042882562278,392.64829787234,470.946619217082,476.223617021277,656.868327402135,610.638297872341,0.53921568627451
154.112,1.15110565350489,-0.940507844080143,,0.480000500733522,-2.11109271790652,,,,-0.327857351069001,,0.0850009650266119,,0.228720527791012,,,,,,,,,,,,,-0.693597881143486,,,0.92926641681405,0.672381386510579,,,,,1.79970826893292,,-1.10629564831394,,-2.45431201795287,,,,,,,-1.53548393693188,,,,,,43.4176,103,389.600549392386,497.244571795922,612.092383341873,410.340925266904,368.860173517868,483.056939501779,511.432204090064,643.007117437723,581.177649246024,0.242718446601942
154.2144,1.1286397774351,-0.899595097052741,,0.442843157819592,-2.05528335421899,,,,-0.37335937645062,,0.0420668419814944,,0.290435871088483,,,,,,,,,,,,,-0.669796393087028,,,0.929750729951802,0.701975718015507,,,,,1.75232152214565,,-1.13383597884222,,-2.43033370924424,,,,,,,-1.5445506986044,,,,,,43.52,102,416.041312539251,424.598079338497,657.148105505547,426.060076058893,406.022549019608,432.3755704417,416.820588235294,670.355034540507,643.941176470588,0
154.3168,1.10416902732843,-0.857563694480947,,0.405256754169279,-1.99719755401738,,,,-0.419380653202866,,-0.000611599218619618,,0.351452081000407,,,,,,,,,,,,,-0.645403174630214,,,0.929923074532589,0.730982658040476,,,,,1.70391544172014,,-1.16118884482819,,-2.40423104799595,,,,,,,-1.55281238207061,,,,,,43.6224,102,458.798039215686,391.758333333333,700.941176470588,473.400980392157,444.195098039216,375.999019607843,407.517647058824,719.990196078431,681.892156862745,0
154.4192,1.07781672847567,-0.814549347548265,,0.36734928773207,-1.93703887974971,,,,-0.465836683531011,,-0.0429718833542381,,0.411588538699216,,,,,,,,,,,,,-0.620452607247999,,,0.929825945374504,0.759394345511764,,,,,1.65462370171632,,-1.18829922472246,,-2.3761577803398,,,,,,,-1.5602780941292,,,,,,43.7248,103,500.696116504854,401.576699029126,732.621359223301,513.634951456311,487.757281553398,395.157281553398,407.996116504854,747.21359223301,718.029126213592,0
154.5216,1.04971081467576,-0.770688407434815,,0.329227859120662,-1.87501483186041,,,,-0.512640985086414,,-0.0849518766351704,,0.470669089605316,,,,,,,,,,,,,-0.5949814564401,,,0.9295000249491,0.787201928693084,,,,,1.60458127687612,,-1.21511300394674,,-2.34626872366769,,,,,,,-1.56695982865414,,,,,,43.8272,102,257.334803921569,196.385294117647,761.063725490196,252.274509803922,262.395098039216,183.771568627451,208.999019607843,775.460784313726,746.666666666667,0
154.624,1.01998310529846,-0.726117104474985,,0.290998017121437,-1.81133579106723,,,,-0.559705565479706,,-0.126490041721891,,0.528523187857751,,,,,,,,,,,,,-0.569028813597434,,,0.92898398035255,0.814395783522944,,,,,1.55392376715059,,-1.2415772513359,,-2.31471900221863,,,,,,,-1.57287244232323,,,,,,43.9296,103,243.683980582524,170.345631067961,755.825242718447,242.376699029126,244.991262135922,162.91359223301,177.777669902913,761.611650485437,750.038834951456,0
154.7264,0.988768575913105,-0.680970800253442,,0.252763117174992,-1.74621396642181,,,,-0.606941426712764,,-0.167525682451419,,0.584987016954709,,,,,,,,,,,,,-0.542636035678716,,,0.92831428006669,0.840965744957093,,,,,1.50278669937151,,-1.26764049398685,,-2.28166330711323,,,,,,,-1.57803360308187,,,,,,44.032,102,248.593137254902,155.438235294118,754.004901960784,248.780392156863,248.405882352941,142.941176470588,167.935294117647,762.745098039216,745.264705882353,0
154.8288,0.956204654927484,-0.635383285445615,,0.214623713981782,-1.6798623828762,,,,-0.654259085775778,,-0.207999164636543,,0.639904526511793,,,,,,,,,,,,,-0.515846671928353,,,0.927525036454113,0.866901339177427,,,,,1.45130483629115,,-1.29325298697235,,-2.24725520702525,,,,,,,-1.58246371263757,,,,,,44.1344,102,220.126960784314,129.903921568627,755.200980392157,217.886274509804,222.367647058824,112.646078431373,147.161764705882,762.598039215686,747.803921568627,0
154.9312,0.922430559901159,-0.589486134555878,,0.176677007797972,-1.61249391718572,,,,-0.701569095118667,,-0.247852110237776,,0.693128359869849,,,,,,,,,,,,,-0.488706359606772,,,0.926647878975055,0.892192006833048,,,,,1.39961151599913,,-1.31836697391442,,-2.2116465164306,,,,,,,-1.5861858055692,,,,,,44.2368,103,266.441747572816,140.334951456311,760.101941747573,264.344660194175,268.538834951456,137.044660194175,143.625242718447,772.563106796117,747.640776699029,0
155.0336,0.887586673732601,-0.543408113069421,,0.139016360638134,-1.5443203760659,,,,-0.748782550648937,,-0.287027569062001,,0.744520671938269,,,,,,,,,,,,,-0.461262669913747,,,0.925711862552282,0.916827313167313,,,,,1.34783803112874,,-1.34293693028653,,-2.17498671748298,,,,,,,-1.58922542279037,,,,,,44.3392,102,303.271078431373,152.548529411765,756.303921568627,299.298039215686,307.244117647059,153.294117647059,151.802941176471,771.058823529412,741.549019607843,0
155.136,0.851813955333607,-0.497274629875379,,0.101730892484268,-1.47555160797012,,,,-0.795811583031099,,-0.325470169986789,,0.793953847625333,,,,,,,,,,,,,-0.433564894921587,,,0.924743414399253,0.94079714420585,,,,,1.29611304954704,,-1.36691978261065,,-2.1374224267801,,,,,,,-1.59161045495773,,,,,,44.4416,103,202.639805825243,126.889805825243,740.893203883495,194.403883495146,210.87572815534,129.064077669903,124.715533980583,747.932038834951,733.854368932039,0
155.2384,0.815253376077012,-0.451207230583487,,0.0649051572874948,-1.40639463815056,,,,-0.842569832365931,,-0.363126246464322,,0.84131113210059,,,,,,,,,,,,,-0.405663778566029,,,0.923766320108776,0.964091887591785,,,,,1.24456207845187,,-1.39027510477031,,-2.09909689726669,,,,,,,-1.59337095583537,,,,,,44.544,102,231.732843137255,128.06862745098,725.700980392157,224.582352941176,238.883333333333,129.003921568627,127.133333333333,726.637254901961,724.764705882353,0
155.3408,0.778045373508102,-0.405323129139483,,0.028618887663694,-1.33705281566755,,,,-0.888972906670502,,-0.399943926457799,,0.886487176055652,,,,,,,,,,,,,-0.377611199497776,,,0.922801746508266,0.986702595796307,,,,,1.19330697460829,,-1.41296529690463,,-2.06014955094638,,,,,,,-1.59453893002134,,,,,,44.6464,102,262.394607843137,121.762745098039,719.117647058824,256.458823529412,268.330392156863,118.021568627451,125.503921568627,719.441176470588,718.794117647059,0
155.4432,0.74032932218042,-0.359734774897649,,-0.00705320840307514,-1.26772496878489,,,,-0.934938824803377,,-0.435873177690193,,0.929388486847894,,,,,,,,,,,,,-0.349459809669592,,,0.921868295678148,1.00862113051956,,,,,1.14246550221606,,-1.4349557468159,,-2.02071554640425,,,,,,,-1.59514810018509,,,,,,44.7488,103,284.746601941748,122.617475728155,731.470873786408,283.249514563107,286.243689320388,112.910679611651,132.32427184466,735.980582524272,726.961165048544,0
155.5456,0.702243035213513,-0.314549453959163,,-0.0420416127336431,-1.19860458232867,,,,-0.980388440336843,,-0.470865803675777,,0.969933766258446,,,,,,,,,,,,,-0.321262628907092,,,0.920982081548259,1.0298402885243,,,,,1.09215093894964,,-1.45621496551223,,-1.98092538891643,,,,,,,-1.59523365982142,,,,,,44.8512,102,215.937745098039,113.038725490196,753.382352941177,213.103921568627,218.771568627451,104.822549019608,121.254901960784,755.813725490196,750.950980392157,0
155.648,0.663922315678578,-0.269868928355351,,-0.0762821290835081,-1.129879024009,,,,-1.02524583261601,,-0.50487539504919,,1.00805411665072,,,,,,,,,,,,,-0.293072603722967,,,0.920156818987045,1.05035390964224,,,,,1.04247172969264,,-1.47671468621085,,-1.94090458838174,,,,,,,-1.59483201873869,,,,,,44.9536,103,218.88640776699,121.816019417476,769.111650485437,216.18640776699,221.58640776699,113.58640776699,130.045631067961,767.04854368932,771.174757281553,0
155.7504,0.625500566809837,-0.22578911994781,,-0.109715978945662,-1.06172884494101,,,,-1.06943864586394,,-0.537857251926738,,1.04369311337831,,,,,,,,,,,,,-0.264942154567583,,,0.919403917482941,1.07015696813935,,,,,0.993531185745824,,-1.49642992057945,,-1.90077336618173,,,,,,,-1.59398054606455,,,,,,45.056,102,223.787254901961,145.699019607843,779.926470588235,217.945098039216,229.629411764706,140.73137254902,150.666666666667,778.117647058824,781.735294117647,0
155.8528,0.587108454691856,-0.182399845504166,,-0.142289854435505,-0.994327166620878,,,,-1.11289836651101,,-0.569768299329174,,1.0768067622482,,,,,,,,,,,,,-0.236922739955682,,,0.918732576357431,1.08924564974683,,,,,0.945427226075566,,-1.51533897309656,,-1.86064641027822,,,,,,,-1.59271731033681,,,,,,45.1584,102,236.417647058824,133.35,789.671568627451,229.673529411765,243.161764705882,132.591176470588,134.108823529412,793.058823529412,786.28431372549,0
155.9552,0.548873607252343,-0.139784605259116,,-0.173955922750505,-0.927839151013953,,,,-1.15556054386095,,-0.600567014583337,,1.10736337371038,,,,,,,,,,,,,-0.209064452769925,,,0.918149882757036,1.10761741672534,,,,,0.898252156957792,,-1.53342341961238,,-1.82063267619325,,,,,,,-1.59108081400203,,,,,,45.2608,103,419.271359223301,148.704854368932,814.466019417476,415.388349514563,423.154368932039,144.188349514563,153.221359223301,827.077669902913,801.854368932039,0
156.0576,0.510920331783946,-0.0980204197568982,,-0.204671780516498,-0.862421539622004,,,,-1.19736496203652,,-0.630213375229942,,1.13534338448793,,,,,,,,,,,,,-0.181415653394366,,,0.917660915323938,1.12527106085388,,,,,0.852092486860878,,-1.55066805630347,,-1.7808352290598,,,,,,,-1.58910972275302,,,,,,45.3632,102,423.603921568628,162.081862745098,836.877450980392,423.929411764706,423.278431372549,151.843137254902,172.320588235294,853.568627450981,820.186274509804,0
156.16,0.473369343810112,-0.0571777076793231,,-0.234400362937288,-0.798222252580224,,,,-1.23825576504879,,-0.658668826546347,,1.16073914343736,,,,,,,,,,,,,-0.154022647948493,,,0.917268854175513,1.14220674187886,,,,,0.807028773657398,,-1.56706082287909,,-1.74135112464355,,,,,,,-1.58684259349646,,,,,,45.4656,103,421.854854368932,168.272330097087,856.043689320388,420.494174757282,423.215533980583,165.68932038835,170.855339805825,874.504854368932,837.582524271845,0
156.2624,0.436337518992619,-0.0173202082928829,,-0.263109819025333,-0.735380057854468,,,,-1.27818153778718,,-0.685896264747741,,1.18355465888614,,,,,,,,,,,,,-0.126929422717451,,,0.916975092992778,1.15842600987134,,,,,0.763135501169061,,-1.58259270467289,,-1.70227133480334,,,,,,,-1.58431760415172,,,,,,45.568,102,426.246099515075,170.531153146743,867.132959097618,425.793587919039,426.698611111111,165.921374920936,175.140931372549,884.917061986085,849.34885620915,0
156.3648,0.399937686473832,0.021495036786814,,-0.290773366110557,-0.6740243287736,,,,-1.31709535023059,,-0.711860032320064,,1.20380529056266,,,,,,,,,,,,,-0.10017743779691,,,0.91677934709517,1.17393181223167,,,,,0.720480986037957,,-1.59725762023338,,-1.66368072541566,,,,,,,-1.58157228814014,,,,,,45.6704,102,471.185738539898,185.826533319185,860.333404074703,470.257661290323,472.113815789474,189.780040322581,181.873026315789,879.923387096774,840.743421052632,0.46078431372549
156.4672,0.364278465853156,0.0592176335695138,,-0.317369133158425,-0.614274892837526,,,,-1.3549547705378,,-0.736525922902225,,1.22151736861379,,,,,,,,,,,,,-0.0738054740244761,,,0.916679754904578,1.18872848579481,,,,,0.679127324306502,,-1.6110522984396,,-1.6256580891606,,,,,,,-1.57864327867362,,,,,,45.7728,103,525.142985615464,202.198213402674,850.86098015945,522.258957093642,528.027014137285,217.411705292828,186.984721512519,872.575477607266,829.146482711633,0
156.5696,0.329464128751823,0.0958037276999119,,-0.342879993595434,-0.556241952462444,,,,-1.39172185046694,,-0.759861194911035,,1.2367277355204,,,,,,,,,,,,,-0.0478495214657106,,,0.916672975041146,1.20282173255382,,,,,0.639130388398539,,-1.62397614517191,,-1.58827622534776,,,,,,,-1.57556606788982,,,,,,45.8752,102,551.402450980392,194.895098039216,875.745098039216,554.417647058824,548.387254901961,199.869607843137,189.920588235294,905.352941176471,846.137254901961,0
156.672,0.295594461804485,0.131215863359969,,-0.367293382336868,-0.500026048568901,,,,-1.42736308720011,,-0.781834597599818,,1.24948322340422,,,,,,,,,,,,,-0.0223426944502737,,,0.916754283747357,1.21621857831049,,,,,0.600539874255292,,-1.63603109999704,,-1.55160204947193,,,,,,,-1.57237478235176,,,,,,45.9776,103,546.238834951456,195.477669902913,892.723300970874,550.344660194175,542.133009708738,192.153398058252,198.801941747573,927.097087378641,858.349514563107,0
156.7744,0.262764622459653,0.165422828006856,,-0.390601095976037,-0.445718048307109,,,,-1.46184936527784,,-0.802416420168653,,1.25984008717367,,,,,,,,,,,,,0.00268483415216098,,,0.916917677017045,1.22892731710523,,,,,0.563399388469286,,-1.64722148515099,,-1.51569671614589,,,,,,,-1.56910197300876,,,,,,46.08,102,659.436764705882,459.120588235294,941.573529411765,662.539215686275,656.33431372549,456.396078431373,461.845098039216,984.382352941176,898.764705882353,0
156.8768,0.231064994302398,0.198399483267775,,-0.412799078220449,-0.393399158307731,,,,-1.49515588105691,,-0.821578573917859,,1.26786341507291,,,,,,,,,,,,,0.0272058735302857,,,0.917155979004045,1.24095744598069,,,,,0.527746566932835,,-1.65755384819806,,-1.48061574831163,,,,,,,-1.56577841663157,,,,,,46.1824,102,734.726960784314,579.469117647059,940.524509803921,733.621568627451,735.832352941177,566.063725490196,592.874509803922,982.627450980392,898.421568627451,0
156.9792,0.200581048520851,0.230126576311196,,-0.433887187248165,-0.343140972096822,,,,-1.52726204884625,,-0.839294703386945,,1.2736265340075,,,,,,,,,,,,,0.0511962245543219,,,0.917460954772831,1.25231959297696,,,,,0.493613222788435,,-1.66703679661932,,-1.44640916970998,,,,,,,-1.56243292735973,,,,,,46.2848,103,1301.62572815534,511.591747572816,899.626213592233,1288.09902912621,1315.15242718447,509.382524271845,513.800970873786,952.485436893204,846.766990291262,0
157.0816,0.171393211689568,0.260590535270961,,-0.453868942566741,-0.295005553498834,,,,-1.55815138332336,,-0.855540308989816,,1.27721040874291,,,,,,,,,,,,,0.0746346633504454,,,0.91782342383293,1.26302543990654,,,,,0.461025523172893,,-1.67568081975921,,-1.41312164063508,,,,,,,-1.55909217915516,,,,,,46.3872,102,1359.20490196078,512.055392156863,885.406862745098,1355.18529411765,1363.22450980392,503.342156862745,520.76862745098,948.794117647059,822.019607843137,0
157.184,0.143576744642028,0.289783255531052,,-0.472751258037226,-0.249045556175287,,,,-1.58781135420714,,-0.870292863987164,,1.27870301350261,,,,,,,,,,,,,0.0975029060003657,,,0.918233371699809,1.2730876416552,,,,,0.430004192507096,,-1.68349809594355,,-1.38079260665351,,,,,,,-1.55578054269166,,,,,,46.4896,102,1364.79607843137,516.236764705882,879.705882352941,1361.51568627451,1368.07647058824,505.942156862745,526.53137254902,946.911764705882,812.5,0
157.2864,0.117201643787818,0.317701874814389,,-0.490544167614175,-0.205304384566013,,,,-1.61623321633225,,-0.883531917516255,,1.27819865856225,,,,,,,,,,,,,0.119785551634552,,,0.918680058589029,1.28251974217743,,,,,0.400564737821568,,-1.69050229087601,,-1.34945647239206,,,,,,,-1.55251994531662,,,,,,46.592,103,1371.01699029126,524.685436893204,884.606796116505,1369.11262135922,1372.9213592233,511.482524271845,537.888349514563,953.019417475728,816.194174757282,0
157.3888,0.0923325718882503,0.344348526816643,,-0.50726054353597,-0.163816402166823,,,,-1.64341182329852,,-0.895239186270533,,1.27579727598067,,,,,,,,,,,,,0.141469994610473,,,0.919152125297863,1.29133608570773,,,,,0.37271768730479,,-1.69670836005079,,-1.31914280313822,,,,,,,-1.54932976361358,,,,,,46.6944,102,1376.62254901961,525.627450980392,891.323529411765,1373.20294117647,1380.04215686275,523.897058823529,527.357843137255,957.107843137255,825.539215686275,0
157.4912,0.0690288224786335,0.369730061507978,,-0.522915809959767,-0.124607191616708,,,,-1.66934543228974,,-0.905398648977744,,1.27160367662555,,,,,,,,,,,,,0.162546302069832,,,0.919637695526832,1.2995517252634,,,,,0.346468828528465,,-1.70213236619699,,-1.28987655312922,,,,,,,-1.54622675053793,,,,,,46.7968,103,1213.84708737864,531.211650485437,909.126213592233,1210.38252427184,1217.31165048544,526.68932038835,535.733980582524,967.184466019417,851.067961165049,0
157.5936,0.047344323822967,0.393857724605335,,-0.537527665721743,-0.0876938691687272,,,,-1.69403550165667,,-0.913996664284174,,1.2657267844283,,,,,,,,,,,,,0.183007060776153,,,0.920124473113222,1.3071823347502,,,,,0.321819434405599,,-1.70679131532783,,-1.26167832189549,,,,,,,-1.54322499393046,,,,,,46.8992,102,912.286274509804,536.461764705882,922.941176470588,921.195098039216,903.377450980392,526.102941176471,546.820588235294,965.039215686275,880.843137254902,0
157.696,0.027327679961961,0.41674679725102,,-0.551115829594263,-0.0530854490070273,,,,-1.7174864779491,,-0.921022125472056,,1.25827885726965,,,,,,,,,,,,,0.202847196879536,,,0.920599833058017,1.31424412806477,,,,,0.29876647436802,,-1.71070300932219,,-1.2345646342481,,,,,,,-1.54033590545119,,,,,,47.0016,102,915.885294117647,543.141666666667,929.107843137255,929.980392156863,901.790196078431,530.566666666667,555.716666666667,967.186274509804,891.029411764706,0
157.7984,0.00902223634572013,0.438416200798526,,-0.563701803584563,-0.020783248597859,,,,-1.73970557540954,,-0.926466644359537,,1.24937471749233,,,,,,,,,,,,,0.222063769996965,,,0.921050905795042,1.32075378328742,,,,,0.277302818029232,,-1.71388590969126,,-1.20854822956999,,,,,,,-1.53756823827133,,,,,,47.104,103,916.056796116505,552.999514563107,938.54854368932,931.31359223301,900.8,540.243689320388,565.755339805825,974.73786407767,902.359223300971,0
157.9008,-0.00753383741341518,0.458888069517778,,-0.575308634153594,0.00921866878287568,,,,-1.76070256230752,,-0.930324742794794,,1.23913101667142,,,,,,,,,,,,,0.240655745871965,,,0.921464655334558,1.32672837133544,,,,,0.257417440020585,,-1.71635900481984,,-1.18363834689018,,,,,,,-1.53492812693364,,,,,,47.2064,102,917.85931372549,552.902941176471,930.049019607843,929.621568627451,906.097058823529,542.98137254902,562.824509803922,970.666666666667,889.43137254902,0
158.0032,-0.022307443100848,0.478187295336769,,-0.585960657717858,0.0369330134728197,,,,-1.78048956818211,,-0.932594040971908,,1.22766554242627,,,,,,,,,,,,,0.258623754425108,,,0.921827953917481,1.33218529317697,,,,,0.239095626202899,,-1.71814167718315,,-1.15984100368456,,,,,,,-1.53241914326306,,,,,,47.3088,103,1087.66165048544,526.344174757282,920.203883495146,1088.36601941748,1086.9572815534,521.620388349515,531.067961165049,970.902912621359,869.504854368932,0
158.1056,-0.0352704207548309,0.496341055930427,,-0.595683235363957,0.0623787544366213,,,,-1.79908091249197,,-0.933275440916937,,1.21509655423917,,,,,,,,,,,,,0.275969839018027,,,0.922127655177755,1.33714222867283,,,,,0.222319173831422,,-1.71925357574248,,-1.13715927440791,,,,,,,-1.53004236613154,,,,,,47.4112,102,1495.13921568627,456.157352941177,890.357843137255,1500.60490196078,1489.67352941177,451.182352941177,461.132352941177,958.088235294118,822.627450980392,0
158.208,-0.0463993907920829,0.513378347625282,,-0.604502493379598,0.085580586851105,,,,-1.816492939795,,-0.932373285039767,,1.20154212388345,,,,,,,,,,,,,0.292697205772306,,,0.922350663682649,1.34161709268565,,,,,0.207066584587433,,-1.71971449890225,,-1.11559356987683,,,,,,,-1.52779646070376,,,,,,47.5136,102,1490.90196078431,464.64362745098,884.872549019608,1496.54215686275,1485.26176470588,469.312745098039,459.974509803922,958.460784313726,811.28431372549,0
158.3104,-0.055675590190307,0.529329550532953,,-0.612445086991155,0.106568410044536,,,,-1.83274384094446,,-0.929895457567942,,1.18711946038144,,,,,,,,,,,,,0.308809987346788,,,0.922483996443896,1.34562798763682,,,,,0.193313263177817,,-1.71954428550957,,-1.09514190840751,,,,,,,-1.52567775765362,,,,,,47.616,103,1495.52815533981,470.986893203884,888.5,1504.17572815534,1486.88058252427,459.414563106796,482.559223300971,961.73786407767,815.26213592233,0
158.4128,-0.0630847247814692,0.544226046032148,,-0.619537996029136,0.125376838960863,,,,-1.84785344927072,,-0.925853423185691,,1.17194421880721,,,,,,,,,,,,,0.324313033670074,,,0.922514834988667,1.3491931430351,,,,,0.1810317350258,,-1.7187627082915,,-1.07580016685336,,,,,,,-1.52368032664051,,,,,,47.7184,102,1498.79705882353,472.966176470588,900.583333333333,1507.14411764706,1490.45,475.375490196078,470.556862745098,976.676470588235,824.490196078432,0
158.5152,-0.0686168468444735,0.558099893345176,,-0.625808348718439,0.142044756224413,,,,-1.86184301525029,,-0.920262227111735,,1.15612980885123,,,,,,,,,,,,,0.339211737412099,,,0.922430571413408,1.35233084178465,,,,,0.170191881804369,,-1.71738936533001,,-1.05756230452615,,,,,,,-1.52179604920108,,,,,,47.8208,103,1451.83640776699,481.959223300971,927.480582524272,1461.31941747573,1442.35339805825,488.683495145631,475.234951456311,1007.21359223301,847.747572815534,0
158.6176,-0.0722662513818966,0.570983567522548,,-0.631283262096363,0.156614899982721,,,,-1.87473496898924,,-0.913140478125817,,1.13978671853637,,,,,,,,,,,,,0.353511905189037,,,0.922218853753379,1.35505934203785,,,,,0.160761180095139,,-1.71544356239537,,-1.04042055747626,,,,,,,-1.52001469891214,,,,,,47.9232,102,1320.41666666667,523.96862745098,961.661764705882,1331.67843137255,1309.15490196078,517.203921568628,530.733333333333,1038.43137254902,884.892156862745,0
158.72,-0.074031379239123,0.582909761545506,,-0.635989685920538,0.169133481445267,,,,-1.88655268094448,,-0.904510322528538,,1.12302186524631,,,,,,,,,,,,,0.367219688768515,,,0.921867634394711,1.35739680514562,,,,,0.152704925144843,,-1.71294417849916,,-1.02436560253183,,,,,,,-1.51832402995449,,,,,,48.0256,102,1331.53333333333,529.204901960784,977.416666666667,1343.80294117647,1319.2637254902,524.717647058824,533.692156862745,1055.3431372549,899.490196078432,0
158.8224,-0.0739147184614736,0.593911246219665,,-0.639954241194667,0.179649827073406,,,,-1.8973202337936,,-0.894397414970475,,1.10593798584769,,,,,,,,,,,,,0.380341578976082,,,0.921365222252524,1.35936123656794,,,,,0.145986425859956,,-1.70990951646093,,-1.00938669573543,,,,,,,-1.51670987336395,,,,,,48.128,103,1339.58737864078,532.195145631068,987.480582524272,1352.8640776699,1326.31067961165,530.033009708738,534.357281553398,1063.49514563107,911.466019417476,0
158.9248,-0.0719226987598855,0.604020766421739,,-0.643203055379592,0.188216036612693,,,,-1.9070622143782,,-0.882830889239871,,1.08863306483243,,,,,,,,,,,,,0.392884444167568,,,0.92070033653543,1.36097044055658,,,,,0.140567167764373,,-1.70635715056626,,-0.995471799759832,,,,,,,-1.51515624467525,,,,,,48.2304,102,1091.36862745098,503.585294117647,1013.5,1086.40490196078,1096.33235294118,499.692156862745,507.478431372549,1084.87254901961,942.127450980392,0
159.0272,-0.0680655765254161,0.613270947833893,,-0.645761607031125,0.194886646054304,,,,-1.91580352533697,,-0.869843322376412,,1.07119978726391,,,,,,,,,,,,,0.404855584641144,,,0.919862157239784,1.36224198317073,,,,,0.136406953270292,,-1.70230378574804,,-0.982607717339328,,,,,,,-1.51364546648513,,,,,,48.3328,103,387.567475728155,431.527184466019,1051.47087378641,390.721359223301,384.41359223301,413.312621359223,449.741747572816,1100.40776699029,1002.53398058252,0
159.1296,-0.0623573123814933,0.621694198785478,,-0.647654593869585,0.199718292045111,,,,-1.92356921623943,,-0.85547067886598,,1.0537250171465,,,,,,,,,,,,,0.416262780385322,,,0.918840365369473,1.363193155533,,,,,0.133464033026187,,-1.69776513983756,,-0.970780234437754,,,,,,,-1.51215830495107,,,,,,48.4352,102,396.424019607843,439.426470588235,1031.49509803922,405.363725490196,387.48431372549,422.652941176471,456.2,1066.80392156863,996.186274509804,0
159.232,-0.054815447652805,0.629322603674701,,-0.648905828847414,0.202769384417048,,,,-1.93038434209565,,-0.83975222434013,,1.03628932561964,,,,,,,,,,,,,0.42711432103185,,,0.917625166831812,1.3638409319414,,,,,0.131695235064832,,-1.69275585580656,,-0.959974263246148,,,,,,,-1.51067411841152,,,,,,48.5376,102,398.414705882353,445.001470588235,1006.19607843137,405.790196078431,391.039215686275,430.058823529412,459.944117647059,1035.21568627451,977.176470588235,0
159.3344,-0.0454609831892981,0.636187807365788,,-0.649538157442435,0.204099793718961,,,,-1.93627385545177,,-0.822730410406766,,1.01896659639199,,,,,,,,,,,,,0.437419014413785,,,0.916207299711864,1.36420192289784,,,,,0.131056088066117,,-1.68728944574186,,-0.950173978632287,,,,,,,-1.50917101901508,,,,,,48.64,103,369.182524271845,420.153398058252,977.708737864078,371.681553398058,366.683495145631,407.072815533981,433.233980582524,1010.15533980583,945.26213592233,0
159.4368,-0.0343182548674614,0.642320888735165,,-0.649573385268382,0.203770552553063,,,,-1.94126252502221,,-0.804450742634877,,1.00182371957047,,,,,,,,,,,,,0.447186175225299,,,0.914578030967356,1.36429232705436,,,,,0.131500931403576,,-1.6813782628953,,-0.941362951173828,,,,,,,-1.50762604699302,,,,,,48.7424,102,169.894117647059,241.779901960784,962.416666666667,181.043137254902,158.745098039216,226.794117647059,256.76568627451,1003.51960784314,921.313725490196,0
159.5392,-0.0214147965718568,0.647752222913391,,-0.649032208218337,0.20184356486797,,,,-1.94537486610024,,-0.784961637848233,,0.984920368763759,,,,,,,,,,,,,0.456425600692152,,,0.912729149398452,1.36412788614015,,,,,0.132983009752549,,-1.67503349282454,,-0.933524279071726,,,,,,,-1.50601535005603,,,,,,48.8448,103,168.642233009709,254.764563106796,944.912621359223,178.669902912621,158.614563106796,253.709708737864,255.819417475728,975.349514563107,914.47572815534,0
159.6416,-0.00678118794613352,0.652511336235896,,-0.647934147427355,0.198381320619977,,,,-1.94863507314745,,-0.764314265815596,,0.968308847399367,,,,,,,,,,,,,0.465147540835523,,,0.910652957348513,1.36372384357699,,,,,0.135454557518978,,-1.66826515411342,,-0.926640717213691,,,,,,,-1.50431435719186,,,,,,48.9472,102,167.011764705882,256.452941176471,937.558823529412,177.649019607843,156.374509803922,247.190196078431,265.71568627451,967.21568627451,907.901960784314,0
159.744,0.00954910625377633,0.656626764679641,,-0.646297504086728,0.193446621785529,,,,-1.95106695081018,,-0.742562370792571,,0.952033988343783,,,,,,,,,,,,,0.473362663719717,,,0.908342259661693,1.36309490334512,,,,,0.138866882360583,,-1.66108210660878,,-0.92069480022721,,,,,,,-1.50249794318944,,,,,,49.0496,102,696.032352941177,395.314215686275,953.607843137255,684.146078431373,707.918627450981,380.494117647059,410.13431372549,999.186274509804,908.029411764706,0
159.8464,0.0275398935155209,0.660125929459789,,-0.644139348373469,0.18710233233049,,,,-1.95269383939954,,-0.719762067435466,,0.936133097706048,,,,,,,,,,,,,0.481082009058722,,,0.905790347262989,1.36225518400656,,,,,0.143170456448974,,-1.65349207204182,,-0.915668951496681,,,,,,,-1.50054058753548,,,,,,49.152,103,1109.85242718447,546.28932038835,962.339805825243,1116.20679611651,1103.49805825243,529.733980582524,562.844660194175,1038.26213592233,886.417475728155,0
159.9488,0.0471524000378221,0.663035033680075,,-0.641475540037831,0.179411160079298,,,,-1.95353853483018,,-0.695971598936362,,0.920635946069113,,,,,,,,,,,,,0.488316922153977,,,0.902990972660783,1.36121816467047,,,,,0.148315020421071,,-1.64550166911492,,-0.911545567636671,,,,,,,-1.49841652993018,,,,,,49.2544,102,1106.11666666667,545.554411764706,985.004901960784,1112.12058823529,1100.11274509804,530.173529411765,560.935294117647,1067.53921568627,902.470588235294,0
160.0512,0.0683454077153708,0.665378969518494,,-0.638320765499791,0.17043546657273,,,,-1.95362321359852,,-0.671251054637649,,0.905564819493286,,,,,,,,,,,,,0.495078961514115,,,0.899938315793404,1.35999662360275,,,,,0.154249700977694,,-1.63711645801287,,-0.908307076388001,,,,,,,-1.49609992058234,,,,,,49.3568,103,1105.50631067961,556.397572815534,967.043689320388,1108.25533980583,1102.7572815534,540.222330097087,572.572815533981,1040.99029126214,893.097087378641,0
160.1536,0.0910753885470989,0.667181223417215,,-0.634688577748543,0.160237094869887,,,,-1.95296937614439,,-0.645662063596996,,0.890934641087526,,,,,,,,,,,,,0.501379778874269,,,0.896626941429302,1.35860257408501,,,,,0.160923139273649,,-1.62834098758382,,-0.905935978014654,,,,,,,-1.49356496210903,,,,,,49.4592,102,1113.21960784314,553.286764705882,912.475490196078,1121.06176470588,1105.37745098039,536.36862745098,570.204901960784,974.990196078431,849.960784313726,0
160.256,0.115296643444911,0.668463775177188,,-0.630591431538228,0.148877206935607,,,,-1.95159781340164,,-0.619267484004091,,0.876753163977413,,,,,,,,,,,,,0.507230979373779,,,0.893051752190118,1.35704720432337,,,,,0.168283621745358,,-1.61917884178204,,-0.904414884166039,,,,,,,-1.49078603844083,,,,,,49.5616,102,1025.17107843137,464.320588235294,876.039215686275,1031.70294117647,1018.63921568627,446.457843137255,482.183333333333,929.362745098039,822.71568627451,0
160.3584,0.140961447443415,0.669246992491673,,-0.626040709671871,0.136416127071103,,,,-1.94952859293041,,-0.592131102028867,,0.863021228332083,,,,,,,,,,,,,0.512643973056897,,,0.889207942668288,1.35534082756624,,,,,0.17627920094369,,-1.60963268465643,,-0.903726560444226,,,,,,,-1.48773782639901,,,,,,49.664,103,995.380097087379,440.595145631068,848.52427184466,1002.5854368932,988.174757281553,425.091262135922,456.099029126214,891.864077669903,805.184466019418,0
160.4608,0.168020196344171,0.669549521708499,,-0.621046737089823,0.122913191054608,,,,-1.94678105547973,,-0.564317350086328,,0.849733071580546,,,,,,,,,,,,,0.517629823693087,,,0.885090959655966,1.35349284617284,,,,,0.18485779735407,,-1.59970430208795,,-0.903853969351591,,,,,,,-1.48439539088148,,,,,,49.7664,102,995.296078431373,433.329411764706,813.259803921569,1001.22549019608,989.366666666667,416.504901960784,450.153921568628,851.892156862745,774.627450980392,0
160.5632,0.196421551378739,0.669388171016302,,-0.615618779079467,0.108426597872852,,,,-1.94337381148937,,-0.535891045283458,,0.836876677704667,,,,,,,,,,,,,0.522199095650217,,,0.880696471244551,1.35151173260267,,,,,0.193967282020797,,-1.589394636706,,-0.904780310153086,,,,,,,-1.48073426888885,,,,,,49.8688,103,991.304368932039,432.173300970874,779.669902912622,996.463106796117,986.145631067961,414.570873786408,449.77572815534,820.126213592233,739.21359223301,0
160.6656,0.226112586004923,0.668777780911711,,-0.609765023152954,0.0930132594952001,,,,-1.9393247370662,,-0.506917135257638,,0.824434149616899,,,,,,,,,,,,,0.526361699222078,,,0.876020343740237,1.34940502988652,,,,,0.203555546920348,,-1.57870381618181,,-0.90648905365574,,,,,,,-1.47673054523437,,,,,,49.9712,102,1048.79166666667,472.435294117647,778.161764705882,1055.89803921569,1041.68529411765,457.421568627451,487.449019607843,821.196078431373,735.127450980392,0
160.768,0.257038932387053,0.667731088640955,,-0.603492555798554,0.0767286576999474,,,,-1.93465098105558,,-0.477460438546713,,0.812382091714287,,,,,,,,,,,,,0.530126736836899,,,0.871058621954634,1.34717936857528,,,,,0.213570574555414,,-1.56763118179627,,-0.908963962583281,,,,,,,-1.47236091794382,,,,,,50.0736,102,1169.91568627451,717.09362745098,799.96568627451,1181.25098039216,1158.58039215686,706.840196078431,727.34705882353,844.352941176471,755.578431372549,0
160.8704,0.289144906495437,0.666258607877934,,-0.59680735281573,0.0596267347547779,,,,-1.92936899164028,,-0.447585381733525,,0.800691997428455,,,,,,,,,,,,,0.533502352799006,,,0.865807508753255,1.34484048964918,,,,,0.22396052036928,,-1.55617532593375,,-0.912189083574374,,,,,,,-1.4676027527697,,,,,,50.176,103,1110.50291262136,721.391747572816,823.169902912622,1117.25825242718,1103.74757281553,711.019417475728,731.764077669903,867.864077669903,778.47572815534,0
160.9728,0.322373590037546,0.664368538723486,,-0.589714291431838,0.0417598379830802,,,,-1.92349455786513,,-0.417355748102349,,0.78933064293193,,,,,,,,,,,,,0.536495587477535,,,0.860263343942236,1.34239326355635,,,,,0.234673815560933,,-1.54433414459856,,-0.916148707752393,,,,,,,-1.46243413554921,,,,,,50.2784,102,859.437254901961,738.537254901961,863.372549019608,865.608823529412,853.26568627451,718.996078431373,758.078431372549,908.686274509804,818.058823529412,0
161.0752,0.356666871769662,0.662066704594424,,-0.582217177677456,0.0231787106009534,,,,-1.91704285776222,,-0.386834453130027,,0.778260487884799,,,,,,,,,,,,,0.539112239341251,,,0.854422586024192,1.33984170506926,,,,,0.24565928505019,,-1.53210490780099,,-0.920827313212513,,,,,,,-1.45683393623056,,,,,,50.3808,103,862.964077669903,753.471359223301,851.97572815534,871.396116504854,854.532038834952,732.793203883495,774.149514563107,886.42718446602,817.52427184466,0
161.1776,0.391965471110327,0.659356509737854,,-0.574318782134409,0.00393250763129859,,,,-1.91002851476782,,-0.356083356006577,,0.76744008575801,,,,,,,,,,,,,0.541356744402667,,,0.848281798685766,1.33718899083006,,,,,0.256866268549071,,-1.51948434685146,,-0.926209505537789,,,,,,,-1.45078189047861,,,,,,50.4832,102,765.135784313726,640.192647058824,852.441176470588,766.213725490196,764.057843137255,625.582352941177,654.802941176471,878.392156862745,826.490196078431,0
161.28,0.428208963059858,0.656238920331231,,-0.566020882069135,-0.0159311738780267,,,,-1.90246567269272,,-0.325163106567798,,0.756824516933563,,,,,,,,,,,,,0.543232082121499,,,0.841837639898743,1.33443748429973,,,,,0.268244736621396,,-1.50646875317093,,-0.932279960538234,,,,,,,-1.44425869385175,,,,,,50.5856,102,690.578431372549,484.461764705882,871.627450980392,691.122549019608,690.03431372549,468.898039215686,500.025490196078,895.225490196079,848.029411764706,0
161.3824,0.465335807006746,0.652712472756429,,-0.557324305040515,-0.0363662491064781,,,,-1.89436809350251,,-0.294133013431942,,0.74636586150109,,,,,,,,,,,,,0.54473970971037,,,0.835086851436638,1.33158876732498,,,,,0.279745399196699,,-1.49305407778811,,-0.939023364869807,,,,,,,-1.43724609860834,,,,,,50.688,103,690.116990291262,489.016990291262,910.611650485437,694.060194174757,686.173786407767,470.594174757282,507.439805825243,942.058252427185,879.165048543689,0
161.4848,0.503283373306083,0.648773307865577,,-0.548228967504684,-0.0573280823522634,,,,-1.88574926982906,,-0.263050910916478,,0.736013712192096,,,,,,,,,,,,,0.545879522982347,,,0.828026249429537,1.32864367615821,,,,,0.291319804200792,,-1.47923601768661,,-0.946424354129197,,,,,,,-1.42972700205029,,,,,,50.7904,102,686.158333333333,493.45637254902,932.627450980392,691.926470588235,680.390196078431,468.173529411765,518.739215686275,966.696078431373,898.558823529412,0
161.5872,0.541987963095872,0.644415231927492,,-0.538733908711874,-0.0787734059995905,,,,-1.87662253912547,,-0.231973007989394,,0.725715707565355,,,,,,,,,,,,,0.546649842717124,,,0.820652717501638,1.32560234129495,,,,,0.30292042224584,,-1.46501008067791,,-0.954467450695424,,,,,,,-1.42168551936227,,,,,,50.8928,103,687.841747572816,493.692233009709,899.490291262136,694.903883495146,680.779611650485,470.33786407767,517.046601941748,929.203883495146,869.776699029126,0
161.6896,0.581384817407861,0.639629806530231,,-0.528837324847158,-0.10066021815337,,,,-1.86700118752678,,-0.20095371240075,,0.715418061202405,,,,,,,,,,,,,0.547047424622225,,,0.812963203387682,1.32246422978555,,,,,0.314500717264323,,-1.4503716304346,,-0.963136996679935,,,,,,,-1.41310704111782,,,,,,50.9952,102,686.176960784314,498.833333333333,838.588235294118,693.240196078431,679.113725490196,471.933333333333,525.733333333333,858.901960784314,818.274509803922,0
161.792,0.621408107896735,0.634406465016553,,-0.518536605846973,-0.122947655314882,,,,-1.85689853525123,,-0.170045427618454,,0.705066071478663,,,,,,,,,,,,,0.5470674890245,,,0.804954719890343,1.3192281853857,,,,,0.326015209464827,,-1.43531591838163,,-0.972417074475272,,,,,,,-1.4039782761189,,,,,,51.0976,102,1179.23676470588,443.527450980392,773.362745098039,1172.82941176471,1185.64411764706,419.777450980392,467.277450980392,801.558823529412,745.166666666667,0
161.8944,0.661990902708658,0.628732655309308,,-0.507828372698122,-0.145595838541333,,,,-1.84632800363881,,-0.139298328806571,,0.69460460867277,,,,,,,,,,,,,0.546703771791188,,,0.796624351644643,1.31589246233693,,,,,0.337419533837069,,-1.41983810983337,,-0.982291413734463,,,,,,,-1.39428727741092,,,,,,51.2,103,1375.62912621359,410.655825242718,735.291262135922,1386.14660194175,1365.11165048544,381.34854368932,439.963106796117,778.95145631068,691.631067961165,0
161.9968,0.703065112379239,0.622594017713012,,-0.496708509698382,-0.16856569309467,,,,-1.83530317079528,,-0.108760137281692,,0.683978585958241,,,,,,,,,,,,,0.545948605988893,,,0.787969269097575,1.31245475455317,,,,,0.348670486964872,,-1.40393331039455,,-0.992743287840823,,,,,,,-1.38402345212483,,,,,,51.3024,102,1379.11078431373,406.939705882353,726.583333333333,1388.18431372549,1370.03725490196,378.579411764706,435.3,774.245098039216,678.921568627451,0
162.0992,0.744561432365713,0.615974601211161,,-0.485172189233342,-0.191818747918836,,,,-1.82383781912,,-0.0784759091999515,,0.673133420422721,,,,,,,,,,,,,0.544793039215689,,,0.778986748781323,1.30891222495336,,,,,0.359726053237263,,-1.387596592748,,-1.00375540308475,,,,,,,-1.37317755885237,,,,,,51.4048,103,1382.96553398058,407.510194174757,728.815533980583,1393.00291262136,1372.92815533981,384.659223300971,430.361165048544,778.834951456311,678.796116504854,0
162.2016,0.786409296739436,0.608857107374384,,-0.473213896004042,-0.215316927046329,,,,-1.81194596893973,,-0.0484878329129394,,0.662015482896313,,,,,,,,,,,,,0.543226977676955,,,0.769674196309573,1.30526153597195,,,,,0.370545411331083,,-1.37082301850839,,-1.01530978308306,,,,,,,-1.36174169483508,,,,,,51.5072,102,1253.76176470588,514.372058823529,748.446078431373,1257.87843137255,1249.64509803922,498.987254901961,529.756862745098,796.627450980392,700.264705882353,0
162.304,0.828536845704135,0.601223146616371,,-0.460827460877789,-0.239022342019778,,,,-1.79964189157798,,-0.0188350194853031,,0.650572535688361,,,,,,,,,,,,,0.54123934013108,,,0.760029169238016,1.30149887943803,,,,,0.381088930380916,,-1.35360765293027,,-1.02738764843397,,,,,,,-1.34970927271576,,,,,,51.6096,102,1097.34950980392,715.760294117647,763.892156862745,1103.27941176471,1091.41960784314,711.627450980392,719.893137254902,802.519607843137,725.264705882353,0
162.4064,0.870870905069466,0.593053495417848,,-0.448006108913739,-0.262897089525443,,,,-1.78694010423842,,0.010446715887162,,0.638754163566825,,,,,,,,,,,,,0.538818207930579,,,0.750049399755726,1.29762000626083,,,,,0.391318165438003,,-1.3359455786852,,-1.03996929066403,,,,,,,-1.33707498543226,,,,,,51.712,103,1098.7854368932,720.233009708738,773.553398058253,1105.23689320388,1092.33398058252,709.217475728155,731.24854368932,808.796116504854,738.310679611651,0
162.5088,0.913336978125378,0.584328351151893,,-0.43474252398242,-0.286903053228556,,,,-1.77385535688096,,0.0393250660440636,,0.62651220162691,,,,,,,,,,,,,0.535950970769738,,,0.739732819214142,1.29362025984066,,,,,0.401195857367771,,-1.31783191916276,,-1.05303394134439,,,,,,,-1.32383476181335,,,,,,51.8144,102,1100.2612745098,721.698529411765,784.970588235294,1104.36568627451,1096.1568627451,712.302941176471,731.094117647059,819.156862745098,750.78431372549,0
162.6112,0.955859248283372,0.575027591505061,,-0.421028936283896,-0.311001702459877,,,,-1.76040261957857,,0.0677714170342125,,0.613801154101097,,,,,,,,,,,,,0.532624480992646,,,0.72907758693602,1.28949461729468,,,,,0.410685938546129,,-1.29926187805039,,-1.06655963884768,,,,,,,-1.30998572204568,,,,,,51.9168,103,933.540291262136,766.523786407767,782.320388349515,937.166019417476,929.914563106796,750.966990291262,782.080582524272,811.805825242718,752.834951456311,0
162.7136,0.998360589209695,0.565131044022041,,-0.406857238230399,-0.335153885060735,,,,-1.74659707136503,,0.0957609922546098,,0.600578590970561,,,,,,,,,,,,,0.528825226932537,,,0.718082123917776,1.28523773935098,,,,,0.41975354437176,,-1.28023079385173,,-1.08052309813384,,,,,,,-1.29552613992236,,,,,,52.0192,102,900.394117647059,782.784803921569,769.088235294118,906.637254901961,894.150980392157,763.797058823529,801.772549019608,794.480392156863,743.696078431373,0
162.816,1.04076258277532,0.55461875890874,,-0.39221912541673,-0.359319623956072,,,,-1.7324540870368,,0.12327294996288,,0.586805512129959,,,,,,,,,,,,,0.524539523480849,,,0.7067451493812,1.28084402667899,,,,,0.42836503113487,,-1.26073420178011,,-1.09489958969813,,,,,,,-1.2804554087523,,,,,,52.1216,102,847.570098039216,796.256862745098,778.049019607843,853.945098039216,841.195098039216,777.450980392157,815.062745098039,800.411764705882,755.686274509804,0
162.9184,1.08298554502695,0.543471275528535,,-0.377106254010074,-0.383457927488881,,,,-1.71798921963002,,0.150290432553533,,0.572446680523096,,,,,,,,,,,,,0.519753712431753,,,0.695065717409071,1.27630767865939,,,,,0.436488002641819,,-1.24076789630042,,-1.10966282618724,,,,,,,-1.26477400477757,,,,,,52.224,103,808.53932038835,807.767961165049,797.902912621359,817.504854368932,799.573786407767,787.225242718447,828.31067961165,821.009708737864,774.796116504854,0
163.0208,1.12494855684879,0.531669882839017,,-0.361510410158105,-0.407526614246061,,,,-1.70321817961852,,0.176800567024343,,0.557470933918244,,,,,,,,,,,,,0.51445436858236,,,0.683043251739749,1.27162275019798,,,,,0.444091349719997,,-1.22032799406231,,-1.12478484715129,,,,,,,-1.24848344969181,,,,,,52.3264,102,805.792647058824,809.938235294118,829.401960784314,814.857843137255,796.727450980392,789.322549019608,830.553921568627,857.235294117647,801.56862745098,0
163.1232,1.16656949961484,0.519196881076391,,-0.345423692108799,-0.431482150536877,,,,-1.68815681310271,,0.202794420690439,,0.541851480392175,,,,,,,,,,,,,0.508628514477868,,,0.670677577471972,1.26678320494894,,,,,0.451145305643377,,-1.19941100170744,,-1.14023589402336,,,,,,,-1.23158628028597,,,,,,52.4288,103,803.361650485437,798.478640776699,874.47572815534,811.677669902913,795.045631067961,768.798058252427,828.159223300971,915.456310679612,833.495145631068,0
163.2256,1.2077651056391,0.506035850991623,,-0.328838706128773,-0.455279504777584,,,,-1.67282108010947,,0.228266923307149,,0.525566169895698,,,,,,,,,,,,,0.502263850622019,,,0.657968949168583,1.26178296717214,,,,,0.4576215177515,,-1.17801389365013,,-1.15598427589599,,,,,,,-1.21408603081941,,,,,,52.5312,102,802.69705882353,799.417647058824,887.995098039216,808.744117647059,796.65,771.746078431373,827.089215686275,926.519607843137,849.470588235294,0
163.328,1.24845103819578,0.492171934535161,,-0.311748777976199,-0.478872027863637,,,,-1.65722703392555,,0.253216765328488,,0.508597725911086,,,,,,,,,,,,,0.495349003612122,,,0.644918075651614,1.25661597539616,,,,,0.463493134497495,,-1.15613420471486,,-1.1719962363201,,,,,,,-1.19598723020419,,,,,,52.6336,102,804.736764705882,794.26568627451,893.754901960784,812.18137254902,797.292156862745,765.651960784314,822.879411764706,929.892156862745,857.617647058824,0
163.4304,1.28854201146313,0.47759212920276,,-0.29414818334413,-0.502211366958668,,,,-1.64139080405553,,0.277646270668448,,0.490933925439594,,,,,,,,,,,,,0.487873784846153,,,0.631526141471566,1.25127623932329,,,,,0.46873490767462,,-1.13377014199648,,-1.18823583570441,,,,,,,-1.1772954174267,,,,,,52.736,103,807.392718446602,792.107281553398,891.932038834952,812.916504854369,801.868932038835,758.431067961165,825.783495145631,929.300970873786,854.563106796117,0
163.5328,1.32795195019428,0.462285594627092,,-0.276032395081236,-0.525247414103572,,,,-1.62532858658917,,0.301561233503132,,0.472567729950656,,,,,,,,,,,,,0.479829447468085,,,0.617794825029084,1.24575790012172,,,,,0.473323310219101,,-1.110920718084,,-1.20466485625811,,,,,,,-1.15801717772112,,,,,,52.8384,102,997.061764705883,699.077450980392,869.225490196079,989.807843137255,1004.31568627451,670.843137254902,727.311764705882,911.303921568627,827.147058823529,0
163.6352,1.36659418146528,0.44624396781032,,-0.257398330554029,-0.547928285185657,,,,-1.6090566444869,,0.324970711752641,,0.453497381868975,,,,,,,,,,,,,0.471208935503979,,,0.603726315042747,1.24005529603884,,,,,0.477236668478344,,-1.08758590433775,,-1.2212427254425,,,,,,,-1.13816019589566,,,,,,52.9408,103,1346.99902912621,514.79854368932,839.665048543689,1345.01747572816,1348.98058252427,504.456310679612,525.140776699029,895.699029126214,783.631067961165,0
163.7376,1.40438165408397,0.429461685594831,,-0.238244576135725,-0.570200324629804,,,,-1.59259131361223,,0.347886784337505,,0.433726475395436,,,,,,,,,,,,,0.462007130806627,,,0.589323327545846,1.23416303826876,,,,,0.480455301193124,,-1.06376679867338,,-1.23792645496172,,,,,,,-1.11773331841147,,,,,,53.0432,102,1343.78676470588,521.181862745098,868.911764705882,1345.06960784314,1342.50392156863,511.505882352941,530.857843137255,933.274509803922,804.549019607843,0
163.84,1.44122719005516,0.41193631373959,,-0.218571578394509,-0.592008137362921,,,,-1.57594900376318,,0.370324292879481,,0.413263990222358,,,,,,,,,,,,,0.452221108186478,,,0.574589124146335,1.2280761011085,,,,,0.482961650524714,,-1.03946579815755,,-1.25467060265393,,,,,,,-1.09674661306895,,,,,,53.1456,102,1423.46470588235,512.024509803922,888.019607843137,1417.59411764706,1429.33529411765,503.354901960784,520.694117647059,954.401960784314,821.637254901961,0
163.9424,1.4770437760353,0.393668875292392,,-0.198381806453499,-0.613294656977417,,,,-1.5591461907866,,0.392300586206127,,0.392124270261799,,,,,,,,,,,,,0.441850400651328,,,0.559527531075306,1.22178992466967,,,,,0.484740392455005,,-1.01468676741076,,-1.27142727005559,,,,,,,-1.07521141331867,,,,,,53.248,103,1891.93689320388,387.994174757282,841.893203883495,1887.82038834951,1896.05339805825,380.541747572816,395.446601941748,915.980582524272,767.805825242719,0
164.0448,1.51174489926256,0.374664161350281,,-0.177679892703429,-0.634001262900033,,,,-1.54219940823417,,0.413835272981422,,0.370326947593224,,,,,,,,,,,,,0.430897262636482,,,0.544142955620632,1.21530052250987,,,,,0.485778523784241,,-0.989435201515056,,-1.28814614380684,,,,,,,-1.05314034022209,,,,,,53.3504,102,1890.27843137255,384.646568627451,811.823529411765,1886.12843137255,1894.42843137255,374.122549019608,395.170588235294,896.627450980392,727.019607843137,0
164.1472,1.54524492659382,0.354931008045152,,-0.156472757696095,-0.65406795525856,,,,-1.52512524304149,,0.434949981973537,,0.347896824635263,,,,,,,,,,,,,0.419366914702087,,,0.528440392258017,1.20860458573644,,,,,0.486065431350343,,-0.963718388390374,,-1.30477458179841,,,,,,,-1.03054730831169,,,,,,53.4528,103,1889.16699029126,374.933495145631,793.02427184466,1883.7067961165,1894.62718446602,365.458252427184,384.408737864078,879.067961165049,706.980582524272,0
164.2496,1.57745952074337,0.33448253516622,,-0.134769726316164,-0.673433586552107,,,,-1.50794032463877,,0.455668131789283,,0.324863717386189,,,,,,,,,,,,,0.407267758721509,,,0.512425411204946,1.20169957881078,,,,,0.485592950640742,,-0.937545573234819,,-1.32125774355268,,,,,,,-1.00744752889432,,,,,,53.5552,102,1889.64656862745,380.369607843137,777.142156862745,1887.98725490196,1891.30588235294,371.88137254902,388.857843137255,860.235294117647,694.049019607843,0
164.352,1.60830608438341,0.313336348021038,,-0.112582640680148,-0.692036142809903,,,,-1.4906612937586,,0.476014709697429,,0.30126225482827,,,,,,,,,,,,,0.394611555213767,,,0.496104128348051,1.19458382531236,,,,,0.484355416824181,,-0.910928123210467,,-1.33753876349126,,,,,,,-0.983857522367524,,,,,,53.6576,102,1889.87205882353,367.016176470588,749.235294117647,1890.52254901961,1889.22156862745,358.613725490196,375.41862745098,826.950980392157,671.519607843137,0
164.4544,1.63770421727826,0.291514700594603,,-0.0899259682824566,-0.709813062600219,,,,-1.47330474817547,,0.496016051609489,,0.277131639854898,,,,,,,,,,,,,0.381413555686237,,,0.479483163126752,1.18725658373877,,,,,0.48234970554885,,-0.883879690118079,,-1.35355895673151,,,,,,,-0.959795146047311,,,,,,53.76,103,1886.42718446602,362.33786407767,731.441747572816,1883.74854368932,1889.10582524272,352.726213592233,371.949514563107,806.106796116505,656.776699029126,0
164.5568,1.66557616750598,0.269044614401793,,-0.0668168985938667,-0.726701577829635,,,,-1.45588717062369,,0.515699614086268,,0.252515383734652,,,,,,,,,,,,,0.367692591603279,,,0.462569595511225,1.17971811590615,,,,,0.479575258191301,,-0.856416365749853,,-1.36925803983959,,,,,,,-0.935279636854543,,,,,,53.8624,102,1708.59411764706,473.410294117647,749.093137254902,1698.98823529412,1718.2,468.902941176471,477.917647058824,822.029411764706,676.156862745098,0
164.6592,1.69184726144522,0.245957948205641,,-0.0432754231774069,-0.742639060750245,,,,-1.43842484025843,,0.535093737121931,,0.227461018474948,,,,,,,,,,,,,0.353471131051183,,,0.445370930905888,1.17196975077301,,,,,0.476034088374255,,-0.828556817137466,,-1.38457435447567,,,,,,,-0.91033166205445,,,,,,53.9648,103,1387.25388349515,903.473300970874,760.087378640777,1382.66116504854,1391.84660194175,900.696116504854,906.250485436893,815.873786407767,704.300970873786,0
164.7616,1.71644630655525,0.222291416746575,,-0.019324398459279,-0.757563367032325,,,,-1.42093372482453,,0.554227401876945,,0.202019789062272,,,,,,,,,,,,,0.338775312569425,,,0.427895075337739,1.16401394361752,,,,,0.471730771349162,,-0.800322388434913,,-1.39944509097821,,,,,,,-0.884973372304147,,,,,,54.0672,102,1396.3387254902,912.934803921569,736.676470588235,1398.01470588235,1394.66274509804,907.678431372549,918.191176470588,787.950980392157,685.401960784314,0
164.864,1.73930596808438,0.198086557833823,,0.00501041105973532,-0.771413170316211,,,,-1.4034293604406,,0.573129983895708,,0.176246339445196,,,,,,,,,,,,,0.323634953876335,,,0.41015032098598,1.15585432858002,,,,,0.466672420906679,,-0.771737165719854,,-1.41380651296555,,,,,,,-0.859228456669354,,,,,,54.1696,102,1394.68676470588,915.95,740.014705882353,1397.00588235294,1392.36764705882,909.292156862745,922.607843137255,793,687.029411764706,0
164.9664,1.76036311863277,0.173389648024763,,0.0297003153168458,-0.784128284511045,,,,-1.3859267410023,,0.591830998445367,,0.150198413811008,,,,,,,,,,,,,0.308083524608901,,,0.392145344833638,1.1474957624202,,,,,0.460868657137079,,-0.742828008928179,,-1.42759418557892,,,,,,,-0.833122199937247,,,,,,54.272,103,818.830097087379,812.71213592233,785.640776699029,802.328155339806,835.332038834951,803.791262135922,821.633009708738,832.805825242719,738.47572815534,0
165.0688,1.77955915250403,0.148251570835468,,0.0547137106747982,-0.795649967217927,,,,-1.36844023915331,,0.610359838148046,,0.1239365835595,,,,,,,,,,,,,0.292158078631609,,,0.373889223778346,1.13894435695795,,,,,0.454331565747595,,-0.713624555478861,,-1.44074320912583,,,,,,,-0.806681537818517,,,,,,54.3744,102,588.486274509804,776.48137254902,821.524509803922,588.26862745098,588.703921568628,771.347058823529,781.61568627451,849.107843137255,793.941176470588,0
165.1712,1.79684025879247,0.122727642881032,,0.0800161168565837,-0.805921200842678,,,,-1.35098356333427,,0.628745509405547,,0.097523992516365,,,,,,,,,,,,,0.275899155037417,,,0.355391466046704,1.13020749802081,,,,,0.44707565015866,,-0.684159197004763,,-1.45318845607554,,,,,,,-0.77993510481038,,,,,,54.4768,103,592.003398058252,780.370388349515,880.898058252427,594.505825242718,589.500970873786,783.756310679612,776.984466019418,906.281553398058,855.514563106796,0
165.2736,1.81215765736456,0.0968773977839464,,0.105570230817616,-0.814886959496241,,,,-1.33356973613669,,0.647016378086501,,0.0710261074177723,,,,,,,,,,,,,0.259350657269252,,,0.336662056460152,1.12129385006935,,,,,0.439117779154647,,-0.654467026211348,,-1.46486480780552,,,,,,,-0.752913273837225,,,,,,54.5792,102,590.638725490196,787.237254901961,938.308823529412,593.261764705882,588.01568627451,781.594117647059,792.880392156863,965.245098039216,911.372549019608,0
165.376,1.82546780681925,0.0707643208185379,,0.131335995503956,-0.822494478162864,,,,-1.31621107262865,,0.665199931000018,,0.0445104674464268,,,,,,,,,,,,,0.242559704711649,,,0.317711514076902,1.11221334512686,,,,,0.430477132540681,,-0.62458574611806,,-1.47570739150427,,,,,,,-0.725648186430702,,,,,,54.6816,102,491.102450980392,718.377450980392,980.264705882353,490.659803921569,491.545098039216,709.478431372549,727.276470588235,1011.53921568627,948.990196078431,0
165.4784,1.83673258872648,0.0444555292110762,,0.157270689789399,-0.828693535222888,,,,-1.29891914617264,,0.683322542113583,,0.0180464359787885,,,,,,,,,,,,,0.225576440482708,,,0.298550962025891,1.10297715306734,,,,,0.421175146990905,,-0.594555533951742,,-1.48565182135088,,,,,,,-0.698173767953433,,,,,,54.784,103,416,673.495631067961,1007.30097087379,419.860194174757,412.139805825243,663.690291262136,683.300970873786,1040.43689320388,974.165048543689,0
165.5808,1.84591946511249,0.0180214029280366,,0.183329049938587,-0.833436744832898,,,,-1.28170474184422,,0.7014092180185,,-0.00829503600896107,,,,,,,,,,,,,0.208453783401291,,,0.279192208966715,1.09359763241777,,,,,0.411235463260162,,-0.564418859345742,,-1.4946344439208,,,,,,,-0.670525724858862,,,,,,54.8864,102,416.294607843137,671.677450980392,1028.1862745098,419.28431372549,413.304901960784,658.964705882353,684.390196078431,1065.62745098039,990.745098039216,0
165.6832,1.85300161000775,-0.00846482808509749,,0.209463433135898,-0.836679853129699,,,,-1.26457780242966,,0.719483308628352,,-0.0344416301262894,,,,,,,,,,,,,0.191247119267451,,,0.259647839504013,1.08408826592136,,,,,0.40068387103014,,-0.534220264163421,,-1.50259258363177,,,,,,,-0.642741528794424,,,,,,54.9888,103,417.63640776699,676.89854368932,1031.6359223301,415.094174757282,420.178640776699,661.230097087379,692.566990291262,1074.00970873786,989.26213592233,0
165.7856,1.85795803131437,-0.0349275474415036,,0.235624032425574,-0.838382046642047,,,,-1.24754737139371,,0.737566193892565,,-0.0603198753258025,,,,,,,,,,,,,0.174013929711419,,,0.23993130843059,1.07446358801209,,,,,0.389548241839602,,-0.504006112250576,,-1.5094647910448,,,,,,,-0.614860395834869,,,,,,55.0912,102,420.230392156863,679.611764705882,1013.75490196078,414.719607843137,425.741176470588,663.466666666667,695.756862745098,1049.76470588235,977.745098039216,0
165.888,1.86077370473473,-0.0612892833396072,,0.26175914986019,-0.838506288201768,,,,-1.230621536007,,0.755676969898712,,-0.0858553790044853,,,,,,,,,,,,,0.156813363492924,,,0.220057034137889,1.06473911031353,,,,,0.377858439276662,,-0.473824314303963,,-1.51519110437749,,,,,,,-0.586923266298764,,,,,,55.1936,102,625.032352941177,746.901960784314,1020.54411764706,619.844117647059,630.220588235294,730.635294117647,763.16862745098,1048.55882352941,992.529411764706,0
165.9904,1.86143973158408,-0.0874713224726222,,0.287815528954763,-0.837019688165141,,,,-1.2138073722081,,0.773832158502409,,-0.110973093278462,,,,,,,,,,,,,0.139705760612079,,,0.200040490575697,1.05493124783433,,,,,0.365646200166514,,-0.443724029150622,,-1.51971333379954,,,,,,,-0.558972784620672,,,,,,55.296,103,776.83786407767,795.638834951456,1037.42718446602,776.011650485437,777.664077669903,772.922330097087,818.355339805825,1074.68932038835,1000.16504854369,0
166.0928,1.85995352157231,-0.113394418144691,,0.313738740995951,-0.833893910696266,,,,-1.19711089118618,,0.792045461649275,,-0.135597624904605,,,,,,,,,,,,,0.122752135005662,,,0.179898300492588,1.04505724438221,,,,,0.352944987895209,,-0.413755337096145,,-1.52297537754786,,,,,,,-0.531053273283522,,,,,,55.3984,102,890.351470588235,629.396078431373,987.759803921569,876.662745098039,904.040196078431,619.388235294118,639.403921568627,1034.85294117647,940.666666666667,0
166.1952,1.8563189898028,-0.13897959056247,,0.339473616686662,-0.829105602250976,,,,-1.18053698391729,,0.810327574416956,,-0.159653585282507,,,,,,,,,,,,,0.106013619516836,,,0.159648331699248,1.03513509268069,,,,,0.339789825042789,,-0.38396887764424,,-1.52492357584654,,,,,,,-0.503210694412095,,,,,,55.5008,103,943.783009708738,547.704368932039,855.631067961165,930.403883495146,957.16213592233,540.679611650486,554.729126213592,916.26213592233,795,0
166.2976,1.85054674180524,-0.164148987097078,,0.364964709756809,-0.822636809862558,,,,-1.16408935384516,,0.828686063604585,,-0.183065967181908,,,,,,,,,,,,,0.0895508862896557,,,0.139309792493184,1.02518344356419,,,,,0.326217116966418,,-0.3544154504339,,-1.52550709404266,,,,,,,-0.475492596119786,,,,,,55.6032,102,944.946568627451,537.91862745098,758.980392156863,934.641176470588,955.251960784314,530.733333333333,545.103921568628,818.558823529412,699.401960784314,0
166.4,1.84265421251181,-0.188826740869366,,0.390156769027144,-0.814475347899235,,,,-1.14777042880397,,0.847125314065283,,-0.205760529565641,,,,,,,,,,,,,0.0734235650629923,,,0.118903314297964,1.01522149844105,,,,,0.312264483572,,-0.325145592514207,,-1.52467830971483,,,,,,,-0.447948041614164,,,,,,55.7056,102,797.286764705882,504.221078431373,713.906862745098,793.076470588235,801.49705882353,493.238235294118,515.203921568628,767.264705882353,660.549019607843,0
166.5024,1.83266573067258,-0.212939762169009,,0.414995192751689,-0.804615081345144,,,,-1.13158125469151,,0.865646538826304,,-0.227664170879716,,,,,,,,,,,,,0.057689685879159,,,0.0984510062066932,1.00526888073439,,,,,0.29797061970955,,-0.296209156277228,,-1.52239317452526,,,,,,,-0.420627517865689,,,,,,55.808,103,650.102427184466,478.705339805825,689.592233009709,652.220388349515,647.984466019418,471.911650485437,485.499029126214,729.174757281554,650.009708737864,0
166.6048,1.82061249486463,-0.236418419165433,,0.439426451582375,-0.793056110244589,,,,-1.11552138300535,,0.88424784734775,,-0.248705278986411,,,,,,,,,,,,,0.0424051755110298,,,0.0779764737143995,0.995345487525086,,,,,0.283375197516068,,-0.267654913590102,,-1.51861153300948,,,,,,,-0.393582822291468,,,,,,55.9104,102,647.923039215686,491.154901960784,678.877450980392,649.109803921569,646.736274509804,488.486274509804,493.823529411765,710.049019607843,647.705882352941,0
166.7072,1.80653245984587,-0.259197091971372,,0.463398482931874,-0.779804852625367,,,,-1.09958876266025,,0.902924375496391,,-0.268814058123773,,,,,,,,,,,,,0.0276234299004494,,,0.0575048044972875,0.985471328580306,,,,,0.268518809902875,,-0.23953020342038,,-1.51329739571187,,,,,,,-0.36686692787443,,,,,,56.0128,103,503.06213592233,474.286893203884,687.621359223301,503.420388349515,502.703883495146,471.147572815534,477.426213592233,715.436893203884,659.805825242719,0
166.8096,1.79047013144458,-0.281214605129825,,0.486861066464165,-0.764874028042225,,,,-1.08377964114854,,0.921668486329942,,-0.287922833342144,,,,,,,,,,,,,0.0133949607656061,,,0.0370625261146428,0.975666361194965,,,,,0.253442946593376,,-0.211880628396234,,-1.50641916728328,,,,,,,-0.340533826079889,,,,,,56.1152,102,260.894607843137,442.876960784314,708.950980392157,261.444117647059,260.345098039216,431.783333333333,453.970588235294,724.401960784314,693.5,0
166.912,1.77247626351668,-0.3024145564223,,0.509766186040036,-0.748282544827431,,,,-1.06808848059975,,0.940470039321129,,-0.305966325444987,,,,,,,,,,,,,-0.000232906581174916,,,0.0166775386243855,0.96595032864,,,,,0.238189994830378,,-0.184749797857708,,-1.49794982518557,,,,,,,-0.31463834670385,,,,,,56.2176,102,258.059803921569,457.120588235294,740.480392156863,258.88431372549,257.235294117647,452.54705882353,461.694117647059,749.794117647059,731.166666666667,0
167.0144,1.7526074598324,-0.322745563645037,,0.532068376371029,-0.730055300574753,,,,-1.05250789712462,,0.959316708820049,,-0.322881892750875,,,,,,,,,,,,,-0.0132163027151595,,,-0.0036209726097712,0.95634260912661,,,,,0.222803256650524,,-0.158179112928807,,-1.48786704877049,,,,,,,-0.289235954808175,,,,,,56.32,103,303.416990291262,460.768446601942,779.228155339806,302.558252427184,304.27572815534,452.654368932039,468.882524271845,794.708737864078,763.747572815534,0
167.1168,1.7309256995528,-0.342161448431204,,0.553725046280822,-0.710222915976449,,,,-1.03702863168787,,0.978194324127056,,-0.338609744617294,,,,,,,,,,,,,-0.0255150521708283,,,-0.0238026374008327,0.946862077303186,,,,,0.207326970195895,,-0.132207589405714,,-1.47615331039136,,,,,,,-0.264382523771005,,,,,,56.4224,102,671.230882352941,448.501470588235,823.642156862745,674.026470588235,668.435294117647,426.837254901961,470.16568627451,857.676470588235,789.607843137255,0
167.2192,1.70749781111186,-0.360621372535934,,0.574696760095055,-0.688821426221426,,,,-1.02163955809013,,0.997087204111234,,-0.353093133629681,,,,,,,,,,,,,-0.0370928760415064,,,-0.0438360126525879,0.937526974794541,,,,,0.19180631932761,,-0.106871715010197,,-1.46279594391536,,,,,,,-0.240134084851646,,,,,,56.5248,103,661.990776699029,457.028640776699,867.873786407767,675.817475728155,648.164077669903,431.115533980583,482.941747572816,916.291262135922,819.456310679612,0
167.3216,1.68239491983575,-0.378089939315131,,0.594947452582455,-0.665891952004261,,,,-1.00632772733128,,1.01597846922215,,-0.366278531653906,,,,,,,,,,,,,-0.0479175615465614,,,-0.0636887086339153,0.928354786265521,,,,,0.176287419601329,,-0.0822053384204136,,-1.44778719627482,,,,,,,-0.216546561032715,,,,,,56.6272,102,1077.68676470588,482.755392156863,883.352941176471,1070.42647058824,1084.94705882353,469.070588235294,496.440196078431,941.352941176471,825.352941176471,0
167.424,1.65569189145641,-0.394537267998162,,0.614444562483471,-0.641480366787423,,,,-0.991078440494333,,1.03485032838386,,-0.378115792439476,,,,,,,,,,,,,-0.0579611056704247,,,-0.0833275321503914,0.919362120534331,,,,,0.160817277394261,,-0.0582395872122502,,-1.43112425468479,,,,,,,-0.193675497258668,,,,,,56.7296,102,1315.18382352941,508.344607843137,829.544117647059,1316.14705882353,1314.22058823529,506.182352941177,510.506862745098,895.294117647059,763.794117647059,0
167.5264,1.62746678243845,-0.409939036539687,,0.633159084669914,-0.61563696540115,,,,-0.975875342176261,,1.05368434505828,,-0.388558304072843,,,,,,,,,,,,,-0.067199834516088,,,-0.102718645468418,0.910564597280399,,,,,0.145443725128528,,-0.0350028110461121,,-1.4128092405933,,,,,,,-0.171575793131587,,,,,,56.832,103,1318.4,510.622330097087,784.203883495146,1322.19514563107,1314.60485436893,511.97572815534,509.268932038835,849.281553398058,719.126213592233,0
167.6288,1.59780029977562,-0.424276478048595,,0.651065547224913,-0.588416129647431,,,,-0.960700531514206,,1.07246168512059,,-0.397563145562888,,,,,,,,,,,,,-0.0756144873333479,,,-0.121827738011534,0.901976738181531,,,,,0.130215336280729,,-0.0125205465497624,,-1.39284917305031,,,,,,,-0.150301433862504,,,,,,56.9344,102,1320.52941176471,497.101960784314,744.308823529412,1321.82450980392,1319.23431372549,502.353921568628,491.85,807.43137254902,681.186274509804,0
167.7312,1.56677527512308,-0.437536317690518,,0.6681419188548,-0.559875989126949,,,,-0.945534691192016,,1.09116334801041,,-0.405091272726417,,,,,,,,,,,,,-0.0831902484226141,,,-0.140620210962659,0.893611860070996,,,,,0.115181319746671,,0.00918449833612316,,-1.37125591346198,,,,,,,-0.129905210982643,,,,,,57.0368,103,1328.61699029126,503.193689320388,720.563106796117,1335.36601941748,1321.86796116505,508.819417475728,497.567961165049,780.495145631068,660.631067961165,0
167.8336,1.53447615878312,-0.449710647302908,,0.6843694497853,-0.530078080785814,,,,-0.930357237709975,,1.10977038370424,,-0.411107749742286,,,,,,,,,,,,,-0.0899167180743588,,,-0.15906137920643,0.885481968582788,,,,,0.10039138817092,,0.030092440296143,,-1.34804609891979,,,,,,,-0.110438427196869,,,,,,57.1392,102,1335.59411764706,496.045588235294,718.004901960784,1343.25490196078,1327.93333333333,501.687254901961,490.403921568627,775.205882352941,660.803921568627,0
167.936,1.50098853258893,-0.460796744401442,,0.699732446653251,-0.499087009656685,,,,-0.915146499572699,,1.12826409950922,,-0.415582019790013,,,,,,,,,,,,,-0.0957878253989271,,,-0.177116694214464,0.877597651585363,,,,,0.085895595282248,,0.0501861955883332,,-1.32324105990628,,,,,,,-0.0919505824276681,,,,,,57.2416,102,1384.24950980392,477.980882352941,717.686274509804,1392.32843137255,1376.17058823529,479.260784313726,476.700980392157,772.823529411765,662.549019607843,0
168.0384,1.46639863702346,-0.470796848207288,,0.714217980440004,-0.466970111427483,,,,-0.899879929112591,,1.14662626128062,,-0.41848819522471,,,,,,,,,,,,,-0.100801691615109,,,-0.194751987823227,0.869967972613689,,,,,0.0717441382307148,,0.0694514359346971,,-1.29686671453249,,,,,,,-0.0744890352788261,,,,,,57.344,103,1495.26262135922,426.520388349515,710.883495145631,1508.83786407767,1481.68737864078,410.745631067961,442.295145631068,766.78640776699,654.980582524272,0
168.1408,1.43079290942962,-0.479717901664533,,0.727815533049583,-0.433797115293191,,,,-0.884534347251895,,1.16483929203743,,-0.419805350141164,,,,,,,,,,,,,-0.104960450186944,,,-0.211933736456455,0.86260036696499,,,,,0.0579871159643716,,0.0878765316051282,,-1.26895343689001,,,,,,,-0.0580986298939001,,,,,,57.4464,102,1467.13578431373,347.600980392157,713.441176470588,1482.62058823529,1451.65098039216,327.1,368.101960784314,771.196078431373,655.686274509804,0
168.2432,1.39425752933461,-0.487571253912789,,0.740516605116264,-0.399639796628981,,,,-0.869086211693844,,1.18288646661248,,-0.419517798234156,,,,,,,,,,,,,-0.108270025526005,,,-0.228629344978966,0.855500545351296,,,,,0.0446742336809797,,0.10545248868467,,-1.23953589887211,,,,,,,-0.0428212840512672,,,,,,57.5488,103,1359.21165048544,86.4543689320388,717.650485436893,1388.51067961165,1329.91262135922,55.947572815534,116.961165048544,774.388349514563,660.912621359223,0
168.3456,1.35687796404701,-0.494372308150913,,0.752314319218368,-0.364571599600133,,,,-0.853511891506432,,1.20075209315329,,-0.417615325929622,,,,,,,,,,,,,-0.110739876452337,,,-0.244807442889843,0.848672411392189,,,,,0.0318544548728697,,0.122172884088566,,-1.20865287061999,,,,,,,-0.0286955551373032,,,,,,57.6512,102,1373.6137254902,74.2985294117647,732.882352941177,1401.70392156863,1345.52352941176,48.2156862745098,100.38137254902,791.039215686275,674.725490196079,0
168.448,1.3187385112657,-0.500140109648332,,0.763203040929144,-0.328667217717574,,,,-0.837787933469113,,1.21842166721709,,-0.414093339945119,,,,,,,,,,,,,-0.112382723516074,,,-0.260438176613052,0.842118000039023,,,,,0.0195756182146468,,0.138033795187443,,-1.17634694316698,,,,,,,-0.0157562198990791,,,,,,57.7536,102,1393.44460784314,52.1450980392157,753.441176470588,1423.37058823529,1363.51862745098,34.4196078431373,69.8705882352941,814.980392156863,691.901960784314,0
168.5504,1.27992185396761,-0.504896898787242,,0.773178014633896,-0.29200215526017,,,,-0.821891321390202,,1.23588199118722,,-0.408952904809476,,,,,,,,,,,,,-0.113214284606928,,,-0.275493479337905,0.835837441314445,,,,,0.00788404733490372,,0.153033711558047,,-1.14266414386527,,,,,,,-0.00403390555972712,,,,,,57.856,103,1411.26019417476,27.9781553398058,772.359223300971,1436.72427184466,1385.79611650485,17.4631067961165,38.4932038834951,837.669902912622,707.04854368932,0
168.6528,1.24050866942487,-0.508667687920605,,0.782234998960759,-0.254652330237968,,,,-0.805799740690993,,1.25312125923106,,-0.40220068528528,,,,,,,,,,,,,-0.113253035816968,,,-0.289947307099717,0.829828946375316,,,,,-0.00317581387654773,,0.167173409774825,,-1.10765346512611,,,,,,,0.00644519743535421,,,,,,57.9584,102,1346.14656862745,-6.53235294117647,791.651960784314,1369.41470588235,1322.87843137255,-29.1460784313726,16.0813725490196,856.843137254902,726.460784313726,0
168.7552,1.20057733707456,-0.511479923108849,,0.790369895286666,-0.216693775032007,,,,-0.789491852808085,,1.27012910364966,,-0.393848833461337,,,,,,,,,,,,,-0.112520005500797,,,-0.303775841199445,0.824088806901574,,,,,-0.0135617130973186,,0.180455777721555,,-1.0713663718655,,,,,,,0.0156595204633932,,,,,,58.0608,103,1372.81019417476,-23.2043689320388,788.558252427185,1394.41941747573,1351.20097087379,-37.1135922330097,-9.29514563106796,855.961165048544,721.155339805825,0
168.8576,1.1602037588378,-0.513363253765422,,0.79757837528074,-0.178202448761186,,,,-0.772947573854755,,1.28689659602102,,-0.383914852533066,,,,,,,,,,,,,-0.111038603837973,,,-0.316957665725618,0.818611402421198,,,,,-0.0232338435701317,,0.19288559080797,,-1.03385634667516,,,,,,,0.0235921979671076,,,,,,58.1632,102,1408.20147058824,-64.9852941176471,774.254901960784,1432.68039215686,1383.72254901961,-74.6980392156863,-55.2725490196079,843.5,705.009803921569,0
168.96,1.11946127369909,-0.514349388933771,,0.803855520483237,-0.139254142858514,,,,-0.756148351155532,,1.3034161997806,,-0.372421451458293,,,,,,,,,,,,,-0.108834476701335,,,-0.329473930735324,0.813389219700393,,,,,-0.0321550643020931,,0.204469255378674,,-0.995178496784603,,,,,,,0.0302310648003307,,,,,,58.2656,102,1526.72696078431,-95.3220588235294,767.995098039216,1558.40196078431,1495.05196078431,-103.226470588235,-87.4176470588235,839.176470588235,696.813725490196,0
169.0624,1.07842063562746,-0.514471991802046,,0.809195494909657,-0.0999244446778221,,,,-0.739077428380672,,1.31968167389553,,-0.359396395640409,,,,,,,,,,,,,-0.105935353917941,,,-0.341308505369594,0.808412889889994,,,,,-0.0402911159904923,,0.215214542214721,,-0.955389226240031,,,,,,,0.0355686003125213,,,,,,58.368,103,1657.72184466019,-99.6781553398058,773.208737864078,1696.14077669903,1619.30291262136,-105.887378640777,-93.4689320388349,848.242718446602,698.174757281553,0
169.1648,1.03715002306578,-0.513766561593822,,0.813591279151245,-0.0602887110259821,,,,-0.72172008574177,,1.33568793893088,,-0.344872345282261,,,,,,,,,,,,,-0.102370869294295,,,-0.352448112790833,0.803671244091334,,,,,-0.0476108371077315,,0.225130338851035,,-0.914545962262644,,,,,,,0.0396018453415581,,,,,,58.4704,102,1699.67941176471,-140.364215686275,792.014705882353,1734.88235294118,1664.47647058824,-140.428431372549,-140.3,868.088235294118,715.941176470588,0
169.2672,0.995715057343471,-0.512270276638734,,0.81703448901204,-0.0204220111817539,,,,-0.704063846337339,,1.35143092186622,,-0.328886644431792,,,,,,,,,,,,,-0.0981723635942421,,,-0.362882427992233,0.799151389790449,,,,,-0.0540863615237148,,0.234226442418809,,-0.872706893580108,,,,,,,0.042332296050799,,,,,,58.5728,103,1742.9854368932,-189.515533980583,801.805825242719,1781.26310679612,1704.70776699029,-192.422330097087,-186.608737864078,880.116504854369,723.495145631068,0
169.3696,0.954178823297987,-0.510021801494135,,0.819515281757532,0.0196009708610132,,,,-0.686098648588202,,1.36690737970172,,-0.3114810167084,,,,,,,,,,,,,-0.0933726949526527,,,-0.372604123555594,0.794838813888882,,,,,-0.05969328218467,,0.242513392370896,,-0.829930667312221,,,,,,,0.0437657559094924,,,,,,58.6752,102,1503.51323529412,156.899509803921,857.96568627451,1527.30196078431,1479.72450980392,149.88137254902,163.917647058824,933.872549019608,782.058823529412,0
169.472,0.912601896841328,-0.50706107464146,,0.821022333344043,0.0597060593080458,,,,-0.667816991128729,,1.38211470011677,,-0.292701168370139,,,,,,,,,,,,,-0.088006063102077,,,-0.381608868285339,0.790717510465875,,,,,-0.0644107810978429,,0.250002327891408,,-0.786276035663496,,,,,,,0.0439121360760876,,,,,,58.7776,102,1285.44166666667,514.194607843137,902.607843137255,1301.93137254902,1268.95196078431,511.050980392157,517.338235294118,965.970588235294,839.245098039216,0
169.5744,0.871042385090226,-0.503429096541825,,0.821542864083282,0.09981971266853,,,,-0.649214059959769,,1.39705069991239,,-0.272596347312979,,,,,,,,,,,,,-0.0821078419157072,,,-0.389895297900432,0.786770121578057,,,,,-0.0682217326539728,,0.256704859849414,,-0.741801492651535,,,,,,,0.0427852252947811,,,,,,58.88,103,1045.82475728155,546.3,950.218446601942,1053.63689320388,1038.01262135922,537.223300970874,555.376699029126,1007.50485436893,892.932038834952,0
169.6768,0.829555978920941,-0.499167731508998,,0.82106269709124,0.139869140135029,,,,-0.63028784593751,,1.41171344648488,,-0.251218904092159,,,,,,,,,,,,,-0.075714419754682,,,-0.397464972823986,0.782978078975877,,,,,-0.0711127830467528,,0.262632957308331,,-0.696564940253244,,,,,,,0.0404024615563838,,,,,,58.9824,102,780.485294117647,595.63431372549,959.563725490196,793.525490196078,767.445098039216,585.113725490196,606.154901960784,998.068627450981,921.058823529412,0
169.7792,0.78819601109259,-0.494319520002134,,0.819566345202381,0.179782410953772,,,,-0.611039254377716,,1.42610110924169,,-0.228623869083671,,,,,,,,,,,,,-0.0688630489237625,,,-0.404322328822258,0.77932173938448,,,,,-0.073074403258732,,0.267798853812051,,-0.650623397586533,,,,,,,0.0367847235746165,,,,,,59.0848,103,785.170388349515,594.095145631068,907.135922330097,796.926213592233,773.414563106796,583.31359223301,604.876699029126,939.21359223301,875.058252427185,0
169.8816,0.747013507580792,-0.488927485147618,,0.817037129546349,0.21948857056719,,,,-0.591472203052145,,1.44021183395377,,-0.204868541819623,,,,,,,,,,,,,-0.0615916991864407,,,-0.410474623472367,0.77578051055725,,,,,-0.0741009143550696,,0.272214979038444,,-0.604032752797919,,,,,,,0.0319561450267447,,,,,,59.1872,102,785.017647058824,586.428921568627,845.64705882353,793.020588235294,777.014705882353,574.978431372549,597.879411764706,876,815.294117647059,0
169.984,0.706057221133864,-0.483034920512054,,0.813457330940155,0.258917773410166,,,,-0.571593704685178,,1.45404362855791,,-0.180012091872662,,,,,,,,,,,,,-0.0539389074587649,,,-0.41593188113707,0.772332969460547,,,,,-0.0741904896634567,,0.275893915404151,,-0.55684755453409,,,,,,,0.025943946881956,,,,,,59.2896,102,783.652941176471,580.802450980392,772.651960784314,790.782352941177,776.523529411765,572.510784313726,589.094117647059,803.892156862745,741.411764705882,0
170.0864,0.665373647107139,-0.476685159080929,,0.808808368778105,0.298001429174873,,,,-0.551413934131324,,1.46759425328457,,-0.154115178600609,,,,,,,,,,,,,-0.0459436219499104,,,-0.420706836204902,0.768956975921116,,,,,-0.0733451396866109,,0.278848372535894,,-0.509120839551152,,,,,,,0.0187782797592248,,,,,,59.392,103,782.319902912621,569.409223300971,729.038834951456,789.435922330097,775.203883495146,562.767961165049,576.050485436893,760.04854368932,698.029126213592,0
170.1888,0.625007031562623,-0.469921333702562,,0.803071000825701,0.336672354044811,,,,-0.53094628289517,,1.48086112076059,,-0.127239597849702,,,,,,,,,,,,,-0.0376450467218569,,,-0.424814870985997,0.765629784137291,,,,,-0.0715706805028909,,0.281091173222044,,-0.460903995441388,,,,,,,0.0104920700917508,,,,,,59.4944,102,825.143137254902,565.189215686275,718.274509803922,835.706862745098,814.579411764706,560.385294117647,569.993137254902,750.5,686.049019607843,0
170.2912,0.584999380507832,-0.462786141800536,,0.796225539096243,0.374864923640903,,,,-0.510207404306821,,1.49384121857913,,-0.0994479574400095,,,,,,,,,,,,,-0.0290824949173962,,,-0.428273945265744,0.762328152517632,,,,,-0.0688766840330114,,0.282635245955161,,-0.412246659248114,,,,,,,0.00112086894714701,,,,,,59.5968,103,960.576699029126,547.450970873786,706.097087378641,978.055339805825,943.098058252427,538.902912621359,555.999029126214,745.029126213592,667.165048543689,0
170.3936,0.545390471123128,-0.455321622023674,,0.788252076943018,0.412515230922294,,,,-0.489217253784294,,1.50653106098127,,-0.0708033758571341,,,,,,,,,,,,,-0.0202952549623103,,,-0.431104518445847,0.759028449927434,,,,,-0.0652764121258635,,0.283493615711764,,-0.363196647275114,,,,,,,-0.00929729303472953,,,,,,59.6992,102,947.844607843137,547.875980392157,698.401960784314,962.617647058824,933.071568627451,543.386274509804,552.36568627451,739.264705882353,657.539215686275,0
170.496,0.506217861325319,-0.447568942291766,,0.779130725810478,0.449561253116125,,,,-0.467999123603317,,1.51892666837866,,-0.0413691996973686,,,,,,,,,,,,,-0.0113224649898956,,,-0.433329467571403,0.755706754682589,,,,,-0.0607867386593708,,0.283679386312823,,-0.313799906215729,,,,,,,-0.0207220379048021,,,,,,59.8016,102,945.149019607843,545.831862745098,689.225490196079,957.524509803922,932.773529411765,544.683333333333,546.980392156863,728.176470588235,650.274509803922,0
170.5984,0.467516897729334,-0.439568196683452,,0.768841867085176,0.485943024617442,,,,-0.446579660542341,,1.53102356929048,,-0.011208742802428,,,,,,,,,,,,,-0.00220298439376974,,,-0.434974003719606,0.752338943953024,,,,,-0.0554280612110013,,0.283205717236417,,-0.264100481199649,,,,,,,-0.0331107553142553,,,,,,59.904,103,938.285436893204,541.781067961165,682.54854368932,950.125242718447,926.445631067961,540.690291262136,542.871844660194,719.553398058253,645.543689320388,0
170.7008,0.429320728411618,-0.431358213564376,,0.757366424213241,0.521602805278574,,,,-0.424988853041578,,1.54281681495494,,0.0196149522283327,,,,,,,,,,,,,0.00702474479473486,,,-0.436065587102227,0.748900774497058,,,,,-0.0492242007004519,,0.282085801899284,,-0.214140503891503,,,,,,,-0.0464187029548453,,,,,,60.0064,102,923.873039215686,540.077941176471,684.774509803922,933.85,913.896078431373,541.183333333333,538.972549019608,722.127450980392,647.421568627451,0
170.8032,0.391660326494,-0.422976379896544,,0.744686153063187,0.556485236414098,,,,-0.403259985232186,,1.55430099434746,,0.051039338566851,,,,,,,,,,,,,0.0163228463166829,,,-0.436633839292849,0.745367957661057,,,,,-0.0422022876985078,,0.280332851031491,,-0.163960204341518,,,,,,,-0.0605990981432016,,,,,,60.1088,103,487.62572815534,340.814563106796,704.45145631068,490.682524271845,484.568932038835,319.467961165049,362.161165048544,736.553398058253,672.349514563107,0
170.9056,0.354564521741068,-0.414458484172506,,0.730783947332863,0.590537486136284,,,,-0.381429562472336,,1.56547024345289,,0.0830025815176647,,,,,,,,,,,,,0.025654164162709,,,-0.436710450291724,0.741716231033139,,,,,-0.0343926360520889,,0.277960082989626,,-0.113597948878963,,,,,,,-0.0756032012145352,,,,,,60.2112,102,419.799019607843,313.83137254902,701.970588235294,428.717647058824,410.880392156863,305.876470588235,321.786274509804,717.117647058824,686.823529411765,0
171.008,0.318060028306853,-0.405838576404711,,0.715644158835072,0.623709390474707,,,,-0.359537210087821,,1.57631825219541,,0.11544375995727,,,,,,,,,,,,,0.0349824207284174,,,-0.436329078785535,0.737921425975764,,,,,-0.0258286034664981,,0.274980721745803,,-0.0630903043430698,,,,,,,-0.0913803877242077,,,,,,60.3136,102,374.026470588235,344.428431372549,697.485294117647,382.595098039216,365.457843137255,336.961764705882,351.895098039216,710.28431372549,684.686274509804,0
171.1104,0.282171455345696,-0.397148840796503,,0.69925292726356,0.655953597039312,,,,-0.337625543077114,,1.58683827268632,,0.148303040727979,,,,,,,,,,,,,0.0442723792292375,,,-0.435525244826436,0.733959527511458,,,,,-0.0165464352642295,,0.271407999336343,,-0.0124721250040007,,,,,,,-0.107878209142876,,,,,,60.416,103,105.877184466019,590.132038834951,698.422330097087,115.250485436893,96.5038834951456,590.463106796117,589.800970873786,702.038834951456,694.805825242719,0
171.2128,0.246921294065227,-0.388419482610103,,0.681598505440515,0.687225715593283,,,,-0.315740004090381,,1.59702312508114,,0.181521820740708,,,,,,,,,,,,,0.053490009811703,,,-0.43433621428212,0.729806724533547,,,,,-0.00658508586124727,,0.267255157710119,,0.0382233405231351,,,,,,,-0.125042447510001,,,,,,60.5184,102,113.562745098039,597.898529411765,715.274509803922,124.192156862745,102.933333333333,595.528431372549,600.26862745098,714.019607843137,716.529411764706,0
171.3152,0.212329886047629,-0.379678644620839,,0.662671568584605,0.7174844723355,,,,-0.293928665298788,,1.60686519390471,,0.215042840300634,,,,,,,,,,,,,0.0626026533752217,,,-0.432800873753022,0.725439451948832,,,,,0.00401398605745449,,0.262535448164183,,0.0889643172882248,,,,,,,-0.142817172343165,,,,,,60.6208,103,115.44854368932,599.028155339806,752.655339805825,123.754368932039,107.142718446602,598.825242718447,599.231067961165,751.757281553398,753.553398058253,0
171.4176,0.178415383623993,-0.370952372593167,,0.642465506708818,0.746691858131093,,,,-0.272241988525113,,1.61635640879828,,0.248810270917695,,,,,,,,,,,,,0.0715791773204057,,,-0.430959594664451,0.720834428244433,,,,,0.015207047635607,,0.257262130630026,,0.139720336120021,,,,,,,-0.161144805256229,,,,,,60.7232,102,123.578921568627,602.624509803922,773.004901960784,129.819607843137,117.338235294118,600.872549019608,604.376470588235,776.901960784314,769.107843137255,0
171.52,0.145193704310269,-0.362264637432171,,0.620976704349357,0.774813265137235,,,,-0.250732543376066,,1.62548820566177,,0.282769777394481,,,,,,,,,,,,,0.0803901245353166,,,-0.428854086565363,0.715968692171189,,,,,0.0269483396952601,,0.251448475683401,,0.190462022723449,,,,,,,-0.179966192611255,,,,,,60.8256,102,850.424019607843,459.560784313726,774.504901960784,832.127450980392,868.720588235294,455.195098039216,463.926470588235,801.392156862745,747.617647058824,0
171.6224,0.112678468506386,-0.353637408145334,,0.598204810099273,0.801817614922653,,,,-0.229454688501092,,1.63425147335536,,0.316868561974716,,,,,,,,,,,,,0.0890078577326743,,,-0.426527240267696,0.710819642740593,,,,,0.0391903320342279,,0.245107770105257,,0.241160851688323,,,,,,,-0.199220683491433,,,,,,60.928,103,1196.74805825243,410.975242718447,735.257281553398,1197.37669902913,1196.11941747573,404.985436893204,416.965048543689,794.427184466019,676.087378640777,0
171.7248,0.0808809131576378,-0.345090761730012,,0.574152997515639,0.827677479626407,,,,-0.208464215796667,,1.64263650596786,,0.351055415821194,,,,,,,,,,,,,0.0974066886254576,,,-0.424022958877313,0.705365091400705,,,,,0.0518839781480892,,0.238253326187445,,0.29178889458658,,,,,,,-0.218846214079539,,,,,,61.0304,102,1229.34558823529,419.04068627451,728.377450980392,1227.27156862745,1231.41960784314,421.789215686275,416.292156862745,798.21568627451,658.539215686275,0
171.8272,0.0498097863664866,-0.33664300918279,,0.54882822122299,0.852369192613175,,,,-0.187817950896621,,1.65063298253012,,0.38528081313868,,,,,,,,,,,,,0.105562964974592,,,-0.421385969425363,0.699583343880987,,,,,0.0649789660631022,,0.230898497826892,,0.342318602270079,,,,,,,-0.238779411390186,,,,,,61.1328,103,1267.68495145631,425.481553398058,736,1264.05145631068,1271.31844660194,434.695145631068,416.267961165049,806.582524271845,665.417475728155,0
171.9296,0.0194712291959913,-0.32831081413343,,0.522241471588576,0.875872953608152,,,,-0.167573311544645,,1.65822997720013,,0.419497072104934,,,,,,,,,,,,,0.113455084343792,,,-0.418661605623518,0.693453330224395,,,,,0.078423964511718,,0.223056708988664,,0.392722645833891,,,,,,,-0.25895573685379,,,,,,61.2352,102,1308.99705882353,433.614705882353,748.774509803922,1306.21764705882,1311.77647058824,446.655882352941,420.573529411765,818.117647058824,679.43137254902,0
172.032,-0.0101313493163127,-0.320109292787642,,0.494408025118363,0.898172939602371,,,,-0.147787837872984,,1.66541598493999,,0.453658576249303,,,,,,,,,,,,,0.121063419931877,,,-0.415895558331614,0.686954787125743,,,,,0.0921668632415267,,0.214741495844997,,0.442973809658909,,,,,,,-0.279309681722425,,,,,,61.3376,102,1251.34019607843,495.440196078431,779.725490196079,1244.89411764706,1257.7862745098,502.412745098039,488.467647058824,846.166666666667,713.28431372549,0
172.1344,-0.0389973909884213,-0.312052098503857,,0.465347683182735,0.91925741821436,,,,-0.12851870637148,,1.67217895674718,,0.487722025142352,,,,,,,,,,,,,0.128370173872398,,,-0.413133599745106,0.680068478185708,,,,,0.106155008232171,,0.205966554868967,,0.493044921755566,,,,,,,-0.299775008604242,,,,,,61.44,103,1133.50145631068,585.719902912621,809.650485436893,1129.27669902913,1137.72621359223,593.366990291262,578.072815533981,864.660194174757,754.640776699029,0
172.2368,-0.0671292915756616,-0.304151487429785,,0.435084992529708,0.939118850182261,,,,-0.109822231686525,,1.67850635938667,,0.521646684944421,,,,,,,,,,,,,0.135359196081856,,,-0.410421292130001,0.67277643073266,,,,,0.120335434764828,,0.196745787094662,,0.542908827596509,,,,,,,-0.320285020199287,,,,,,61.5424,102,1209.30980392157,599.577450980392,819.210784313726,1204.8137254902,1213.80588235294,611.867647058824,587.287254901961,869.480392156863,768.941176470588,0
172.3392,-0.0945324858501105,-0.29641835225809,,0.403649441568618,0.957753973609264,,,,-0.0917533645440689,,1.68438526859706,,0.555394620161561,,,,,,,,,,,,,0.142015806085665,,,-0.407803691709468,0.665062172825795,,,,,0.134655096635598,,0.187093337569016,,0.592538415427242,,,,,,,-0.340772833159303,,,,,,61.6448,103,1282.80242718447,615.14854368932,825.97572815534,1276.88058252427,1288.72427184466,624.207766990291,606.08932038835,876.058252427185,775.893203883495,0
172.4416,-0.121215501420681,-0.288862227478608,,0.371075625475107,0.975163858529857,,,,-0.0743652036976467,,1.68980248273328,,0.588930887541273,,,,,,,,,,,,,0.148326636817083,,,-0.405325056435063,0.656910961443334,,,,,0.149061083792485,,0.177023637352452,,0.641906669212782,,,,,,,-0.361171640436229,,,,,,61.7472,102,1363.00980392157,630.545098039216,834.549019607843,1354.12647058824,1371.8931372549,636.767647058824,624.322549019608,888.21568627451,780.882352941176,0
172.544,-0.147189957300395,-0.281491286358577,,0.337403374092809,0.991353913383333,,,,-0.0577085404490596,,1.69474464491393,,0.622223674332113,,,,,,,,,,,,,0.154279500993712,,,-0.403028563691341,0.64830999722771,,,,,0.163500823318208,,0.166551453200597,,0.690986711358548,,,,,,,-0.381414954699429,,,,,,61.8496,102,994.428921568628,630.468137254902,891.686274509804,982.691176470588,1006.16666666667,621.122549019608,639.813725490196,953.147058823529,830.225490196079,0
172.6464,-0.172470496730329,-0.274312340774074,,0.302677839921263,1.00633384019926,,,,-0.0418314441918754,,1.69919837944795,,0.6552443747487,,,,,,,,,,,,,0.159863275032916,,,-0.400956040568628,0.639248622099101,,,,,0.177922268373956,,0.155691941521599,,0.739751818765273,,,,,,,-0.401436833405712,,,,,,61.952,103,1011.88398058252,652.524757281554,881.247572815534,1003.82912621359,1019.93883495146,654.438834951456,650.610679611651,918.456310679612,844.038834951456,0
172.7488,-0.197074662328165,-0.267330842539926,,0.266949546817631,1.02011755280678,,,,-0.0267788856060927,,1.70315045176501,,0.68796760559392,,,,,,,,,,,,,0.165067800806704,,,-0.399147706917467,0.62971849580174,,,,,0.192274084339363,,0.144460698319088,,0.788175413132271,,,,,,,-0.421172090664808,,,,,,62.0544,102,1053.84901960784,658.973529411765,877.455882352941,1043.56568627451,1064.13235294118,663.351960784314,654.595098039216,911.588235294118,843.323529411765,0
172.8512,-0.221022721018482,-0.260550892904562,,0.230274400512314,1.03272306188847,,,,-0.0125923923453708,,1.70658794736946,,0.720371160003094,,,,,,,,,,,,,0.169883806864116,,,-0.397641930694885,0.619713749509162,,,,,0.206505834961927,,0.132873797716588,,0.836231023209713,,,,,,,-0.440556504067738,,,,,,62.1568,103,1093.15048543689,661.992718446602,870.203883495146,1081.74951456311,1104.55145631068,662.936893203884,661.04854368932,912.883495145631,827.52427184466,0
172.9536,-0.244337434272557,-0.253975281144353,,0.19271366078731,1.04417230734082,,,,0.000690261205215717,,1.70949845367227,,0.752435896314738,,,,,,,,,,,,,0.174302843140097,,,-0.396474995475106,0.609231118022306,,,,,0.220568163870829,,0.12094781361582,,0.883892213051308,,,,,,,-0.459527027244634,,,,,,62.2592,102,1140.12843137255,670.39362745098,865.877450980392,1130.74019607843,1149.51666666667,669.054901960784,671.732352941177,916.872549019608,814.882352941176,0
173.056,-0.267043766582855,-0.247605570940362,,0.154333873781209,1.0544909166818,,,,0.0130353276539223,,1.71187023072816,,0.784145559510372,,,,,,,,,,,,,0.178317220556022,,,-0.395680880985857,0.598270052715376,,,,,0.234412966608503,,0.10869981992997,,0.931132476321529,,,,,,,-0.478022016864736,,,,,,62.3616,102,1189.58725490196,669.675490196078,865.553921568627,1180.96470588235,1198.20980392157,671.83431372549,667.516666666667,921.147058823529,809.960784313726,0
173.1584,-0.289168534799124,-0.241442237608258,,0.115206760789207,1.06370788934132,,,,0.0244133259371884,,1.71369236753506,,0.815486535431156,,,,,,,,,,,,,0.181919954714849,,,-0.395291057602681,0.586832815759084,,,,,0.247993550227104,,0.0961473659888115,,0.977925101747427,,,,,,,-0.495981474462585,,,,,,62.464,103,804.769417475728,537.253883495146,875.771844660194,772.485436893204,837.053398058252,528.844660194175,545.663106796117,928.320388349515,823.223300970874,0
173.2608,-0.310740009954202,-0.235484844411601,,0.0754090624062197,1.07185522607296,,,,0.0347992460604008,,1.71495492867481,,0.846447548799552,,,,,,,,,,,,,0.185104720619277,,,-0.395334294415383,0.574924555559415,,,,,0.261264778212043,,0.0833084261348151,,1.02424301484523,,,,,,,-0.513347295261571,,,,,,62.5664,102,230.655882352941,343.060294117647,867.303921568627,213.209803921569,248.101960784314,331.666666666667,354.453921568627,891.098039215686,843.509803921569,0
173.3632,-0.331787489546493,-0.229732232823522,,0.035022348306092,1.07896753285962,,,,0.0441727125609322,,1.71564909247686,,0.877019335190075,,,,,,,,,,,,,0.187865827179348,,,-0.395836480664403,0.562553363460085,,,,,0.274183201305782,,0.0702013271851059,,1.07005860561325,,,,,,,-0.530063512715862,,,,,,62.6688,103,276.355339805825,360.966504854369,851.242718446602,266.128155339806,286.582524271845,357.803883495146,364.129126213592,865.78640776699,836.699029126214,0
173.4656,-0.352340867911142,-0.224182691718296,,-0.00586718686502552,1.08508163509394,,,,0.0525180990390615,,1.71576726786112,,0.907194329800149,,,,,,,,,,,,,0.190198216976558,,,-0.396820463040219,0.549730310291843,,,,,0.286707177990742,,0.0568446632851861,,1.115343560868,,,,,,,-0.546076526112727,,,,,,62.7712,102,310.45,369.685294117647,850.68137254902,298.835294117647,322.064705882353,370.632352941177,368.738235294118,866.813725490196,834.549019607843,0
173.568,-0.372430232050561,-0.218834078337002,,-0.0471689246711919,1.09023623039639,,,,0.0598245898034111,,1.71530317203374,,0.936966407618461,,,,,,,,,,,,,0.192097488769808,,,-0.398305903711549,0.536469458577281,,,,,0.29879698810171,,0.0432572100428707,,1.16006872065562,,,,,,,-0.561335297869136,,,,,,62.8736,102,342.800490196078,385.883823529412,865.186274509804,334.456862745098,351.144117647059,386.261764705882,385.505882352941,884.294117647059,846.078431372549,0
173.6704,-0.39208548891933,-0.213683889007732,,-0.0887880181143605,1.09447158231028,,,,0.0660861887342208,,1.71425186433463,,0.966330685873895,,,,,,,,,,,,,0.193559932432788,,,-0.400309164254345,0.522787844938557,,,,,0.310414941427791,,0.0294578460369844,,1.20420396643075,,,,,,,-0.575791511183481,,,,,,62.976,103,794.988834951456,513.644660194175,884.529126213592,784.303883495146,805.673786407767,503.473786407767,523.815533980583,921.776699029126,847.281553398058,0
173.7728,-0.411336012297494,-0.208729298688869,,-0.130625588407944,1.09782923657679,,,,0.0713016786683829,,1.71260974425966,,0.995283378791116,,,,,,,,,,,,,0.194582563632145,,,-0.402843218842727,0.508705428429374,,,,,0.32152548336302,,0.0154654830167744,,1.2477181361665,,,,,,,-0.589399687722757,,,,,,63.0784,102,842.959803921569,505.35931372549,823.147058823529,835.320588235294,850.599019607843,498.060784313726,512.657843137255,880.06862745098,766.225490196079,0
173.8752,-0.430210305518169,-0.203967192627522,,-0.172578932578381,1.10035174401358,,,,0.075474536634609,,1.71037452168603,,1.02382168706637,,,,,,,,,,,,,0.195163148060631,,,-0.405917596932045,0.494245001895585,,,,,0.332095300282016,,0.00129900197164379,,1.2905789616457,,,,,,,-0.602117271738574,,,,,,63.1808,103,854.915048543689,468.933009708738,752.247572815534,843.166990291262,866.663106796116,474.036893203884,463.829126213592,812.815533980583,691.679611650485,0
173.9776,-0.448735689713332,-0.1993942029126,,-0.21454174777435,1.10208238539901,,,,0.0786128109580959,,1.70754516098152,,1.05194370892584,,,,,,,,,,,,,0.195300212568202,,,-0.409538354728599,0.479432064919957,,,,,0.342093425362504,,-0.0130228077240162,,1.33275303356141,,,,,,,-0.613904688238376,,,,,,63.2832,102,871.196568627451,444.993137254902,699.838235294118,863.73431372549,878.658823529412,453.791176470588,436.195098039216,752.705882352941,646.970588235294,0
174.08,-0.466938022822611,-0.195006746916092,,-0.256404372976762,1.10306489996563,,,,0.0807289641920925,,1.70412179459284,,1.0796483727802,,,,,,,,,,,,,0.194993049728107,,,-0.41370807768943,0.464294659227321,,,,,0.351491342666544,,-0.0274813086694962,,1.37420580637299,,,,,,,-0.624725383316982,,,,,,63.3856,102,884.311274509804,422.636274509804,652.622549019608,875.922549019608,892.7,431.617647058824,413.654901960784,695.607843137255,609.637254901961,0
174.1824,-0.484841445823701,-0.190801058082393,,-0.298054044839591,1.10334322150704,,,,0.0818396813594724,,1.70010560292894,,1.10693540675605,,,,,,,,,,,,,0.19424172469634,,,-0.418425918559803,0.448863167877965,,,,,0.360263087964234,,-0.0420580782144014,,1.41490165123584,,,,,,,-0.634545854751848,,,,,,63.488,103,896.892718446602,396.396116504854,610.514563106796,889.735922330097,904.049514563107,392.57572815534,400.216504854369,645.184466019418,575.844660194175,0
174.2848,-0.50246815612986,-0.186773201070243,,-0.339375167144649,1.10296122845117,,,,0.0819656446905412,,1.69549866873118,,1.13380536085697,,,,,,,,,,,,,0.193047093337401,,,-0.423687673679509,0.433170078485125,,,,,0.368385347193074,,-0.0567349725553531,,1.45480395917161,,,,,,,-0.643335676066756,,,,,,63.5904,102,905.66568627451,383.26568627451,585.759803921569,898.471568627451,912.859803921569,376.213725490196,390.317647058824,615.578431372549,555.941176470588,0
174.3872,-0.519838215310609,-0.182919056052493,,-0.380249603406023,1.10196251916629,,,,0.0811312889376735,,1.69030382366586,,1.16025967518178,,,,,,,,,,,,,0.191410847600351,,,-0.429485896904638,0.417249714464718,,,,,0.375837551692286,,-0.0714941832620639,,1.49387529235526,,,,,,,-0.651067510046098,,,,,,63.6928,103,917.106796116505,369.736893203884,580.218446601942,910.521359223301,923.692233009709,365.610679611651,373.863106796117,607.980582524272,552.456310679612,0
174.4896,-0.536969396444149,-0.179234248584374,,-0.420557009458926,1.10039022811322,,,,0.0793645611533397,,1.68452450295436,,1.18630076378489,,,,,,,,,,,,,0.189335606209981,,,-0.435810046475026,0.401137948143407,,,,,0.38260196231199,,-0.0863182734802884,,1.53207757338221,,,,,,,-0.657717104891145,,,,,,63.7952,102,991.272549019608,439.49068627451,593.911764705882,988.941176470588,993.603921568628,443.552941176471,435.428431372549,622.93137254902,564.892156862745,0
174.592,-0.553877067614274,-0.175714017421932,,-0.460175217970891,1.09828689036073,,,,0.0766966997503587,,1.67816461746223,,1.21193207915938,,,,,,,,,,,,,0.186825054967981,,,-0.442646654834523,0.384871915863948,,,,,0.388663727909643,,-0.101190184931363,,1.5693722903889,,,,,,,-0.663263270096711,,,,,,63.8976,102,1000.18578431373,426.657843137255,616.480392156863,998.764705882353,1001.6068627451,423.596078431373,429.719607843137,645.519607843137,587.441176470588,0
174.6944,-0.570574104938323,-0.172353038950526,,-0.498980677211862,1.09569434506701,,,,0.0731620282140445,,1.67122844946371,,1.23715812958197,,,,,,,,,,,,,0.183884127973241,,,-0.449979511076471,0.368489748183414,,,,,0.394010908973818,,-0.116093216370619,,1.60572069405782,,,,,,,-0.667687836079497,,,,,,64,103,962.857281553398,529.43932038835,624.533980582524,961.948543689321,963.766019417476,526.117475728155,532.761165048544,651.73786407767,597.330097087379,0
174.7968,-0.587070838960348,-0.16914522105508,,-0.536848948292163,1.09265366689593,,,,0.0687977505024066,,1.6637205742494,,1.26198443129264,,,,,,,,,,,,,0.180519224491568,,,-0.457789856323201,0.352030311115372,,,,,0.398634474598903,,-0.131010984145918,,1.64108398020468,,,,,,,-0.67097560340311,,,,,,64.1024,102,929.023039215686,652.409803921569,612.911764705882,932.61862745098,925.427450980392,643.996078431373,660.823529411765,636.598039215686,589.225490196079,0
174.8992,-0.603375049618356,-0.166083451976979,,-0.573655273983377,1.08920512870318,,,,0.0636437432943244,,1.65564580160322,,1.28641739097618,,,,,,,,,,,,,0.176738462762959,,,-0.466056602401131,0.335532943559424,,,,,0.402528290032934,,-0.145927377082749,,1.67542347301497,,,,,,,-0.673114281146271,,,,,,64.2048,103,933.693689320388,633.66213592233,606.140776699029,939.923300970874,927.464077669903,623.993203883495,643.331067961165,630.330097087379,581.95145631068,0
175.0016,-0.619492016416148,-0.163159296157375,,-0.609275226210456,1.08538819928434,,,,0.0577423501331197,,1.64700912627286,,1.31046412367122,,,,,,,,,,,,,0.172551964940373,,,-0.474756577773419,0.31903718246744,,,,,0.405689101611207,,-0.16082650962213,,1.70870082493355,,,,,,,-0.674094409526227,,,,,,64.3072,102,880.949019607843,816.454901960784,624.196078431373,890.608823529412,871.289215686275,806.507843137255,826.401960784314,648.598039215686,599.794117647059,0
175.104,-0.63542460681009,-0.160362666917306,,-0.64358541636746,1.08124156204096,,,,0.0511381816634862,,1.6378156779535,,1.33413221428846,,,,,,,,,,,,,0.167972155196769,,,-0.483864790573667,0.302582481730586,,,,,0.408116512694887,,-0.175692671119853,,1.74087823281579,,,,,,,-0.67390926796266,,,,,,64.4096,102,874.779901960784,870.69705882353,641.348039215686,884.904901960784,864.654901960784,858.5,882.894117647059,666.43137254902,616.264705882353,0
175.2064,-0.651173374726763,-0.157681520866232,,-0.676464234041207,1.07680313298985,,,,0.0438779185487191,,1.62807065985032,,1.35742943943365,,,,,,,,,,,,,0.163014049394784,,,-0.493354694961367,0.28620793736678,,,,,0.409812943084703,,-0.190510271727411,,1.77191865997717,,,,,,,-0.672554778614054,,,,,,64.512,103,880.082038834952,855.557281553398,675.344660194175,889.485436893204,870.678640776699,839.065048543689,872.049514563107,705.52427184466,645.165048543689,0
175.3088,-0.666736653996593,-0.155101603539636,,-0.707792579288213,1.07211006787276,,,,0.0360101096059278,,1.6177792610813,,1.38036347544331,,,,,,,,,,,,,0.157695512892546,,,-0.503198451533032,0.269952027538715,,,,,0.410783571913882,,-0.205263787955567,,1.80178605492407,,,,,,,-0.670029415416461,,,,,,64.6144,102,888.413725490196,848.172549019608,721.460784313726,893.200980392157,883.626470588235,831.578431372549,864.766666666667,754.911764705882,688.009803921569,0
175.4112,-0.682110652047598,-0.15260626105221,,-0.737454568421427,1.06719876013646,,,,0.0275849593657569,,1.60694653525001,,1.40294161340692,,,,,,,,,,,,,0.152037457854251,,,-0.51336717615621,0.253852369423598,,,,,0.411036271405811,,-0.219937711270965,,1.83044555883417,,,,,,,-0.666334124500412,,,,,,64.7168,103,898.042233009709,843.083980582524,764.776699029126,907.536893203884,888.547572815534,822.738834951456,863.429126213592,801.514563106796,728.038834951456,0
175.5136,-0.697289558320977,-0.15017632570247,,-0.765338212181255,1.06210483476049,,,,0.0186541017784017,,1.59557725099648,,1.42517048940692,,,,,,,,,,,,,0.146063954561863,,,-0.523831175433337,0.237945491652316,,,,,0.410581540928602,,-0.234516506763019,,1.85786369772796,,,,,,,-0.661472263969335,,,,,,64.8192,102,941.228494283932,806.01844308743,781.138866139371,948.352029654837,934.104958913026,785.281020093988,826.755866080872,822.144952195754,740.132780082988,0
175.616,-0.712265677603674,-0.147790079056173,,-0.791336075767644,1.05686313984065,,,,0.00927035817262519,,1.58367572199722,,1.44705583167864,,,,,,,,,,,,,0.139802244542921,,,-0.534560170934055,0.22226662045957,,,,,0.409432447318657,,-0.248984592796922,,1.88400856440179,,,,,,,-0.655449574606263,,,,,,64.9216,102,1032.59814692569,730.815951527725,763.494624669936,1032.44318181818,1032.7531120332,714.011363636364,747.620539419087,809.590909090909,717.398340248963,0.42156862745098
175.7184,-0.727029592913176,-0.145423294296749,,-0.815345930073831,1.05150773575668,,,,-0.000512520493626523,,1.57124561580842,,1.46860222629859,,,,,,,,,,,,,0.133282653538004,,,-0.545523514495214,0.206849478540455,,,,,0.407604571465239,,-0.26332634952994,,1.90884999850636,,,,,,,-0.648274189553458,,,,,,65.024,103,1112.98793783125,654.509385915089,757.989164441269,1106.55765465779,1119.41822100471,643.813853004895,665.204918825283,810.62079756078,705.357531321758,0
175.8208,-0.741570363045726,-0.143049356749631,,-0.837271400655371,1.04607188600225,,,,-0.0106401258788119,,1.55828973627175,,1.48981290375151,,,,,,,,,,,,,0.126538406718349,,,-0.556690394065443,0.191726096954379,,,,,0.40511595591853,,-0.277526155948376,,1.93235976692071,,,,,,,-0.639956682670024,,,,,,65.1264,102,1116.35294117647,611.226960784314,772.352941176471,1106.93529411765,1125.77058823529,609.01568627451,613.438235294118,826.450980392157,718.254901960784,0
175.9232,-0.755875757042614,-0.140639457296458,,-0.857022620078269,1.04058805454206,,,,-0.0210576797432583,,1.5448097716606,,1.51068954443668,,,,,,,,,,,,,0.119605354636686,,,-0.568030027782093,0.176926640492434,,,,,0.401987045971917,,-0.291568447199479,,1.95451173890337,,,,,,,-0.630510145989902,,,,,,65.2288,103,794.696601941748,558.38640776699,804.932038834951,789,800.393203883495,551.563106796117,565.209708737864,850.699029126214,759.165048543689,0
176.0256,-0.769932514288622,-0.138162850583818,,-0.87451688671181,1.0350879047612,,,,-0.031710338876222,,1.53080600142105,,1.53123209464269,,,,,,,,,,,,,0.112521628407644,,,-0.579511845078932,0.162479245880417,,,,,0.398240617744148,,-0.305437780045598,,1.97528204689782,,,,,,,-0.619950278565331,,,,,,65.3312,102,794.022058823529,563.524509803922,821.68137254902,790.838235294118,797.205882352941,560.756862745098,566.292156862745,863.617647058824,779.745098039216,0
176.128,-0.783726607722049,-0.135587160933659,,-0.889679323090589,1.02960228997032,,,,-0.0425435140085314,,1.51627697172871,,1.55143858668139,,,,,,,,,,,,,0.105327254875237,,,-0.591105656022159,0.148409872359466,,,,,0.393901691299208,,-0.3191188942536,,1.99464922671696,,,,,,,-0.60829546659872,,,,,,65.4336,102,825.932352941176,550.16862745098,800.039215686275,812.077450980392,839.787254901961,544.567647058824,555.769607843137,846.049019607843,754.029411764706,0
176.2304,-0.797243492252696,-0.132878703173768,,-0.902443511679,1.02416123535496,,,,-0.0535031869107475,,1.50121917998133,,1.57130496589661,,,,,,,,,,,,,0.0980637701170219,,,-0.602781811149247,0.134742165814346,,,,,0.38899743319599,,-0.332596759319445,,2.01259434014803,,,,,,,-0.595566840685636,,,,,,65.536,103,1081.10970873786,351.633009708738,747.76213592233,1065.6145631068,1096.60485436893,347.322330097087,355.943689320388,805.320388349515,690.203883495146,0
176.3328,-0.810468335591657,-0.130002781396658,,-0.912752079974843,1.0187939237314,,,,-0.0645362010808833,,1.48562682170833,,1.59082492775574,,,,,,,,,,,,,0.0907738601417236,,,-0.614511353250198,0.121497338057659,,,,,0.383557055909751,,-0.345856599820769,,2.02910109056908,,,,,,,-0.581788307229043,,,,,,65.6384,102,1097.0318627451,363.726470588235,727.137254901961,1082.93137254902,1111.13235294118,362.238235294118,365.214705882353,789.156862745098,665.117647058824,0
176.4352,-0.823386239667145,-0.126923945482113,,-0.920557219761335,1.01352869851999,,,,-0.0755905062813521,,1.46949163445837,,1.60998975745468,,,,,,,,,,,,,0.0835010338263697,,,-0.626266160720257,0.10869406136833,,,,,0.377611718637368,,-0.358883899388699,,2.04415593675027,,,,,,,-0.566986560314599,,,,,,65.7408,103,1313.09902912621,584.852912621359,709.922330097087,1305.64077669903,1320.5572815534,585.806796116505,583.899029126214,778.47572815534,641.368932038835,0
176.5376,-0.83598245989595,-0.123606208881022,,-0.925821142928684,1.00839308683337,,,,-0.0866153521814718,,1.45280284232252,,1.6287881582903,,,,,,,,,,,,,0.0762893169867069,,,-0.63801908073647,0.0963483772091076,,,,,0.371194428990266,,-0.371664389002269,,2.05774819649967,,,,,,,-0.551191081888762,,,,,,65.8432,102,1291.04656862745,565.55,698.941176470588,1283.57450980392,1298.51862745098,568.387254901961,562.712745098039,768.156862745098,629.725490196079,0
176.64,-0.848242623541285,-0.120013241363659,,-0.928516480841254,1.00341383553586,,,,-0.097561437908582,,1.43554718803569,,1.64720606314735,,,,,,,,,,,,,0.0691829588206282,,,-0.649744050882785,0.0844736183378449,,,,,0.364339942676446,,-0.384184027763001,,2.06987012917815,,,,,,,-0.53443413538734,,,,,,65.9456,102,1096.45245098039,290.256862745098,703.495098039216,1089.09215686275,1103.81274509804,281.271568627451,299.242156862745,764.28431372549,642.705882352941,0
176.7424,-0.860152946536701,-0.116108543899465,,-0.928626628324888,0.998616953393303,,,,-0.108381027604492,,1.41770903691862,,1.66522643707775,,,,,,,,,,,,,0.0622261513422474,,,-0.661416209287798,0.0730803444986375,,,,,0.357084658624915,,-0.39642898305664,,2.08051699598409,,,,,,,-0.51675075566127,,,,,,66.048,103,1096.47669902913,299.165533980583,704.864077669903,1093.63203883495,1099.3213592233,290.81359223301,307.517475728155,756.291262135922,653.436893203884,0
176.8448,-0.871700448696207,-0.111855603927126,,-0.926146027374723,0.994027759083387,,,,-0.119028042582136,,1.39927053688917,,1.68282908860957,,,,,,,,,,,,,0.055462767381688,,,-0.67301199413499,0.0621762925351876,,,,,0.349466507384961,,-0.408385611169987,,2.08968710409899,,,,,,,-0.498178733944757,,,,,,66.1504,102,1080.62205882353,303.799509803922,709.18137254902,1077.42254901961,1083.82156862745,299.807843137255,307.791176470588,760.186274509804,658.176470588235,0
176.9472,-0.882873167975406,-0.107218025362075,,-0.921080380228694,0.989670942611568,,,,-0.129458140476981,,1.38021182213577,,1.69999051550162,,,,,,,,,,,,,0.0489361238573906,,,-0.684509233581739,0.0517663413945847,,,,,0.341524831935922,,-0.420040433855221,,2.0973818452142,,,,,,,-0.478758591901437,,,,,,66.2528,103,859.730097087379,367.183495145631,723.330097087379,851.969902912621,867.490291262136,362.294174757282,372.072815533981,768.368932038835,678.291262135922,0
177.0496,-0.893660375905807,-0.10215962986254,,-0.913446777569645,0.98557065070473,,,,-0.139628790173165,,1.36051125833813,,1.7166838169381,,,,,,,,,,,,,0.0426887746854777,,,-0.695887227697052,0.0418524905349224,,,,,0.333300265842324,,-0.431380107681875,,2.10360574490582,,,,,,,-0.458533539078914,,,,,,66.3552,102,856.326470588235,375.107352941177,727.970588235294,851.23137254902,861.421568627451,371.911764705882,378.302941176471,768.71568627451,687.225490196079,0
177.152,-0.904052791809433,-0.0966445414944093,,-0.903273734479147,0.981750591914196,,,,-0.149499348034276,,1.34014573286055,,1.73287869491815,,,,,,,,,,,,,0.0367623273724433,,,-0.707126824331176,0.0324338477131146,,,,,0.324834618491435,,-0.442391389128137,,2.1083665334468,,,,,,,-0.43754941259783,,,,,,66.4576,102,858.905882352941,526.277450980392,748.960784313726,856.052941176471,861.758823529412,528.299019607843,524.255882352941,791.245098039216,706.676470588235,0
177.2544,-0.914042784179276,-0.0906372822641326,,-0.890601142443198,0.978234135353651,,,,-0.159031134779618,,1.31909098248841,,1.74854154040398,,,,,,,,,,,,,0.0311972676866749,,,-0.718210489567025,0.0235066232656591,,,,,0.316170772138488,,-0.453061103821489,,2.11167522975569,,,,,,,-0.415854601953334,,,,,,66.56,103,861.88640776699,603.697087378641,756.300970873786,858.350485436893,865.422330097088,610.070873786408,597.323300970874,798.553398058253,714.04854368932,0
177.3568,-0.923624545905495,-0.0841028975691342,,-0.875480152062398,0.975044377490615,,,,-0.168187507102825,,1.29732193989567,,1.76363557840115,,,,,,,,,,,,,0.0260327825479168,,,-0.729122372060679,0.0150641338223222,,,,,0.307352586754144,,-0.463376129835188,,2.11354621966324,,,,,,,-0.393499963037348,,,,,,66.6624,102,863.025,608.230882352941,763.009803921569,861.012745098039,865.037254901961,613.551960784314,602.909803921569,801.627450980392,724.392156862745,0
177.4592,-0.932794233274268,-0.0770071144216862,,-0.857972992189037,0.972204166209295,,,,-0.176933920363589,,1.27481308694543,,1.7781210471469,,,,,,,,,,,,,0.0213065828653508,,,-0.739848360712474,0.00709682253094878,,,,,0.298424806551681,,-0.473323399258153,,2.11399731265792,,,,,,,-0.370538723729391,,,,,,66.7648,103,863.130582524272,611.096116504854,756.407766990291,861.280582524272,864.980582524272,613.622330097087,608.569902912621,794.495145631068,718.320388349515,0
177.5616,-0.941550061063772,-0.0693165314078583,,-0.838152720813348,0.969736078964025,,,,-0.18523798572305,,1.25153881554084,,1.79195540142934,,,,,,,,,,,,,0.0170547305470092,,,-0.750376135485453,-0.000407698921478989,,,,,0.289432964870568,,-0.482889912960596,,2.11304976859505,,,,,,,-0.347026379757037,,,,,,66.8672,102,507.151960784314,631.306862745098,748.632352941177,505.093137254902,509.210784313726,624.516666666667,638.09705882353,785.264705882353,712,0
177.664,-0.949892353788313,-0.0609988367348656,,-0.816102899812252,0.967662358803177,,,,-0.193069528504962,,1.2274737984844,,1.80509354581921,,,,,,,,,,,,,0.013311473936194,,,-0.760695211649016,-0.0074645861919391,,,,,0.280423287644461,,-0.492062760787533,,2.1107282972705,,,,,,,-0.323020575473511,,,,,,66.9696,102,439.869607843137,651.887254901961,728.323529411765,437.545098039216,442.194117647059,660.96862745098,642.805882352941,747.441176470588,709.205882352941,0
177.7664,-0.957823560272089,-0.0520230490793045,,-0.791917188968781,0.966004817686417,,,,-0.200400651364865,,1.2025933701811,,1.81748811280395,,,,,,,,,,,,,0.0101090963826008,,,-0.770796978692801,-0.0140916798731798,,,,,0.271442597554928,,-0.500829146540147,,2.10706104377403,,,,,,,-0.298580963092946,,,,,,67.072,103,964.746116504854,615.530097087379,729.708737864078,951.600970873787,977.891262135922,618.060194174757,613,759.660194174757,699.757281553398,0
177.8688,-0.965348234538681,-0.0423597831941824,,-0.76569886566043,0.964784710364308,,,,-0.20720580029539,,1.17687391696206,,1.82908979990334,,,,,,,,,,,,,0.00747777573955118,,,-0.780674734547637,-0.0203094095708349,,,,,0.262538217673855,,-0.509176425536422,,2.10207957093765,,,,,,,-0.27376903650309,,,,,,67.1744,102,1154.67009803922,600.847549019608,727.421568627451,1154.31470588235,1155.02549019608,606.924509803922,594.770588235294,778.813725490196,676.029411764706,0
177.9712,-0.972472977213213,-0.0319815488415006,,-0.737560288465522,0.964022571616402,,,,-0.213461828584211,,1.15029327314232,,1.83984777042645,,,,,,,,,,,,,0.0054454436412904,,,-0.790323712930498,-0.0261406872069676,,,,,0.25375786783034,,-0.517092162140105,,2.09581883811828,,,,,,,-0.248647935919796,,,,,,67.2768,103,1148.9072815534,606.735436893204,740.131067961165,1146.47669902913,1151.33786407767,615.115533980583,598.355339805825,798.883495145631,681.378640776699,0
178.0736,-0.979206327383426,-0.020863091269725,,-0.707622320190949,0.963738004733005,,,,-0.219148054091815,,1.12283111273868,,1.84971010932962,,,,,,,,,,,,,0.00403763368719222,,,-0.799741099593285,-0.0316107895720998,,,,,0.24514954593089,,-0.524564206352266,,2.0883171626572,,,,,,,-0.223282217108254,,,,,,67.3792,102,1142.61666666667,609.937745098039,751.661764705882,1136.98725490196,1148.24607843137,616.819607843137,603.055882352941,809.21568627451,694.107843137255,0
178.176,-0.985558595360038,-0.00898177641799654,,-0.67601370992341,0.963949411357251,,,,-0.224246307441709,,1.09446933102609,,1.85862431369485,,,,,,,,,,,,,0.00327731626473906,,,-0.80892603465648,-0.0367472283974008,,,,,0.236761391338313,,-0.531580782304393,,2.07961614753553,,,,,,,-0.197737581840337,,,,,,67.4816,102,1136.19705882353,609.1,755.166666666667,1131.61470588235,1140.77941176471,611.030392156863,607.169607843137,808.166666666667,702.166666666667,0
178.2784,-0.991541626557722,0.00368198162520688,,-0.642870422586156,0.964673657418115,,,,-0.228740971979894,,1.06519242460937,,1.86653779339554,,,,,,,,,,,,,0.00318472411871015,,,-0.817879602020859,-0.041579605235913,,,,,0.228641533587266,,-0.538130582289768,,2.06976056464117,,,,,,,-0.172080573328948,,,,,,67.584,103,1106.99902912621,609.38786407767,757.004854368932,1104.94077669903,1109.0572815534,609.556310679612,609.219417475728,807.611650485437,706.398058252427,0
178.3808,-0.997168484302325,0.017144253631428,,-0.60833490374528,0.965925669984983,,,,-0.232619017897691,,1.03498788589384,,1.87339836815172,,,,,,,,,,,,,0.00377716976014826,,,-0.82660480841233,-0.0461394482707956,,,,,0.220837929994081,,-0.544202864626888,,2.0587981876835,,,,,,,-0.14637824244637,,,,,,67.6864,102,1004.67892156863,602.005392156863,752.132352941177,1005.06176470588,1004.29607843137,603.407843137255,600.602941176471,798.696078431373,705.568627450981,0
178.4832,-1.00245304569442,0.0314170879995173,,-0.572555272355932,0.967717959798728,,,,-0.235870031793493,,1.00384661783215,,1.87915476410805,,,,,,,,,,,,,0.00506884896874007,,,-0.835106551591994,-0.0504600292279976,,,,,0.213398190388872,,-0.549787557613174,,2.04677957452051,,,,,,,-0.120697787292272,,,,,,67.7888,103,1001.11844660194,601.454368932039,738.441747572816,998.546601941748,1003.69029126214,601.25145631068,601.657281553398,784.174757281553,692.708737864078,0
178.5856,-1.00740952449046,0.0465079653507068,,-0.535684448221346,0.970060075357082,,,,-0.238486240247741,,0.971763358433162,,1.8837571168477,,,,,,,,,,,,,0.00707062507778073,,,-0.843391574848075,-0.0545761612056255,,,,,0.206369385158149,,-0.554875372238428,,2.03375781008364,,,,,,,-0.0951061664787396,,,,,,67.8912,102,1000.3568627451,595.888725490196,730.911764705882,1002.58725490196,998.126470588235,590.646078431373,601.13137254902,776.745098039216,685.078431372549,0
178.688,-1.01205195541131,0.0624192346384935,,-0.497879240554604,0.97295802010742,,,,-0.240462521195084,,0.938737103067568,,1.88715747881708,,,,,,,,,,,,,0.0097898000222819,,,-0.851468407880819,-0.0585239832343636,,,,,0.199797835234949,,-0.559457921909497,,2.01978823233641,,,,,,,-0.0696696897025718,,,,,,67.9936,102,799.56568627451,689.844117647059,735.068627450981,793.979411764706,805.151960784314,674.576470588235,705.111764705882,780.78431372549,689.352941176471,0
178.7904,-1.01639368189558,0.0791475730185461,,-0.459299430711488,0.97641368784284,,,,-0.241796395605222,,0.904771528000247,,1.88931032316133,,,,,,,,,,,,,0.0132298912742369,,,-0.859347298668869,-0.0623407421109262,,,,,0.193728885991543,,-0.563527840295873,,2.00492816713277,,,,,,,-0.0444535977955483,,,,,,68.096,103,621.944660194175,793.744660194175,709.655339805825,617.835922330097,626.053398058253,772.654368932039,814.834951456311,742.679611650485,676.631067961165,0
178.8928,-1.02044688158517,0.09668351288807,,-0.420106871233316,0.980424367452468,,,,-0.2424880007805,,0.869875422539865,,1.89017303367728,,,,,,,,,,,,,0.0173904359579276,,,-0.867040141314475,-0.0660645802955368,,,,,0.188206673333038,,-0.567078883853631,,1.98923668737832,,,,,,,-0.0195216516431549,,,,,,68.1984,102,640.915196078431,794.358823529412,682.161764705882,638.777450980392,643.052941176471,780.922549019608,807.795098039216,712.950980392157,651.372549019608,0
178.9952,-1.02422214978204,0.115011057544065,,-0.380464611139042,0.984982340920455,,,,-0.242540055927396,,0.834063116786217,,1.88970636704467,,,,,,,,,,,,,0.0222668350453054,,,-0.874560401883112,-0.0697343308852104,,,,,0.183273895930181,,-0.570106007970116,,1.97277439336358,,,,,,,0.00506425184747587,,,,,,68.3008,103,574.076213592233,731.543203883495,664.553398058253,571.364077669903,576.788349514563,728.032038834952,735.054368932039,693.757281553398,635.349514563107,0
179.0976,-1.02772814955937,0.134107387292843,,-0.340536054770321,0.990074574599605,,,,-0.241957828554704,,0.797354875611533,,1.88787487458605,,,,,,,,,,,,,0.0278502409143281,,,-0.881923041811094,-0.0733893149354375,,,,,0.178971603603479,,-0.572605414588076,,1.95560320229447,,,,,,,0.0292444256478459,,,,,,68.4032,102,492.504901960784,643.369117647059,667.573529411765,487.996078431373,497.013725490196,633.508823529412,653.229411764706,696.617647058824,638.529411764706,0
179.2,-1.03097132732543,0.153942653833824,,-0.300484161861722,0.995682494181719,,,,-0.240749100971497,,0.759777238587627,,1.88464727956446,,,,,,,,,,,,,0.0341274839329371,,,-0.889144438976071,-0.0770691362325162,,,,,0.175339000766562,,-0.574574577607491,,1.9377861390171,,,,,,,0.0529616972167566,,,,,,68.5056,102,862.264215686275,728.121568627451,689.279411764706,851.8,872.728431372549,722.193137254902,734.05,725.941176470588,652.617647058824,0
179.3024,-1.03395568824312,0.174479865997606,,-0.260470690413809,1.00178183632108,,,,-0.238924131079746,,0.721363302561288,,1.8799968160788,,,,,,,,,,,,,0.0410810303679823,,,-0.896242308289525,-0.0808134713035901,,,,,0.172413256174859,,-0.576012252677643,,1.91938712532277,,,,,,,0.0761616765183759,,,,,,68.608,103,1183.38786407767,827.286407766991,689.155339805825,1181.55145631068,1185.22427184466,830.180582524272,824.392233009709,745.252427184466,633.058252427185,0
179.4048,-1.03668263297902,0.195674870988388,,-0.220655473672702,1.00834257802005,,,,-0.236495606928748,,0.682152950035093,,1.87390154256409,,,,,,,,,,,,,0.0486889678983617,,,-0.903235622264485,-0.084661856468738,,,,,0.170229312096373,,-0.576918471653686,,1.90047076975835,,,,,,,0.0987929972179284,,,,,,68.7104,102,1202.80931372549,829.870588235294,692.980392156863,1200.26666666667,1205.35196078431,830.56862745098,829.172549019608,755.137254901961,630.823529411765,0
179.5072,-1.03915086621186,0.2174764315707,,-0.181195717847872,1.01532895010937,,,,-0.233478604080056,,0.642193028810281,,1.86634464589652,,,,,,,,,,,,,0.0569250208920201,,,-0.910144528351686,-0.0886534774271686,,,,,0.168819693334134,,-0.577294516522823,,1.88110216619556,,,,,,,0.12080754046695,,,,,,68.8128,103,1230.58349514563,834.788349514563,666.029126213592,1229.26019417476,1231.90679611651,840.701941747573,828.874757281553,725.728155339806,606.330097087379,0
179.6096,-1.04135638736887,0.239826407523973,,-0.142245310766226,1.02269954621776,,,,-0.22989055567443,,0.601537490407096,,1.85731474797675,,,,,,,,,,,,,0.0657585985937761,,,-0.916990259516516,-0.0928269666188325,,,,,0.16821431980248,,-0.577142867298974,,1.86134671224399,,,,,,,0.142160649251985,,,,,,68.9152,102,1000.86078431373,839.098039215686,638.946078431373,998.369607843137,1003.35196078431,844.011764705882,834.18431372549,691.56862745098,586.323529411765,0
179.712,-1.04329256804454,0.262660062775528,,-0.103954138493843,1.03040754341929,,,,-0.225751237212924,,0.560247487286773,,1.84680621358198,,,,,,,,,,,,,0.0751548782478546,,,-0.923795036523468,-0.097220209800529,,,,,0.168440323870841,,-0.576467123569477,,1.84126995507547,,,,,,,0.162811341510114,,,,,,69.0176,102,881.045588235294,836.384803921569,626.897058823529,887.564705882353,874.526470588235,838.66862745098,834.100980392157,667.607843137255,586.186274509804,0
179.8144,-1.04495031282821,0.28590651269658,,-0.0664674158675201,1.03840104257323,,,,-0.221082761863257,,0.518391416360998,,1.83481944221361,,,,,,,,,,,,,0.0850749263939339,,,-0.930581960626041,-0.101870160046285,,,,,0.169521872152056,,-0.57527190722869,,1.82093746837057,,,,,,,0.182722525592238,,,,,,69.12,103,936.58786407767,837.908252427185,625.082524271845,945.742718446602,927.433009708738,834.623300970874,841.193203883495,666.223300970874,583.941747572816,0
179.9168,-1.04631829197951,0.309489304295046,,-0.0299250444842242,1.04662351798756,,,,-0.215909580005531,,0.47604489446789,,1.82136112176907,,,,,,,,,,,,,0.0954758605801812,,,-0.937374896052428,-0.106812656576034,,,,,0.171479994075836,,-0.573562756873044,,1.80041476150382,,,,,,,0.201861210325377,,,,,,69.2224,102,995.355392156863,839.980882352941,623.450980392157,1006.5362745098,984.174509803922,837.275490196078,842.686274509804,666.647058823529,580.254901960784,0
180.0192,-1.04738323101429,0.333327108605564,,0.00553899173044212,1.05501435690563,,,,-0.210258477148076,,0.433290657814336,,1.80644443727363,,,,,,,,,,,,,0.106311044969725,,,-0.944198343919143,-0.112082246795453,,,,,0.174332423551223,,-0.571346018459415,,1.77976721727701,,,,,,,0.220198695202837,,,,,,69.3248,103,937.560679611651,770.807766990291,629.121359223301,939.435922330097,935.685436893204,773.2,768.415533980583,670.922330097088,587.320388349515,0
180.1216,-1.04813024778158,0.357334505364196,,0.0397971932999181,1.06350947517683,,,,-0.204158567491416,,0.390218377234804,,1.7900892480794,,,,,,,,,,,,,0.117530304765839,,,-0.95107730930175,-0.117712010807437,,,,,0.17809346095232,,-0.568628729630359,,1.75906005014462,,,,,,,0.237710731204195,,,,,,69.4272,102,750.75637254902,631.713235294118,638.25,747.902941176471,753.609803921569,625.783333333333,637.643137254902,674.127450980392,602.372549019608,0
180.224,-1.04854323517395,0.381422847431362,,0.0727290768917425,1.0720420047644,,,,-0.197641282116893,,0.346924373615493,,1.77232224709429,,,,,,,,,,,,,0.12908014884021,,,-0.958037161073732,-0.123733386869257,,,,,0.182773859306681,,-0.565418491943711,,1.7383582744569,,,,,,,0.254377651713898,,,,,,69.5296,102,777.026470588235,638.98137254902,643.43137254902,782.769607843137,771.283333333333,637.23137254902,640.73137254902,679.186274509804,607.676470588235,0
180.3264,-1.04860528851893,0.40550119515908,,0.104221671343861,1.0805430514004,,,,-0.190740347203367,,0.303511217056983,,1.7531770995195,,,,,,,,,,,,,0.14090400432429,,,-0.965103483539256,-0.130175995670628,,,,,0.188380735340833,,-0.561723323517094,,1.71772666690774,,,,,,,0.270184475724915,,,,,,69.632,103,698.34854368932,540.679126213592,647.441747572816,700.581553398058,696.115533980583,538.990291262136,542.367961165049,682.766990291262,612.116504854369,0
180.4288,-1.04829916907646,0.429477301544964,,0.134169976898641,1.08894251349416,,,,-0.183491743286115,,0.260087208039876,,1.73269455112356,,,,,,,,,,,,,0.152942475380145,,,-0.972301920587878,-0.137067462591097,,,,,0.194917506195897,,-0.557551487640559,,1.6972297030364,,,,,,,0.2851209801431,,,,,,69.7344,102,532.819117647059,394.317156862745,653.06862745098,533.367647058824,532.270588235294,385.941176470588,402.693137254902,683.362745098039,622.774509803922,0
180.5312,-1.04760778167885,0.453258612128221,,0.162477387756173,1.09716993770627,,,,-0.175933637033856,,0.216765755863586,,1.71092250287647,,,,,,,,,,,,,0.165133632562328,,,-0.979658014608323,-0.144433238475944,,,,,0.202383852947034,,-0.55291130343834,,1.67693145452031,,,,,,,0.29918173100977,,,,,,69.8368,103,448.780582524272,454.520388349515,663.349514563107,448.209708737864,449.35145631068,449.105825242718,459.934951456311,693.650485436893,633.04854368932,0
180.6336,-1.0465146350184,0.476753232863537,,0.18905607472646,1.10515537202271,,,,-0.168106281385249,,0.173664676364026,,1.68791604966957,,,,,,,,,,,,,0.177413327471559,,,-0.987197042920284,-0.152296420797949,,,,,0.210775711465465,,-0.547810953679466,,1.65689544503396,,,,,,,0.312366061773654,,,,,,69.9392,102,160.10931372549,809.722549019608,683.941176470588,155.864705882353,164.353921568627,809.198039215686,810.247058823529,708.549019607843,659.333333333333,0
180.736,-1.0450042576679,0.499870824969336,,0.213827316749171,1.1128301744922,,,,-0.160051881219217,,0.130905439568623,,1.66373746784977,,,,,,,,,,,,,0.189715523137805,,,-0.994943855305487,-0.160677578440912,,,,,0.220085293131141,,-0.54225830691521,,1.63718446525916,,,,,,,0.32467798825804,,,,,,70.0416,102,184.077941176471,821.275,704.593137254902,181.240196078431,186.91568627451,809.117647058824,833.432352941176,729.676470588235,679.509803921569,0
180.8384,-1.04306255952478,0.522523405184387,,0.236721770756935,1.12012774860929,,,,-0.151814413798676,,0.0886124046819797,,1.63845613366303,,,,,,,,,,,,,0.201972634202598,,,-1.0029227161452,-0.169594582143954,,,,,0.230301142126651,,-0.53626076896407,,1.61786035194968,,,,,,,0.336126049797841,,,,,,70.144,103,211.323300970874,821.778155339806,734.009708737864,212.32427184466,210.322330097087,819.366019417476,824.190291262136,761.407766990291,706.611650485437,0
180.9408,-1.04067714450382,0.54462604952015,,0.257679683827799,1.12698420008244,,,,-0.14343938729638,,0.0469120529432568,,1.6121483724043,,,,,,,,,,,,,0.214115875308347,,,-1.01115715041205,-0.179062442358493,,,,,0.241408238367016,,-0.529825172031256,,1.59898374329881,,,,,,,0.346723070767787,,,,,,70.2464,102,231.578431372549,833.295098039216,749,226.43431372549,236.722549019608,827.071568627451,839.51862745098,780.196078431373,717.803921568627,0
181.0432,-1.03783758397776,0.566097508059714,,0.276651060948004,1.13333892640383,,,,-0.134973536761872,,0.00593218797035212,,1.5848972466018,,,,,,,,,,,,,0.226075621550825,,,-1.01966978796868,-0.189093161169182,,,,,0.25338815014922,,-0.522957699929593,,1.5806138145801,,,,,,,0.35648585367349,,,,,,70.3488,103,458.92427184466,585.230582524272,765.058252427185,445.481553398058,472.366990291262,580.793203883495,589.667961165049,801.757281553398,728.359223300971,0
181.1456,-1.03453565493198,0.586860741799152,,0.293595793860689,1.13913514884856,,,,-0.126464482862285,,-0.0341989206257138,,1.55679228386359,,,,,,,,,,,,,0.237781789575578,,,-1.02848220399282,-0.199695606819234,,,,,0.266219226423225,,-0.515663842478448,,1.56280798991676,,,,,,,0.365434832639336,,,,,,70.4512,102,573.725,475.833823529412,784.598039215686,565.040196078431,582.409803921569,478.846078431373,472.821568627451,823.06862745098,746.127450980392,0
181.248,-1.03076554595395,0.606843397093106,,0.308483743293737,1.14432039110726,,,,-0.117960383871729,,-0.0733534305087766,,1.52792914857804,,,,,,,,,,,,,0.249164243925969,,,-1.03761476190171,-0.210875412560318,,,,,0.279876805482464,,-0.507948374112009,,1.54562164283981,,,,,,,0.373593718073482,,,,,,70.5536,102,341.153921568628,646.317647058824,821.259803921569,325.273529411765,357.03431372549,645.933333333333,646.701960784314,857.14705882353,785.372549019608,0
181.3504,-1.02652403624431,0.625978234539899,,0.321294762941949,1.14884690991567,,,,-0.109509598747174,,-0.111404815170026,,1.4984092732895,,,,,,,,,,,,,0.260153225516808,,,-1.04708646758776,-0.222634894647252,,,,,0.294333416624003,,-0.499815354671812,,1.52910781236366,,,,,,,0.380989151486499,,,,,,70.656,103,144.041747572816,909.221359223301,820.757281553398,133.444660194175,154.638834951456,904.466990291262,913.97572815534,844.582524271845,796.932038834951,0
181.4528,-1.02181064744561,0.644203522152293,,0.332018660683609,1.15267208098856,,,,-0.101160370617034,,-0.148228716754487,,1.46833945993109,,,,,,,,,,,,,0.270679797585514,,,-1.05691483929022,-0.234972983724278,,,,,0.30955896135898,,-0.491268148820654,,1.51331694840063,,,,,,,0.387650376369318,,,,,,70.7584,102,173.276470588235,909.847058823529,809.323529411765,161.908823529412,184.644117647059,908.86862745098,910.825490196079,829.039215686275,789.607843137255,0
181.5552,-1.0166277611778,0.661463391693898,,0.340655100939532,1.15575873588457,,,,-0.0929605359896453,,-0.183703751150087,,1.43783144207987,,,,,,,,,,,,,0.280676304511022,,,-1.06711579310108,-0.247885167050476,,,,,0.325520872628898,,-0.482309458873948,,1.49829668140783,,,,,,,0.393608922499305,,,,,,70.8608,103,250.881067961165,882.242233009709,805.111650485437,237.656310679612,264.105825242718,869.908737864078,894.57572815534,826.582524271845,783.640776699029,0
181.6576,-1.01098069858133,0.677708152593587,,0.347213453134802,1.1580754445575,,,,-0.0849572592930865,,-0.217712271745994,,1.40700138905029,,,,,,,,,,,,,0.290076835781565,,,-1.07770354238645,-0.26136344314082,,,,,0.342184259433383,,-0.47294136866692,,1.48409160362586,,,,,,,0.398898299133696,,,,,,70.9632,102,325.652450980392,859.363235294118,798.514705882353,312.889215686275,338.41568627451,842.646078431373,876.080392156863,825.823529411765,771.205882352941,0
181.76,-1.00487777072739,0.692894569185205,,0.351712587684363,1.15959675193428,,,,-0.0771967890812545,,-0.250141107391599,,1.37596933924182,,,,,,,,,,,,,0.298817688508304,,,-1.08869050897693,-0.275396294009195,,,,,0.359512046595254,,-0.463165397683899,,1.47074305135617,,,,,,,0.403553698773676,,,,,,71.0656,102,694.577941176471,859.578921568628,797.990196078431,668.68431372549,720.471568627451,849.833333333333,869.324509803922,827.656862745098,768.323529411765,0
181.8624,-0.998330317493934,0.706986124112036,,0.354180619369598,1.16030339161262,,,,-0.0697242309569845,,-0.280882283067818,,1.34485856472506,,,,,,,,,,,,,0.306837829427192,,,-1.1000872451927,-0.289968681339817,,,,,0.377465114878755,,-0.452982561422438,,1.4582888869241,,,,,,,0.407611719067964,,,,,,71.168,103,1304.1567961165,861.456310679612,778.533980582524,1296.67961165049,1311.63398058252,861.350485436893,861.56213592233,834.961165048544,722.106796116505,0
181.9648,-0.991352744174069,0.719953287042101,,0.354654598905396,1.16018249164424,,,,-0.062583329999405,,-0.309833722989568,,1.3137948793036,,,,,,,,,,,,,0.314079360458859,,,-1.11190236837803,-0.305062070254899,,,,,0.396002441191746,,-0.442393431969777,,1.44676328771278,,,,,,,0.411110105710761,,,,,,71.2704,102,1333.35196078431,868.153431372549,757.970588235294,1329.29411764706,1337.40980392157,875.287254901961,861.019607843137,827.235294117647,688.705882352941,0
182.0672,-0.983962542834213,0.731773780014435,,0.353180155733584,1.15922775727254,,,,-0.0558162573502332,,-0.336899938101541,,1.28290590460117,,,,,,,,,,,,,0.320487984708493,,,-1.12414251010945,-0.320654480258042,,,,,0.415081237552752,,-0.431398193740458,,1.43619654652978,,,,,,,0.414087510985294,,,,,,71.3728,103,1370.69805825243,873.019417475728,708.902912621359,1367.0786407767,1374.31747572816,882.066019417476,863.972815533981,780.349514563107,637.456310679612,0
182.1696,-0.976180268953242,0.742432806983001,,0.349811100753834,1.15743959317725,,,,-0.0494634032394041,,-0.361992700990608,,1.25232030756713,,,,,,,,,,,,,0.326013461327887,,,-1.13681227953999,-0.336720561403901,,,,,0.43465708893528,,-0.41999668796573,,1.42661487680465,,,,,,,0.416583263544524,,,,,,71.4752,102,1412.19264705882,867.574509803922,647.137254901961,1409.75784313725,1414.62745098039,879.092156862745,856.056862745098,712.352941176471,581.921568627451,0
182.272,-0.968029445503278,0.751923214146136,,0.344609005005347,1.15482513152554,,,,-0.0435631853974658,,-0.385031699054148,,1.22216702032343,,,,,,,,,,,,,0.330610037627687,,,-1.14991423779094,-0.353231694310767,,,,,0.454684089152637,,-0.408188436282924,,1.41804021357528,,,,,,,0.418637152600706,,,,,,71.5776,102,1453.3318627451,867.954901960784,607.25,1451.71764705882,1454.94607843137,875.927450980392,859.982352941177,667.686274509804,546.813725490196,0
182.3744,-0.959536384179086,0.760245565019661,,0.337642771146498,1.15139815555865,,,,-0.0381518839532405,,-0.405945144663971,,1.19257444674,,,,,,,,,,,,,0.334236855013143,,,-1.16344887909221,-0.370156112961932,,,,,0.475114971956066,,-0.395972634379623,,1.41049000971985,,,,,,,0.420289234640152,,,,,,71.68,103,1485.64077669903,869.441747572816,592.936893203884,1486.57087378641,1484.71067961165,876.528155339806,862.355339805825,648.339805825243,537.533980582524,0
182.4768,-0.950729938542779,0.767408139296487,,0.328988207672441,1.14717893727112,,,,-0.0332635127819456,,-0.424670324313535,,1.16366965260255,,,,,,,,,,,,,0.336858335521179,,,-1.17741461347958,-0.387459049539775,,,,,0.495901235010785,,-0.383348113450541,,1.40397703629549,,,,,,,0.421579670249873,,,,,,71.7824,102,1359.9637254902,847.461274509804,600.857843137255,1350.92843137255,1368.99901960784,848.655882352941,846.266666666667,652.607843137255,549.107843137255,0
182.5792,-0.941641219165703,0.773426879267009,,0.318727608196022,1.14219402308082,,,,-0.0289297331024066,,-0.44115407963672,,1.13557753789297,,,,,,,,,,,,,0.33844455806596,,,-1.19180774666567,-0.40510290094417,,,,,0.516993257149939,,-0.370313277645375,,1.39850919973037,,,,,,,0.422548593007515,,,,,,71.8848,103,280.992313915858,840.356278317152,581.677346278317,273.647572815534,288.337055016181,904.856893203883,775.855663430421,571.982524271845,591.37216828479,0
182.6816,-0.932303293907376,0.778325296336444,,0.306949332573243,1.13647599090429,,,,-0.0251798081244155,,-0.455353218707748,,1.10842000374569,,,,,,,,,,,,,0.338971621297062,,,-1.20662245625905,-0.423047416087322,,,,,0.538340413722766,,-0.356866034052007,,1.39408938699862,,,,,,,0.423236002288928,,,,,,71.9872,102,235.105231481482,867.110907407407,592.778796296296,243.539166666667,226.671296296296,941.917,792.304814814815,566.698333333333,618.859259259259,0.166666666666667
182.784,-0.922750880089074,0.782134327251411,,0.293747383741727,1.13006317949687,,,,-0.0220405903931409,,-0.467234856440945,,1.08231514047908,,,,,,,,,,,,,0.338421973495906,,,-1.2218507667792,-0.441249901186326,,,,,0.559891198037454,,-0.34300373169753,,1.39071534344281,,,,,,,0.423681665718617,,,,,,72.0896,103,269.091574074074,837.32137037037,625.559814814815,274.118333333333,264.064814814815,869.962,804.680740740741,615.556666666667,635.562962962963,0.796116504854369
182.8864,-0.913020027916798,0.784892126091316,,0.279220976737367,1.12299938187585,,,,-0.0195365290040202,,-0.476776682743507,,1.05737646080652,,,,,,,,,,,,,0.336784689427214,,,-1.23748252599131,-0.459665438261848,,,,,0.581593353274537,,-0.328723116204016,,1.38837957787064,,,,,,,0.423925025908993,,,,,,72.192,102,302.341920842411,807.389114015977,661.312599854757,304.153594771242,300.53024691358,798.796274509804,815.98195352215,665.232679738562,657.392519970951,0
182.9888,-0.903147794186841,0.786643797091602,,0.263474101519446,1.11533350203768,,,,-0.0176896831611307,,-0.483967157508104,,1.03371218524621,,,,,,,,,,,,,0.334055691537184,,,-1.25350538399505,-0.478247111443224,,,,,0.603394010821962,,-0.314020295277278,,1.38706928074852,,,,,,,0.424005120735979,,,,,,72.2944,102,339.162745098039,808.505392156863,718.803921568627,338.802941176471,339.522549019608,791.741176470588,825.269607843137,724.921568627451,712.686274509804,0
183.0912,-0.893171904533009,0.787441085880679,,0.246615083716207,1.10711917961068,,,,-0.0165197324751766,,-0.488805632773739,,1.01142457125067,,,,,,,,,,,,,0.330237926794343,,,-1.26990477724845,-0.496946236695726,,,,,0.625239826183902,,-0.298890707380717,,1.38676624127512,,,,,,,0.423960526638813,,,,,,72.3968,103,388.660194174757,820.947572815534,774.888349514563,386.988349514563,390.332038834951,808.71359223301,833.181553398058,783.456310679612,766.320388349515,0
183.1936,-0.883130405358283,0.787342037123493,,0.228756148307716,1.09841438634184,,,,-0.0160439827583426,,-0.491302402798334,,0.990609277194535,,,,,,,,,,,,,0.325341506884096,,,-1.2866639209822,-0.515712592152357,,,,,0.647077106112631,,-0.283329092056483,,1.38744676273934,,,,,,,0.423829323388783,,,,,,72.4992,102,443.407843137255,828.487745098039,819.156862745098,441.049019607843,445.766666666667,810.344117647059,846.63137254902,837.990196078432,800.323529411765,0
183.296,-0.873061313325925,0.786410611658432,,0.210012989488931,1.08928100145243,,,,-0.0162773735008093,,-0.49147868128131,,0.97135476409851,,,,,,,,,,,,,0.319383808063332,,,-1.30376381303868,-0.5344946476716,,,,,0.66885192836033,,-0.267329468039313,,1.38908159282372,,,,,,,0.42364907180295,,,,,,72.6016,103,543.728640776699,828.594174757282,818.52427184466,533.506796116505,553.950485436893,805.495145631068,851.693203883495,854.78640776699,782.26213592233,0
183.3984,-0.863002269294658,0.784716250288555,,0.190504343381502,1.07978437376529,,,,-0.0172324932758839,,-0.489366503261945,,0.953741744760166,,,,,,,,,,,,,0.312389519758303,,,-1.32118325089935,-0.553239793926296,,,,,0.690510262838337,,-0.250885128791388,,1.39163588792094,,,,,,,0.423456795454453,,,,,,72.704,102,1039.95049019608,850.37205882353,785.235294117647,1034.75490196078,1045.14607843137,831.503921568628,869.240196078432,843.245098039216,727.225490196079,0
183.5008,-0.852990195386943,0.782333371142025,,0.17035155528121,1.06999286896165,,,,-0.0189196048343427,,-0.485008550315111,,0.93784268562261,,,,,,,,,,,,,0.304390628500029,,,-1.33889886279778,-0.571894572514653,,,,,0.711998103588876,,-0.233988662486622,,1.3950692209419,,,,,,,0.423288959553058,,,,,,72.8064,102,1115.23039215686,850.172058823529,751.539215686275,1114.15980392157,1116.30098039216,826.854901960784,873.489215686275,817.245098039216,685.833333333333,0
183.6032,-0.843060952629876,0.779340792249261,,0.149678131764601,1.05997739347797,,,,-0.0213466794808224,,-0.478457904371855,,0.923721361092757,,,,,,,,,,,,,0.295426324731629,,,-1.35688515365153,-0.59040490762702,,,,,0.733261615060211,,-0.216631998106025,,1.39933563715352,,,,,,,0.423181441128994,,,,,,72.9088,103,1183.28640776699,855.179611650486,705.830097087379,1178.55242718447,1188.02038834951,848.045631067961,862.31359223301,763.349514563107,648.310679611651,0
183.7056,-0.833249000999161,0.775821082462487,,0.128609266324043,1.04981089120002,,,,-0.0245194412671282,,-0.469777739728443,,0.911432457781709,,,,,,,,,,,,,0.285542826842077,,,-1.37511456749972,-0.608716337972836,,,,,0.754247289168097,,-0.198806477324056,,1.40438376111538,,,,,,,0.423169484676469,,,,,,73.0112,102,1242.33578431373,850.797549019608,652.71568627451,1238.32156862745,1246.35,850.800980392157,850.794117647059,708.156862745098,597.274509803922,0
183.808,-0.82358706153808,0.771859853624838,,0.107271328928984,1.03956781425014,,,,-0.0284414236315897,,-0.459040954180896,,0.901021225696231,,,,,,,,,,,,,0.274793127339306,,,-1.39355756940811,-0.626774247841521,,,,,0.774902106238737,,-0.180502953266639,,1.41015695232422,,,,,,,0.423287641622081,,,,,,73.1136,103,1286.74805825243,842.409708737864,611.558252427184,1286.33398058252,1287.16213592233,845.011650485437,839.807766990291,663.660194174757,559.456310679612,0
183.9104,-0.814105773895539,0.767545005297216,,0.0857913147226581,1.02932356640798,,,,-0.0331140418796525,,-0.446329728901031,,0.892523175735191,,,,,,,,,,,,,0.263236668889845,,,-1.41218275042745,-0.644524098144762,,,,,0.795173696435393,,-0.161711917653577,,1.41659350460097,,,,,,,0.423569696408229,,,,,,73.216,102,1141.07892156863,833.34362745098,598.333333333333,1143.34019607843,1138.81764705882,835.106862745098,831.580392156863,647.303921568627,549.362745098039,0
184.0128,-0.804833340334605,0.762965921497299,,0.064296247232898,1.01915391134316,,,,-0.0385366825136097,,-0.431735003484902,,0.885963828001808,,,,,,,,,,,,,0.25093894658191,,,-1.43095695975902,-0.66191165939421,,,,,0.815010505888692,,-0.142423657400992,,1.42362688956018,,,,,,,0.424048577519236,,,,,,73.3184,102,1156.47009803922,832.013235294118,592.857843137255,1161.16960784314,1151.77058823529,836.192156862745,827.83431372549,635.147058823529,550.568627450981,0
184.1152,-0.79579515028949,0.758212606333283,,0.0429125288594998,1.00913433601449,,,,-0.0447068074506187,,-0.415355852254398,,0.881358518002881,,,,,,,,,,,,,0.237971019139501,,,-1.44984546766846,-0.678883247704643,,,,,0.83436197525423,,-0.122628442524898,,1.4311860489016,,,,,,,0.424756243399992,,,,,,73.4208,103,690.045631067961,730.873300970874,627.684466019418,674.321359223301,705.769902912622,719.453398058252,742.293203883495,658.291262135922,597.077669902913,0
184.2176,-0.787013388873114,0.753374743482881,,0.0217652328907487,0.999339366539341,,,,-0.0516200696674071,,-0.397298751894217,,0.878712262262063,,,,,,,,,,,,,0.224408911109445,,,-1.46881215919348,-0.695385964460792,,,,,0.853178735827132,,-0.102316748206,,1.43919573857296,,,,,,,0.425723533304252,,,,,,73.5232,102,546.044607843137,723.947058823529,645.563725490196,537.576470588235,554.512745098039,715.806862745098,732.087254901961,657.725490196079,633.401960784314,0
184.32,-0.77850664187045,0.748540675168334,,0.000977336938833464,0.989841841955852,,,,-0.0592704335097849,,-0.377676744821856,,0.878019675764045,,,,,,,,,,,,,0.210332898394704,,,-1.4878197553353,-0.711367943517388,,,,,0.871412826157403,,-0.0814795122103106,,1.44757692458989,,,,,,,0.426979982437448,,,,,,73.6256,103,564.50145631068,728.715533980583,672.621359223301,556.876699029126,572.126213592233,726.722330097087,730.708737864078,682.233009708738,663.009708737864,0
184.4224,-0.770289509119628,0.743796312709024,,-0.0193310941084786,0.980712153363619,,,,-0.0676502860364489,,-0.356608520284267,,0.879264933720793,,,,,,,,,,,,,0.195826683769226,,,-1.50683005632397,-0.726778614607121,,,,,0.889017935725853,,-0.0601084231439904,,1.45624722839099,,,,,,,0.428553608940496,,,,,,73.728,102,590.425,740.164215686275,709.019607843137,580.323529411765,600.526470588235,737.550980392157,742.777450980392,717.009803921569,701.029411764706,0
184.5248,-0.762372242308881,0.73922401553302,,-0.0390437574639955,0.972017466388777,,,,-0.0767505202185462,,-0.33421744692451,,0.882421787101082,,,,,,,,,,,,,0.180976489635173,,,-1.52580419537508,-0.741568990061987,,,,,0.905949688147646,,-0.0381962278064535,,1.46512142080403,,,,,,,0.430470682305158,,,,,,73.8304,102,1108.60735294118,822.410784313725,748.240196078431,1097.40196078431,1119.81274509804,805.78431372549,839.037254901961,775.911764705882,720.56862745098,0
184.6272,-0.754760447789618,0.734901505404285,,-0.0580489728930558,0.96382097104856,,,,-0.0865605721805539,,-0.310630589224065,,0.887453663277806,,,,,,,,,,,,,0.165870112026096,,,-1.54470288569828,-0.755691971719157,,,,,0.922165971665201,,-0.0157370408756175,,1.47411196834202,,,,,,,0.432755486876171,,,,,,73.9328,103,1155.4640776699,826.475242718447,767.354368932039,1151.79611650485,1159.13203883495,810.636893203884,842.31359223301,808.582524271845,726.126213592233,0
184.7296,-0.7474549134037,0.730900886448567,,-0.0762405416961765,0.956181216500379,,,,-0.0970684059571314,,-0.2859777222317,,0.8943138858036,,,,,,,,,,,,,0.150595969689307,,,-1.56348665098977,-0.769102663693248,,,,,0.937627302907555,,0.00727336046500795,,1.48312963625661,,,,,,,0.435430102160521,,,,,,74.0352,102,967.281862745098,872.944607843137,785.725490196078,961.704901960784,972.858823529412,859.173529411765,886.71568627451,824.852941176471,746.598039215686,0
184.832,-0.740451594536317,0.727287805528474,,-0.0935185927408778,0.949151567591831,,,,-0.108260457565709,,-0.260390345458056,,0.90294602524451,,,,,,,,,,,,,0.135242159318379,,,-1.58211604156643,-0.781758671565382,,,,,0.952297189722686,,0.0308372699925016,,1.4920841409271,,,,,,,0.438514217813383,,,,,,74.1376,103,835.023300970874,901.394660194175,757.68932038835,833.740776699029,836.305825242719,889.28640776699,913.502912621359,788.252427184466,727.126213592233,0
184.9344,-0.733741740211736,0.724120744244861,,-0.109790388102046,0.942779781164797,,,,-0.120121562515783,,-0.234000708775748,,0.913284362272229,,,,,,,,,,,,,0.11989553056044,,,-1.60055183666688,-0.793620371607775,,,,,0.966142463390741,,0.0549548194454947,,1.50088482331679,,,,,,,0.442024981856517,,,,,,74.24,102,853.376470588235,898.344117647059,737.651960784314,855.521568627451,851.23137254902,881.735294117647,914.952941176471,768.588235294118,706.71568627451,0
185.0368,-0.727312101510624,0.721450414350195,,-0.12497105415131,0.937107669563544,,,,-0.132634888660385,,-0.206940879316756,,0.925254420982809,,,,,,,,,,,,,0.104640813539224,,,-1.61875522556125,-0.80465114279544,,,,,0.979133570629174,,0.079623777495491,,1.50944130195785,,,,,,,0.445976867609536,,,,,,74.3424,102,880.854901960784,900.425980392157,741.063725490196,883.567647058823,878.142156862745,887.118627450981,913.733333333333,776.098039215686,706.029411764706,0
185.1392,-0.72114516761203,0.719319231936872,,-0.138984218264007,0.932170814169059,,,,-0.145781886501491,,-0.179341872442209,,0.938773527146579,,,,,,,,,,,,,0.0895598315605898,,,-1.63668796095338,-0.814817561964852,,,,,0.991244826958644,,0.104839375392503,,1.51766406905275,,,,,,,0.450381548799023,,,,,,74.4448,103,910.815533980583,900.868932038835,758.859223300971,914.232038834952,907.399029126214,895.97572815534,905.76213592233,798.466019417476,719.252427184466,0
185.2416,-0.715219401568102,0.717760858098146,,-0.151762545331152,0.927998309271846,,,,-0.159542261290139,,-0.151332851726448,,0.953751365217964,,,,,,,,,,,,,0.0747308134538785,,,-1.65431248433777,-0.824089563856971,,,,,1.00245463153784,,0.130594152837337,,1.52546501006757,,,,,,,0.455247781160245,,,,,,74.5472,102,952.475999152234,892.36580607779,777.352010890344,954.368963351357,950.583034953112,881.92308700639,902.80852514919,817.788847015129,736.915174765558,0
185.344,-0.709509468976647,0.716799805020265,,-0.163248168767047,0.924612535389133,,,,-0.173893968687907,,-0.123040392322067,,0.970090532854409,,,,,,,,,,,,,0.0602278076440226,,,-1.67159202610273,-0.832440566191806,,,,,1.01274563950099,,0.156877820072086,,1.53275784450135,,,,,,,0.460581293805089,,,,,,74.6496,103,1025.06899237011,871.018333131485,783.265156836623,1026.83537604457,1023.30260869565,860.960724233983,881.075942028986,826.217270194986,740.313043478261,0.796116504854369
185.4464,-0.703986460983579,0.71645111416732,,-0.173393005512646,0.922028969766985,,,,-0.188813236983266,,-0.0945878043008951,,0.987687104357254,,,,,,,,,,,,,0.0461201991454255,,,-1.68849068248162,-0.839847559247582,,,,,1.02210488680998,,0.183677139729194,,1.53945849714714,,,,,,,0.466384696138174,,,,,,74.752,102,1099.02503269953,849.090715150781,788.599327843042,1100.41267409471,1097.63739130435,839.804038997215,858.377391304348,834.211699164345,742.986956521739,0.745098039215686
185.5488,-0.698618117435694,0.716720117179253,,-0.182158945076568,0.920256044664501,,,,-0.204274619991121,,-0.066094520102098,,1.0064312154609,,,,,,,,,,,,,0.032472330200647,,,-1.70497346980297,-0.846291160118145,,,,,1.03052386483046,,0.210975838445083,,1.54548541247638,,,,,,,0.472657407521746,,,,,,74.8544,102,1169.68763271568,828.684279628851,794.114238186494,1170.94244360697,1168.43282182438,819.271358348353,838.097200909349,842.456524113824,745.771952259165,0
185.6512,-0.693369061692272,0.717602292594147,,-0.18951790998198,0.91929506842688,,,,-0.220251082776439,,-0.0376755511383344,,1.02620768219566,,,,,,,,,,,,,0.019343219118165,,,-1.7210063560994,-0.85175563311005,,,,,1.03799854257166,,0.238754556674039,,1.55075982452571,,,,,,,0.47939561954401,,,,,,74.9568,103,1207.7140776699,833.03640776699,802.349514563107,1210.72912621359,1204.69902912621,818.490291262136,847.582524271845,851.223300970874,753.47572815534,0
185.7536,-0.688201062599929,0.719083234792008,,-0.195451792330343,0.91914023016978,,,,-0.236714117929337,,-0.00944101067107337,,1.04689666746567,,,,,,,,,,,,,0.00678636541573293,,,-1.73655627101815,-0.856228878879608,,,,,1.04452933219267,,0.266990837909261,,1.55520599808552,,,,,,,0.486592304367658,,,,,,75.0592,102,1237.24705882353,830.799509803922,829.573529411765,1243.78333333333,1230.71078431373,825.157843137255,836.441176470588,882.627450980392,776.519607843137,0
185.856,-0.683073334130224,0.721138749733697,,-0.199952277630631,0.919778705223435,,,,-0.253633886199994,,0.0185043078781313,,1.06837440215167,,,,,,,,,,,,,-0.00515037052640184,,,-1.75159109610221,-0.859702395482571,,,,,1.05012099501538,,0.295659151865672,,1.55875146049363,,,,,,,0.494237278330328,,,,,,75.1616,103,1269.19368932039,819.326213592233,841.68932038835,1274.35242718447,1264.03495145631,817.065048543689,821.587378640777,896.097087378641,787.281553398058,0
185.9584,-0.677942868835091,0.723735078214139,,-0.203020574569156,0.921190859583853,,,,-0.270979372510251,,0.0460613103343882,,1.09051395134771,,,,,,,,,,,,,-0.0164248218165965,,,-1.76607963874039,-0.862171215498596,,,,,1.05478249476661,,0.324730942842689,,1.56132723771662,,,,,,,0.502317315772464,,,,,,75.264,102,1011.39656862745,815.589705882353,817.039215686275,1012.66862745098,1010.12450980392,812.763725490196,818.41568627451,862.196078431373,771.882352941177,0
186.0608,-0.672764790438883,0.726829227232775,,-0.20466707343339,0.923350531058016,,,,-0.288718543989479,,0.0731369495603465,,1.11318600121107,,,,,,,,,,,,,-0.0270005148732266,,,-1.77999159468898,-0.863633825801135,,,,,1.05852681536269,,0.354174694857462,,1.56286809490592,,,,,,,0.510816297908905,,,,,,75.3664,102,1006.34166666667,807.656862745098,775.460784313726,1014.14509803922,998.538235294118,803.652941176471,811.660784313725,809.186274509804,741.735294117647,0
186.1632,-0.667492712244059,0.730369378899814,,-0.20491095282173,0.926225358918654,,,,-0.306818491079009,,0.0996445454088112,,1.13625963822774,,,,,,,,,,,,,-0.0368466331698112,,,-1.79329750505416,-0.864092077893124,,,,,1.06137076231456,,0.383956009316693,,1.56331276971478,,,,,,,0.519715384336655,,,,,,75.4688,103,1058.12184466019,797.583495145631,750.422330097088,1061.86310679612,1054.38058252427,785.182524271845,809.984466019418,785.300970873786,715.543689320388,0
186.2656,-0.662079094382191,0.734295353122119,,-0.203779748000983,0.929777141925957,,,,-0.325245534492331,,0.125504069641428,,1.15960310046193,,,,,,,,,,,,,-0.0459379601811365,,,-1.80596871225078,-0.863551094707569,,,,,1.06333475719411,,0.414037696281016,,1.56260418209532,,,,,,,0.528993203531274,,,,,,75.5712,102,1103.3818627451,784.876470588235,725.392156862745,1105.24509803922,1101.51862745098,770.198039215686,799.554901960784,765.28431372549,685.5,0
186.368,-0.656475597452138,0.738539118198404,,-0.201308888599341,0.933962215943361,,,,-0.343965293944793,,0.150642378401786,,1.1830844929208,,,,,,,,,,,,,-0.0542548013367389,,,-1.81797731675875,-0.862019177481504,,,,,1.06444262284097,,0.444379882402452,,1.56068960938673,,,,,,,0.538626064859443,,,,,,75.6736,103,1147.30533980583,775.256796116505,701.058252427185,1147.57281553398,1147.03786407767,754.733980582524,795.779611650486,746.038834951456,656.077669902913,0
186.4704,-0.650633434236991,0.743025355744429,,-0.197541206126377,0.938731850815746,,,,-0.362942725545152,,0.174993375121267,,1.20657247125442,,,,,,,,,,,,,-0.0617828734969875,,,-1.82929613566075,-0.859507715852845,,,,,1.06472135272798,,0.474940138612789,,1.55752082835316,,,,,,,0.548588196404659,,,,,,75.776,102,1189.03382352941,771.505882352941,691.602941176471,1185.34215686275,1192.72549019608,750.946078431373,792.06568627451,737.696078431373,645.509803921569,0
186.5728,-0.64450372292287,0.747672084066744,,-0.192526402485027,0.944032668864089,,,,-0.382142133759122,,0.198498098891662,,1.22993690454523,,,,,,,,,,,,,-0.0685131534843025,,,-1.83989866404389,-0.856031101947088,,,,,1.06420085919421,,0.505673633424634,,1.55305423440935,,,,,,,0.558852011581355,,,,,,75.8784,102,1437.91960784314,715.970098039216,687.294117647059,1432.41274509804,1443.42647058824,698.232352941177,733.707843137255,742.176470588235,632.411764705882,0
186.6752,-0.638037841578634,0.752391334813406,,-0.186320467701997,0.949807083921996,,,,-0.401527160924426,,0.221104742473391,,1.25304952269834,,,,,,,,,,,,,-0.0744416862525795,,,-1.84975903817422,-0.851606643607787,,,,,1.06291369828681,,0.536533320430704,,1.5472509426388,,,,,,,0.569388403823283,,,,,,75.9808,103,1593.10145631068,677.860679611651,676.407766990291,1590.13883495146,1596.0640776699,665.603883495146,690.117475728155,736.776699029126,616.038834951456,0
186.7776,-0.631187779773419,0.757089873520926,,-0.17898504500716,0.955993755886368,,,,-0.42106075808889,,0.242768602316001,,1.2757845403242,,,,,,,,,,,,,-0.0795693592331423,,,-1.85885199706947,-0.846254467740057,,,,,1.06089477417461,,0.567470163983366,,1.54007686133637,,,,,,,0.580167063287013,,,,,,76.0832,102,1503.47843137255,690.1,680.725490196079,1494.84803921569,1512.10882352941,687.064705882353,693.135294117647,734.372549019608,627.078431372549,0
186.88,-0.623906482793882,0.761669956691225,,-0.170586753117712,0.962528055706896,,,,-0.440705138254985,,0.263451960895747,,1.29801924155998,,,,,,,,,,,,,-0.0839016525440396,,,-1.86715284064539,-0.839997406082094,,,,,1.05818102892484,,0.598433398715528,,1.5315027197632,,,,,,,0.591156806327673,,,,,,76.1856,103,1171.84708737864,734.916019417476,699.116504854369,1172.34563106796,1171.34854368932,728.02427184466,741.807766990291,746.912621359223,651.320388349515,0
186.9824,-0.616148182560409,0.766030117625671,,-0.161196475479171,0.969342534567748,,,,-0.460421707539474,,0.283123904992473,,1.31963451592073,,,,,,,,,,,,,-0.0874483767846462,,,-1.87463738707727,-0.832860863051648,,,,,1.05481112018839,,0.6293708158089,,1.52150403644766,,,,,,,0.60232590863723,,,,,,76.288,102,1201.35882352941,737.766666666667,696.485294117647,1209.99803921569,1192.71960784314,736.632352941177,738.900980392157,736.754901960784,656.21568627451,0
187.0848,-0.607868703742429,0.770065962903406,,-0.150888622862515,0.976367382427947,,,,-0.480170971379824,,0.301760085370881,,1.34051534484156,,,,,,,,,,,,,-0.090223411356957,,,-1.88128193594473,-0.824872673843781,,,,,1.05082508581562,,0.660229068919609,,1.51006103091895,,,,,,,0.613642429964057,,,,,,76.3904,102,1221.91862745098,744.494117647059,701.509803921569,1226.01470588235,1217.82254901961,740.912745098039,748.075490196079,741.421568627451,661.598039215686,0
187.1872,-0.599025728577151,0.773670950435384,,-0.139740383341542,0.98353085343017,,,,-0.499912425064477,,0.319342418710507,,1.36055123931578,,,,,,,,,,,,,-0.0922444558268623,,,-1.8870632434646,-0.816062962193762,,,,,1.04626399459231,,0.690953988305815,,1.49715849432073,,,,,,,0.625074512193085,,,,,,76.4928,103,1294.86019417476,769.642718446602,693.567961165049,1299.9932038835,1289.72718446602,757.831067961165,781.454368932039,733.165048543689,653.970873786408,0
187.2896,-0.589579006316512,0.776737129535326,,-0.127830982113764,0.990759644143371,,,,-0.519604451064482,,0.335858724755605,,1.37963662075386,,,,,,,,,,,,,-0.0935328004520374,,,-1.89195850975537,-0.806464001094282,,,,,1.04116958495144,,0.721490887807106,,1.48278563187919,,,,,,,0.636590634696503,,,,,,76.5952,102,1390.4068627451,805.417647058824,686.093137254902,1397.43235294118,1383.38137254902,789.43431372549,821.400980392157,725.833333333333,646.352941176471,0
187.392,-0.579490500849186,0.779155846975819,,-0.115240966539876,0.997979229651031,,,,-0.53920424650731,,0.351302291811542,,1.39767113445806,,,,,,,,,,,,,-0.094113112537699,,,-1.89594536979887,-0.796110075630569,,,,,1.03558389712947,,0.751784853318387,,1.46693588489087,,,,,,,0.648159824234456,,,,,,76.6976,103,1413.48009708738,812.015533980583,682.325242718447,1420.16213592233,1406.79805825243,802.991262135922,821.039805825243,723.456310679612,641.194174757282,0
187.4944,-0.568724476915373,0.780818428956003,,-0.102051517023469,1.00511417118562,,,,-0.558667790275384,,0.365671376798243,,1.41455989431049,,,,,,,,,,,,,-0.0940132355260066,,,-1.89900187645069,-0.785037346508266,,,,,1.02954890293541,,0.781781010057746,,1.44960674296029,,,,,,,0.65975182863983,,,,,,76.8,102,1227.14803921569,820.652941176471,689.063725490196,1227.81274509804,1226.48333333333,806.621568627451,834.68431372549,735.519607843137,642.607843137255,0
187.5968,-0.557247532116001,0.781616836259005,,-0.0883437774081325,1.01208840204204,,,,-0.577949846199497,,0.378968656853856,,1.43021366480664,,,,,,,,,,,,,-0.0932640048199967,,,-1.90110646797874,-0.773283710771378,,,,,1.02310612922272,,0.811424772313004,,1.43079955619269,,,,,,,0.671337263403754,,,,,,76.9024,102,1058.61764705882,831.115196078431,685.53431372549,1065.76176470588,1051.47352941176,817.498039215686,844.732352941177,729.264705882353,641.803921568627,0
187.6992,-0.545028587840048,0.781444287328068,,-0.0741982022167311,1.01882548839429,,,,-0.597003999040604,,0.391200647367294,,1.44454898425457,,,,,,,,,,,,,-0.0918990803914765,,,-1.90223792279877,-0.760888656289924,,,,,1.01629626826907,,0.840662080484024,,1.41051934597627,,,,,,,0.682887732022052,,,,,,77.0048,103,1082.53689320388,837.346601941748,679.927184466019,1092.19708737864,1072.87669902913,826.367961165049,848.325242718447,717.592233009709,642.26213592233,0
187.8016,-0.532038853419954,0.780195857404359,,-0.0596939311879992,1.02524886084866,,,,-0.615782720845433,,0.402377099134733,,1.45748823115729,,,,,,,,,,,,,-0.0899547841415485,,,-1.90237531460468,-0.747893112652342,,,,,1.0091587791832,,0.869439624894502,,1.38877461141338,,,,,,,0.694375915933531,,,,,,77.1072,102,1111.58823529412,846.311764705883,671.392156862745,1122.92745098039,1100.24901960784,836.36568627451,856.257843137255,708.774509803922,634.009803921569,0
187.904,-0.518251776520278,0.777769071169789,,-0.0449082150459382,1.0312820217208,,,,-0.634237457087486,,0.412510393260093,,1.4689596420853,,,,,,,,,,,,,-0.0874699272863491,,,-1.90149798294447,-0.734339305960418,,,,,1.00173149821002,,0.897705047850252,,1.36557714290243,,,,,,,0.705775631045036,,,,,,77.2096,103,1142.74757281553,852.740291262136,658.043689320388,1150.54368932039,1134.95145631068,843.566019417476,861.914563106796,698.339805825243,617.747572815534,0
188.0064,-0.503642989891382,0.774064499779803,,-0.0299159132866353,1.03684873867677,,,,-0.652318718305935,,0.421614955891062,,1.47889729565131,,,,,,,,,,,,,-0.0844856194740538,,,-1.89958552680125,-0.720270622769968,,,,,0.994050277111004,,0.925407114341825,,1.34094186265838,,,,,,,0.717061849566445,,,,,,77.312,102,1173.51470588235,861.612745098039,658.259803921569,1178.99705882353,1168.03235294118,853.391176470588,869.83431372549,701.637254901961,614.882352941176,0
188.1088,-0.488190258988353,0.768986357593198,,-0.0147890688739809,1.04187322961709,,,,-0.669976168452616,,0.429706708914943,,1.48724107681002,,,,,,,,,,,,,-0.081045059964052,,,-1.8966178211365,-0.705731484059983,,,,,0.986148659550377,,0.952495848860592,,1.31488670361037,,,,,,,0.728210687730326,,,,,,77.4144,102,1382.65,795.404901960784,651.946078431373,1379.18431372549,1386.11568627451,779.625490196079,811.18431372549,702.107843137255,601.78431372549,0
188.2112,-0.471873433211704,0.762443082833104,,0.000403443194617642,1.04628033790111,,,,-0.687158704291745,,0.436802564766602,,1.49393663273267,,,,,,,,,,,,,-0.0771933210303909,,,-1.89257505415394,-0.690767230061106,,,,,0.978057598024706,,0.978922641830699,,1.28743252789084,,,,,,,0.739199364574708,,,,,,77.5168,103,1635.52038834951,690.655339805825,626.004854368932,1632.26310679612,1638.77766990291,683.205825242719,698.104854368932,679.281553398058,572.728155339806,0
188.3136,-0.454674407364965,0.754347886790257,,0.0155961964637303,1.04999569925299,,,,-0.703814519338102,,0.442919973458236,,1.49893532592859,,,,,,,,,,,,,-0.072977135010553,,,-1.88743778337807,-0.675424018654786,,,,,0.969805211614074,,1.0046403321301,,1.25860308349248,,,,,,,0.75000614107492,,,,,,77.6192,102,1653.21666666667,696.716666666667,611.676470588235,1648.11862745098,1658.31470588235,699.540196078431,693.893137254902,668.421568627451,554.93137254902,0
188.416,-0.436577101530583,0.744619265361985,,0.0307274323590899,1.05294590616088,,,,-0.719891148625331,,0.448076534160289,,1.50219418285861,,,,,,,,,,,,,-0.0684446839210822,,,-1.88118700758098,-0.659748739210037,,,,,0.96141658343077,,1.02960327676199,,1.2284249978592,,,,,,,0.760610250345612,,,,,,77.7216,103,1389.83786407767,663.923300970874,606.398058252427,1367.40582524272,1412.26990291262,663.097087378641,664.749514563107,662.543689320388,550.252427184466,0
188.5184,-0.417567467109816,0.733181478201267,,0.0457392360349866,1.05505868041658,,,,-0.735335497432702,,0.452289679120743,,1.50367583670181,,,,,,,,,,,,,-0.0636453812454673,,,-1.87380424983303,-0.643788941833893,,,,,0.952913595829765,,1.05376742075028,,1.19692780642597,,,,,,,0.770991829951801,,,,,,77.824,102,550.008333333333,576.322549019608,614.666666666667,537.737254901961,562.279411764706,575.497058823529,577.148039215686,643.392156862745,585.941176470588,0
188.6208,-0.397633527334918,0.719965008526937,,0.060577681739893,1.05626307019824,,,,-0.750093861853733,,0.455576423743742,,1.50334846785665,,,,,,,,,,,,,-0.0586296402517522,,,-1.86527164746884,-0.627592780916203,,,,,0.944314801843674,,1.07709037474366,,1.16414401186809,,,,,,,0.781131864880159,,,,,,77.9264,102,555.761274509804,590.553921568627,604.254901960784,561.091176470588,550.43137254902,595.719607843137,585.388235294118,617.676470588235,590.833333333333,0
188.7232,-0.376765458528924,0.704907017560136,,0.0751929476496531,1.05648968852532,,,,-0.764111950378844,,0.457953166071674,,1.50118574192504,,,,,,,,,,,,,-0.053448630909073,,,-1.85557204694749,-0.611208970060663,,,,,0.935635330860267,,1.09953150111887,,1.1301091649064,,,,,,,0.791012143930898,,,,,,78.0288,103,562.916990291262,596.211650485437,610.650485436893,574.899029126214,550.934951456311,603.480582524272,588.942718446602,622.640776699029,598.660194174757,0
188.8256,-0.354955714155913,0.687951799419238,,0.0895393931278557,1.05567100022931,,,,-0.777334915007295,,0.459435520942192,,1.49716673570444,,,,,,,,,,,,,-0.0481540301518895,,,-1.84468910250964,-0.594686743997344,,,,,0.926886825827769,,1.1210520078245,,1.09486195348486,,,,,,,0.800615227843053,,,,,,78.1312,102,569.687254901961,597.158333333333,626.799019607843,583.349019607843,556.025490196078,600.436274509804,593.880392156863,640.460784313726,613.137254901961,0
188.928,-0.332199190084238,0.669051227142583,,0.103575596226864,1.05374164921328,,,,-0.789707396184631,,0.460038182988464,,1.49127584029984,,,,,,,,,,,,,-0.0427977715499296,,,-1.83260737705665,-0.578075823741513,,,,,0.918077409723351,,1.14161505083819,,1.05844429091225,,,,,,,0.809924426813301,,,,,,78.2336,102,575.278431372549,603.56862745098,651.612745098039,597.067647058824,553.489215686275,609.111764705882,598.025490196078,667.245098039216,635.980392156863,0
189.0304,-0.308493423530759,0.648165173416985,,0.117264358979984,1.05063880922087,,,,-0.801173580893226,,0.459774814761531,,1.48350264119078,,,,,,,,,,,,,-0.0374318004755744,,,-1.81931244362999,-0.561426383231103,,,,,0.909211679103997,,1.16118584750545,,1.02090140226077,,,,,,,0.818923787215404,,,,,,78.336,103,629.817961165049,769.034951456311,686.995145631068,644.331067961165,615.304854368932,764.073786407767,773.996116504854,704.815533980583,669.174757281553,0
189.1328,-0.28383881078117,0.625261899177026,,0.130572689274869,1.04630254536531,,,,-0.811677275214061,,0.458657952928278,,1.47384179121449,,,,,,,,,,,,,-0.0321078375937181,,,-1.80479098658369,-0.544789017872439,,,,,0.900290721797116,,1.17973180198231,,0.982281911629887,,,,,,,0.827598091142645,,,,,,78.4384,102,710.330392156863,1008.47892156863,700.200980392157,721.170588235294,699.490196078431,987.882352941176,1029.07549019608,720.921568627451,679.480392156863,0
189.2352,-0.258238828875038,0.600318411659626,,0.143471758697891,1.04067617950746,,,,-0.821161999561237,,0.456698927471715,,1.4622928998461,,,,,,,,,,,,,-0.0268771520906138,,,-1.78903090137528,-0.528214717120514,,,,,0.89131215679667,,1.1972226402938,,0.942637928000888,,,,,,,0.835932875279069,,,,,,78.5408,103,721.276213592233,1011.75242718447,698.694174757282,733.910679611651,708.641747572816,993.44854368932,1030.05631067961,720.621359223301,676.766990291262,0
189.3376,-0.231700254528927,0.573320786838952,,0.155936827936353,1.0337066518896,,,,-0.829571115781736,,0.453907792459799,,1.44886045008629,,,,,,,,,,,,,-0.0217903487844143,,,-1.77202139028694,-0.511754842827787,,,,,0.882270198498782,,1.21363054909342,,0.90202511822029,,,,,,,0.843914474130193,,,,,,78.6432,102,735.11862745098,1016.9137254902,694.117647058824,747.624509803922,722.612745098039,1004.00588235294,1029.82156862745,717.607843137255,670.627450980392,0
189.44,-0.204233376202512,0.544264441136473,,0.167947131875613,1.02534486804941,,,,-0.836847989095136,,0.450293266740361,,1.43355372938287,,,,,,,,,,,,,-0.0168971738669099,,,-1.75375305093967,-0.495461111853285,,,,,0.873155750734584,,1.2289303112997,,0.860502748174822,,,,,,,0.851530085939619,,,,,,78.7456,102,556.416176470588,749.324019607843,683.397058823529,550.742156862745,562.090196078431,747.664705882353,750.983333333333,699.872549019608,666.921568627451,0
189.5424,-0.175852186910583,0.513154336304004,,0.179485719795941,1.01554601764909,,,,-0.842936183230462,,0.445862684459488,,1.41638674360991,,,,,,,,,,,,,-0.012246340465994,,,-1.73421795708853,-0.479385577614313,,,,,0.863956533312833,,1.24309943289241,,0.818133674749476,,,,,,,0.858767851727159,,,,,,78.848,103,383.742718446602,449.552427184466,692.504854368932,387.301941747573,380.183495145631,435.267961165049,463.836893203884,702.203883495146,682.805825242718,0
189.6448,-0.146574540358863,0.480005106609016,,0.190539248990705,1.00426985310714,,,,-0.847779687672202,,0.440621960824345,,1.3973780892321,,,,,,,,,,,,,-0.00788537364916615,,,-1.7134097342052,-0.463580604734819,,,,,0.854657237765582,,1.25611825735027,,0.774984281199223,,,,,,,0.865616935306945,,,,,,78.9504,102,385.582352941176,459.745588235294,708.823529411765,391.596078431373,379.56862745098,449.61568627451,469.875490196078,712.882352941177,704.764705882353,0
189.7472,-0.116422262422394,0.444841100750237,,0.201097735558065,0.99148092316778,,,,-0.85132317694244,,0.434575584483659,,1.37655078451582,,,,,,,,,,,,,-0.00386047988544552,,,-1.69132363169537,-0.448098833694955,,,,,0.845239707942099,,1.26797006633381,,0.731124359317218,,,,,,,0.872067596133308,,,,,,79.0528,103,391.369902912621,461.420873786408,723.145631067961,398.432038834951,384.307766990291,453.682524271845,469.159223300971,730.572815533981,715.718446601942,0
189.8496,-0.0854212223906522,0.407696330406638,,0.211154271192385,0.977148764767222,,,,-0.853512299337703,,0.427726652117889,,1.35393207801613,,,,,,,,,,,,,-0.00021645121057463,,,-1.66795658992617,-0.432993134017865,,,,,0.835683143788109,,1.27864116691928,,0.686626947947212,,,,,,,0.878111252673277,,,,,,79.1552,102,395.063235294118,466.04362745098,726.372549019608,398.085294117647,392.041176470588,452.217647058824,479.869607843137,736.921568627451,715.823529411765,0
189.952,-0.0536013687473918,0.368614319127075,,0.220704714456534,0.961248058899596,,,,-0.854293989247191,,0.420076960135648,,1.32955324047478,,,,,,,,,,,,,0.00300339297050822,,,-1.64330729830443,-0.41831654381307,,,,,0.825964326746677,,1.28812096867028,,0.641568136594425,,,,,,,0.883740538042512,,,,,,79.2576,102,661.762745098039,481.599019607843,727.872549019608,653.109803921569,670.41568627451,471.366666666667,491.83137254902,740.147058823529,715.598039215686,0
190.0544,-0.0209967297680862,0.327647852949805,,0.229747361293242,0.943758756154373,,,,-0.85361679886893,,0.411627160177468,,1.30344932419092,,,,,,,,,,,,,0.00575723731197336,,,-1.61737624158323,-0.404122193766014,,,,,0.816057865179878,,1.29640205595713,,0.596026837928772,,,,,,,0.888949350481635,,,,,,79.36,103,1105.41310679612,509.992233009709,719.422330097087,1106.91650485437,1103.90970873786,499.480582524272,520.503883495146,752.135922330097,686.708737864078,0
190.1568,0.0123546200014072,0.284858638342317,,0.238282596056189,0.924666177883914,,,,-0.851431251229098,,0.402376973632327,,1.27565887087781,,,,,,,,,,,,,0.00800478846856774,,,-1.590165732491,-0.390463215149911,,,,,0.80593646181194,,1.30348025542759,,0.550084530532124,,,,,,,0.893732898393685,,,,,,79.4624,102,1105.39656862745,509.029901960784,717.529411764706,1106.78529411765,1104.00784313725,500.439215686275,517.620588235294,761.078431372549,673.980392156863,0
190.2592,0.0464106300663008,0.240316865750484,,0.24631252278476,0.903961089271491,,,,-0.847690219312337,,0.392325452179058,,1.24622356095965,,,,,,,,,,,,,0.0097072845937627,,,-1.56167992992355,-0.377392631932839,,,,,0.795571209632911,,1.30935468694609,,0.503824973722895,,,,,,,0.898087736224985,,,,,,79.5648,103,1094.29611650485,534.785436893204,697.839805825243,1097.14563106796,1091.44660194175,530.283495145631,539.287378640777,742.640776699029,653.038834951456,0
190.3616,0.0811253915211282,0.194100677501619,,0.253840579544501,0.881639727472107,,,,-0.842349331109175,,0.381471267090205,,1.21518780940444,,,,,,,,,,,,,0.0108274990485811,,,-1.53192484531441,-0.364963238272985,,,,,0.784931923382987,,1.31402778248604,,0.457333898152761,,,,,,,0.902011788214345,,,,,,79.6672,102,1080.68480392157,581.208333333333,660.794117647059,1085.58235294118,1075.78725490196,585.680392156863,576.736274509804,700.254901960784,621.333333333333,0
190.464,0.116449304606527,0.146295566632468,,0.260871146378105,0.857703777679003,,,,-0.835367389919167,,0.369813007431305,,1.18259832720572,,,,,,,,,,,,,0.0113297472811646,,,-1.50090834350125,-0.353227465982487,,,,,0.773987507710615,,1.31750526824166,,0.41069868152872,,,,,,,0.905504360507651,,,,,,79.7696,102,766.137254901961,675.239215686275,643.230392156863,772.130392156863,760.144117647059,673.166666666667,677.311764705882,672.421568627451,614.039215686275,0
190.5664,0.152329281267929,0.0969937592135562,,0.267409164396632,0.832160313850428,,,,-0.826706788959774,,0.35734946836835,,1.14850368212201,,,,,,,,,,,,,0.0111799066099806,,,-1.46864014517383,-0.342237248169928,,,,,0.762706353811198,,1.3197961183961,,0.364008025485457,,,,,,,0.908566143335251,,,,,,79.872,103,723.501941747573,699.980582524272,615.436893203884,734.074757281553,712.929126213592,694.329126213592,705.632038834952,634.844660194175,596.029126213592,0
190.6688,0.188708962939891,0.0462936209499392,,0.273459784805378,0.805021726405277,,,,-0.816333895877589,,0.3440799185989,,1.11295389459759,,,,,,,,,,,,,0.0103454499406516,,,-1.43513183576454,-0.33204388275297,,,,,0.751056751548723,,1.32091249234537,,0.317351648846923,,,,,,,0.911199205042589,,,,,,79.9744,102,724.525490196078,696,593.156862745098,736.073529411765,712.977450980392,692.253921568628,699.746078431373,610.558823529412,575.754901960784,0
190.7712,0.225528941989701,-0.0057009010458328,,0.279028060634703,0.776305648560936,,,,-0.804219390187464,,0.330004347061764,,1.07600009241959,,,,,,,,,,,,,0.00879548859988338,,,-1.40039688248216,-0.322697895363096,,,,,0.739007305844573,,1.32086966403393,,0.270820002260667,,,,,,,0.913406980723888,,,,,,80.0768,103,595.028640776699,802.227669902913,576.436893203884,600.631067961165,589.426213592233,792.468932038835,811.98640776699,590.611650485437,562.26213592233,0
190.8736,0.262726982694304,-0.0588808047708705,,0.28411868334808,0.746034886545805,,,,-0.79033854887848,,0.315123697416986,,1.03769423087644,,,,,,,,,,,,,0.00650082035969497,,,-1.36445065827354,-0.314248898199179,,,,,0.726527351306448,,1.31968594833731,,0.224503997723313,,,,,,,0.91519425653852,,,,,,80.1792,102,487.848039215686,899.798039215686,557.843137254902,496.910784313726,478.785294117647,882.873529411765,916.722549019608,566.598039215686,549.088235294118,0
190.976,0.300238240409928,-0.113132532455544,,0.288735759132128,0.71423735858341,,,,-0.774671480532872,,0.299440102704512,,0.998088873126086,,,,,,,,,,,,,0.00343397811977896,,,-1.32731046950503,-0.306745440337251,,,,,0.713587363382756,,1.31738262506242,,0.178494741858261,,,,,,,0.916567147343799,,,,,,80.2816,102,489.681862745098,902.520588235294,550.568627450981,491.907843137255,487.455882352941,882.853921568628,922.187254901961,559.235294117647,541.901960784314,0
191.0784,0.337995478170657,-0.168338447257966,,0.292882618881783,0.680946047023317,,,,-0.757203304845891,,0.282957130964942,,0.957237021022728,,,,,,,,,,,,,-0.000430728853091089,,,-1.28899558372016,-0.300234845631739,,,,,0.700159365287253,,1.31398385697074,,0.132883263177203,,,,,,,0.917533065191679,,,,,,80.384,103,493.798058252427,905.664563106796,544.78640776699,495.831067961165,491.765048543689,884.444660194175,926.884466019417,554.572815533981,535,0
191.1808,0.375929281214603,-0.224377295231354,,0.296561655509836,0.646198964516034,,,,-0.737924272097431,,0.265680043784469,,0.915191987520318,,,,,,,,,,,,,-0.00511719007489967,,,-1.2495272542223,-0.294763035421704,,,,,0.686217329664939,,1.30951659658466,,0.0877602263204355,,,,,,,0.918100677146239,,,,,,80.4864,102,656.817156862745,929.33431372549,542.990196078431,662.179411764706,651.454901960784,913.022549019608,945.646078431372,558.421568627451,527.558823529412,0
191.2832,0.413968272706881,-0.281124662510194,,0.299774181155977,0.610039128647473,,,,-0.716829821015926,,0.247616058820497,,0.87200730591154,,,,,,,,,,,,,-0.0106474905646203,,,-1.20892873899564,-0.290374334130027,,,,,0.671737573955834,,1.30401047716987,,0.0432156289225211,,,,,,,0.918279848166022,,,,,,80.5888,103,720.197572815534,938.999029126214,550.68932038835,727.934951456311,712.460194174757,926.819417475728,951.178640776699,573.553398058253,527.825242718447,0
191.3856,0.452039334373318,-0.338453435450831,,0.302520301718777,0.572514534410687,,,,-0.693920580330939,,0.228774601438237,,0.827736676912049,,,,,,,,,,,,,-0.0170419278632765,,,-1.16722531283417,-0.287111258631397,,,,,0.656699146817658,,1.29749768466743,,-0.000661517638992,,,,,,,0.918081562163713,,,,,,80.6912,102,923.696078431373,816.975,563.343137254902,924.128431372549,923.263725490196,814.798039215686,819.151960784314,594.764705882353,531.921568627451,0
191.488,0.490067830281431,-0.396234263116872,,0.304798814486127,0.533678115959217,,,,-0.669202325021834,,0.209167530003789,,0.782433956626056,,,,,,,,,,,,,-0.0243190426072639,,,-1.12444427265242,-0.285014296824333,,,,,0.641084198736433,,1.29001280993193,,-0.0437835124270642,,,,,,,0.917517817595099,,,,,,80.7936,102,1208.54068627451,633.44362745098,554.745098039216,1213.22450980392,1203.8568627451,637.897058823529,628.990196078431,598.970588235294,510.519607843137,0
191.5904,0.52797782479667,-0.454336012229221,,0.30660713891043,0.493587698079172,,,,-0.642685898504594,,0.188809322847441,,0.736153185708523,,,,,,,,,,,,,-0.0324956546170197,,,-1.08061493889048,-0.284121681061414,,,,,0.624878324031915,,1.28159268620313,,-0.0860642770565215,,,,,,,0.916601502420385,,,,,,80.896,103,1211.76650485437,641.920873786408,561.02427184466,1216.60679611651,1206.92621359223,642.75145631068,641.090291262136,608.097087378641,513.95145631068,0
191.6928,0.565692285106405,-0.512626202799832,,0.307941291256896,0.452305945286891,,,,-0.614387105863659,,0.167717221331742,,0.688948657745055,,,,,,,,,,,,,-0.0415868975838597,,,-1.03576866195248,-0.284469156953592,,,,,0.608070857064358,,1.27227622202336,,-0.127419644254584,,,,,,,0.915346260337832,,,,,,80.9984,102,1220.10637254902,636.953431372549,556.995098039216,1227.47941176471,1212.73333333333,642.019607843137,631.887254901961,605.882352941176,508.107843137255,0
191.7952,0.603133264938412,-0.570971419797447,,0.30879591209581,0.409900313629359,,,,-0.584326578846399,,0.145911327335852,,0.640875021974329,,,,,,,,,,,,,-0.0516062467305495,,,-0.989938842773969,-0.28608974740433,,,,,0.590655105930514,,1.26210423757042,,-0.167767620515044,,,,,,,0.913766358894937,,,,,,81.1008,103,1407.29223300971,612.852912621359,526.490291262136,1409.13106796117,1405.45339805825,616.736893203884,608.968932038835,576.95145631068,476.029126213592,0
191.8976,0.640222070763091,-0.629237703437866,,0.309164349340318,0.366443002978325,,,,-0.552529615407084,,0.123414653657319,,0.591987409729554,,,,,,,,,,,,,-0.0625655371359057,,,-0.943160967508006,-0.289013517422367,,,,,0.572628513013986,,1.2511193036741,,-0.207028624393833,,,,,,,0.911876562978016,,,,,,81.2032,102,1634.50784313725,579.099019607843,496.122549019608,1635.88725490196,1633.12843137255,580.676470588235,577.521568627451,552.127450980392,440.117647058824,0
192,0.676879409942059,-0.687290920223607,,0.30903879083006,0.322010909900067,,,,-0.519026000383088,,0.100253128546383,,0.542341572391823,,,,,,,,,,,,,-0.0744749759219603,,,-0.89547265137973,-0.293267345274832,,,,,0.553992741487795,,1.23936557609971,,-0.245125704122707,,,,,,,0.909692013452209,,,,,,81.3056,102,1635.57892156863,574.833333333333,485.166666666667,1636.96176470588,1634.19607843137,577.362745098039,572.303921568627,541.382352941177,428.950980392157,0
192.1024,0.71302551554368,-0.74499711290014,,0.308410434144341,0.276685590524904,,,,-0.48384981793869,,0.0764555580038179,,0.491994024424739,,,,,,,,,,,,,-0.0873431551585147,,,-0.846913691170101,-0.298874698334541,,,,,0.534753695482267,,1.2268886164546,,-0.281984741603083,,,,,,,0.907228111322154,,,,,,81.408,103,1640.01893203884,579.183495145631,481.058252427185,1641.92330097087,1638.1145631068,583.490291262136,574.876699029126,534.563106796117,427.553398058252,0
192.2048,0.748580239873352,-0.802222826224893,,0.307269680930187,0.230553245913351,,,,-0.447039269774085,,0.0520535467943155,,0.441002192088131,,,,,,,,,,,,,-0.101177070629327,,,-0.79752612902445,-0.3058554091121,,,,,0.514921484517622,,1.21373519327307,,-0.317534649158607,,,,,,,0.904500407834828,,,,,,81.5104,102,1641.22254901961,584.955392156863,482.700980392157,1642.6431372549,1639.80196078431,594.323529411765,575.587254901961,534.78431372549,430.617647058824,0
192.3072,0.783463109757853,-0.858835404490313,,0.305606347748019,0.18370473835415,,,,-0.408636508972946,,0.0270813823459747,,0.389424575303754,,,,,,,,,,,,,-0.115982145832639,,,-0.747354328290515,-0.314225450402723,,,,,0.494510338127277,,1.19995306018622,,-0.351707557815677,,,,,,,0.901524502170032,,,,,,81.6128,103,1635.14056865465,588.221040221914,485.62080443828,1640.03611650485,1630.24502080444,592.59786407767,583.844216366158,537.316504854369,433.925104022191,0
192.4096,0.817593343377157,-0.914703255555048,,0.303409889214928,0.136235638569907,,,,-0.368687488070296,,0.00157589890667661,,0.337320936696338,,,,,,,,,,,,,-0.131762256574041,,,-0.696445059451778,-0.323996710749876,,,,,0.473538467000431,,1.18559071222038,,-0.384438987707899,,,,,,,0.898315952876477,,,,,,81.7152,102,1597.40543575921,590.201154537287,485.808520515124,1606.29849056604,1588.51238095238,584.117547169811,596.284761904762,538.577358490566,433.039682539683,0.725490196078431
192.512,0.850889845013672,-0.96969608242338,,0.300669630678367,0.0882462850945084,,,,-0.327241811944503,,-0.0244236522227583,,0.284752530072848,,,,,,,,,,,,,-0.148519751864772,,,-0.644847592593168,-0.335176769931112,,,,,0.452027860091943,,1.17069712693083,,-0.415667991091632,,,,,,,0.894890211179627,,,,,,81.8176,102,1556.26818508535,591.547407906559,485.768808026355,1566.96113207547,1545.57523809524,574.764339622642,608.330476190476,540.116981132076,431.420634920635,0.392156862745098
192.6144,0.883271214682134,-1.02368509609614,,0.297375011136029,0.0398418138930843,,,,-0.284352586389922,,-0.0508757028977308,,0.231782367784064,,,,,,,,,,,,,-0.166255466702654,,,-0.592613792016916,-0.347768672176844,,,,,0.430004007440335,,1.15532150023678,,-0.445337267252074,,,,,,,0.891262580621312,,,,,,81.92,103,1527.11516604297,594.158053280297,493.132714870158,1540.43105330647,1513.79927877947,579.505510166697,608.810596393897,547.170653965928,439.094775774387,0
192.7168,0.914655814150787,-1.07654322691382,,0.293515838034131,-0.00886788721275368,,,,-0.240076257286291,,-0.0777364236816894,,0.1784755132491,,,,,,,,,,,,,-0.184968720274378,,,-0.539798209682553,-0.361770696141294,,,,,0.407495546037297,,1.13951298297268,,-0.473393258482137,,,,,,,0.887448203189296,,,,,,82.0224,102,1526.83970588235,608.926960784314,514.882352941176,1539.19901960784,1514.48039215686,611.104901960784,606.749019607843,558.558823529412,471.205882352941,0
192.8192,0.944961910286171,-1.12814534100023,,0.289082545362117,-0.0577683209099976,,,,-0.194472441089431,,-0.104959734643535,,0.1248993800969,,,,,,,,,,,,,-0.204657296246203,,,-0.486458176132286,-0.377176126369036,,,,,0.384533842888647,,1.12332041939472,,-0.499786240154123,,,,,,,0.883462068977451,,,,,,82.1248,103,1527.09708737864,608.426213592233,542.009708737864,1538.87281553398,1515.3213592233,607.897087378641,608.955339805825,587.165048543689,496.854368932039,0
192.9216,0.97410789006715,-1.17836845723426,,0.284066432965639,-0.106740614157007,,,,-0.147603754833132,,-0.132497290031133,,0.0711240172613957,,,,,,,,,,,,,-0.225317409226961,,,-0.432653887309856,-0.393973037928527,,,,,0.36115254793302,,1.10679209011952,,-0.524470415273692,,,,,,,0.879319042740691,,,,,,82.2272,102,1416.6818627451,601.032352941177,560.794117647059,1426.91078431373,1406.45294117647,609.324509803922,592.740196078431,609.147058823529,512.441176470588,0
193.024,1.0020125305122,-1.2270919572698,,0.278459864449381,-0.155661828960457,,,,-0.0995356561940362,,-0.160298465418367,,0.0172223540263577,,,,,,,,,,,,,-0.246943661735899,,,-0.378448482643969,-0.412144107771123,,,,,0.337387150299899,,1.08997546421061,,-0.547404017488936,,,,,,,0.875033899308323,,,,,,82.3296,102,1236.75098039216,591.649509803922,559.980392156863,1251.49803921569,1222.00392156863,605.493137254902,577.805882352941,604.754901960784,515.205882352941,0
193.1264,1.02859530979308,-1.27419778522295,,0.272256413739552,-0.204405340074957,,,,-0.0503362969840637,,-0.188310372298065,,-0.0367296213921897,,,,,,,,,,,,,-0.269528989753556,,,-0.323908106715149,-0.431666461593568,,,,,0.313274552774138,,1.07291696372443,,-0.568549420933237,,,,,,,0.870621362857273,,,,,,82.432,103,1242.40825242718,589.558252427185,558.373786407767,1260.32524271845,1224.49126213592,600.345631067961,578.770873786408,598.893203883495,517.854368932039,0
193.2288,1.05377675053113,-1.31957064241329,,0.265450963994323,-0.252841273338179,,,,-7.63848881859785e-05,,-0.216477916954528,,-0.0906527639436179,,,,,,,,,,,,,-0.293064594120577,,,-0.269101945771563,-0.452511560061169,,,,,0.288852664374436,,1.05566174315664,,-0.587873255758794,,,,,,,0.866096148815411,,,,,,82.5344,102,1243.81666666667,598.340196078431,564.088235294118,1262.4068627451,1225.22647058824,604.929411764706,591.750980392157,604.235294117647,523.941176470588,0
193.3312,1.07747878652621,-1.36309818844627,,0.25803977064426,-0.300836995122731,,,,0.0511709531292024,,-0.244743913418063,,-0.144464750606995,,,,,,,,,,,,,-0.317539858939208,,,-0.214102231510167,-0.474645126979511,,,,,0.264160010905649,,1.03825348717932,,-0.605346530283901,,,,,,,0.861473008323315,,,,,,82.6368,103,1242.32961165049,602.254368932039,568.446601941748,1259.2145631068,1225.44466019417,605.052427184466,599.456310679612,609.660194174757,527.233009708738,0
193.4336,1.0996251423015,-1.40467125681735,,0.250020503242827,-0.348257638844622,,,,0.103330309929773,,-0.273049253358051,,-0.198080121003113,,,,,,,,,,,,,-0.342942258250869,,,-0.158984207498172,-0.498027120503042,,,,,0.239235365772146,,1.02073423032027,,-0.620944759197569,,,,,,,0.856766774968946,,,,,,82.7392,102,1189.23382352941,597.916666666667,573.936274509804,1204.92352941176,1173.54411764706,608.022549019608,587.810784313725,614.901960784314,532.970588235294,0
193.536,1.12014171694568,-1.44418408892538,,0.241392279383456,-0.394966660718602,,,,0.156324143406304,,-0.301333132145224,,-0.251410368491729,,,,,,,,,,,,,-0.36925725092505,,,-0.103826056993193,-0.522611745483506,,,,,0.214117400344766,,1.00314420268413,,-0.63464809957061,,,,,,,0.851992413506754,,,,,,82.8416,102,1027.19166666667,609.728431372549,581.289215686275,1045.79215686275,1008.59117647059,617.601960784314,601.854901960784,616.911764705882,545.666666666667,0
193.6384,1.13895696872154,-1.48153459027732,,0.232155700535362,-0.440826429537386,,,,0.210072931186217,,-0.329533329801542,,-0.304364082334571,,,,,,,,,,,,,-0.396468165141135,,,-0.0487087929615029,-0.548347505161326,,,,,0.188844352365335,,0.98552170534386,,-0.646441498709585,,,,,,,0.84716506890927,,,,,,82.944,103,1028.24708737864,613.433980582524,580.601941747573,1047.12815533981,1009.36601941748,617.040776699029,609.827184466019,613.73786407767,547.466019417476,0
193.7408,1.15600229734679,-1.51662460903564,,0.22231289608496,-0.485698855971664,,,,0.264495337021792,,-0.357586539403738,,-0.356847146087419,,,,,,,,,,,,,-0.424556074793968,,,0.00628388907410388,-0.575177295216713,,,,,0.163453717087202,,0.967903015202483,,-0.656314847635196,,,,,,,0.842300111706867,,,,,,83.0464,102,1027.51568627451,610.896078431373,576.367647058824,1042.22843137255,1012.80294117647,610.759803921569,611.032352941176,608.950980392157,543.78431372549,0
193.8432,1.17121241933445,-1.54936023147705,,0.21186757646949,-0.529446058234434,,,,0.319508389775389,,-0.3854287262238,,-0.408762993296847,,,,,,,,,,,,,-0.453499670020284,,,0.0610657969702196,-0.603038547448834,,,,,0.137981970337521,,0.950322315433314,,-0.664263125546016,,,,,,,0.83741317619403,,,,,,83.1488,103,1037.42669902913,611.783495145631,566.660194174757,1051,1023.85339805825,611.359223300971,612.207766990291,601.747572815534,531.572815533981,0
193.9456,1.1845257363578,-1.57965209237605,,0.200825090598982,-0.571931061151594,,,,0.375027673467923,,-0.412995504559948,,-0.460012921254184,,,,,,,,,,,,,-0.483275124918196,,,0.115548471096018,-0.631863429190846,,,,,0.112464326992603,,0.932811647673271,,-0.67028653070153,,,,,,,0.832520191849116,,,,,,83.2512,102,1413.95490196078,626.376960784314,547.607843137255,1420.37156862745,1407.53823529412,635.064705882353,617.689215686275,589.450980392157,505.764705882353,0
194.048,1.1958847010637,-1.60741570413364,,0.189192481263794,-0.613018530310226,,,,0.430967525695453,,-0.44022253256847,,-0.510496466784215,,,,,,,,,,,,,-0.513855965570209,,,0.169641462718287,-0.661579099899556,,,,,0.0869345286262628,,0.915400885313036,,-0.674390603652753,,,,,,,0.827637410485255,,,,,,83.3536,102,1437.87303921569,638.084803921569,541.357843137255,1449.20196078431,1426.54411764706,639.246078431373,636.923529411765,588.852941176471,493.862745098039,0
194.1504,1.20523617754003,-1.63257180145898,,0.176978530637764,-0.652575532850753,,,,0.487241246728715,,-0.467045924950642,,-0.560111838207172,,,,,,,,,,,,,-0.545212941063344,,,0.223252668041768,-0.692108022897876,,,,,0.061424650959462,,0.898117730942644,,-0.676586339319893,,,,,,,0.822781429817477,,,,,,83.456,103,1222.8786407767,640.675242718447,550.825242718447,1231.32233009709,1214.43495145631,644.600970873786,636.749514563107,595.757281553398,505.893203883495,0
194.2528,1.21253178155046,-1.65504668500909,,0.164193782989424,-0.690472299261357,,,,0.543761325913668,,-0.493402669419156,,-0.60875637726003,,,,,,,,,,,,,-0.577313900777448,,,0.276288723043239,-0.723368329775865,,,,,0.0359649253353874,,0.880987740727038,,-0.676890266380774,,,,,,,0.817969210006447,,,,,,83.5584,102,1026.125,649.469117647059,559.490196078431,1043.07254901961,1009.17745098039,653.814705882353,645.123529411765,594.352941176471,524.627450980392,0
194.3552,1.21772818468004,-1.67477254551677,,0.150850532563823,-0.726582961416185,,,,0.600439685486772,,-0.519231030480623,,-0.656327022434423,,,,,,,,,,,,,-0.610123680251542,,,0.328655461231306,-0.755274236023072,,,,,0.0105835735773641,,0.864034372958733,,-0.675324468358331,,,,,,,0.813218075445042,,,,,,83.6608,103,1025.22815533981,654.849029126214,572.199029126214,1045.74854368932,1004.70776699029,653.97572815534,655.722330097087,601.708737864078,542.68932038835,0
194.4576,1.22078737484705,-1.69168775980152,,0.13696277176992,-0.760786258590245,,,,0.657187934019177,,-0.544470937385996,,-0.702720766574049,,,,,,,,,,,,,-0.643603997323517,,,0.380258434629645,-0.787736507923472,,,,,-0.0146933407647903,,0.84727905265146,,-0.671916533152947,,,,,,,0.808545691804826,,,,,,83.7632,102,1025.40506785492,658.424125962044,589.515794305737,1045.18169657694,1005.62843913291,655.106322698571,661.741929225516,619.440844134264,559.59074447721,0
194.56,1.22167687012691,-1.70573715763226,,0.122546095847123,-0.792966211677249,,,,0.713917625640887,,-0.569064361135116,,-0.747835119006763,,,,,,,,,,,,,-0.677713363254925,,,0.431003499434087,-0.820662982045446,,,,,-0.0398420419338241,,0.830741243716729,,-0.666699432173657,,,,,,,0.803970011567183,,,,,,83.8656,102,1100.00246727934,648.454580333318,593.255616176975,1119.8168079096,1080.18812664908,642.560875706215,654.348284960422,626.850282485876,559.660949868074,0.215686274509804
194.6624,1.22036988395799,-1.71687225814231,,0.107617556059493,-0.82301276139601,,,,0.77054052661818,,-0.592955679108725,,-0.791568582573151,,,,,,,,,,,,,-0.712407013664032,,,0.480797466702842,-0.853959134499402,,,,,-0.0648411499268152,,0.814438524290756,,-0.659711340089467,,,,,,,0.799509189096634,,,,,,83.968,103,1207.08248289433,634.072027190197,591.593197978624,1225.47288135593,1188.69208443272,625.91186440678,642.232189973615,629.745762711864,553.440633245383,1
194.7648,1.21684544534748,-1.72505147292375,,0.0921954559840372,-0.850822361414563,,,,0.826968885777753,,-0.6160920177178,,-0.833821150076568,,,,,,,,,,,,,-0.74763685685118,,,0.529548805847551,-0.887528682784375,,,,,-0.0896717608721358,,0.798386664192524,,-0.650995414203563,,,,,,,0.795181472116985,,,,,,84.0704,102,1314.16249850931,619.689474047076,589.930779780272,1331.12895480226,1297.19604221636,609.262853107345,630.116094986807,632.641242937853,547.220316622691,0.519607843137255
194.8672,1.21108848436416,-1.7302402747548,,0.0762990965029629,-0.876298518374761,,,,0.88311569985552,,-0.638423563743644,,-0.874494818743578,,,,,,,,,,,,,-0.783351430537721,,,0.577168366006979,-0.921274188171985,,,,,-0.114317494277102,,0.782599703251286,,-0.640599554051991,,,,,,,0.791005077687952,,,,,,84.1728,103,1398.83432844893,613.028172859039,590.245409722111,1408.82662497943,1388.84203191844,605.572453513247,620.483892204831,634.709560638473,545.781258805748,0
194.9696,1.20308989502023,-1.73241133439509,,0.0599484876104149,-0.899352276481562,,,,0.938894967246243,,-0.65990383996399,,-0.91349411217911,,,,,,,,,,,,,-0.819495858730337,,,0.623570068150189,-0.955097626301958,,,,,-0.138764511835622,,0.767090028085838,,-0.628576151343638,,,,,,,0.786998060785523,,,,,,84.2752,102,1401.55098039216,622.268137254902,610.308823529412,1407.17450980392,1395.92745098039,612.029411764706,632.506862745098,654.28431372549,566.333333333333,0
195.072,1.19284658568694,-1.7315446300892,,0.0431640504165748,-0.919902650060543,,,,0.994221927693168,,-0.680489942216833,,-0.950726590811394,,,,,,,,,,,,,-0.856011805347324,,,0.668671533548022,-0.988900906993723,,,,,-0.163001518963175,,0.75186844560947,,-0.614981825029671,,,,,,,0.783178182971641,,,,,,84.3776,102,1352.68823529412,642.916176470588,647.651960784314,1360.39117647059,1344.98529411765,631.289215686275,654.543137254902,692.941176470588,602.362745098039,0
195.1744,1.18036151993722,-1.72762753074693,,0.0259663252780881,-0.937877004177021,,,,1.04901328827478,,-0.700142732350831,,-0.986103331391079,,,,,,,,,,,,,-0.892837425530821,,,0.712394637383133,-1.02258633867401,,,,,-0.187019753746659,,0.736944253205325,,-0.599877126839718,,,,,,,0.779562786310467,,,,,,84.48,103,930.338834951456,786.944660194175,697.529126213592,942.931067961165,917.746601941748,772.131067961165,801.758252427185,734.883495145631,660.174757281553,0
195.2768,1.16564373843303,-1.72065484363988,,0.00837568812309592,-0.95321137153976,,,,1.10318743868522,,-0.718826979778114,,-1.01953936582872,,,,,,,,,,,,,-0.92990731681401,,,0.754665989277898,-1.05605704173833,,,,,-0.2108129587053,,0.722325306676275,,-0.583326201956784,,,,,,,0.776168674605083,,,,,,84.5824,102,925.975490196078,795.261764705882,700.578431372549,945.738235294118,906.212745098039,781.750980392157,808.772549019608,735.676470588235,665.480392156863,0
195.3792,1.14870834727356,-1.71062881224581,,-0.00958793075595646,-0.965850689688731,,,,1.15666466116168,,-0.736511445651043,,-1.050954084406,,,,,,,,,,,,,-0.967152470800537,,,0.795417344677036,-1.08921731771772,,,,,-0.234377330859151,,0.708018086064779,,-0.565396396442929,,,,,,,0.773012000228247,,,,,,84.6848,103,927.795631067961,797.067961165049,690.849514563107,950.123300970874,905.467961165049,783.134951456311,811.000970873787,726.155339805825,655.543689320388,0
195.4816,1.12957646482072,-1.69755905663414,,-0.0279053309877004,-0.975748951191901,,,,1.20936734316919,,-0.753168907754816,,-1.08027161537019,,,,,,,,,,,,,-1.00450022571072,,,0.834585951329927,-1.12197297718818,,,,,-0.257711454857401,,0.694027756774139,,-0.546157812633764,,,,,,,0.770108151844499,,,,,,84.7872,102,952.873529411765,835.850980392157,657.661764705882,976.656862745098,929.090196078431,830.84705882353,840.854901960784,694.078431372549,621.245098039216,0
195.584,1.10827512658893,-1.68146245960619,,-0.0465583320608665,-0.982869269574501,,,,1.26122020129888,,-0.768776134588589,,-1.10742118606924,,,,,,,,,,,,,-1.04187422471536,,,0.872114836563931,-1.15423162479316,,,,,-0.280816231037453,,0.680358224367865,,-0.525682820549742,,,,,,,0.767471641417351,,,,,,84.8896,102,956.205392156863,849.046078431373,639.313725490196,979.604901960784,932.805882352941,845.029411764706,853.062745098039,678.980392156863,599.647058823529,0
195.6864,1.08483715244912,-1.66236301286814,,-0.0655300664361264,-0.987183872094401,,,,1.31215051992736,,-0.783313833325386,,-1.13233746202778,,,,,,,,,,,,,-1.0791943932297,,,0.907953040603978,-1.18590290286689,,,,,-0.303694805999132,,0.667012187749909,,-0.504045539961373,,,,,,,0.765115997721031,,,,,,84.992,103,825.73640776699,846.57427184466,643.242718446602,841.178640776699,810.294174757282,840.288349514563,852.860194174757,681.174757281553,605.310679611651,0
195.7888,1.0593009851187,-1.64029164917069,,-0.08480526641743,-0.988674039316977,,,,1.36208840169942,,-0.796766606382395,,-1.15496085876031,,,,,,,,,,,,,-1.11637695365727,,,0.9420557989353,-1.21689870242438,,,,,-0.326352502180346,,0.653991199068211,,-0.481321314058549,,,,,,,0.763053677064652,,,,,,85.0944,102,462.661764705882,861.705882352941,632.901960784314,471.723529411765,453.6,843.551960784314,879.859803921569,656.43137254902,609.372549019608,0
195.8912,1.03171051004659,-1.61528608700139,,-0.104370530340724,-0.987330012233151,,,,1.41096702156857,,-0.809122943909918,,-1.17523782156808,,,,,,,,,,,,,-1.15333448948954,,,0.974384676967134,-1.24713335030723,,,,,-0.348796736543301,,0.641295732492268,,-0.457586192632153,,,,,,,0.761295992163806,,,,,,85.1968,103,466.687378640777,870.518932038835,617.315533980583,478.000970873786,455.373786407767,857.591262135922,883.446601941748,634.883495145631,599.747572815534,0
195.9936,1.00211486352348,-1.58739069848382,,-0.124214553738698,-0.983150877656037,,,,1.45872287237761,,-0.820375259960364,,-1.19312106849043,,,,,,,,,,,,,-1.18997605448468,,,1.00490766267508,-1.27652377419564,,,,,-0.371036921315247,,0.628925254536285,,-0.432916430873259,,,,,,,0.75985304774675,,,,,,85.2992,102,809.886274509804,819.946568627451,607.946078431373,815.357843137255,804.414705882353,814.330392156863,825.562745098039,632.980392156863,582.911764705882,0
196.096,0.970568233339501,-1.55665639458268,,-0.144328314790385,-0.976144433437873,,,,1.50529599216809,,-0.830519963198116,,-1.20856979537119,,,,,,,,,,,,,-1.22620731272691,,,1.03359922302951,-1.30498964354536,,,,,-0.393084347027087,,0.616878287431574,,-0.407388002430354,,,,,,,0.758733671963283,,,,,,85.4016,102,1081.6318627451,780.558823529412,582.553921568627,1096.2862745098,1066.97745098039,780.027450980392,781.090196078432,626.098039215686,539.009803921569,0
196.1984,0.93712965556535,-1.52314051855148,,-0.164705207370344,-0.966327034698949,,,,1.55063017156773,,-0.839557545539404,,-1.2215498509002,,,,,,,,,,,,,-1.26193069916237,,,1.06044032778674,-1.33245348683508,,,,,-0.414952052811575,,0.60515246169654,,-0.381076128039152,,,,,,,0.757945341000659,,,,,,85.504,103,1107.80873786408,776.455825242719,572.087378640777,1118.90097087379,1096.71650485437,777.500970873786,775.410679611651,621.563106796117,522.611650485437,0
196.3008,0.901862810447987,-1.48690674440764,,-0.185341120713442,-0.953723426508132,,,,1.5946731442017,,-0.847492672309935,,-1.23203389720366,,,,,,,,,,,,,-1.29704559976956,,,1.08541844228726,-1.35884078746573,,,,,-0.436654688553919,,0.593744554824478,,-0.354054828349429,,,,,,,0.757494096931362,,,,,,85.6064,102,1757.32794117647,734.673529411765,550.656862745098,1753.11862745098,1761.53725490196,737.890196078431,731.456862745098,601.950980392157,499.362745098039,0
196.4032,0.864835821326188,-1.44802498186952,,-0.206234471261667,-0.938366570301594,,,,1.63737675918065,,-0.854334261625671,,-1.24000157154253,,,,,,,,,,,,,-1.33144855646739,,,1.10852749008688,-1.38408005947143,,,,,-0.458208370511051,,0.582650513044801,,-0.326396517735173,,,,,,,0.757384457836193,,,,,,85.7088,103,1787.30776699029,735.93640776699,543.208737864078,1787.10485436893,1787.51067961165,737,734.872815533981,601.621359223301,484.796116504854,0
196.5056,0.826121062582357,-1.40657128929429,,-0.227386194165537,-0.920297469219839,,,,1.67869712847539,,-0.860095545615178,,-1.24543965761434,,,,,,,,,,,,,-1.36503350171754,,,1.12976778690716,-1.40810290274484,,,,,-0.479630529726154,,0.571865458817777,,-0.298171662196184,,,,,,,0.757619321857846,,,,,,85.8112,102,1781.2318627451,738.446568627451,537.004901960784,1783.68823529412,1778.77549019608,739.999019607843,736.894117647059,594.029411764706,479.980392156863,0
196.608,0.785794980380519,-1.36262779283674,,-0.248799699346855,-0.899564992123547,,,,1.71859474099664,,-0.864794109327035,,-1.24834226320843,,,,,,,,,,,,,-1.39769202550453,,,1.14914594891458,-1.4308440383343,,,,,-0.500939752830247,,0.561383692592724,,-0.269448519416534,,,,,,,0.758199871058658,,,,,,85.9136,102,1450.7681372549,745.361764705882,557.205882352941,1434.60588235294,1466.93039215686,748.921568627451,741.801960784314,612.392156862745,502.019607843137,0
196.7104,0.743937922352754,-1.31628260516136,,-0.270480792739621,-0.876225688623415,,,,1.75703453989384,,-0.868451902489822,,-1.24871098896432,,,,,,,,,,,,,-1.42931367610831,,,1.16667477889865,-1.45224132644133,,,,,-0.52215561712549,,0.551198697247764,,-0.240292962369893,,,,,,,0.759125484540695,,,,,,86.016,103,633.879126213592,834.353883495146,604.883495145631,636.941747572816,630.816504854369,823.17572815534,845.532038834952,633.631067961165,576.135922330097,0
196.8128,0.700633966451806,-1.26762973356701,,-0.292437559209796,-0.850343582667,,,,1.79398596320875,,-0.871095218348783,,-1.24655507067917,,,,,,,,,,,,,-1.45978629471135,,,1.1823731338316,-1.47223577043125,,,,,-0.543298523007074,,0.541303149918203,,-0.210768374941112,,,,,,,0.760393672187327,,,,,,86.1184,102,646.637745098039,841.398039215686,621.975490196078,655.662745098039,637.612745098039,828.791176470588,854.004901960784,637.21568627451,606.735294117647,0
196.9152,0.655970736938965,-1.21676896520955,,-0.314680206215287,-0.821989931922307,,,,1.82942294711495,,-0.872754640097823,,-1.2418914871598,,,,,,,,,,,,,-1.48899638244418,,,1.19626577740641,-1.49077150974877,,,,,-0.564389525042172,,0.531688941609147,,-0.180935604691903,,,,,,,0.762000036061751,,,,,,86.2208,103,644.157766990291,838.46067961165,622.04854368932,656.22427184466,632.091262135922,827.296116504854,849.625242718447,633.970873786408,610.126213592233,0
197.0176,0.610039196323597,-1.16380571670384,,-0.337220876293649,-0.791242943754172,,,,1.86332388993607,,-0.873464966061197,,-1.23474503770165,,,,,,,,,,,,,-1.51682949902517,,,1.20838321995759,-1.50779580455338,,,,,-0.585450161412099,,0.522347199088377,,-0.150852960217351,,,,,,,0.763938257551326,,,,,,86.3232,102,640.697549019608,834.726470588235,603.176470588235,650.733333333333,630.661764705882,826.149019607843,843.303921568628,617.43137254902,588.921568627451,0
197.12,0.5629334101158,-1.10885084298847,,-0.360073439653699,-0.758187448192728,,,,1.89567157698479,,-0.873265127368488,,-1.22514840028026,,,,,,,,,,,,,-1.54317069558309,,,1.21876154553296,-1.52325901405458,,,,,-0.606502283263211,,0.513268298022899,,-0.120576250354121,,,,,,,0.766200103294081,,,,,,86.4256,102,641.286764705882,834.353431372549,595.142156862745,655.198039215686,627.375490196079,827.977450980392,840.729411764706,613.343137254902,576.941176470588,0
197.2224,0.514750291590511,-1.05202041195366,,-0.383253271146184,-0.722914537929565,,,,1.92645307062503,,-0.872198103861077,,-1.21314218109752,,,,,,,,,,,,,-1.56790498839005,,,1.22744222459815,-1.53711456861968,,,,,-0.627567889085356,,0.504441859256571,,-0.0901588741679064,,,,,,,0.768775443856295,,,,,,86.528,103,669.751941747573,828.157281553398,597.563106796117,679.499029126214,660.004854368932,821.123300970874,835.191262135922,617.155339805825,577.970873786408,0
197.3248,0.465589333388703,-0.993435452246603,,-0.406777007680604,-0.685521182845962,,,,1.95565957501339,,-0.870310837041856,,-1.19877495877489,,,,,,,,,,,,,-1.59091788078641,,,1.23447191223121,-1.54931893546811,,,,,-0.64866896900204,,0.495856732402949,,-0.0596519707006867,,,,,,,0.771652281646065,,,,,,86.6304,102,1540.77941176471,767.635294117647,589.279411764706,1534.78823529412,1546.77058823529,770.129411764706,765.141176470588,631.382352941176,547.176470588235,0
197.4272,0.415552324152514,-0.933221673681487,,-0.430662279438739,-0.64610981695766,,,,1.98328628567377,,-0.867654139323858,,-1.18210331718248,,,,,,,,,,,,,-1.61209593704908,,,1.23990223399643,-1.55983157963262,,,,,-0.669827357650515,,0.48750097930341,,-0.0291046287129162,,,,,,,0.774816786630577,,,,,,86.7328,103,1600.52060727204,774.76045117076,607.841995050447,1611.19061488673,1589.85059965734,772.722330097087,776.798572244432,664.873786407767,550.810203693128,0
197.5296,0.364743047883793,-0.871509157375005,,-0.454927410000099,-0.604787896807077,,,,2.00933222865409,,-0.864282596164532,,-1.1631918573387,,,,,,,,,,,,,-1.63132740811446,,,1.24378956191952,-1.56861492284546,,,,,-0.691064589562991,,0.479361865688872,,0.00143584655652263,,,,,,,0.778253341537568,,,,,,86.8352,102,1404.40086898396,797.191978609626,623.15742721331,1427.10909090909,1381.69264705882,791.779545454546,802.604411764706,673.777272727273,572.537581699347,0.568627450980392
197.632,0.313266976736515,-0.808432016296901,,-0.479591084487607,-0.561667444778871,,,,2.03380008873797,,-0.860254440324065,,-1.14211318484452,,,,,,,,,,,,,-1.64850290763498,,,1.24619477983445,-1.57563430235781,,,,,-0.712401754122189,,0.471425860670505,,0.0319236091858035,,,,,,,0.781944601561837,,,,,,86.9376,102,1186.73268716578,820.182887700535,637.569548425431,1221.87272727273,1151.59264705882,809.861363636364,830.504411764706,680.268181818182,594.87091503268,0.705882352941177
197.7344,0.261230980262215,-0.744128026047165,,-0.504671991365288,-0.516864601144124,,,,2.05669602692468,,-0.85563135662882,,-1.11894787953617,,,,,,,,,,,,,-1.66351613761278,,,1.24718303461516,-1.58085793167422,,,,,-0.733859351581956,,0.463678640168034,,0.0623138919860087,,,,,,,0.785871571871369,,,,,,87.04,103,991.542521589395,843.19259384248,653.321582472354,1025.92059429244,957.164448886351,827.435701676964,858.949486007995,688.9986760812,617.644488863507,0
197.8368,0.208743068069294,-0.678738219397813,,-0.530188450077775,-0.470499199417212,,,,2.07802949201885,,-0.85047818051681,,-1.09378445558603,,,,,,,,,,,,,-1.67626466151384,,,1.24682347117615,-1.58425686622302,,,,,-0.755457150859194,,0.456105091376984,,0.0925625822984692,,,,,,,0.79001369951032,,,,,,87.1424,102,951.787254901961,856.049019607843,679.647058823529,974.358823529412,929.21568627451,843.533333333333,868.564705882353,710.519607843137,648.774509803922,0
197.9392,0.155912161615178,-0.612406436446117,,-0.556158036002034,-0.422694359250901,,,,2.09781303225709,,-0.844862490560658,,-1.06671930721483,,,,,,,,,,,,,-1.68665071486704,,,1.24518895234782,-1.58580497710727,,,,,-0.777214047423851,,0.448689317408999,,0.122625779487141,,,,,,,0.794348973067055,,,,,,87.2448,103,947.856310679612,862.516019417476,720.067961165049,971.005825242719,924.706796116505,850.796116504854,874.235922330097,752.058252427185,688.077669902913,0
198.0416,0.102847877379066,-0.545278831695431,,-0.582597206263178,-0.373576083273664,,,,2.11606210747748,,-0.838854132741923,,-1.03785662157406,,,,,,,,,,,,,-1.69458203224003,,,1.24235576687171,-1.58547893461545,,,,,-0.799147917859063,,0.44141464313652,,0.152459359418721,,,,,,,0.79885402561797,,,,,,87.3472,102,947.772549019608,859.089215686275,722.122549019608,970.192156862745,925.352941176471,848.345098039216,869.833333333333,760.558823529412,683.686274509804,0
198.144,0.0496603082053361,-0.477503353509706,,-0.609520926080861,-0.323272854874049,,,,2.13279489721315,,-0.83252472555906,,-1.0073082431844,,,,,,,,,,,,,-1.69997266353261,,,1.2384033298555,-1.58325820177514,,,,,-0.821275466618762,,0.43426362300315,,0.182018558943417,,,,,,,0.803504238134377,,,,,,87.4496,102,948.618137254902,863.848039215686,674.995098039216,972.607843137255,924.628431372549,850.050980392157,877.645098039216,714.235294117647,635.754901960784,0
198.2464,-0.00354020096398959,-0.409229219181016,,-0.636942300364479,-0.271915246463165,,,,2.14803210257066,,-0.825947182735321,,-0.975193486862441,,,,,,,,,,,,,-1.70274375565979,,,1.2334138798845,-1.5791250379731,,,,,-0.843612063143755,,0.427218049926051,,0.211257583003668,,,,,,,0.808273842324435,,,,,,87.552,103,947.334951456311,855.140291262136,642.572815533981,974.069902912621,920.6,847.005825242719,863.274757281553,680.582524271845,604.563106796117,0
198.3488,-0.0566432843283638,-0.340606405945901,,-0.664872219774402,-0.219635548547763,,,,2.16179674649541,,-0.819195266994558,,-0.941638897975102,,,,,,,,,,,,,-1.70282428418508,,,1.22747217597011,-1.57306451261369,,,,,-0.866171573176036,,0.420258967116405,,0.240129239309342,,,,,,,0.813136026704962,,,,,,87.6544,102,949.147549019608,851.237254901961,631.598039215686,982.578431372549,915.716666666667,847.302941176471,855.171568627451,670.294117647059,592.901960784314,0
198.4512,-0.109538798532574,-0.271785166741032,,-0.693319027214348,-0.166567419137017,,,,2.17411398030169,,-0.812343165894413,,-0.906777946971282,,,,,,,,,,,,,-1.70015172699988,,,1.22066519695341,-1.56506452767254,,,,,-0.888966192408493,,0.413366691580303,,0.268584616838763,,,,,,,0.818063052816633,,,,,,87.7568,103,946.728640776699,854.670388349515,641.95145631068,979.272815533981,914.184466019418,846.931067961165,862.409708737864,680.893203883495,603.009708737864,0
198.5536,-0.162117086703937,-0.202915566371088,,-0.722288204797332,-0.112845541401008,,,,2.18501090318283,,-0.80546507283047,,-0.870750638987245,,,,,,,,,,,,,-1.69467267599426,,,1.21308184517681,-1.55511584634452,,,,,-0.912006291682246,,0.406520860401984,,0.296572830147142,,,,,,,0.823026385577693,,,,,,87.8592,102,704.953921568627,846.691666666667,677.210784313726,716.472549019608,693.435294117647,830.579411764706,862.803921568627,711.049019607843,643.372549019608,0
198.656,-0.21426926853326,-0.134147028470563,,-0.751782078920571,-0.0586052783481389,,,,2.19451639955123,,-0.798634765374981,,-0.83370303358545,,,,,,,,,,,,,-1.68634338370749,,,1.20481265432577,-1.54321212506799,,,,,-0.935300281027926,,0.399700504427628,,0.324040842677407,,,,,,,0.827996836400815,,,,,,87.9616,102,449.696078431373,842.971568627451,706.647058823529,455.401960784314,443.990196078431,820.546078431373,865.397058823529,728.558823529412,684.735294117647,0
198.7584,-0.265887552198308,-0.0656278874511989,,-0.78179954189245,-0.003982325006952,,,,2.20266099729368,,-0.791925183931225,,-0.795786690847224,,,,,,,,,,,,,-1.67513024207936,,,1.19594950016895,-1.52934994776009,,,,,-0.958854496151573,,0.392884144667097,,0.350933368180637,,,,,,,0.832944715878779,,,,,,88.064,103,483.599514563107,805.44854368932,726.169902912621,486.207766990291,480.991262135922,787.388349514563,823.508737864078,744.582524271845,707.757281553398,0
198.8608,-0.316865558972543,0.00249505592388919,,-0.812335790053174,0.0508876346121166,,,,2.20947674504036,,-0.785408017746922,,-0.757158065886611,,,,,,,,,,,,,-1.66101019129848,,,1.18658531372011,-1.51352886112879,,,,,-0.982673107812036,,0.386049902161115,,0.377192843657362,,,,,,,0.837839995267625,,,,,,88.1664,102,983.817647058824,229.322058823529,696.568627450981,989.405882352941,978.229411764706,217.25,241.394117647059,730.294117647059,662.843137254902,0
198.9632,-0.367098653233896,0.0700769738722469,,-0.843382080072841,0.105869259077427,,,,2.21499709929009,,-0.77915330832408,,-0.717977869118554,,,,,,,,,,,,,-1.64397105792088,,,1.17681379654888,-1.49575140898064,,,,,-1.0067580524422,,0.37917561400877,,0.402759466087538,,,,,,,0.84265247711034,,,,,,88.2688,103,1024.99708737864,199.095145631068,692.26213592233,1036.17281553398,1013.8213592233,198.369902912621,199.820388349515,737.330097087379,647.194174757282,0
199.0656,-0.416484266825223,0.136975436900795,,-0.874925508672279,0.160827856551487,,,,2.21925680959159,,-0.773229081992398,,-0.678410416132423,,,,,,,,,,,,,-1.62401182049254,,,1.16672913477137,-1.4760231637746,,,,,-1.0311089803347,,0.372238952085682,,0.42757127465104,,,,,,,0.847351972099591,,,,,,88.3712,102,1025,204.997549019608,692.024509803922,1036.13725490196,1013.86274509804,195.667647058824,214.327450980392,738.705882352941,645.343137254902,0
199.168,-0.464922197458458,0.203050808792847,,-0.9069488262369,0.21562964455708,,,,2.22229179248074,,-0.767701019472074,,-0.638623003722965,,,,,,,,,,,,,-1.601142798164,,,1.15642570434726,-1.45435275381221,,,,,-1.05572321648606,,0.365217541518201,,0.451564245679228,,,,,,,0.851908476188436,,,,,,88.4736,102,1024.47927758695,208.607199084013,698.136700300558,1036.59384929154,1012.36470588235,200.521260913124,216.693137254902,740.979282954058,655.294117647059,0
199.2704,-0.512314866238813,0.268166602943526,,-0.939430298225965,0.270141951876915,,,,2.22413898692976,,-0.762632164494339,,-0.598785336647168,,,,,,,,,,,,,-1.57538575645223,,,1.14599776189865,-1.43075188334001,,,,,-1.08059573085871,,0.358089074146468,,0.474672374150373,,,,,,,0.856292343483037,,,,,,88.576,103,905.826358560145,270.574273827627,701.033756767282,908.749270072993,902.903447047297,255.736496350365,285.41205130489,738.003649635037,664.063863899528,0.0388349514563107
199.3728,-0.558567542576563,0.332189813084613,,-0.972343625704436,0.324233384846332,,,,2.22483618554088,,-0.758082671214021,,-0.559068990931467,,,,,,,,,,,,,-1.54677392389905,,,1.13553912267868,-1.40523534211454,,,,,-1.10571912142277,,0.350831412200031,,0.496827747381519,,,,,,,0.860474455262644,,,,,,88.6784,102,623.626737762004,412.035244927342,685.961494676221,659.943613138686,587.309862385321,355.019343065693,469.051146788991,726.406934306569,645.516055045872,0.676470588235294
199.4752,-0.603588557915543,0.394991238893679,,-1.00565792598927,0.377773994593024,,,,2.22442184031659,,-0.754109590378427,,-0.519646873609427,,,,,,,,,,,,,-1.51535191325458,,,1.12514283367407,-1.37782100026962,,,,,-1.13108362407919,,0.343422680708074,,0.517960640355769,,,,,,,0.864426389124447,,,,,,88.7808,103,400.007975754487,461.677140840739,716.815603546976,429.428679753384,370.587271755589,431.634944369641,491.719337311838,726.531358514634,707.099848579318,0
199.5776,-0.647289516916401,0.45644580614946,,-1.03933776305321,0.430635458640281,,,,2.2229348489915,,-0.750766692336602,,-0.480692650521206,,,,,,,,,,,,,-1.48117554624733,,,1.11490084992124,-1.34852978321963,,,,,-1.15667716904928,,0.335841351133314,,0.537999652141826,,,,,,,0.868120590398594,,,,,,88.8832,102,378.190196078431,396.538725490196,795.210784313726,391.132352941176,365.248039215686,376.317647058824,416.759803921569,797.127450980392,793.294117647059,0
199.68,-0.68958549940953,0.516432861478515,,-1.07334321677225,0.48269126564064,,,,2.22041433164555,,-0.748104320298927,,-0.442380141769644,,,,,,,,,,,,,-1.4443115907666,,,1.10490371714886,-1.31738562340798,,,,,-1.18248549332215,,0.328066318985289,,0.55687188124997,,,,,,,0.871530540865738,,,,,,88.9856,102,378.008333333333,405.176960784314,816.637254901961,392.190196078431,363.826470588235,386.423529411765,423.930392156863,814.617647058824,818.656862745098,0
199.7824,-0.730395248952153,0.574836430374826,,-1.10762998738553,0.533816896107717,,,,2.21689940411088,,-0.746169265865905,,-0.404882698992178,,,,,,,,,,,,,-1.40483742267003,,,1.09524025918134,-1.28441539165828,,,,,-1.20849230048628,,0.320076975477925,,0.574503134492932,,,,,,,0.874630915321148,,,,,,89.088,103,379.553883495146,412.022815533981,835.757281553398,389.652427184466,369.455339805825,397.252427184466,426.793203883495,836.679611650486,834.834951456311,0
199.8848,-0.769641349009688,0.631545442090087,,-1.14214953106223,0.583890002637718,,,,2.21242895072302,,-0.745004660349339,,-0.368372578074075,,,,,,,,,,,,,-1.36284062059603,,,1.0859972680244,-1.24964881489282,,,,,-1.23467944993872,,0.31185327275086,,0.590818169663263,,,,,,,0.877397720069999,,,,,,89.1904,102,259.268137254902,638.104901960784,825.882352941177,259.196078431373,259.340196078431,627.660784313726,648.549019607843,836.362745098039,815.401960784314,0
199.9872,-0.807250384105192,0.686453923758954,,-1.17684921636453,0.632790589448873,,,,2.20704139996525,,-0.744649872774441,,-0.333020314325136,,,,,,,,,,,,,-1.31841849945693,,,1.07725919654223,-1.21311838603413,,,,,-1.26102716102177,,0.303375783902114,,0.605740970452427,,,,,,,0.879808412795645,,,,,,89.2928,103,241.359708737864,746.794660194175,784.495145631068,241.176699029126,241.542718446602,732.94854368932,760.640776699029,797,771.990291262136,0
200.0896,-0.843153083507305,0.739461164348155,,-1.21167249534572,0.680401189176395,,,,2.20077450717186,,-0.745140402339772,,-0.298994096684216,,,,,,,,,,,,,-1.27167758714375,,,1.06910785457736,-1.17485926939706,,,,,-1.28751422561782,,0.294625760520071,,0.619195049670929,,,,,,,0.881842003651917,,,,,,89.3952,102,238.352450980392,749.832843137255,769.372549019608,237.217647058824,239.487254901961,738.430392156863,761.235294117647,780.950980392157,757.794117647059,0
200.192,-0.877284452901989,0.790471858931142,,-1.24655909276814,0.726607044838202,,,,2.19366514428892,,-0.74650775736355,,-0.266459128397898,,,,,,,,,,,,,-1.22273304431618,,,1.06162210881503,-1.13490920414308,,,,,-1.31411822643058,,0.285585192620862,,0.631103783043358,,,,,,,0.883479135593742,,,,,,89.4976,102,235.593137254902,747.250490196078,734.112745098039,231.741176470588,239.445098039216,735.727450980392,758.773529411765,746.71568627451,721.509803921569,0
200.2944,-0.909583904309608,0.839396253669125,,-1.28144521879881,0.771296313514725,,,,2.18574909287885,,-0.74877932202794,,-0.235576960963932,,,,,,,,,,,,,-1.17170801983105,,,1.05487758667197,-1.09330840924975,,,,,-1.3408157544535,,0.276236877354008,,0.641390784823619,,,,,,,0.884702142688721,,,,,,89.6,103,1014.39708737864,619.171359223301,660.194174757282,988.622330097088,1040.17184466019,616.159223300971,622.183495145631,686.077669902913,634.310679611651,0
200.3968,-0.939995392769858,0.886150310473841,,-1.31626380999274,0.814360305328319,,,,2.17706083741462,,-0.751978220056376,,-0.206504796317818,,,,,,,,,,,,,-1.11873293167138,,,1.04894638561728,-1.05009949243811,,,,,-1.36758261660029,,0.266564497660196,,0.64998033583515,,,,,,,0.885495087132321,,,,,,89.7024,102,1424.53823529412,558.976960784314,602.519607843137,1425.20980392157,1423.86666666667,560.255882352941,557.698039215686,652.441176470588,552.598039215686,0
200.4992,-0.968467564149017,0.930655899567291,,-1.35094480755282,0.855693761467195,,,,2.16763335946268,,-0.756123186065694,,-0.179394762443057,,,,,,,,,,,,,-1.06394466937931,,,1.04389678965997,-1.00532735972063,,,,,-1.39439403394299,,0.256552702501881,,0.656797864830845,,,,,,,0.885843774818295,,,,,,89.8048,103,1461.77572815534,525.353398058253,595.02427184466,1465.87669902913,1457.67475728155,522.896116504854,527.81067961165,650.68932038835,539.359223300971,0
200.6016,-0.994953913877593,0.97284101670633,,-1.38541548044565,0.895195167295741,,,,2.15749793708737,,-0.76122844994328,,-0.154393170654529,,,,,,,,,,,,,-1.0074857244918,,,1.03979299474211,-0.9590391152111,,,,,-1.42122484510951,,0.246187177886556,,0.66177047849014,,,,,,,0.885735748067076,,,,,,89.9072,102,1609.79411764706,390.425,611.254901960784,1623.32843137255,1596.25980392157,377.502941176471,403.347058823529,670.990196078431,551.519607843137,0
200.704,-1.01941295111484,1.01264001540419,,-1.41960078819441,0.932767092860271,,,,2.14668395778057,,-0.767303633362417,,-0.131639757596081,,,,,,,,,,,,,-0.949503264292619,,,1.03669484823393,-0.911283938467837,,,,,-1.44804973227958,,0.235454705982133,,0.664827536723251,,,,,,,0.885160259033328,,,,,,90.0096,102,1567.94215686275,391.828431372549,649.058823529412,1582.85784313725,1553.02647058824,382.687254901961,400.969607843137,708.725490196079,589.392156862745,0
200.8064,-1.04180835988447,1.04999384429622,,-1.45342376804712,0.968316553234146,,,,2.13521875540494,,-0.774353656899898,,-0.111266907552469,,,,,,,,,,,,,-0.890148168631882,,,1.03465761276563,-0.862112929921101,,,,,-1.47484347878429,,0.224343218106187,,0.665901271767301,,,,,,,0.884108235449079,,,,,,90.112,103,1528.5145631068,383.018932038835,669.354368932039,1546.17766990291,1510.85145631068,357.246601941748,408.791262135922,728.601941747573,610.106796116505,0
200.9088,-1.06210915154717,1.08485028267103,,-1.48680593521673,1.00175538562306,,,,2.1231274776804,,-0.782378658611067,,-0.093398846793485,,,,,,,,,,,,,-0.829574047965351,,,1.03373176270548,-0.811578921858313,,,,,-1.50158125829459,,0.212841848201281,,0.664927449620635,,,,,,,0.882572250985065,,,,,,90.2144,102,1204.2318627451,423.788725490196,715.666666666667,1205.93823529412,1202.52549019608,408.33431372549,439.243137254902,772.745098039216,658.588235294118,0
201.0112,-1.08028980641917,1.11716416441826,,-1.51966769225462,1.03300064024614,,,,2.1104329837101,,-0.791373924412541,,-0.0781508085109517,,,,,,,,,,,,,-0.767936255804052,,,1.03396281111612,-0.759736262641849,,,,,-1.52823894762356,,0.200940990430676,,0.661846068771926,,,,,,,0.880546503682597,,,,,,90.3168,103,792.287378640777,537.682038834951,765.179611650486,805.016504854369,779.558252427185,527.935922330097,547.428155339806,806.320388349515,724.038834951456,0
201.1136,-1.09633039978243,1.14689756977306,,-1.55192873936047,1.06197497044451,,,,2.09715576969305,,-0.801329830307283,,-0.0656281869326789,,,,,,,,,,,,,-0.705390907934986,,,1.03539115632131,-0.706640594168491,,,,,-1.55479344133653,,0.188632365402109,,0.656602080832465,,,,,,,0.878026796832974,,,,,,90.4192,102,789.557352941176,548.769607843137,797.970588235294,801.88431372549,777.230392156863,539.81568627451,557.723529411765,834.509803921569,761.43137254902,0
201.216,-1.11021670278002,1.17401995908175,,-1.583508467042,1.08860699732078,,,,2.0833139259637,,-0.812231800795358,,-0.0559257189989525,,,,,,,,,,,,,-0.642093923956627,,,1.03805193846776,-0.652348648662822,,,,,-1.58122293254248,,0.175909102639108,,0.649146106196152,,,,,,,0.875010513449466,,,,,,90.5216,102,787.061274509804,556.220098039216,822.004901960784,798.943137254902,775.179411764706,550.902941176471,561.537254901961,863.019607843137,780.990196078431,0
201.3184,-1.12194025128297,1.19850823824396,,-1.61432631235445,1.11283163292439,,,,2.0689231322031,,-0.824060290587407,,-0.0491267340569458,,,,,,,,,,,,,-0.578200104545909,,,1.04197490346877,-0.596918082915103,,,,,-1.60750713009293,,0.162765843721725,,0.639435120372543,,,,,,,0.87149657651749,,,,,,90.624,103,786.652427184466,563.842718446602,813.694174757282,802.602912621359,770.701941747573,563.315533980583,564.369902912621,858.165048543689,769.223300970874,0
201.4208,-1.13149838585888,1.22034677255297,,-1.6443020744773,1.13459036604812,,,,2.05399669497755,,-0.836790793275543,,-0.0453024967999977,,,,,,,,,,,,,-0.513862249427402,,,1.04718427589004,-0.540407353384906,,,,,-1.63362740837403,,0.14919886048979,,0.627433104089999,,,,,,,0.867485391050234,,,,,,90.7264,102,939.728431372549,549.071568627451,808.14705882353,952.525490196078,926.93137254902,543.877450980392,554.26568627451,857.382352941177,758.911764705882,0
201.5232,-1.13889427131292,1.23952737646052,,-1.67335620297721,1.15383152295452,,,,2.03854562553563,,-0.850393876892559,,-0.0445116504702364,,,,,,,,,,,,,-0.449230316937387,,,1.05369864208044,-0.482875627503769,,,,,-1.65956690554429,,0.135206175575868,,0.613111660699304,,,,,,,0.862978768935947,,,,,,90.8288,103,945.155825242719,554.961165048544,820.199029126214,959.296116504854,931.015533980583,549.773786407767,560.14854368932,874.194174757282,766.203883495146,0
201.6256,-1.1441368998572,1.25604929200485,,-1.70141007780444,1.17051050816694,,,,2.02257875107186,,-0.864835247411449,,-0.0467997533644422,,,,,,,,,,,,,-0.384450630885926,,,1.06153084463605,-0.424382727387669,,,,,-1.68531058229268,,0.1207876748611,,0.596450599111534,,,,,,,0.857979839512486,,,,,,90.9312,102,932.16862745098,562.505882352941,833.843137254902,948.759803921569,915.577450980392,556.527450980392,568.48431372549,891.274509803922,776.411764705882,0
201.728,-1.1472410781467,1.26991915108364,,-1.72838629209147,1.18459002472261,,,,2.00610284879434,,-0.880075843391412,,-0.0521988910614555,,,,,,,,,,,,,-0.319665144498901,,,1.070687890642,-0.364989106642648,,,,,-1.71084523734547,,0.105945208893994,,0.577438477845081,,,,,,,0.852492947613539,,,,,,91.0336,102,912.889215686275,563.083333333333,839.950980392157,925.858823529412,899.919607843137,558.973529411765,567.193137254902,898.441176470588,781.460784313726,0
201.8304,-1.14822739980368,1.28115091537309,,-1.75420893725948,1.19604027400805,,,,1.9891227913541,,-0.896071962779525,,-0.0607273468334788,,,,,,,,,,,,,-0.255010766297209,,,1.08117087654738,-0.304755864243475,,,,,-1.73615946659708,,0.0906826856742353,,0.55607311170267,,,,,,,0.846523541022257,,,,,,91.136,103,895.115048543689,566.35145631068,857.898058252427,909.531067961165,880.699029126214,558.222330097087,574.480582524272,914.009708737864,801.78640776699,0
201.9328,-1.1471222031226,1.28976579310324,,-1.77880388267445,1.20483913176516,,,,1.97164170120243,,-0.912775418929673,,-0.072389331181119,,,,,,,,,,,,,-0.190618746021127,,,1.09297493213427,-0.243744797298241,,,,,-1.76124355660191,,0.0750061597172765,,0.532362039284438,,,,,,,0.84007805299712,,,,,,91.2384,102,878.811764705882,567.123039215686,895.823529411765,892.814705882353,864.808823529412,553.36568627451,580.880392156863,950.794117647059,840.852941176471,0
202.0352,-1.14395750665258,1.29579213114044,,-1.80209904273961,1.21097228944738,,,,1.95366112139898,,-0.930133722169377,,-0.0871747912306746,,,,,,,,,,,,,-0.126614119778859,,,1.10608918628516,-0.182018485313486,,,,,-1.78608931917763,,0.0589239232513166,,0.506322934208265,,,,,,,0.833163789776277,,,,,,91.3408,103,858.003883495146,577.289805825243,942.150485436893,871.466990291262,844.540776699029,558.125242718447,596.454368932039,994.019417475728,890.281553398058,0
202.1376,-1.13877091284462,1.29926527840771,,-1.82402463350663,1.21443335079664,,,,1.93518120737702,,-0.9480902820496,,-0.105059317265667,,,,,,,,,,,,,-0.0631152194072766,,,1.12049675698833,-0.119640390587639,,,,,-1.81068989075495,,0.0424466024457506,,0.477983934931371,,,,,,,0.825788832748923,,,,,,91.4432,102,830.813725490196,587.771568627451,988.833333333333,843.455882352941,818.171568627451,564.092156862745,611.450980392157,1032.12745098039,945.539215686274,0
202.24,-1.13160547624218,1.30022741988385,,-1.84451343132048,1.21522388344573,,,,1.91620093670786,,-0.966584620237452,,-0.126004143870798,,,,,,,,,,,,,-0.00023325440371932,,,1.13617476670596,-0.0566749624053917,,,,,-1.8350395192339,,0.0255872542319695,,0.44738387588304,,,,,,,0.817961958368769,,,,,,91.5456,102,876.572549753709,596.976986355506,1028.57921013158,892.000980392157,861.144119115261,560.223529411765,633.730443299247,1065.30392156863,991.854498694523,0
202.3424,-1.12250954192935,1.29872738765694,,-1.86350104672976,1.21335343444548,,,,1.89671833432313,,-0.985552581954019,,-0.149956233443118,,,,,,,,,,,,,0.0619280282428767,,,1.15309438220248,0.00681225820527793,,,,,-1.85913334407495,,0.00836145203965778,,0.414572417853508,,,,,,,0.809692568614396,,,,,,91.648,103,953.639988840949,596.004676017976,1048.91866372485,978.297087378641,928.982890303257,558.855339805825,633.154012230126,1103.73786407767,994.099463372021,0.368932038834951
202.4448,-1.11153656475822,1.29482046114584,,-1.88092621605725,1.20883951998875,,,,1.87673071366443,,-1.00492654009698,,-0.176848438373871,,,,,,,,,,,,,0.123272611158138,,,1.17122087571671,0.0707545317587982,,,,,-1.88296716186903,,-0.00921265354846417,,0.379610087631909,,,,,,,0.800990617705015,,,,,,91.7504,102,417.099062185713,713.684162867693,1565.44549482092,-95.521568627451,929.719692998877,795.882352941177,631.48597279421,2141,989.890989641832,0
202.5472,-1.09874491651024,1.28856816684775,,-1.8967311016912,1.20170759340864,,,,1.85623493327645,,-1.02463559534113,,-0.20659975053104,,,,,,,,,,,,,0.183712414769104,,,1.19051370478953,0.13508381090078,,,,,-1.9065371673189,,-0.0271143090565087,,0.342568237456318,,,,,,,0.791866523167939,,,,,,91.8528,103,704.900577944336,690.771102601477,1313.85582106262,479.344660194175,930.456495694497,751.72427184466,629.817933358293,1642.02912621359,985.682515911644,0.815533980582524
202.6496,-1.08419767922106,1.28003807975629,,-1.91086159302761,1.1919909875014,,,,1.83522766412438,,-1.04460577988055,,-0.239115648007807,,,,,,,,,,,,,0.243167460416715,,,1.21092661191107,0.199730632546454,,,,,-1.92983966769603,,-0.0453201696330315,,0.303528926716317,,,,,,,0.782331058583299,,,,,,91.9552,102,871.202041351921,673.183280294521,1170.39388383583,811.210784313726,931.193298390116,718.216666666667,628.149893922376,1359.3137254902,981.474042181455,1
202.752,-1.0679624162031,1.26930362199132,,-1.92326761118423,1.17973082357279,,,,1.8137056581475,,-1.06476026968724,,-0.274288540862624,,,,,,,,,,,,,0.30156599567012,,,1.23240774852522,0.264624024873364,,,,,-1.95287078631495,,-0.0638043451067434,,0.262584723934686,,,,,,,0.772395233255625,,,,,,92.0576,102,928.026978953318,636.915583867392,1139.96167624669,924.127450980392,931.926506926245,647.341176470588,626.489991264196,1302.63725490196,977.286097591414,1
202.8544,-1.05011091146304,1.25644385191346,,-1.93390342698224,1.16497587992528,,,,1.79166600838866,,-1.0850196053422,,-0.311998310584667,,,,,,,,,,,,,0.358844583243963,,,1.25489982851752,0.329691447234781,,,,,-1.97562618138268,,-0.0825384774322724,,0.219838427053828,,,,,,,0.762070167391823,,,,,,92.16,103,924.274373257534,635.087189506373,1129.41259833838,915.885436893204,932.663309621864,645.352427184466,624.821951828279,1285.74757281553,973.077623861226,1
202.9568,-1.03071887074533,1.24154323810116,,-1.94272799599795,1.14778241486579,,,,1.76910639710889,,-1.10530191934269,,-0.352112936491127,,,,,,,,,,,,,0.414948151673972,,,1.27834031484814,0.394858774566719,,,,,-1.99810079481232,,-0.101491848533845,,0.17540269647003,,,,,,,0.751366969973228,,,,,,92.2624,102,916.00691890384,649.341171882456,1114.06202604591,898.613725490196,933.400112317484,675.528431372549,623.153912392363,1259.25490196078,968.869150131037,1
203.0592,-1.00986558180003,1.22469141716305,,-1.94970530407684,1.12821394396554,,,,1.74602533418209,,-1.12552316768979,,-0.394489202547694,,,,,,,,,,,,,0.469830004525057,,,1.30266164050702,0.46005032761086,,,,,-2.02028862543804,,-0.120631519100976,,0.129399592819025,,,,,,,0.740296621335321,,,,,,92.3648,103,906.888889119728,654.346655757534,1107.58509371422,879.640863226353,934.136915013104,687.207438558622,621.485872956446,1250.50951102758,964.660676400849,1
203.1616,-0.987633536987158,1.20598293608243,,-1.95480471005964,1.1063409742365,,,,1.72242238883446,,-1.14559736616953,,-0.438973476610103,,,,,,,,,,,,,0.523451781228752,,,1.32779146279193,0.525188946218149,,,,,-2.04218251680258,,-0.139922497053988,,0.0819600191431635,,,,,,,0.728869859046647,,,,,,92.4672,102,906.336775001942,651.168643640955,1098.13422304113,877.799832295161,934.873717708723,682.51945376138,619.817833520529,1235.8162434116,960.45220267066,1
203.264,-0.96410802508776,1.1855169743022,,-1.95800127380194,1.08224069620195,,,,1.69829841721168,,-1.16543683516588,,-0.485402550071392,,,,,,,,,,,,,0.575783354677295,,,1.35365294860745,0.590196103546342,,,,,-2.06377395823219,,-0.15932793039067,,0.0332230795801379,,,,,,,0.71709706797987,,,,,,92.5696,102,905.752780324151,648.408170031079,1089.02683435895,875.89863440345,935.606926244852,678.658409199808,618.157930862349,1221.78941063728,956.264258080619,1
203.3664,-0.939376697901198,1.16339703573344,,-1.95927606470962,1.05599663217082,,,,1.67365578928292,,-1.18495245643819,,-0.533604522817691,,,,,,,,,,,,,0.626802647111333,,,1.38016508964167,0.654992060206133,,,,,-2.08505290257061,,-0.178809317661766,,-0.0166646287357096,,,,,,,0.704988179755845,,,,,,92.672,103,905.165922927351,645.634164687821,1079.8748016146,873.988116914231,936.343728940472,674.778437949209,616.489891426432,1207.69381887877,952.055784350431,1
203.4688,-0.913529111842329,1.13973060415209,,-1.95861644909199,1.02769823808843,,,,1.64849861651577,,-1.2040539464459,,-0.583399720778251,,,,,,,,,,,,,0.676495356118335,,,1.40724305166028,0.719496060367967,,,,,-2.10600760514887,,-0.198326731968825,,-0.0675497808134909,,,,,,,0.692552588749249,,,,,,92.7744,102,904.579065530552,642.860159344563,1070.72276887026,872.077599425012,937.080531636091,670.89846669861,614.821851990516,1193.59822712027,947.847310620242,1
203.5712,-0.88665624262763,1.11462876671195,,-1.95601635058112,0.99744045924428,,,,1.62283297655915,,-1.22265015794489,,-0.634601637647085,,,,,,,,,,,,,0.724854600409893,,,1.43479856654333,0.783626574396807,,,,,-2.12662449276569,,-0.217839057565264,,-0.119273142962724,,,,,,,0.679799092087237,,,,,,92.8768,103,903.992208133752,640.086154001305,1061.57073612591,870.167081935793,937.817334331711,667.018495448011,613.153812554599,1179.50263536176,943.638836890054,1
203.6736,-0.858849976671319,1.08820582172696,,-1.95147647441019,0.965323247682107,,,,1.59666713149317,,-1.2406494223764,,-0.687017892107954,,,,,,,,,,,,,0.771880504018811,,,1.4627403728601,0.847301591588425,,,,,-2.14688807386447,,-0.237304238019725,,-0.171670440010145,,,,,,,0.666735860552961,,,,,,92.9792,102,903.405350736952,637.312148658047,1052.41870338156,868.256564446574,938.554137027331,663.138524197413,611.485773118682,1165.40704360326,939.430363159865,1
203.776,-0.830202588233453,1.06057888758037,,-1.9450044868294,0.931451053324878,,,,1.57001174278377,,-1.25795993269183,,-0.740451191113556,,,,,,,,,,,,,0.817579733089457,,,1.49097470453023,0.910438965418194,,,,,-2.16678089788279,,-0.256679533136458,,-0.224573262111753,,,,,,,0.653370445058352,,,,,,93.0816,102,902.821356059161,634.551675048171,1043.31131469938,866.355366554863,939.287345563459,659.277479635841,609.825870460502,1151.38021082894,935.242418569824,1
203.8784,-0.800806206872103,1.03186751764669,,-1.93661514294608,0.895932293854873,,,,1.54288008790642,,-1.27449015307325,,-0.794700296510354,,,,,,,,,,,,,0.861964992922006,,,1.51940582471291,0.972956813776494,,,,,-2.18628356380729,,-0.275921782984841,,-0.277810010012459,,,,,,,0.639709817851581,,,,,,93.184,103,902.234498662362,631.777669704914,1034.15928195504,864.444849065644,940.024148259079,655.397508385242,608.157831024585,1137.28461907044,931.033944839636,1
203.9808,-0.770752270215709,1.00219331211032,,-1.92633035739045,0.858878796728586,,,,1.51528827500147,,-1.29014924071222,,-0.849561005043526,,,,,,,,,,,,,0.905054494759077,,,1.54793660268089,1.03477396998564,,,,,-2.20537476485113,,-0.294987679829047,,-0.331206882325042,,,,,,,0.625760438796293,,,,,,93.2864,102,901.647641265562,629.003664361656,1025.00724921069,862.534331576426,940.760950954699,651.517537134643,606.489791588669,1123.18902731193,926.825471109447,1
204.0832,-0.740130958507147,0.97167951354676,,-1.91417921117457,0.820405204641256,,,,1.48725544264097,,-1.30484747537113,,-0.904827159864465,,,,,,,,,,,,,0.94687140951733,,,1.57646912463009,1.09581046063962,,,,,-2.22403134800306,,-0.313834048323771,,-0.384588896224303,,,,,,,0.611528329432147,,,,,,93.3888,103,901.060783868762,626.229659018398,1015.85521646634,860.623814087207,941.497753650318,647.637565884044,604.821752152752,1109.09343555343,922.616997379259,1
204.1856,-0.709030623451899,0.940450579616187,,-1.90019788926615,0.780628347388106,,,,1.4588039334154,,-1.31849670682286,,-0.960291704901896,,,,,,,,,,,,,0.987443327773963,,,1.60490531148804,1.15598796691837,,,,,-2.24222837731898,,-0.332418132259586,,-0.43778091231317,,,,,,,0.597019136823707,,,,,,93.4912,102,900.473926471963,623.45565367514,1006.703183722,858.713296597988,942.234556345938,643.757594633445,603.153712716835,1094.99784379492,918.40852364907,1
204.288,-0.677537236170612,0.908631732742202,,-1.88442955087512,0.739666595664938,,,,1.42995943841842,,-1.33101083159832,,-1.01574777470188,,,,,,,,,,,,,1.02680173634563,,,1.63314750739776,1.21523023254968,,,,,-2.25993920641246,,-0.350697882706405,,-0.490608628355999,,,,,,,0.582238174811819,,,,,,93.5936,102,899.889931794172,620.695180065264,997.595795039816,856.812098706277,942.967764882067,639.896550071873,601.493810058655,1080.9710110206,914.220579059029,1
204.3904,-0.64573387227844,0.876348487491358,,-1.86692414259489,0.697639212725909,,,,1.40075111352658,,-1.34230629355572,,-1.07098979830185,,,,,,,,,,,,,1.06498151006531,,,1.66109901651561,1.27346341103237,,,,,-2.2771355684881,,-0.368632236763952,,-0.542899523491771,,,,,,,0.567190438423519,,,,,,93.696,103,899.303074397372,617.921174722006,988.44376229547,854.901581217058,943.704567577686,636.016578821275,599.825770622738,1066.8754192621,910.012105328841,1
204.4928,-0.613700236631449,0.843726156679595,,-1.84773816653716,0.654665712321465,,,,1.37121166730103,,-1.35230258614749,,-1.12581459505479,,,,,,,,,,,,,1.10202041184334,,,1.68866458509917,1.33061636469955,,,,,-2.29378768632802,,-0.386181373091768,,-0.594483756335682,,,,,,,0.551880596612763,,,,,,93.7984,102,898.716217000573,615.147169378749,979.291729551123,852.991063727839,944.441370273306,632.136607570676,598.157731186822,1052.77982750359,905.803631598652,1
204.5952,-0.581512224911798,0.810889341556248,,-1.82693441369569,0.610865228979436,,,,1.34137741964963,,-1.36092273234202,,-1.18002244514035,,,,,,,,,,,,,1.13795859449497,,,1.71575083221256,1.38662092713461,,,,,-2.30986440316265,,-0.403306933668715,,-0.645195027125026,,,,,,,0.536312976421654,,,,,,93.9008,103,898.129359603773,612.373164035491,970.139696806776,851.08054623862,945.178172968926,628.256636320077,596.489691750905,1038.68423574509,901.595157868464,1
204.6976,-0.549241525853401,0.777961417570277,,-1.80458167030234,0.566355911579385,,,,1.31128832934167,,-1.3680937286923,,-1.23341812311599,,,,,,,,,,,,,1.17283810238952,,,1.74226663179775,1.44141213348196,,,,,-2.32533333622392,,-0.419972207649626,,-0.694871407049988,,,,,,,0.520491552263684,,,,,,94.0032,102,897.542502206973,609.599158692233,960.987664062429,849.170028749401,945.914975664545,624.376665069478,594.821652314988,1024.58864398658,897.386684138275,1
204.8,-0.516955273910272,0.745064030470822,,-1.78075439938351,0.521254354699535,,,,1.28098798573959,,-1.37374695420283,,-1.28581188992357,,,,,,,,,,,,,1.20670237894823,,,1.76812344953308,1.49492841929147,,,,,-2.34016105204759,,-0.436142278382129,,-0.743356130236787,,,,,,,0.504419946683272,,,,,,94.1056,102,896.958507529182,606.838685082357,951.88027538025,847.26883085769,946.648184200674,620.515620507906,593.161749656808,1010.56181121227,893.198739548234,1
204.9024,-0.484715758573118,0.712316614776689,,-1.75553239327285,0.47567507700876,,,,1.25052355795953,,-1.37781855223751,,-1.33702044299985,,,,,,,,,,,,,1.23959579264891,,,1.79323563892017,1.54711178780574,,,,,-2.35431325989451,,-0.451784137886877,,-0.790498343376478,,,,,,,0.488101441104671,,,,,,94.208,103,896.371650132383,604.064679739099,942.728242635904,845.358313368472,947.384986896293,616.635649257307,591.493710220891,996.466219453761,888.990265818046,1
205.0048,-0.452580187942923,0.679835939182647,,-1.7290003933443,0.429730044188363,,,,1.21994569323864,,-1.38024979379116,,-1.38686782429775,,,,,,,,,,,,,1.27156319462174,,,1.81752070116316,1.59790794766389,,,,,-2.36775502176154,,-0.466866774782733,,-0.836153812640191,,,,,,,0.4715389929244,,,,,,94.3104,102,895.784792735583,601.290674395841,933.576209891557,843.447795879253,948.121789591913,612.755678006708,589.825670784975,982.370627695256,884.781792087857,1
205.1072,-0.420600501488441,0.647735677036659,,-1.70124767743274,0.383528228032397,,,,1.18930835702668,,-1.38098742908323,,-1.4351862826276,,,,,,,,,,,,,1.30264951451517,,,1.84089951316055,1.64726642405605,,,,,-2.38045097835475,,-0.481361239209454,,-0.880185588175256,,,,,,,0.45473525758531,,,,,,94.4128,103,895.349066474199,600.725748606549,930.081747590221,841.839540660864,948.858592287533,613.293865864041,588.157631349058,979.590176822773,880.573318357669,1
205.2096,-0.388823231585904,0.616126000552791,,-1.67236761375029,0.337175201332638,,,,1.15866861483794,,-1.37998403044253,,-1.48181707710863,,,,,,,,,,,,,1.33289939106307,,,1.86329652842487,1.69514064280816,,,,,-2.39236558254923,,-0.495240681745534,,-0.922464618485289,,,,,,,0.437692616906245,,,,,,94.5152,102,955.107011217066,595.64822732912,958.089285058838,960.61862745098,949.595394983152,604.806862745098,586.489591913141,1039.8137254902,876.36484462748,1
205.312,-0.357289417951177,0.585113204849782,,-1.64245717670405,0.290772781322547,,,,1.12808636553845,,-1.37719832272158,,-1.52661119960673,,,,,,,,,,,,,1.36235682770456,,,1.88463995756063,1.74148798198876,,,,,-2.40346332295448,,-0.508480359807548,,-0.962870299234517,,,,,,,0.4204132160412,,,,,,94.6176,102,1179.77459587729,542.267785803951,952.054136293229,1409.22058823529,950.328603519281,499.705882352941,584.829689254961,1031.93137254902,872.176900037439,1
205.4144,-0.326034581826736,0.554799376279299,,-1.61161642411034,0.244418740893454,,,,1.097624037773,,-1.37259549512908,,-1.56942999893593,,,,,,,,,,,,,1.39106486772987,,,1.9048619354353,1.78626978520454,,,,,-2.41370892351375,,-0.521057609993092,,-1.0012909429183,,,,,,,0.402899011520698,,,,,,94.72,103,1194.76619825308,563.06237830758,982.523048105082,1438.46699029126,951.065406214901,542.963106796117,583.161649819044,1097.07766990291,867.968426307251,1
205.5168,-0.295088769744455,0.525282123801852,,-1.5799479438015,0.198206604066285,,,,1.06734625869326,,-1.36614749080612,,-1.6101457064653,,,,,,,,,,,,,1.41906528995245,,,1.9238986784469,1.82945133483535,,,,,-2.42306751690083,,-0.532951794370559,,-1.03762416325833,,,,,,,0.385151832171739,,,,,,94.8224,102,1347.41482994546,593.605138524897,974.301544915982,1743.02745098039,951.80220891052,605.716666666667,581.493610383128,1084.8431372549,863.759952577062,1
205.6192,-0.264476674412334,0.496654389975867,,-1.54755628177822,0.152225532961814,,,,1.03731950591696,,-1.35783327224808,,-1.64864187539208,,,,,,,,,,,,,1.44639832718227,,,1.94169063088058,1.87100178754591,,,,,-2.43150479513717,,-0.544144234029462,,-1.07177717387058,,,,,,,0.367173453144536,,,,,,94.9248,103,1337.70494269627,602.31958159011,967.125253986544,1722.87087378641,952.53901160614,624.81359223301,579.825570947211,1074.69902912621,859.551478846874,1
205.7216,-0.23421782800575,0.469004345615108,,-1.51454735907704,0.106560299536075,,,,1.00761175701804,,-1.34763906035249,,-1.68481374456457,,,,,,,,,,,,,1.47310241244277,,,1.95818259945648,1.9108940766379,,,,,-2.4389871386811,,-0.5546181392731,,-1.10366700481865,,,,,,,0.348965681722142,,,,,,95.0272,102,1328.69329930774,604.042981441922,957.377384911284,1704.11078431373,953.27581430176,629.928431372549,578.157531511294,1059.41176470588,855.343005116685,1
205.824,-0.204326848313847,0.442415353005455,,-1.48102787133579,0.0612913212212215,,,,0.978292144803617,,-1.33555854252549,,-1.71856852840249,,,,,,,,,,,,,1.49921396320813,,,1.97332387745451,1.94910478751114,,,,,-2.44548172519067,,-0.564358535338306,,-1.13322064378625,,,,,,,0.330530452860485,,,,,,95.1296,102,1318.86676632091,603.202245799106,952.116745949597,1683.72450980392,954.009022837888,629.906862745098,576.497628853114,1053.07843137255,851.155060526644,1
205.9264,-0.174813714649532,0.416965977897895,,-1.44710465238604,0.0164947378209144,,,,0.9494306095038,,-1.32159304388237,,-1.74982562609536,,,,,,,,,,,,,1.52476721477355,,,1.9870683604682,1.98561401280755,,,,,-2.45095662218188,,-0.57335217349208,,-1.16037510703059,,,,,,,0.311869934148539,,,,,,95.232,103,1322.32194189297,589.369163640637,945.080089514733,1689.89805825243,954.745825533508,603.908737864078,574.829589417197,1043.21359223301,846.946586796456,1
206.0288,-0.145684063875598,0.392730051530999,,-1.41288398162501,-0.0277574752427571,,,,0.921097526078261,,-1.30575166044619,,-1.77851673831317,,,,,,,,,,,,,1.54979411243139,,,1.99937465604661,2.02040519150204,,,,,-2.45538086771477,,-0.581587417441588,,-1.18507743707363,,,,,,,0.292986644368236,,,,,,95.3344,102,1317.79376509496,578.25283381417,940.369056533134,1680.10490196078,955.482628229128,583.344117647059,573.161549981281,1038,842.738113066267,1
206.1312,-0.116939513792644,0.369776802416296,,-1.37847082547842,-0.0713973440397299,,,,0.893363288935014,,-1.28805135992124,,-1.8045858819324,,,,,,,,,,,,,1.57432426949336,,,2.01020618949607,2.05346493502733,,,,,-2.45872454142816,,-0.589054104143376,,-1.2072846190145,,,,,,,0.273883589357411,,,,,,95.4368,103,1312.09126886043,570.87976498142,935.978411901049,1667.96310679612,956.219430924747,570.266019417476,571.493510545364,1033.42718446602,838.529639336079,1
206.2336,-0.0885780192529106,0.34817106373045,,-1.34396801494269,-0.11436067816503,,,,0.866297847204361,,-1.26851705505117,,-1.8279893036419,,,,,,,,,,,,,1.5983849882713,,,2.01953130735845,2.08478284582135,,,,,-2.46095882710894,,-0.595743385474316,,-1.22696341693092,,,,,,,0.254564408841803,,,,,,95.5392,102,1311.01292073175,549.710284574331,928.091955351965,1665.06960784314,956.956233620367,529.595098039216,569.825471109447,1021.86274509804,834.321165605891,1
206.336,-0.0605942485455232,0.327973534944233,,-1.30947536498481,-0.156586815110928,,,,0.839970186132832,,-1.24718165099961,,-1.84869530006898,,,,,,,,,,,,,1.62200132860222,,,2.02732338067751,2.11435133482462,,,,,-2.46205606403182,,-0.601647553741399,,-1.24409014736703,,,,,,,0.235033519124302,,,,,,95.6416,102,831.707956372366,568.043568539359,983.792100704003,705.726470588235,957.689442156496,567.921568627451,568.165568451267,1137.45098039216,830.133221015849,1
206.4384,-0.0329799612821287,0.309241069229108,,-1.27508874846352,-0.198018349442014,,,,0.814447752829706,,-1.22408607248291,,-1.86668395087655,,,,,,,,,,,,,1.6451962042304,,,2.03356091154364,2.14216544197489,,,,,-2.46198978047305,,-0.606759849077777,,-1.25865041201669,,,,,,,0.215296237364318,,,,,,95.744,103,919.474287474601,561.234201400879,946.831305681665,880.522330097088,958.426244852115,555.970873786408,566.49752901535,1067.73786407767,825.924747285661,1
206.5408,-0.00572438140896534,0.292026964714024,,-1.24089916212936,-0.23860085805274,,,,0.789795845754914,,-1.19927928434735,,-1.88194677401603,,,,,,,,,,,,,1.66799048822361,,,2.0382276444617,2.16822266153591,,,,,-2.46073470618445,,-0.611074255344235,,-1.27063880699529,,,,,,,0.195358875746718,,,,,,95.8464,102,912.139857107201,573.131411456383,946.858136777736,865.116666666667,959.163047547735,581.433333333333,564.829489579434,1072,821.716273555472,1
206.6432,0.0211854297769134,0.276381240070653,,-1.20699184783735,-0.278282630273044,,,,0.766077018310127,,-1.17281830959107,,-1.89448631911264,,,,,,,,,,,,,1.69040310993995,,,2.04131267831325,2.19252277309285,,,,,-2.4582667670795,,-0.614585305035465,,-1.28005861774227,,,,,,,0.175228794467813,,,,,,95.9488,103,902.138760073134,574.133637693118,947.394676611671,844.377669902913,959.899850243355,585.105825242718,563.161450143517,1077.28155339806,817.507799825284,1
206.7456,0.0477641965441208,0.262350881520346,,-1.17344552474378,-0.317014417372717,,,,0.743350554923534,,-1.14476821859094,,-1.90431571409897,,,,,,,,,,,,,1.71245113951988,,,2.0428105687459,2.21506767681766,,,,,-2.45456307042277,,-0.617287912791744,,-1.28692149700014,,,,,,,0.1549144127876,,,,,,96.0512,102,856.457542155762,584.436411236153,938.036917949509,752.278431372549,960.636652938974,607.379411764706,561.4934107076,1062.77450980392,813.299326095095,1
206.848,0.074028049000892,0.249980061924678,,-1.14033175349793,-0.354749211141341,,,,0.721672049884156,,-1.11520205022992,,-1.91145817348914,,,,,,,,,,,,,1.73414987902018,,,2.04272140875518,2.23586122950517,,,,,-2.44960189488879,,-0.619177244010433,,-1.29124711389724,,,,,,,0.134425196657577,,,,,,96.1536,102,783.617283678728,644.306950103141,1020.72235741919,605.864705882353,961.369861475103,728.780392156863,559.83350804942,1232.33333333333,809.111381505054,1
206.9504,0.0999941476910762,0.23931033297496,,-1.10771443190701,-0.391442049617112,,,,0.701093080868498,,-1.08420064552222,,-1.91594647376794,,,,,,,,,,,,,1.75551298199242,,,2.04105087821135,2.25490907705966,,,,,-2.44336270005806,,-0.620248619146041,,-1.29306276201588,,,,,,,0.113771646943001,,,,,,96.256,103,697.984400046526,655.454093530053,1018.71358980976,433.86213592233,962.106664170723,752.742718446602,558.165468613503,1232.52427184466,804.902907774866,1
207.0528,0.125680328627105,0.230380775038741,,-1.07564942576996,-0.427049853211718,,,,0.681660950652856,,-1.05185238654565,,-1.91782240729007,,,,,,,,,,,,,1.77655260112057,,,2.03781025701445,2.272218478074,,,,,-2.43582615919355,,-0.620497459577406,,-1.29240292278923,,,,,,,0.0929652982212679,,,,,,96.3584,102,967.458007942975,582.718322431931,987.896236630182,972.072549019608,962.843466866342,608.939215686275,556.497429177587,1175.09803921569,800.694434044677,1
207.1552,0.151104786083564,0.223228086367957,,-1.04418433958172,-0.46153130624822,,,,0.663418474205779,,-1.01825282408622,,-1.91713623445744,,,,,,,,,,,,,1.79727954906965,,,2.03301639873565,2.28779811424997,,,,,-2.42697420926523,,-0.619919282499794,,-1.28930879174367,,,,,,,0.0720187272343986,,,,,,96.4608,103,1333.86149400428,537.191393899961,954.786669477633,1704.1427184466,963.580269561962,519.553398058253,554.82938974167,1113.08737864078,796.485960314489,1
207.2576,0.176285790331912,0.217886620272507,,-1.01335841664544,-0.494846785064498,,,,0.646403800651926,,-0.983504181279049,,-1.91394614827605,,,,,,,,,,,,,1.81770346199384,,,2.02669166439617,2.30165789067578,,,,,-2.41679011165075,,-0.618509742700011,,-1.2838277804761,,,,,,,0.0509455700128826,,,,,,96.5632,102,1303.22226161899,561.187047701896,978.658351135287,1642.12745098039,964.317072257581,569.212745098039,553.161350305753,1165.03921568627,792.277486584301,1
207.36,0.201241421964135,0.214388400514763,,-0.983202547787426,-0.526958314674391,,,,0.630650271529385,,-0.947714745369847,,-1.90831774703739,,,,,,,,,,,,,1.83783296111865,,,2.01886381885572,2.31380873916365,,,,,-2.40525852181931,,-0.616264710207379,,-1.27601300481871,,,,,,,0.0297605391746389,,,,,,96.6656,102,1290.62661098509,551.199253235551,978.534967075561,1616.20294117647,965.05028079371,550.897058823529,551.501447647573,1168.98039215686,788.089541994259,1
207.4624,0.225989316241777,0.212763132182258,,-0.953739368740525,-0.557829548494447,,,,0.61618632720368,,-0.910998184227542,,-1.90032349684537,,,,,,,,,,,,,1.85767581132747,,,2.00956589414199,2.32426244095928,,,,,-2.39236556842805,,-0.613180373478609,,-1.26592276486321,,,,,,,0.00847941779313529,,,,,,96.768,103,1270.69936698738,570.994859445634,999.02305840388,1575.61165048544,965.78708348933,592.156310679612,549.833408211656,1214.16504854369,783.881068264071,1
207.5648,0.250546422128027,0.213038202739997,,-0.924983424135556,-0.587425782391936,,,,0.603035476337402,,-0.873472835337,,-1.89004216252223,,,,,,,,,,,,,1.87723907803913,,,1.99883602776525,2.33303147724266,,,,,-2.37809893808335,,-0.609253359302179,,-1.25362001879012,,,,,,,-0.0128809899996864,,,,,,96.8704,102,1274.39135485718,570.14199811336,987.336297266941,1582.25882352941,966.52388618495,592.11862745098,548.16536877574,1195,779.672594533882,1
207.6672,0.274928772960682,0.215238661272313,,-0.896941372426898,-0.615714001540456,,,,0.591216327185109,,-0.835261001625873,,-1.87755819611715,,,,,,,,,,,,,1.89652927572545,,,1.98671728650188,2.34012890644356,,,,,-2.36244795997674,,-0.604480856732019,,-1.23917185423299,,,,,,,-0.0343029444805822,,,,,,96.9728,103,728.05995609077,580.526334572824,993.974778848449,488.859223300971,967.260688880569,614.555339805825,546.497329339823,1212.4854368932,775.464120803694,1
207.7696,0.299151259547654,0.219387164024227,,-0.869612210931523,-0.642662940308346,,,,0.580742655570877,,-0.796488256440187,,-1.86296109101652,,,,,,,,,,,,,1.91555248893066,,,1.97325748189242,2.3455682652872,,,,,-2.34540368888103,,-0.598860730272157,,-1.22264896663793,,,,,,,-0.0557678652692774,,,,,,97.0752,102,732.427667356722,591.652880246071,979.191549026949,496.857843137255,967.997491576189,638.476470588235,544.829289903906,1187.12745098039,771.255647073506,1
207.872,0.323227399722767,0.225503873180183,,-0.842987511623704,-0.668243136722374,,,,0.571623480759756,,-0.757282739675475,,-1.84634471739557,,,,,,,,,,,,,1.93431444522294,,,1.95850897761251,2.34936349194182,,,,,-2.32695898557489,,-0.592391612044532,,-1.204125153214,,,,,,,-0.0772564160160516,,,,,,97.1776,102,740.656526526747,596.890085779726,988.048557124085,512.582352941177,968.730700112317,650.610784313726,543.169387245726,1209.02941176471,767.067702483464,1
207.9744,0.347169101598448,0.233606295723092,,-0.817051668639244,-0.692426974194156,,,,0.563863136169476,,-0.717774429492153,,-1.82780664921019,,,,,,,,,,,,,1.95282052490064,,,1.94252848748897,2.35152886923467,,,,,-2.30710858779469,,-0.585072969670301,,-1.18367682507456,,,,,,,-0.0987485772188518,,,,,,97.28,103,755.358508685522,598.933683613642,1007.332526998,541.249514563107,969.467502807937,656.366019417476,541.501347809809,1251.80582524272,762.859228753276,1
208.0768,0.370986420756707,0.243709050547148,,-0.79178215973501,-0.715188712218635,,,,0.557461334522479,,-0.678094383190609,,-1.80744748574699,,,,,,,,,,,,,1.97107569716452,,,1.92537686473578,2.35207898475042,,,,,-2.28584916085899,,-0.576905152190576,,-1.16138253745297,,,,,,,-0.120223715254185,,,,,,97.3824,102,729.859505692955,599.946065951652,995.894004962524,489.514705882353,970.204305503557,660.058823529412,539.833308373893,1233.13725490196,758.650755023088,1
208.1792,0.394687316773388,0.255823556113587,,-0.767149817103266,-0.736504513422975,,,,0.552413228915312,,-0.638373948742533,,-1.7853701663729,,,,,,,,,,,,,1.98908438194308,,,1.90711888443334,2.35102870421491,,,,,-2.26317931807356,,-0.567889419325689,,-1.1373225367473,,,,,,,-0.141660654398909,,,,,,97.4848,103,578.977835652986,610.167585925299,998.444441617323,187.014563106796,970.941108199176,682.169902912621,538.165268937976,1242.44660194175,754.442281292899,1
208.2816,0.41827741752651,0.269957639692202,,-0.743119102377036,-0.756352475189177,,,,0.548709468903834,,-0.598743957937187,,-1.7616792781485,,,,,,,,,,,,,2.00685024875202,,,1.88782302049947,2.34839315550241,,,,,-2.23909960618123,,-0.558027958830851,,-1.11157832115897,,,,,,,-0.163037754435511,,,,,,97.5872,102,628.023759368967,635.129497103971,1008.02376652645,284.369607843137,971.677910894796,733.761764705882,536.497229502059,1265.8137254902,750.233807562711,1
208.384,0.441759796026447,0.286115081590183,,-0.719648392052696,-0.774712666547589,,,,0.546336251656809,,-0.559333920765866,,-1.73648035928425,,,,,,,,,,,,,2.02437596991417,,,1.86756121520713,2.34418772392334,,,,,-2.21361246128412,,-0.547323892909212,,-1.08423220948465,,,,,,,-0.184332994812646,,,,,,97.6896,102,603.857030303698,639.376996755273,987.885676584374,235.302941176471,972.411119430925,743.916666666667,534.837326843879,1229.72549019608,746.045862972669,1
208.4864,0.465134758174484,0.304295117150791,,-0.696690288391148,-0.791567161066248,,,,0.545275373574634,,-0.520271240874431,,-1.70987919976361,,,,,,,,,,,,,2.04166294464878,,,1.8464086363923,2.33842806236357,,,,,-2.18672214883756,,-0.535781269488308,,-1.0553669100374,,,,,,,-0.205524066238617,,,,,,97.792,103,637.74483484968,648.46474079136,969.141995592114,302.341747572816,973.147922126544,763.760194174757,533.169287407962,1196.44660194175,741.837389242481,1
208.5888,0.488399640884979,0.324491918392755,,-0.674191965929165,-0.806900057372596,,,,0.545504291302735,,-0.481680461641814,,-1.68198113978957,,,,,,,,,,,,,2.05871100820853,,,1.82444341770262,2.33113011848103,,,,,-2.15843469902836,,-0.523405031230074,,-1.02506508226059,,,,,,,-0.226588469967222,,,,,,97.8944,102,724.5305977052,631.783467123278,1040.98112442281,475.176470588235,973.884724822164,732.06568627451,531.501247972046,1344.33333333333,737.628915512293,1
208.6912,0.511548627663046,0.346694071378851,,-0.652095551483689,-0.820697488785249,,,,0.546996200036017,,-0.443682541421647,,-1.65289037599141,,,,,,,,,,,,,2.07551813886281,,,1.8017463811238,2.32231017770443,,,,,-2.12875784275086,,-0.510200958157425,,-0.993408891366499,,,,,,,-0.247503622320156,,,,,,97.9968,103,869.407365700639,617.281652811754,1015.5354636095,764.193203883495,974.621527517784,704.730097087379,529.833208536129,1297.65048543689,733.420441782104,1
208.7936,0.534572592746992,0.370884065837623,,-0.630338527204747,-0.832947627791456,,,,0.549720134626115,,-0.406394154577114,,-1.62270929813028,,,,,,,,,,,,,2.09208017502605,,,1.77840074659589,2.31198492029232,,,,,-2.09770095495664,,-0.49617558714828,,-0.960479568627638,,,,,,,-0.268246957220767,,,,,,98.0992,102,763.023772949839,610.283564942263,1016.68931735929,550.689215686275,975.358330213403,692.401960784314,528.165169100212,1304.16666666667,729.211968051916,1
208.896,0.557458981125028,0.397037818893867,,-0.608854146628574,-0.8436406858647,,,,0.553641095837315,,-0.369927020287426,,-1.5915378824044,,,,,,,,,,,,,2.10839055473932,,,1.7544918361962,2.30017149323562,,,,,-2.06527501762526,,-0.481336117068195,,-0.926356998723853,,,,,,,-0.288796017847759,,,,,,98.2016,102,700.556063492413,651.298711652389,996.629658789761,425.020588235294,976.091538749532,776.092156862745,526.505266442032,1268.23529411765,725.024023461875,1
208.9984,0.580191724441303,0.425124254920675,,-0.587571862177117,-0.852768902764041,,,,0.558720198771412,,-0.334387266842302,,-1.55947315837128,,,,,,,,,,,,,2.12444008803003,,,1.7301067778375,2.28688759861319,,,,,-2.03149261215212,,-0.465690311057567,,-0.891119353539955,,,,,,,-0.309128534311521,,,,,,98.304,103,664.819995965294,622.492885347718,996.645638943513,352.811650485437,976.828341445152,720.14854368932,524.837227006115,1272.47572815534,720.815549731686,1
209.1008,0.6027511898372,0.455104953783016,,-0.566417772114164,-0.860326520871032,,,,0.564914837865057,,-0.29987484200965,,-1.52660875399922,,,,,,,,,,,,,2.14021676734889,,,1.70533420878528,2.27215159676549,,,,,-1.99636794112806,,-0.449246410131579,,-0.854842780395225,,,,,,,-0.329222492292782,,,,,,98.4064,102,730.748748540974,664.539495745884,1004.76432231447,483.932352941176,977.565144140771,805.909803921569,523.169187570198,1292.92156862745,716.607076001498,1
209.2032,0.625114163896398,0.48693386626318,,-0.545315093271607,-0.866309749705354,,,,0.572178867713563,,-0.266482980265859,,-1.49303451532835,,,,,,,,,,,,,2.15570561545852,,,1.68026397476574,2.25598261810172,,,,,-1.95991687484935,,-0.432013070627415,,-0.817601141332223,,,,,,,-0.349056199981804,,,,,,98.5088,103,784.836410311399,674.174845911801,1044.11677686381,591.370873786408,978.301946836391,826.84854368932,521.501148134282,1375.83495145631,712.398602271309,1
209.3056,0.647253880327946,0.520557088507957,,-0.524184653019769,-0.870716734291671,,,,0.580462803018906,,-0.234297737379496,,-1.45883619217714,,,,,,,,,,,,,2.17088856924075,,,1.65498681732523,2.23840067574501,,,,,-1.92215702368331,,-0.413999329417501,,-0.779465795540972,,,,,,,-0.368608358904882,,,,,,98.6112,102,750.606139471888,677.016554349183,1007.90878976076,522.173529411765,979.03874953201,834.2,519.833108698365,1307.62745098039,708.190128541121,1
209.408,0.669140099777639,0.555912688426837,,-0.502945386232837,-0.873547539874772,,,,0.589714036516339,,-0.203397599359125,,-1.42409517751975,,,,,,,,,,,,,2.18574439993841,,,1.6295940455063,2.21942677486026,,,,,-1.88310784392232,,-0.395214592987326,,-0.740505419516031,,,,,,,-0.38785814158337,,,,,,98.7136,102,784.959508445834,700.482191255387,1008.95697432848,590.147058823529,979.771958068139,882.791176470588,518.173206040185,1313.91176470588,704.00218395108,1
209.5104,0.690739244221321,0.592930580793701,,-0.481514825722657,-0.874804156189216,,,,0.599877070120852,,-0.17385316125144,,-1.3888882879487,,,,,,,,,,,,,2.20024867071718,,,1.60417719637518,2.1990830207718,,,,,-1.84279078138645,,-0.375668644288204,,-0.700785865249019,,,,,,,-0.406785272582532,,,,,,98.816,103,958.754865818773,515.0050104866,766.940544430834,937.000970873786,980.508760763759,513.504854368932,516.505166604268,834.087378640777,699.793710220891,1
209.6128,0.712014580815476,0.631532453941758,,-0.459809580646401,-0.874490515123223,,,,0.610893758730095,,-0.145726860223187,,-1.35328757582589,,,,,,,,,,,,,2.21437373370486,,,1.57882769105679,2.17739272975877,,,,,-1.80122944538766,,-0.355371661906216,,-0.660370057666547,,,,,,,-0.425370102843656,,,,,,98.9184,102,982.102193494395,515.93277927045,741.719088833587,982.958823529412,981.245563459379,517.028431372549,514.837127168352,787.852941176471,695.585236490703,1
209.7152,0.732926444437091,0.671631758089868,,-0.437745806301238,-0.872612511446328,,,,0.62270356918041,,-0.11907274833398,,-1.31736016813606,,,,,,,,,,,,,2.22808877125261,,,1.55363648621497,2.15438054211987,,,,,-1.75844979687122,,-0.334334249315021,,-0.619317927166872,,,,,,,-0.44359366978509,,,,,,99.0208,103,1007.03924132993,513.142310856509,729.853429923946,1032.09611650485,981.982366154998,513.115533980583,513.169087732435,768.330097087379,691.376762760514,1
209.8176,0.753432490307549,0.713133764252422,,-0.415239676775735,-0.869178019845979,,,,0.635243853012981,,-0.0939363008697356,,-1.28116813214935,,,,,,,,,,,,,2.24135988318254,,,1.5286937151319,2.13007253330324,,,,,-1.71448033535136,,-0.312567477756817,,-0.57768637156856,,,,,,,-0.461437746070242,,,,,,99.1232,102,1025.17281971943,513.150524148259,722.142968044575,1067.62647058824,982.719168850618,514.8,511.501048296518,757.117647058824,687.168289030326,0.42156862745098
209.92,0.773487976526014,0.755935693103751,,-0.392207871153937,-0.86419691031523,,,,0.648450127517928,,-0.0703542688049891,,-1.24476837192922,,,,,,,,,,,,,2.25415021444961,,,1.50408831285527,2.10449631784756,,,,,-1.66935227377296,,-0.290082949822404,,-0.535529245122284,,,,,,,-0.47888488764259,,,,,,99.2256,102,1044.13207104631,513.841651250541,715.377427122103,1104.81176470588,983.452377386747,517.842156862745,509.841145638338,747.774509803922,682.980344440285,0.0980392156862745
210.0224,0.793046079480352,0.799926910572127,,-0.368568077145996,-0.857681065716171,,,,0.66225636277168,,-0.0483545923023124,,-1.20821256126264,,,,,,,,,,,,,2.26642011609638,,,1.47990762335037,2.07768114021752,,,,,-1.62309969299962,,-0.266892887694903,,-0.492897371307185,,,,,,,-0.49591849152815,,,,,,99.328,103,1062.7431337305,520.093834654609,715.512148947281,1141.29708737864,984.189180082366,532.014563106796,508.173106202421,752.252427184466,678.771870710096,1
210.1248,0.812058240384023,0.84498919730761,,-0.344239508263615,-0.849644395563774,,,,0.676595282810854,,-0.0279563923767528,,-1.17154712179366,,,,,,,,,,,,,2.27812733832703,,,1.45623698994568,2.04965794838369,,,,,-1.57575967140123,,-0.243010242235469,,-0.44983857421401,,,,,,,-0.51252286960335,,,,,,99.4304,102,1036.33848158507,515.188317696978,720.12973770564,1087.75098039216,984.925982777986,523.871568627451,506.505066766504,765.696078431373,674.563396979908,0.843137254901961
210.2272,0.83047453824709,0.8909971060538,,-0.319143425002274,-0.840102834510208,,,,0.691398695177426,,-0.00917005355592433,,-1.13481326062645,,,,,,,,,,,,,2.28922725888531,,,1.43315933289128,2.02045945089623,,,,,-1.52737239044212,,-0.218448814639917,,-0.406397727898294,,,,,,,-0.528683340525591,,,,,,99.5328,103,992.756979132211,501.288332975904,713.779505148793,998.952427184466,986.561531079956,497.942718446602,504.633947505207,757.194174757282,670.364835540305,0
210.3296,0.848244085893907,0.937818408675668,,-0.293203652343287,-0.829074324950996,,,,0.706597852511927,,0.00800259792518508,,-1.09804708250836,,,,,,,,,,,,,2.2996731451732,,,1.41075472114284,1.99012016313429,,,,,-1.47798122246869,,-0.193223386010777,,-0.36261683112443,,,,,,,-0.54438633745726,,,,,,99.6352,102,1027.29901960784,508.630882352941,716.475490196079,1033.29019607843,1021.30784313725,501.466666666667,515.795098039216,760.950980392157,672,0
210.432,0.865315444851206,0.985314612389025,,-0.266347092531514,-0.816578799588919,,,,0.722123827788533,,0.023568028072607,,-1.06127978764673,,,,,,,,,,,,,2.30941643886669,,,1.38909995019502,1.95867645204637,,,,,-1.4276328125224,,-0.167349855560502,,-0.318535123314404,,,,,,,-0.559619523286962,,,,,,99.7376,102,1059.7,542.50931372549,733.058823529412,1052.83333333333,1066.56666666667,523.878431372549,561.140196078431,781.28431372549,684.833333333333,0
210.5344,0.881637055091345,1.03334151289872,,-0.238504234186137,-0.802638186930097,,,,0.737907870983464,,0.0375406542140755,,-1.02453796441392,,,,,,,,,,,,,2.31840704771924,,,1.36826813997292,1.92616658860418,,,,,-1.3763771653247,,-0.140845386150315,,-0.274189266580852,,,,,,,-0.574371904020753,,,,,,99.84,103,864.722815533981,540.598058252427,790.18932038835,849.695145631068,879.750485436893,531.36213592233,549.833980582524,858.184466019418,722.194174757282,0
210.6368,0.897157687826059,1.08174975181683,,-0.209609656397488,-0.787276464468205,,,,0.753881720782293,,0.0499424336264163,,-0.987843986633842,,,,,,,,,,,,,2.32659363072088,,,1.34832836291803,1.89263081188001,,,,,-1.32426773647695,,-0.113728549026725,,-0.22961362595518,,,,,,,-0.588633939461463,,,,,,99.9424,102,826.385784313726,559.727941176471,845.544117647059,819.804901960784,832.966666666667,593.822549019608,525.633333333333,949.470588235294,741.617647058824,0
210.7392,0.91182694646757,1.13038534873414,,-0.179602524182768,-0.770519785440942,,,,0.769977862009392,,0.0608023754920624,,-0.951216519131764,,,,,,,,,,,,,2.3339238639727,,,1.32934530529558,1.85811140203657,,,,,-1.2713615131598,,-0.086019458826898,,-0.184840675038012,,,,,,,-0.602397660774633,,,,,,100.0448,103,832.165533980583,538.533980582524,792.533980582524,846.955339805825,817.37572815534,546.939805825243,530.128155339806,853.300970873786,731.766990291262,0
210.8416,0.925595836498955,1.17909018927102,,-0.148427067845233,-0.752396692802077,,,,0.786129733268488,,0.070155976990056,,-0.914671114728001,,,,,,,,,,,,,2.34034467890143,,,1.31137895916632,1.82265275457709,,,,,-1.21771906357899,,-0.0577398967602593,,-0.139901524439645,,,,,,,-0.61565680690394,,,,,,100.1472,102,877.08431372549,567.766666666667,779.78431372549,883.063725490196,871.104901960784,557.099019607843,578.43431372549,833.696078431373,725.872549019608,0
210.944,0.938417395627311,1.22770247029439,,-0.116033034442362,-0.732938405949971,,,,0.802271894504703,,0.0780446087991664,,-0.878220858877567,,,,,,,,,,,,,2.34580247357714,,,1.29448434051823,1.78630144576189,,,,,-1.16340453653791,,-0.0289134250194048,,-0.094826527616527,,,,,,,-0.628406984200032,,,,,,100.2496,102,898.98901156391,592.584490782741,798.065618536125,910.482352941177,887.495670186643,579.963725490196,605.205256075286,873.833333333333,722.297903738917,0
211.0464,0.950247347668568,1.27605712066182,,-0.0823761009268965,-0.712179143090028,,,,0.818340163865207,,0.0845148904271829,,-0.84187700917906,,,,,,,,,,,,,2.35024330528481,,,1.27871123126422,1.74910628127583,,,,,-1.10848560445895,,0.000434506046707909,,-0.0496458994043645,,,,,,,-0.640645839657543,,,,,,100.352,103,899.907604678881,597.142987967394,790.827452788941,931.116504854369,868.698704503393,588.88640776699,605.399568167798,858.718446601942,722.936458975941,0.864077669902913
211.1488,0.96104473298761,1.32398622525752,,-0.0474182433922205,-0.690156436472463,,,,0.834271732494212,,0.0896180863846859,,-0.805649594056658,,,,,,,,,,,,,2.35361307607105,,,1.2641039469003,1.71111832566017,,,,,-1.05303336069755,,0.0302764597554391,,-0.00439029807844117,,,,,,,-0.65237322600912,,,,,,100.4544,102,901.211145272029,584.445818641136,779.127906277056,952.219113492855,850.203177051203,564.532244931871,604.359392350401,834.623795280824,723.632017273288,1
211.2512,0.970772472759125,1.37131948145793,,-0.0111280589562607,-0.666911403889306,,,,0.85000526723556,,0.0934095367335834,,-0.769547959611813,,,,,,,,,,,,,2.3558577245956,,,1.25070113335569,1.67239091277713,,,,,-0.9971221888405,,0.060582924647749,,0.0409086531933157,,,,,,,-0.663591337564123,,,,,,100.5568,103,891.842807850354,586.223167588536,783.96887253108,951.977966101695,831.707649599013,569.127118644068,603.319216533004,843.610169491526,724.327575570635,1
211.3536,0.979397841622931,1.41788470616565,,0.0265189597507702,-0.64248895574379,,,,0.86548101039985,,0.0959481263723993,,-0.733581271479829,,,,,,,,,,,,,2.3569234338892,,,1.2385355955687,1.63297963513308,,,,,-0.940829609961185,,0.0913222318014768,,0.0862179144533733,,,,,,,-0.67430480992146,,,,,,100.6592,102,882.338070254203,588.417592391702,788.804646030037,951.464018361582,813.212122146823,574.556144067797,602.279040715608,852.58615819209,725.023133867983,1
211.456,0.986892843469749,1.46350839377209,,0.065540189157147,-0.616937935657662,,,,0.8806408796774,,0.0972957941703558,,-0.697758986901877,,,,,,,,,,,,,2.35675685464663,,,1.227634159125,1.59294230582104,,,,,-0.884236096071366,,0.122460470968462,,0.131502648932296,,,,,,,-0.684520791298418,,,,,,100.7616,102,872.879697231691,590.601312683633,793.616830389973,950.952577683616,794.806816779766,579.958686440678,601.243938926589,861.518361581921,725.715299198026,1
211.5584,0.99323449548617,1.5080163151112,,0.105945667106726,-0.590311201333158,,,,0.895428567214012,,0.0975170813166418,,-0.662091308552332,,,,,,,,,,,,,2.35530533594733,,,1.21801756559768,1.55233888533219,,,,,-0.827424831147926,,0.153961400812768,,0.176725915219519,,,,,,,-0.694248995608661,,,,,,100.864,103,863.374959635539,592.795737486799,798.45260388893,950.438629943503,776.311289327576,585.387711864407,600.203763109192,870.494350282486,726.410857495373,1
211.6608,0.998405028118748,1.55123414704848,,0.147737910403156,-0.562665652096779,,,,0.909789641685352,,0.0966787208656275,,-0.626589620333301,,,,,,,,,,,,,2.35251715446923,,,1.20970040177774,1.51123136662849,,,,,-0.770481407801125,,0.185786354328538,,0.221848432058268,,,,,,,-0.703501738900634,,,,,,100.9664,102,853.870222039388,594.990162289965,803.288377387886,949.92468220339,757.815761875386,590.816737288136,599.163587291795,879.470338983051,727.106415792721,1
211.7632,1.00239200685427,1.59298812662983,,0.190911764213736,-0.534062205493912,,,,0.923671665201415,,0.0948492764752066,,-0.591266898446573,,,,,,,,,,,,,2.34834173384156,,,1.20269106234949,1.46968361393061,,,,,-0.713493457555438,,0.217894145896711,,0.266828416504107,,,,,,,-0.712293953007059,,,,,,101.0688,103,844.365484443236,597.184587093132,808.124150886842,949.410734463277,739.320234423196,596.245762711864,598.123411474399,888.446327683616,727.801974090068,1
211.8656,1.00518837489241,1.63310573156637,,0.235454293607498,-0.504565716688086,,,,0.937024338480558,,0.0920988406695956,,-0.556138091087948,,,,,,,,,,,,,2.34272984556006,,,1.19699174372751,1.42776115455957,,,,,-0.656550218727107,,0.250240989378647,,0.311621498597723,,,,,,,-0.720643170463857,,,,,,101.1712,102,834.860746847085,599.379011896298,812.959924385798,948.896786723164,720.824706971006,601.674788135593,597.083235657002,897.422316384181,728.497532387415,1
211.968,1.00679241279875,1.67141639431868,,0.281344729460667,-0.474244828751859,,,,0.949799681411531,,0.0884987985668675,,-0.52122045967743,,,,,,,,,,,,,2.33563378657638,,,1.19259846488207,1.38553092924234,,,,,-0.599742050149601,,0.282780437262099,,0.356180717474863,,,,,,,-0.728569478532641,,,,,,101.2736,102,825.402373824573,601.562732188229,817.772108745735,948.385346045198,702.419401603948,607.077330508475,596.048133867983,906.354519774011,729.189697717458,1
212.0704,1.00720762302712,1.70775224872417,,0.328554476604163,-0.443171753155318,,,,0.961952243316998,,0.0841216522804631,,-0.486533871422979,,,,,,,,,,,,,2.32700753681863,,,1.18950111248025,1.343061012584,,,,,-0.543159906087577,,0.315463348452264,,0.40045659399842,,,,,,,-0.736095440997112,,,,,,101.376,103,815.897636228421,603.757156991395,822.607882244691,947.871398305085,683.923874151758,612.506355932203,595.007958050586,915.330508474576,729.885256014806,1
212.1728,1.00644256651455,1.7419488884452,,0.377047178863022,-0.41142200332408,,,,0.973439320671424,,0.0790408877241971,,-0.452101032499671,,,,,,,,,,,,,2.31680690520044,,,1.18768351275362,1.30042032145878,,,,,-0.486894798224695,,0.348237887083579,,0.444397254985937,,,,,,,-0.743245986020888,,,,,,101.4784,102,806.39289863227,605.951581794561,827.443655743647,947.357450564972,665.428346699568,617.935381355932,593.967782233189,924.306497175141,730.580814312153,1
212.2752,1.00451068529042,1.77384610582575,,0.426778825992552,-0.379074116465827,,,,0.984221153371806,,0.0733308603024134,,-0.417947656967691,,,,,,,,,,,,,2.30498966963195,,,1.1871235361788,1.25767833075379,,,,,-0.431037274200145,,0.381049548727109,,0.487948575573414,,,,,,,-0.75004826193453,,,,,,101.5808,103,796.888161036119,608.146006597727,832.279429242603,946.843502824859,646.932819247378,623.364406779661,592.927606415793,933.282485875706,731.2763726095,1
212.3776,1.0014301341353,1.80328858772886,,0.477697888536943,-0.346209391305817,,,,0.994261083404034,,0.0670666831496047,,-0.384102574652025,,,,,,,,,,,,,2.29151570939645,,,1.18779323884469,1.2149048078917,,,,,-0.375676929943621,,0.413841205623755,,0.531054318597339,,,,,,,-0.756531468785822,,,,,,101.6832,102,787.383423439967,610.340431400893,837.115202741559,946.329555084746,628.437291795188,628.79343220339,591.887430598396,942.258474576271,731.971930906848,1
212.48,0.997223630989633,1.83012655720953,,0.529745472703786,-0.312911657410187,,,,1.0035256773395,,0.0603241097285089,,-0.350597784735602,,,,,,,,,,,,,2.27634712443449,,,1.18965903812496,1.17216956717493,,,,,-0.320901958184162,,0.446553162269434,,0.573656264399212,,,,,,,-0.762726675872222,,,,,,101.7856,102,777.975248434515,612.373744580827,841.836936231883,945.9185104409,610.031986428131,633.895160352277,590.852328809377,951.009776226875,732.664096236891,1
212.5824,0.99191832992137,1.85421635572909,,0.58285549323392,-0.279267084770693,,,,1.01198482022102,,0.0531794047853397,,-0.317468459598371,,,,,,,,,,,,,2.25944833803954,,,1.19268191717068,1.12954224170644,,,,,-0.266798732290042,,0.479123217916175,,0.615694327835625,,,,,,,-0.768666631992335,,,,,,101.888,103,777.219200361757,611.823066787252,844.116720471003,962.901941747573,591.536458975941,633.833980582524,589.81215299198,954.873786407767,733.359654534238,1
212.6848,0.985545717866624,1.87542096476771,,0.636954865816412,-0.245364035455732,,,,1.01961178586218,,0.0457092010121653,,-0.284752897701399,,,,,,,,,,,,,2.2407861842735,,,1.19681765591289,1.08709207117942,,,,,-0.213451426434457,,0.511486738980283,,0.657106660543932,,,,,,,-0.774385568621062,,,,,,101.9904,102,784.372524275154,625.236106482551,840.970116964316,995.704117026557,573.040931523751,661.700235790519,588.771977174584,947.885021097046,734.055212831586,1
212.7872,0.978141533165758,1.89361046943734,,0.691963720897909,-0.211292951881147,,,,1.02638328393644,,0.0379903457928195,,-0.252492418481796,,,,,,,,,,,,,2.22032998342804,,,1.20201708962523,1.04488770374478,,,,,-0.160941671805315,,0.543576746552736,,0.697829743258647,,,,,,,-0.779918993638088,,,,,,102.0928,103,733.460993175021,628.165267767201,830.223486830289,912.376582278481,554.545404071561,668.598734177215,587.731801357187,925.696202531646,734.750771128933,1
212.8896,0.969745701321278,1.90866246741924,,0.747795639423928,-0.17714627374795,,,,1.03227947929197,,0.0300997454966637,,-0.220731193587534,,,,,,,,,,,,,2.19805160723591,,,1.20822639549724,1.00299701054556,,,,,-0.10934824608559,,0.575324021920663,,0.737798478797749,,,,,,,-0.785303477532697,,,,,,102.1952,102,652.738941474242,625.37461023825,823.759557118203,769.428006329114,536.049876619371,664.057594936709,586.69162553979,912.072784810127,735.44632942628,1
212.992,0.960402282974113,1.92046242729959,,0.804357911453039,-0.143018378055414,,,,1.03728397700795,,0.0221142107397471,,-0.189516020888329,,,,,,,,,,,,,2.17392553582798,,,1.21538740776357,0.961486912148747,,,,,-0.0587467925179383,,0.606657231808129,,0.77694629360661,,,,,,,-0.790576436938886,,,,,,102.2976,102,572.770743680264,622.564201314452,817.572163734578,627.896916108215,517.644571252313,659.471878878134,585.656523750771,899.005832712832,736.138494756323,1
213.0944,0.950159428503552,1.92890400358091,,0.861551820098897,-0.10900553785321,,,,1.04138376860013,,0.0141103000285632,,-0.158896059650226,,,,,,,,,,,,,2.1479289122879,,,1.22343796347916,0.92042321670293,,,,,-0.00920956833154708,,0.637503076191951,,0.815205248955822,,,,,,,-0.795775917180487,,,,,,102.4,103,609.148308307829,637.082931248241,829.654890604505,719.147572815534,499.149043800123,689.549514563107,584.616347933374,922.47572815534,736.834053053671,1
213.1968,0.93906932939498,1.9338893193388,,0.919272950384346,-0.0752058913297468,,,,1.04456913893616,,0.00616415806405108,,-0.128922543832485,,,,,,,,,,,,,2.1200416036661,,,1.23231227664904,0.879870470559356,,,,,0.0391947699256676,,0.667786458368238,,0.852506162624832,,,,,,,-0.800940373558037,,,,,,102.5024,102,652.966954252398,631.840537038381,836.642256655901,825.280392156863,480.653516347933,680.104901960784,583.576172115978,935.754901960784,737.529611351018,1
213.2992,0.92718815230981,1.9353292276983,,0.977411516170717,-0.0417194071274706,,,,1.04683354118054,,-0.00164865018513265,,-0.0996484786970705,,,,,,,,,,,,,2.09024627539244,,,1.24194132883577,0.839891820145151,,,,,0.0864013349259507,,0.697430670483217,,0.888778748381664,,,,,,,-0.806108453341381,,,,,,102.6048,103,655.067829399328,622.978192324048,847.942681911561,847.977669902913,462.157988895743,663.420388349515,582.535996298581,957.660194174757,738.225169648365,1
213.4016,0.914575944045675,1.93314355541204,,1.03585269915709,-0.00864783222211321,,,,1.04817345515089,,-0.00925330546516913,,-0.0711283165865903,,,,,,,,,,,,,2.05852847742292,,,1.25225326123156,0.800548877082514,,,,,0.132349133280571,,0.726357589373563,,0.923951785890771,,,,,,,-0.811318780262949,,,,,,102.7072,102,659.503289545306,628.000361220984,842.347618874817,875.344117647059,443.662461443553,674.504901960784,581.495820481184,945.774509803922,738.920727945713,1
213.504,0.901296502809682,1.92726132038372,,1.09447700344079,0.023905382935482,,,,1.04858824227973,,-0.0165759006396894,,-0.0434176100032375,,,,,,,,,,,,,2.02487673267676,,,1.26317376009977,0.761901574799068,,,,,0.176981159295894,,0.754487887021014,,0.957953331482687,,,,,,,-0.816609739305611,,,,,,102.8096,102,652.811421175503,617.535261306867,822.507427030035,880.36568627451,425.257156076496,654.609803921569,580.460718692165,905.401960784314,739.612893275756,1
213.6064,0.887417216931813,1.91762091302414,,1.15316063290788,0.0558351794344115,,,,1.04807999580626,,-0.0235436146748423,,-0.0165726507381519,,,,,,,,,,,,,1.98928262430902,,,1.27462643507966,0.724008012882393,,,,,0.220244464492589,,0.781741262255924,,0.990710970372401,,,,,,,-0.82201925853217,,,,,,102.912,103,762.080814312153,569.767552990783,814.799856854513,1117.4,406.761628624306,560.114563106796,579.420542874769,889.291262135922,740.308451573103,1
213.7088,0.873008872297021,1.90417023891307,,1.21177589414389,0.0870350021858076,,,,1.04665337363852,,-0.0300849022650871,,0.00934989578890667,,,,,,,,,,,,,1.95174089057404,,,1.28653319094052,0.686924295430269,,,,,0.262090197960722,,0.808036692678773,,1.02215210561383,,,,,,,-0.827584589990816,,,,,,103.0144,102,767.976948490047,561.757340391431,816.963972480864,1147.68779580798,388.266101172116,545.13431372549,578.380367057372,892.923935091278,741.00400987045,1
213.8112,0.858145426779629,1.88686682626551,,1.27019162621628,0.117396929946651,,,,1.04431540678134,,-0.0361297008478733,,0.034293366467688,,,,,,,,,,,,,1.9122495341862,,,1.29881459050814,0.65070436699097,,,,,0.302473613248736,,0.833292701792152,,1.05220428510212,,,,,,,-0.83334209824472,,,,,,103.1168,103,626.204991293461,584.098667048559,811.007419551879,882.639408866995,369.770573719926,590.857142857143,577.340191239975,880.315270935961,741.699568167798,1
213.9136,0.842903750273828,1.86567790454309,,1.32827365712571,0.146811825949773,,,,1.04107528766489,,-0.0416096481875604,,0.0582014970405763,,,,,,,,,,,,,1.8708099415963,,,1.31139020623604,0.615399843280785,,,,,0.341354044410762,,0.857427639686406,,1.08079556987618,,,,,,,-0.839327065071527,,,,,,103.2192,102,408.59284526272,616.133901268712,805.35092457711,465.910644257703,351.275046267736,655.967787114846,576.300015422579,868.306722689076,742.395126465145,1
214.016,0.827363333084488,1.84058046221829,,1.38588527685255,0.175169514927935,,,,1.03694414492405,,-0.0464582990490532,,0.0810188355798766,,,,,,,,,,,,,1.82742700308886,,,1.32417896268338,0.581059837617597,,,,,0.378694854779577,,0.880359977026269,,1.1078549373423,,,,,,,-0.845573511228037,,,,,,103.3216,102,324.055458685633,626.967260738348,807.906390995633,315.241176470588,332.869740900679,678.669607843137,575.26491363356,872.725490196079,743.087291795188,0.833333333333333
214.1184,0.811605967186332,1.81156128898547,,1.44288771029523,0.202358995261825,,,,1.03193480695591,,-0.0506113318400904,,0.102691162099041,,,,,,,,,,,,,1.7821092233228,,,1.33709947695927,0.547730788824152,,,,,0.41446336133898,,0.90200860970258,,1.13331270841055,,,,,,,-0.852114030143653,,,,,,103.424,103,316.751108628858,640.411049154603,833.351185592017,318.610679611651,314.891537646065,706.443689320388,574.378408988818,923.116504854369,743.585866329666,0
214.2208,0.795715402204145,1.77861700132832,,1.49914058062025,0.22826869409491,,,,1.02606155383913,,-0.0540067431341525,,0.123165913548545,,,,,,,,,,,,,1.73486880726461,,,1.35007040271527,0.515456291410382,,,,,0.448630740070634,,0.922293169980246,,1.15710099492916,,,,,,,-0.858979631664709,,,,,,103.5264,102,315.218137254902,654.949019607843,832.485294117647,318.882352941177,311.553921568627,732.521568627451,577.376470588235,930.117647058823,734.852941176471,0
214.3232,0.779776976785899,1.74175404723416,,1.55450236451035,0.252786769244704,,,,1.01933985699416,,-0.0565850318668321,,0.142392620887096,,,,,,,,,,,,,1.6857217097422,,,1.3630107768964,0.484276925607721,,,,,0.481171915324431,,0.941134340070286,,1.17915416734841,,,,,,,-0.866199599716081,,,,,,103.6288,103,673.87190358606,891.592715640608,872.829114989618,643.644660194175,704.099146977945,1008.05631067961,775.129120601605,1022.54368932039,723.114540658847,0
214.4256,0.76387722970667,1.70098869166738,,1.60883084544959,0.275801459900441,,,,1.01178610663756,,-0.0582893710351402,,0.160323358530986,,,,,,,,,,,,,1.63468765564246,,,1.37584036447289,0.454230095293745,,,,,0.51206542638634,,0.958454166893802,,1.19940933299246,,,,,,,-0.873801366506881,,,,,,103.7312,102,790.29388104953,920.506827326306,875.472897540519,779.980392156863,800.607369942197,1043.8068627451,797.206791907515,1043.06862745098,707.877167630058,0.0588235294117647
214.528,0.74810349708558,1.65634699497271,,1.66198357395459,0.297201489478952,,,,1.00341732723116,,-0.059065760336221,,0.176913195448672,,,,,,,,,,,,,1.58179015729924,,,1.3884799971426,0.425349893129249,,,,,0.54129325923734,,0.974176382564208,,1.21780680635081,,,,,,,-0.881810400587852,,,,,,103.8336,102,974.859317975745,898.217506800408,836.093066417318,1038.82745098039,910.891184971098,956.394117647059,840.040895953757,966.372549019608,705.813583815029,1
214.6304,0.732543496992699,1.60786480063885,,1.71381834557307,0.316876523537431,,,,0.994250882266862,,-0.0588631590547244,,0.192120632616626,,,,,,,,,,,,,1.52705655853931,,,1.40085190329907,0.397667006811361,,,,,0.56884064020126,,0.988226736119027,,1.23429055781988,,,,,,,-0.890250104204759,,,,,,103.936,103,1012.50003647792,934.434233121948,861.030136371289,1003.28446601942,1021.71560693642,985.783495145631,883.084971098266,1018.32038834951,703.739884393064,0.359223300970874
214.7328,0.717284897060687,1.55558774368515,,1.76419370153462,0.334717680413792,,,,0.984304175194399,,-0.0576336130935667,,0.205908014315558,,,,,,,,,,,,,1.4705181233605,,,1.41288002628419,0.371208664414568,,,,,0.594695804172379,,1.00053333334385,,1.24880863838196,,,,,,,-0.899141719228093,,,,,,104.0384,102,1047.96947960497,769.780039916979,851.197488099286,1011.85980392157,1084.07915528838,989.654901960784,549.905177873172,1001.01960784314,701.375368355435,0
214.8352,0.702414862269954,1.49957128188665,,1.81296944435468,0.350618086925745,,,,0.973594360561872,,-0.0553323998547787,,0.21824190622125,,,,,,,,,,,,,1.41221017248531,,,1.42449032773673,0.345998607605746,,,,,0.618849758453055,,1.01102697163682,,1.26131358192571,,,,,,,-0.908504246190746,,,,,,104.1408,103,1019.59295737257,474.456887135922,848.947815533981,1034.20388349515,1004.98203125,988.782524271845,-39.86875,991.145631067961,706.75,0.310679611650485
214.9376,0.688019584371493,1.4398807453493,,1.86000715150293,0.364473473154857,,,,0.962138080551992,,-0.0519182107788709,,0.229093440181024,,,,,,,,,,,,,1.35217225912373,,,1.43561107321734,0.322057083729113,,,,,0.641296055970561,,1.01964145696366,,1.27176278624527,,,,,,,-0.91835438033833,,,,,,104.2432,102,1095.89248238358,356.069638480392,796.513480392157,1232.63431372549,959.150651041667,656.554901960784,55.584375,877.735294117647,715.291666666667,0.686274509803922
215.04,0.674183793521471,1.3765913998473,,1.90517067272741,0.376182807857898,,,,0.949951235616392,,-0.047353380701772,,0.238438631727105,,,,,,,,,,,,,1.29044837121313,,,1.44617309808997,0.299400854136158,,,,,0.662030577654887,,1.02631389908954,,1.28011887457376,,,,,,,-0.928706463003047,,,,,,104.3456,103,1179.66157716424,210.910012135922,749.465210355987,1446.00388349515,913.319270833333,270.782524271845,151.0375,775.097087378641,723.833333333333,0
215.1424,0.660990248851615,1.30978852411501,,1.94832660952921,0.385648980597762,,,,0.937048791141049,,-0.0416041675639484,,0.24625867702154,,,,,,,,,,,,,1.22708715305758,,,1.45611005397353,0.27804321947357,,,,,0.681051317896557,,1.03098498914037,,1.28635004020592,,,,,,,-0.939572444431492,,,,,,104.448,102,1230.68561197917,260.678155637255,747.667892156863,1593.88333333333,867.487890625,274.86568627451,246.490625,762.960784313726,732.375,0.372549019607843
215.2448,0.648519203629328,1.23956750581101,,1.9893447881889,0.392779536514588,,,,0.923444619398124,,-0.0346410864455925,,0.252540231666502,,,,,,,,,,,,,1.16214214704493,,,1.4653586390012,0.257994062067863,,,,,0.698358170755846,,1.0335992663989,,1.29043037588397,,,,,,,-0.950961855546549,,,,,,104.5504,102,1347.68464690564,305.228768382353,743.00612745098,1873.48921568627,821.880078125,268.979411764706,341.478125,745.137254901961,740.875,1
215.3472,0.636847840560481,1.16603396330183,,2.02809874270105,0.397487471025403,,,,0.90915137540974,,-0.0264393018665163,,0.257275670250641,,,,,,,,,,,,,1.09567205722266,,,1.4738588154555,0.239259904532157,,,,,0.713952718492646,,1.03410538227819,,1.29234019060602,,,,,,,-0.962881784863032,,,,,,104.6528,103,762.233572259304,492.682615291262,829.402508090615,748.418446601942,776.048697916667,548.433980582524,436.93125,909.388349514563,749.416666666667,1
215.4496,0.626049671706845,1.08930389921632,,2.06446622082442,0.399692094153924,,,,0.894180404532397,,-0.0169790781937551,,0.260463324003756,,,,,,,,,,,,,1.02774103136046,,,1.48155401600652,0.221843984004486,,,,,0.7278380237594,,1.03245636641402,,1.29206631699471,,,,,,,-0.975336854801085,,,,,,104.7552,102,645.971894148284,667.140716911765,940.420343137255,561.726470588235,730.217317708333,801.89705882353,532.384375,1122.88235294118,757.958333333333,0.225490196078431
215.552,0.616193899802268,1.00950388460328,,2.09832971789346,0.399319969555062,,,,0.878541678067953,,-0.00624628104111125,,0.262107688160089,,,,,,,,,,,,,0.958418953543787,,,1.48839133786646,0.205746341714188,,,,,0.740018426404024,,1.02860989164332,,1.28960240523878,,,,,,,-0.988329194921811,,,,,,104.8576,103,509.040719811893,691.056219660194,933.484223300971,394.244660194175,623.836779429612,808.219417475728,573.89302184466,1102.34951456311,764.618932038835,0
215.6544,0.607344745716498,0.926771261361617,,2.12957703344893,0.396305918652122,,,,0.862243751667658,,0.00576708513263034,,0.262219579607919,,,,,,,,,,,,,0.887781737845937,,,1.4943217238332,0.190963926757604,,,,,0.750499349111947,,1.02252852867053,,1.2849491902833,,,,,,,-1.00185841696377,,,,,,104.96,102,332.785784313726,636.568137254902,864.387254901961,329.970588235294,335.600980392157,752.129411764706,521.006862745098,987.735294117647,741.039215686275,0
215.7568,0.59956075720637,0.841254340338486,,2.1581018398317,0.390594062374016,,,,0.845293741710792,,0.0190623271712696,,0.260816220365849,,,,,,,,,,,,,0.815911610400042,,,1.49930012866857,0.17749071149883,,,,,0.75928712053549,,1.01417998175288,,1.27811471958965,,,,,,,-1.01592160112888,,,,,,105.0624,102,352.820588235294,619.156862745098,804.225490196079,366.35,339.291176470588,728.873529411765,509.440196078431,900.029411764706,708.421568627451,0
215.8592,0.592894121561458,0.753112566565433,,2.18380425075231,0.382138862125454,,,,0.827697317833545,,0.0336335369460842,,0.257921229991518,,,,,,,,,,,,,0.742897361149295,,,1.50328566781566,0.165317815625637,,,,,0.76638882264313,,1.00353730062442,,1.26911453649623,,,,,,,-1.03051330023698,,,,,,105.1648,103,387.814474845543,615.196601941748,762.289938217123,390.611650485437,385.017299205649,707.029126213592,523.364077669903,840.233009708738,684.346866725508,0
215.9616,0.587390004407191,0.662516622288125,,2.20659138014545,0.370906121430367,,,,0.809458712198147,,0.0494671342088525,,0.253564525576464,,,,,,,,,,,,,0.668834544806339,,,1.50624174511424,0.154433637524678,,,,,0.771812159451711,,0.99057906714343,,1.25797181928652,,,,,,,-1.04562556068748,,,,,,105.2672,102,744.635577042656,520.286570907433,728.00338888198,955.264705882353,534.00644820296,532.606862745098,507.966279069767,785.764705882353,670.242071881607,0.205882352941176
216.064,0.58308593147793,0.569648442031553,,2.22637788503394,0.356873913029419,,,,0.790580745572079,,0.0665415256372218,,0.24778214490193,,,,,,,,,,,,,0.593825616210053,,,1.50813615766587,0.144823993389319,,,,,0.775565336873403,,0.975289556942295,,1.24471747899922,,,,,,,-1.06124795354435,,,,,,105.3696,103,838.958481290667,525.1166290359,737.942301771383,992.370873786408,685.546088794926,557.761165048544,492.472093023256,819.728155339806,656.15644820296,0.12621359223301
216.1664,0.58001122961077,0.474701119785003,,2.24308648699337,0.340033395326217,,,,0.771064869166258,,0.0848269200870757,,0.240616016513346,,,,,,,,,,,,,0.517979992851543,,,1.50894117696442,0.136472264658379,,,,,0.777656945341125,,0.957658878970705,,1.22939021869537,,,,,,,-1.07736760961562,,,,,,105.472,102,911.683060771878,519.919345645235,733.672667164117,986.280392156863,837.085729386892,562.860784313726,476.977906976744,825.274509803922,642.070824524313,0.352941176470588
216.2688,0.578186548644668,0.377878694286358,,2.25664846432085,0.320389480437084,,,,0.750911220526049,,0.104285324178756,,0.232113692468404,,,,,,,,,,,,,0.441414042710256,,,1.50863360523778,0.129359554213314,,,,,0.778095843080335,,0.937683098066038,,1.21203654836897,,,,,,,-1.09396925777856,,,,,,105.5744,102,984.982690793019,510.354252165983,730.172760436098,985.51568627451,984.449695311528,560.212745098039,460.495759233926,831.803921568628,628.541599303569,0
216.3712,0.57762348517347,0.27939580550587,,2.26700410555497,0.297961324445115,,,,0.730118689609916,,0.124870719330677,,0.222328044618691,,,,,,,,,,,,,0.364250998998672,,,1.50719480657566,0.123464851954139,,,,,0.776891040885877,,0.915364342700705,,1.19271074162138,,,,,,,-1.11103527083087,,,,,,105.6768,103,1003.76699029126,506.530582524272,737.504854368932,983.868932038835,1023.66504854369,562.863106796117,450.198058252427,846.961165048544,628.04854368932,0
216.4736,0.578324317739979,0.179477222505028,,2.27410311612245,0.272782626974321,,,,0.708684988427715,,0.146529398850337,,0.211316916141389,,,,,,,,,,,,,0.286620804682486,,,1.50461071367798,0.118765209310334,,,,,0.77405158983374,,0.890710893358297,,1.17147472208963,,,,,,,-1.12854572390185,,,,,,105.7792,102,993.287191240132,540.88983320601,760.115737203973,977.980392156863,1008.5939903234,624.999019607843,456.780646804176,885.039215686274,635.192258721671,0
216.576,0.580281852911355,0.0783572431288947,,2.27790496997097,0.244901735719215,,,,0.686606715779878,,0.169200427017955,,0.199142718385973,,,,,,,,,,,,,0.208659889146606,,,1.50087181183174,0.115235919870354,,,,,0.769586475898044,,0.863737243183126,,1.14839787193585,,,,,,,-1.14647846888734,,,,,,105.8816,103,1004.69846992813,491.420390240827,704.84293279536,1007.48252427184,1001.91441558442,503.079611650485,479.761168831169,770.553398058252,639.132467532468,0.174757281553398
216.6784,0.583479381178948,-0.0237210377048425,,2.27837919689239,0.214381550186331,,,,0.663879409306198,,0.192816175688307,,0.185871970237043,,,,,,,,,,,,,0.130510879571197,,,1.49597310269665,0.112850701802097,,,,,0.763504529351552,,0.834464123547861,,1.12355675703337,,,,,,,-1.16480922692464,,,,,,105.984,102,1074.81428380443,392.05344219506,683.045670995671,1144.47941176471,1005.14915584416,272.890196078431,511.216688311688,722.166666666667,643.924675324675,1
216.7808,0.587890745724937,-0.126506589126784,,2.27550559582421,0.181299224807936,,,,0.640497584883473,,0.217302902478278,,0.171574792077546,,,,,,,,,,,,,0.0523222491477962,,,1.48991405149558,0.111581877161746,,,,,0.755814359612631,,0.802918490326874,,1.09703477031027,,,,,,,-1.18351169823966,,,,,,106.0864,102,1078.37278393175,401.295167430609,691.042831678126,1148.37745098039,1008.36811688312,260.071568627451,542.518766233766,733.392156862745,648.693506493506,1
216.8832,0.593480527583962,-0.229741419125223,,2.26927436622646,0.145745688973939,,,,0.616454775987473,,0.242581349545547,,0.156324377297864,,,,,,,,,,,,,-0.0257520987041395,,,1.48269852072126,0.111400543302115,,,,,0.746524326432997,,0.769133470050809,,1.06892170362785,,,,,,,-1.2025576863864,,,,,,106.1888,103,1075.85628294036,422.379861303745,696.679750346741,1140.10970873786,1011.60285714286,270.785436893204,573.974285714286,739.873786407767,653.485714285714,1
216.9856,0.600204344424243,-0.333161639268088,,2.25968615802119,0.107825015242966,,,,0.591743591012671,,0.268567349950273,,0.140196463945901,,,,,,,,,,,,,-0.103553311636261,,,1.47433469110873,0.112276733848398,,,,,0.735642551732699,,0.733148269363425,,1.0393132612292,,,,,,,-1.22191723445485,,,,,,106.2912,102,986.977132034632,686.097745734658,786.947784568373,959.116666666667,1014.8375974026,766.76568627451,605.429805194805,915.617647058824,658.277922077922,0.0294117647058824
217.088,0.608009250852374,-0.436498597981798,,2.2467520523214,0.0676536685469829,,,,0.566355799787095,,0.295172432718615,,0.123268824137026,,,,,,,,,,,,,-0.180918132547721,,,1.4648349673439,0.114179568664792,,,,,0.723176964625807,,0.695008056003565,,1.00831052561688,,,,,,,-1.24155877046448,,,,,,106.3936,103,940.517722229227,750.445089522128,839.248657168075,862.963106796117,1018.07233766234,864.004854368932,636.885324675325,1015.42718446602,663.07012987013,0.184466019417476
217.1904,0.616834222778076,-0.53948006675111,,2.23049348772805,0.0253596640947898,,,,0.540282448771051,,0.322304423713622,,0.10562078457355,,,,,,,,,,,,,-0.257679500554791,,,1.45421586477851,0.117077390780061,,,,,0.709135368437371,,0.654763819394149,,0.97601938576289,,,,,,,-1.26144925715443,,,,,,106.496,102,995.392264451235,764.612088744589,814.465482556659,969.477450980392,1021.30707792208,860.883333333333,668.340844155844,961.06862745098,667.862337662338,0.0588235294117647
217.2928,0.626610709450428,-0.641831467946553,,2.21094213993474,-0.0189183443790976,,,,0.513513996777445,,0.349868039493731,,0.0873327854705443,,,,,,,,,,,,,-0.333667203719346,,,1.4424978777143,0.120937887904379,,,,,0.693525525613489,,0.612472211165406,,0.942549937481561,,,,,,,-1.28155434307686,,,,,,106.5984,102,1002.38536478228,783.914025337408,817.451629742806,979.241176470588,1025.52955309396,874.491176470588,693.336874204227,961.392156862745,673.511102622867,0
217.3952,0.637263242375027,-0.74327713850047,,2.18813975643711,-0.0650320319117342,,,,0.486040462396774,,0.37776546378692,,0.0684859776286267,,,,,,,,,,,,,-0.40870858288715,,,1.42970533539108,0.125728200707616,,,,,0.676355260099289,,0.568195358557626,,0.90801585983884,,,,,,,-1.30183851636613,,,,,,106.7008,103,998.222815533981,798.543203883495,838.635922330097,972.923300970874,1023.52233009709,888.754368932039,708.332038834952,983.864077669903,693.407766990291,0
217.4976,0.648710097107515,-0.843541630902233,,2.16213794495563,-0.112824420326267,,,,0.457851576457464,,0.405896892274226,,0.0491618527908115,,,,,,,,,,,,,-0.482629289843717,,,1.41586624986689,0.131415023087721,,,,,0.657632573747397,,0.522000643342236,,0.872533760086611,,,,,,,-1.32226526423163,,,,,,106.8032,102,1009.39010795329,804.262045604759,874.175809649703,929.901960784314,1088.87825512227,885.419607843137,723.10448336638,1034.56862745098,713.782991848425,0
217.6,0.660864005365101,-0.94235105406464,,2.13299791200839,-0.162130946536287,,,,0.428936935505716,,0.434161035949822,,0.0294419032513004,,,,,,,,,,,,,-0.55525410072448,,,1.40101215296689,0.137964695808082,,,,,0.63736577488885,,0.473960443443657,,0.836222479746668,,,,,,,-1.34279723923659,,,,,,106.9056,103,1289.49865277626,778.360210537799,838.437711355951,1325.22427184466,1253.77303370787,818.084466019418,738.63595505618,967.077669902913,709.797752808989,0.640776699029126
217.7024,0.673632907215077,-1.03943444880061,,2.10079015006312,-0.212780575171089,,,,0.399286159132296,,0.462455583955252,,0.00940731310067933,,,,,,,,,,,,,-0.626407778517494,,,1.38517791758839,0.145343290038534,,,,,0.615563622968573,,0.424151840628535,,0.799202373369994,,,,,,,-1.36339643142522,,,,,,107.008,102,1446.04262502754,786.913918263935,846.249834765367,1476.92843137255,1415.15681868253,820.290196078431,753.537640449438,987.294117647059,705.205551883675,0
217.8048,0.686920724117702,-1.13452518586766,,2.06559407491341,-0.264596941580525,,,,0.36888906269949,,0.490677639360764,,-0.0108613123545975,,,,,,,,,,,,,-0.695915975862417,,,1.36840156197125,0.153516677992452,,,,,0.592235493812338,,0.372656302794416,,0.76159458611631,,,,,,,-1.38402434746532,,,,,,107.1104,102,1467.43057030769,791.964588490331,843.629513779498,1480.13235294118,1454.72878767421,825.735294117647,758.193882863015,981.735294117647,705.523733441349,0
217.9072,0.700628133740525,-1.22736237315662,,2.02749761539931,-0.317399510095822,,,,0.337735857603812,,0.51872414671331,,-0.0312841808362185,,,,,,,,,,,,,-0.763606172180747,,,1.35072403759025,0.162450590645512,,,,,0.567391567435804,,0.31955935043476,,0.723520349121665,,,,,,,-1.40464220229353,,,,,,107.2128,103,1400.56579062702,702.774965272877,780.908439247963,1376.57572815534,1424.5558530987,655.782524271845,749.76740627391,850.854368932039,710.962509563887,0.378640776699029
218.0096,0.714653335852004,-1.31769225685602,,1.9865967599041,-0.371004736211758,,,,0.305817382116922,,0.546492324518041,,-0.0517825257595731,,,,,,,,,,,,,-0.829308638319156,,,1.33218900146598,0.172110662682957,,,,,0.54104304032057,,0.264950214224412,,0.685100297192607,,,,,,,-1.42521112868878,,,,,,107.3152,102,1209.66565739532,546.236790959689,764.789913287427,1035.47745098039,1383.85386381025,356.022549019608,736.451032899771,815.166666666667,714.413159908187,1
218.112,0.728892807226594,-1.40526959972393,,1.94299506616593,-0.425227226125968,,,,0.273125356659202,,0.573880106685249,,-0.0722788142444413,,,,,,,,,,,,,-0.892857417636933,,,1.31284257366608,0.182462464308013,,,,,0.513202363123822,,0.208921486705263,,0.646453806870358,,,,,,,-1.44569240595395,,,,,,107.4176,103,1196.67573999173,542.706396795655,765.007582997284,1050.19960546165,1343.15187452181,362.278134065679,723.134659525631,812.15135574208,717.863810252487,1
218.2144,0.743242047684103,-1.48985902323067,,1.89680313582263,-0.479880891397244,,,,0.239652656041117,,0.600786589467341,,-0.0926969586712726,,,,,,,,,,,,,-0.954091313932097,,,1.29273308014888,0.19347152144097,,,,,0.483883498357025,,0.151568766998305,,0.607698350962536,,,,,,,-1.46604770574498,,,,,,107.52,102,1192.29546054497,542.870298454232,754.678146633055,1082.14103585657,1302.44988523336,375.922310756972,709.818286151492,788.041832669323,721.314460596787,1
218.3168,0.757596320271684,-1.57123630773284,,1.84813805123101,-0.53478009797448,,,,0.205393597374411,,0.627112474454716,,-0.112962529037688,,,,,,,,,,,,,-1.0128548810045,,,1.27191078100776,0.205103328560974,,,,,0.453102186592206,,0.0929902948028865,,0.568948864458066,,,,,,,-1.48623935120145,,,,,,107.6224,102,1188.56172592137,540.265673063929,745.350332516343,1115.17700960862,1261.94644223412,383.964475431607,696.566870696251,765.952386532302,724.748278500383,1
218.4192,0.771851389418188,-1.64918964995989,,1.79712277897481,-0.589740809633095,,,,0.170344246764056,,0.652760495456044,,-0.133002959802146,,,,,,,,,,,,,-1.06899940531655,,,1.25042758643545,0.21732335907398,,,,,0.420876211043208,,0.0332865701301599,,0.53031711821241,,,,,,,-1.50623058351685,,,,,,107.7248,103,1178.94407113303,527.368452544551,754.866454713603,1136.64368932039,1221.24445294568,371.48640776699,683.250497322112,781.533980582524,728.198928844682,1
218.5216,0.785904259612323,-1.72352087456097,,1.74388555287392,-0.644581725913798,,,,0.134502741963169,,0.677635819961139,,-0.152747749892916,,,,,,,,,,,,,-1.12238386413247,,,1.22833676554191,0.230097076470278,,,,,0.387225657106474,,-0.0274400403419838,,0.491911104288916,,,,,,,-1.52598582930251,,,,,,107.8272,102,1167.24770241685,477.230787464182,772.761064104295,1153.95294117647,1180.54246365723,284.527450980392,669.934123947972,813.872549019608,731.649579188983,1
218.624,0.799653909496671,-1.79404658543176,,1.6885592497163,-0.699125405934637,,,,0.0978696191440588,,0.701646425995196,,-0.172128653076512,,,,,,,,,,,,,-1.1728758382887,,,1.20569265423241,0.243389946778421,,,,,0.35217317113684,,-0.0890857004300259,,0.453834451705362,,,,,,,-1.545470961785,,,,,,107.9296,103,1157.97314980575,421.47149664614,788.66661962101,1176.10582524272,1139.84047436878,186.325242718447,656.617750573833,842.233009708738,735.100229533282,1
218.7264,0.813002009662927,-1.86059923167135,,1.63128076727376,-0.753199356876823,,,,0.0604481326131851,,0.72470346779358,,-0.191079844423179,,,,,,,,,,,,,-1.22035236367951,,,1.18255036837999,0.257167450611476,,,,,0.315744225459523,,-0.151545488704154,,0.416185901796189,,,,,,,-1.56465354796458,,,,,,108.032,102,1136.41581116762,416.897257227298,787.447008566242,1173.6931372549,1099.13848508034,190.493137254902,643.301377199694,836.343137254902,738.550879877582,1
218.8288,0.825853617471243,-1.92302806155604,,1.57219041012545,-0.806637065950266,,,,0.0222445627806702,,0.746721644631589,,-0.20953804872607,,,,,,,,,,,,,-1.26470071066525,,,1.15896552701668,0.271395093291703,,,,,0.277967389649235,,-0.214713758683422,,0.379058864044033,,,,,,,-1.58350307541516,,,,,,108.1344,102,1118.06801123663,412.903902440854,774.350192027844,1177.50098039216,1058.6350420811,195.757843137255,630.049961744453,806.71568627451,741.984697781178,1
218.9312,0.838117850641556,-1.98119994360344,,1.51143128333521,-0.859278963986055,,,,-0.0167314904734538,,0.767619571321207,,-0.227442633610229,,,,,,,,,,,,,-1.30581908356084,,,1.13499398633623,0.286038413477765,,,,,0.238874599231784,,-0.278484475684911,,0.342541054867616,,,,,,,-1.60199115833014,,,,,,108.2368,103,1102.27138076526,406.66873593273,769.193402218079,1186.60970873786,1017.93305279266,196.603883495146,616.733588370314,792.95145631068,745.435348125478,1
219.0336,0.849708539773908,-2.03500004054861,,1.4491486899159,-0.910973312353991,,,,-0.0564668337205527,,0.787320131372897,,-0.244735680738877,,,,,,,,,,,,,-1.34361723747362,,,1.11069158281803,0.301062992458825,,,,,0.1985014125969,,-0.342751535262937,,0.306714212868624,,,,,,,-1.62009172933539,,,,,,108.3392,102,1016.27190430112,501.87037220397,784.639077666262,1055.31274509804,977.231063504208,400.323529411765,603.417214996174,820.392156862745,748.885998469778,0.42156862745098
219.136,0.860544854131873,-2.08433232947433,,1.38548952904222,-0.961577004697522,,,,-0.0969444314186823,,0.805750789193803,,-0.261362045427211,,,,,,,,,,,,,-1.37801701446754,,,1.08611388509507,0.316434466932032,,,,,0.156887250302891,,-0.407409064336304,,0.271653884113355,,,,,,,-1.63778122646494,,,,,,108.4416,103,956.126683058364,588.119696778363,793.111721053922,965.569902912621,946.683463204106,580.510679611651,595.728713945076,831.359223300971,754.864218806873,0
219.2384,0.870551894431185,-2.12911996823483,,1.32060169743757,-1.01095627843211,,,,-0.138143190370931,,0.822843845680853,,-0.277269410897235,,,,,,,,,,,,,-1.40895279884694,,,1.06131595534724,0.332118548048339,,,,,0.114075608581022,,-0.472351703383171,,0.237429269565987,,,,,,,-1.65503878030806,,,,,,108.544,102,957.812367078493,587.582786280657,796.685413977503,966.552941176471,949.071792980515,572.930392156863,602.23518040445,836.637254901961,756.733573053046,0
219.3408,0.879661247068774,-2.16930551187819,,1.25463350328552,-1.05898733409575,,,,-0.180037785136811,,0.838536635436148,,-0.29240834051013,,,,,,,,,,,,,-1.4363718851255,,,1.03635212081541,0.3480810499759,,,,,0.0701142329012524,,-0.537474867797873,,0.204103123684827,,,,,,,-1.67184639552871,,,,,,108.6464,102,957.455488966747,443.791543733481,770.857704837421,983.041176470588,931.869801462905,309.952941176471,577.630146290491,803.029411764706,738.685997910136,0.196078431372549
219.4432,0.887811492550778,-2.20485098644601,,1.18773310493685,-1.10555686132731,,,,-0.222598531318031,,0.852771678185633,,-0.306732326290009,,,,,,,,,,,,,-1.46023475097007,,,1.01127575791565,0.364287930486671,,,,,0.0250552379617447,,-0.602674986594362,,0.171731691198276,,,,,,,-1.68818910967176,,,,,,108.7488,103,954.491257570685,400.907310466567,749.248272818578,994.892233009709,914.090282131662,249.38640776699,552.428213166144,778.339805825243,720.156739811912,0.941747572815534
219.5456,0.894948659798784,-2.23573783329852,,1.12004798141248,-1.15056247179676,,,,-0.265791311846172,,0.865496805392471,,-0.320197829173153,,,,,,,,,,,,,-1.48051523329723,,,0.986139094423404,0.380705341568629,,,,,-0.0210448290272334,,-0.667849718804849,,0.140364668574085,,,,,,,-1.7040551090915,,,,,,108.8512,102,943.362244145307,391.059218452271,744.779427131354,990.413725490196,896.310762800418,254.892156862745,527.226280041797,787.93137254902,701.627481713689,1
219.648,0.901026617810669,-2.26196673731091,,1.05172443170135,-1.19391304034011,,,,-0.309577559595663,,0.876665279032004,,-0.332764308423175,,,,,,,,,,,,,-1.49720061134335,,,0.960993034877904,0.397299683692391,,,,,-0.0681249737439385,,-0.732898152374466,,0.110045181288677,,,,,,,-1.71943579118596,,,,,,108.9536,103,983.335039210315,379.335474429599,741.340373943655,1088.13883495146,878.531243469175,256.646601941748,502.02434691745,799.582524271845,683.098223615465,1
219.7504,0.906007394514695,-2.28355734355978,,0.982907092115397,-1.23552895242738,,,,-0.35391429770557,,0.886235908030035,,-0.344394243625598,,,,,,,,,,,,,-1.51029160024132,,,0.935887010585719,0.414037658016559,,,,,-0.116119779391341,,-0.797720992517394,,0.0808097774293866,,,,,,,-1.73432577517014,,,,,,109.056,102,1148.68615618661,352.701402974983,708.661933739013,1436.62058823529,860.751724137931,228.580392156863,476.822413793104,752.754901960784,664.568965517241,1
219.8528,0.909861411817435,-2.30054785895305,,0.913738459892121,-1.27534225184706,,,,-0.398754237710794,,0.894173161260028,,-0.355053158883382,,,,,,,,,,,,,-1.51980225645042,,,0.910868852127312,0.430886314598378,,,,,-0.164959468057035,,-0.862220743716749,,0.0526884446288443,,,,,,,-1.74872286852145,,,,,,109.1584,102,1136.70446708464,332.200139836499,676.089556825865,1430.35,843.058934169279,212.656862745098,451.7434169279,706.049019607843,646.130094043887,1
219.9552,0.912567629919711,-2.3129945355924,,0.844358415245557,-1.31329668412541,,,,-0.444045938130627,,0.900447273335872,,-0.364709657585109,,,,,,,,,,,,,-1.52575979712866,,,0.885984681586433,0.44781309813021,,,,,-0.21457000340101,,-0.926301888363682,,0.025704656655514,,,,,,,-1.76262799585701,,,,,,109.2608,103,1123.47514431222,306.127052581388,646.242165545647,1421.67087378641,825.279414838036,185.712621359223,426.541483803553,664.883495145631,627.600835945664,1
220.0576,0.914113599047736,-2.32097103948612,,0.774903736804999,-1.34934763828545,,,,-0.489734029824284,,0.905034334423078,,-0.373335466196862,,,,,,,,,,,,,-1.52820433865593,,,0.861278823234976,0.464785893489363,,,,,-0.264873238630669,,-0.989871069698375,,-0.000124547193829326,,,,,,,-1.77604509787154,,,,,,109.3632,102,943.08916343967,308.175167496466,628.923043825681,1078.67843137255,807.499895506792,215.010784313726,401.339550679206,648.774509803922,609.07157784744,0.549019607843137
220.16,0.914495417708273,-2.32456771588521,,0.705507606042214,-1.3834619945079,,,,-0.535759512480348,,0.907916353840553,,-0.380905475935094,,,,,,,,,,,,,-1.52718856321704,,,0.83679373259155,0.48177307072499,,,,,-0.315787105884807,,-1.05283728772994,,-0.0247884480773782,,,,,,,-1.7889810057485,,,,,,109.4656,103,772.534884499498,314.515148978909,605.691496484767,752.902912621359,792.166856377637,260.981553398058,368.048744559759,620.339805825243,591.043187144292,0
220.2624,0.913717597878162,-2.323890763675,,0.636299099217003,-1.41561788504117,,,,-0.582060122846491,,0.909081292266086,,-0.387397768384981,,,,,,,,,,,,,-1.52277732288462,,,0.812569942694589,0.498743528940676,,,,,-0.367225843055686,,-1.11511210979076,,-0.0482824992950977,,,,,,,-1.80144529012075,,,,,,109.568,102,772.873039215686,290.669117647059,598.029411764706,758.239215686275,787.506862745098,263.216666666667,318.121568627451,610.617647058824,585.441176470588,0
220.3648,0.9117928409413,-2.31906132267018,,0.56740266785456,-1.44580437157116,,,,-0.628570775553884,,0.90852306103826,,-0.392793613149106,,,,,,,,,,,,,-1.5150471859467,,,0.788646024078653,0.515666744476903,,,,,-0.419100267203825,,-1.17660989394627,,-0.0706081485787709,,,,,,,-1.81345008075603,,,,,,109.6704,102,796.911764705882,409.092156862745,615.328431372549,794.262745098039,799.560784313726,393.009803921569,425.174509803922,632.127450980392,598.529411764706,0
220.4672,0.908741730341196,-2.31021447154174,,0.498937608796465,-1.47402103870059,,,,-0.675224073718627,,0.906241489264548,,-0.397077431575444,,,,,,,,,,,,,-1.50408592611905,,,0.765058554312323,0.532512832080352,,,,,-0.471318109913325,,-1.23724802610042,,-0.0917726388209599,,,,,,,-1.82500985561666,,,,,,109.7728,103,845.860194174757,615.016990291262,628.257281553398,843.415533980583,848.304854368932,612.209708737864,617.82427184466,656.097087378641,600.417475728155,0
220.5696,0.90459235227523,-2.29749814577078,,0.431017532960978,-1.50027750906304,,,,-0.721950870272513,,0.902242265533168,,-0.400236733477428,,,,,,,,,,,,,-1.4899919563257,,,0.741842095261092,0.549252621085409,,,,,-0.523784414022757,,-1.29694716646504,,-0.111788794604819,,,,,,,-1.83614120227595,,,,,,109.8752,102,879.115598109748,539.963955894108,625.923402454507,899.561764705882,858.669431513613,515.166666666667,564.76124512155,665.901960784314,585.9448441247,0
220.672,0.899379865768987,-2.28107200771451,,0.363749860925593,-1.52459290035369,,,,-0.768680842776725,,0.89653686499846,,-0.402262046552491,,,,,,,,,,,,,-1.47287371201687,,,0.719029178638058,0.565857738691351,,,,,-0.576401966730835,,-1.35563148759422,,-0.130674799409533,,,,,,,-1.84686256011934,,,,,,109.9776,103,997.5764475798,327.585718609578,617.141929175107,1110.45145631068,884.701438848921,183.43786407767,471.733573141487,660.873786407767,573.410071942446,1
220.7744,0.893146048307641,-2.2611063124892,,0.297235383764244,-1.54699525458518,,,,-0.815343044627432,,0.889142466455694,,-0.403146856970072,,,,,,,,,,,,,-1.45284899172458,,,0.696650299859025,0.58230068956491,,,,,-0.629071735247727,,-1.41322888207051,,-0.148453965306293,,,,,,,-1.8571939562727,,,,,,110.08,102,1012.54688954719,272.890658061786,609.162540555791,1114.36176470588,910.732014388489,167.08431372549,378.697002398082,657.450980392157,560.874100719425,1
220.8768,0.885938838517828,-2.23778080548861,,0.231567915824444,-1.56752096702824,,,,-0.861866414948564,,0.880081855364566,,-0.40288756758862,,,,,,,,,,,,,-1.43004426472632,,,0.674733918846521,0.598554925775668,,,,,-0.681693283653153,,-1.46967112713089,,-0.165154496818235,,,,,,,-1.86715674627955,,,,,,110.1824,102,971.178590069121,233.631644096488,597.660424601495,1005.72156862745,936.635611510791,181.149019607843,286.114268585132,646.921568627451,548.39928057554,0.107843137254902
220.9792,0.877811888211125,-2.211283670445,,0.166834047940394,-1.58621423115577,,,,-0.90818024748104,,0.869383310426616,,-0.401483473163255,,,,,,,,,,,,,-1.40459395607102,,,0.653306467322895,0.614594905983459,,,,,-0.734165166497258,,-1.52489400031276,,-0.18080925307834,,,,,,,-1.87677336263116,,,,,,110.2848,103,961.466368652651,226.736142348257,590.507299015157,965.353398058252,957.579339247049,212.506796116505,240.96548858001,637.601941747573,543.412656282741,0
221.0816,0.868824126992192,-2.18181053328209,,0.103113004222192,-1.60312650470089,,,,-0.954214622656993,,0.857080480293681,,-0.398936750305416,,,,,,,,,,,,,-1.37663971648705,,,0.632392363374887,0.630396143882817,,,,,-0.786385301504163,,-1.57883733811919,,-0.195455510612775,,,,,,,-1.88606706796056,,,,,,110.3872,102,962.423529411765,240.401960784314,600.504901960784,957.857843137255,966.989215686275,239.249019607843,241.554901960784,645.509803921569,555.5,0
221.184,0.859039336458334,-2.14956352080432,,0.040476605718544,-1.61831599583329,,,,-0.999900803586959,,0.843212260483701,,-0.395252455614551,,,,,,,,,,,,,-1.34632968256037,,,0.612014033445062,0.645935245620048,,,,,-0.838251323962711,,-1.63144503020804,,-0.209134723158134,,,,,,,-1.89506170895189,,,,,,110.4896,102,953.440196078431,271.884803921569,610.705882352941,953.206862745098,953.673529411765,260.685294117647,283.08431372549,655.509803921569,565.901960784314,0
221.2864,0.848525728543613,-2.11475037116538,,-0.0210106653782683,-1.63184716710999,,,,-1.04517159621789,,0.827822673825806,,-0.390438522937322,,,,,,,,,,,,,-1.31381773498728,,,0.592191940694743,0.661189936257915,,,,,-0.88966092630539,,-1.68266495103999,,-0.22189227336294,,,,,,,-1.90378146978559,,,,,,110.592,103,970.182038834951,276.16213592233,615.728155339806,966.317475728155,974.046601941748,267.168932038835,285.155339805825,659.796116504854,571.660194174757,0
221.3888,0.837355522493209,-2.07758359103725,,-0.081291520272434,-1.64379025496407,,,,-1.08996167757406,,0.810960745782401,,-0.384505756840351,,,,,,,,,,,,,-1.27926276517902,,,0.572944618297464,0.676139076116325,,,,,-0.940512187554524,,-1.73244883999318,,-0.233777216358761,,,,,,,-1.91225062767196,,,,,,110.6944,102,1162.01274509804,-95.4176470588235,594.78431372549,1160.53823529412,1163.48725490196,-115.937254901961,-74.8980392156863,632.058823529412,557.509803921569,0
221.4912,0.825604516492099,-2.03827965310034,,-0.140315661044922,-1.65422080199588,,,,-1.13420789855177,,0.79268035888126,,-0.377467827426903,,,,,,,,,,,,,-1.24282795795801,,,0.554288706921254,0.690762668036158,,,,,-0.990703894933063,,-1.78075214279689,,-0.244842021501453,,,,,,,-1.92049331501717,,,,,,110.7968,103,1130.73640776699,-27.65,599.71359223301,1142.59029126214,1118.88252427184,-33.4116504854369,-21.8883495145631,635.223300970874,564.203883495146,0
221.5936,0.81335165165513,-1.99705822606257,,-0.198039546268904,-1.66321919670134,,,,-1.17784956575714,,0.773040075304796,,-0.369341273830763,,,,,,,,,,,,,-1.20468009358413,,,0.536238996499,0.705041854591333,,,,,-1.04013585325258,,-1.82753382699377,,-0.255142320215313,,,,,,,-1.92853329118694,,,,,,110.8992,102,1115.66227225403,34.7815764358841,614.202542078778,1126.36078431373,1104.96376019434,53.6029411764706,15.9602116952976,650.147058823529,578.258025334027,0
221.696,0.800678567198991,-1.95414142646879,,-0.254426148506415,-1.67087021181248,,,,-1.22082870199268,,0.752102928520694,,-0.360145520846309,,,,,,,,,,,,,-1.16498886955573,,,0.518808471884715,0.718958901468118,,,,,-1.08870917242927,,-1.87275618498382,,-0.264736663058226,,,,,,,-1.93639372327854,,,,,,111.0016,102,1120.75659378796,54.0755162241888,640.51500954364,1113.79607843137,1127.71710914454,121.8,-13.6489675516224,675.656862745098,605.373156342183,0.235294117647059
221.7984,0.787669148026345,-1.90975308251957,,-0.309444716599896,-1.67726253309151,,,,-1.26309028223869,,0.729936193868186,,-0.349902905425398,,,,,,,,,,,,,-1.12392624132629,,,0.502008360885742,0.732497164955057,,,,,-1.13632652661459,,-1.91638463549624,,-0.273686281348397,,,,,,,-1.94409697320138,,,,,,111.104,103,1179.16293352808,-70.4985164819429,667.769195520807,1207.14563106796,1151.1802359882,-95.5398058252427,-45.4572271386431,702.650485436893,632.88790560472,0.504854368932039
221.9008,0.774409068438327,-1.8641180059184,,-0.36307054178344,-1.68248827477158,,,,-1.30458244398836,,0.706611148843753,,-0.338638699072239,,,,,,,,,,,,,-1.08166578050722,,,0.485848183283834,0.745641047326268,,,,,-1.18289238793178,,-1.95838752813929,,-0.28205484395076,,,,,,,-1.9516643897559,,,,,,111.2064,102,1206.22836774828,-96.0870220949737,701.81453525363,1245.45882352941,1166.99791196715,-129.017647058824,-63.1563971311238,742.078431372549,661.55063913471,0
222.0032,0.760985334131025,-1.81746126921191,,-0.415284723077792,-1.68664248036666,,,,-1.34525667402862,,0.68220282578251,,-0.326381109377537,,,,,,,,,,,,,-1.03838204802096,,,0.470335800680814,0.758375946011887,,,,,-1.22831324472439,,-1.99873595203227,,-0.289908200970952,,,,,,,-1.95911610750845,,,,,,111.3088,103,1193.87087378641,-16.3276699029126,743.97572815534,1225.36893203884,1162.37281553398,-25.1252427184466,-7.53009708737864,789.029126213592,698.922330097087,0
222.1056,0.747485820563729,-1.77000748290892,,-0.466073931546496,-1.68982260825786,,,,-1.38506797530289,,0.65678975052561,,-0.313161252455212,,,,,,,,,,,,,-0.994249979384442,,,0.455477467628575,0.770688198219429,,,,,-1.27249781338471,,-2.03740355094942,,-0.297314109181395,,,,,,,-1.96647085524171,,,,,,111.4112,102,1187.67990196078,63.7205882352941,780.568627450981,1215.02549019608,1160.33431372549,55.0901960784314,72.3509803921569,834.019607843137,727.117647058824,0
222.208,0.733998804659132,-1.72198006896043,,-0.515430176435113,-1.69212800387764,,,,-1.42397501936667,,0.630453659991218,,-0.299013096292068,,,,,,,,,,,,,-0.949444284894251,,,0.441277883332495,0.782565018324613,,,,,-1.31535724597331,,-2.07436635150746,,-0.304341934915223,,,,,,,-1.97374577638216,,,,,,111.5136,102,1166.62969593635,156.797835559345,812.219688358435,1197.95,1135.30939187269,153.479411764706,160.116259353983,867.56862745098,756.87074926589,0
222.3104,0.72061248893125,-1.67360053544202,,-0.563350578250793,-1.69365936426616,,,,-1.46194029031896,,0.603279195962764,,-0.28397337754869,,,,,,,,,,,,,-0.904138876338246,,,0.427740241380077,0.793994424680582,,,,,-1.3568053283016,,-2.10960261347901,,-0.311062330438565,,,,,,,-1.98095626606045,,,,,,111.616,103,1110.0422681863,141.839416537686,801.229257539515,1134.69902912621,1085.38550724638,143.918446601942,139.76038647343,859.912621359223,742.545893719807,0.058252427184466
222.4128,0.7074145182549,-1.62508776313233,,-0.609837150311092,-1.69451820228985,,,,-1.49893021991058,,0.575353574142478,,-0.268081494584609,,,,,,,,,,,,,-0.85850633306511,,,0.414866275624029,0.804965153641588,,,,,-1.39675865953391,,-2.14309270688421,,-0.317546881008687,,,,,,,-1.98811583117824,,,,,,111.7184,102,1015.34624893436,27.9584398976982,756.602728047741,1002.1068627451,1028.58563512361,-27.5480392156863,83.4649190110827,798.274509803922,714.93094629156,0
222.5152,0.694491488710979,-1.57665731295295,,-0.654896578876849,-1.69480631282816,,,,-1.53491530552289,,0.546766227119296,,-0.251379377237559,,,,,,,,,,,,,-0.812717411204929,,,0.402656304426528,0.815466561634101,,,,,-1.43513680543466,,-2.1748190085134,,-0.323867723240132,,,,,,,-1.9952359741957,,,,,,111.8208,103,991.487378640777,93.1441747572816,732.519417475728,985.672815533981,997.301941747573,53.8601941747573,132.428155339806,770.029126213592,695.009708737864,0
222.6176,0.681928451334864,-1.52852075669873,,-0.698539985590172,-1.69462523732025,,,,-1.56987020211304,,0.517608419628658,,-0.233911331800938,,,,,,,,,,,,,-0.766940590796268,,,0.391109278344147,0.825488521325765,,,,,-1.47186242276909,,-2.20476580263419,,-0.330097143902025,,,,,,,-2.00232609399371,,,,,,111.9232,102,973.550428145942,146.424242988335,737.327686770911,967.527450980392,979.573405311492,123.107843137255,169.740642839414,773.93137254902,700.724000992802,0
222.72,0.669808421776247,-1.48088503285734,,-0.740782664711253,-1.69407572769097,,,,-1.60377378298507,,0.487972837338146,,-0.215723861908597,,,,,,,,,,,,,-0.721341656255856,,,0.380222833431635,0.835021319672843,,,,,-1.50686136034816,,-2.23291917736756,,-0.336307176333748,,,,,,,-2.00939339910243,,,,,,112.0256,102,975.798448746587,39.309015884835,745.03040456689,984.785294117647,966.811603375527,-65.8901960784314,144.508227848101,771.754901960784,718.305907172996,0.352941176470588
222.8224,0.658211906098599,-1.43395183428547,,-0.781643801012728,-1.69325721870936,,,,-1.63660916288314,,0.457953163095604,,-0.196865467704227,,,,,,,,,,,,,-0.676083311218929,,,0.369993346710133,0.844055560210372,,,,,-1.54006274499506,,-2.25926691897542,,-0.342569206819015,,,,,,,-2.01644283429014,,,,,,112.128,103,968.814704436524,44.7122096595797,770.873540616935,988.88932038835,948.740088484699,-49.3407766990291,138.765196018189,803.291262135922,738.455819097948,0
222.9248,0.647216440542316,-1.3879170296789,,-0.821146174798055,-1.69226731361267,,,,-1.66836367309997,,0.427643670411312,,-0.177386422452459,,,,,,,,,,,,,-0.631324825809949,,,0.36041598917284,0.852582066521365,,,,,-1.57139905646259,,-2.28379840592714,,-0.348953588003599,,,,,,,-2.0234770216254,,,,,,112.2304,102,948.997816682458,117.91066413709,814.067698056022,978.91862745098,919.077005913936,32.371568627451,203.449759646729,862.823529411765,765.311866700279,0
223.0272,0.636896137417156,-1.34297010923228,,-0.859315847966525,-1.69120127860996,,,,-1.69902878275502,,0.397138861730718,,-0.157338520572092,,,,,,,,,,,,,-0.587221705282178,,,0.351484776147288,0.860591785548155,,,,,-1.60080619523572,,-2.30650450008043,,-0.35552924788169,,,,,,,-2.03049621837209,,,,,,112.3328,103,796.453402936294,240.218284263581,973.790492409624,679.846601941748,913.060203930841,263.507766990291,216.92880153687,1173.7572815534,773.823703265849,0.601941747572815
223.1296,0.627321235381611,-1.29929364697488,,-0.89618182008271,-1.69015154193682,,,,-1.72859997262803,,0.366533156645134,,-0.136774789537347,,,,,,,,,,,,,-0.543925370020432,,,0.343192618487726,0.868075693787998,,,,,-1.62822355225196,,-2.32737743662452,,-0.362363287348731,,,,,,,-2.03749829924426,,,,,,112.4352,102,840.534462153415,260.957322516712,1059.19969024997,771.277450980392,909.791473326437,298.402941176471,223.511703856953,1338.27450980392,780.124870696025,1
223.232,0.618557659386203,-1.25706278741858,,-0.931775656839682,-1.6892072020504,,,,-1.75707657566513,,0.335920616383617,,-0.115749167159699,,,,,,,,,,,,,-0.501582847700077,,,0.335531376037152,0.875024709666057,,,,,-1.65359408880419,,-2.34641072230507,,-0.369520568851033,,,,,,,-2.04447876822713,,,,,,112.5376,102,870.881108580568,263.079286444887,1025.91333663656,835.223529411765,906.538687749372,296.096078431373,230.062494458401,1265.43137254902,786.395300724102,1
223.3344,0.610666601936204,-1.21644477365652,,-0.966131106377948,-1.68845356186915,,,,-1.78446159361068,,0.30539469172929,,-0.0943161611927038,,,,,,,,,,,,,-0.460336484349941,,,0.328491909978018,0.881429612410184,,,,,-1.67686442784881,,-2.36359905202767,,-0.377063303777629,,,,,,,-2.05143079558802,,,,,,112.64,103,890.543716436562,249.099397418368,957.751146698498,877.817475728156,903.269957144968,261.553398058252,236.645396778484,1122.80582524272,792.696468154278,1
223.4368,0.603704139608055,-1.17759852764268,,-0.999283717774473,-1.68797170902314,,,,-1.8107614890527,,0.275047991921607,,-0.0725305151534253,,,,,,,,,,,,,-0.420323678086841,,,0.322064129393422,0.887280964915556,,,,,-1.6979849481943,,-2.37893824716414,,-0.385050642866231,,,,,,,-2.05834527181618,,,,,,112.7424,102,903.810417191851,222.649933863009,937.621366811835,907.619607843137,900.001226540565,202.071568627451,243.228299098567,1076.24509803922,798.997635584454,1
223.5392,0.597720889058167,-1.14067427582319,,-1.03127046876876,-1.68783814330681,,,,-1.83598595147145,,0.244972076703413,,-0.0504469008631298,,,,,,,,,,,,,-0.38167662923751,,,0.316237031017909,0.892569039164987,,,,,-1.71690986311363,,-2.39242520860894,,-0.393538269361214,,,,,,,-2.06521087097671,,,,,,112.8448,103,901.911393599148,248.562882262723,935.56687723547,907.090291262136,896.732495936161,247.314563106796,249.811201418649,1065.83495145631,805.29880301463,1
223.6416,0.5927616967395,-1.10581320307877,,-1.06212940329065,-1.68812443088214,,,,-1.86014764732177,,0.21525727046618,,-0.0281196513308647,,,,,,,,,,,,,-0.344522088709948,,,0.310998735128054,0.897283750193289,,,,,-1.73359726675738,,-2.40405786995625,,-0.40257799860564,,,,,,,-2.0720141129613,,,,,,112.9472,102,927.84070619529,230.743620496817,910.363710712599,962.217647058824,893.463765331757,205.093137254902,256.394103738732,1009.12745098039,811.599970444806,1
223.744,0.588865360367335,-1.07314712807605,,-1.09189927714783,-1.68889687058385,,,,-1.88326197191741,,0.185992488939991,,-0.0056025356211828,,,,,,,,,,,,,-0.308981088007809,,,0.306336521456188,0.90141461013351,,,,,-1.74800914717792,,-2.41383514008057,,-0.412217394430804,,,,,,,-2.0787394136236,,,,,,113.0496,102,970.002548700875,182.034211875972,827.400886510952,1049.79411764706,890.210979754692,101.123529411765,262.94489434018,836.93137254902,817.870400472883,1
223.8464,0.586064387761482,-1.04279821028988,,-1.12061921265771,-1.69021618199387,,,,-1.90534681394034,,0.157265061729175,,0.0170514370335385,,,,,,,,,,,,,-0.275168651480334,,,0.302236868068284,0.904950708416798,,,,,-1.76011137742161,,-2.42175683586616,,-0.422499411410576,,,,,,,-2.08536911996282,,,,,,113.152,103,971.490056613979,191.92117988353,803.648890747646,1056.03786407767,886.942249150288,114.314563106796,269.527796660263,783.126213592233,824.171567903059,1
223.9488,0.584384797918657,-1.01487870194417,,-1.14832836165819,-1.69213723447103,,,,-1.92642233077673,,0.129160541570855,,0.0397901999425408,,,,,,,,,,,,,-0.243193503278422,,,0.298685494035405,0.907880714861022,,,,,-1.76987369987617,,-2.42782361118191,,-0.433462065979188,,,,,,,-2.09188353496421,,,,,,113.2544,102,972.805876920001,225.54064360782,787.599112764657,1061.93823529412,883.673518545885,174.970588235294,276.110698980346,744.725490196078,830.472735333235,1
224.0512,0.583845962273857,-0.989490741777072,,-1.17506557390632,-1.69470882024778,,,,-1.94651072465391,,0.101762508684745,,0.0625628033188976,,,,,,,,,,,,,-0.213157776940712,,,0.295667403096166,0.910192899336093,,,,,-1.77726971813841,,-2.43203688759106,,-0.445138135944053,,,,,,,-2.09826093667806,,,,,,113.3568,103,971.21744251443,259.854567640506,789.076271770055,1062.03009708738,880.404787941481,237.015533980583,282.693601300429,741.378640776699,836.773902763411,1
224.1536,0.584460476078258,-0.966726167535608,,-1.20086907525926,-1.69797345328639,,,,-1.96563600638209,,0.0751523851219799,,0.0853195721798494,,,,,,,,,,,,,-0.185156727289269,,,0.293166923219185,0.911875162235371,,,,,-1.78227690315118,,-2.43439879344291,,-0.457554885848424,,,,,,,-2.10447759621308,,,,,,113.4592,102,899.847930629323,328.955408673001,849.655182155617,922.559803921569,877.136057337077,368.63431372549,289.276503620511,856.235294117647,843.075070193587,1
224.256,0.586234048556783,-0.946666324506918,,-1.22577616720926,-1.70196717428923,,,,-1.9838237390798,,0.0494092685992325,,0.108012237059469,,,,,,,,,,,,,-0.159278441645451,,,0.291167739820854,0.91291507053564,,,,,-1.78487660936901,,-2.43491211751966,,-0.470733813642485,,,,,,,-2.11050780372502,,,,,,113.5616,102,896.823008429026,323.540117699215,819.14824030691,919.762745098039,873.883271760012,351.252941176471,295.82729422196,788.950980392157,849.345500221664,1
224.3584,0.58916541127885,-0.929381867631379,,-1.24982295258034,-1.70671936062851,,,,-2.00110076847245,,0.0246097909046375,,0.130594034353005,,,,,,,,,,,,,-0.135603546556695,,,0.289652925893708,0.913299897899136,,,,,-1.78505409371267,,-2.43358027710654,,-0.48469041615492,,,,,,,-2.1163239103555,,,,,,113.664,103,917.869406500134,326.253156523448,819.231100816211,965.12427184466,870.614541155608,350.096116504854,302.410196542042,782.815533980583,855.64666765184,1
224.4608,0.593246255913527,-0.914932570356958,,-1.27304408125173,-1.71225255492053,,,,-2.01749495642112,,0.000828001176184274,,0.153019784716785,,,,,,,,,,,,,-0.114204908164917,,,0.288604973290825,0.913016672467556,,,,,-1.78279853585403,,-2.43040729638864,,-0.499433975355952,,,,,,,-2.12189638375685,,,,,,113.7664,102,991.694473903053,309.560274921259,812.28274107042,1116.0431372549,867.345810551204,310.127450980392,308.993098862125,762.617647058824,861.947835082016,1
224.5632,0.598461212144156,-0.903367153797357,,-1.29547250642693,-1.71858232512642,,,,-2.03303493247794,,-0.0218647366329581,,0.175245968961793,,,,,,,,,,,,,-0.0951473325108752,,,0.288005825468747,0.912052235885927,,,,,-1.77810306302658,,-2.42539779698516,,-0.514967366443095,,,,,,,-2.12719386950596,,,,,,113.8688,103,1138.56329725495,320.116641367803,824.575957566776,1413.04951456311,864.077079946801,324.657281553398,315.576001182208,780.902912621359,868.249002512192,1
224.6656,0.604787867641253,-0.894723140373262,,-1.31713924531599,-1.72571715984396,,,,-2.04774986750541,,-0.0433998492021217,,0.197230822178314,,,,,,,,,,,,,-0.0784872788091026,,,0.287836910738445,0.910393313114257,,,,,-1.77096478333197,,-2.41855700991311,,-0.531286884751264,,,,,,,-2.13218325661553,,,,,,113.9712,102,1317.99437074963,337.059843908008,833.784888892752,1775.18039215686,860.808349342397,351.960784313726,322.158903502291,793.019607843137,874.550169942367,1
224.768,0.612196827438466,-0.889026725797686,,-1.33807314540902,-1.73365839735916,,,,-2.06166926064898,,-0.0637116686357053,,0.218934451094818,,,,,,,,,,,,,-0.0642725958711129,,,0.288079178076298,0.908026592702362,,,,,-1.76138483175116,,-2.40989081518543,,-0.548382093874161,,,,,,,-2.13682974930754,,,,,,114.0736,102,1249.38072305914,354.356807836183,854.513241161693,1641.20588235294,857.555563765332,380.003921568627,328.709694103739,828.205882352941,880.820599970445,1
224.8704,0.62065181500374,-0.886292666433088,,-1.35830066426145,-1.74240019163634,,,,-2.0748227275827,,-0.0827375495392587,,0.240318960628426,,,,,,,,,,,,,-0.0525422865098783,,,0.288713137703215,0.904938820382363,,,,,-1.74936843127729,,-2.39940580726145,,-0.566235711868937,,,,,,,-2.14109694594339,,,,,,114.176,103,953.999241823183,341.122997241037,905.997776904194,1053.71165048544,854.286833160928,346.953398058252,335.292596423821,924.873786407767,887.121767400621,1
224.9728,0.630109823692249,-0.886524194039038,,-1.37784567347685,-1.75192952484116,,,,-2.08723978508284,,-0.100417986686049,,0.261348571624317,,,,,,,,,,,,,-0.0433263068451786,,,0.289718905196115,0.901116907978708,,,,,-1.73492496769671,,-2.38710938461422,,-0.584823559846897,,,,,,,-2.14494692967496,,,,,,114.2784,102,957.103168925321,350.190690548423,927.843820356575,1063.18823529412,851.018102556524,358.505882352941,341.875498743904,962.264705882353,893.422934830797,1
225.0752,0.640521327461654,-0.889712975838668,,-1.39672929820549,-1.76222627663154,,,,-2.09894963171078,,-0.116696744383468,,0.281989721185692,,,,,,,,,,,,,-0.0366454128056938,,,0.291076246353253,0.89654805565223,,,,,-1.71806807560875,,-2.37300986655953,,-0.604114589704327,,,,,,,-2.14834037891891,,,,,,114.3808,103,949.046530636254,369.455414124226,944.138750159612,1050.34368932039,847.749371952121,390.452427184466,348.458401063987,988.553398058252,899.724102260973,1
225.1776,0.651830554225535,-0.895839130739845,,-1.41496980060769,-1.77326335773797,,,,-2.10998092649217,,-0.131521003931853,,0.302211152683818,,,,,,,,,,,,,-0.032511066751126,,,0.29276461910047,0.891219882019659,,,,,-1.69881573349814,,-2.35711664019388,,-0.62407099093213,,,,,,,-2.15123669912564,,,,,,114.4832,102,943.143261850329,381.970651692035,969.50773288479,1041.80588235294,844.480641347717,408.9,355.04130338407,1032.99019607843,906.025269691148,1
225.28,0.663975814413033,-0.904871302161505,,-1.43258250705386,-1.78500690644414,,,,-2.1203615752751,,-0.144841517264995,,0.32198401689384,,,,,,,,,,,,,-0.0309254102527086,,,0.294763206742565,0.885120553975617,,,,,-1.67719036204769,,-2.33944033462593,,-0.644648358254079,,,,,,,-2.15359416935423,,,,,,114.5856,102,938.763437689247,384.46761562021,961.775300840005,1036.29901960784,841.227855770652,407.343137254902,361.592093985518,1011.25490196078,912.295699719226,1
225.3824,0.676889868114104,-0.916766777060292,,-1.44957977156219,-1.79741653299799,,,,-2.13011853922212,,-0.156612747106111,,0.341282000973302,,,,,,,,,,,,,-0.0318812960536912,,,0.297050939168933,0.878238909486232,,,,,-1.65321891836787,,-2.31999301375147,,-0.665795896275827,,,,,,,-2.15537009746529,,,,,,114.688,103,934.898980058852,393.55254669649,953.264452992177,1031.83883495146,837.959125166248,418.930097087379,368.174996305601,987.932038834951,918.596867149401,1
225.4848,0.690500317869105,-0.931471637032532,,-1.46597096947877,-1.81044559677076,,,,-2.13927766998019,,-0.166792985608322,,0.360081476586571,,,,,,,,,,,,,-0.0353623649167258,,,0.299606505152216,0.870564572592905,,,,,-1.62693298441441,,-2.29878837603453,,-0.687456652160421,,,,,,,-2.15652098039879,,,,,,114.7904,102,887.721667869158,459.181400293234,970.502938858416,940.752941176471,834.690394561844,543.604901960784,374.757898625683,1016.10784313726,924.898034579577,1
225.5872,0.70473002590606,-0.948920937872387,,-1.48176251996052,-1.82404151730625,,,,-2.14786355901997,,-0.175344457679218,,0.378361637846832,,,,,,,,,,,,,-0.0413431598201886,,,0.302408362190426,0.862088063321495,,,,,-1.59836885307655,,-2.27584195056276,,-0.709567784522419,,,,,,,-2.15700266653873,,,,,,114.8928,103,890.787531007847,459.946128628223,948.449115567983,950.153398058252,831.421663957441,538.55145631068,381.340800945766,965.699029126214,931.199202009753,1
225.6896,0.719497560990383,-0.969038926472791,,-1.49695793872374,-1.83814613014819,,,,-2.15589938221795,,-0.182233417328212,,0.396104601464739,,,,,,,,,,,,,-0.0497892783850418,,,0.305434748240128,0.852800905050204,,,,,-1.56756761566567,,-2.25117128443367,,-0.73206087879333,,,,,,,-2.15677052222813,,,,,,114.9952,102,893.106368637303,457.491753593709,924.333518053298,958.059803921569,828.152933353037,527.059803921569,387.923703265849,911.166666666667,937.500369439929,1
225.792,0.734717676046164,-0.991739303350407,,-1.51155792878731,-1.85269608689892,,,,-2.16340673158165,,-0.187430243278535,,0.41329546134492,,,,,,,,,,,,,-0.0606575656985467,,,0.308663695801845,0.842695732232111,,,,,-1.53457525080151,,-2.22479612964472,,-0.754862311829381,,,,,,,-2.15577961748197,,,,,,115.0976,102,1028.24174055465,433.257835168943,882.238340910474,1231.58333333333,824.900147775972,472.041176470588,394.474493867297,820.705882352941,943.770799468007,1
225.8944,0.750301806642511,-1.01692552905985,,-1.52556052089212,-1.86762327871552,,,,-2.17040544130237,,-0.190909542853902,,0.429922313091502,,,,,,,,,,,,,-0.0738963504091914,,,0.312073046485553,0.831766401233663,,,,,-1.49944270523268,,-2.19673864714538,,-0.777893661059919,,,,,,,-2.15398495429394,,,,,,115.2,103,1167.06410333424,405.932474020433,869.700176961889,1512.49678949691,821.631417171568,410.807551853486,401.05739618738,789.328387025596,950.071966898182,1
225.9968,0.766158572207758,-1.04449116444746,,-1.53896126469932,-1.88285525416593,,,,-2.17691342089278,,-0.192650276721779,,0.445976273145814,,,,,,,,,,,,,-0.0894457252704747,,,0.315640465345857,0.820008105801491,,,,,-1.46222594872544,,-2.16702363431421,,-0.801072149681488,,,,,,,-2.15134174751415,,,,,,115.3024,102,1139.80189252601,416.123416299186,884.654843679331,1461.24109848485,818.362686567164,424.606534090909,407.640298507463,812.936553030303,956.373134328358,1
226.0992,0.782194266066226,-1.07432023283705,,-1.55175345466262,-1.89831561371877,,,,-2.18294650552258,,-0.192635915010444,,0.461451508339839,,,,,,,,,,,,,-0.107237863591691,,,0.319343456973023,0.807417497922783,,,,,-1.42298599114973,,-2.13567875971743,,-0.824311120133284,,,,,,,-2.14780574121974,,,,,,115.4048,103,1093.30436434502,432.664157231955,907.703628151994,1371.51477272727,815.09395596276,451.105113636364,414.223200827546,852.732954545455,962.674301758534,1
226.2016,0.798313333049329,-1.10628759803021,,-1.56392836777062,-1.91392438368974,,,,-2.18851832981015,,-0.190854624876347,,0.476345277090188,,,,,,,,,,,,,-0.127197354761611,,,0.323159384564501,0.793992812780315,,,,,-1.38178886668679,,-2.1027347839753,,-0.847520529251108,,,,,,,-2.1433335331917,,,,,,115.5072,102,1046.80683616403,449.204898164723,930.752412624658,1281.7884469697,811.825225358357,477.603693181818,420.806103147628,892.529356060606,968.97546918871,1
226.304,0.814418841380307,-1.14025936252271,,-1.57547549623518,-1.92959838547777,,,,-2.19364022774337,,-0.187299476891402,,0.490657974086162,,,,,,,,,,,,,-0.149241545930842,,,0.327065489040744,0.779733992934734,,,,,-1.33870560073886,,-2.06822576028007,,-0.87060745707619,,,,,,,-2.13788289398179,,,,,,115.6096,102,1000.53612519368,465.664952556356,953.688764002333,1192.49981060606,808.572439781292,503.973011363636,427.356893749076,932.131628787879,975.245899216787,1
226.4064,0.83041295582606,-1.17609329514804,,-1.58638276898897,-1.94525161516276,,,,-2.19832115667282,,-0.181968651636293,,0.50439316562272,,,,,,,,,,,,,-0.173280886721961,,,0.331038903398986,0.764642806260361,,,,,-1.2938121733535,,-2.0321892201587,,-0.89347661964532,,,,,,,-2.13141308194472,,,,,,115.712,103,954.038597012686,482.205693489125,976.737548474997,1102.77348484848,805.303709176888,530.471590909091,433.939796069159,971.92803030303,981.547066646963,1
226.5088,0.84619741611853,-1.21363928734414,,-1.59663676423672,-1.96079563812622,,,,-2.20256763897894,,-0.17486562919852,,0.51755759833089,,,,,,,,,,,,,-0.199219275594216,,,0.335056660955816,0.748722955309287,,,,,-1.2471894840322,,-1.99466634796199,,-0.916030877521137,,,,,,,-2.12388515588019,,,,,,115.8144,102,924.42849827317,493.595571008347,1000.51061622158,1046.82201797386,802.034978572484,546.668443627451,440.522698389242,1013.17299836601,987.848234077139,1
226.6112,0.861674018481066,-1.25273982192178,,-1.60622291710137,-1.97613999036276,,,,-2.20638371710657,,-0.165999353736374,,0.530161162612094,,,,,,,,,,,,,-0.22695440001357,,,0.339095701535284,0.731980178685384,,,,,-1.19892331351296,,-1.95570213836411,,-0.93817173861464,,,,,,,-2.1152622795927,,,,,,115.9168,103,903.544289032584,489.070276082818,1005.20091434589,1008.32233009709,798.76624796808,531.034951456311,447.105600709325,1016.25242718447,994.149401507315,1
226.7136,0.876745093314801,-1.29323043723823,,-1.61512572507675,-1.99119257219145,,,,-2.20977092533696,,-0.155384379598335,,0.54221680143056,,,,,,,,,,,,,-0.256378060173746,,,0.343132880414172,0.714422345806762,,,,,-1.14910427460504,,-1.91534552653963,,-0.959799861019654,,,,,,,-2.10551001207449,,,,,,116.0192,102,899.264444956348,500.673173083331,1003.58802956678,1003.03137254902,795.497517363677,547.657843137255,453.688503029407,1006.72549019608,1000.45056893749,1
226.816,0.891313977754515,-1.3349401828383,,-1.6233289529068,-2.00586002814809,,,,-2.21272828492546,,-0.143041010041559,,0.55374037026379,,,,,,,,,,,,,-0.287376471830291,,,0.347144979140461,0.696059545799832,,,,,-1.09782774559382,,-1.87364948480315,,-0.98081556047847,,,,,,,-2.09459658354786,,,,,,116.1216,102,898.286091383502,500.854450736996,996.130107325921,1004.32745098039,792.244731786612,541.469607843137,460.239293630856,985.539215686275,1006.72099896557,1
226.9184,0.905285493714972,-1.37769207564294,,-1.63081583451934,-2.02004812369945,,,,-2.21525232739808,,-0.128995435540504,,0.564750459392838,,,,,,,,,,,,,-0.319830551169825,,,0.351108712204623,0.676904169943672,,,,,-1.04519378096483,,-1.83067108580754,,-1.00111932333859,,,,,,,-2.08249315789948,,,,,,116.224,103,895.746253018288,493.90818535411,977.142151159037,1002.51650485437,788.976001182208,520.994174757282,466.822195950938,941.26213592233,1013.02216639574,1
227.0208,0.918566443341068,-1.42130357545469,,-1.63756926553081,-2.03366213930589,,,,-2.21733715046116,,-0.113279881718986,,0.575268185750914,,,,,,,,,,,,,-0.353616191924037,,,0.355000725205695,0.656970985614763,,,,,-0.991306995202299,,-1.78647153421961,,-1.02061232861538,,,,,,,-2.06917407552006,,,,,,116.3264,102,895.90118430851,482.678529527667,965.524412010999,1006.09509803922,785.707270577804,491.951960784314,473.405098271021,911.725490196078,1019.32333382592,1
227.1232,0.931066119576647,-1.46558710474252,,-1.64357198245891,-2.04660729636398,,,,-2.21897450899533,,-0.0959327810279322,,0.585316962193731,,,,,,,,,,,,,-0.388604554674051,,,0.358797586418826,0.636277197647745,,,,,-0.936276417199643,,-1.74111616625195,,-1.03919698511521,,,,,,,-2.05461706958365,,,,,,116.4288,103,898.853250569225,468.227980878076,965.50642538533,1015.26796116505,782.4385399734,456.467961165049,479.988000591104,905.388349514563,1025.6245012561,1
227.2256,0.942696813150563,-1.51035063114925,,-1.64880672889618,-2.05878921231507,,,,-2.22015393733947,,-0.0769989714534753,,0.594922259408179,,,,,,,,,,,,,-0.424662393116565,,,0.362475778920534,0.614842491492134,,,,,-0.880215315136769,,-1.69467441222218,,-1.05677748431489,,,,,,,-2.03880345243612,,,,,,116.5312,102,898.106963508028,467.430059298731,974.203030421567,1017.04411764706,779.169809368997,448.289215686275,486.570902911187,916.480392156863,1031.92566868627,1
227.328,0.953374289523672,-1.55539830931885,,-1.6532564076,-2.07011436229888,,,,-2.22086289517488,,-0.0565299045100928,,0.604111378177586,,,,,,,,,,,,,-0.46165243066907,,,0.366011701009325,0.592689054407101,,,,,-0.823240994433901,,-1.64721971387032,,-1.07326035993159,,,,,,,-2.02171826716415,,,,,,116.6336,102,895.987433464593,469.958395775925,974.754912102273,1016.05784313725,775.917023791931,446.795098039216,493.121693512635,911.313725490196,1038.19609871435,1
227.4304,0.963018215015366,-1.60053115766401,,-1.65690421807159,-2.08049051646533,,,,-2.22108692909653,,-0.0345838304940033,,0.612913239121227,,,,,,,,,,,,,-0.499433779554693,,,0.369381679003344,0.569841573961134,,,,,-0.765474570464413,,-1.59882938790613,,-1.08855503621428,,,,,,,-2.00335039625443,,,,,,116.736,103,727.69938931221,513.305210537718,953.049603946049,682.750485436893,772.648293187528,526.905825242719,499.704595832718,861.601941747573,1044.49726614452,1
227.5328,0.971552531528403,-1.64554774741748,,-1.65973378688741,-2.08982713887847,,,,-2.22080984098243,,-0.0112259332350038,,0.621358179353374,,,,,,,,,,,,,-0.537862386447868,,,0.372561991865506,0.546327212476627,,,,,-0.707040708560729,,-1.54958443228901,,-1.10257435036183,,,,,,,-1.98369262605172,,,,,,116.8384,102,685.460369526856,520.869729468557,941.948236395194,601.541176470588,769.379562583124,535.451960784314,506.2874981528,833.098039215686,1050.7984335747,1
227.6352,0.97890579903137,-1.69024490667445,,-1.66172930308981,-2.09803576347773,,,,-2.22001385328597,,0.0134715928601645,,0.629477734539196,,,,,,,,,,,,,-0.576791501688572,,,0.37552890408219,0.52217555367008,,,,,-0.64806730961393,,-1.49956927868314,,-1.11523505451687,,,,,,,-1.96274167834239,,,,,,116.9408,103,684.535027639846,518.260928391781,960.76824710438,602.959223300971,766.11083197872,523.65145631068,512.870400472883,864.436893203884,1057.09960100488,1
227.7376,0.985011524536833,-1.73441846221134,,-1.66287566736836,-2.10503037434365,,,,-2.21867976267632,,0.0394295100446377,,0.637304388569007,,,,,,,,,,,,,-0.616072183895402,,,0.378258703423272,0.497418517551168,,,,,-0.588685113526125,,-1.44887149571069,,-1.12645831725681,,,,,,,-1.94049822307042,,,,,,117.0432,102,688.097521275394,513.672239631777,995.641560688115,613.352941176471,762.842101374317,507.891176470588,519.453302792966,927.882352941177,1063.40076843505,1
227.84,0.989808479596013,-1.77786403319621,,-1.6631586560671,-2.11072780216952,,,,-2.21678707667736,,0.0665615333189917,,0.644871290108074,,,,,,,,,,,,,-0.655553851293468,,,0.380727742410992,0.472090241187454,,,,,-0.529027208717641,,-1.39758144516241,,-1.13617023370396,,,,,,,-1.91696687705827,,,,,,117.1456,102,690.849069663332,516.531948657991,1037.00716785902,622.108823529412,759.589315797251,507.059803921569,526.004093394414,1004.3431372549,1069.67119846313,1
227.9424,0.993240995145137,-1.8203778685178,,-1.66256509134095,-2.11504812676806,,,,-2.21431413194794,,0.0947743627810855,,0.652211953650294,,,,,,,,,,,,,-0.695084878774667,,,0.38291248247765,0.446226924744968,,,,,-0.46922846556901,,-1.34579189545323,,-1.14430233138157,,,,,,,-1.89215618326533,,,,,,117.248,103,854.021943081861,478.265342517443,1055.11725090782,951.723300970874,756.320585192848,423.943689320388,532.586995714497,1034.26213592233,1075.97236589331,1
228.0448,0.995259220547245,-1.86175771092832,,-1.66108300140535,-2.11791506682192,,,,-2.21123819558067,,0.123967786998927,,0.659359965918209,,,,,,,,,,,,,-0.734513230791319,,,0.384789538126913,0.419866643280845,,,,,-0.409424926424115,,-1.29359760084519,,-1.15079204944169,,,,,,,-1.86607856050816,,,,,,117.3504,102,876.509750823634,474.431517644741,1094.01421764213,999.967647058824,753.051854588444,409.693137254902,539.16989803458,1105.75490196078,1082.27353332348,1
228.1472,0.995819337754991,-1.90180367926487,,-1.65870175853065,-2.11925634337996,,,,-2.20753555101287,,0.154034895999938,,0.666348705726856,,,,,,,,,,,,,-0.773687123937026,,,0.38633571911307,0.393049124203102,,,,,-0.349753173089786,,-1.24109485423011,,-1.15558317466434,,,,,,,-1.83875021621003,,,,,,117.4528,103,838.020582675853,482.454513305233,1117.61006038105,926.258041367666,749.78312398404,419.156226255804,545.752800354662,1146.64542000844,1088.57470075366,1
228.2496,0.994883728331493,-1.94031917107317,,-1.65541219366122,-2.11900401387625,,,,-2.2031815688511,,0.184862425694941,,0.673211073357857,,,,,,,,,,,,,-0.812455722667485,,,0.387528071568722,0.365815489033486,,,,,-0.290349672081242,,-1.18838101611604,,-1.15862622881496,,,,,,,-1.81019102053722,,,,,,117.5552,102,729.604569878224,495.038050612735,1121.94155728032,712.694746376812,746.514393379636,437.740398550725,552.335702674745,1149.00724637681,1094.87586818383,1
228.352,0.992421098835883,-1.97711179325229,,-1.65120669295268,-2.11709478189889,,,,-2.19815076183343,,0.216331238792107,,0.679979223652168,,,,,,,,,,,,,-0.850669874742178,,,0.3883439205778,0.338207958563183,,,,,-0.231350086521142,,-1.13555401790916,,-1.15987881331029,,,,,,,-1.78042434402459,,,,,,117.6576,102,621.699958845872,508.898825282598,1127.23384816819,500.138309889173,743.261607802571,458.911157289003,558.886493276193,1153.32139812447,1101.14629821191,1
228.4544,0.988406574473452,-2.01199432135204,,-1.64607928140544,-2.11347028907959,,,,-2.19241682467969,,0.248316931349367,,0.686684299471923,,,,,,,,,,,,,-0.888182884070635,,,0.388760916531248,0.310269525916941,,,,,-0.172888549159727,,-1.08271183913406,,-1.15930592551037,,,,,,,-1.74947686458744,,,,,,117.76,103,584.440613356365,536.987610419497,1186.46159689871,428.888349514563,739.992877198168,508.505825242719,565.469395596276,1265.47572815534,1107.44746564209,1
228.5568,0.982821768759036,-2.04478566721141,,-1.64002569789259,-2.10807738844614,,,,-2.1859526654448,,0.280690532358159,,0.693356163139071,,,,,,,,,,,,,-0.924851300253107,,,0.388757086943976,0.282043612972672,,,,,-0.11509691256597,,-1.02995196848423,,-1.15688025977081,,,,,,,-1.71737835680122,,,,,,117.8624,102,443.538543885117,575.139874448376,1255.22235575182,150.352941176471,736.724146593764,578.227450980392,572.052297916359,1396.69607843137,1113.74863307226,1
228.6592,0.975654829995038,-2.07531181715211,,-1.63304346403831,-2.10086839109661,,,,-2.17873044167084,,0.313319248970849,,0.700023125477171,,,,,,,,,,,,,-0.960535689263352,,,0.388310893551094,0.253573733948157,,,,,-0.0581040130952323,,-0.97737087029425,,-1.15258249324371,,,,,,,-1.6841614823896,,,,,,117.9648,103,291.593727412156,595.313716623075,1274.90354102792,-150.267961165049,733.45541598936,611.992233009709,578.635200236442,1429.7572815534,1120.04980050244,1
228.7616,0.966900459061085,-2.10340670785753,,-1.62513194483362,-2.09180127725224,,,,-2.17072161535357,,0.34606721779121,,0.706711678729677,,,,,,,,,,,,,-0.99510135248904,,,0.387401291986201,0.224903185762065,,,,,-0.00203498395147509,,-0.925063478491467,,-1.14640154072069,,,,,,,-1.64986159932522,,,,,,118.0672,102,350.998734849341,600.998757160615,1287.1460722016,-28.1892156862745,730.186685384956,616.779411764706,585.218102556524,1447.94117647059,1126.35096793261,1
228.864,0.956559891235522,-2.12891302604948,,-1.61629239692458,-2.08083986680904,,,,-2.1618970344525,,0.378796244670186,,0.71344624906768,,,,,,,,,,,,,-1.0284189788083,,,0.386007791069254,0.196074771867473,,,,,0.0529893656677237,,-0.873122728475154,,-1.13833475715411,,,,,,,-1.6145165971285,,,,,,118.1696,102,725.224793041201,595.283956382908,1303.50187545093,723.51568627451,726.933899807891,598.799019607843,591.768893157973,1474.38235294118,1132.62139796069,1
228.9664,0.944640836943856,-2.15168293066102,,-1.60652800421444,-2.0679539483327,,,,-2.15222704143685,,0.411366532488085,,0.720248988369165,,,,,,,,,,,,,-1.06036523017295,,,0.384110511242008,0.167130558530994,,,,,0.106853100393717,,-0.821639126566448,,-1.12838807193747,,,,,,,-1.57816675543536,,,,,,118.272,103,585.1214195532,616.302111331261,1267.55351570514,446.577669902913,723.665169203488,634.252427184466,598.351795478055,1396.18446601942,1138.92256539087,1
229.0688,0.931157380622656,-2.17157869864499,,-1.59584390287197,-2.05311936795709,,,,-2.14168160584974,,0.443637402695025,,0.727139614002568,,,,,,,,,,,,,-1.09082326556577,,,0.381690244167441,0.138111662903731,,,,,0.159445634034357,,-0.77070035378305,,-1.11657604976338,,,,,,,-1.54085461921459,,,,,,118.3744,102,561.860474201503,628.724701840246,1276.20500366542,403.324509803922,720.396438599084,652.514705882353,604.934697798138,1407.1862745098,1145.22373282104,1
229.1712,0.91612984179738,-2.18847329596211,,-1.58424719566145,-2.03631808192084,,,,-2.13023047768231,,0.475468014627299,,0.734135284351696,,,,,,,,,,,,,-1.11968320597266,,,0.37872851568456,0.109058071815222,,,,,0.210662133139844,,-0.720390901146524,,-1.10292188537158,,,,,,,-1.50262488561946,,,,,,118.4768,103,583.934242346855,617.181615593091,1270.25759575668,450.740776699029,717.12770799468,622.845631067961,611.517600118221,1388.99029126214,1151.52490025122,1
229.2736,0.899584604479588,-2.20225087676086,,-1.57174695546273,-2.01753817733146,,,,-2.11784336045724,,0.506718080059742,,0.741250489247942,,,,,,,,,,,,,-1.14684254275863,,,0.375207652343139,0.0800084876192864,,,,,0.260403860662359,,-0.670791735116286,,-1.08745734547528,,,,,,,-1.46352430019475,,,,,,118.5792,102,593.691743597099,627.923780630917,1277.38362207599,473.524509803922,713.858977390276,637.747058823529,618.100502438304,1396.94117647059,1157.8260676814,1
229.376,0.881553919658551,-2.21280721572802,,-1.55835422185307,-1.99677386603669,,,,-2.10449010477161,,0.537248567699456,,0.748496946162201,,,,,,,,,,,,,-1.17220649534637,,,0.37111084942268,0.0510001993903394,,,,,0.308578469602792,,-0.621979995665823,,-1.07022266621371,,,,,,,-1.42360156396921,,,,,,118.6816,102,533.695742965429,725.242803382621,1267.22962140376,356.785294117647,710.606191813211,825.83431372549,624.651293039752,1370.36274509804,1164.09649770947,0.558823529411765
229.4784,0.862075687076275,-2.22005008260257,,-1.54408199469848,-1.97402546032183,,,,-2.09014091969987,,0.566922396909736,,0.755883503363205,,,,,,,,,,,,,-1.19568832738117,,,0.366422237918675,0.0220689826064619,,,,,0.355100249581357,,-0.574028731435763,,-1.05126641170226,,,,,,,-1.38290725480329,,,,,,118.784,103,548.239604390812,730.270981175063,1263.05320150186,389.141747572816,707.337461208808,829.307766990291,631.234195359834,1355.70873786408,1170.39766513965,0
229.5808,0.84119322519292,-2.22389956975662,,-1.52894522393541,-1.94929934079047,,,,-2.07476659505367,,0.595605122056038,,0.763416051406076,,,,,,,,,,,,,-1.21720962921512,,,0.361126949967531,-0.00675097048063186,,,,,0.399890330550561,,-0.52700667070451,,-1.03064530245355,,,,,,,-1.34149376145721,,,,,,118.8864,102,461.819659419849,726.028646879174,1276.93765157903,219.570588235294,704.068730604404,814.240196078431,637.817097679917,1377.17647058824,1176.69883256982,0.0980392156862745
229.6832,0.818955032570774,-2.2242883760843,,-1.51296079491362,-1.9226079165401,,,,-2.05833873205224,,0.623165603729643,,0.771097450754052,,,,,,,,,,,,,-1.23670056830264,,,0.355211184314505,-0.0354270945908654,,,,,0.442876851228452,,-0.480978020235715,,-1.00842401587965,,,,,,,-1.29941522085815,,,,,,118.9888,103,285.342166080106,715.474464670782,1392.43924470697,-131.166990291262,701.851322451474,786.545631067961,644.403298273604,1598.73786407767,1186.14062533626,0
229.7856,0.795414534153611,-2.22116204186161,,-1.49614751329791,-1.89396956618124,,,,-2.04082998805885,,0.649476659595186,,0.778927493733265,,,,,,,,,,,,,-1.25410010472786,,,0.348662273846432,-0.0639284792095427,,,,,0.483995097239319,,-0.436002286447475,,-0.984674948106414,,,,,,,-1.25672744621129,,,,,,119.0912,102,-93.189705882353,633.177941176471,1982.89215686275,-889.133333333333,702.753921568628,616.227450980392,650.128431372549,2755.73529411765,1210.04901960784,0
229.888,0.770629805192569,-2.21447913202044,,-1.47852609219045,-1.86340855015777,,,,-2.02221433998513,,0.674415692647076,,0.786902914445581,,,,,,,,,,,,,-1.2693561714482,,,0.341468756538905,-0.0922258886265025,,,,,0.52318760898874,,-0.392134121229811,,-0.959477925749141,,,,,,,-1.21348783793248,,,,,,119.1936,102,-118.277941176471,632.68431372549,2023.25490196078,-910.36568627451,673.809803921569,611.236274509804,654.132352941176,2815.67647058824,1230.83333333333,0
229.9904,0.744663268745556,-2.20421136593796,,-1.46011914179879,-1.8309548878661,,,,-2.00246736425392,,0.697865302504407,,0.795017447993767,,,,,,,,,,,,,-1.28242582075805,,,0.333620450141388,-0.120291774573047,,,,,0.56040425143875,,-0.349423198955348,,-0.932919860557065,,,,,,,-1.16975527569184,,,,,,119.296,103,-429.826213592233,663.71067961165,2082.44660194175,-1198.1640776699,338.511650485437,619.73786407767,707.683495145631,2873.26213592233,1291.63106796117,0
230.0928,0.717581358421585,-2.19034367970373,,-1.44095116926437,-1.79664418557645,,,,-1.98156652821756,,0.719713885083563,,0.803261939082384,,,,,,,,,,,,,-1.29327533576746,,,0.325108529419036,-0.148100274295706,,,,,0.595602229907828,,-0.307914130594838,,-0.905094335392126,,,,,,,-1.12558999414206,,,,,,119.3984,102,-351.079411764706,694.053921568627,2003.69117647059,-1026.02352941176,323.864705882353,703.693137254902,684.414705882353,2713.82352941176,1293.55882352941,0
230.1952,0.689454135836282,-2.17287420568599,,-1.42104860222895,-1.76051740246198,,,,-1.95949148776256,,0.739856217288403,,0.811624501724262,,,,,,,,,,,,,-1.30188030720709,,,0.315925603450535,-0.175627189573518,,,,,0.628746045194792,,-0.267646417836582,,-0.876101112836298,,,,,,,-1.08105344870019,,,,,,119.5008,103,-284.808737864078,727.205825242718,1951.55339805825,-897.749514563107,328.132038834952,778.234951456311,676.176699029126,2612.05825242718,1291.04854368932,0
230.2976,0.660354860672198,-2.15181417313308,,-1.40043984181983,-1.72262055879573,,,,-1.93622438660691,,0.758194016381001,,0.820090725464834,,,,,,,,,,,,,-1.30822568100208,,,0.306065790669947,-0.202849952480711,,,,,0.659807404528103,,-0.228654445649433,,-0.846045574097861,,,,,,,-1.03620817978335,,,,,,119.6032,102,-410.00931372549,695.439215686275,2105.72549019608,-1152.27352941176,332.254901960784,712.198039215686,678.680392156863,2925.57843137255,1285.87254901961,0
230.4,0.63035951647224,-2.12718774225428,,-1.37915533901306,-1.68300439565991,,,,-1.91175015621172,,0.774636464276939,,0.828643922516304,,,,,,,,,,,,,-1.31230577923398,,,0.295524790802589,-0.229747586272932,,,,,0.688765111661965,,-0.190967506456816,,-0.815038099959609,,,,,,,-0.991117679000419,,,,,,119.7056,102,-88.8637254901962,716.697549019608,1921.54411764706,-644.446078431373,466.71862745098,759.81862745098,673.576470588235,2559.19607843137,1283.89215686275,0
230.5024,0.599546294438086,-2.0990317767458,,-1.35722768092414,-1.64172398847967,,,,-1.88605681618248,,0.789100692383531,,0.837265415695237,,,,,,,,,,,,,-1.31412428928193,,,0.284299953720556,-0.256300662218311,,,,,0.715604945004423,,-0.154609845290213,,-0.78319339678402,,,,,,,-0.945846252573804,,,,,,119.808,103,490.676703142998,707.672628352806,1549.78552328452,113.353398058253,868.000008227744,776.004854368932,639.340402336679,1829.16504854369,1270.40599802534,0
230.6048,0.567995047604627,-2.0673955633234,,-1.33469166462747,-1.59883832698184,,,,-1.85913576729204,,0.801512226278475,,0.845934857401007,,,,,,,,,,,,,-1.31369421385245,,,0.272390345586064,-0.282491246722141,,,,,0.740319519216733,,-0.119600716388145,,-0.750629779463215,,,,,,,-0.900458875334355,,,,,,119.9104,102,481.158171319375,736.215950066467,1527.25787221668,75.3049019607844,887.011440677966,796.410784313726,676.021115819209,1804.72549019608,1249.79025423729,0.274509803921569
230.7072,0.53578674382626,-2.0323404987865,,-1.31158432981285,-1.55440989419134,,,,-1.83098206184812,,0.811805389464127,,0.854630549816025,,,,,,,,,,,,,-1.31103777688596,,,0.259796814164517,-0.3083028314481,,,,,0.762908121649043,,-0.0859544459591371,,-0.717468443802886,,,,,,,-0.855021033411269,,,,,,120.0128,103,546.907100543031,778.392701991114,1720.32047062695,193.165048543689,900.649152542373,884.571844660194,672.213559322034,2201.70873786408,1238.93220338983,1
230.8096,0.503002945631602,-1.99393976132734,,-1.28794492740218,-1.50850427432353,,,,-1.80159464071867,,0.819923665914321,,0.863329733633904,,,,,,,,,,,,,-1.30618628100311,,,0.24652205665992,-0.333720240242869,,,,,0.78337651715784,,-0.0536804969323795,,-0.683832760334091,,,,,,,-0.809598557446605,,,,,,120.1152,102,574.620883183782,738.703001412429,1623.24786058491,234.954901960784,914.28686440678,809,668.406002824859,2018.42156862745,1228.07415254237,1
230.912,0.469725330876223,-1.95227796867408,,-1.26381481283998,-1.4611898001419,,,,-1.77097653515829,,0.825820020978053,,0.872008827274467,,,,,,,,,,,,,-1.29917991148627,,,0.232570692469926,-0.358729510487656,,,,,0.801736720286034,,-0.0227835302663161,,-0.649847602772456,,,,,,,-0.76425744664788,,,,,,120.2176,102,531.838339149219,702.875176553672,1688.67865154536,135.81862745098,927.858050847458,741.133333333333,664.617019774011,2160.08823529412,1217.26906779661,1
231.0144,0.436035258259686,-1.90745082023637,,-1.23923726180286,-1.4125372406861,,,,-1.73913503156984,,0.829457175426897,,0.880643612649181,,,,,,,,,,,,,-1.29006748338143,,,0.21794934103375,-0.383317751025483,,,,,0.818006737239744,,0.00673653984975975,,-0.61563871223762,,,,,,,-0.719063680672407,,,,,,120.32,103,564.422153200593,713.232401541331,1677.14240167846,187.34854368932,941.495762711864,765.655339805825,660.809463276836,2147.87378640777,1206.41101694915,1
231.1168,0.402013376685271,-1.85956472155065,,-1.21425721407373,-1.36261952817783,,,,-1.70608179244717,,0.83080782563223,,0.889209373834498,,,,,,,,,,,,,-1.27890613384512,,,0.202666703650147,-0.407472981679223,,,,,0.832210281586112,,0.0348844949172193,,-0.58133209491962,,,,,,,-0.674083015487731,,,,,,120.4224,102,519.958894150881,725.090659272183,1766.06569873712,84.7843137254902,955.133474576271,793.179411764706,657.001906779661,2336.57843137255,1195.55296610169,1
231.2192,0.36773926956952,-1.80873638638205,,-1.18892095774278,-1.31151151520528,,,,-1.67183292785652,,0.829854810717398,,0.89768100354368,,,,,,,,,,,,,-1.26576096870424,,,0.186733647257085,-0.431183961529526,,,,,0.844376470225247,,0.0616697631447735,,-0.547053445469518,,,,,,,-0.629380760044503,,,,,,120.5248,103,469.84481652131,737.148631451923,1835.74066151061,-29.0815533980583,968.771186440678,821.102912621359,653.194350282486,2486.78640776699,1184.69491525424,1
231.3216,0.333291120072199,-1.75509240763739,,-1.16327576665255,-1.25928974681422,,,,-1.63640901749675,,0.826591235438263,,0.906033092506308,,,,,,,,,,,,,-1.25070467637065,,,0.17016328679211,-0.454440014346761,,,,,0.854539506215088,,0.0871063722748876,,-0.512927584263214,,,,,,,-0.58502153172478,,,,,,120.6272,102,490.396115819209,743.630161598538,1839.42333416417,-1.61666666666666,982.408898305085,837.873529411765,649.386793785311,2505.00980392157,1173.83686440678,1
231.424,0.298745388377957,-1.69876879053313,,-1.13736949853652,-1.20603223749078,,,,-1.59983508515013,,0.821020557471085,,0.914240005952855,,,,,,,,,,,,,-1.23381712211226,,,0.152971062211182,-0.477230857905706,,,,,0.862738349395112,,0.111212902380425,,-0.47907790248263,,,,,,,-0.54106899073058,,,,,,120.7296,102,517.078767863077,734.331258308408,1827.37373296776,38.1774509803922,995.980084745763,823.064705882353,645.597810734463,2491.71568627451,1163.03177966102,1
231.5264,0.264176501070682,-1.63991044759908,,-1.11125015411164,-1.15181825324771,,,,-1.56214052429336,,0.813156645635045,,0.92227593900784,,,,,,,,,,,,,-1.21518493139083,,,0.135174807535198,-0.499546440859985,,,,,0.869016370542671,,0.134012434615398,,-0.445625820257301,,,,,,,-0.497585554295383,,,,,,120.832,103,432.347247819648,740.97182614777,1940.42181586309,-144.923300970874,1009.61779661017,840.153398058252,641.790254237288,2728.66990291262,1152.17372881356,1
231.6288,0.229656555752125,-1.57867065897131,,-1.08496539586508,-1.096728103458,,,,-1.52335897193782,,0.803023815048774,,0.930114942601152,,,,,,,,,,,,,-1.19490106492188,,,0.116794810634457,-0.521376789394317,,,,,0.873420987007063,,0.155532491426892,,-0.412690267738087,,,,,,,-0.454632091285672,,,,,,120.9344,102,582.514660931,731.058042582024,1426.49299787419,141.773813387424,1023.25550847458,824.133387423935,637.982697740113,1711.67031778229,1141.3156779661,0.294117647058824
231.7312,0.195255041189801,-1.51521050203473,,-1.05856203126566,-1.04084294371012,,,,-1.48352813377186,,0.790656843735626,,0.93773092802005,,,,,,,,,,,,,-1.17306438200181,,,0.0978538621279556,-0.542711865602607,,,,,0.876003285545446,,0.175804962135617,,-0.380387191620746,,,,,,,-0.412267602214646,,,,,,121.0368,103,661.653851548802,704.038949931814,1384.8219170076,286.414482758621,1036.89322033898,773.90275862069,634.175141242938,1639.18620689655,1130.45762711864,0.184466019417476
231.8336,0.161038569057471,-1.44969825042928,,-1.03208547199081,-0.984244581740814,,,,-1.44268957463113,,0.776100975994184,,0.945097675222838,,,,,,,,,,,,,-1.14977918034412,,,0.0783772911767001,-0.563541438774623,,,,,0.876817642439138,,0.194866005795143,,-0.34882907697784,,,,,,,-0.370548895968789,,,,,,121.1392,102,851.099431618937,665.659309614261,1300.3972019287,651.667931034483,1050.53093220339,700.951034482759,630.367584745763,1481.19482758621,1119.59957627119,0.686274509803922
231.936,0.127070614868813,-1.38230873557021,,-1.0055791824496,-0.927015273192511,,,,-1.40088849000719,,0.759411922849131,,0.95218886485839,,,,,,,,,,,,,-1.12515469457014,,,0.0583929867446783,-0.583854969098909,,,,,0.875921346119478,,0.212755927092295,,-0.318124471458831,,,,,,,-0.329530272388261,,,,,,121.2416,102,1028.39264874915,657.301290004508,1252.44767579446,985.479905341447,1071.30539215686,663.666713995943,650.935866013072,1386.16741041244,1118.72794117647,0
232.0384,0.0934112754740667,-1.31322266291836,,-0.979084126595193,-0.869237502441353,,,,-1.35817346427411,,0.740655868430835,,0.958978134141116,,,,,,,,,,,,,-1.09930454307584,,,0.0379314042865517,-0.603641500906656,,,,,0.873374219102892,,0.229519030191986,,-0.288377511918881,,,,,,,-0.289263211338172,,,,,,121.344,103,574.950970873787,740.649029126214,1769.76213592233,14.8592233009709,1135.0427184466,757.464077669903,723.833980582524,2384.07766990291,1155.44660194175,0
232.1408,0.0601170554003898,-1.24262588215884,,-0.952638215717632,-0.81099375517218,,,,-1.31459621726498,,0.719909476201068,,0.965439149416449,,,,,,,,,,,,,-1.07234613063324,,,0.0170255588594769,-0.622889561428436,,,,,0.869238234835238,,0.245203458318863,,-0.259687466660809,,,,,,,-0.24979606721789,,,,,,121.4464,102,477.019117647059,727.385825506673,1906.570975449,-193.623529411765,1147.66176470588,740.590196078431,714.181454934915,2634.1862745098,1178.9556763882,0
232.2432,0.0272406841716179,-1.17070861891036,,-0.926275760608353,-0.752366289238051,,,,-1.27021134976495,,0.697259870413713,,0.971545693915093,,,,,,,,,,,,,-1.04440002403597,,,-0.00428899440482317,-0.641587063807869,,,,,0.863577133730669,,0.259861018754423,,-0.232148304506859,,,,,,,-0.211173776286416,,,,,,121.5488,103,647.70145631068,746.177302765767,1822.05188871665,104.302912621359,1191.1,788.587378640777,703.767226890756,2462.27184466019,1181.83193277311,0.359223300970874
232.3456,-0.00516904577461491,-1.09766468165362,,-0.900026942286042,-0.693436905453539,,,,-1.22507610589182,,0.672804559514768,,0.977271770149566,,,,,,,,,,,,,-1.01558931511676,,,-0.0259741935670092,-0.659721218168028,,,,,0.85645605322163,,0.27354698495856,,-0.205848292025832,,,,,,,-0.173437591948413,,,,,,121.6512,102,733.597549019608,729.930231504367,1824.54819574889,225.294117647059,1241.90098039216,766.898039215686,692.962423793047,2466.64705882353,1182.44933267425,0
232.448,-0.0370674313827855,-1.02369065708557,,-0.873917325484439,-0.634286718899317,,,,-1.17925016617794,,0.646651274806806,,0.982591711216795,,,,,,,,,,,,,-0.986038978041742,,,-0.0479895202264534,-0.677278457193314,,,,,0.84794118889842,,0.286319869000044,,-0.180869618069757,,,,,,,-0.136624860374303,,,,,,121.7536,102,756.88431372549,751.087745098039,1813.76960784314,249.51568627451,1264.25294117647,813.23431372549,688.941176470588,2450.21568627451,1177.32352941176,0
232.5504,-0.0684140051269018,-0.948985098420991,,-0.847967438068804,-0.574995930502469,,,,-1.13279547561287,,0.618917714050078,,0.987480292057837,,,,,,,,,,,,,-0.955875221116053,,,-0.0702920705269916,-0.694244382136437,,,,,0.838099496565874,,0.298241164953142,,-0.157288051798818,,,,,,,-0.100768837516467,,,,,,121.856,103,738.736893203884,754.166019417476,1817.29611650485,214.801941747573,1262.67184466019,822.56213592233,685.769902912621,2482.10679611651,1152.4854368932,0
232.6528,-0.0991726753801462,-0.873747701475773,,-0.82219242960986,-0.515643595986852,,,,-1.08577610468539,,0.589731191830916,,0.99191283386853,,,,,,,,,,,,,-0.925224828977753,,,-0.0928366496767294,-0.710603733648727,,,,,0.826998436991449,,0.309375069687271,,-0.135172644169234,,,,,,,-0.0658985392631936,,,,,,121.9584,102,765.865807310579,776.390468409586,1749.45394577584,317.780392156863,1213.95122246429,862.466666666667,690.314270152505,2367.41176470588,1131.4961268458,0
232.7552,-0.129311865521741,-0.798178458585517,,-0.796601812343003,-0.456307385138442,,,,-1.03825813980659,,0.559228198972314,,0.995865301335785,,,,,,,,,,,,,-0.894214491429649,,,-0.115575892019252,-0.726340390230416,,,,,0.814705762391727,,0.319788186277023,,-0.114585477222339,,,,,,,-0.0320386151857866,,,,,,122.0608,103,616.363242638539,780.986227975548,1533.81789124615,168.800970873786,1063.92551440329,849.665048543689,712.307407407407,1938.31067961165,1129.32510288066,0.407766990291262
232.8576,-0.15880466064212,-0.72247678090996,,-0.771199284316883,-0.397063321386988,,,,-0.990309598123088,,0.527553869517075,,0.999314395153352,,,,,,,,,,,,,-0.86297011976744,,,-0.138460407806297,-0.741437396164883,,,,,0.801289344477636,,0.329549209194501,,-0.0955814589395497,,,,,,,0.000790760638007227,,,,,,122.1632,102,622.965918260308,793.527360203341,1251.24955620108,329.916666666667,916.01516985395,856.988235294118,730.066485112564,1378.63725490196,1123.8618575002,0
232.96,-0.187628964421134,-0.646840589397208,,-0.745982635224014,-0.337985500072095,,,,-0.942000355837451,,0.494861358210677,,1.00223763398719,,,,,,,,,,,,,-0.8316161585213,,,-0.161438959440735,-0.755877021401647,,,,,0.786817046029888,,0.338728589521757,,-0.0782081617493058,,,,,,,0.0325739843550714,,,,,,122.2656,102,365.242156862745,779.096078431373,1491.51470588235,-88.2921568627451,818.776470588235,861.632352941177,696.559803921569,1887.37254901961,1095.6568627451,0
233.0624,-0.215767652690298,-0.571465393899931,,-0.720943731344269,-0.279145804236897,,,,-0.893402070169393,,0.461311143252653,,1.00461340748833,,,,,,,,,,,,,-0.800274910120986,,,-0.184458674307673,-0.769640855993122,,,,,0.771356640649989,,0.34739818557715,,-0.062505708475126,,,,,,,0.0633000999425977,,,,,,122.368,103,99.8708737864078,754.358737864078,1754.19417475728,-530.995145631068,730.736893203884,875.580582524272,633.136893203884,2430.67961165049,1077.70873786408,0
233.1648,-0.243208699364933,-0.496543393664693,,-0.696068568946796,-0.220613650117213,,,,-0.844588071986087,,0.427070274344918,,1.00642097769919,,,,,,,,,,,,,-0.769065897735685,,,-0.207465303652204,-0.782709939660858,,,,,0.754975786238725,,0.355630908889522,,-0.0485067160367272,,,,,,,0.0929628527093233,,,,,,122.4704,102,111.747058823529,750.087254901961,1746.41666666667,-519.400980392157,742.895098039216,886.827450980392,613.347058823529,2425.54901960784,1067.28431372549,0
233.2672,-0.26994525466713,-0.422262628990565,,-0.671337389308979,-0.162455786967274,,,,-0.795633213050606,,0.392311579647089,,1.00764041714422,,,,,,,,,,,,,-0.738105290636179,,,-0.23040353589732,-0.795064925838562,,,,,0.737742055062782,,0.363500370705947,,-0.036236307438916,,,,,,,0.121560710704984,,,,,,122.5728,103,338.928422922093,739.602259057542,1569.43329386692,-137.856310679612,815.713156523798,867.893203883495,611.311314231589,2075.05825242718,1063.80833530665,0
233.3696,-0.295975668793152,-0.348806201935822,,-0.646724860446062,-0.10473615625959,,,,-0.746613661900732,,0.357212837918344,,1.00825250050793,,,,,,,,,,,,,-0.707505408917719,,,-0.253217369750735,-0.806686281158615,,,,,0.719723014829342,,0.371080528029553,,-0.0257121890790949,,,,,,,0.14909684606544,,,,,,122.6752,102,926.800460306074,716.636675035868,1260.08369201339,885.613725490196,967.987195121951,805.161764705882,628.111585365854,1449.8137254902,1070.35365853659,0.96078431372549
233.472,-0.321303465519766,-0.27635157310723,,-0.622200330673915,-0.0475157980570457,,,,-0.697606647609395,,0.321955921593188,,1.00823859836515,,,,,,,,,,,,,-0.677374315454773,,,-0.275850545747634,-0.817554520742218,,,,,0.700986341620703,,0.378445329348724,,-0.0169447709683751,,,,,,,0.175579070296569,,,,,,122.7776,102,696.154673601148,737.408138450502,1560.10215208034,272.541176470588,1119.76817073171,829.961764705882,644.854512195122,2043.38235294118,1076.82195121951,1
233.5744,-0.345937274243352,-0.205069929544012,,-0.597728148254403,0.00914721531212896,,,,-0.648690150996235,,0.286725917095392,,1.00758062422821,,,,,,,,,,,,,-0.647815491844912,,,-0.298247026267937,-0.827650473035458,,,,,0.681599937096854,,0.385668365160006,,-0.00993730210059423,,,,,,,0.201019724449675,,,,,,122.88,103,896.620371773621,716.417426000474,1552.45223774568,520.947572815534,1272.29317073171,771.155339805825,661.679512195122,2021.58252427184,1083.32195121951,0.087378640776699
233.6768,-0.369890727493315,-0.135125609002862,,-0.573268036009581,0.0651978349378805,,,,-0.599942545394517,,0.251710222912345,,1.00626105946511,,,,,,,,,,,,,-0.618927585871425,,,-0.320351509955854,-0.836955562967861,,,,,0.661632027320951,,0.392822528964489,,-0.00468600264999729,,,,,,,0.225435532544662,,,,,,122.9824,102,912.305151841224,730.239965327594,1638.18955045433,467.295098039216,1357.31520564323,792.369607843137,668.110322812052,2175.09803921569,1101.28106169297,0
233.7792,-0.393182327380276,-0.066675570930288,,-0.548775508904615,0.120584085221499,,,,-0.551442196361132,,0.217097619307864,,1.00426305807406,,,,,,,,,,,,,-0.590804219643668,,,-0.342109967219834,-0.845452106334448,,,,,0.641151232380981,,0.399979691558152,,-0.00118018339384363,,,,,,,0.248847427566989,,,,,,123.0848,103,902.570812031956,738.876339446242,1677.88807591889,464.934951456311,1340.2066726076,805.528155339806,672.224523552679,2227.5145631068,1128.26158873099,0
233.8816,-0.415835276419762,0.000131076642359712,,-0.524202321215352,0.175257095792575,,,,-0.503267034966073,,0.183077306104011,,1.00157062012869,,,,,,,,,,,,,-0.56353385522116,,,-0.363470184543492,-0.853123614036524,,,,,0.620226605846353,,0.407210389160606,,0.000597646426450699,,,,,,,0.271280353600094,,,,,,123.1872,102,752.577742256323,726.687418300654,1664.375390736,254.695098039216,1250.46038647343,784.963725490196,668.411111111111,2179.97058823529,1148.78019323672,0.558823529411765
233.984,-0.437877259064345,0.0651534721327793,,-0.499496934502643,0.229171091482872,,,,-0.455494120434217,,0.149837912586739,,0.998168803770284,,,,,,,,,,,,,-0.53719971513065,,,-0.384382305227002,-0.859955103033161,,,,,0.59892764924073,,0.414583523140076,,0.000671664192771124,,,,,,,0.292763040347599,,,,,,123.2896,102,287.918037794828,619.142483660131,2086.87396987781,-573.544117647059,1149.38019323672,577.429411764706,660.855555555556,3004.10784313726,1169.64009661836,1
234.0864,-0.459340163447574,0.128259303925705,,-0.474605007350233,0.282283325019116,,,,-0.408199208344681,,0.11756648765606,,0.99404393665598,,,,,,,,,,,,,-0.511879748643506,,,-0.404799352439863,-0.865933405076149,,,,,0.577324307797742,,0.422166067117636,,-0.000927411585778501,,,,,,,0.313327744768419,,,,,,123.392,103,372.003225302128,656.481966918375,1953.67491362194,-303.798058252427,1047.80450885668,659.700970873787,653.262962962963,2716.74757281553,1190.60225442834,1
234.1888,-0.480259748834787,0.189325029785194,,-0.449469911483427,0.334553961043402,,,,-0.361456338740943,,0.0864474809100575,,0.989183805351798,,,,,,,,,,,,,-0.487646629767678,,,-0.424677717189634,-0.871047460709488,,,,,0.555486950624967,,0.430022778602438,,-0.00416250545119073,,,,,,,0.333009960972925,,,,,,123.4944,102,326.310000473619,668.568518518519,1970.96848062897,-293.608823529412,946.228824476651,691.466666666667,645.67037037037,2730.37254901961,1211.56441223833,0.235294117647059
234.2912,-0.500675276295491,0.248236031787584,,-0.424033273189847,0.385945933661287,,,,-0.315337453438351,,0.0566617249896794,,0.98357782494352,,,,,,,,,,,,,-0.464567773150857,,,-0.443977593408998,-0.87528858688914,,,,,0.533486337363135,,0.438215913443514,,-0.00899040004821149,,,,,,,0.351848105856004,,,,,,123.5968,103,106.228997232775,669.110733549083,2065.1030908494,-632.195145631068,844.653140096618,700.143689320388,638.077777777778,2897.67961165049,1232.52657004831,0.0485436893203884
234.3936,-0.520629116816968,0.304886723590561,,-0.398235532646836,0.436424791814299,,,,-0.269912046697151,,0.0283854209804271,,0.977217198323447,,,,,,,,,,,,,-0.442705356322387,,,-0.462663347480781,-0.878650712225439,,,,,0.511393576456163,,0.446804940661563,,-0.0153619723825484,,,,,,,0.369883187996291,,,,,,123.6992,102,-17.8745311167945,673.346568627451,2087.47719522592,-789.26862745098,753.519565217391,713.999019607843,632.694117647059,2918.56862745098,1256.38576300085,0
234.496,-0.540166338968242,0.359180618105394,,-0.372016513723658,0.485958533722457,,,,-0.225246850271231,,0.00178912413270089,,0.970095071978459,,,,,,,,,,,,,-0.422116337772118,,,-0.48070381630397,-0.881130578946571,,,,,0.489280079921643,,0.455846257445429,,-0.0232224483285606,,,,,,,0.387158466544676,,,,,,123.8016,102,-64.153431372549,647.63137254902,2176.00490196078,-860.667647058824,732.360784313726,664.85,630.412745098039,3058.03921568627,1293.97058823529,0
234.5984,-0.559334273456616,0.41103036021596,,-0.345315998594851,0.534517431440797,,,,-0.181405553697474,,-0.022963262359383,,0.962206695102632,,,,,,,,,,,,,-0.402852461788383,,,-0.498072533111366,-0.882727909944444,,,,,0.46721751269721,,0.465392910133438,,-0.0325116769044217,,,,,,,0.40371910878475,,,,,,123.904,103,-35.8519417475728,678.432038834951,2195.53398058252,-806.35145631068,734.647572815534,715.107766990291,641.756310679612,3054.16504854369,1336.90291262136,0
234.7008,-0.578182059687894,0.460357734058037,,-0.318074301703828,0.58207385586037,,,,-0.138448562113332,,-0.0457154685467896,,0.953549585066522,,,,,,,,,,,,,-0.384960244220495,,,-0.514747883502824,-0.883445536930652,,,,,0.445277729520215,,0.475494329961283,,-0.0431644253136663,,,,,,,0.419611854258118,,,,,,124.0064,102,-42.0088235294118,672.272058823529,2240.14705882353,-828.185294117647,744.167647058824,695.58137254902,648.962745098039,3112.00980392157,1368.28431372549,0
234.8032,-0.596760188193225,0.507093658895851,,-0.290232840982487,0.628602117154585,,,,-0.0964327926042654,,-0.0663198012585482,,0.944123691827988,,,,,,,,,,,,,-0.368480937282107,,,-0.530713195774557,-0.88328948707011,,,,,0.42353269410479,,0.486196088447409,,-0.0551106931529046,,,,,,,0.434884688389827,,,,,,124.1088,103,-84.5393203883495,731.561650485437,2156.34951456311,-808.745631067961,639.666990291262,795.709708737864,667.41359223301,2917.40776699029,1395.29126213592,0
234.9056,-0.615120054970749,0.551178185119633,,-0.261734707742906,0.674078334220001,,,,-0.0554115047789889,,-0.0846380390935891,,0.933931552440812,,,,,,,,,,,,,-0.353450476268939,,,-0.54595677158022,-0.882269027759244,,,,,0.40205437764989,,0.497539672850033,,-0.0682760394229186,,,,,,,0.449586523989485,,,,,,124.2112,102,-134.215196078431,830.69705882353,1875.77450980392,-577.060784313725,308.630392156863,1002.08921568627,659.304901960784,2350.49019607843,1401.05882352941,0
235.008,-0.63331354302638,0.592560498142727,,-0.232525231661298,0.71848034676782,,,,-0.0154341547812233,,-0.10054225777016,,0.922978437919365,,,,,,,,,,,,,-0.339899414805482,,,-0.560471866312172,-0.880396669271884,,,,,0.380914631229343,,0.509562283939299,,-0.0825819105670756,,,,,,,0.463766886349406,,,,,,124.3136,102,-133.745050164439,814.977138753591,1982.00501644395,-593.854901960784,326.364801631905,970.976470588235,658.977806918946,2569.1862745098,1394.82375837809,0
235.1104,-0.651392643190354,0.631198938053083,,-0.202552528843506,0.761787683362946,,,,0.0234537403498976,,-0.113915560923645,,0.91127249895964,,,,,,,,,,,,,-0.327852853054769,,,-0.57425662876597,-0.87768812501761,,,,,0.360185023941292,,0.52229666325854,,-0.0979459592732616,,,,,,,0.477475598011544,,,,,,124.416,103,179.104120545009,753.271269556614,1852.89377074186,-170.529126213592,528.737367303609,844.85145631068,661.691082802548,2350.52427184466,1355.26326963907,0.388349514563107
235.2128,-0.669409118837937,0.667061042134098,,-0.171768019993057,0.803981590984684,,,,0.0612107349906063,,-0.12465270483985,,0.898824907798288,,,,,,,,,,,,,-0.317330356349518,,,-0.587314003538503,-0.87416223132059,,,,,0.339936641535836,,0.535770958142597,,-0.114282353006511,,,,,,,0.49076246440931,,,,,,124.5184,102,335.898854127638,681.793683651805,1996.33517547146,-108.510784313725,780.308492569002,698.566666666667,665.020700636943,2682.01960784314,1310.65074309979,0.205882352941176
235.3152,-0.687414211945774,0.700123612794042,,-0.140126908818588,0.84504512201796,,,,0.0977995822486083,,-0.132660617492715,,0.885649988854365,,,,,,,,,,,,,-0.308345857148063,,,-0.599651592965133,-0.869840830663725,,,,,0.320239844307342,,0.550008630830665,,-0.131502077265721,,,,,,,0.503676967985902,,,,,,124.6208,103,388.983498237586,678.103314575475,2084.05308886278,-253.912621359223,1031.87961783439,687.856310679612,668.350318471338,2902.06796116505,1266.03821656051,0
235.4176,-0.705458385547301,0.730372810449634,,-0.107588610196345,0.884963274124543,,,,0.133187353148246,,-0.137858806464682,,0.871765340899415,,,,,,,,,,,,,-0.300907533612307,,,-0.611281473317049,-0.864748620533065,,,,,0.301163978060162,,0.565028418007483,,-0.149513235263657,,,,,,,0.516267980469107,,,,,,124.7232,102,739.096940177345,609.150262270513,1982.9677469714,194.743137254902,1283.45074309979,546.620588235294,671.679936305733,2744.50980392157,1221.42569002123,0.166666666666667
235.52,-0.723591099507231,0.757804273442817,,-0.0741171179113827,0.923723185495765,,,,0.167345547690399,,-0.140179640056654,,0.857191964834943,,,,,,,,,,,,,-0.295017660556443,,,-0.622219960030943,-0.858912965172116,,,,,0.282777021473772,,0.580844345931101,,-0.168221338887815,,,,,,,0.528583499011123,,,,,,124.8256,102,708.541660422131,550.00114899463,2147.66729112027,-42.8872549019608,1459.97057574622,429.754901960784,670.247396028475,3100.1862745098,1195.14830773074,0
235.6224,-0.741860618617924,0.782423268043774,,-0.0396813076960567,0.961314388434966,,,,0.200250196367988,,-0.13956848948754,,0.841954406658618,,,,,,,,,,,,,-0.290672431917196,,,-0.632487319678643,-0.852363666316106,,,,,0.265145157122116,,0.597465798934627,,-0.187529583697164,,,,,,,0.54067040501644,,,,,,124.928,103,797.384951456311,608.204854368932,2049.02427184466,128.777669902913,1465.99223300971,540.546601941748,675.863106796117,2884.79611650486,1213.25242718447,0
235.7248,-0.760313847554444,0.804244861592886,,-0.00425517894200209,0.997729107850393,,,,0.231881944481707,,-0.135983734247944,,0.826080903734891,,,,,,,,,,,,,-0.287861760146585,,,-0.642107436226831,-0.845132695865,,,,,0.248332278450787,,0.614897630688222,,-0.207339108932762,,,,,,,0.552574241871947,,,,,,125.0304,102,822.410294117647,652.979901960784,2010.75,186.070588235294,1458.75,620.371568627451,685.588235294118,2790.78431372549,1230.71568627451,0
235.8272,-0.778996176336259,0.823294094952164,,0.0321819526718028,1.03296256659263,,,,0.262226106248739,,-0.129396644895672,,0.809603498601998,,,,,,,,,,,,,-0.28656906678216,,,-0.651107449240272,-0.837253903309689,,,,,0.232399470508395,,0.633140304555574,,-0.227549258086853,,,,,,,0.56433901105927,,,,,,125.1328,103,847.407281553398,673.324757281553,1988.77184466019,238.934951456311,1455.87961165049,662.635922330097,684.01359223301,2734.59223300971,1242.95145631068,0
235.9296,-0.797951316179697,0.83960612119892,,0.0696452906972866,1.06701325003537,,,,0.291272675983923,,-0.119791164138768,,0.792558076705285,,,,,,,,,,,,,-0.286771083780165,,,-0.659517381257731,-0.828762714481354,,,,,0.217404506959986,,0.652190051179418,,-0.24805786116917,,,,,,,0.576006987998135,,,,,,125.2352,102,856.874019607843,672.133333333333,1996.6568627451,253.089215686275,1460.65882352941,666.35,677.916666666667,2738.63725490196,1254.67647058824,0
236.032,-0.817221116017281,0.853226284197452,,0.108144402022998,1.09988309858076,,,,0.319016291559019,,-0.107163611079439,,0.774984302438251,,,,,,,,,,,,,-0.28843768180589,,,-0.667369763717596,-0.819695835473757,,,,,0.203401391520863,,0.672039036507409,,-0.268761549320296,,,,,,,0.587618557291513,,,,,,125.3376,102,880.8512564249,689.410279840091,1967.91895107558,337.659803921569,1424.04270892823,707.316666666667,671.503893013516,2696.19607843137,1239.64182371978,0
236.1344,-0.836845362628837,0.864210128579424,,0.147683065140216,1.13157762279715,,,,0.345456155840031,,-0.0915223367304471,,0.756925461493071,,,,,,,,,,,,,-0.291531733337364,,,-0.674699266322805,-0.810090972352849,,,,,0.19043995291422,,0.692675537986395,,-0.289556096363877,,,,,,,0.599212065772692,,,,,,125.44,103,343.642233009709,722.765533980583,1871.54368932039,-324.6,1011.88446601942,792.085436893204,653.445631067961,2474.38834951456,1268.69902912621,0.0485436893203884
236.2368,-0.856861572766661,0.872623348067739,,0.188259132895651,1.16210595178875,,,,0.370595925929953,,-0.072887358752013,,0.738428239612818,,,,,,,,,,,,,-0.296009013407566,,,-0.681542335072218,-0.799986573588173,,,,,0.178565488410797,,0.714084125108792,,-0.310336772088474,,,,,,,0.610823690620345,,,,,,125.5424,102,-167.94807015039,632.334328003046,2240.2452646107,-1006.90980392157,671.013663620788,617.592156862745,647.076499143347,3173.98039215686,1306.51013706453,0
236.3392,-0.877304787006355,0.878541681892006,,0.229864419544506,1.19148082907533,,,,0.394443576132858,,-0.051289995694789,,0.719542463431296,,,,,,,,,,,,,-0.301818142486925,,,-0.687936844608908,-0.78942159557613,,,,,0.167818444190915,,0.736245835301677,,-0.33099869175759,,,,,,,0.622487318574334,,,,,,125.6448,103,-140.503398058252,655.434466019418,2239.53883495146,-929.085436893204,648.078640776699,649.812621359223,661.056310679612,3137.1359223301,1341.94174757282,0
236.4416,-0.898207373673093,0.882050763126624,,0.272484612282231,1.21971856885533,,,,0.417011235776465,,-0.0267725067000581,,0.700320812848236,,,,,,,,,,,,,-0.308900580589245,,,-0.69392176983419,-0.778435286250496,,,,,0.15823412072469,,0.759138334408266,,-0.351437153846874,,,,,,,0.63423443348937,,,,,,125.7472,102,-125.590196078431,683.258333333333,2230.22549019608,-899.874509803922,648.694117647059,698.553921568627,667.962745098039,3115.01960784314,1345.43137254902,0
236.544,-0.919598845757708,0.883245915041965,,0.316099204285856,1.2468389803043,,,,0.4383150042244,,0.000612268327237419,,0.680818505731795,,,,,,,,,,,,,-0.317190683746647,,,-0.699536879163119,-0.767066982188684,,,,,0.149842398139278,,0.782736054681289,,-0.37154796775458,,,,,,,0.646094011859551,,,,,,125.8496,102,-134.283333333333,686.23137254902,2239.46568627451,-920.062745098039,651.496078431373,704.86862745098,667.594117647059,3141.61764705882,1337.3137254902,0
236.6464,-0.941505687217798,0.88223188314245,,0.360681452513644,1.2728652575347,,,,0.458374751207439,,0.0308012745083076,,0.661092955085671,,,,,,,,,,,,,-0.326615829321429,,,-0.704822446616317,-0.75535591850117,,,,,0.142667488011346,,0.807010310222166,,-0.391227778296899,,,,,,,0.658092427228413,,,,,,125.952,103,-126.601941747573,715.533980582524,2190.91747572816,-865.780582524272,612.576699029126,756.978640776699,674.08932038835,3044.7572815534,1337.07766990291,0
236.7488,-0.963951179738105,0.879122484418385,,0.406198371587952,1.29782382274584,,,,0.477213912819542,,0.063721621398576,,0.64120339847113,,,,,,,,,,,,,-0.337096606241558,,,-0.709818976924212,-0.743341052834648,,,,,0.136727725255175,,0.831929397149865,,-0.410374393892057,,,,,,,0.670253365216518,,,,,,126.0544,102,-101.36568627451,779.310784313726,2135.21568627451,-764.475490196079,561.744117647059,869.317647058824,689.303921568627,2919.45098039216,1350.98039215686,0
236.8512,-0.986955218386457,0.874040156125295,,0.452610777143518,1.3217441061739,,,,0.494859287860512,,0.0992909875859594,,0.621210498628094,,,,,,,,,,,,,-0.348547061025635,,,-0.714566940741531,-0.731060903725032,,,,,0.132035409381839,,0.857458690344154,,-0.42888712607476,,,,,,,0.682597751768777,,,,,,126.1568,103,-85.9946601941748,758.264563106796,2136.68932038835,-779.630097087379,607.640776699029,843.683495145631,672.845631067961,2943.56310679612,1329.81553398058,0
236.9536,-1.01053410910469,0.867115396643584,,0.499873385364033,1.34465825201928,,,,0.511340832426462,,0.137418056824445,,0.601175915595936,,,,,,,,,,,,,-0.360874995541521,,,-0.719106520967937,-0.718553401862254,,,,,0.128596694031034,,0.883560748711145,,-0.446667150901867,,,,,,,0.69514369812161,,,,,,126.2592,102,80.539705882353,714.882352941176,2100.05392156863,-693.275490196078,854.354901960784,787.16862745098,642.596078431373,2943.77450980392,1256.33333333333,0
237.056,-1.03470035138012,0.858486108223535,,0.547934965978279,1.36660075371958,,,,0.526691449758596,,0.178002980817717,,0.581161854239594,,,,,,,,,,,,,-0.373982319125945,,,-0.723477371880901,-0.705855751984428,,,,,0.126411517788547,,0.910195436403737,,-0.463617903441934,,,,,,,0.707906466063636,,,,,,126.3616,102,88.5862745098039,731.290196078431,2097.31862745098,-672.36568627451,849.538235294118,813.275490196078,649.304901960784,2955.29411764706,1239.3431372549,0
237.1584,-1.05946241605217,0.848296863704974,,0.596738543181587,1.3876080367406,,,,0.540946773396504,,0.220937864601806,,0.561230594938777,,,,,,,,,,,,,-0.387765459993262,,,-0.72771839411875,-0.69300430272992,,,,,0.125473568396605,,0.937320060827844,,-0.479645510046295,,,,,,,0.720898455643766,,,,,,126.464,103,588.751941747573,746.111650485437,1843.16990291262,68.6611650485437,1108.8427184466,799.77572815534,692.447572815534,2441.46601941748,1244.87378640777,0
237.2608,-1.08482452652893,0.836698114999683,,0.646221644269171,1.40771801006494,,,,0.554144942213274,,0.266107279702059,,0.541444013720768,,,,,,,,,,,,,-0.402115839443026,,,-0.731867531554293,-0.680034421719205,,,,,0.125770272104026,,0.964889523857884,,-0.494659252187209,,,,,,,0.734129215602241,,,,,,126.5664,102,584.13137254902,737.972058823529,1887.19607843137,-42.5578431372549,1210.82058823529,782.046078431373,693.898039215686,2577.20588235294,1197.1862745098,0
237.3632,-1.11078644650067,0.823845345722093,,0.69631659927121,1.42696959514513,,,,0.56632637105841,,0.313388807239573,,0.521863087528193,,,,,,,,,,,,,-0.416920408696998,,,-0.735961595393571,-0.666980373452767,,,,,0.127282802282055,,0.992856481474759,,-0.50857205247421,,,,,,,0.747605473366797,,,,,,126.6688,103,543.202912621359,739.778155339806,1931.33495145631,-120.521359223301,1206.92718446602,786.536893203884,693.019417475728,2661.74757281553,1200.92233009709,0
237.4656,-1.13734327578481,0.809898164325689,,0.74695088806639,1.4454022309321,,,,0.577533526286325,,0.36265359998887,,0.502547375599759,,,,,,,,,,,,,-0.432062245118223,,,-0.740036115371035,-0.653875198073816,,,,,0.129986109322541,,1.02117150824685,,-0.521300979699249,,,,,,,0.761331177482003,,,,,,126.7712,102,929.914215686275,661.910294117647,1809.96078431373,432.03431372549,1427.79411764706,636.078431372549,687.742156862745,2414.99019607843,1204.93137254902,0
237.568,-1.16448526655994,0.795019352871476,,0.798047519385199,1.46305537013249,,,,0.587810709885654,,0.41376694743556,,0.483554490436249,,,,,,,,,,,,,-0.447421203309785,,,-0.744125210936871,-0.640750589207588,,,,,0.133848981971442,,1.04978326802901,,-0.532767765952352,,,,,,,0.775307548442408,,,,,,126.8736,102,698.225490196078,580.415196078431,2169.96568627451,-102.892156862745,1499.3431372549,468.179411764706,692.650980392157,3137.3431372549,1202.58823529412,0
237.6704,-1.19219768871173,0.779373914706851,,0.849525420280959,1.47996801127933,,,,0.597203840250099,,0.466588830695394,,0.464939605155929,,,,,,,,,,,,,-0.462874613986435,,,-0.7482614699244,-0.627636768440522,,,,,0.138834149904199,,1.07863869705445,,-0.54289931128193,,,,,,,0.789533142832421,,,,,,126.976,103,683.455339805825,602.106310679612,2183.48058252427,-127.81359223301,1494.72427184466,508.74854368932,695.464077669903,3149.49514563107,1217.46601941748,0
237.7728,-1.22046076715292,0.763128161084602,,0.901299818513987,1.49617830401898,,,,0.60576020760951,,0.520974455835179,,0.446755044162888,,,,,,,,,,,,,-0.478298017795708,,,-0.752475824522845,-0.614562354242393,,,,,0.144898428600731,,1.10768320034556,,-0.551628149444217,,,,,,,0.804003935689652,,,,,,127.0784,102,649.686764705882,579.454411764706,2248.77450980392,-191.312745098039,1490.6862745098,468.200980392157,690.707843137255,3266.06862745098,1231.48039215686,0
237.8752,-1.2492496852134,0.746448840376307,,0.953282609422696,1.51172322190306,,,,0.613528192552879,,0.576774763480099,,0.429049968953845,,,,,,,,,,,,,-0.493565915872009,,,-0.756797424988958,-0.601554228023586,,,,,0.151992903357963,,1.13686085103653,,-0.558892867117712,,,,,,,0.818713415869893,,,,,,127.1808,103,655.469902912621,573.738349514563,2258.20388349515,-175.481553398058,1486.4213592233,457.41359223301,690.063106796116,3275.09708737864,1241.31067961165,0
237.9776,-1.27853463735389,0.729502296172504,,1.0053827104059,1.52663827886874,,,,0.620556960792136,,0.63383693496491,,0.411870141430105,,,,,,,,,,,,,-0.508552515441114,,,-0.76125351943612,-0.588637407463383,,,,,0.160063154813737,,1.16611458166733,,-0.564638473952962,,,,,,,0.833652685532997,,,,,,127.2832,102,556.695098039216,540.160294117647,2386.09803921569,-374.5,1487.89019607843,388.411764705882,691.908823529412,3524.66666666667,1247.52941176471,0
238.08,-1.30828092952765,0.71245365912538,,1.05750641781443,1.54095728548096,,,,0.62689616121304,,0.692004930694521,,0.395257741477224,,,,,,,,,,,,,-0.523132447641405,,,-0.765869347991632,-0.575834939879041,,,,,0.169049533185264,,1.19538636739967,,-0.568816708078601,,,,,,,0.848810560290147,,,,,,127.3856,102,1522.36617647059,662.15,1455.08823529412,1391.34705882353,1653.38529411765,637.521568627451,686.778431372549,1708.08823529412,1202.08823529412,0
238.1824,-1.33844913047484,0.695466089269462,,1.10955778430952,1.55471215257013,,,,0.632595644961897,,0.75112008798148,,0.379251223759056,,,,,,,,,,,,,-0.537181442417129,,,-0.770668057022987,-0.563167824451993,,,,,0.17888748881986,,1.22461740770762,,-0.571386262800535,,,,,,,0.864173668238379,,,,,,127.488,103,1622.65388349515,677.338834951456,1352.32524271845,1588.2572815534,1657.05048543689,667.8,686.877669902913,1530.31067961165,1174.33980582524,0
238.2848,-1.36899526510458,0.678700070290736,,1.16143902291175,1.56793273906571,,,,0.637705206549526,,0.811021783766186,,0.363885208826016,,,,,,,,,,,,,-0.550576962168336,,,-0.775670636999758,-0.550654964815236,,,,,0.189507964826587,,1.25374830946087,,-0.572312937539501,,,,,,,0.879726542431272,,,,,,127.5904,102,1640.73480392157,664.518137254902,1332.71078431373,1628.41666666667,1653.05294117647,648.153921568628,680.882352941176,1497.38235294118,1168.03921568627,0
238.3872,-1.39987103850071,0.662312741368143,,1.21305092764304,1.58064673345533,,,,0.64227434069251,,0.871548153709291,,0.34919040705605,,,,,,,,,,,,,-0.56319880738925,,,-0.780895885729834,-0.538313147390628,,,,,0.200837851009352,,1.28271926801218,,-0.571569723775597,,,,,,,0.895451701634227,,,,,,127.6928,103,1376.59514563107,708.413106796117,1505.2572815534,1152.82524271845,1600.36504854369,734.049514563107,682.776699029126,1827.29126213592,1183.22330097087,0
238.4896,-1.43102409038952,0.64645725401146,,1.26429329835089,1.59287956433704,,,,0.646352006689374,,0.932536860860045,,0.335193576653802,,,,,,,,,,,,,-0.574929704957055,,,-0.78636039765148,-0.52615704080063,,,,,0.212800492729043,,1.31147024024715,,-0.569136827467975,,,,,,,0.911329720308818,,,,,,127.7952,102,319.18431372549,742.024019607843,1921.79411764706,-341.767647058824,980.136274509804,811.978431372549,672.069607843137,2544.85294117647,1298.73529411765,0
238.592,-1.46239828769914,0.631282149194134,,1.31506537034477,1.60465434306671,,,,0.649986389631392,,0.993825910620805,,0.321917527369974,,,,,,,,,,,,,-0.585655881491846,,,-0.792078578284424,-0.514199215582945,,,,,0.225316251883152,,1.33994110549638,,-0.565001618296285,,,,,,,0.927339294306438,,,,,,127.8976,102,48.5102941176471,660.28137254902,2386.46568627451,-858.237254901961,955.257843137255,639.977450980392,680.585294117647,3421.63725490196,1351.29411764706,0
238.6944,-1.49393406293216,0.616930754787651,,1.36526626057294,1.6159918450017,,,,0.653224651697406,,1.05525449750583,,0.309381187496918,,,,,,,,,,,,,-0.595267620716367,,,-0.79806267939634,-0.502450184715187,,,,,0.238303120863651,,1.36807181680754,,-0.559158495063129,,,,,,,0.943457313995078,,,,,,128,103,73.3674757281553,697.072815533981,2392.71359223301,-808.531067961165,955.266019417476,704.435922330097,689.709708737864,3402.16504854369,1383.26213592233,0
238.7968,-1.5255688009645,0.603540607996721,,1.41479543585292,1.62691053570605,,,,0.656112675585409,,1.11666384489156,,0.297599741801952,,,,,,,,,,,,,-0.603659804364597,,,-0.804322846603522,-0.490918462892594,,,,,0.251677380753439,,1.39580255265934,,-0.551608666155947,,,,,,,0.959658964552126,,,,,,128.1024,102,65.1387254901961,701.012254901961,2418.8137254902,-826.26568627451,956.543137254902,708.158823529412,693.86568627451,3442.85294117647,1394.77450980392,0
238.8992,-1.55723726480611,0.591242910154074,,1.46355319066752,1.63742664067041,,,,0.658694804194718,,1.17789798261029,,0.286584830358033,,,,,,,,,,,,,-0.610732434237015,,,-0.810867170108445,-0.479610640281286,,,,,0.265354279281268,,1.42307387983162,,-0.542359859286402,,,,,,,0.97591787434439,,,,,,128.2048,103,152.253883495146,712.522330097087,2345.31067961165,-668.888349514563,973.396116504854,730.121359223301,694.923300970874,3281.2427184466,1409.3786407767,0
239.0016,-1.58887204202458,0.58016202013481,,1.5114411124327,1.64755424705981,,,,0.661013579305389,,1.23880442026105,,0.276344784900972,,,,,,,,,,,,,-0.616391127744412,,,-0.817701732091856,-0.468531469202365,,,,,0.279248699940383,,1.44982692919742,,-0.531425985343038,,,,,,,0.992206316397862,,,,,,128.3072,102,140.495588235294,681.304901960784,2410.44607843137,-724.378431372549,1005.36960784314,661.626470588235,700.983333333333,3404.61764705882,1416.27450980392,0
239.104,-1.62040399932861,0.570414994308901,,1.55836251861217,1.65730542745592,,,,0.66310948640659,,1.29923470665077,,0.26688487695798,,,,,,,,,,,,,-0.620547575977418,,,-0.824830648484861,-0.457683967396083,,,,,0.293275802628709,,1.4760035755575,,-0.518826779127054,,,,,,,1.00849544550158,,,,,,128.4096,102,-61.643137254902,741.045098039216,2347.07843137255,-850.194117647059,726.907843137255,784.693137254902,697.397058823529,3240.70588235294,1453.45098039216,0
239.2064,-1.65176274090249,0.562111184714339,,1.6042228628169,1.66669038450525,,,,0.665020716696831,,1.35904488753607,,0.25820755854557,,,,,,,,,,,,,-0.623119953373809,,,-0.832256105548997,-0.447069540196659,,,,,0.307351627831058,,1.50154661059104,,-0.504587432729373,,,,,,,1.02475554563437,,,,,,128.512,103,-54.8728155339806,812.897087378641,2296.79126213592,-732.381553398058,622.635922330097,899.696116504854,726.098058252427,3133.54368932039,1460.03883495146,0
239.3088,-1.6828770618221,0.555351903589818,,1.6489301144999,1.67571761487628,,,,0.666782953048171,,1.41809587882662,,0.250312683082282,,,,,,,,,,,,,-0.62403327074696,,,-0.839978392989035,-0.43668811659787,,,,,0.321393665895471,,1.52639990323229,,-0.488738234853469,,,,,,,1.04095627199439,,,,,,128.6144,102,-32.2455882352941,876.61568627451,2139.92647058824,-627.203921568628,562.712745098039,1047.02352941176,706.207843137255,2859.10784313726,1420.74509803922,0
239.4112,-1.71367538429441,0.550230153035564,,1.69239511490968,1.68439408399588,,,,0.668429180510426,,1.4762537723253,,0.243197700062029,,,,,,,,,,,,,-0.623219669989173,,,-0.847995936059593,-0.426538291328402,,,,,0.335321398132231,,1.55050854513349,,-0.471314224775759,,,,,,,1.05706688327405,,,,,,128.7168,103,-183.426699029126,816.711165048544,2060.77184466019,-745.592233009709,378.738834951456,1006.07961165049,627.342718446602,2769.80582524272,1351.73786407767,0
239.5136,-1.7440861755169,0.546830412453185,,1.73453190737138,1.69272540507268,,,,0.669989519380518,,1.53339008603518,,0.236857826749339,,,,,,,,,,,,,-0.620618666003547,,,-0.856305328823937,-0.416617468332387,,,,,0.349056815652746,,1.57381898030911,,-0.452354859457294,,,,,,,1.07305646385105,,,,,,128.8192,102,-171.014705882353,790.742647058824,2015.01470588235,-726.624509803922,384.595098039216,952.507843137255,628.977450980392,2724.80392156863,1305.22549019608,0
239.616,-1.77403835287596,0.545228469349414,,1.77525803995209,1.70071601779244,,,,0.671491076903492,,1.5893819604767,,0.23128620806528,,,,,,,,,,,,,-0.61617734566158,,,-0.864901369906599,-0.406922003028416,,,,,0.36252491695374,,1.59627912189027,,-0.431903691633064,,,,,,,1.0888941346787,,,,,,128.9216,102,355.14068627451,805.905392156863,1867.77450980392,-106.014705882353,816.296078431373,935.710784313726,676.1,2419.8137254902,1315.73529411765,0
239.7184,-1.80346166848388,0.545491268929657,,1.81449484053447,1.70836935027497,,,,0.672957811419558,,1.64411229578545,,0.226474072384415,,,,,,,,,,,,,-0.609850534660931,,,-0.873777101432614,-0.397447339386476,,,,,0.375654178698154,,1.61783846255133,,-0.410008068747473,,,,,,,1.10454924956059,,,,,,129.024,103,215.608252427184,787.800970873786,1991.92718446602,-445.426213592233,876.642718446602,908.434951456311,667.166990291262,2732.18446601942,1251.66990291262,0
239.8208,-1.83228705339828,0.547676764424078,,1.85216766755581,1.71568794309112,,,,0.674410404770611,,1.69746982921144,,0.222410881341912,,,,,,,,,,,,,-0.601600937274218,,,-0.882923850411499,-0.388188137403894,,,,,0.388376990326156,,1.63844818647179,,-0.386718865778943,,,,,,,1.1199915739912,,,,,,129.1264,102,259.045098039216,794.951960784314,1948.69607843137,-361.339215686274,879.429411764706,934,655.903921568627,2680.46078431373,1216.93137254902,0
239.9232,-1.86044691281843,0.55183377592127,,1.88820614611961,1.72267353251991,,,,0.675866147211537,,1.74934916563455,,0.219084468613318,,,,,,,,,,,,,-0.59139924334985,,,-0.892331270279896,-0.379138390114808,,,,,0.400630046490755,,1.65806128910288,,-0.362090250832438,,,,,,,1.13519144658738,,,,,,129.2288,103,188.855825242718,812.659708737864,2001.33009708738,-502.228155339806,879.939805825243,967.904854368932,657.414563106796,2796.72815533981,1205.93203883495,0
240.0256,-1.88787537826529,0.558001877964078,,1.92254439901011,1.72932710720603,,,,0.677338846470338,,1.79965077903965,,0.216481165283151,,,,,,,,,,,,,-0.579224195515232,,,-0.901987381106807,-0.37029153370397,,,,,0.412354698193408,,1.67663270297373,,-0.336179472160424,,,,,,,1.15011992139371,,,,,,129.3312,102,518.762745098039,833.201960784314,1730.37745098039,67.8647058823529,969.660784313725,1013.16176470588,653.242156862745,2254.12745098039,1206.62745098039,0
240.128,-1.91450852222142,0.56621132426919,,1.95512126947572,1.73564894952769,,,,0.678838767454027,,1.84828098977088,,0.214585910041159,,,,,,,,,,,,,-0.565062619845615,,,-0.91187860965393,-0.361640553577738,,,,,0.423497268029227,,1.69411941663388,,-0.309046663298493,,,,,,,1.16474888376752,,,,,,129.4336,102,520.75,847.46568627451,1714.73529411765,77.5529411764706,963.947058823529,1044.94019607843,649.991176470588,2240.72549019608,1188.74509803922,0
240.2304,-1.94028453664224,0.576483003414175,,1.98588052412249,1.74163866322229,,,,0.680372597108192,,1.89515190512142,,0.213382344181228,,,,,,,,,,,,,-0.548909432134709,,,-0.921989832256751,-0.353178086258402,,,,,0.434009337419226,,1.71048057084746,,-0.280754673120924,,,,,,,1.17905113425106,,,,,,129.536,103,485.857281553398,839.706796116505,1722.92718446602,20.4718446601941,951.242718446602,993.825242718447,685.588349514563,2273.18446601942,1172.66990291262,0
240.3328,-1.96514388104917,0.58882841078868,,2.01477103138548,1.74729518243592,,,,0.681943429906002,,1.94018130787853,,0.21285289780713,,,,,,,,,,,,,-0.530767632208115,,,-0.932304422600133,-0.344896518674873,,,,,0.44384801302679,,1.72567752406955,,-0.251368922707822,,,,,,,1.1930004437495,,,,,,129.6384,102,569.020098039216,870.135294117647,1605.91666666667,172.447058823529,965.593137254902,1027.59215686275,712.678431372549,2073.61764705882,1138.21568627451,0
240.4352,-1.98902941109932,0.603249621225808,,2.04174692070256,1.75261675686533,,,,0.683550782718454,,1.98329248597484,,0.212978878049671,,,,,,,,,,,,,-0.510648292302664,,,-0.942804303617228,-0.336788089561634,,,,,0.452976173854582,,1.73967388932352,,-0.220957278605473,,,,,,,1.20657158658491,,,,,,129.7408,103,560.633009708738,858.91359223301,1606.81553398058,142.793203883495,978.472815533981,1012.76990291262,705.057281553398,2096.77669902913,1116.85436893204,0
240.5376,-2.01188649781471,0.619739262118378,,2.06676772886742,1.75760091680504,,,,0.685190651893659,,2.02441400948876,,0.213740568428017,,,,,,,,,,,,,-0.488570534240704,,,-0.953470001590988,-0.328844996658048,,,,,0.461362695759751,,1.7524355520757,,-0.189589925681141,,,,,,,1.21974035296492,,,,,,129.8432,102,571.232352941177,834.200980392157,1594.87745098039,159.151960784314,983.312745098039,961.821568627451,706.580392156863,2075.46078431373,1114.29411764706,0
240.64,-2.03366314594488,0.638280511227516,,2.08979853779933,1.76224443555607,,,,0.686855614840453,,2.06347947960237,,0.215117342054229,,,,,,,,,,,,,-0.464561475545093,,,-0.964280702923871,-0.321059509919326,,,,,0.468982650562186,,1.76393068661394,,-0.15733922257976,,,,,,,1.23248354033246,,,,,,129.9456,102,534.375030012005,806.960214085634,1683.63975590236,64.4519607843137,1004.2980992397,916.977450980392,696.942977190876,2248.77450980392,1118.5050020008,0
240.7424,-2.05431012187045,0.658847156744147,,2.11081010618434,1.76654331541411,,,,0.688534967657912,,2.10042728693883,,0.217087783458648,,,,,,,,,,,,,-0.438656114892108,,,-0.975214316264412,-0.31342408736618,,,,,0.475817478438881,,1.77412979225503,,-0.124279526768377,,,,,,,1.2447789300673,,,,,,130.048,103,642.756280958986,778.139399643353,1659.18684366951,255.273786407767,1030.2387755102,865.115533980583,691.163265306123,2196.47572815534,1121.89795918367,0.922330097087379
240.8448,-2.07378110112523,0.681403746077496,,2.12977899543468,1.77049281893578,,,,0.690214887516105,,2.13520040632602,,0.219629812793938,,,,,,,,,,,,,-0.410897138279027,,,-0.986247542184595,-0.30593148858112,,,,,0.481855132382264,,1.7830057589271,,-0.0904869861785332,,,,,,,1.25660526193223,,,,,,130.1504,102,460.086384553822,701.491046418567,1806.74119647859,-136.074509803922,1056.24727891156,717.397058823529,685.585034013606,2488.09803921569,1125.3843537415,1
240.9472,-2.09203283752836,0.705905820367157,,2.14668768759466,1.77408754674852,,,,0.691878613166011,,2.1677462270057,,0.222720812980286,,,,,,,,,,,,,-0.381334657769638,,,-0.997355951270157,-0.298574883904297,,,,,0.487090192484686,,1.7905339499015,,-0.0560393042055525,,,,,,,1.26794221178514,,,,,,130.2528,103,420.633230962288,666.94369262268,1851.55673337296,-240.98932038835,1082.25578231293,653.880582524272,680.006802721089,2574.2427184466,1128.87074829932,1
241.0496,-2.10902534873945,0.732300213926999,,2.16152468797927,1.77732154652174,,,,0.693506646616376,,2.19801639612206,,0.226337763435916,,,,,,,,,,,,,-0.350025912742773,,,-1.00851407058295,-0.291347961740713,,,,,0.491523945903568,,1.79669227887691,,-0.0210154852669447,,,,,,,1.2787703660411,,,,,,130.3552,102,307.828711484594,577.33487394958,2097.53641456583,-492.606862745098,1108.26428571429,480.241176470588,674.428571428572,3062.71568627451,1132.35714285714,1
241.152,-2.12472211334126,0.760525406680302,,2.17428460039369,1.78018844302417,,,,0.695076983201431,,2.22596665038874,,0.230457381244309,,,,,,,,,,,,,-0.317034950512268,,,-1.01969547846832,-0.284245036303614,,,,,0.495164428548734,,1.8014612656155,,0.0145044346811139,,,,,,,1.28907118340104,,,,,,130.4576,102,192.044527811125,513.592697078832,2282.25640256102,-750.056862745098,1134.14591836735,358.307843137255,668.877551020408,3428.6862745098,1135.82653061224,1
241.2544,-2.13909027428964,0.790511926355138,,2.18496816561221,1.78268158923483,,,,0.696565369659716,,2.25155662121119,,0.235056271278205,,,,,,,,,,,,,-0.282432285021389,,,-1.03087290877494,-0.277261155613934,,,,,0.498026427982287,,1.80482406746912,,0.0504396666087047,,,,,,,1.29882693919996,,,,,,130.56,103,647.407307971732,797.343834621227,1517.00112277921,134.660194174757,1160.15442176871,931.388349514563,663.299319727891,1894.68932038835,1139.31292517007,1
241.3568,-2.15210083966399,0.822182788993513,,2.19358226654171,1.7847942344405,,,,0.697945581706609,,2.27474961756182,,0.240111089461397,,,,,,,,,,,,,-0.246294534080966,,,-1.0420183653865,-0.270392209213275,,,,,0.500131447804164,,1.80676649584249,,0.0867089488556098,,,,,,,1.30802065516116,,,,,,130.6624,102,636.644207683073,831.054661864746,1456.50260104042,87.1254901960784,1186.16292517007,1004.38823529412,657.721088435374,1770.20588235294,1142.79931972789,0.735294117647059
241.4592,-2.16372887129925,0.855453962154008,,2.20013991299437,1.78651969929962,,,,0.699189713231601,,2.29551240790384,,0.245598718827847,,,,,,,,,,,,,-0.208704043956762,,,-1.05310324614219,-0.263635034931169,,,,,0.501507627765813,,1.80727703266781,,0.123230824800075,,,,,,,1.31663602586404,,,,,,130.7648,103,624.526976421637,829.687933425798,1453.71567267684,36.8825242718446,1212.17142857143,1007.23300970874,652.142857142857,1761.14563106796,1146.28571428571,0
241.5616,-2.17395365649154,0.890234844730213,,2.20466021255333,1.78785155187008,,,,0.700268472993359,,2.31381501951927,,0.251496450224888,,,,,,,,,,,,,-0.169748509091739,,,-1.06409847516716,-0.256987522099308,,,,,0.502189608101829,,1.80634685562501,,0.159923914839197,,,,,,,1.32465735487403,,,,,,130.8672,102,729.426730692277,749.006822729092,1502.1262505002,220.673529411765,1238.17993197279,851.449019607843,646.56462585034,1854.48039215686,1149.77210884354,0.401960784313726
241.664,-2.18275886181501,0.926428763316762,,2.20716832036657,1.78878378402054,,,,0.701151485507499,,2.32963055414371,,0.257782159638084,,,,,,,,,,,,,-0.129520591431038,,,-1.07497464477199,-0.250448707425071,,,,,0.502218329066825,,1.80396986752795,,0.196707182094557,,,,,,,1.33206950513579,,,,,,130.9696,102,662.663135254102,574.777390956383,2001.57172869148,61.2647058823529,1264.06156462585,508.541176470588,641.013605442177,2849.90196078431,1153.24149659864,1
241.7664,-2.19013266735782,0.963933480639016,,2.20769535782719,1.78931098709366,,,,0.701807592882261,,2.34293500932649,,0.264434481029351,,,,,,,,,,,,,-0.088117543317108,,,-1.08570216920401,-0.244018859692553,,,,,0.501640763104748,,1.80014272034945,,0.233500193778575,,,,,,,1.33885786021243,,,,,,131.072,103,772.666587411664,665.935648239879,1720.37850868503,255.263106796117,1290.07006802721,696.435922330097,635.43537414966,2284.02912621359,1156.72789115646,1
241.8688,-2.19606787645802,1.00264170715846,,2.20627829789275,1.78942852308506,,,,0.702205156751455,,2.35370710523552,,0.271432977843703,,,,,,,,,,,,,-0.0456408352352363,,,-1.09625145100107,-0.237699547385106,,,,,0.500509579851494,,1.79486482973446,,0.270223377028143,,,,,,,1.34500829207007,,,,,,131.1744,102,714.965266106443,603.146218487395,1812.03361344538,113.851960784314,1316.07857142857,576.435294117647,629.857142857143,2463.85294117647,1160.21428571429,1
241.9712,-2.20056199537953,1.04244160847019,,2.20295982083973,1.78913268705366,,,,0.702312361688553,,2.36192812760083,,0.278758315257915,,,,,,,,,,,,,-0.00219578481807309,,,-1.10659305747039,-0.231493680213162,,,,,0.498882744126746,,1.78813838154363,,0.306798260450973,,,,,,,1.35050713397655,,,,,,131.2768,103,826.346935473219,618.257416947361,1866.27752460207,310.606796116505,1342.08707482993,612.235922330097,624.278911564626,2568.85436893204,1163.70068027211,0.466019417475728
242.0736,-2.20361728040917,1.08321730457723,,2.19778814577587,1.78842085697999,,,,0.702097519158618,,2.36758179451283,,0.286392433944001,,,,,,,,,,,,,0.0421088189810014,,,-1.11669790242634,-0.225405517531628,,,,,0.496823049516855,,1.77996833466038,,0.343147693047107,,,,,,,1.35534115955041,,,,,,131.3792,102,982.162144857943,700.158463385354,1751.12154861945,600.435294117647,1363.88899559824,776.499019607843,623.817907162865,2331.30392156863,1170.93917567027,0
242.176,-2.20524075232997,1.12484935828009,,2.1908168426961,1.78729162678847,,,,0.701529365664328,,2.37065414741505,,0.294318728921884,,,,,,,,,,,,,0.0871611004136582,,,-1.12653742871844,-0.219440645471536,,,,,0.494397597684223,,1.77036242556623,,0.379196042974252,,,,,,,1.35949757038329,,,,,,131.4816,102,1047.15784313726,708.529901960784,1716.37745098039,724.824509803922,1369.49117647059,775.933333333333,641.126470588235,2238.99019607843,1193.76470588235,0
242.2784,-2.2054441764386,1.16721524945807,,2.18210462526854,1.78574491612256,,,,0.700577346322763,,2.3711334653637,,0.30252223449784,,,,,,,,,,,,,0.132846488156861,,,-1.136083788132,-0.213605932804237,,,,,0.491677241281649,,1.759331177861,,0.414869383200114,,,,,,,1.36296399546807,,,,,,131.584,103,937.846116504855,682.388349514563,1858.77669902913,505.699029126214,1369.9932038835,701.835922330097,662.940776699029,2511.83495145631,1205.71844660194,0
242.3808,-2.20424400213371,1.21018983229725,,2.17171511885172,1.7837820484701,,,,0.699211877348033,,2.36901020131673,,0.310989797396929,,,,,,,,,,,,,0.179048105999854,,,-1.14531001359662,-0.207909475308272,,,,,0.488736006431572,,1.74688791450413,,0.450095661437672,,,,,,,1.36572850528333,,,,,,131.6864,102,817.89256989833,621.52353848947,2032.69113108206,261.519607843137,1374.26553195352,551.540196078431,691.506880900508,2841.72549019608,1223.65677196805,0
242.4832,-2.2016612564772,1.25364577432581,,2.15971659934431,1.78140579222341,,,,0.697404585480312,,2.36427693738735,,0.319710205560888,,,,,,,,,,,,,0.225647155713173,,,-1.15419017762419,-0.202360531921211,,,,,0.485650500361755,,1.73304876846053,,0.484804843590133,,,,,,,1.36777964095094,,,,,,131.7888,103,735.825581325662,635.679210116265,2088.84019537337,164.118446601942,1307.53271604938,565.74854368932,705.60987654321,2908.56310679612,1269.11728395062,0.087378640776699
242.5856,-2.19772139394836,1.29745398078346,,2.14618170345571,1.77862036868825,,,,0.695128529099245,,2.35692835801011,,0.328674255868401,,,,,,,,,,,,,0.272523291234132,,,-1.16269953558728,-0.196969451079401,,,,,0.482499304160623,,1.71783269010587,,0.518929026145046,,,,,,,1.36910645553413,,,,,,131.8912,102,772.030814270153,805.657216775599,1578.67470043573,359.117647058824,1184.94398148148,872.993137254902,738.321296296296,1829.70588235294,1327.64351851852,1
242.688,-2.19245411174392,1.34148401364388,,2.13118711064733,1.77543143916809,,,,0.69235841112865,,2.3469612438614,,0.337874772284529,,,,,,,,,,,,,0.319554991066895,,,-1.17081465829256,-0.191747584479319,,,,,0.47936235186991,,1.70126145102139,,0.552402523646491,,,,,,,1.36969856301296,,,,,,131.9936,102,745.461914488018,847.358142701525,1603.94212962963,427.970588235294,1062.95324074074,923.843137254902,770.873148148148,1822,1385.88425925926,0.117647058823529
242.7904,-2.18589313747923,1.38560451248732,,2.11481319376303,1.77184608069214,,,,0.689070790562259,,2.33437448878779,,0.347306594169683,,,,,,,,,,,,,0.3666199357255,,,-1.17851355848851,-0.186707186040368,,,,,0.476320296710194,,1.68335964149423,,0.585161938664725,,,,,,,1.36954619291759,,,,,,132.096,103,732.477569519358,874.187123936234,1535.66794018938,471.381553398058,993.573585640657,959.503883495146,788.870364377322,1640.5145631068,1430.82131727196,0
242.8928,-2.17807598627992,1.42968361225269,,2.09714363692651,1.7678727464936,,,,0.685244288778213,,2.3191691343779,,0.356966541868319,,,,,,,,,,,,,0.413595389522747,,,-1.18577581131583,-0.181861295300254,,,,,0.473453862190298,,1.66415465715898,,0.617146216105979,,,,,,,1.36864025333595,,,,,,132.1984,102,744.909803921569,880.148529411765,1513.46078431373,492.507843137255,997.311764705882,972.580392156863,787.716666666667,1587.29411764706,1439.62745098039,0
242.9952,-2.16904367657946,1.47358934486859,,2.0782650228458,1.76352119403313,,,,0.680859778771254,,2.3013484063615,,0.366853350939593,,,,,,,,,,,,,0.460358582302786,,,-1.19258266321091,-0.177223604793536,,,,,0.47084317322301,,1.643676669264,,0.648296679869819,,,,,,,1.36697240606193,,,,,,132.3008,103,646.790776699029,814.489805825243,1758.82038834951,295.830097087379,997.75145631068,838.964077669903,790.015533980583,2073.06796116505,1444.57281553398,0
243.0976,-2.15884039690144,1.51719001849512,,2.05826639130133,1.75880236434027,,,,0.675900547694365,,2.2809177372984,,0.376967560957741,,,,,,,,,,,,,0.5067870903788,,,-1.1989171222817,-0.172808310039408,,,,,0.468567062375538,,1.6219585717546,,0.678557049072783,,,,,,,1.36453515379699,,,,,,132.4032,102,300.322058823529,628.200490196078,2394.0637254902,-401.136274509804,1001.78039215686,465.023529411765,791.377450980392,3346.63725490196,1441.49019607843,0
243.2,-2.14751312735631,1.56035457901453,,2.03723876973832,1.75372821111817,,,,0.670352432836702,,2.25788477605986,,0.387311350004218,,,,,,,,,,,,,0.552759218289193,,,-1.20476402787201,-0.168629942598412,,,,,0.466702353272849,,1.59903590100106,,0.707873431365992,,,,,,,1.36132193668587,,,,,,132.5056,102,148.48431372549,609.23431372549,2472.47549019608,-701.342156862745,998.310784313725,426.233333333333,792.235294117647,3500.69607843137,1444.25490196078,0
243.3024,-2.13511122876973,1.60295295909505,,2.01527468107322,1.74831149172857,,,,0.664203935258436,,2.23225939923914,,0.397888312775611,,,,,,,,,,,,,0.598154379597173,,,-1.21011010179273,-0.164703192303453,,,,,0.465323136552521,,1.57494673243441,,0.73619429255306,,,,,,,1.3573272355231,,,,,,132.608,103,283.384466019417,678.499514563107,2198.81067961165,-418.277669902913,985.046601941748,597.767961165049,759.231067961165,2980.28155339806,1417.33980582524,0
243.4048,-2.12168601804194,1.64485641623453,,1.99246763915321,1.7425655385012,,,,0.657446307650815,,2.20405373667261,,0.408703188681175,,,,,,,,,,,,,0.642853471635938,,,-1.2149439840564,-0.161042730719634,,,,,0.464500065874054,,1.54973156498273,,0.763470407683311,,,,,,,1.35254667931237,,,,,,132.7104,102,377.685294117647,737.086274509804,2018.16666666667,-175.939215686275,931.309803921569,754.888235294118,719.28431372549,2635.1862745098,1401.14705882353,0
243.5072,-2.10729035175933,1.68593786367281,,1.96891164112342,1.73650402851516,,,,0.650073606916311,,2.17328220903149,,0.419761556441052,,,,,,,,,,,,,0.686739240837904,,,-1.21925625608975,-0.157663049777339,,,,,0.464299703712051,,1.52343320234106,,0.789654807712268,,,,,,,1.34697715702134,,,,,,132.8128,103,132.387378640777,726.979126213592,2160.11165048544,-494.126213592233,758.900970873786,732.214563106796,721.743689320388,2924.83495145631,1395.38834951456,0
243.6096,-2.09197823173262,1.72607220343076,,1.94470065942081,1.73014076167318,,,,0.642082710429933,,2.1399615693753,,0.431069512008026,,,,,,,,,,,,,0.72969664198066,,,-1.22303945651522,-0.154578324665538,,,,,0.464783936115414,,1.49609663298903,,0.814702738850907,,,,,,,1.34061693580476,,,,,,132.9152,102,173.465787122141,739.740164164624,2078.58268229167,-417.367647058824,764.299221303105,774.332352941177,705.147975388072,2827.52941176471,1329.63595281863,0
243.712,-2.07580443047802,1.76513667468839,,1.91992813156744,1.72348944927156,,,,0.63347330766467,,2.10411094694337,,0.44263334015984,,,,,,,,,,,,,0.771613202185878,,,-1.22628809492686,-0.151802301244375,,,,,0.466009459441264,,1.46776890558025,,0.838571647692428,,,,,,,1.33346578651987,,,,,,133.0176,102,526.457785692402,766.584164368873,1729.40636488971,216.136274509804,836.779296875,839.492156862745,693.676171875,2183.05882352941,1275.75390625,0.235294117647059
243.8144,-2.05882413219414,1.80301123298392,,1.89468644594361,1.71656351861782,,,,0.624247876912256,,2.06575189472897,,0.454459189674827,,,,,,,,,,,,,0.81237939954913,,,-1.2289986659014,-0.149348202598071,,,,,0.468027332788665,,1.43849899501967,,0.861221202312555,,,,,,,1.32552511378835,,,,,,133.12,103,786.450950647249,815.399656148867,1527.96055825243,628.631067961165,944.270833333333,942.595145631068,688.204166666667,1809.79611650485,1246.125,1
243.9168,-2.04109259173031,1.83957896888848,,1.86906642463288,1.70937594277487,,,,0.614411642061156,,2.02490844247176,,0.466552758187361,,,,,,,,,,,,,0.851889055863912,,,-1.23116966056898,-0.147228649149344,,,,,0.4708825896871,,1.40833765377192,,0.882613356210367,,,,,,,1.31679808667291,,,,,,133.2224,102,819.075302542892,817.054806219363,1539.8411841299,586.388235294118,1051.76236979167,951.377450980392,682.732161458333,1863.1862745098,1216.49609375,0.549019607843137
244.0192,-2.02266481082595,1.87472655862845,,1.84315680810803,1.7019390960699,,,,0.603972495048832,,1.98160716393505,,0.47891897709766,,,,,,,,,,,,,0.890039736051087,,,-1.23280156831032,-0.145455586955517,,,,,0.474613900434895,,1.3773372404792,,0.902712451792989,,,,,,,1.3072897698221,,,,,,133.3248,103,866.862236247188,795.086686134709,1543.57908717884,578.861165048544,1154.86330744583,909.599029126214,680.574343143204,1896.59223300971,1190.56594134798,0
244.1216,-2.00359522462676,1.90834473046113,,1.81704374849935,1.69426462838166,,,,0.592940873478811,,1.93587726706875,,0.49156167845561,,,,,,,,,,,,,0.926733148002127,,,-1.23389685948652,-0.144040217657608,,,,,0.479253270540855,,1.34555151907873,,0.921485348239153,,,,,,,1.29700725978061,,,,,,133.4272,102,955.792611190818,795.95931372549,1542.07149689144,663.970588235294,1247.61463414634,916.71862745098,675.2,1893.3137254902,1190.82926829268,0.0392156862745098
244.224,-1.98393739664158,1.94032873791731,,1.79081031893462,1.68636335732608,,,,0.581329592707711,,1.88775070081216,,0.504483237559325,,,,,,,,,,,,,0.961875536415285,,,-1.2344599447673,-0.142992925216423,,,,,0.484825765074139,,1.313035430928,,0.938901554106125,,,,,,,1.28595982792066,,,,,,133.5296,102,1080.32093256815,765.701568627451,1523.33519846963,820.387254901961,1340.25461023434,866.126470588235,665.276666666667,1848.17647058824,1198.49392635103,0
244.3264,-1.96374372700091,1.97057884284348,,1.7645360461778,1.6782451866022,,,,0.569153640189962,,1.83726226608641,,0.517684202136429,,,,,,,,,,,,,0.995378062480126,,,-1.23449711641891,-0.142323198955345,,,,,0.491349266290249,,1.27984485033888,,0.954933352659595,,,,,,,1.27415906088802,,,,,,133.632,103,1042.90010835645,751.721723300971,1607.73966279473,728.628155339806,1357.17206137309,836.243689320389,667.199757281553,1997.00970873786,1218.4696168516,0
244.4288,-1.94306517557229,1.9990008113816,,1.73829647038914,1.66991905586041,,,,0.556429945107422,,1.78444972685122,,0.531162925205887,,,,,,,,,,,,,1.02715716483551,,,-1.23401648369106,-0.142039553932967,,,,,0.498834285173586,,1.24603632929971,,0.969555922169673,,,,,,,1.26161898179678,,,,,,133.7344,102,702.928015581233,638.844485294118,1992.21417629552,122.422549019608,1283.43348214286,580.926470588235,696.7625,2737.87254901961,1246.55580357143,0.225490196078431
244.5312,-1.92195099301198,2.02550640662675,,1.71216273469988,1.66139291009428,,,,0.543177137197065,,1.72935392129825,,0.544915214792256,,,,,,,,,,,,,1.05713490138055,,,-1.23302790972174,-0.142149447987083,,,,,0.507283844493804,,1.21166683036411,,0.982747455990427,,,,,,,1.24835613626548,,,,,,133.8368,103,664.712439320388,642.495388349515,2017.96328883495,128.828155339806,1200.59672330097,555.495145631068,729.495631067961,2765.45631067961,1270.47026699029,0
244.6336,-1.90044844851587,2.05001383938574,,1.68620121495808,1.65267365696038,,,,0.529415306320387,,1.67201886973999,,0.558934008967581,,,,,,,,,,,,,1.08523926872491,,,-1.23154294603627,-0.142659195872187,,,,,0.516693441164868,,1.17679345139651,,0.994489275523652,,,,,,,1.23438963720779,,,,,,133.9392,102,775.41568627451,776.9,1646.61764705882,376.401960784314,1174.42941176471,804.323529411765,749.476470588235,2026.12745098039,1267.10784313726,0
244.736,-1.87860254566572,2.07244814146653,,1.66047320659494,1.64376707769548,,,,0.515165774039526,,1.61249187550859,,0.573209080987542,,,,,,,,,,,,,1.11140449042738,,,-1.22957475641137,-0.143573883173495,,,,,0.527051092413411,,1.14147315142689,,1.00476592303261,,,,,,,1.21974117225508,,,,,,134.0416,102,799.266666666667,776.494607843137,1622.18137254902,434.86568627451,1163.66764705882,812.963725490196,740.025490196079,1997.24509803922,1247.11764705882,0
244.8384,-1.8564557238889,2.0927414492337,,1.63503467786077,1.63467767632294,,,,0.50045088975505,,1.55082361938116,,0.587726771764913,,,,,,,,,,,,,1.13557126398584,,,-1.22713802579547,-0.144897280446019,,,,,0.538337471912555,,1.10576248104568,,1.01356522637427,,,,,,,1.20443497482252,,,,,,134.144,103,887.768446601942,786.624757281553,1435.16019417476,619.381553398058,1156.15533980583,855.078640776699,718.170873786408,1656.81553398058,1213.50485436893,0
244.9408,-1.83404755196078,2.11083320189508,,1.60993608184079,1.62540847890019,,,,0.48529385709259,,1.4870682491157,,0.602469743877449,,,,,,,,,,,,,1.15768696170694,,,-1.22424885270231,-0.14663175666877,,,,,0.550526138844425,,1.06971731398614,,1.02087833647807,,,,,,,1.18849775264278,,,,,,134.2464,102,698.973039215686,730.352941176471,1704.79901960784,244.608823529412,1153.33725490196,760.322549019608,700.383333333333,2229.35294117647,1180.24509803922,0
245.0432,-1.811414430967,2.12667026593409,,1.58522221002752,1.61596081399667,,,,0.469718581682853,,1.42128346329588,,0.61741676277764,,,,,,,,,,,,,1.17770578815844,,,-1.22092462436134,-0.148778194822009,,,,,0.563583849861177,,1.03339257997131,,1.02669974805586,,,,,,,1.17195857323796,,,,,,134.3488,103,940.500485436893,713.072815533981,1646.5,608.376699029126,1272.62427184466,763.304854368932,662.840776699029,2117.55339805825,1175.44660194175,0
245.1456,-1.78858932924697,2.14020700349514,,1.56093207877556,1.60633411018305,,,,0.45374952616653,,1.35353059128244,,0.632542525733401,,,,,,,,,,,,,1.19558890129569,,,-1.21718387852666,-0.15133591482359,,,,,0.577470928585049,,0.996842008507981,,1.03102731861634,,,,,,,1.15484871749185,,,,,,134.4512,102,822.3,603.19362745098,1816.52941176471,343.875490196079,1300.72450980392,549.266666666667,657.120588235294,2457.25490196078,1175.80392156863,0
245.248,-1.76560156645486,2.15140530365562,,1.53709886090298,1.59652573743459,,,,0.437411568932066,,1.28387468031234,,0.647817562436999,,,,,,,,,,,,,1.21130450511581,,,-1.21304616089801,-0.154302607890166,,,,,0.592141664900729,,0.960117900522104,,1.03386229748701,,,,,,,1.13720151509656,,,,,,134.5536,102,963.256862745098,651.647549019608,1662.56862745098,625.719607843137,1300.79411764706,646.027450980392,657.267647058824,2142.10784313725,1183.02941176471,0
245.3504,-1.74247665498725,2.16023459021474,,1.51374988765165,1.58653090631155,,,,0.420729873983453,,1.21238460505999,,0.663208221261743,,,,,,,,,,,,,1.2248279221951,,,-1.20853188538225,-0.157674284257509,,,,,0.607544728898116,,0.923270943796885,,1.03520937137355,,,,,,,1.1190521695433,,,,,,134.656,103,664.505825242719,572.090776699029,2048.44174757282,28.383495145631,1300.62815533981,471.947572815534,672.233980582524,2907.71844660194,1189.16504854369,0
245.4528,-1.71923620291783,2.16667181694701,,1.4909067411166,1.57634263144815,,,,0.403729776953741,,1.13913320737068,,0.678676737742157,,,,,,,,,,,,,1.23614165557307,,,-1.20366219830435,-0.161445234053579,,,,,0.623623597875745,,0.88635007914889,,1.03507672824877,,,,,,,1.1004375726253,,,,,,134.7584,102,743.730882352941,721.645588235294,1779.89705882353,310.853921568627,1176.60784313725,777.649019607843,665.642156862745,2378.01960784314,1181.77450980392,0
245.5552,-1.69589788271296,2.1707014595963,,1.46858544183102,1.56595176401404,,,,0.386436683550085,,1.06419746379537,,0.694181369842096,,,,,,,,,,,,,1.24523544608917,,,-1.19845884434452,-0.165608000685292,,,,,0.64031700145028,,0.849402413866768,,1.03347613652884,,,,,,,1.08139610288505,,,,,,134.8608,103,785.955339805825,801.427669902913,1635.54368932039,470.320388349515,1101.59029126214,953.444660194175,649.410679611651,2090.61165048544,1180.47572815534,0
245.6576,-1.67247546984825,2.1723155090227,,1.44679671838865,1.55534709643013,,,,0.368875974866431,,0.987658676437877,,0.709676585638091,,,,,,,,,,,,,1.25210632080087,,,-1.19294403339508,-0.170153368081368,,,,,0.657559391473812,,0.812473174846382,,1.03042303499426,,,,,,,1.06196740229666,,,,,,134.9632,102,502.925980392157,765.70637254902,1794.05882352941,31.5421568627449,974.309803921569,883.353921568627,648.058823529412,2386.44117647059,1201.67647058824,0
245.76,-1.64897895294067,2.17151346767324,,1.42554633298511,1.54451553957023,,,,0.35107292083865,,0.909602687170412,,0.725113292545308,,,,,,,,,,,,,1.2567586204323,,,-1.18714031163696,-0.175070365018739,,,,,0.675281438384723,,0.775605697445831,,1.02593663054736,,,,,,,1.04219213262444,,,,,,135.0656,102,641.098529411765,806.473039215686,1548.19117647059,500.699019607843,781.498039215686,948.828431372549,664.117647058824,1893.39215686275,1202.99019607843,0
245.8624,-1.62541471223907,2.16830235201282,,1.40483543657203,1.53344236698929,,,,0.333052611071119,,0.830120119309753,,0.740439095268784,,,,,,,,,,,,,1.25920399736603,,,-1.18107044362746,-0.180346290120527,,,,,0.693410545795958,,0.738841449783844,,1.02004000056126,,,,,,,1.02211172085396,,,,,,135.168,103,467.968932038835,835.988349514563,1605.87378640777,249.776699029126,686.161165048544,1003.70291262136,668.273786407767,2026.40776699029,1185.33980582524,0
245.9648,-1.60178575705609,2.16269669798829,,1.38466093821543,1.52211151298174,,,,0.314839914695605,,0.749306647789162,,0.755598571391957,,,,,,,,,,,,,1.25946138262233,,,-1.17475731104004,-0.185966761289164,,,,,0.711871374015423,,0.702220089628975,,1.01276019284424,,,,,,,1.00176810384695,,,,,,135.2704,102,510.073529411765,808.271568627451,1439.07352941176,459.743137254902,560.403921568627,954.338235294118,662.204901960784,1704.67647058824,1173.47058823529,0
246.0672,-1.57809200436419,2.15471855329244,,1.36501588598203,1.51050590183647,,,,0.296459475958933,,0.667263285251141,,0.770533560719256,,,,,,,,,,,,,1.25755692144263,,,-1.16822382711235,-0.191915792336646,,,,,0.730586373346837,,0.665779546994735,,1.00412831107021,,,,,,,0.981203479872836,,,,,,135.3728,103,462.128155339806,823.234951456311,1497.9854368932,360.565048543689,563.691262135922,983.902912621359,662.566990291262,1813.68932038835,1182.28155339806,0
246.1696,-1.55433057444381,2.14439743203406,,1.34588986386971,1.49860777984226,,,,0.277935742475648,,0.584096656460708,,0.785183467987157,,,,,,,,,,,,,1.25352387652944,,,-1.16149285962912,-0.198175895051071,,,,,0.74947633321175,,0.629556127159493,,0.994179571630742,,,,,,,0.960460075556722,,,,,,135.4752,102,780.842647058824,761.292647058824,1438.53921568627,711.943137254902,849.742156862745,880.885294117647,641.7,1681.62745098039,1195.45098039216,0
246.272,-1.53049608525565,2.13177021778469,,1.32726940935972,1.48639903081202,,,,0.259293015509415,,0.499919234494637,,0.799485579513932,,,,,,,,,,,,,1.24740250162498,,,-1.15458715567264,-0.204728199783212,,,,,0.768460945241309,,0.593584634682871,,0.982953324139805,,,,,,,0.939579937867147,,,,,,135.5776,102,820.432352941177,768.862745098039,1496.79901960784,538.667647058824,1102.19705882353,920.913725490196,616.811764705882,1850.10784313725,1143.49019607843,0
246.3744,-1.50658094079802,2.11688101934492,,1.30913845222774,1.47386147314179,,,,0.240555512312102,,0.414849526649854,,0.813375395366143,,,,,,,,,,,,,1.23923989188017,,,-1.14752926646193,-0.211552585719739,,,,,0.787459367282097,,0.557898522222381,,0.970493034088491,,,,,,,0.918604758336206,,,,,,135.68,103,764.774757281553,760.093203883495,1540.30097087379,429.44854368932,1100.10097087379,897.342718446602,622.843689320388,1940.80582524272,1139.79611650485,0
246.4768,-1.48257561393514,2.09978098949911,,1.2914787689082,1.4609771412581,,,,0.221747435803058,,0.329012204854591,,0.826786972940296,,,,,,,,,,,,,1.2290898159041,,,-1.14034147377471,-0.218627812783174,,,,,0.806390771353827,,0.522530064859162,,0.956846221113167,,,,,,,0.897575732924008,,,,,,135.7824,102,1034.13725490196,707.496568627451,1519.5931372549,783.442156862745,1284.83235294118,791.951960784314,623.041176470588,1877.80392156863,1161.38235294118,0
246.5792,-1.45846892366557,2.0805281160183,,1.27427043898595,1.44772855214375,,,,0.202893048087784,,0.242538171585152,,0.839653269298393,,,,,,,,,,,,,1.21701253161112,,,-1.13304571909443,-0.225931650425511,,,,,0.825174863644317,,0.487510554602452,,0.942064342010131,,,,,,,0.876533457399583,,,,,,135.8848,103,798.730582524272,529.931067961165,1889.87378640777,230.202912621359,1367.25825242718,442.805825242719,617.056310679612,2616.15533980583,1163.59223300971,0
246.6816,-1.43424831339551,2.05918700066073,,1.25749228608247,1.43409896606702,,,,0.184016741681088,,0.155564552000159,,0.851906475001538,,,,,,,,,,,,,1.20307458879133,,,-1.12566353592714,-0.233441004648578,,,,,0.843732373606208,,0.452870504711562,,0.926202620996683,,,,,,,0.855517855331371,,,,,,135.9872,102,901.107843137255,605.298039215686,1818.48039215686,448.192156862745,1354.02352941176,583.205882352941,627.390196078431,2462.13725490196,1174.82352941176,0
246.784,-1.40990014257509,2.03582864508808,,1.24112228855615,1.4200726593115,,,,0.16514310339776,,0.0682346090432067,,0.863478350274644,,,,,,,,,,,,,1.18734862095622,,,-1.11821598606026,-0.241132048112527,,,,,0.86198551470518,,0.418639852535249,,0.909319845231512,,,,,,,0.834568135744283,,,,,,136.0896,102,586.417759317467,626.893481514743,1962.32341715312,-83.0968343062416,1255.93235294118,477.522257147134,776.264705882353,2898.06840293369,1026.57843137255,0
246.8864,-1.38540999499938,2.01053024866413,,1.22513795516422,1.40563521680413,,,,0.146296972940146,,-0.0193024154246104,,0.874300581769653,,,,,,,,,,,,,1.16991312406633,,,-1.11072360050534,-0.248980354960843,,,,,0.87985841927622,,0.384848156093929,,0.891478136628139,,,,,,,0.813722780054922,,,,,,136.192,103,706.764959608686,1127.47574668347,1183.42533165345,462.143511450382,951.386407766991,549.453435114504,1705.49805825243,2141.65648854962,225.194174757281,0.592233009708738
246.9888,-1.3607629925146,1.98337500526206,,1.20951667081024,1.39077383317838,,,,0.127503503362566,,-0.106891527787355,,0.884305168129199,,,,,,,,,,,,,1.15085221653751,,,-1.10320632500147,-0.256961037476918,,,,,0.897277549170979,,0.351524786561978,,0.872742694067761,,,,,,,0.793019559031065,,,,,,136.2944,102,1056.07669323455,695.69498016764,1265.36472833408,982.514170782817,1129.63921568627,620.133097590181,771.256862745098,1436.10200568777,1094.62745098039,0
247.0912,-1.33594410070234,1.95445188305061,,1.19423601946666,1.37547760283335,,,,0.108788224316339,,-0.19437227785259,,0.893424832300049,,,,,,,,,,,,,1.13025537719496,,,-1.09568346900895,-0.265048880982017,,,,,0.914172081354422,,0.318699115465867,,0.85318149999358,,,,,,,0.772495576881246,,,,,,136.3968,103,573.6,686.905825242719,1921.02912621359,4.23689320388353,1142.96310679612,670.271844660194,703.539805825243,2593.60194174757,1248.45631067961,0
247.1936,-1.31093841969902,1.92385537698953,,1.17927408449958,1.35973778217401,,,,0.0901770951786748,,-0.28157913279585,,0.90159345483041,,,,,,,,,,,,,1.1082171593756,,,-1.08817365636171,-0.273218473273046,,,,,0.930474258885752,,0.286400686254976,,0.832864996088976,,,,,,,0.752187332569974,,,,,,136.4992,102,562.236274509804,720.748039215686,2020.23529411765,-98.2294117647059,1222.70196078431,715.621568627451,725.874509803922,2732.98039215686,1307.49019607843,0
247.296,-1.28573145489944,1.89168522438835,,1.1646097194264,1.34354800935712,,,,0.071696530362106,,-0.368341942509833,,0.908746518528683,,,,,,,,,,,,,1.08483687578372,,,-1.08069477607196,-0.281444324659942,,,,,0.946119692694926,,0.254659355906833,,0.811865734969636,,,,,,,0.73213078374567,,,,,,136.6016,102,847.16568627451,776.716666666667,1902.32352941176,340.870588235294,1353.46078431373,844.108823529412,709.324509803922,2480.6568627451,1323.99019607843,0
247.3984,-1.26030936195683,1.85804607329777,,1.15022278147148,1.32690447225887,,,,0.05337338914359,,-0.45448649563867,,0.914821554146852,,,,,,,,,,,,,1.06021824487041,,,-1.07326393435057,-0.289700977867771,,,,,0.961047608715019,,0.223505395486428,,0.790258011759584,,,,,,,0.712361400457496,,,,,,136.704,103,765.967475728155,774.729611650486,1968.0145631068,178.035922330097,1353.89902912621,841.084466019418,708.374757281553,2665.82524271845,1270.20388349515,0
247.5008,-1.23465916512811,1.82304709784255,,1.13609432456467,1.30980602502146,,,,0.0352349335906625,,-0.539835156049981,,0.919758584235327,,,,,,,,,,,,,1.03446899027487,,,-1.0658974111473,-0.297963111058202,,,,,0.975201047420291,,0.192969544165089,,0.768117479612891,,,,,,,0.692914201027104,,,,,,136.8064,102,735.641176470588,755.728431372549,1948.1568627451,122.693137254902,1348.58921568627,809.033333333333,702.423529411765,2685.52941176471,1210.78431372549,0
247.6032,-1.20876895179947,1.78680155897124,,1.12220675265209,1.2922542566529,,,,0.0173087594246765,,-0.624207578041766,,0.923500571521275,,,,,,,,,,,,,1.00770039025021,,,-1.0586106227573,-0.306205637018837,,,,,0.988527024368787,,0.163083015088619,,0.745520754005629,,,,,,,0.673823765770905,,,,,,136.9088,103,701.117475728155,744.004368932039,1956.13106796117,53.2446601941748,1348.99029126214,783.741747572816,704.266990291262,2720.12621359223,1192.1359223301,0
247.7056,-1.18262804677616,1.74942631562916,,1.10854393576328,1.2742535151448,,,,-0.000377299054588248,,-0.707421508408484,,0.925993882834419,,,,,,,,,,,,,0.980026782888633,,,-1.05141808886749,-0.314403799056468,,,,,1.00097665384041,,0.133877454746164,,0.722545012494227,,,,,,,0.655124227310061,,,,,,137.0112,102,505.714705882353,742.777941176471,1907.38235294118,-155.504901960784,1166.93431372549,826.842156862745,658.713725490196,2638.1862745098,1176.57843137255,0
247.808,-1.15622717065007,1.71104130103299,,1.09509129121157,1.25581089444132,,,,-0.0177952899580195,,-0.789293678463026,,0.927188777858064,,,,,,,,,,,,,0.95156503974717,,,-1.04433340234928,-0.32253326308519,,,,,1.01250523212411,,0.105384861785201,,0.699267598534689,,,,,,,0.63684924200753,,,,,,137.1136,102,188.786274509804,742.257843137255,1928.65196078431,-496.713725490196,874.286274509804,904.967647058824,579.548039215686,2720.21568627451,1137.08823529412,0
247.9104,-1.12955858293688,1.67176897747737,,1.08183583304703,1.23693618853231,,,,-0.0349172905140839,,-0.869640779020649,,0.927039922452081,,,,,,,,,,,,,0.922434017489781,,,-1.03736920167335,-0.330570206156978,,,,,1.02307227654347,,0.077637473524144,,0.675765631530292,,,,,,,0.619031950756289,,,,,,137.216,103,223.083980582524,755.280097087379,1887.57766990291,-424.219417475728,870.387378640777,928.792233009709,581.767961165049,2643.52427184466,1131.63106796117,0
248.0128,-1.10261620485446,1.63173377212461,,1.06876619478452,1.21764180762861,,,,-0.0517155796334313,,-0.948280506776424,,0.925506915041302,,,,,,,,,,,,,0.892753988970397,,,-1.03053714590281,-0.338491403473324,,,,,1.03264152163569,,0.0506676261924603,,0.652115617141615,,,,,,,0.601704933297334,,,,,,137.3184,102,583.017647058824,738.671568627451,1789.63725490196,24.8333333333334,1141.20196078431,833.285294117647,644.057843137255,2419.02941176471,1160.24509803922,0
248.1152,-1.07539572071643,1.59106149959013,,1.05587263164066,1.19794265768826,,,,-0.0681628316748782,,-1.02503266498221,,0.922554808968131,,,,,,,,,,,,,0.862646055578595,,,-1.0238478913372,-0.346274316906176,,,,,1.04118088197113,,0.0245075918017963,,0.62839305788788,,,,,,,0.584900152907094,,,,,,137.4208,103,683.72177570964,718.3425552144,1965.03960794737,4.32750888576131,1363.11604253352,735.666525130603,701.018585298197,2761.68624317168,1168.39297272307,0
248.2176,-1.04789466701402,1.54987879601925,,1.043147006555,1.17785600444246,,,,-0.0842323169068113,,-1.0997202900436,,0.91815460946104,,,,,,,,,,,,,0.832231552738622,,,-1.01731106949189,-0.353897186491303,,,,,1.04866239762724,,-0.000810606005276493,,0.604672076481909,,,,,,,0.568648886383744,,,,,,137.5232,102,763.895800670801,709.306499356499,1857.14498264498,195.667936117936,1332.12366522367,725.657371007371,692.955627705628,2513.58722358722,1200.70274170274,0.392156862745098
248.32,-1.02011251810358,1.50831259381025,,1.03058275857161,1.15740134699345,,,,-0.0998980908684508,,-1.17217076784545,,0.912283718830533,,,,,,,,,,,,,0.801631466255103,,,-1.01093526907071,-0.36133912374083,,,,,1.05506217950206,,-0.0252553954998091,,0.581025063633991,,,,,,,0.552981639106633,,,,,,137.6256,102,886.859284934285,676.3734000234,1688.56910806911,476.330835380835,1297.38773448773,676.261302211302,676.485497835498,2138.16707616708,1238.97113997114,1
248.4224,-0.992050768124387,1.46648964560234,,1.01817484816343,1.13660030848428,,,,-0.115135161545788,,-1.24221690612696,,0.904926306720611,,,,,,,,,,,,,0.77096587176189,,,-1.00472802667681,-0.368580204061341,,,,,1.0603603638359,,-0.0487958799807306,,0.557522351926438,,,,,,,0.537928050160843,,,,,,137.728,103,1010.42553137553,643.278863928864,1519.16688116688,758.369533169533,1262.48152958153,626.623095823096,659.934632034632,1760.90663390663,1277.42712842713,1
248.5248,-0.963713000957546,1.42453608169334,,1.00591967808498,1.11547653247261,,,,-0.129919633239144,,-1.30969793952354,,0.896073594929058,,,,,,,,,,,,,0.740353398953904,,,-0.998695829499415,-0.375601555107059,,,,,1.0645410732116,,-0.0714020789349716,,0.534231912080654,,,,,,,0.523516792856989,,,,,,137.8304,102,1123.09761319761,610.978963378963,1371.20624023565,1018.6199017199,1227.57532467532,578.574160524161,643.383766233766,1426.52936358819,1315.88311688312,1
248.6272,-0.93510493547503,1.38257697411719,,0.993814997760376,1.09405556468277,,,,-0.144228835806648,,-1.37446045835948,,0.885724060385739,,,,,,,,,,,,,0.709910713909659,,,-0.992844130824375,-0.382385438089017,,,,,1.06759237470481,,-0.0930451804495857,,0.511219066930219,,,,,,,0.50977547210943,,,,,,137.9328,103,809.931161826308,623.407712352373,1804.33460121324,427.193203883495,1192.66911976912,619.982524271845,626.832900432901,2254.33009708738,1354.33910533911,1
248.7296,-0.906234435689929,1.34073588824613,,0.981859804090348,1.07236470520974,,,,-0.158041451280583,,-1.43635926322228,,0.87388357024715,,,,,,,,,,,,,0.679752012057965,,,-0.987177378229242,-0.38891531969076,,,,,1.06950622531351,,-0.113697795763205,,0.48854621951043,,,,,,,0.496730516314758,,,,,,138.0352,102,576.517731941261,693.552291825821,2098.6622527799,-4.72745098039217,1157.76291486292,776.822549019608,610.282034632035,2804.52941176471,1392.79509379509,0.46078431372549
248.832,-0.877111485006092,1.2991344210311,,0.970054244760782,1.05043283013724,,,,-0.171337641757721,,-1.4952581501217,,0.860565462135053,,,,,,,,,,,,,0.64998852000915,,,-0.981699052938718,-0.395175933207702,,,,,1.07027839747833,,-0.133334211281938,,0.466272595181012,,,,,,,0.484407060904223,,,,,,138.1376,102,514.858174178762,641.288840081487,2236.05729564553,-151.105882352941,1180.82223071047,668.505882352941,614.071797810033,3047.97058823529,1424.14400305577,0
248.9344,-0.847748128055867,1.25789173078225,,0.958399519912532,1.02829018361967,,,,-0.184099173221991,,-1.55103063264752,,0.845790569225113,,,,,,,,,,,,,0.620728007068833,,,-0.976411716576287,-0.401153328599828,,,,,1.06990838352297,,-0.151930640652433,,0.444453996292634,,,,,,,0.472828819939272,,,,,,138.24,103,909.100485436893,619.186893203884,2198.43203883495,335.338834951456,1482.86213592233,573.572815533981,664.800970873787,3030.5145631068,1366.34951456311,0
249.0368,-0.818158382555729,1.21712405358776,,0.94689777971289,1.00596813474556,,,,-0.196309529070034,,-1.60356060930932,,0.829587182060496,,,,,,,,,,,,,0.59207430528981,,,-0.971317061296628,-0.406834912079439,,,,,1.06839928211916,,-0.169465483087832,,0.423142564813325,,,,,,,0.462017936716973,,,,,,138.3424,102,793.162745098039,629.455392156863,2375.44607843137,109.239215686275,1477.0862745098,580.311764705883,678.599019607843,3381.28431372549,1369.60784313726,0
249.1392,-0.788358130070872,1.17694420304425,,0.93555202304311,0.983498902547104,,,,-0.207954009737287,,-1.65274298128888,,0.811990945095881,,,,,,,,,,,,,0.564126840055799,,,-0.966415961724119,-0.412209476495657,,,,,1.06575766947434,,-0.185919592634537,,0.40238655550061,,,,,,,0.451994802817346,,,,,,138.4448,103,748.812621359223,608.410194174757,2441.56796116505,13.7572815533981,1483.86796116505,537.073786407767,679.746601941748,3517.40776699029,1365.72815533981,0
249.2416,-0.758365004297172,1.13746107065575,,0.924365999080551,0.960915274742382,,,,-0.21901981564736,,-1.69848422269444,,0.793044692251046,,,,,,,,,,,,,0.536980182091092,,,-0.961708528732893,-0.417267224234338,,,,,1.06199345940988,,-0.201276558520183,,0.382230131852111,,,,,,,0.442777844310433,,,,,,138.5472,102,748.747058823529,613.735294117647,2403.76960784314,12.8519607843137,1484.64215686275,544.816666666667,682.653921568628,3455.76470588235,1351.77450980392,0
249.344,-0.728198295853371,1.09877915649071,,0.913344104204882,0.938250354182309,,,,-0.229496111512789,,-1.74070290291353,,0.772798227730373,,,,,,,,,,,,,0.510723632727092,,,-0.957194164516797,-0.421999785980219,,,,,1.05711976039426,,-0.215522991621434,,0.362713197587508,,,,,,,0.434383284557412,,,,,,138.6496,102,1373.63529411765,1037.21176470588,2037.72549019608,895.766666666667,1851.50392156863,1093.21176470588,981.211764705882,2837.22549019608,1238.22549019608,0
249.4464,-0.697878883635911,1.0609981463095,,0.902491267320181,0.915537351246405,,,,-0.239374072354059,,-1.77933015078981,,0.751308062254857,,,,,,,,,,,,,0.485440843982888,,,-0.952871618530488,-0.426400240515114,,,,,1.05115273762982,,-0.228648810044981,,0.343871274601049,,,,,,,0.426824897841318,,,,,,138.752,103,1425.91844660194,1126.31504854369,1997.72815533981,977.300970873786,1874.5359223301,1209.66796116505,1042.96213592233,2828.55339805825,1166.90291262136,0
249.5488,-0.6674291893846,1.02421252949198,,0.891812826982965,0.892809416746188,,,,-0.248646914952552,,-1.81431003984813,,0.728637114510846,,,,,,,,,,,,,0.461209471401428,,,-0.948739045464418,-0.430463138195731,,,,,1.04411148767952,,-0.24064751671472,,0.325735435502471,,,,,,,0.420113770593381,,,,,,138.8544,102,1446.78921568627,1129.24656862745,2030.9068627451,1019.15392156863,1874.42450980392,1203.35294117647,1055.14019607843,2884.55882352941,1177.25490196078,0
249.6512,-0.636873140735741,0.988511244200693,,0.881314411261414,0.870099498092329,,,,-0.25730992001254,,-1.84559987850551,,0.704854378151882,,,,,,,,,,,,,0.438100867480619,,,-0.944794066454535,-0.434184525214283,,,,,1.03601793581222,,-0.251516458423398,,0.308332288246588,,,,,,,0.414258088676116,,,,,,138.9568,103,1400.2932038835,1129.60582524272,2138.77669902913,922.954368932039,1877.63203883495,1166.30097087379,1092.91067961165,3055.19417475728,1222.35922330097,0
249.7536,-0.606236128625514,0.953977345170562,,0.87100182712655,0.847440205739791,,,,-0.265360445197393,,-1.87317040297443,,0.680034547835328,,,,,,,,,,,,,0.416179828477994,,,-0.941033832241592,-0.437561964853051,,,,,1.02689676443155,,-0.261257052516384,,0.291684002431475,,,,,,,0.409262966829309,,,,,,139.0592,102,1470.84166666667,1159.70049019608,1980.62254901961,1060.40392156863,1881.27941176471,1238.97058823529,1080.43039215686,2688.71568627451,1272.52941176471,0
249.856,-0.575544954140856,0.920687701653,,0.860880955351101,0.824863685919294,,,,-0.272797923322358,,-1.8970058770811,,0.654257601315021,,,,,,,,,,,,,0.395504397915701,,,-0.937455085094638,-0.440594555048846,,,,,1.01677537037347,,-0.269874971984799,,0.275808368664063,,,,,,,0.405130326877624,,,,,,139.1616,102,1518.74509803922,1260.30735294118,1968.27941176471,1159.27941176471,1878.21078431373,1441.73431372549,1078.88039215686,2629,1307.55882352941,0
249.9584,-0.544827761523179,0.888712734477283,,0.850957642767679,0.802401497249753,,,,-0.279623846590926,,-1.91710410751019,,0.627608338111518,,,,,,,,,,,,,0.37612572128841,,,-0.934054217387262,-0.443282940044935,,,,,1.00568383805119,,-0.277380288600178,,0.2607188784078,,,,,,,0.40185881624304,,,,,,139.264,103,1532.20388349515,1259.26116504854,1936.45145631068,1183.4932038835,1880.9145631068,1434.17961165049,1084.3427184466,2565.60194174757,1307.30097087379,0
250.0608,-0.514113950394476,0.858116195470169,,0.841237586394095,0.780084487122486,,,,-0.285841751041353,,-1.93347639663081,,0.600175871914878,,,,,,,,,,,,,0.3580879472351,,,-0.930827327353315,-0.445629309259655,,,,,0.993654914066085,,-0.28378757943328,,0.246424803660182,,,,,,,0.399443748545142,,,,,,139.3664,102,1371.07058823529,1127.75441176471,2172.58333333333,857.340196078432,1884.80098039216,1152.21176470588,1103.29705882353,3075.07843137255,1270.08823529412,0
250.1632,-0.483434066987627,0.828954991663191,,0.83172620378046,0.757942668572364,,,,-0.291457216675352,,-1.94614746626411,,0.572053074864934,,,,,,,,,,,,,0.3414281710235,,,-0.927770274432172,-0.447637378622643,,,,,0.980723977062843,,-0.289116005103945,,0.232931267316579,,,,,,,0.397877051364317,,,,,,139.4688,103,1372.35339805825,1149.75145631068,2113.65048543689,867.732038834951,1876.97475728155,1199.44174757282,1100.06116504854,3003.97087378641,1223.33009708738,0
250.2656,-0.452819683561271,0.801279058759983,,0.822428485695364,0.736005102764164,,,,-0.296477885919712,,-1.95515536973105,,0.543335982355893,,,,,,,,,,,,,0.326176414813231,,,-0.924878736722308,-0.449312357169644,,,,,0.966929004004671,,-0.293389367748392,,0.22023931946306,,,,,,,0.397147215070059,,,,,,139.5712,102,1408.00098039216,1181.43529411765,2020.24019607843,942.379411764706,1873.62254901961,1258.65196078431,1104.21862745098,2854,1186.48039215686,0
250.368,-0.422303272762039,0.775131282989659,,0.813348838372272,0.714299787977528,,,,-0.300913489545565,,-1.96055137354805,,0.514123175337376,,,,,,,,,,,,,0.312355642728407,,,-0.922148271291636,-0.450660905205323,,,,,0.952310533331447,,-0.296636150711644,,0.208346039631617,,,,,,,0.397239242941676,,,,,,139.6736,102,1427.57892156863,1209.57303921569,1954.34803921569,984.803921568627,1870.35392156863,1295.67843137255,1123.46764705882,2754.32352941177,1154.37254901961,0
250.4704,-0.391918074932862,0.750547457005355,,0.804490930715454,0.692853548832599,,,,-0.304775867223779,,-1.96239977977986,,0.484515157224888,,,,,,,,,,,,,0.299981809489695,,,-0.919574375787225,-0.451691087944046,,,,,0.936911621010236,,-0.298889536983345,,0.197244665170593,,,,,,,0.398134606786934,,,,,,139.776,103,1256.23786407767,1198.06262135922,1910.01941747573,733.221359223301,1779.25436893204,1271.2640776699,1124.86116504854,2682.18446601942,1137.85436893204,0
250.5728,-0.36169794984811,0.727556247717546,,0.795857553054344,0.671691915733317,,,,-0.308078979129171,,-1.96077768812185,,0.45461373702617,,,,,,,,,,,,,0.28906393524294,,,-0.917152548750724,-0.452412324433331,,,,,0.920777782521645,,-0.300187404116562,,0.186924727237508,,,,,,,0.399811212770229,,,,,,139.8784,102,452.58431372549,1185.675,1919.77941176471,-48.2029411764706,953.371568627451,1232.46960784314,1138.88039215686,2537.05882352941,1302.5,0
250.6752,-0.331677206140309,0.706179167602573,,0.787450477255951,0.650838989886408,,,,-0.310838910351196,,-1.95577471922675,,0.424521419552191,,,,,,,,,,,,,0.279604201949188,,,-0.914878345814067,-0.452835329262265,,,,,0.903956913462094,,-0.300572293367575,,0.177372176647694,,,,,,,0.402243380357259,,,,,,139.9808,103,483.655825242718,804.51359223301,1630.72815533981,108.200970873786,859.110679611651,897.809708737864,711.217475728155,1982.8932038835,1278.56310679612,0
250.7776,-0.30189041245143,0.686430563892401,,0.779270302217908,0.630317301134588,,,,-0.313073864402453,,-1.94749271306866,,0.394340792063835,,,,,,,,,,,,,0.271598077170085,,,-0.91274742894542,-0.452972045276571,,,,,0.886499184992699,,-0.300091348918886,,0.168569492747683,,,,,,,0.405401837852846,,,,,,140.0832,102,356.197549019608,550.704411764706,1849.51470588235,-108.085294117647,820.480392156863,750.405882352941,351.002941176471,2446.37254901961,1252.6568627451,0
250.88,-0.272372198945676,0.668317641360144,,0.771316276194285,0.610147666313096,,,,-0.314804139092954,,-1.93604539955773,,0.364173891790411,,,,,,,,,,,,,0.265034468540595,,,-0.910755608365519,-0.452835568012623,,,,,0.868456916664887,,-0.298796224704572,,0.160495773015484,,,,,,,0.409253739337935,,,,,,140.1856,102,126.585784313726,614.769607843137,2064.70588235294,-554.095098039216,807.266666666667,863.936274509804,365.602941176471,2862.82352941177,1266.58823529412,0
250.9824,-0.243157053431436,0.651840517858658,,0.763586097906826,0.59034904830298,,,,-0.316052083485322,,-1.9215580294745,,0.334121544534049,,,,,,,,,,,,,0.259895901063242,,,-0.908898881499831,-0.452440065783241,,,,,0.849884434757172,,-0.296742959293732,,0.153126802598924,,,,,,,0.413762705776648,,,,,,140.288,103,127.831067961165,613.681067961165,2069.40291262136,-541.547572815534,797.209708737864,862.972815533981,364.38932038835,2851.07766990291,1287.72815533981,0
251.0848,-0.214279117304512,0.636992305278775,,0.756075707151295,0.570938420050448,,,,-0.316842037065793,,-1.90416695446136,,0.304282681386557,,,,,,,,,,,,,0.256158708265757,,,-0.907173474525248,-0.451800702101963,,,,,0.830837925549191,,-0.293991821239849,,0.146435110997459,,,,,,,0.418888888403153,,,,,,140.3904,102,244.210294117647,594.449019607843,1805.30882352941,-296.474509803922,784.895098039216,817.29705882353,371.600980392157,2274.09803921569,1336.51960784314,0
251.1872,-0.185771987363716,0.623759212264763,,0.748779081345351,0.551930642608614,,,,-0.317200248823891,,-1.88401915702762,,0.274753657052071,,,,,,,,,,,,,0.253793233212275,,,-0.905575886398819,-0.450933565247366,,,,,0.811375286706867,,-0.290607128899784,,0.140390028696242,,,,,,,0.424589050419314,,,,,,140.4928,103,302.781553398058,596.113106796117,1632.69902912621,-188.407766990291,793.970873786408,803.765048543689,388.461165048544,1876.33980582524,1389.05825242718,0
251.2896,-0.157668523215729,0.612120668578964,,0.741688055462767,0.533338360961722,,,,-0.317154776150346,,-1.86127174095816,,0.245627596092747,,,,,,,,,,,,,0.25276403912242,,,-0.904102928527511,-0.449855603184554,,,,,0.791555972130903,,-0.286657045935809,,0.13495775320706,,,,,,,0.430816667264332,,,,,,140.5952,102,321.593137254902,610.539705882353,1655.56862745098,-155.727450980392,798.913725490196,811.748039215686,409.33137254902,1875.55882352941,1435.57843137255,0
251.392,-0.130000660904813,0.602049476179644,,0.734792179952024,0.515171921202004,,,,-0.31673537225864,,-1.83609138600749,,0.21699378679607,,,,,,,,,,,,,0.25303013477952,,,-0.9027517527067,-0.448584558795357,,,,,0.771440826627646,,-0.28221334951973,,0.130101430606401,,,,,,,0.437522050521447,,,,,,140.6976,102,328.107352941177,616.756862745098,1678.02941176471,-143.090196078431,799.304901960784,799.525490196078,433.988235294118,1904.21568627451,1451.8431372549,0
251.4944,-0.102799242486109,0.593511992764479,,0.728078624324697,0.497439315833031,,,,-0.315973371663134,,-1.8086537636747,,0.188937134417492,,,,,,,,,,,,,0.254545220849561,,,-0.901519864689923,-0.447138903691043,,,,,0.75109191244603,,-0.277351172032856,,0.125781258182481,,,,,,,0.444652498560674,,,,,,140.8,103,337.417475728155,637.13640776699,1678.04854368932,-130.392233009709,805.22718446602,823.571844660194,450.700970873786,1907.53398058252,1448.56310679612,0
251.5968,-0.0760938735360641,0.586468349534669,,0.721532120730282,0.480146161306851,,,,-0.314901572539609,,-1.77914291781802,,0.161537675511071,,,,,,,,,,,,,0.257257957676959,,,-0.900405125494133,-0.445537772186042,,,,,0.730572330821281,,-0.272148725256455,,0.121954613630039,,,,,,,0.45215247111195,,,,,,140.9024,102,384.710984566439,628.466125702295,1629.7661085915,-59.2317290552585,828.653698188136,800.99696969697,455.93528170762,1853.32323232323,1406.20898485977,0
251.6992,-0.0499128146260655,0.580872708469237,,0.715134929727841,0.463295712497834,,,,-0.313554106267154,,-1.74775062417503,,0.134870145113374,,,,,,,,,,,,,0.261112254996938,,,-0.899405744257471,-0.443800896085038,,,,,0.709946040193512,,-0.266687016907487,,0.118576215853961,,,,,,,0.459963781587868,,,,,,141.0048,103,646.343757192175,555.102052167242,1465.5778672804,372.731818181818,919.955696202532,613.445454545455,496.75864978903,1658.48484848485,1272.67088607595,0.611650485436893
251.8016,-0.0242829040336609,0.576673570614522,,0.708866817037881,0.446888921717525,,,,-0.311966285930419,,-1.71467573741646,,0.109003588197262,,,,,,,,,,,,,0.266047588947027,,,-0.898520264219536,-0.441948537442963,,,,,0.689277669351848,,-0.2610495598882,,0.115598318603946,,,,,,,0.468025802573654,,,,,,141.1072,102,924.726937092443,468.820037305294,1295.66506464496,835.91871657754,1013.53515760735,410.313012477718,527.32706213287,1450.79500891266,1140.53512037727,0
251.904,0.00077049962942749,0.573814142154608,,0.70270505368107,0.430924543956152,,,,-0.310174434009569,,-1.68012351064219,,0.0840010189876211,,,,,,,,,,,,,0.271999351068775,,,-0.897747540332717,-0.440001412984501,,,,,0.668632317154869,,-0.255322064093974,,0.112970933539304,,,,,,,0.476275685608171,,,,,,141.2096,102,1040.79852941176,368.188725490196,1355.32843137255,1030.48823529412,1051.10882352941,333.819607843137,402.557843137255,1446.47058823529,1264.1862745098,0
252.0064,0.0252235673482945,0.57223275010995,,0.696624465402204,0.415399278761678,,,,-0.308215700592827,,-1.64430485740412,,0.059919140044476,,,,,,,,,,,,,0.278899229863271,,,-0.897086708192249,-0.437980605323252,,,,,0.648075331675007,,-0.249592100502525,,0.110642079092343,,,,,,,0.484648600971144,,,,,,141.312,103,428.726699029126,569.090291262136,2149.03883495146,-200.446601941748,1057.9,739.03786407767,399.142718446602,2929.8932038835,1368.18446601942,0
252.1088,0.0490540466216756,0.571863286771426,,0.690597546906599,0.400307932020395,,,,-0.306127888663863,,-1.60743554299961,,0.0368081211138776,,,,,,,,,,,,,0.286675625385917,,,-0.89653714706101,-0.435907463115003,,,,,0.627672073533952,,-0.243948734261224,,0.108558048445928,,,,,,,0.493078000410551,,,,,,141.4144,102,596.595588235294,609.278431372549,1699.62745098039,124.95,1068.24117647059,820,398.556862745098,1979.50980392157,1419.74509803922,0
252.2112,0.0722413042719749,0.572635664750207,,0.684594636909115,0.385643581303906,,,,-0.303949294018334,,-1.56973531703367,,0.0147114181578509,,,,,,,,,,,,,0.295254099415581,,,-0.896098439355862,-0.433803495935454,,,,,0.607487673449043,,-0.238482126550057,,0.106663681447181,,,,,,,0.501495899219591,,,,,,141.5168,103,603.027184466019,619.242718446602,1678.46601941748,136.256310679612,1069.79805825243,832.077669902913,406.407766990291,1892.47572815534,1464.45631067961,0
252.3136,0.094766365795569,0.574476280055934,,0.678584137020496,0.371397736139823,,,,-0.301718552796279,,-1.53142700401238,,-0.00633438917989443,,,,,,,,,,,,,0.304557861504489,,,-0.895770327266698,-0.431690266794359,,,,,0.587586787627674,,-0.233283107057837,,0.104902626653561,,,,,,,0.509833172982222,,,,,,141.6192,102,431.107843137255,943.750490196078,1972.54901960784,-79.621568627451,941.837254901961,1048.70490196078,838.796078431373,2372.92156862745,1572.17647058824,0
252.416,0.116611952716044,0.577308489908517,,0.672532756236147,0.357560494729407,,,,-0.29947448750108,,-1.49273556416616,,-0.0262997466008589,,,,,,,,,,,,,0.314508284204495,,,-0.895552667613792,-0.429589282204527,,,,,0.568033350291676,,-0.228442726329442,,0.103217595158171,,,,,,,0.518019865066977,,,,,,141.7216,102,97.4921568627451,1007.39803921569,2551.12745098039,-721.590196078431,916.574509803922,991.922549019608,1022.87352941176,3486.40196078431,1615.85294117647,0
252.5184,0.137762517449084,0.581053106930279,,0.666405770699212,0.344120704020116,,,,-0.297255951934458,,-1.45388713954789,,-0.0451622496185052,,,,,,,,,,,,,0.325025434635863,,,-0.895445386092836,-0.427521879076575,,,,,0.548890323639574,,-0.224051802910821,,0.10155061957655,,,,,,,0.525985496353144,,,,,,141.824,103,151.593203883495,1059.15436893204,2482.26213592233,-621.01359223301,924.2,1112.16796116505,1006.14077669903,3396.33980582524,1568.18446601942,0
252.6208,0.158204273718721,0.585628901779062,,0.660167294326938,0.331066127955716,,,,-0.295101679860026,,-1.41510810197563,,-0.062906730812613,,,,,,,,,,,,,0.336028606822686,,,-0.895448430535062,-0.425509108858093,,,,,0.530219446547932,,-0.220200478048983,,0.0998433287095346,,,,,,,0.533659367834378,,,,,,141.9264,102,151.483333333333,1064.11911764706,2464.57352941177,-627.076470588235,930.043137254902,1110.40980392157,1017.82843137255,3373.60784313726,1555.53921568627,0
252.7232,0.177925218119476,0.590953102077692,,0.653780553823815,0.31838362241681,,,,-0.293050138228069,,-1.37662411250349,,-0.0795253067854778,,,,,,,,,,,,,0.347436839780526,,,-0.895561723119865,-0.423571623314198,,,,,0.512080986206083,,-0.216977785757236,,0.0980372375889315,,,,,,,0.540970856286494,,,,,,142.0288,103,114.118446601942,1051.86067961165,2480.14563106796,-701.661165048544,929.898058252427,1078.35242718447,1025.36893203884,3417.03883495146,1543.25242718447,0
252.8256,0.19691513547561,0.59694187846456,,0.647208159344592,0.306059311782103,,,,-0.291139384878934,,-1.3386591956002,,-0.0950173902825338,,,,,,,,,,,,,0.359169413038958,,,-0.895785113909122,-0.421729569450153,,,,,0.494533502021965,,-0.214471241586181,,0.0960740446948607,,,,,,,0.547849709500513,,,,,,142.1312,102,337.136274509804,874.060294117647,2477.20588235294,-493.786274509804,1168.05882352941,896.080392156863,852.040196078431,3422.86274509804,1531.54901960784,0
252.928,0.215165583905664,0.603510812216077,,0.640412365263255,0.294078761204224,,,,-0.289406933386565,,-1.30143482787988,,-0.109389674320378,,,,,,,,,,,,,0.371146320012338,,,-0.896118338647534,-0.420002498143555,,,,,0.477633630786797,,-0.212766447709041,,0.0938959264449023,,,,,,,0.554226342483758,,,,,,142.2336,102,674.676960784314,846.761764705882,2222.89705882353,35.7980392156863,1313.55588235294,973.750980392157,719.772549019608,2915.36274509804,1530.43137254902,0
253.0304,0.232669865787554,0.610575337609017,,0.633355321155311,0.282427134962152,,,,-0.287889624531704,,-1.26516903261221,,-0.12265609278852,,,,,,,,,,,,,0.383288719809719,,,-0.896560982403475,-0.418409285710451,,,,,0.461435893746702,,-0.211946707300811,,0.0914458210168752,,,,,,,0.560032132436686,,,,,,142.336,103,914.518446601942,853.916990291262,1765.90776699029,522.591262135922,1306.44563106796,982.889320388349,724.944660194175,1982.22330097087,1549.59223300971,0
253.1328,0.24942299550622,0.618051153607472,,0.625999320042387,0.271089332107978,,,,-0.286623497326327,,-1.23007546433346,,-0.134837754426468,,,,,,,,,,,,,0.395519362003315,,,-0.897112449564051,-0.416968065609695,,,,,0.445992516183402,,-0.212092641252929,,0.0886677005611028,,,,,,,0.565199715219867,,,,,,142.4384,102,842.723529411765,1257.40588235294,2295.28431372549,474.382352941177,1211.06470588235,1352.36274509804,1162.44901960784,2978.01960784314,1612.54901960784,0
253.2352,0.265421670207327,0.625854606097003,,0.61830705556129,0.260050099348803,,,,-0.285643651777756,,-1.19636248144016,,-0.145962836641471,,,,,,,,,,,,,0.40776297699123,,,-0.897771938679186,-0.415696167235315,,,,,0.431353244722784,,-0.213281805078,,0.085506837285331,,,,,,,0.569663286192744,,,,,,142.5408,103,602.677669902913,1657.74708737864,2667.32038834951,133.353398058252,1072.00194174757,1573.33786407767,1742.15631067961,3712.2427184466,1622.39805825243,0
253.3376,0.280664249564445,0.633903040854629,,0.610241892008881,0.249294120600665,,,,-0.284984098924361,,-1.1642322285178,,-0.156066429352825,,,,,,,,,,,,,0.419946625757882,,,-0.898538418706157,-0.414610058948819,,,,,0.417565150453753,,-0.215588312038822,,0.0819100608652173,,,,,,,0.573358897623699,,,,,,142.6432,102,304.567156862745,1565.17303921569,3039.79901960784,-459.662745098039,1068.79705882353,1363.40098039216,1766.94509803922,4450.17647058824,1629.42156862745,0
253.44,0.295150752091446,0.642115123274405,,0.601768135188135,0.238806076033237,,,,-0.284677597055484,,-1.13387975818775,,-0.16519033605324,,,,,,,,,,,,,0.432000004330985,,,-0.899410604547168,-0.413725294793532,,,,,0.404672415783092,,-0.219082474697703,,0.0778259933593198,,,,,,,0.576224737809754,,,,,,142.7456,102,327.174509803922,1549.79950980392,2902.24509803922,-411.509803921569,1065.85882352941,1348.28039215686,1751.31862745098,4184.64705882353,1619.8431372549,0
253.5424,0.308882862556684,0.650411130653769,,0.592851287611894,0.228570674115842,,,,-0.284755477754051,,-1.10549221266555,,-0.1733828445805,,,,,,,,,,,,,0.443855705131913,,,-0.900386932073979,-0.413056466156742,,,,,0.392716113521722,,-0.223830475003454,,0.0732052574072589,,,,,,,0.578201382890673,,,,,,142.848,103,455.593689320388,1579.12766990291,2886.9854368932,-200.598058252427,1111.7854368932,1507.09611650485,1651.15922330097,4110.28155339806,1663.68932038835,0
253.6448,0.321863930529047,0.658713233225568,,0.583458282865255,0.21857267699844,,,,-0.285247469051527,,-1.0792480699516,,-0.18069846976628,,,,,,,,,,,,,0.455449444886342,,,-0.901465533263663,-0.412617158111705,,,,,0.381733992013467,,-0.22989406474249,,0.0680006724405774,,,,,,,0.579232022193969,,,,,,142.9504,102,574.651960784314,1470.41274509804,2780.51470588235,-30.7098039215686,1180.0137254902,1504.51568627451,1436.30980392157,3878.94117647059,1682.08823529412,0
253.7472,0.334098948582461,0.666945770417225,,0.573557703254067,0.208796934398865,,,,-0.286181523604452,,-1.05531644977969,,-0.187197663886945,,,,,,,,,,,,,0.466720268143399,,,-0.902644211990263,-0.412419906502494,,,,,0.371760277294605,,-0.237330290112721,,0.0621674531591124,,,,,,,0.579262662604799,,,,,,143.0528,103,606.818446601942,1406.71213592233,2886.38834951456,26.3135922330097,1187.32330097087,1362.27669902913,1451.14757281553,4089.29126213592,1683.4854368932,0
253.8496,0.345594519809684,0.675035512781896,,0.563119984728477,0.199228422968261,,,,-0.287583660907359,,-1.03385647347042,,-0.192946493859814,,,,,,,,,,,,,0.477610733524748,,,-0.903920421040253,-0.412476149108865,,,,,0.362825495279083,,-0.246191228653122,,0.0556634063941424,,,,,,,0.578242319399099,,,,,,143.1552,102,685.991647756486,1332.87389525103,2793.27455707937,183.902845114991,1188.08045039798,1254.78390970221,1410.96388079984,3921.10318133017,1665.44593282858,0
253.952,0.356358829291191,0.68291189868488,,0.552117611959483,0.189852282420491,,,,-0.289477829076867,,-1.01501666271901,,-0.19801628765861,,,,,,,,,,,,,0.488067091631895,,,-0.905291241384459,-0.41279616747282,,,,,0.354956313364549,,-0.256523724972688,,0.0484491143259097,,,,,,,0.576123205739419,,,,,,143.2576,102,817.382210555349,1065.15954194843,2389.96114027829,469.108645533141,1165.65577557756,1004.24812680115,1126.07095709571,3182.47838616715,1597.44389438944,0.803921568627451
254.0544,0.366401620788865,0.690507245306876,,0.540525306345065,0.180653847295961,,,,-0.291885777286933,,-0.998934342993774,,-0.202483255327045,,,,,,,,,,,,,0.498039461844378,,,-0.906753366529357,-0.413389024025565,,,,,0.348175405007382,,-0.268369118147009,,0.0404881068332426,,,,,,,0.572860936323119,,,,,,143.36,103,940.166274336367,767.750538800278,1989.04264749242,739.980403458213,1140.35214521452,732.017579250721,803.483498349835,2454.04899135447,1524.03630363036,0.621359223300971
254.1568,0.37573417090001,0.697756941127954,,0.528320207069359,0.17161867852312,,,,-0.294826921588606,,-0.9857350224522,,-0.206428093146729,,,,,,,,,,,,,0.50748200815853,,,-0.908303095094739,-0.414262501272947,,,,,0.342501342632258,,-0.281762966129491,,0.0317470397694882,,,,,,,0.568414753459439,,,,,,143.4624,102,1036.20382544654,546.33415597281,1707.12809978235,956.334768604848,1116.07288228823,550.465898174832,542.202413770789,1915.96700005651,1498.28919950819,0
254.2592,0.384369255434455,0.70459962436806,,0.515482044290383,0.162732596922482,,,,-0.298318200184519,,-0.975531754158081,,-0.209935577912089,,,,,,,,,,,,,0.516353106756611,,,-0.909936331212736,-0.415423044760291,,,,,0.3379485187289,,-0.296734778209521,,0.0221958862107246,,,,,,,0.562747770226653,,,,,,143.5648,103,945.618446601942,721.089805825243,2042.44660194175,789.81359223301,1101.42330097087,841.1,601.079611650485,2383.82524271845,1701.06796116505,0
254.3616,0.392321100950236,0.710977346766108,,0.5019933052736,0.15398172047376,,,,-0.302373928672178,,-0.968424516262176,,-0.213094152118687,,,,,,,,,,,,,0.52461549374734,,,-0.911648588490273,-0.416875710768816,,,,,0.334527092429464,,-0.313307762264471,,0.0118081321262367,,,,,,,0.555827217888954,,,,,,143.6672,102,840.624509803922,698.423529411765,2201.4068627451,560.748039215686,1120.50098039216,729.799019607843,667.048039215686,2511.58823529412,1891.22549019608,0
254.464,0.399605309189361,0.716835724131674,,0.487839389868585,0.145352511085004,,,,-0.307005661981242,,-0.964499644200086,,-0.215995499713662,,,,,,,,,,,,,0.532236384241883,,,-0.913434993535307,-0.418624123903713,,,,,0.33224296495805,,-0.331498590422159,,0.000560967116403001,,,,,,,0.547624684458769,,,,,,143.7696,102,1205.19509803922,750.933823529412,2112.08333333333,912.896078431373,1497.49411764706,899.222549019608,602.645098039216,2498.22549019608,1725.94117647059,0
254.5664,0.406238752524622,0.722124076450509,,0.47300874229266,0.13683183313139,,,,-0.312222061444867,,-0.963829339243103,,-0.21873411811601,,,,,,,,,,,,,0.53918756221021,,,-0.91529028897269,-0.420670448704893,,,,,0.331097790950504,,-0.351317188312417,,-0.0115645364375446,,,,,,,0.538116331474817,,,,,,143.872,103,1232.52378640777,782.539805825243,2224.21359223301,838.399029126214,1626.64854368932,963.317475728155,601.76213592233,2771.04854368932,1677.3786407767,0
254.6688,0.412239456103484,0.72679555377063,,0.457492945596391,0.12840701482741,,,,-0.318028762165554,,-0.966471266168348,,-0.221406893608381,,,,,,,,,,,,,0.545445445672262,,,-0.917208838516538,-0.4230153730019,,,,,0.331089023588499,,-0.372766553499902,,-0.0245832634373366,,,,,,,0.527283077603577,,,,,,143.9744,102,1578.34215686275,933.983823529412,2154.19607843137,1220.48725490196,1936.19705882353,1126.75588235294,741.211764705882,2713.00980392157,1595.38235294118,0
254.7712,0.417626483395371,0.730807241334109,,0.441286773403382,0.120065901368102,,,,-0.324428232171156,,-0.972468240510796,,-0.224112679009998,,,,,,,,,,,,,0.550991130454436,,,-0.919184634609894,-0.42565809692103,,,,,0.332209978510158,,-0.39584260620815,,-0.0385059187677909,,,,,,,0.515110744068773,,,,,,144.0768,103,1614.30873786408,978.416504854369,2123.21359223301,1274.38446601942,1954.23300970874,1178.34563106796,778.487378640777,2710.63106796117,1535.79611650485,0
254.8736,0.422419830851974,0.734120242829567,,0.42438819978279,0.11179689850447,,,,-0.331419618819661,,-0.981847999731589,,-0.226951864706627,,,,,,,,,,,,,0.555810411112496,,,-0.9212113064321,-0.428596322078234,,,,,0.334449900235837,,-0.42053407272821,,-0.0533389089416067,,,,,,,0.501590163562637,,,,,,144.1792,102,2108.78088235294,1010.01078431373,1894.65196078431,1881.74215686275,2335.81960784314,1156.78823529412,863.233333333333,2280.61764705882,1508.6862745098,0
254.976,0.426640328976759,0.736699743239328,,0.406798372894054,0.103589014131928,,,,-0.338998592953825,,-0.99462304972322,,-0.230025933500398,,,,,,,,,,,,,0.559893772424266,,,-0.923282127623642,-0.431826238814247,,,,,0.337794026144121,,-0.446822400340236,,-0.0690842367215111,,,,,,,0.486717258087485,,,,,,144.2816,102,2326.00784313726,1042.83088235294,1750.39215686275,2144.0568627451,2507.95882352941,1160.6,925.061764705882,2051.00980392157,1449.77450980392,0
255.0784,0.430309541317121,0.738515051448147,,0.388521561428482,0.0954319076004439,,,,-0.347157206921229,,-1.01079057567267,,-0.233436995774582,,,,,,,,,,,,,0.563236342870897,,,-0.925390026080874,-0.435342515164975,,,,,0.342223654817642,,-0.474681701848755,,-0.0857394054789608,,,,,,,0.47049309695767,,,,,,144.384,103,2375.68921810566,923.637937136734,1561.14313082443,2433.39902912621,2317.97940708511,990.261165048544,857.014709224925,1690.83495145631,1431.45131019255,0
255.1808,0.43344965331333,0.739539622627471,,0.369565077671064,0.0873159505943692,,,,-0.355883772994244,,-1.03033241563801,,-0.23728731021553,,,,,,,,,,,,,0.56583780477433,,,-0.927527597460494,-0.439138295003056,,,,,0.347716228081218,,-0.504078730247647,,-0.10329733575285,,,,,,,0.452923948828201,,,,,,144.4864,102,2314.53312512296,645.050078693685,1509.76560758083,2705.05588235294,1924.01036789298,554.214705882353,735.885451505017,1518.16666666667,1501.36454849498,0.96078431372549
255.2832,0.436083354032455,0.739751059333977,,0.349939173883893,0.0792322932776542,,,,-0.365162765380067,,-1.05321511214648,,-0.241678797836471,,,,,,,,,,,,,0.567702262582639,,,-0.92968712021033,-0.443205207030832,,,,,0.354245428992959,,-0.534972889128002,,-0.121746300658661,,,,,,,0.434021330439225,,,,,,144.5888,103,1120.10419196675,725.830916972432,1935.72490827029,709.456310679612,1530.75207325389,836.65145631068,615.010377634185,2300.06796116505,1571.38185537552,0
255.3856,0.438233722757593,0.739131088065865,,0.32965691184023,0.0711729266770153,,,,-0.37497475574328,,-1.07939005517582,,-0.24671254841135,,,,,,,,,,,,,0.568838076382506,,,-0.931860567680921,-0.447533375893406,,,,,0.361781290713945,,-0.567316284514903,,-0.141069885050464,,,,,,,0.413802041582716,,,,,,144.6912,102,840.868627450981,760.346568627451,1854.61274509804,349.585294117647,1332.15196078431,945.96862745098,574.724509803922,2071.11764705882,1638.10784313726,0
255.488,0.439924129136303,0.737665506646455,,0.308734011027769,0.0631307367107309,,,,-0.385296390998815,,-1.10879370836445,,-0.252488308010619,,,,,,,,,,,,,0.569257663885369,,,-0.934039614845236,-0.452111426903015,,,,,0.370290311373373,,-0.60105381910637,,-0.161246969345831,,,,,,,0.39228817718282,,,,,,144.7936,102,-34.2676470588235,693.965196078431,1889.23039215686,-739.392156862745,670.856862745098,968.958823529412,418.971568627451,2249.3431372549,1529.11764705882,0
255.5904,0.441178148630833,0.735344096349537,,0.287188679082362,0.0550995444545477,,,,-0.396100410623312,,-1.14134789834945,,-0.259103938140267,,,,,,,,,,,,,0.568977262438945,,,-0.936215641373249,-0.456926487610665,,,,,0.379735574268085,,-0.6361233294643,,-0.182251738655657,,,,,,,0.36950711260406,,,,,,144.896,103,-52.15,670.396601941748,1853.31553398058,-675.196116504854,570.896116504854,939.959223300971,400.833980582524,2155.93203883495,1550.69902912621,0
