time,S1-D1,S1-D8,S1-D9,S1-D15,S2-D1,S2-D2,S2-D3,S2-D9,S3-D1,S3-D2,S3-D16,S4-D2,S4-D3,S4-D5,S5-D3,S5-D4,S5-D5,S6-D2,S6-D5,S6-D17,S7-D6,S7-D7,S8-D6,S8-D7,S8-D18,S9-D3,S9-D4,S9-D9,S9-D11,S9-D19,S10-D8,S10-D9,S10-D10,S10-D11,S11-D8,S11-D10,S11-D20,S12-D10,S12-D11,S12-D12,S13-D4,S13-D11,S13-D12,S14-D10,S14-D12,S14-D21,S15-D13,S15-D14,S16-D13,S16-D14,S16-D22
253.44,0.476234184407869,-0.278574290446727,0.309769054583869,-0.137538134119188,-0.458048317217786,-0.458048317218132,NaN,-1.5651416925228,-0.307891084793724,-1.04846243603675,-0.444992490772539,-1.04846243603759,NaN,NaN,NaN,NaN,NaN,-0.112796010459634,NaN,NaN,NaN,NaN,NaN,NaN,NaN,NaN,NaN,NaN,NaN,-0.422808601044435,0.0123458428356616,-0.378233255348325,-0.554840866261706,-0.497162741080059,-0.304259720375955,-1.47901456325332,-0.284204117553346,1.38234626107516,1.38234626107556,NaN,NaN,NaN,NaN,NaN,NaN,-0.772170435212135,NaN,NaN,NaN,NaN,NaN
253.5424,0.497432657153574,-0.291612500541854,0.323220397206628,-0.123836344950619,-0.466309681086392,-0.46630968108676,NaN,-1.60485161401058,-0.330143618604036,-1.05884772066113,-0.445831517216196,-1.05884772066198,NaN,NaN,NaN,NaN,NaN,-0.106262997789766,NaN,NaN,NaN,NaN,NaN,NaN,NaN,NaN,NaN,NaN,NaN,-0.428701153027952,-0.0172410507203792,-0.357149244997767,-0.572637574150506,-0.4810136158917,-0.322777736610184,-1.47031603068223,-0.293029881539538,1.34883277992006,1.34883277992046,NaN,NaN,NaN,NaN,NaN,NaN,-0.782060493922661,NaN,NaN,NaN,NaN,NaN
253.6448,0.519311281477764,-0.304229875771705,0.337546920137415,-0.109188428759854,-0.474281883581993,-0.474281883582382,NaN,-1.6439162057277,-0.353426433183286,-1.06840230296272,-0.446758788958066,-1.06840230296357,NaN,NaN,NaN,NaN,NaN,-0.100268083351242,NaN,NaN,NaN,NaN,NaN,NaN,NaN,NaN,NaN,NaN,NaN,-0.43477931548552,-0.0461330548430917,-0.336475648003103,-0.589887278661464,-0.463350557154872,-0.342204893306857,-1.45965658652193,-0.300383162342366,1.31414744693589,1.31414744693628,NaN,NaN,NaN,NaN,NaN,NaN,-0.791274351089293,NaN,NaN,NaN,NaN,NaN
253.7472,0.541841683239112,-0.316363759858127,0.352754514599068,-0.0936413686319335,-0.481949241522743,-0.481949241523155,NaN,-1.68233536501832,-0.377739891584307,-1.07703207759931,-0.447773656771027,-1.07703207760016,NaN,NaN,NaN,NaN,NaN,-0.0948255478613852,NaN,NaN,NaN,NaN,NaN,NaN,NaN,NaN,NaN,NaN,NaN,-0.441091392980704,-0.0743099164454351,-0.316211276487313,-0.606554023622611,-0.44412911977707,-0.362561443800344,-1.44696974702428,-0.306309436133054,1.27828274879976,1.27828274880014,NaN,NaN,NaN,NaN,NaN,NaN,-0.799822190660081,NaN,NaN,NaN,NaN,NaN
253.8496,0.56499540927242,-0.327951344432819,0.368849076374689,-0.0772472900770809,-0.489296221565856,-0.489296221566289,NaN,-1.72010716468913,-0.403079400836654,-1.0846445860696,-0.448872938646482,-1.08464458607045,NaN,NaN,NaN,NaN,NaN,-0.0899480195508274,NaN,NaN,NaN,NaN,NaN,NaN,NaN,NaN,NaN,NaN,NaN,-0.447687546244842,-0.101750924997523,-0.296354979292537,-0.622601137463253,-0.423310780256817,-0.383863109898085,-1.43219534696706,-0.310859131533998,1.2412362348803,1.24123623488068,NaN,NaN,NaN,NaN,NaN,NaN,-0.807716980092523,NaN,NaN,NaN,NaN,NaN
253.952,0.588743988123477,-0.338929943690045,0.385836418907605,-0.0600632856054494,-0.496307692538578,-0.496307692539029,NaN,-1.75722765403511,-0.429435441773222,-1.09114964392839,-0.450050869385895,-1.09114964392924,NaN,NaN,NaN,NaN,NaN,-0.0856463436327414,NaN,NaN,NaN,NaN,NaN,NaN,NaN,NaN,NaN,NaN,NaN,-0.454619593856172,-0.128434891974043,-0.27690563725861,-0.637991191374811,-0.400863032744234,-0.406121051246356,-1.41527970154994,-0.314087401775245,1.20301062158602,1.20301062158639,NaN,NaN,NaN,NaN,NaN,NaN,-0.814974367274979,NaN,NaN,NaN,NaN,NaN
254.0544,0.613058977789447,-0.349237290861227,0.403722162395558,-0.0421511871427794,-0.502969162007591,-0.502969162008063,NaN,-1.79369063490961,-0.456793597317901,-1.09645998122336,-0.451299078905254,-1.09645998122421,NaN,NaN,NaN,NaN,NaN,-0.081929443698282,NaN,NaN,NaN,NaN,NaN,NaN,NaN,NaN,NaN,NaN,NaN,-0.461940779890966,-0.154340127877461,-0.257862165941431,-0.652685964707454,-0.376759415170574,-0.42934188138097,-1.39617568421009,-0.316053886963556,1.16361386227649,1.16361386227686,NaN,NaN,NaN,NaN,NaN,NaN,-0.82161255372363,NaN,NaN,NaN,NaN,NaN
254.1568,0.637911996391691,-0.358811854515545,0.422511596025358,-0.0235772866071162,-0.509266996450857,-0.509266996451351,NaN,-1.82948741715527,-0.485134582828338,-1.10049188987221,-0.452606601847537,-1.10049188987307,NaN,NaN,NaN,NaN,NaN,-0.0788041823092675,NaN,NaN,NaN,NaN,NaN,NaN,NaN,NaN,NaN,NaN,NaN,-0.469705509260323,-0.179444420797774,-0.239223522553469,-0.666646419383354,-0.350979467587975,-0.453527728585726,-1.37484272231176,-0.316822461991163,1.12305918059715,1.12305918059751,NaN,NaN,NaN,NaN,NaN,NaN,-0.827652153062334,NaN,NaN,NaN,NaN,NaN
254.2592,0.663274728222315,-0.367593172505136,0.44220950724725,-0.00441200526379246,-0.515188628296634,-0.515188628297147,NaN,-1.8646065552878,-0.514434277651988,-1.10316587461413,-0.453959916255474,-1.103165874615,NaN,NaN,NaN,NaN,NaN,-0.0762752226995773,NaN,NaN,NaN,NaN,NaN,NaN,NaN,NaN,NaN,NaN,NaN,-0.477969052246733,-0.203725020265514,-0.220988714068856,-0.679832685007277,-0.323508625074584,-0.478676339309986,-1.35124671260459,-0.316460963744587,1.08136506250595,1.0813650625063,NaN,NaN,NaN,NaN,NaN,NaN,-0.833116042312119,NaN,NaN,NaN,NaN,NaN
254.3616,0.689118904805265,-0.375522201601133,0.462819978777098,0.0152704870601538,-0.520722758083324,-0.520722758083859,NaN,-1.89903357531284,-0.544663758625461,-1.10440730329441,-0.455343001030355,-1.10440730329528,NaN,NaN,NaN,NaN,NaN,-0.0743448907665223,NaN,NaN,NaN,NaN,NaN,NaN,NaN,NaN,NaN,NaN,NaN,-0.486787220084584,-0.227158630807608,-0.203156804240966,-0.692204058681744,-0.294338053495046,-0.504781220681116,-1.32535986928544,-0.315040895420338,1.03855520626235,1.03855520626269,NaN,NaN,NaN,NaN,NaN,NaN,-0.838029208444036,NaN,NaN,NaN,NaN,NaN
254.464,0.715416265824198,-0.382541676510985,0.484346161318236,0.035392700522253,-0.525859562681468,-0.525859562682022,NaN,-1.93275071558058,-0.575789344771232,-1.10414703873273,-0.456737394078196,-1.1041470387336,NaN,NaN,NaN,NaN,NaN,-0.0730130440999063,NaN,NaN,NaN,NaN,NaN,NaN,NaN,NaN,NaN,NaN,NaN,-0.496216015929584,-0.249721420438966,-0.185726917978048,-0.703719025984057,-0.26346445112119,-0.531831811652536,-1.29716053910905,-0.312637113582315,0.994658432846337,0.994658432846673,NaN,NaN,NaN,NaN,NaN,NaN,-0.842418589454489,NaN,NaN,NaN,NaN,NaN
254.5664,0.742138503513266,-0.388596466659232,0.506790031595452,0.0558742914332359,-0.530590916417213,-0.530590916417784,NaN,-1.96573671559885,-0.607772671185285,-1.10232202141265,-0.458122231287688,-1.10232202141354,NaN,NaN,NaN,NaN,NaN,-0.0722769606840618,NaN,NaN,NaN,NaN,NaN,NaN,NaN,NaN,NaN,NaN,NaN,-0.506311268092778,-0.271389048501295,-0.168698241912572,-0.714335308771213,-0.230889848682535,-0.559813664947871,-1.2666330281143,-0.309327507880101,0.94970855562517,0.949708555625496,NaN,NaN,NaN,NaN,NaN,NaN,-0.846312908168618,NaN,NaN,NaN,NaN,NaN
254.6688,0.769257192979513,-0.393633919045295,0.530152144247857,0.0766325422229679,-0.534910618626909,-0.5349106186275,NaN,-1.99796668146682,-0.640570811194428,-1.09887577923353,-0.45947425851405,-1.09887577923442,NaN,NaN,NaN,NaN,NaN,-0.0721312536513681,NaN,NaN,NaN,NaN,NaN,NaN,NaN,NaN,NaN,NaN,NaN,-0.517128252644008,-0.292136714903327,-0.152070019590702,-0.724009940881285,-0.196621427887965,-0.58870862529443,-1.23376746250071,-0.305192679599983,0.90374420360295,0.903744203603266,NaN,NaN,NaN,NaN,NaN,NaN,-0.849742496408166,NaN,NaN,NaN,NaN,NaN
254.7712,0.796743711920293,-0.397604180263444,0.554431384559659,0.0975828274436231,-0.53881460874142,-0.538814608742026,NaN,-2.02941203896147,-0.674136454696966,-1.09375886250442,-0.460767830790518,-1.09375886250531,NaN,NaN,NaN,NaN,NaN,-0.0725678102517588,NaN,NaN,NaN,NaN,NaN,NaN,NaN,NaN,NaN,NaN,NaN,-0.528721310910124,-0.311939232292025,-0.135841537925068,-0.732699369201271,-0.16067135785377,-0.618494999149022,-1.19855967580855,-0.300315616687523,0.856808596711769,0.856808596712074,NaN,NaN,NaN,NaN,NaN,NaN,-0.852739107952214,NaN,NaN,NaN,NaN,NaN
254.8736,0.82456915297136,-0.400460495476111,0.579624726301624,0.11863905304414,-0.542301149817508,-0.542301149818131,NaN,-2.06004056810764,-0.708418134050273,-1.08692921426212,-0.461974926712518,-1.08692921426302,NaN,NaN,NaN,NaN,NaN,-0.0735757551121259,NaN,NaN,NaN,NaN,NaN,NaN,NaN,NaN,NaN,NaN,NaN,-0.541143466195224,-0.330771125393659,-0.12001209946342,-0.740359578957726,-0.123056644751655,-0.649147714494077,-1.16101111046402,-0.294781358400682,0.808949281722817,0.808949281723112,NaN,NaN,NaN,NaN,NaN,NaN,-0.855335722246491,NaN,NaN,NaN,NaN,NaN
254.976,0.85270422920798,-0.402159482616992,0.605726996095579,0.13971407433828,-0.545370969066832,-0.545370969067473,NaN,-2.08981650660241,-0.743360484586203,-1.0783524785944,-0.463065198689986,-1.0783524785953,NaN,NaN,NaN,NaN,NaN,-0.0751414440078589,NaN,NaN,NaN,NaN,NaN,NaN,NaN,NaN,NaN,NaN,NaN,-0.554446044132684,-0.348606763722591,-0.104580975398701,-0.746946245957121,-0.083798997207789,-0.680638467687093,-1.12112873489408,-0.288676646408332,0.76021784031328,0.760217840313569,NaN,NaN,NaN,NaN,NaN,NaN,-0.857566344801788,NaN,NaN,NaN,NaN,NaN
255.0784,0.88111917092784,-0.402661376493586,0.632730645323915,0.160720100341456,-0.548027350154409,-0.548027350155062,NaN,-2.11870071378809,-0.778904539381409,-1.06800224023301,-0.464006062705884,-1.06800224023391,NaN,NaN,NaN,NaN,NaN,-0.0772484937887773,NaN,NaN,NaN,NaN,NaN,NaN,NaN,NaN,NaN,NaN,NaN,-0.56867830131153,-0.365420532160279,-0.0895473379091045,-0.75241492121926,-0.0429247121252331,-0.712935855183716,-1.07892498313011,-0.282089565124698,0.710669573174051,0.71066957317433,NaN,NaN,NaN,NaN,NaN,NaN,-0.859465810112491,NaN,NaN,NaN,NaN,NaN
255.1808,0.909783612946308,-0.401930235028473,0.660625532948131,0.181569081674664,-0.550276176633929,-0.550276176634598,NaN,-2.14665089558827,-0.814988069969234,-1.05586019306863,-0.464762824467402,-1.05586019306953,NaN,NaN,NaN,NaN,NaN,-0.0798778472040078,NaN,NaN,NaN,NaN,NaN,NaN,NaN,NaN,NaN,NaN,NaN,-0.583887065854043,-0.381187041067192,-0.0749101732813595,-0.7567212530191,-0.000464582770357328,-0.746005489537854,-1.03441771998914,-0.275109176115988,0.660363156753146,0.660363156753414,NaN,NaN,NaN,NaN,NaN,NaN,-0.861069588820637,NaN,NaN,NaN,NaN,NaN
255.2832,0.938666474651793,-0.399934103353716,0.689398723658886,0.202173073619834,-0.552125930949424,-0.552125930950106,NaN,-2.17362189726626,-0.851545983453357,-1.04191624812764,-0.465298842510587,-1.04191624812853,NaN,NaN,NaN,NaN,NaN,-0.083007866658232,NaN,NaN,NaN,NaN,NaN,NaN,NaN,NaN,NaN,NaN,NaN,-0.600116391163314,-0.395881375275141,-0.0606681763265948,-0.759821246011881,0.0435461711090308,-0.77981009880659,-0.987630230130217,-0.267825150693239,0.609360268844183,0.60936026884444,NaN,NaN,NaN,NaN,NaN,NaN,-0.862413597885458,NaN,NaN,NaN,NaN,NaN
255.3856,0.967735836597194,-0.396645138373009,0.719034303599184,0.222444570674781,-0.55358765596238,-0.553587655963072,NaN,-2.19956607137599,-0.888510778485154,-1.02616859694311,-0.465575730022348,-1.02616859694399,NaN,NaN,NaN,NaN,NaN,-0.0866144535179122,NaN,NaN,NaN,NaN,NaN,NaN,NaN,NaN,NaN,NaN,NaN,-0.61740722151345,-0.409479379290054,-0.0468196251162837,-0.761671551459811,0.0890679534086794,-0.814309610061026,-0.938591227118445,-0.260327403883034,0.55772518068885,0.557725180689093,NaN,NaN,NaN,NaN,NaN,NaN,-0.863534012512271,NaN,NaN,NaN,NaN,NaN
255.488,0.99695881814955,-0.392039700408277,0.749513214502714,0.242296815609364,-0.554674884050783,-0.554674884051484,NaN,-2.224433723013,-0.925813056647806,-1.00862373813049,-0.465553592383988,-1.00862373813137,NaN,NaN,NaN,NaN,NaN,-0.0906711941075176,NaN,NaN,NaN,NaN,NaN,NaN,NaN,NaN,NaN,NaN,NaN,-0.635797067188997,-0.421957975356324,-0.0333622368755438,-0.762229784188062,0.136056827687952,-0.849461222445833,-0.88733487801392,-0.252705728814654,0.505524314044438,0.50552431404467,NaN,NaN,NaN,NaN,NaN,NaN,-0.864467078702773,NaN,NaN,NaN,NaN,NaN
255.5904,1.02630146182918,-0.386098417453273,0.780813108732255,0.261644091212654,-0.55540353665509,-0.5554035366558,NaN,-2.24817362415409,-0.963382077984558,-0.989296465116815,-0.465191290174365,-0.989296465117685,NaN,NaN,NaN,NaN,NaN,-0.0951495311051921,NaN,NaN,NaN,NaN,NaN,NaN,NaN,NaN,NaN,NaN,NaN,-0.655319686998868,-0.433295507960934,-0.0202930110168948,-0.761454864548549,0.184464546025422,-0.885219477550894,-0.833900839476963,-0.245049422530908,0.452825768554797,0.452825768555019,NaN,NaN,NaN,NaN,NaN,NaN,-0.865248925593849,NaN,NaN,NaN,NaN,NaN
255.6928,1.0557286294974,-0.378806224979268,0.812908228612286,0.280402007778813,-0.555791797476084,-0.555791797476803,NaN,-2.27073357455441,-1.00114633401265,-0.968209813026975,-0.464446713319344,-0.968209813027837,NaN,NaN,NaN,NaN,NaN,-0.100018951004401,NaN,NaN,NaN,NaN,NaN,NaN,NaN,NaN,NaN,NaN,NaN,-0.676004776640551,-0.443472099207753,-0.0076080704046152,-0.759307376018677,0.234238574734692,-0.921536331976573,-0.778334303590765,-0.237446892059281,0.399698839409081,0.399698839409293,NaN,NaN,NaN,NaN,NaN,NaN,-0.865915379179199,NaN,NaN,NaN,NaN,NaN
255.7952,1.08520391386655,-0.370152384960171,0.845769311450913,0.298487799644547,-0.555859963682652,-0.55585996368338,NaN,-2.29206097759235,-1.03903410110604,-0.945394968069598,-0.463277057104223,-0.945394968070453,NaN,NaN,NaN,NaN,NaN,-0.105247173776494,NaN,NaN,NaN,NaN,NaN,NaN,NaN,NaN,NaN,NaN,NaN,-0.697877663631101,-0.452469994103657,0.00469748815710042,-0.75574991982893,0.285322117392183,-0.958361233152087,-0.720686053908368,-0.22998524034474,0.346213553908914,0.346213553909116,NaN,NaN,NaN,NaN,NaN,NaN,-0.866501780623848,NaN,NaN,NaN,NaN,NaN
255.8976,1.11468956914691,-0.360130489980742,0.879363520812116,0.315820636304489,-0.555630279635425,-0.555630279636162,NaN,-2.31210340683117,-1.07697394836523,-0.920891144779361,-0.461639100967189,-0.92089114478021,NaN,NaN,NaN,NaN,NaN,-0.110800334108755,NaN,NaN,NaN,NaN,NaN,NaN,NaN,NaN,NaN,NaN,NaN,-0.720959012512623,-0.460273882284087,0.0166297283504966,-0.750747452825094,0.337654134218129,-0.995641197346818,-0.66101253229462,-0.22274984668825,0.292440247010088,0.29244024701028,NaN,NaN,NaN,NaN,NaN,NaN,-0.867042810714493,NaN,NaN,NaN,NaN,NaN
256,1.14414646600331,-0.348738455615935,0.913654407317407,0.332321943962662,-0.55512675468748,-0.555126754688221,NaN,-2.33080915509359,-1.11489519518677,-0.894745433441832,-0.459489496109147,-0.894745433442679,NaN,NaN,NaN,NaN,NaN,-0.116643151621946,NaN,NaN,NaN,NaN,NaN,NaN,NaN,NaN,NaN,NaN,NaN,-0.745264544880048,-0.466871193935647,0.0281959917614813,-0.744267607711954,0.391169357605801,-1.03332088806887,-0.599375914497822,-0.21582395953556,0.238449181304858,0.238449181305042,NaN,NaN,NaN,NaN,NaN,NaN,-0.867572320565305,NaN,NaN,NaN,NaN,NaN
256.1024,1.17353407479674,-0.335978499250788,0.94860190375941,0.347915730887,-0.554374961955803,-0.554374961956549,NaN,-2.34812776588433,-1.15272832056465,-0.867012613369563,-0.456785065170574,-0.867012613370405,NaN,NaN,NaN,NaN,NaN,-0.122739093423553,NaN,NaN,NaN,NaN,NaN,NaN,NaN,NaN,NaN,NaN,NaN,-0.770804777184763,-0.472252372430052,0.0394049972996412,-0.736281001421601,0.445798306471654,-1.07134269443756,-0.535844188193299,-0.209288305624102,0.184310212229492,0.184310212229666,NaN,NaN,NaN,NaN,NaN,NaN,-0.868123169527561,NaN,NaN,NaN,NaN,NaN
256.2048,1.20281047831923,-0.321857104083642,0.984162356351548,0.362528913260098,-0.553401814932533,-0.553401814933284,NaN,-2.36401054753793,-1.190405320978,-0.837754923280375,-0.453483112263655,-0.837754923281215,NaN,NaN,NaN,NaN,NaN,-0.129050532452765,NaN,NaN,NaN,NaN,NaN,NaN,NaN,NaN,NaN,NaN,NaN,-0.797584777329577,-0.476411126922553,0.0502669229751317,-0.726761536552491,0.501467304867873,-1.10964681128695,-0.470491224358285,-0.203220703027453,0.130092500326457,0.130092500326622,NaN,NaN,NaN,NaN,NaN,NaN,-0.868727071469222,NaN,NaN,NaN,NaN,NaN
256.3072,1.23193241356308,-0.306384971050717,1.0202885902261,0.376091639943555,-0.552235324363593,-0.552235324364347,NaN,-2.37841107047001,-1.22786001135725,-0.807041783743317,-0.449541739653699,-0.807041783744157,NaN,NaN,NaN,NaN,NaN,-0.135538904059639,NaN,NaN,NaN,NaN,NaN,NaN,NaN,NaN,NaN,NaN,NaN,-0.825603939723701,-0.479344667511247,0.060793472272832,-0.715686696847205,0.558098510550572,-1.14817132366414,-0.403396833557861,-0.197695664042952,0.0758642688533261,0.0758642688534836,NaN,NaN,NaN,NaN,NaN,NaN,-0.869414448330961,NaN,NaN,NaN,NaN,NaN
256.4096,1.26085534133981,-0.289576961006214,1.05693000680986,0.388537614293074,-0.550904342208826,-0.550904342209586,NaN,-2.39128564666964,-1.26502826446342,-0.774949473344347,-0.444920168385901,-0.77494947334519,NaN,NaN,NaN,NaN,NaN,-0.142164863832271,NaN,NaN,NaN,NaN,NaN,NaN,NaN,NaN,NaN,NaN,NaN,-0.854855778281559,-0.481053923360044,0.0709979278040127,-0.703037833308758,0.615609958738143,-1.18685229908783,-0.334646800669678,-0.192783983499443,0.0216926005150044,0.0216926005151575,NaN,NaN,NaN,NaN,NaN,NaN,-0.870214286860585,NaN,NaN,NaN,NaN,NaN
256.512,1.28953354276663,-0.271452024221625,1.0940327136869,0.399804413041195,-0.54943829825093,-0.549438298251693,NaN,-2.40259379036535,-1.30184818640535,-0.741560760482984,-0.439579062052448,-0.741560760483828,NaN,NaN,NaN,NaN,NaN,-0.14888844844276,NaN,NaN,NaN,NaN,NaN,NaN,NaN,NaN,NaN,NaN,NaN,-0.88532773823526,-0.48154374296198,0.0808951943055254,-0.688800436416833,0.673915626797121,-1.2256238914981,-0.264332891288902,-0.188552311961009,-0.0323567328349317,-0.0323567328347848,NaN,NaN,NaN,NaN,NaN,NaN,-0.871153994857306,NaN,NaN,NaN,NaN,NaN
256.6144,1.31792024257502,-0.252033111139973,1.13153969011079,0.409833804541785,-0.547866931060269,-0.547866931061032,NaN,-2.41229866254735,-1.33826023593373,-0.706964489175748,-0.433480853659194,-0.706964489176594,NaN,NaN,NaN,NaN,NaN,-0.155669239834327,NaN,NaN,NaN,NaN,NaN,NaN,NaN,NaN,NaN,NaN,NaN,-0.917001030011333,-0.480823075091845,0.0905018317792803,-0.672964390790833,0.732925526472037,-1.26441846069925,-0.192552821005786,-0.18506271289846,-0.0862194129293234,-0.0862194129291835,NaN,NaN,NaN,NaN,NaN,NaN,-0.872259258904131,NaN,NaN,NaN,NaN,NaN
256.7168,1.34596775676178,-0.23134706283736,1.16939098660435,0.418572064379013,-0.546220015837356,-0.546220015838121,NaN,-2.42036750263171,-1.37420731187683,-0.671255121407978,-0.426590073600485,-0.671255121408828,NaN,NaN,NaN,NaN,NaN,-0.162466534309271,NaN,NaN,NaN,NaN,NaN,NaN,NaN,NaN,NaN,NaN,NaN,-0.949850491524266,-0.478905126921753,0.0998360774468969,-0.65552420837076,0.792545831723965,-1.30316671141257,-0.119410176104429,-0.18237221507292,-0.139832698065449,-0.139832698065317,NaN,NaN,NaN,NaN,NaN,NaN,-0.873553911159742,NaN,NaN,NaN,NaN,NaN
256.8192,1.37362765589701,-0.209424487451499,1.20752394700314,0.425970276657439,-0.544527097884415,-0.54452709788518,NaN,-2.42677204372993,-1.40963484338046,-0.634532250048472,-0.418873674006213,-0.634532250049324,NaN,NaN,NaN,NaN,NaN,-0.169239518154784,NaN,NaN,NaN,NaN,NaN,NaN,NaN,NaN,NaN,NaN,NaN,-0.983844486504819,-0.475807493468622,0.108917852753879,-0.636479236015565,0.852679050167613,-1.34179785560018,-0.045014273758864,-0.180532391551354,-0.193135537979279,-0.193135537979154,NaN,NaN,NaN,NaN,NaN,NaN,-0.875059812508709,NaN,NaN,NaN,NaN,NaN
256.9216,1.40085093434106,-0.186299630658078,1.24587343931591,0.431984605716532,-0.542817241982661,-0.542817241983429,NaN,-2.43148890188397,-1.44449091062823,-0.596900099372335,-0.410301344896932,-0.59690009937319,NaN,NaN,NaN,NaN,NaN,-0.175947448194649,NaN,NaN,NaN,NaN,NaN,NaN,NaN,NaN,NaN,NaN,NaN,-1.01894484275937,-0.47155225150125,0.117768749900405,-0.61583383433737,0.913224241055042,-1.38023979872949,0.0305200436168659,-0.179589000301754,-0.246068694073762,-0.246068694073641,NaN,NaN,NaN,NaN,NaN,NaN,-0.876796755676069,NaN,NaN,NaN,NaN,NaN
257.024,1.42758818275301,-0.162010243178726,1.2843720913129,0.436576530636598,-0.541118800000409,-0.541118800001179,NaN,-2.4344999305783,-1.47872640749656,-0.558467018773545,-0.400845819216369,-0.558467018774402,NaN,NaN,NaN,NaN,NaN,-0.182549833119012,NaN,NaN,NaN,NaN,NaN,NaN,NaN,NaN,NaN,NaN,NaN,-1.05510682986427,-0.466166013923649,0.126411994359397,-0.593597526442045,0.974077275824941,-1.41841934758927,0.107072674705904,-0.179581702140907,-0.298574875713112,-0.298574875712998,NaN,NaN,NaN,NaN,NaN,NaN,-0.878782390703387,NaN,NaN,NaN,NaN,NaN
257.1264,1.45378976745038,-0.136597442853514,1.32295053556255,0.439713045754345,-0.539459191359313,-0.539459191360088,NaN,-2.43579253849965,-1.51229524942316,-0.519344964032056,-0.390483163319332,-0.519344964032917,NaN,NaN,NaN,NaN,NaN,-0.189006611332333,NaN,NaN,NaN,NaN,NaN,NaN,NaN,NaN,NaN,NaN,NaN,-1.09227917631158,-0.459679946679396,0.134872384758024,-0.569785117929378,1.03513113479172,-1.45626243698306,0.18451857634928,-0.180543850993623,-0.350598898639617,-0.350598898639505,NaN,NaN,NaN,NaN,NaN,NaN,-0.881032175764803,NaN,NaN,NaN,NaN,NaN
257.2288,1.47940602087701,-0.110105566251147,1.36153767065865,0.441366834740437,-0.537864691729408,-0.537864691730188,NaN,-2.43535997686375,-1.54515463158437,-0.479648960253071,-0.379193049366208,-0.479648960253937,NaN,NaN,NaN,NaN,NaN,-0.195278321368497,NaN,NaN,NaN,NaN,NaN,NaN,NaN,NaN,NaN,NaN,NaN,-1.13040412883087,-0.452129751667948,0.143176212200149,-0.544416790876878,1.09627623783489,-1.49369437542003,0.262728126612653,-0.182502348567948,-0.402087869110746,-0.402087869110641,NaN,NaN,NaN,NaN,NaN,NaN,-0.883559353560326,NaN,NaN,NaN,NaN,NaN
257.3312,1.50438744712817,-0.0825820049956309,1.4000609449767,0.441516422132971,-0.53636023158589,-0.536360231586672,NaN,-2.43320160510599,-1.5772653416424,-0.439496543638534,-0.366959009509224,-0.439496543639407,NaN,NaN,NaN,NaN,NaN,-0.201326263034413,NaN,NaN,NaN,NaN,NaN,NaN,NaN,NaN,NaN,NaN,NaN,-1.1694175579821,-0.443555616535727,0.151351158655234,-0.517518173831973,1.15740081559084,-1.53064011503371,0.341567540444426,-0.185477565621172,-0.452991393160618,-0.452991393160521,NaN,NaN,NaN,NaN,NaN,NaN,-0.886374947885505,NaN,NaN,NaN,NaN,NaN
257.4336,1.52868494576596,-0.0540770256450015,1.43844666667758,0.440146300715441,-0.534969212436136,-0.534969212436925,NaN,-2.42932313616554,-1.60859212332463,-0.399007179907282,-0.353768674870604,-0.399007179908161,NaN,NaN,NaN,NaN,NaN,-0.20711265274295,NaN,NaN,NaN,NaN,NaN,NaN,NaN,NaN,NaN,NaN,NaN,-1.20924911381523,-0.434002133269019,0.159426176348925,-0.489120388116394,1.21839133242592,-1.56702455374532,0.420899350811265,-0.189483335972515,-0.503261802221677,-0.503261802221592,NaN,NaN,NaN,NaN,NaN,NaN,-0.889487772132474,NaN,NaN,NaN,NaN,NaN
257.536,1.55225005227973,-0.0246435771977728,1.47662033622492,0.437247030500744,-0.533713350412797,-0.533713350413592,NaN,-2.42373685130602,-1.63910408101266,-0.35830166071545,-0.339614001571727,-0.358301660716334,NaN,NaN,NaN,NaN,NaN,-0.212600781206707,NaN,NaN,NaN,NaN,NaN,NaN,NaN,NaN,NaN,NaN,NaN,-1.24982243216001,-0.423518190299006,0.167431355011456,-0.459260067949898,1.27913296619579,-1.60277287250827,0.500582962027846,-0.194527022263674,-0.552854383002005,-0.552854383001934,NaN,NaN,NaN,NaN,NaN,NaN,-0.892904444200795,NaN,NaN,NaN,NaN,NaN
257.6384,1.57503518698736,0.00566290720645342,1.51450699007212,0.43281530456081,-0.532612552210721,-0.532612552211525,NaN,-2.41646176820737,-1.66877511169428,-0.31750148632985,-0.324491483583456,-0.317501486330739,NaN,NaN,NaN,NaN,NaN,-0.217755182747735,NaN,NaN,NaN,NaN,NaN,NaN,NaN,NaN,NaN,NaN,NaN,-1.29105538815696,-0.412156842520522,0.175397785009122,-0.427979349600673,1.33951013606914,-1.63781090020353,0.580475267021387,-0.20060964495342,-0.601727601463125,-0.601727601463067,NaN,NaN,NaN,NaN,NaN,NaN,-0.896629407866349,NaN,NaN,NaN,NaN,NaN
257.7408,1.59699390175876,0.0367847090403087,1.55203154249933,0.426853977578064,-0.531684820018877,-0.531684820019686,NaN,-2.40752374855684,-1.69758433627882,-0.276728248038054,-0.308402350192536,-0.276728248038949,NaN,NaN,NaN,NaN,NaN,-0.222541821580476,NaN,NaN,NaN,NaN,NaN,NaN,NaN,NaN,NaN,NaN,NaN,-1.33286039440923,-0.399975162093802,0.183357422396675,-0.39532582521078,1.39940705544014,-1.67206549070976,0.660431301097642,-0.207726062865664,-0.649843305260086,-0.649843305260043,NaN,NaN,NaN,NaN,NaN,NaN,-0.900664963993984,NaN,NaN,NaN,NaN,NaN
257.8432,1.61808111497697,0.0686620210127386,1.58911911503686,0.419372055914162,-0.530946176249207,-0.530946176250025,NaN,-2.39695554012283,-1.72551648532879,-0.236103025135157,-0.291352745864695,-0.236103025136055,NaN,NaN,NaN,NaN,NaN,-0.226928290855755,NaN,NaN,NaN,NaN,NaN,NaN,NaN,NaN,NaN,NaN,NaN,-1.375144745732,-0.387034071380909,0.191342958826485,-0.361352459107498,1.45870827982717,-1.70546489547893,0.740304891268013,-0.215865189934082,-0.697166879705739,-0.697166879705713,NaN,NaN,NaN,NaN,NaN,NaN,-0.905011314050038,NaN,NaN,NaN,NaN,NaN
257.9456,1.63825332655446,0.10123314189586,1.62569534579809,0.41038465259069,-0.53041059849709,-0.530410598497916,NaN,-2.38479675768476,-1.75256220271131,-0.195745806619948,-0.273353890025131,-0.195745806620845,NaN,NaN,NaN,NaN,NaN,-0.230884011207026,NaN,NaN,NaN,NaN,NaN,NaN,NaN,NaN,NaN,NaN,NaN,-1.41781101473218,-0.373398157943104,0.199387696245617,-0.326117466580976,1.51729923003567,-1.73793912315953,0.819949270903409,-0.225010229586501,-0.743667338121311,-0.743667338121295,NaN,NaN,NaN,NaN,NaN,NaN,-0.90966661625664,NaN,NaN,NaN,NaN,NaN
258.048,1.65746880724489,0.134434671806778,1.66168667438511,0.399912912942534,-0.530089958023359,-0.530089958024196,NaN,-2.37109381192812,-1.77871825944003,-0.15577493826599,-0.254422207243153,-0.155774938266887,NaN,NaN,NaN,NaN,NaN,-0.234380414400079,NaN,NaN,NaN,NaN,NaN,NaN,NaN,NaN,NaN,NaN,NaN,-1.46075750017436,-0.359135472249618,0.207525425915541,-0.289684156933124,1.57506669200368,-1.76942028921134,0.899217658653463,-0.235138911974421,-0.789317344668638,-0.789317344668635,NaN,NaN,NaN,NaN,NaN,NaN,-0.914627054068761,NaN,NaN,NaN,NaN,NaN
258.1504,1.67568776058087,0.168201708996327,1.69702060132081,0.387983914129366,-0.529993958438785,-0.529993958439632,NaN,-2.35589979167292,-1.80398768312232,-0.11630658900927,-0.234579409151875,-0.116306589010165,NaN,NaN,NaN,NaN,NaN,-0.237391103247105,NaN,NaN,NaN,NaN,NaN,NaN,NaN,NaN,NaN,NaN,NaN,-1.50387872749847,-0.344317310557006,0.215790312900829,-0.252120743199329,1.63189930450694,-1.79984296173767,0.977963816781499,-0.246223729711469,-0.834093175597835,-0.834093175597837,NaN,NaN,NaN,NaN,NaN,NaN,-0.919886915656435,NaN,NaN,NaN,NaN,NaN
258.2528,1.69287246056845,0.202468044873336,1.73162592328286,0.374630536824146,-0.530130076830139,-0.530130076830997,NaN,-2.33927429638665,-1.82837980101678,-0.0774542282643754,-0.213852512295995,-0.0774542282652675,NaN,NaN,NaN,NaN,NaN,-0.239891986878824,NaN,NaN,NaN,NaN,NaN,NaN,NaN,NaN,NaN,NaN,NaN,-1.54706600299677,-0.329017984385381,0.224216787044936,-0.213500119398406,1.68768804118765,-1.82914450584872,1.05604259946005,-0.258232178753387,-0.877974623347497,-0.877974623347504,NaN,NaN,NaN,NaN,NaN,NaN,-0.925438679422203,NaN,NaN,NaN,NaN,NaN
258.3552,1.7089873727805,0.237166351889568,1.76543294863204,0.359891304558674,-0.530503516404317,-0.530503516405185,NaN,-2.32128321317557,-1.85191019101613,-0.0393281036632393,-0.192273789067869,-0.039328103664128,NaN,NaN,NaN,NaN,NaN,-0.241861397608826,NaN,NaN,NaN,NaN,NaN,NaN,NaN,NaN,NaN,NaN,NaN,-1.59020802840016,-0.31331457470536,0.232839439617533,-0.17389960337172,1.74232668987665,-1.85726542670006,1.13331049714436,-0.271127016096308,-0.920944849465216,-0.920944849465228,NaN,NaN,NaN,NaN,NaN,NaN,-0.931273096647363,NaN,NaN,NaN,NaN,NaN
258.4576,1.72399926943416,0.27222836402737,1.79837370325701,0.343810185718436,-0.531117179721387,-0.531117179722267,NaN,-2.30199843726393,-1.87460054005883,-0.00203471004617434,-0.169880656227875,-0.00203471004705908,NaN,NaN,NaN,NaN,NaN,-0.243280199101491,NaN,NaN,NaN,NaN,NaN,NaN,NaN,NaN,NaN,NaN,NaN,-1.6331915839815,-0.297286667470059,0.241692924652049,-0.133400641030311,1.79571233723439,-1.88414971356088,1.20962619083308,-0.284866541855507,-0.962990194863086,-0.962990194863101,NaN,NaN,NaN,NaN,NaN,NaN,-0.937379263863179,NaN,NaN,NaN,NaN,NaN
258.56,1.73787734802342,0.307585057898794,1.83038214015402,0.326436352593986,-0.531971663412386,-0.53197166341328,NaN,-2.28149754143154,-1.89647841393935,0.0343237506191766,-0.14671550418856,0.0343237506182963,NaN,NaN,NaN,NaN,NaN,-0.24413189542961,NaN,NaN,NaN,NaN,NaN,NaN,NaN,NaN,NaN,NaN,NaN,-1.67590228350745,-0.281016067095009,0.250811864442561,-0.0920884670901301,1.84774587307367,-1.90974519013733,1.28485113952985,-0.299404906437403,-1.00409995460719,-1.00409995460721,NaN,NaN,NaN,NaN,NaN,NaN,-0.943744685658447,NaN,NaN,NaN,NaN,NaN
258.6624,1.75059335498873,0.343166845749753,1.86139436013374,0.307823890677505,-0.533065271337598,-0.533065271338504,NaN,-2.25986340566657,-1.91757694556244,0.0696499100786516,-0.122825470403736,0.0696499100777746,NaN,NaN,NaN,NaN,NaN,-0.244402747428665,NaN,NaN,NaN,NaN,NaN,NaN,NaN,NaN,NaN,NaN,NaN,-1.71822539633016,-0.264586481468891,0.260230754407648,-0.0500517187695056,1.89833252479651,-1.93400387469964,1.3588502181799,-0.314692443601424,-1.04426612337167,-1.04426612337169,NaN,NaN,NaN,NaN,NaN,NaN,-0.950355336394604,NaN,NaN,NaN,NaN,NaN
258.7648,1.76212170458997,0.378903787846172,1.89134883817044,0.288031452995728,-0.534394049593487,-0.534394049594408,NaN,-2.23718381868977,-1.93793445026788,0.103851765247817,-0.0982621638733707,0.103851765246944,NaN,NaN,NaN,NaN,NaN,-0.24408189454712,NaN,NaN,NaN,NaN,NaN,NaN,NaN,NaN,NaN,NaN,NaN,-1.76004672031773,-0.248083168666565,0.269983855788494,-0.00738200342953559,1.94738241564632,-1.95688234507766,1.4314923995212,-0.330676034091001,-1.08348311753071,-1.08348311753073,NaN,NaN,NaN,NaN,NaN,NaN,-0.957195729602141,NaN,NaN,NaN,NaN,NaN
258.8672,1.77243958001674,0.414725823000669,1.92018664229428,0.267121863626778,-0.535951852219234,-0.535951852220168,NaN,-2.21355105007505,-1.95759397218552,0.136843188444621,-0.073081347363554,0.136843188443755,NaN,NaN,NaN,NaN,NaN,-0.243161469182373,NaN,NaN,NaN,NaN,NaN,NaN,NaN,NaN,NaN,NaN,NaN,-1.80125347387054,-0.231592542533023,0.280105066975921,0.0358265706063383,1.99481112038623,-1.97834209102161,1.50265144796313,-0.347299500614575,-1.12174747784523,-1.12174747784526,NaN,NaN,NaN,NaN,NaN,NaN,-0.96424899840704,NaN,NaN,NaN,NaN,NaN
258.9696,1.78152700990345,0.450563007073345,1.94785163309546,0.245161689158898,-0.537730441234586,-0.537730441235534,NaN,-2.18906137227795,-1.9766027579016,0.16854439717676,-0.0473425789293285,0.168544397175901,NaN,NaN,NaN,NaN,NaN,-0.241636686271107,NaN,NaN,NaN,NaN,NaN,NaN,NaN,NaN,NaN,NaN,NaN,-1.84173516221891,-0.215201752022858,0.290627776906785,0.0794778801932438,2.0405401841404,-1.99834982972923,1.57220658613336,-0.364504022577513,-1.1590575574001,-1.15905755740013,NaN,NaN,NaN,NaN,NaN,NaN,-0.971496986465159,NaN,NaN,NaN,NaN,NaN
259.072,1.78936691803219,0.486345747990808,1.97429063565715,0.222220803249217,-0.539719614625868,-0.539719614626833,NaN,-2.16381450559321,-1.99501165288273,0.198882357674598,-0.02110881261121,0.198882357673746,NaN,NaN,NaN,NaN,NaN,-0.239505900295006,NaN,NaN,NaN,NaN,NaN,NaN,NaN,NaN,NaN,NaN,NaN,-1.88138437116156,-0.198998260255164,0.301584712662661,0.123474265161649,2.08449758407951,-2.01687776986694,1.64004311119729,-0.382228551941656,-1.19541320570169,-1.19541320570173,NaN,NaN,NaN,NaN,NaN,NaN,-0.978920348811147,NaN,NaN,NaN,NaN,NaN
259.1744,1.79594514517789,0.52200503249978,1.99945358038483,0.198371959025515,-0.541907349301875,-0.541907349302859,NaN,-2.13791297248197,-2.01287442278532,0.227791099501328,0.00555403665221675,0.227791099500487,NaN,NaN,NaN,NaN,NaN,-0.236770635110368,NaN,NaN,NaN,NaN,NaN,NaN,NaN,NaN,NaN,NaN,NaN,-1.92009745656091,-0.183069440728524,0.313007790620077,0.167716982586274,2.12661813125491,-2.0339038227097,1.70605295712183,-0.400410219862316,-1.23081546411803,-1.23081546411807,NaN,NaN,NaN,NaN,NaN,NaN,-0.986498661387017,NaN,NaN,NaN,NaN,NaN
259.2768,1.80125044713211,0.55747264341305,2.02329361594921,0.17369036633991,-0.544279943987092,-0.544279943988094,NaN,-2.11146136527609,-2.03024700793117,0.255211929636735,0.0325775528634041,0.255211929635905,NaN,NaN,NaN,NaN,NaN,-0.233435594117609,NaN,NaN,NaN,NaN,NaN,NaN,NaN,NaN,NaN,NaN,NaN,-1.9577751254698,-0.167502188433336,0.324927973380929,0.212106644734139,2.16684380567185,-2.04941175476832,1.77013519598654,-0.418984738686964,-1.26526628535403,-1.26526628535407,NaN,NaN,NaN,NaN,NaN,NaN,-0.994210535041152,NaN,NaN,NaN,NaN,NaN
259.3792,1.80527448014791,0.592681362486791,2.04576720256198,0.148253259297977,-0.546822151237627,-0.546822151238648,NaN,-2.08456553669624,-2.04718672326462,0.281093542840455,0.0598912954156977,0.281093542839636,NaN,NaN,NaN,NaN,NaN,-0.229508650101118,NaN,NaN,NaN,NaN,NaN,NaN,NaN,NaN,NaN,NaN,NaN,-1.9943229219715,-0.152382531658017,0.337375130951568,0.256543662309001,2.20512400758924,-2.06339126716149,1.8321964625775,-0.437886810824581,-1.29876828606435,-1.29876828606439,NaN,NaN,NaN,NaN,NaN,NaN,-1.00203372935614,NaN,NaN,NaN,NaN,NaN
259.4816,1.80801178284217,0.627565152658849,2.06683419094192,0.122139438253326,-0.549517297896291,-0.549517297897331,NaN,-2.05733172282984,-2.0637514218154,0.30539202917173,0.0874232938996372,0.305392029170921,NaN,NaN,NaN,NaN,NaN,-0.225000807063558,NaN,NaN,NaN,NaN,NaN,NaN,NaN,NaN,NaN,NaN,NaN,-2.02965162575047,-0.137795234304516,0.350377904492762,0.300928707610603,2.24141571540195,-2.07583799237557,1.89215129471154,-0.457050552812347,-1.33132454035305,-1.3313245403531,NaN,NaN,NaN,NaN,NaN,NaN,-1.00994526702467,NaN,NaN,NaN,NaN,NaN
259.584,1.80945975004992,0.662059317986592,2.08645788176912,0.0954287826225616,-0.552347399880042,-0.552347399881097,NaN,-2.02986561862613,-2.07999864305646,0.32807078961466,0.115100563705274,0.328070789613859,NaN,NaN,NaN,NaN,NaN,-0.21992612565155,NaN,NaN,NaN,NaN,NaN,NaN,NaN,NaN,NaN,NaN,NaN,-2.06367756566888,-0.123823390276616,0.363963571434197,0.345163193136607,2.27568354363334,-2.08675340177025,1.94992238472482,-0.476409935950225,-1.36293841702874,-1.36293841702881,NaN,NaN,NaN,NaN,NaN,NaN,-1.0179215549001,NaN,NaN,NaN,NaN,NaN
259.6864,1.80961858432649,0.696100643785375,2.10460505322231,0.0682017528835161,-0.555293277142918,-0.555293277143988,NaN,-2.00227143963635,-2.0959847640802,0.349100385160643,0.142849631972628,0.349100385159853,NaN,NaN,NaN,NaN,NaN,-0.21430160578967,NaN,NaN,NaN,NaN,NaN,NaN,NaN,NaN,NaN,NaN,NaN,-2.09632285707902,-0.110548020048123,0.3781579110785,0.389149747254067,2.30789968394536,-2.09614461036969,2.00544072441338,-0.495899237230892,-1.39361345388432,-1.39361345388439,NaN,NaN,NaN,NaN,NaN,NaN,-1.02593851625047,NaN,NaN,NaN,NaN,NaN
259.7888,1.80849121732636,0.729627519052175,2.12124595024351,0.0405389118591534,-0.558334677224631,-0.558334677225717,NaN,-1.97465100505135,-2.11176416872449,0.368458348382969,0.1705970551051,0.368458348382187,NaN,NaN,NaN,NaN,NaN,-0.208147020069935,NaN,NaN,NaN,NaN,NaN,NaN,NaN,NaN,NaN,NaN,NaN,-2.1275155724102,-0.0980476799335958,0.392985068979955,0.432792666588616,2.3380437223388,-2.10402407720482,2.05864563130597,-0.515453486773758,-1.423353256436,-1.42335325643607,NaN,NaN,NaN,NaN,NaN,NaN,-1.03397173281684,NaN,NaN,NaN,NaN,NaN
259.8912,1.80608320824786,0.762580039299491,2.13635424143793,0.0125204854353933,-0.561450418640748,-0.561450418641846,NaN,-1.94710286981696,-2.12738845263572,0.386128979143631,0.19826991402823,0.386128979142859,NaN,NaN,NaN,NaN,NaN,-0.201484692907071,NaN,NaN,NaN,NaN,NaN,NaN,NaN,NaN,NaN,NaN,NaN,-2.15718984745509,-0.0863980891302433,0.408467416327419,0.475998330846629,2.36610235837098,-2.11040922912615,2.1094846725303,-0.53500889337325,-1.4521614106847,-1.45216141068478,NaN,NaN,NaN,NaN,NaN,NaN,-1.04199659128161,NaN,NaN,NaN,NaN,NaN
259.9936,1.80240263345441,0.794900084780361,2.14990695449772,-0.0157740343932295,-0.564618555198023,-0.564618555199132,NaN,-1.91972152804845,-2.14290568272998,0.402103137328028,0.225796277439454,0.402103137327265,NaN,NaN,NaN,NaN,NaN,-0.194339231202279,NaN,NaN,NaN,NaN,NaN,NaN,NaN,NaN,NaN,NaN,NaN,-2.18528592991518,-0.0756717791851157,0.424625404909836,0.518675573103504,2.39206906863103,-2.11532204948221,2.15791351877941,-0.554503230813495,-1.48004140480616,-1.48004140480625,NaN,NaN,NaN,NaN,NaN,NaN,-1.04998842575477,NaN,NaN,NaN,NaN,NaN
260.096,1.79745997757114,0.826531371697778,2.1618843987608,-0.0442662485966485,-0.567816545566913,-0.567816545568033,NaN,-1.89259670427193,-2.15835972240364,0.416378033574396,0.253105621503411,0.416378033573643,NaN,NaN,NaN,NaN,NaN,-0.186737227158294,NaN,NaN,NaN,NaN,NaN,NaN,NaN,NaN,NaN,NaN,NaN,-2.21175018792807,-0.0659377787305608,0.441477429743563,0.560736002287931,2.4159437488282,-2.11878866379542,2.20389575694456,-0.573876174936794,-1.50699655759763,-1.50699655759772,NaN,NaN,NaN,NaN,NaN,NaN,-1.0579226438804,NaN,NaN,NaN,NaN,NaN
260.1984,1.79126803069979,0.857419481205468,2.17227008190127,-0.0728791724091354,-0.571021410877808,-0.571021410878943,NaN,-1.86581273861861,-2.17378962459058,0.428957007399814,0.280129200152059,0.428957007399074,NaN,NaN,NaN,NaN,NaN,-0.178706957903067,NaN,NaN,NaN,NaN,NaN,NaN,NaN,NaN,NaN,NaN,NaN,-2.23653509417549,-0.057261347523983,0.459039713487672,0.602094275695776,2.43773235230947,-2.12083893887768,2.24740267653487,-0.593069593015815,-1.53302995162561,-1.53302995162569,NaN,NaN,NaN,NaN,NaN,NaN,-1.06577482544678,NaN,NaN,NaN,NaN,NaN
260.3008,1.78384179328304,0.887511876227978,2.18105062752202,-0.101537513445967,-0.574209879390723,-0.574209879391874,NaN,-1.83944806175194,-2.18922909198624,0.43984928730311,0.306800373577385,0.439849287302384,NaN,NaN,NaN,NaN,NaN,-0.170278093907893,NaN,NaN,NaN,NaN,NaN,NaN,NaN,NaN,NaN,NaN,NaN,-2.25959918872885,-0.0497037604631354,0.477326214486854,0.642668323201689,2.4574465245571,-2.12150609560506,2.2884130286242,-0.61202779544227,-1.55814437081421,-1.55814437081429,NaN,NaN,NaN,NaN,NaN,NaN,-1.07352079337334,NaN,NaN,NaN,NaN,NaN
260.4032,1.77519838740358,0.916757914705947,2.1882156970327,-0.130167903597421,-0.577358531153904,-0.577358531155067,NaN,-1.81357475275502,-2.20470600984504,0.4490697430258,0.333054907714267,0.449069743025087,NaN,NaN,NaN,NaN,NaN,-0.161481410659376,NaN,NaN,NaN,NaN,NaN,NaN,NaN,NaN,NaN,NaN,NaN,-2.28090701708602,-0.0433221324154449,0.496348552379456,0.68237952938859,2.47510322274978,-2.12082632430672,2.32691274940484,-0.63069775699804,-1.5823422466626,-1.58234224666268,NaN,NaN,NaN,NaN,NaN,NaN,-1.08113666844026,NaN,NaN,NaN,NaN,NaN
260.5056,1.76535697014708,0.945108861111573,2.19375791259412,-0.158699087664314,-0.580443952401875,-0.58044395240305,NaN,-1.78825817701225,-2.22024206203782,0.456638640112521,0.358831250654909,0.45663864011182,NaN,NaN,NaN,NaN,NaN,-0.152348493225844,NaN,NaN,NaN,NaN,NaN,NaN,NaN,NaN,NaN,NaN,NaN,-2.30042904022275,-0.0381692805840535,0.516115950340621,0.721152877705343,2.49072431466329,-2.11883839449721,2.36289464762979,-0.649029303693179,-1.60562561946567,-1.60562561946576,NaN,NaN,NaN,NaN,NaN,NaN,-1.08859892109822,NaN,NaN,NaN,NaN,NaN
260.608,1.75433864368028,0.972517892870345,2.19767277421748,-0.187062074167983,-0.583442897327142,-0.583442897328328,NaN,-1.76355670431219,-2.23585243757518,0.462581393051125,0.384070784366622,0.462581393050438,NaN,NaN,NaN,NaN,NaN,-0.142911433743293,NaN,NaN,NaN,NaN,NaN,NaN,NaN,NaN,NaN,NaN,NaN,-2.31814151635207,-0.0342936271771989,0.536635197811106,0.758917057848352,2.50433616288977,-2.11558326254055,2.39635806369093,-0.666975256394397,-1.62799611891242,-1.62799611891252,NaN,NaN,NaN,NaN,NaN,NaN,-1.09588442797126,NaN,NaN,NaN,NaN,NaN
260.7104,1.74216635740361,0.998940101460665,2.1999585664445,-0.215190254222621,-0.586332449882929,-0.586332449884124,NaN,-1.73952150830988,-2.25154562890636,0.466928309104647,0.408718050518717,0.466928309103972,NaN,NaN,NaN,NaN,NaN,-0.133202534118309,NaN,NaN,NaN,NaN,NaN,NaN,NaN,NaN,NaN,NaN,NaN,-2.33402635873966,-0.0317391371627237,0.557910632741118,0.79560454368806,2.51596920370458,-2.11110368616642,2.42730850781975,-0.684491533339975,-1.64945496521844,-1.64945496521855,NaN,NaN,NaN,NaN,NaN,NaN,-1.10297053279387,NaN,NaN,NaN,NaN,NaN
260.8128,1.72886479654013,1.02433249651281,2.2006162535964,-0.243019494234889,-0.589090183158031,-0.589090183159234,NaN,-1.71619644922236,-2.26732332230105,0.46971432223222,0.432720954739415,0.469714322231556,NaN,NaN,NaN,NaN,NaN,-0.123254028061275,NaN,NaN,NaN,NaN,NaN,NaN,NaN,NaN,NaN,NaN,NaN,-2.34807097422751,-0.0305452760102677,0.579944135438029,0.831151655155277,2.52565752330783,-2.10544384865672,2.45575727930751,-0.701537225545222,-1.67000299064738,-1.67000299064749,NaN,NaN,NaN,NaN,NaN,NaN,-1.10983510550854,NaN,NaN,NaN,NaN,NaN
260.9152,1.71446025156164,1.04865402413577,2.19964936415388,-0.270488205795394,-0.591694319686904,-0.591694319688118,NaN,-1.69361804144942,-2.2831803826229,0.470978720876724,0.456030954490214,0.470978720876071,NaN,NaN,NaN,NaN,NaN,-0.113097826794301,NaN,NaN,NaN,NaN,NaN,NaN,NaN,NaN,NaN,NaN,NaN,-2.36026807962739,-0.0307469758015232,0.602735126784182,0.86549861266951,2.53343842952866,-2.09864898879329,2.48172106809331,-0.718074653484929,-1.68964068241462,-1.68964068241474,NaN,NaN,NaN,NaN,NaN,NaN,-1.11645659212697,NaN,NaN,NaN,NaN,NaN
261.0176,1.69898046871258,1.07186560380545,2.19706386680915,-0.297537393673738,-0.594123896143693,-0.594123896144918,NaN,-1.67181550411964,-2.29910493517245,0.470764871821881,0.478603230773087,0.47076487182124,NaN,NaN,NaN,NaN,NaN,-0.102765283688723,NaN,NaN,NaN,NaN,NaN,NaN,NaN,NaN,NaN,NaN,NaN,-2.37061548889027,-0.0323746106569588,0.626280572119794,0.898589584481026,2.53935202126516,-2.09076503500055,2.50522154572428,-0.73406939865127,-1.7083682479013,-1.70836824790143,NaN,NaN,NaN,NaN,NaN,NaN,-1.12281404985278,NaN,NaN,NaN,NaN,NaN
261.12,1.68245448931167,1.0939301784682,2.19286804273398,-0.324110683400394,-0.596358930071469,-0.596358930072707,NaN,-1.6508108875975,-2.31507854331737,0.469119939820753,0.500396841259121,0.469119939820124,NaN,NaN,NaN,NaN,NaN,-0.0922869754160898,NaN,NaN,NaN,NaN,NaN,NaN,NaN,NaN,NaN,NaN,NaN,-2.37911586923971,-0.0354539919505574,0.650575000914258,0.930372724678166,2.54344076346456,-2.08183824893491,2.52628495501425,-0.749490299397215,-1.72618570004062,-1.72618570004075,NaN,NaN,NaN,NaN,NaN,NaN,-1.12888716455761,NaN,NaN,NaN,NaN,NaN
261.2224,1.66491248729943,1.11481276752135,2.18707235768534,-0.3501543310247,-0.598380578892526,-0.598380578893776,NaN,-1.63061926748291,-2.33107647351015,0.466094600748267,0.521374853910624,0.466094600747652,NaN,NaN,NaN,NaN,NaN,-0.0816925024791537,NaN,NaN,NaN,NaN,NaN,NaN,NaN,NaN,NaN,NaN,NaN,-2.38577646987985,-0.0400063939717272,0.675610552962858,0.960800200229044,2.54574907475617,-2.07191488530971,2.54494170412568,-0.764309407108458,-1.74309295952722,-1.74309295952735,NaN,NaN,NaN,NaN,NaN,NaN,-1.13465625299801,NaN,NaN,NaN,NaN,NaN
261.3248,1.64638561041646,1.1344805136348,2.17968933433954,-0.375617214613851,-0.600171278501839,-0.600171278503101,NaN,-1.61124899780941,-2.34706803559741,0.461742743611157,0.541504462869706,0.461742743610555,NaN,NaN,NaN,NaN,NaN,-0.0710103112130464,NaN,NaN,NaN,NaN,NaN,NaN,NaN,NaN,NaN,NaN,NaN,-2.39060882855807,-0.0460486150945889,0.701377055144082,0.989828204667194,2.54632293104926,-2.06104087170944,2.56122596692005,-0.778501903522468,-1.75908997377605,-1.7590899737762,NaN,NaN,NaN,NaN,NaN,NaN,-1.14010225733786,NaN,NaN,NaN,NaN,NaN
261.4272,1.62690582475754,1.15290271990782,2.17073342275716,-0.400450801411001,-0.601714853795276,-0.601714853796551,NaN,-1.59270201335938,-2.36301698716445,0.456121156596173,0.560757090491478,0.456121156595588,NaN,NaN,NaN,NaN,NaN,-0.0602675377073907,NaN,NaN,NaN,NaN,NaN,NaN,NaN,NaN,NaN,NaN,NaN,-2.39362846287985,-0.0535930708612487,0.727862123670661,1.01741695676826,2.54520948669364,-2.04926151132824,2.57517528890988,-0.792045980283021,-1.77417685501264,-1.7741768550128,NaN,NaN,NaN,NaN,NaN,NaN,-1.14520673784646,NaN,NaN,NaN,NaN,NaN
261.5296,1.60650575988222,1.17005088145714,2.16022086843828,-0.424609084963045,-0.602996603967307,-0.602996603968596,NaN,-1.57497416858263,-2.37888198460805,0.449289198696026,0.579108474110956,0.449289198695455,NaN,NaN,NaN,NaN,NaN,-0.0494898702576358,NaN,NaN,NaN,NaN,NaN,NaN,NaN,NaN,NaN,NaN,NaN,-2.3948545522311,-0.0626478967302691,0.755051272807665,1.04353069277301,2.5424567156802,-2.03662121309157,2.58683019790469,-0.804922684747009,-1.78835403630963,-1.7883540363098,NaN,NaN,NaN,NaN,NaN,NaN,-1.14995186499767,NaN,NaN,NaN,NaN,NaN
261.632,1.58521855300287,1.18589872236755,2.14816958232717,-0.448048496052501,-0.604003372583288,-0.604003372584591,NaN,-1.55805559883758,-2.39461705080689,0.441308467020206,0.596538724003841,0.441308467019645,NaN,NaN,NaN,NaN,NaN,-0.0387014190430382,NaN,NaN,NaN,NaN,NaN,NaN,NaN,NaN,NaN,NaN,NaN,-2.39430961280218,-0.0732170211648237,0.782928000489715,1.0681376734613,2.53811307727722,-2.0231632531629,2.59623382315789,-0.817115741810956,-1.80162243700796,-1.80162243700814,NaN,NaN,NaN,NaN,NaN,NaN,-1.15432041332689,NaN,NaN,NaN,NaN,NaN
261.7344,1.56307769184538,1.20042224951888,2.13459901846414,-0.470727800435653,-0.604723608160957,-0.604723608162273,NaN,-1.54193109032015,-2.41017203097709,0.432242473625178,0.613032336441857,0.432242473624626,NaN,NaN,NaN,NaN,NaN,-0.0279245844077512,NaN,NaN,NaN,NaN,NaN,NaN,NaN,NaN,NaN,NaN,NaN,-2.39201917199061,-0.0853001846665791,0.811473833652682,1.09121022105263,2.53222720965496,-2.00892956789524,2.60343153048821,-0.828611363510983,-1.81398362465541,-1.8139836246556,NaN,NaN,NaN,NaN,NaN,NaN,-1.15829576289196,NaN,NaN,NaN,NaN,NaN
261.8368,1.5401168566275,1.21359982588749,2.11953006108519,-0.492607997127371,-0.605147408678879,-0.605147408680208,NaN,-1.52658045162937,-2.42549302835164,0.422156346322245,0.62857815778743,0.422156346321705,NaN,NaN,NaN,NaN,NaN,-0.0171799305343604,NaN,NaN,NaN,NaN,NaN,NaN,NaN,NaN,NaN,NaN,NaN,-2.38801146208097,-0.0988929195727053,0.84066834433553,1.11272477777633,2.52484765102372,-1.99396057450412,2.6084705775237,-0.839398055953483,-1.82543996196581,-1.82543996196601,NaN,NaN,NaN,NaN,NaN,NaN,-1.16186191181092,NaN,NaN,NaN,NaN,NaN
261.9392,1.5163697681997,1.22541225259503,2.10298492225965,-0.513652224874294,-0.605266537597647,-0.605266537598991,NaN,-1.51197888756651,-2.44052282533266,0.411116567052459,0.643169307124359,0.41111656705193,NaN,NaN,NaN,NaN,NaN,-0.00648607850073907,NaN,NaN,NaN,NaN,NaN,NaN,NaN,NaN,NaN,NaN,NaN,-2.38231715889945,-0.113986526220992,0.870489161770394,1.13266196445966,2.51602258743943,-1.97829501621445,2.61139979176776,-0.849466430132272,-1.83599473049149,-1.8359947304917,NaN,NaN,NaN,NaN,NaN,NaN,-1.1650034964907,NaN,NaN,NaN,NaN,NaN
262.0416,1.49187005818952,1.23584284240147,2.08498705612099,-0.533825676785384,-0.605074408312712,-0.60507440831407,NaN,-1.49809737574353,-2.45520129443608,0.399190753520203,0.656803070112532,0.399190753519682,NaN,NaN,NaN,NaN,NaN,0.00414037487016584,NaN,NaN,NaN,NaN,NaN,NaN,NaN,NaN,NaN,NaN,NaN,-2.37496917208211,-0.130568071014354,0.900911995045233,1.15100661828296,2.50579962846766,-1.96196982951027,2.61226927730464,-0.858809019618456,-1.8456522268403,-1.84565222684052,NaN,NaN,NaN,NaN,NaN,NaN,-1.16770581169874,NaN,NaN,NaN,NaN,NaN
262.144,1.46665117539176,1.24487747355271,2.06556109749716,-0.553095520860808,-0.604566048735424,-0.604566048736797,NaN,-1.48490304235432,-2.46946579996324,0.386447475609245,0.669480779970625,0.386447475608736,NaN,NaN,NaN,NaN,NaN,0.0146849145569001,NaN,NaN,NaN,NaN,NaN,NaN,NaN,NaN,NaN,NaN,NaN,-2.36600246747944,-0.148620411170934,0.931910661138324,1.16774779371647,2.49422560861692,-1.94502002896179,2.61113015197014,-0.867420105155707,-1.85441783375582,-1.85441783375605,NaN,NaN,NaN,NaN,NaN,NaN,-1.1699548249239,NaN,NaN,NaN,NaN,NaN
262.2464,1.44074633169732,1.25250462471177,2.04473282848509,-0.571430828589852,-0.603738063409545,-0.603738063410929,NaN,-1.4723595306716,-2.48325158801554,0.372956090207772,0.681207694634646,0.372956090207277,NaN,NaN,NaN,NaN,NaN,0.0251351474857321,NaN,NaN,NaN,NaN,NaN,NaN,NaN,NaN,NaN,NaN,NaN,-2.35545389760387,-0.168122233451918,0.963457103746061,1.18287872587748,2.48134640914365,-1.92747860461543,2.60803431045205,-0.875295546739252,-1.86229807068629,-1.86229807068653,NaN,NaN,NaN,NaN,NaN,NaN,-1.17173718800299,NaN,NaN,NaN,NaN,NaN
262.3488,1.41418848233858,1.25871539845151,2.02252917191149,-0.588802514455393,-0.602588606557822,-0.602588606559217,NaN,-1.46042735209183,-2.49649215395188,0.358786581440137,0.691992862648613,0.358786581439655,NaN,NaN,NaN,NaN,NaN,0.0354808325516328,NaN,NaN,NaN,NaN,NaN,NaN,NaN,NaN,NaN,NaN,NaN,-2.34336202843672,-0.189048088275002,0.995521395572766,1.19639677649739,2.46720679854618,-1.90937642955262,2.60303421305789,-0.882432625929978,-1.86930062143503,-1.86930062143529,NaN,NaN,NaN,NaN,NaN,NaN,-1.17304025598176,NaN,NaN,NaN,NaN,NaN
262.4512,1.38701033199033,1.26350353916097,1.99897820665323,-0.605183282535802,-0.601117371490659,-0.601117371492064,NaN,-1.44906420973288,-2.50911957215857,0.344009398328002,0.701848970466909,0.344009398327532,NaN,NaN,NaN,NaN,NaN,0.0457139016062784,NaN,NaN,NaN,NaN,NaN,NaN,NaN,NaN,NaN,NaN,NaN,-2.32976696350291,-0.211368414628077,1.0280717318228,1.20830338201055,2.45185029625984,-1.89074218086926,2.59618270524277,-0.88882990080116,-1.87543432733797,-1.87543432733822,NaN,NaN,NaN,NaN,NaN,NaN,-1.17385211865346,NaN,NaN,NaN,NaN,NaN
262.5536,1.35924435842731,1.26686544401896,1.97410919614163,-0.620547574245952,-0.599325592037444,-0.599325592038861,NaN,-1.43822529707518,-2.52106478217417,0.328695283743411,0.710792181448896,0.32869528374295,NaN,NaN,NaN,NaN,NaN,0.055828462341374,NaN,NaN,NaN,NaN,NaN,NaN,NaN,NaN,NaN,NaN,NaN,-2.31471017963723,-0.235049570546292,1.06107443128809,1.21860400382277,2.43531906876208,-1.87160228749319,2.58753286889956,-0.894487074891138,-1.88070913301051,-1.88070913301077,NaN,NaN,NaN,NaN,NaN,NaN,-1.17416163720319,NaN,NaN,NaN,NaN,NaN
262.656,1.33092284671347,1.26880016214603,1.94795262072445,-0.634871518709754,-0.597216044023234,-0.597216044024663,NaN,-1.42786358853939,-2.53225783908739,0.312915090095851,0.718841976726519,0.3129150900954,NaN,NaN,NaN,NaN,NaN,0.0658207754201663,NaN,NaN,NaN,NaN,NaN,NaN,NaN,NaN,NaN,NaN,NaN,-2.29823439834486,-0.260053878988739,1.09449395359339,1.2273080772063,2.41765386790795,-1.85198092276307,2.57713790147093,-0.899404882941895,-1.88513598219012,-1.88513598219038,NaN,NaN,NaN,NaN,NaN,NaN,-1.17395847288018,NaN,NaN,NaN,NaN,NaN
262.7584,1.30207792633274,1.26930938403417,1.92054020771167,-0.648132894488343,-0.594793034338011,-0.594793034339454,NaN,-1.41793013822031,-2.54262814444497,0.296739581555431,0.726020993497254,0.296739581554986,NaN,NaN,NaN,NaN,NaN,0.0756892124714963,NaN,NaN,NaN,NaN,NaN,NaN,NaN,NaN,NaN,NaN,NaN,-2.28038350309796,-0.286339679249671,1.12829292451415,1.23442896314947,2.39889401256536,-1.83190004702618,2.56505101787506,-0.903584995757399,-1.8887266785021,-1.88872667850235,NaN,NaN,NaN,NaN,NaN,NaN,-1.17323310186571,NaN,NaN,NaN,NaN,NaN
262.8608,1.27274160628114,1.26839743119534,1.89190495958035,-0.660311110737328,-0.592062373280982,-0.592062373282438,NaN,-1.40837439128729,-2.55210467675567,0.280239231880519,0.73235486201125,0.280239231880083,NaN,NaN,NaN,NaN,NaN,0.0854342084775292,NaN,NaN,NaN,NaN,NaN,NaN,NaN,NaN,NaN,NaN,NaN,-2.26120248550013,-0.313861375856053,1.16243215659522,1.23998389729246,2.37907740156643,-1.81137948699132,2.55132536812868,-0.907029940866262,-1.89149373515431,-1.89149373515455,NaN,NaN,NaN,NaN,NaN,NaN,-1.17197681820984,NaN,NaN,NaN,NaN,NaN
262.9632,1.24294581319808,1.26607125267377,1.86208118872437,-0.671387210673094,-0.589031338081327,-0.589031338082797,NaN,-1.39914450366394,-2.5606162361074,0.263484030949554,0.737872058377203,0.263484030949119,NaN,NaN,NaN,NaN,NaN,0.0950582123638726,NaN,NaN,NaN,NaN,NaN,NaN,NaN,NaN,NaN,NaN,NaN,-2.24073739447118,-0.342569494003247,1.19687066376105,1.24399391869467,2.35824054413522,-1.790437035582,2.53601396374545,-0.9097430313319,-1.89345022949909,-1.89345022949933,NaN,NaN,NaN,NaN,NaN,NaN,-1.17018172757598,NaN,NaN,NaN,NaN,NaN
263.0656,1.21272244563012,1.2623404266887,1.8311045703982,-0.681343894811796,-0.585708640719895,-0.58570864072138,NaN,-1.39018766333796,-2.56809170415677,0.246543304606199,0.742603786155004,0.246543304605766,NaN,NaN,NaN,NaN,NaN,0.104565628545158,NaN,NaN,NaN,NaN,NaN,NaN,NaN,NaN,NaN,NaN,NaN,-2.21903527613533,-0.372410755538989,1.23156568214702,1.24648377342442,2.33641860305855,-1.76908856630926,2.51916961112724,-0.911728297376063,-1.8946096635471,-1.89460966354733,NaN,NaN,NaN,NaN,NaN,NaN,-1.1678407347625,NaN,NaN,NaN,NaN,NaN
263.168,1.18210345313875,1.25721716270237,1.79901221972732,-0.690165554492371,-0.582104406036209,-0.582104406037705,NaN,-1.38145041254525,-2.57446031139383,0.229485548299162,0.746583880099156,0.229485548298731,NaN,NaN,NaN,NaN,NaN,0.113962741630329,NaN,NaN,NaN,NaN,NaN,NaN,NaN,NaN,NaN,NaN,NaN,-2.19614411315511,-0.403328184702023,1.26647271503425,1.24748180466452,2.31364544813543,-1.74734815953866,2.50084485034196,-0.912990419176822,-1.89498582707409,-1.89498582707432,NaN,NaN,NaN,NaN,NaN,NaN,-1.16494753156937,NaN,NaN,NaN,NaN,NaN
263.2704,1.15112093712917,1.25071629947407,1.76584278744189,-0.69783830140768,-0.578230155537269,-0.578230155538776,NaN,-1.37287897968232,-2.57965190642465,0.212378280761411,0.749848710232683,0.21237828076098,NaN,NaN,NaN,NaN,NaN,0.123257620224351,NaN,NaN,NaN,NaN,NaN,NaN,NaN,NaN,NaN,NaN,NaN,-2.17211279125395,-0.435261249624657,1.30154561742751,1.24701984285245,2.28995371109058,-1.72522823137183,2.48109189339425,-0.913534659520713,-1.89459266562799,-1.89459266562822,NaN,NaN,NaN,NaN,NaN,NaN,-1.16149659364498,NaN,NaN,NaN,NaN,NaN
263.3728,1.11980726406468,1.2428552944312,1.73163656290663,-0.704349986034884,-0.574098788604024,-0.574098788605542,NaN,-1.36441962868352,-2.58359722687939,0.195287921757099,0.752437066309943,0.195287921756667,NaN,NaN,NaN,NaN,NaN,0.132459999574145,NaN,NaN,NaN,NaN,NaN,NaN,NaN,NaN,NaN,NaN,NaN,-2.14699111897389,-0.468146042405883,1.33673672661586,1.24513310077167,2.26537483347293,-1.70273965296375,2.45996256082323,-0.913366795879416,-1.89344415712452,-1.89344415712476,NaN,NaN,NaN,NaN,NaN,NaN,-1.15748319208985,NaN,NaN,NaN,NaN,NaN
263.4752,1.08819518426579,1.23365420133662,1.69643557632329,-0.709690214412,-0.569724554689277,-0.569724554690809,NaN,-1.35601902245632,-2.58622817208391,0.17827968698028,0.75439001752756,0.178279686979841,NaN,NaN,NaN,NaN,NaN,0.141581148732216,NaN,NaN,NaN,NaN,NaN,NaN,NaN,NaN,NaN,NaN,NaN,-2.12082989989901,-0.501915487948934,1.37199702624256,1.24186007114359,2.2399391097021,-1.6798918561244,2.43750822697963,-0.912493054893925,-1.89155419629063,-1.89155419629087,NaN,NaN,NaN,NaN,NaN,NaN,-1.15290342091461,NaN,NaN,NaN,NaN,NaN
263.5776,1.05631795228396,1.22313563685236,1.66028369657473,-0.713850381164655,-0.565123012283349,-0.565123012284896,NaN,-1.34762459074804,-2.58747807930221,0.161417486801621,0.755750752779153,0.161417486801178,NaN,NaN,NaN,NaN,NaN,0.150633729528679,NaN,NaN,NaN,NaN,NaN,NaN,NaN,NaN,NaN,NaN,NaN,-2.09368103126105,-0.536499555073387,1.40727631379424,1.23724242558862,2.21367573713409,-1.65669293357156,2.41377978764324,-0.910920053677313,-1.88893648585887,-1.88893648585911,NaN,NaN,NaN,NaN,NaN,NaN,-1.1477542371645,NaN,NaN,NaN,NaN,NaN
263.68,1.02420944314553,1.21132473980434,1.62322672124751,-0.716823727930041,-0.560310974006144,-0.560310974007703,NaN,-1.33918489372355,-2.58728200769897,0.144763818321806,0.756564409438519,0.144763818321357,NaN,NaN,NaN,NaN,NaN,0.159631649439197,NaN,NaN,NaN,NaN,NaN,NaN,NaN,NaN,NaN,NaN,NaN,-2.06559759546343,-0.571825450531561,1.44252334887704,1.2313249131703,2.18661288207584,-1.63314974489399,2.38882765365527,-0.908654750882494,-1.88560443573329,-1.88560443573354,NaN,NaN,NaN,NaN,NaN,NaN,-1.14203350620538,NaN,NaN,NaN,NaN,NaN
263.7824,0.991904257797609,1.19824912849235,1.58531245525854,-0.718605421003921,-0.555306443017203,-0.555306443018774,NaN,-1.3306499740835,-2.58557702988725,0.128379653811407,0.756877898020416,0.12837965381095,NaN,NaN,NaN,NaN,NaN,0.168589907783501,NaN,NaN,NaN,NaN,NaN,NaN,NaN,NaN,NaN,NaN,NaN,-2.03663391689784,-0.607817805404151,1.47768598525406,1.22415524707388,2.1587777574422,-1.60926802918186,2.36270176007936,-0.905704409992593,-1.88157106924817,-1.88157106924843,NaN,NaN,NaN,NaN,NaN,NaN,-1.13574004242907,NaN,NaN,NaN,NaN,NaN
263.8848,0.959437815375491,1.18393886026528,1.54659077803212,-0.719192632662847,-0.550128547498561,-0.550128547500143,NaN,-1.32197169257412,-2.58230252490706,0.112324344168923,0.756739724524761,0.112324344168461,NaN,NaN,NaN,NaN,NaN,0.177524434564612,NaN,NaN,NaN,NaN,NaN,NaN,NaN,NaN,NaN,NaN,NaN,-2.0068455694712,-0.644398880279016,1.51271130444752,1.21578396199666,2.13019669761552,-1.58505251512831,2.3354515729156,-0.902076577897023,-1.87684893412707,-1.87684893412733,NaN,NaN,NaN,NaN,NaN,NaN,-1.12887363772262,NaN,NaN,NaN,NaN,NaN
263.9872,0.926846436086356,1.16842639341924,1.50711370289975,-0.718584610386431,-0.544797471574847,-0.544797471576441,NaN,-1.31310404662298,-2.57740047411166,0.0966555536422347,0.756199807248678,0.0966555536417674,NaN,NaN,NaN,NaN,NaN,0.186451919725224,NaN,NaN,NaN,NaN,NaN,NaN,NaN,NaN,NaN,NaN,NaN,-1.97628933140211,-0.681488821430414,1.54754577390748,1.20626422293686,2.10089521411733,-1.56050701522886,2.30712607702824,-0.897779078840794,-1.87145002360505,-1.87145002360531,NaN,NaN,NaN,NaN,NaN,NaN,-1.12143507488325,NaN,NaN,NaN,NaN,NaN
264.0896,0.894167419438098,1.15174654570714,1.46693543024153,-0.716782726464751,-0.539334368719772,-0.53933436872138,NaN,-1.30400347556877,-2.5708157735238,0.0814292215115401,0.755309282283651,0.0814292215110693,NaN,NaN,NaN,NaN,NaN,0.195389635128495,NaN,NaN,NaN,NaN,NaN,NaN,NaN,NaN,NaN,NaN,NaN,-1.9450230900451,-0.719006000441868,1.58213545466139,1.19565156859815,2.07089802301081,-1.53563449403393,2.27777373988533,-0.892820017214742,-1.8653857228052,-1.86538572280547,NaN,NaN,NaN,NaN,NaN,NaN,-1.11342612832495,NaN,NaN,NaN,NaN,NaN
264.192,0.861439116313994,1.13393644089793,1.42611238840444,-0.713790510652523,-0.533761243361981,-0.533761243363601,NaN,-1.29462915173295,-2.5624965655709,0.0666995285328622,0.754120286747094,0.0666995285323847,NaN,NaN,NaN,NaN,NaN,0.204355260730357,NaN,NaN,NaN,NaN,NaN,NaN,NaN,NaN,NaN,NaN,NaN,-1.91310570535838,-0.756867440032315,1.61642626581053,1.18400359596764,2.04022905093944,-1.51043711370711,2.24744246129223,-0.887207782109002,-1.8586667905513,-1.85866679055158,NaN,NaN,NaN,NaN,NaN,NaN,-1.10484955835131,NaN,NaN,NaN,NaN,NaN
264.2944,0.828700987748931,1.11503543807435,1.38470325273388,-0.709613671904655,-0.528100801938889,-0.528100801940522,NaN,-1.2849432479072,-2.55239456887826,0.0525188421181385,0.752685712372548,0.052518842117657,NaN,NaN,NaN,NaN,NaN,0.213366726574759,NaN,NaN,NaN,NaN,NaN,NaN,NaN,NaN,NaN,NaN,NaN,-1.88059683968403,-0.794989287547679,1.65036428515705,1.17137961951567,2.00891143539096,-1.48491627055554,2.21617952334843,-0.880951056296163,-1.85130336900541,-1.8513033690057,NaN,NaN,NaN,NaN,NaN,NaN,-1.09570910623654,NaN,NaN,NaN,NaN,NaN
264.3968,0.795993644330955,1.09508504355665,1.34276893682772,-0.704260112066626,-0.522376287696723,-0.522376287698368,NaN,-1.27491116743447,-2.54046537910352,0.0389376221034139,0.751058943904692,0.0389376221029312,NaN,NaN,NaN,NaN,NaN,0.222442073706125,NaN,NaN,NaN,NaN,NaN,NaN,NaN,NaN,NaN,NaN,NaN,-1.84755675385465,-0.833287292393034,1.68389605640563,1.15784033375786,1.97696752753095,-1.45907263441458,2.18403154191579,-0.874058838940019,-1.84330500047711,-1.8433050004774,NaN,NaN,NaN,NaN,NaN,NaN,-1.08600949525748,NaN,NaN,NaN,NaN,NaN
264.4992,0.763358863112387,1.07412880796009,1.30037255434847,-0.697739929369781,-0.516611311014257,-0.516611311015916,NaN,-1.2645017258117,-2.52666872834812,0.0260042852186736,0.749293614801774,0.0260042852181865,NaN,NaN,NaN,NaN,NaN,0.231599329939383,NaN,NaN,NaN,NaN,NaN,NaN,NaN,NaN,NaN,NaN,NaN,-1.81404607041877,-0.871677266253659,1.71696888264297,1.14344748395169,1.94441889736509,-1.43290619945559,2.15104440721625,-0.866540485068253,-1.83468063326936,-1.83468063326965,NaN,NaN,NaN,NaN,NaN,NaN,-1.07575643891973,NaN,NaN,NaN,NaN,NaN
264.6016,0.730839578325581,1.05221221257233,1.25757935005091,-0.690065404139036,-0.510829676534201,-0.510829676535873,NaN,-1.25368728342099,-2.51096870570501,0.0137650415077623,0.74744340204714,0.0137650415072694,NaN,NaN,NaN,NaN,NaN,0.240856391357931,NaN,NaN,NaN,NaN,NaN,NaN,NaN,NaN,NaN,NaN,NaN,-1.78012551341115,-0.910075527755228,1.7495311022433,1.12826353628305,1.91128633699549,-1.40641635193025,2.11726319691318,-0.858405756680276,-1.82543861202214,-1.82543861202243,NaN,NaN,NaN,NaN,NaN,NaN,-1.06495665230551,NaN,NaN,NaN,NaN,NaN
264.704,0.698479840203944,1.02938255046315,1.21445659741671,-0.681250955564781,-0.505055200861629,-0.505055200863313,NaN,-1.24244384231273,-2.49333394695431,0.00226371678081073,0.745561853961793,0.00226371678030906,NaN,NaN,NaN,NaN,NaN,0.250230897178711,NaN,NaN,NaN,NaN,NaN,NaN,NaN,NaN,NaN,NaN,NaN,-1.74585563817703,-0.948399355095165,1.78153236573624,1.11235133607738,1.87758985164041,-1.3796019510291,2.0827320449973,-0.849664881023271,-1.81558666022551,-1.8155866602258,NaN,NaN,NaN,NaN,NaN,NaN,-1.05361785857389,NaN,NaN,NaN,NaN,NaN
264.8064,0.666324737442929,1.00568880570131,1.17107346039488,-0.671313063379628,-0.499311515325984,-0.499311515327678,NaN,-1.23075112479111,-2.47373780235889,-0.00845843386714906,0.743702231318638,-0.00845843386765668,NaN,NaN,NaN,NaN,NaN,0.259740090210353,NaN,NaN,NaN,NaN,NaN,NaN,NaN,NaN,NaN,NaN,NaN,-1.71129656294913,-0.98656747657268,1.81292394013412,1.09577374390306,1.843348625601,-1.35246141168672,2.04749395468481,-0.840328615631165,-1.80513186698273,-1.80513186698302,NaN,NaN,NaN,NaN,NaN,NaN,-1.04174878517076,NaN,NaN,NaN,NaN,NaN
264.9088,0.634420284774351,0.981181530607609,1.12750082062444,-0.660270162253795,-0.493621857563807,-0.49362185756551,NaN,-1.21859264700599,-2.45215849440669,-0.0183629193608347,0.741917351772975,-0.018362919361353,NaN,NaN,NaN,NaN,NaN,0.269400665242627,NaN,NaN,NaN,NaN,NaN,NaN,NaN,NaN,NaN,NaN,NaN,-1.6765077111274,-1.02450060044687,1.84365904341918,1.07859325126671,1.8085809615263,-1.32499278289775,2.01159056073643,-0.830408320080234,-1.79408068888845,-1.79408068888874,NaN,NaN,NaN,NaN,NaN,NaN,-1.02935915105563,NaN,NaN,NaN,NaN,NaN
265.0112,0.602813283828528,0.955912720844416,1.08381107787848,-0.648142526216627,-0.488008866115169,-0.488008866116878,NaN,-1.20595579483066,-2.42857927798346,-0.0274142060978657,0.740259441712689,-0.0274142060983959,NaN,NaN,NaN,NaN,NaN,0.279228611335612,NaN,NaN,NaN,NaN,NaN,NaN,NaN,NaN,NaN,NaN,NaN,-1.64154757191912,-1.0621219451336,1.87369318020103,1.06087159751862,1.77330421042602,-1.29719382698498,1.97506187077678,-0.819916032105577,-1.78243897384228,-1.78243897384257,NaN,NaN,NaN,NaN,NaN,NaN,-1.01645964913166,NaN,NaN,NaN,NaN,NaN
265.1136,0.571551166332449,0.92993569205824,1.04007793437771,-0.63495215685347,-0.482494394750338,-0.482494394752052,NaN,-1.19283190524119,-2.40298860995683,-0.0355799029929558,0.738780001720358,-0.0355799029934995,NaN,NaN,NaN,NaN,NaN,0.289239049405259,NaN,NaN,NaN,NaN,NaN,NaN,NaN,NaN,NaN,NaN,NaN,-1.60647348629042,-1.09935771918219,1.90298444226339,1.04266941799584,1.73753471863968,-1.26906211092743,1.93794602597575,-0.808864543916029,-1.77021200946955,-1.77021200946984,NaN,NaN,NaN,NaN,NaN,NaN,-1.0030619268811,NaN,NaN,NaN,NaN,NaN
265.216,0.540681823590672,0.90330496752095,0.996376171753913,-0.6207226814737,-0.477099357290227,-0.477099357291949,NaN,-1.17921635229692,-2.37538032778438,-0.0428309339061841,0.737529687381881,-0.0428309339067404,NaN,NaN,NaN,NaN,NaN,0.299446065176833,NaN,NaN,NaN,NaN,NaN,NaN,NaN,NaN,NaN,NaN,NaN,-1.57134146337158,-1.13613752177254,1.93149375363655,1.02404594174432,1.70128780731556,-1.24059511447954,1.90027910762179,-0.797267474955228,-1.75740459552652,-1.75740459552681,NaN,NaN,NaN,NaN,NaN,NaN,-0.989178569147291,NaN,NaN,NaN,NaN,NaN
265.3184,0.510253423511596,0.876076187344775,0.952781427465362,-0.605479263467596,-0.47184360586771,-0.471843605869436,NaN,-1.16510863317521,-2.34575383244132,-0.0491416996550153,0.736558205376316,-0.0491416996555858,NaN,NaN,NaN,NaN,NaN,0.309862543403261,NaN,NaN,NaN,NaN,NaN,NaN,NaN,NaN,NaN,NaN,NaN,-1.53620603024124,-1.17239465983381,1.95918505767668,1.00505874156008,1.66457778433731,-1.21179035124032,1.86209499477621,-0.785139339835162,-1.74402113651024,-1.74402113651052,NaN,NaN,NaN,NaN,NaN,NaN,-0.974823088873126,NaN,NaN,NaN,NaN,NaN
265.4208,0.480314219348886,0.848306040049396,0.909369975077107,-0.589248522107981,-0.466745840923788,-0.46674584092552,NaN,-1.15051245012089,-2.31411427113529,-0.0544902332348397,0.735914220397798,-0.0544902332354215,NaN,NaN,NaN,NaN,NaN,0.320500014129971,NaN,NaN,NaN,NaN,NaN,NaN,NaN,NaN,NaN,NaN,NaN,-1.50112011743148,-1.20806638711571,1.98602545196968,0.985763536215167,1.62741798586218,-1.18264549919739,1.82342527178956,-0.77249561141582,-1.73006575046747,-1.73006575046774,NaN,NaN,NaN,NaN,NaN,NaN,-0.960009929429872,NaN,NaN,NaN,NaN,NaN
265.5232,0.450912354511948,0.820052205517953,0.866218506789237,-0.572058452202774,-0.461823549237882,-0.461823549239619,NaN,-1.13543578520841,-2.28047271572568,-0.0588583446440344,0.735645260299557,-0.0588583446446273,NaN,NaN,NaN,NaN,NaN,0.331368520062075,NaN,NaN,NaN,NaN,NaN,NaN,NaN,NaN,NaN,NaN,NaN,-1.46613498366088,-1.24309407137354,2.01198527959633,0.966214047472974,1.58982084954987,-1.15315854293836,1.78429918706577,-0.759352776474296,-1.71554239248619,-1.71554239248646,NaN,NaN,NaN,NaN,NaN,NaN,-0.944754477809082,NaN,NaN,NaN,NaN,NaN
265.6256,0.422095661125523,0.791373299589788,0.823403910831527,-0.553938334860167,-0.457092964291486,-0.457092964293228,NaN,-1.11989095856738,-2.24484633101211,-0.0622317410676732,0.735797606753452,-0.0622317410682729,NaN,NaN,NaN,NaN,NaN,0.34247650745178,NaN,NaN,NaN,NaN,NaN,NaN,NaN,NaN,NaN,NaN,NaN,-1.43130018287921,-1.27742330438352,2.03703818885797,0.946461905494114,1.55179801851819,-1.12332793048168,1.74474365693364,-0.745728379646244,-1.700454991128,-1.70045499112827,NaN,NaN,NaN,NaN,NaN,NaN,-0.929073085131069,NaN,NaN,NaN,NaN,NaN
265.728,0.393911444445243,0.762328819418879,0.781003035689271,-0.534918642299217,-0.452569041698027,-0.452569041699772,NaN,-1.10389465382768,-2.20725852867496,-0.0646001029729546,0.736416168094784,-0.0646001029735637,NaN,NaN,NaN,NaN,NaN,0.353830737007156,NaN,NaN,NaN,NaN,NaN,NaN,NaN,NaN,NaN,NaN,NaN,-1.3966635709935,-1.31100397921654,2.06116117554869,0.926556582883704,1.51336046485017,-1.09315274171274,1.70478329503041,-0.731641055421334,-1.68480759378487,-1.68480759378514,NaN,NaN,NaN,NaN,NaN,NaN,-0.91298308984218,NaN,NaN,NaN,NaN,NaN
265.8304,0.366406248190979,0.732979089839911,0.739092436549123,-0.515030950071183,-0.448265443069906,-0.448265443071656,NaN,-1.08746790129872,-2.1677391069225,-0.0659571035924973,0.737544339142151,-0.065957103593114,NaN,NaN,NaN,NaN,NaN,0.36543621003696,NaN,NaN,NaN,NaN,NaN,NaN,NaN,NaN,NaN,NaN,NaN,-1.36227134078732,-1.34379035125266,2.08433461465703,0.906545340064919,1.47451861789998,-1.06263285888586,1.66444044903109,-0.717110552947467,-1.66860451762425,-1.66860451762451,NaN,NaN,NaN,NaN,NaN,NaN,-0.896502841143391,NaN,NaN,NaN,NaN,NaN
265.9328,0.339625604273707,0.703385206946833,0.697748105294364,-0.494307868815788,-0.444194524499412,-0.444194524501164,NaN,-1.07063602332718,-2.12632437394923,-0.0663003753511651,0.739223856968365,-0.0663003753517909,NaN,NaN,NaN,NaN,NaN,0.377296106825833,NaN,NaN,NaN,NaN,NaN,NaN,NaN,NaN,NaN,NaN,NaN,-1.32816806910628,-1.37574107937713,2.10654227401757,0.886473176596524,1.43528248939456,-1.03176912781722,1.62373524345758,-0.702157757236088,-1.65185050565455,-1.6518505056548,NaN,NaN,NaN,NaN,NaN,NaN,-0.879651726635833,NaN,NaN,NaN,NaN,NaN
266.0352,0.313613774248098,0.673608978317031,0.657045190786427,-0.472782998450026,-0.440367329998583,-0.440367330000337,NaN,-1.05342855050277,-2.0830572493665,-0.0656314370968455,0.741494664222071,-0.0656314370974775,NaN,NaN,NaN,NaN,NaN,0.389411735784832,NaN,NaN,NaN,NaN,NaN,NaN,NaN,NaN,NaN,NaN,NaN,-1.29439676448832,-1.40681923597602,2.12777129645398,0.86638278714196,1.39566179433462,-1.00056350064076,1.58268563909293,-0.686804706501495,-1.63455088892309,-1.63455088892334,NaN,NaN,NaN,NaN,NaN,NaN,-0.862450210826517,NaN,NaN,NaN,NaN,NaN
266.1376,0.288413486421651,0.643712863902139,0.617057715330509,-0.450490899905531,-0.436793593541941,-0.436793593543695,NaN,-1.0358791154605,-2.03798734413652,-0.0639555945690783,0.744394787741335,-0.0639555945697179,NaN,NaN,NaN,NaN,NaN,0.401782490950298,NaN,NaN,NaN,NaN,NaN,NaN,NaN,NaN,NaN,NaN,NaN,-1.2609989112147,-1.43699228440179,2.14801214846874,0.846314521371733,1.35566606750153,-0.969019153021528,1.54130751843269,-0.671074605742804,-1.61671175673882,-1.61671175673907,NaN,NaN,NaN,NaN,NaN,NaN,-0.844919882353661,NaN,NaN,NaN,NaN,NaN
266.24,0.264065672479672,0.613759912228073,0.577858288196965,-0.427467077134112,-0.433481754831949,-0.433481754833703,NaN,-1.01802533104481,-1.99117102908906,-0.0612818229197163,0.747960226788892,-0.0612818229203634,NaN,NaN,NaN,NaN,NaN,0.414405813594774,NaN,NaN,NaN,NaN,NaN,NaN,NaN,NaN,NaN,NaN,NaN,-1.22801451050554,-1.46623203126252,2.16725854907856,0.826306356097587,1.31530477410604,-0.937140570127955,1.49961480195262,-0.654991839088289,-1.59834013815905,-1.59834013815929,NaN,NaN,NaN,NaN,NaN,NaN,-0.827083497324775,NaN,NaN,NaN,NaN,NaN
266.3424,0.240609214257587,0.583813672509389,0.539517816148739,-0.403747964211622,-0.43043899481695,-0.430438994818708,NaN,-0.999908654305578,-1.94267150019061,-0.0576226371502806,0.75222483455121,-0.0576226371509335,NaN,NaN,NaN,NaN,NaN,0.427277157283173,NaN,NaN,NaN,NaN,NaN,NaN,NaN,NaN,NaN,NaN,NaN,-1.19548212041703,-1.49451455680734,2.18550739399188,0.806393897249134,1.27458741384805,-0.904933599430115,1.45761959631666,-0.638581981334887,-1.57944419734586,-1.57944419734611,NaN,NaN,NaN,NaN,NaN,NaN,-0.808965006915217,NaN,NaN,NaN,NaN,NaN
266.4448,0.218080710499599,0.553938067916252,0.50210521261379,-0.379370916783791,-0.427671293960511,-0.427671293962271,NaN,-0.981574227563983,-1.89255884121707,-0.0529939477964314,0.757220183556113,-0.0529939477970909,NaN,NaN,NaN,NaN,NaN,0.440389962692544,NaN,NaN,NaN,NaN,NaN,NaN,NaN,NaN,NaN,NaN,NaN,-1.16343889281017,-1.52182012289475,2.20275867961254,0.786610419382643,1.2335236171266,-0.872405471947527,1.41533236959349,-0.621871803415207,-1.56003344426214,-1.56003344426238,NaN,NaN,NaN,NaN,NaN,NaN,-0.790589563561459,NaN,NaN,NaN,NaN,NaN
266.5472,0.196514259220792,0.524197234440074,0.465687103646618,-0.354374208455592,-0.425183507159764,-0.425183507161525,NaN,-0.963070683277403,-1.84091008046092,-0.0474148877909043,0.762975423228944,-0.0474148877915678,NaN,NaN,NaN,NaN,NaN,0.453735648684688,NaN,NaN,NaN,NaN,NaN,NaN,NaN,NaN,NaN,NaN,NaN,-1.13192059974297,-1.54813306544663,2.21901542317261,0.766986925457122,1.19212322770043,-0.839564793474968,1.37276213924075,-0.604889264626061,-1.54011896177505,-1.54011896177529,NaN,NaN,NaN,NaN,NaN,NaN,-0.771983501682579,NaN,NaN,NaN,NaN,NaN
266.6496,0.175941240335301,0.4946553391578,0.43032752325496,-0.328797028491168,-0.422979442103451,-0.422979442105216,NaN,-0.94444990106607,-1.78780923441832,-0.0409075950765179,0.769517143504791,-0.0409075950771869,NaN,NaN,NaN,NaN,NaN,0.467303620637696,NaN,NaN,NaN,NaN,NaN,NaN,NaN,NaN,NaN,NaN,NaN,-1.10096163956171,-1.57344168454153,2.23428357595841,0.747552200078734,1.15039636335401,-0.806421506267314,1.32991665422695,-0.587663490236364,-1.51971364528466,-1.51971364528491,NaN,NaN,NaN,NaN,NaN,NaN,-0.753174289155399,NaN,NaN,NaN,NaN,NaN
266.752,0.156390088818611,0.465376385162327,0.396087592593888,-0.302679473876236,-0.421061928497769,-0.421061928499538,NaN,-0.925766710283567,-1.73334732917396,-0.0334969501922104,0.776869248118694,-0.0334969501928822,NaN,NaN,NaN,NaN,NaN,0.48108129566787,NaN,NaN,NaN,NaN,NaN,NaN,NaN,NaN,NaN,NaN,NaN,-1.07059501459541,-1.59773813538896,2.24857192809507,0.728332848412195,1.10835345018704,-0.772986820571025,1.28680256281775,-0.570224739309949,-1.49883244582169,-1.49883244582193,NaN,NaN,NaN,NaN,NaN,NaN,-0.734190450164921,NaN,NaN,NaN,NaN,NaN
266.8544,0.137886062560974,0.436424002378026,0.363025186603795,-0.276062532766455,-0.419432871416249,-0.419432871418024,NaN,-0.907078539893684,-1.6776223899527,-0.0252102869887739,0.785052833749468,-0.0252102869894499,NaN,NaN,NaN,NaN,NaN,0.495054146712467,NaN,NaN,NaN,NaN,NaN,NaN,NaN,NaN,NaN,NaN,NaN,-1.04085227259204,-1.62101830573769,2.26189199846341,0.709353335337394,1.06600523441126,-0.739273113575897,1.24342557764993,-0.552604364922471,-1.47749261113876,-1.477492611139,NaN,NaN,NaN,NaN,NaN,NaN,-0.715061466510808,NaN,NaN,NaN,NaN,NaN
266.9568,0.120451015078593,0.407861223594449,0.331194597496364,-0.248988062771549,-0.41809329073409,-0.418093290735872,NaN,-0.88844502420798,-1.62073938382447,-0.0160770986310412,0.794086075776812,-0.0160770986317198,NaN,NaN,NaN,NaN,NaN,0.509205766771592,NaN,NaN,NaN,NaN,NaN,NaN,NaN,NaN,NaN,NaN,NaN,-1.01176340938832,-1.64328166050622,2.27425789842556,0.690636040009997,1.02336278283236,-0.705293796719822,1.19979066057708,-0.5348347622036,-1.45571392302896,-1.4557139230292,NaN,NaN,NaN,NaN,NaN,NaN,-0.695817668282563,NaN,NaN,NaN,NaN,NaN
267.0592,0.104103178452098,0.379750249024016,0.300646201988948,-0.221498766504394,-0.417043355612725,-0.417043355614514,NaN,-0.869927575932834,-1.56281009611376,-0.00612874790189448,0.803984126275824,-0.00612874790257807,NaN,NaN,NaN,NaN,NaN,0.523517951218832,NaN,NaN,NaN,NaN,NaN,NaN,NaN,NaN,NaN,NaN,NaN,-0.983356743983626,-1.66453104601999,2.2856861626464,0.672201328449012,0.980437484749499,-0.671063162649343,1.15590223871309,-0.516949299875052,-1.43351892350104,-1.43351892350127,NaN,NaN,NaN,NaN,NaN,NaN,-0.676490123356266,NaN,NaN,NaN,NaN,NaN
267.1616,0.0888569590021462,0.352152203977662,0.271426137124438,-0.193638163804221,-0.416282424837458,-0.416282424839254,NaN,-0.851588942230027,-1.5039529313155,0.00460181834297261,0.814759028065372,0.00460181834228572,NaN,NaN,NaN,NaN,NaN,0.537970794853615,NaN,NaN,NaN,NaN,NaN,NaN,NaN,NaN,NaN,NaN,NaN,-0.955658786387478,-1.68477245876517,2.29619555034534,0.654067640948495,0.937241062765241,-0.63659622927601,1.11176444345263,-0.498982239197037,-1.41093311387527,-1.41093311387551,NaN,NaN,NaN,NaN,NaN,NaN,-0.657110530736574,NaN,NaN,NaN,NaN,NaN
267.264,0.0747227532433647,0.325126893957066,0.243575994186021,-0.16545056740753,-0.415809103759435,-0.415809103761236,NaN,-0.833492765152629,-1.44429264671635,0.016080344740685,0.82641964683198,0.0160803447399947,NaN,NaN,NaN,NaN,NaN,0.552542800925763,NaN,NaN,NaN,NaN,NaN,NaN,NaN,NaN,NaN,NaN,NaN,-0.928694115294459,-1.7040147861235,2.3058068248353,0.636251593685067,0.89378559343201,-0.601908593048044,1.06738135764915,-0.480968652914996,-1.3879851072867,-1.38798510728693,NaN,NaN,NaN,NaN,NaN,NaN,-0.637711120113863,NaN,NaN,NaN,NaN,NaN
267.3664,0.0617067946016308,0.298732562432449,0.217132543554191,-0.136981075043379,-0.415621324135363,-0.415621324137169,NaN,-0.815703166644056,-1.38396003485777,0.0282715234792555,0.838971624028697,0.0282715234785636,NaN,NaN,NaN,NaN,NaN,0.567210997818217,NaN,NaN,NaN,NaN,NaN,NaN,NaN,NaN,NaN,NaN,NaN,-0.902485272931179,-1.72226952374692,2.31454251742587,0.618768095915542,0.850083535841969,-0.567016295201868,1.02275726170883,-0.46294435687895,-1.36470672047068,-1.36470672047091,NaN,NaN,NaN,NaN,NaN,NaN,-0.618324558832477,NaN,NaN,NaN,NaN,NaN
267.4688,0.0498110381424342,0.273025657202616,0.192127500578569,-0.108275579527656,-0.415716439506864,-0.415716439508675,NaN,-0.798284367556172,-1.32309156943149,0.0411392301367693,0.852417351633901,0.0411392301360759,NaN,NaN,NaN,NaN,NaN,0.581951057008684,NaN,NaN,NaN,NaN,NaN,NaN,NaN,NaN,NaN,NaN,NaN,-0.877052676865313,-1.73955047594321,2.32242668155706,0.60163048095062,0.806147767058514,-0.531935702824168,0.977896873720688,-0.444945856761643,-1.34113300392512,-1.34113300392535,NaN,NaN,NaN,NaN,NaN,NaN,-0.598983864369023,NaN,NaN,NaN,NaN,NaN
267.5712,0.0390330869350603,0.248060610004597,0.16858733841026,-0.0793807828437522,-0.416091316149233,-0.416091316151053,NaN,-0.781300338224583,-1.26182902442929,0.0546467436470814,0.866755966034317,0.0546467436463886,NaN,NaN,NaN,NaN,NaN,0.596737408787698,NaN,NaN,NaN,NaN,NaN,NaN,NaN,NaN,NaN,NaN,NaN,-0.85241454681239,-1.75587345156094,2.32948464661457,0.584850644232338,0.761991624847045,-0.496683408893682,0.932805578820889,-0.427010302475079,-1.31730222033948,-1.3173022203397,NaN,NaN,NaN,NaN,NaN,NaN,-0.57972231698486,NaN,NaN,NaN,NaN,NaN
267.6736,0.0293661597419276,0.223889632586001,0.146533149195158,-0.0503441994714074,-0.416742400842132,-0.416742400843963,NaN,-0.764814473973704,-1.20031906782227,0.0687569483006859,0.881983356987285,0.0687569482999912,NaN,NaN,NaN,NaN,NaN,0.611543358974051,NaN,NaN,NaN,NaN,NaN,NaN,NaN,NaN,NaN,NaN,NaN,-0.828586845994191,-1.7712559691317,2.33574278184279,0.568439181171286,0.71762895805625,-0.461276155545078,0.887489642661485,-0.409175442724622,-1.29325578189131,-1.29325578189153,NaN,NaN,NaN,NaN,NaN,NaN,-0.56057336770193,NaN,NaN,NaN,NaN,NaN
267.776,0.0207990958159781,0.200562531641374,0.125980550850506,-0.0212141428829847,-0.417665757572936,-0.417665757574776,NaN,-0.748889292395624,-1.13871282287776,0.0834325133502497,0.898092190117298,0.0834325133495536,NaN,NaN,NaN,NaN,NaN,0.626341212534671,NaN,NaN,NaN,NaN,NaN,NaN,NaN,NaN,NaN,NaN,NaN,-0.805583236546702,-1.78571697940365,2.34122827580517,0.552405519323635,0.673074183263864,-0.425730781429974,0.841956404823078,-0.391479576984958,-1.26903815094188,-1.26903815094209,NaN,NaN,NaN,NaN,NaN,NaN,-0.541570540073111,NaN,NaN,NaN,NaN,NaN
267.8784,0.0133163944700971,0.178126542793346,0.106939637278476,0.00796030584352013,-0.418857075164537,-0.418857075166388,NaN,-0.73358615425508,-1.07716539006921,0.0986360529935353,0.91507194558997,0.0986360529928335,NaN,NaN,NaN,NaN,NaN,0.641102405660678,NaN,NaN,NaN,NaN,NaN,NaN,NaN,NaN,NaN,NaN,NaN,-0.783415046717119,-1.79927660843937,2.34596893173133,0.536758040073581,0.628342344252555,-0.390064189854382,0.796214449466292,-0.373961504699942,-1.24469670062892,-1.24469670062913,NaN,NaN,NaN,NaN,NaN,NaN,-0.522747325332623,NaN,NaN,NaN,NaN,NaN
267.9808,0.00689829304807061,0.156626179978847,0.0894149735758711,0.0371293484231648,-0.420311654473657,-0.420311654475518,NaN,-0.718965012764445,-1.01583532688825,0.114330270941137,0.932908978144801,0.114330270940433,NaN,NaN,NaN,NaN,NaN,0.655797642229524,NaN,NaN,NaN,NaN,NaN,NaN,NaN,NaN,NaN,NaN,NaN,-0.762091248058616,-1.81195592414443,2.34999297922402,0.52150418570951,0.583449170283046,-0.354293332119062,0.750273752364473,-0.356660471661557,-1.22028152682659,-1.22028152682679,NaN,NaN,NaN,NaN,NaN,NaN,-0.504137067777335,NaN,NaN,NaN,NaN,NaN
268.0832,0.00152088958924108,0.136103095247197,0.0734056396389061,0.0662425412424306,-0.422024387016273,-0.422024387018144,NaN,-0.705084197146282,-0.954884084942351,0.130478084314179,0.951586600930786,0.130478084313473,NaN,NaN,NaN,NaN,NaN,0.67039702985761,NaN,NaN,NaN,NaN,NaN,NaN,NaN,NaN,NaN,NaN,NaN,-0.741618443219945,-1.82377672971758,2.35332890465912,0.506650549557799,0.538411131439589,-0.318435201800963,0.704145806552373,-0.339616111402822,-1.19584520919447,-1.19584520919467,NaN,NaN,NaN,NaN,NaN,NaN,-0.485772834910622,NaN,NaN,NaN,NaN,NaN
268.1856,-0.00284368676536992,0.116595947316682,0.05890532421387,0.0952488904598654,-0.423989734709371,-0.423989734711252,NaN,-0.692000234888154,-0.894475402850148,0.147042714548757,0.971085189951208,0.147042714548052,NaN,NaN,NaN,NaN,NaN,0.684870215179999,NaN,NaN,NaN,NaN,NaN,NaN,NaN,NaN,NaN,NaN,NaN,-0.722000864642641,-1.83476138600639,2.35600530148608,0.492202947667919,0.493245491405615,-0.282506837768791,0.657843730409266,-0.322868375605371,-1.17144253216817,-1.17144253216837,NaN,NaN,NaN,NaN,NaN,NaN,-0.467687269713491,NaN,NaN,NaN,NaN,NaN
268.288,-0.00622706248805017,0.0981402820264401,0.0459024663853951,0.124096968103304,-0.426201715745522,-0.426201715747415,NaN,-0.679767710655656,-0.834774649812042,0.163987736348916,0.991382305751062,0.163987736348208,NaN,NaN,NaN,NaN,NaN,0.699186520918507,NaN,NaN,NaN,NaN,NaN,NaN,NaN,NaN,NaN,NaN,NaN,-0.703240381406715,-1.8449326637629,2.3580507403291,0.478166470219603,0.447970355949786,-0.246525332738814,0.611382358942723,-0.306457448452007,-1.14713017902698,-1.14713017902717,NaN,NaN,NaN,NaN,NaN,NaN,-0.449912428256295,NaN,NaN,NaN,NaN,NaN
268.3904,-0.0086643751696124,0.0807684293713653,0.0343804357818389,0.152735045171639,-0.42865389835112,-0.428653898353026,NaN,-0.668439152580391,-0.775948111912131,0.181277085095367,1.0124528357789,0.181277085094656,NaN,NaN,NaN,NaN,NaN,0.713315085745519,NaN,NaN,NaN,NaN,NaN,NaN,NaN,NaN,NaN,NaN,NaN,-0.685336509417947,-1.85431362768425,2.35949365938784,0.464545510233248,0.402604712216822,-0.210507842810903,0.564778314155087,-0.290423646116717,-1.12296640152332,-1.1229664015235,NaN,NaN,NaN,NaN,NaN,NaN,-0.432479608459571,NaN,NaN,NaN,NaN,NaN
268.4928,-0.0101940090991844,0.0645094198573767,0.0243177421155072,0.181111243528627,-0.431339400544667,-0.431339400546583,NaN,-0.658064936073899,-0.718162217170559,0.198875032289878,1.03426916627871,0.198875032289167,NaN,NaN,NaN,NaN,NaN,0.727225007599012,NaN,NaN,NaN,NaN,NaN,NaN,NaN,NaN,NaN,NaN,NaN,-0.668286420544156,-1.8629275542984,2.36036227535111,0.45134376643484,0.357168453830042,-0.174471595414599,0.5180500474322,-0.274807304552656,-1.09901065962984,-1.09901065963001,NaN,NaN,NaN,NaN,NaN,NaN,-0.415419173468925,NaN,NaN,NaN,NaN,NaN
268.5952,-0.0108573178434621,0.0493889201708993,0.0156882674088666,0.209173716552504,-0.434250887686362,-0.434250887688289,NaN,-0.64869319994803,-0.661582702900947,0.216746143771961,1.05680138933049,0.216746143771251,NaN,NaN,NaN,NaN,NaN,0.74088549267804,NaN,NaN,NaN,NaN,NaN,NaN,NaN,NaN,NaN,NaN,NaN,-0.652084948925206,-1.87079788454192,2.36068451381058,0.438564217305875,0.311682388941491,-0.138433896047334,0.471217847332711,-0.25964865327903,-1.07532322829549,-1.07532322829564,NaN,NaN,NaN,NaN,NaN,NaN,-0.398760369507306,NaN,NaN,NaN,NaN,NaN
268.6976,-0.0106983373787586,0.0354291839913214,0.00846151529177641,0.236870869055822,-0.437380555790758,-0.437380555792693,NaN,-0.64036977038174,-0.606373732549058,0.234855235378976,1.08001754052728,0.234855235378266,NaN,NaN,NaN,NaN,NaN,0.754266011718001,NaN,NaN,NaN,NaN,NaN,NaN,NaN,NaN,NaN,NaN,NaN,-0.636724596615315,-1.87794820850454,2.36048795659165,0.426209066644572,0.266168230959646,-0.102412134730523,0.424303810921195,-0.244987667634473,-1.05196477380214,-1.05196477380228,NaN,NaN,NaN,NaN,NaN,NaN,-0.382531136522347,NaN,NaN,NaN,NaN,NaN
268.8,-0.0097634904210155,0.0226490094326637,0.00260287225004016,0.264151617166257,-0.440720095260633,-0.440720095262576,NaN,-0.633138084191234,-0.552696970879365,0.253167337279554,1.10388385605823,0.253167337278846,NaN,NaN,NaN,NaN,NaN,0.767336463890041,NaN,NaN,NaN,NaN,NaN,NaN,NaN,NaN,NaN,NaN,NaN,-0.622195544073044,-1.88440227302786,2.35979980010131,0.414279667360991,0.220648573971896,-0.0664237917193277,0.377331783579006,-0.230863893645828,-1.02899590358151,-1.02899590358164,NaN,NaN,NaN,NaN,NaN,NaN,-0.366757909383294,NaN,NaN,NaN,NaN,NaN
268.9024,-0.00810128046188712,0.0110636962056096,-0.00192612139507718,0.290965676218095,-0.444260643094798,-0.44426064309675,NaN,-0.627039104429111,-0.500710629970668,0.271647672494306,1.12836503940713,0.271647672493596,NaN,NaN,NaN,NaN,NaN,0.780067350007276,NaN,NaN,NaN,NaN,NaN,NaN,NaN,NaN,NaN,NaN,NaN,-0.608485672878335,-1.89018399649884,2.35864681548968,0.402776435901384,0.175146856099748,-0.0304864406948773,0.330327276633991,-0.217316246428731,-1.00647669200929,-1.00647669200942,NaN,NaN,NaN,NaN,NaN,NaN,-0.351465406106795,NaN,NaN,NaN,NaN,NaN
269.0048,-0.0057619726836408,0.000685002115339809,-0.00516748826644131,0.31726385864215,-0.447992738425265,-0.44799273842723,NaN,-0.622111230190593,-0.450568498561886,0.290261644776551,1.1534245289755,0.290261644775842,NaN,NaN,NaN,NaN,NaN,0.79242996104051,NaN,NaN,NaN,NaN,NaN,NaN,NaN,NaN,NaN,NaN,NaN,-0.595580608464414,-1.89531747436866,2.35705530156103,0.391698771275294,0.129687313502335,0.00538225293413046,0.283317371872872,-0.204382788768448,-0.984466186077187,-0.984466186077294,NaN,NaN,NaN,NaN,NaN,NaN,-0.336676401020347,NaN,NaN,NaN,NaN,NaN
269.1072,-0.00279725645995578,-0.00847889733410936,-0.00716651139702822,0.342998365509734,-0.451906292389915,-0.451906292391891,NaN,-0.618390204572473,-0.402418962797398,0.308974816475648,1.17902475421597,0.30897481647494,NaN,NaN,NaN,NaN,NaN,0.804396593040548,NaN,NaN,NaN,NaN,NaN,NaN,NaN,NaN,NaN,NaN,NaN,-0.583463790105225,-1.89982696360315,2.35505102535428,0.381044990839094,0.0842949247702122,0.0411645418694209,0.236330616888181,-0.192100501676349,-0.963021898315972,-0.963021898316068,NaN,NaN,NaN,NaN,NaN,NaN,-0.322411487898522,NaN,NaN,NaN,NaN,NaN
269.2096,0.000740115574315023,-0.0164234416974274,-0.00797140517226277,0.368123059423883,-0.455990576164699,-0.455990576166685,NaN,-0.615909016219659,-0.356404027474855,0.327752850317391,1.20512736612851,0.327752850316687,NaN,NaN,NaN,NaN,NaN,0.815940798066469,NaN,NaN,NaN,NaN,NaN,NaN,NaN,NaN,NaN,NaN,NaN,-0.572116574059464,-1.90373684173001,2.3526591510337,0.370812291119733,0.0389953422398171,0.0768426187977076,0.189396909277859,-0.180505064771071,-0.942199297594856,-0.942199297594935,NaN,NaN,NaN,NaN,NaN,NaN,-0.308688846084844,NaN,NaN,NaN,NaN,NaN
269.312,0.00479670768464079,-0.0231477057496628,-0.00763296115829161,0.392593709426616,-0.460234226339634,-0.460234226341627,NaN,-0.614697785259417,-0.312658356090719,0.34656140275066,1.23169343256458,0.346561402749959,NaN,NaN,NaN,NaN,NaN,0.827037666467251,NaN,NaN,NaN,NaN,NaN,NaN,NaN,NaN,NaN,NaN,NaN,-0.561518370601489,-1.90707154403553,2.34990416238836,0.360996735753156,-0.00618519128398847,0.11239865129122,0.142547367850649,-0.169630663559686,-0.92205131123478,-0.922051311234844,NaN,NaN,NaN,NaN,NaN,NaN,-0.295524024423244,NaN,NaN,NaN,NaN,NaN
269.4144,0.00931878423808358,-0.0286544020888248,-0.00620418173112772,0.416368200767918,-0.464625265407165,-0.464625265409162,NaN,-0.614783630959395,-0.271308355577354,0.365365979636818,1.25868359715924,0.365365979636123,NaN,NaN,NaN,NaN,NaN,0.837664117830591,NaN,NaN,NaN,NaN,NaN,NaN,NaN,NaN,NaN,NaN,NaN,-0.551646806090248,-1.9098554869309,2.3468097852489,0.351593266615596,-0.0512199342897642,0.147814824031931,0.0958141959295161,-0.159509830653704,-0.902627853885396,-0.902627853885442,NaN,NaN,NaN,NaN,NaN,NaN,-0.282929753061373,NaN,NaN,NaN,NaN,NaN
269.5168,0.0142526777250262,-0.0329498634486904,-0.00373991754764335,0.439406705925575,-0.469151135398449,-0.469151135400449,NaN,-0.616190527454959,-0.232471330033789,0.38413177537606,1.28605820757067,0.384131775375369,NaN,NaN,NaN,NaN,NaN,0.847799172461157,NaN,NaN,NaN,NaN,NaN,NaN,NaN,NaN,NaN,NaN,NaN,-0.542477895949842,-1.9121129843691,2.34339891359703,0.342595732292769,-0.0960817350006958,0.183073378587698,0.0492305483272062,-0.150173318475242,-0.883975397473681,-0.88397539747371,NaN,NaN,NaN,NaN,NaN,NaN,-0.270915787243994,NaN,NaN,NaN,NaN,NaN
269.6192,0.019545130527351,-0.0360440057630615,-0.000296520036246001,0.461671819609277,-0.473798742205656,-0.47379874220766,NaN,-0.618939156052302,-0.196254718757289,0.402823512826859,1.31377741914814,0.402823512826173,NaN,NaN,NaN,NaN,NaN,0.857424183328318,NaN,NaN,NaN,NaN,NaN,NaN,NaN,NaN,NaN,NaN,NaN,-0.533986218706072,-1.91386816139048,2.33969354090466,0.333996929349283,-0.140743105912999,0.218156642862031,0.00283041358986861,-0.141649997139437,-0.86613658971161,-0.866136589711627,NaN,NaN,NaN,NaN,NaN,NaN,-0.259488783822305,NaN,NaN,NaN,NaN,NaN
269.7216,0.0251436066437513,-0.0379502749325771,0.00406848589629188,0.483128664846946,-0.478554505837113,-0.47855450583912,NaN,-0.623046757726918,-0.162755424611589,0.421405294337835,1.3418012762235,0.421405294337152,NaN,NaN,NaN,NaN,NaN,0.866523020050702,NaN,NaN,NaN,NaN,NaN,NaN,NaN,NaN,NaN,NaN,NaN,-0.526145086355671,-1.91514486754356,2.3357146985399,0.325788654564113,-0.185176277613247,0.253047044630908,-0.0433514817269298,-0.133966771819287,-0.849149920646388,-0.849149920646394,NaN,NaN,NaN,NaN,NaN,NaN,-0.248652208397648,NaN,NaN,NaN,NaN,NaN
269.824,0.0309965750718752,-0.0386855788546788,0.00929670974803294,0.503744975052962,-0.483404409343781,-0.48340440934579,NaN,-0.628526984022802,-0.132059232497347,0.43984046744918,1.37008977053191,0.439840467448498,NaN,NaN,NaN,NaN,NaN,0.875082207081204,NaN,NaN,NaN,NaN,NaN,NaN,NaN,NaN,NaN,NaN,NaN,-0.518926706463378,-1.91596659183115,2.33148240397127,0.317961769506809,-0.229353226760574,0.287727103202278,-0.0892797441338609,-0.127148518397684,-0.833049434032496,-0.833049434032485,NaN,NaN,NaN,NaN,NaN,NaN,-0.238406266647172,NaN,NaN,NaN,NaN,NaN
269.9264,0.037053769705376,-0.0382702033225352,0.0153291892942503,0.523491154043725,-0.488334038524223,-0.488334038526235,NaN,-0.635389743691885,-0.104240313579235,0.458091505567993,1.39860287428072,0.458091505567314,NaN,NaN,NaN,NaN,NaN,0.883091024899523,NaN,NaN,NaN,NaN,NaN,NaN,NaN,NaN,NaN,NaN,NaN,-0.512302332980429,-1.91635638025115,2.327015621439,0.310506279713141,-0.27324567442045,0.322179394801072,-0.13491835761515,-0.121218038400582,-0.817864480737848,-0.817864480737824,NaN,NaN,NaN,NaN,NaN,NaN,-0.22874785045697,NaN,NaN,NaN,NaN,NaN
270.0288,0.0432664297911065,-0.0367277080095533,0.0221066763310142,0.542340316992902,-0.493328607229339,-0.493328607231354,NaN,-0.643641045860904,-0.0793608103364553,0.476119905875426,1.42730054553255,0.47611990587475,NaN,NaN,NaN,NaN,NaN,0.890541582961718,NaN,NaN,NaN,NaN,NaN,NaN,NaN,NaN,NaN,NaN,NaN,-0.506242408564528,-1.91633675712488,2.32233223653096,0.303411428637192,-0.316825054904885,0.356386493297879,-0.18023069945534,-0.11619602995242,-0.8036195106724,-0.80361951067236,NaN,NaN,NaN,NaN,NaN,NaN,-0.219670491643774,NaN,NaN,NaN,NaN,NaN
270.1312,0.0495875237511007,-0.0340848002381886,0.0295699181980131,0.560268316087384,-0.498372968918774,-0.49837296892079,NaN,-0.653282845207026,-0.057470500026331,0.493886108164365,1.45614271043237,0.493886108163693,NaN,NaN,NaN,NaN,NaN,0.897428868921884,NaN,NaN,NaN,NaN,NaN,NaN,NaN,NaN,NaN,NaN,NaN,-0.500716705738811,-1.91592965068834,2.31744904364612,0.296665804030132,-0.360062462565755,0.390330895218809,-0.225179530944579,-0.112101068140629,-0.790333897876186,-0.790333897876139,NaN,NaN,NaN,NaN,NaN,NaN,-0.211164323124804,NaN,NaN,NaN,NaN,NaN
270.2336,0.0559719586007575,-0.0303711902695949,0.0376599352468444,0.577253754091957,-0.503451620457115,-0.503451620459135,NaN,-0.664312896370207,-0.038606535617216,0.511349435144143,1.48508923193138,0.511349435143475,NaN,NaN,NaN,NaN,NaN,0.903750774646478,NaN,NaN,NaN,NaN,NaN,NaN,NaN,NaN,NaN,NaN,NaN,-0.49569447507888,-1.91515632311021,2.31238174359247,0.290257452279211,-0.402928590840365,0.423994942131333,-0.269726975238419,-0.108949589029347,-0.778021793405492,-0.778021793405438,NaN,NaN,NaN,NaN,NaN,NaN,-0.203216055693883,NaN,NaN,NaN,NaN,NaN
270.336,0.0623767735031064,-0.0256194349641779,0.0463182892324849,0.593277989468679,-0.508548704602097,-0.508548704604119,NaN,-0.676724623351445,-0.0227932633471072,0.528468050121932,1.51409986935299,0.528468050121269,NaN,NaN,NaN,NaN,NaN,0.909508099567801,NaN,NaN,NaN,NaN,NaN,NaN,NaN,NaN,NaN,NaN,NaN,-0.491144605847711,-1.91403730651901,2.30714494937541,0.284173995080881,-0.445393677746214,0.457360751336824,-0.31383449742876,-0.10675587172172,-0.766692006253624,-0.766692006253557,NaN,NaN,NaN,NaN,NaN,NaN,-0.195808981235924,NaN,NaN,NaN,NaN,NaN
270.4384,0.0687613125891364,-0.0198647716506669,0.055487336982967,0.608325135476581,-0.513648013172309,-0.513648013174333,NaN,-0.690507010095126,-0.0100421172749024,0.545198927584048,1.54313423119709,0.54519892758339,NaN,NaN,NaN,NaN,NaN,0.914704537131534,NaN,NaN,NaN,NaN,NaN,NaN,NaN,NaN,NaN,NaN,NaN,-0.487035797545565,-1.91259234720235,2.30175219957984,0.278402743891941,-0.48742746436222,0.49041015856221,-0.357462895616474,-0.105532014831329,-0.756347920765372,-0.756347920765295,NaN,NaN,NaN,NaN,NaN,NaN,-0.188923006800337,NaN,NaN,NaN,NaN,NaN
270.5408,0.0750873748063771,-0.0131449371831107,0.0651104698536276,0.622382051154255,-0.518732987980098,-0.518732987982122,NaN,-0.7056445203027,-0.000351590775284141,0.561497838285364,1.57215173633044,0.561497838284711,NaN,NaN,NaN,NaN,NaN,0.91934665430548,NaN,NaN,NaN,NaN,NaN,NaN,NaN,NaN,NaN,NaN,NaN,-0.48333673270468,-1.91084035821137,2.29621597815231,0.272930809950043,-0.528999164267021,0.523124669452685,-0.400572303099147,-0.105287910323066,-0.746987461932403,-0.746987461932313,NaN,NaN,NaN,NaN,NaN,NaN,-0.182534714836875,NaN,NaN,NaN,NaN,NaN
270.6432,0.0813193418711097,-0.00549996565359456,0.0751323434509883,0.635438320210468,-0.523786716389237,-0.523786716391262,NaN,-0.722117050986147,0.00629271980995571,0.577319358458941,1.60111160444977,0.577319358458296,NaN,NaN,NaN,NaN,NaN,0.923443869172903,NaN,NaN,NaN,NaN,NaN,NaN,NaN,NaN,NaN,NaN,NaN,-0.480016238094047,-1.90879937899535,2.29054773878966,0.267745209451231,-0.57007743681249,0.555485413122147,-0.443122195866287,-0.106031220275978,-0.738603115663481,-0.738603115663382,NaN,NaN,NaN,NaN,NaN,NaN,-0.176617441446223,NaN,NaN,NaN,NaN,NaN
270.7456,0.0874242832159857,0.00302803787491084,0.0854990979559285,0.647486219115244,-0.528791923879681,-0.528791923881706,NaN,-0.739899916911424,0.00991800585251325,0.592616913177724,1.62997287496232,0.592616913177084,NaN,NaN,NaN,NaN,NaN,0.927008420986029,NaN,NaN,NaN,NaN,NaN,NaN,NaN,NaN,NaN,NaN,NaN,-0.477043425482134,-1.90648654203429,2.28475793462179,0.262832964986267,-0.610630355137796,0.58747308997744,-0.485071396839403,-0.107767358923394,-0.73118200394666,-0.731182003946555,NaN,NaN,NaN,NaN,NaN,NaN,-0.171141366209256,NaN,NaN,NaN,NaN,NaN
270.848,0.0933720351875699,0.012395143514835,0.0961585642436901,0.658520681620607,-0.533730969736365,-0.533730969738389,NaN,-0.758963860620708,0.0105640719334611,0.607342853804046,1.65869442789047,0.607342853803413,NaN,NaN,NaN,NaN,NaN,0.930055323095332,NaN,NaN,NaN,NaN,NaN,NaN,NaN,NaN,NaN,NaN,NaN,-0.474387810173317,-1.90391804820352,2.27885605726049,0.258181206508493,-0.650625362445103,0.619067908117557,-0.526378070970018,-0.110499483552039,-0.724706009588688,-0.724706009588571,NaN,NaN,NaN,NaN,NaN,NaN,-0.166073608037616,NaN,NaN,NaN,NaN,NaN
270.9504,0.0991352567254449,0.0225558524029483,0.107060452562929,0.668539265127878,-0.538585846949881,-0.538585846951906,NaN,-0.779275086304858,0.00828309325868065,0.621448560752348,1.68723498166127,0.621448560751722,NaN,NaN,NaN,NaN,NaN,0.932602294271267,NaN,NaN,NaN,NaN,NaN,NaN,NaN,NaN,NaN,NaN,NaN,-0.472019411214613,-1.90110915125284,2.27285068865497,0.253777276425452,-0.690029218439073,0.650249509192562,-0.566999714016127,-0.114228500943492,-0.719151942936199,-0.719151942936074,NaN,NaN,NaN,NaN,NaN,NaN,-0.161378321418748,NaN,NaN,NaN,NaN,NaN
271.0528,0.104689468841315,0.0334633512438176,0.118156524977994,0.677542117284613,-0.543338181542229,-0.543338181544253,NaN,-0.800795318820753,0.00313930677866733,0.634884565834636,1.71555306227424,0.634884565834018,NaN,NaN,NaN,NaN,NaN,0.934669668788546,NaN,NaN,NaN,NaN,NaN,NaN,NaN,NaN,NaN,NaN,NaN,-0.469908839394372,-1.89807414922701,2.26674956470125,0.24960884087575,-0.728807945773689,0.680996892430232,-0.60689314387246,-0.118953090115931,-0.714491741989788,-0.714491741989651,NaN,NaN,NaN,NaN,NaN,NaN,-0.157016792060378,NaN,NaN,NaN,NaN,NaN
271.1552,0.110013082368912,0.0450697596035628,0.129400752722786,0.685531936636832,-0.547969228671532,-0.547969228673557,NaN,-0.823481888818784,-0.00479135954759761,0.647600695497143,1.74360695523681,0.647600695496534,NaN,NaN,NaN,NaN,NaN,0.936280285825747,NaN,NaN,NaN,NaN,NaN,NaN,NaN,NaN,NaN,NaN,NaN,-0.468027376825667,-1.89482638031017,2.2605596458676,0.245664004224931,-0.766926787299088,0.711288348545241,-0.646014501183591,-0.124669734291332,-0.710692698922055,-0.710692698921907,NaN,NaN,NaN,NaN,NaN,NaN,-0.152947538668812,NaN,NaN,NaN,NaN,NaN
271.2576,0.11508741165671,0.057326370201311,0.140749456362809,0.692513920721626,-0.552459867131628,-0.552459867133657,NaN,-0.847287844932867,-0.0154217187690769,0.659546235848027,1.77135465866117,0.659546235847427,NaN,NaN,NaN,NaN,NaN,0.937459358360646,NaN,NaN,NaN,NaN,NaN,NaN,NaN,NaN,NaN,NaN,NaN,-0.466347047677857,-1.89137822100271,2.25428718959212,0.241931422325822,-0.804350181887018,0.741101412616446,-0.684319263199957,-0.131372757695345,-0.707717710281297,-0.707717710281142,NaN,NaN,NaN,NaN,NaN,NaN,-0.149126429404006,NaN,NaN,NaN,NaN,NaN
271.36,0.119896670253975,0.070183885308514,0.152161426619345,0.6984956976907,-0.556790594338986,-0.556790594341018,NaN,-0.87216209517026,-0.028653820041436,0.670670116180671,1.79875385172317,0.670670116180076,NaN,NaN,NaN,NaN,NaN,0.938234323502992,NaN,NaN,NaN,NaN,NaN,NaN,NaN,NaN,NaN,NaN,NaN,-0.464840678601731,-1.88774108401686,2.24793782069894,0.238400413237592,-0.841041764770701,0.77041284163881,-0.721762275597774,-0.139054370034038,-0.705525550631024,-0.705525550630861,NaN,NaN,NaN,NaN,NaN,NaN,-0.145506816581424,NaN,NaN,NaN,NaN,NaN
271.4624,0.124427948447048,0.0835926512194091,0.163598026756223,0.703487243404752,-0.560941523546244,-0.560941523548279,NaN,-0.898049577799498,-0.0443795063295347,0.680921109603701,1.82576188215643,0.680921109603112,NaN,NaN,NaN,NaN,NaN,0.938634677531572,NaN,NaN,NaN,NaN,NaN,NaN,NaN,NaN,NaN,NaN,NaN,-0.463481948623037,-1.88392541359537,2.24151659798376,0.235061066459525,-0.876964395918864,0.799198620178664,-0.758297805000031,-0.14770472478475,-0.704071170543695,-0.704071170543524,NaN,NaN,NaN,NaN,NaN,NaN,-0.14203968840593,NaN,NaN,NaN,NaN,NaN
271.5648,0.128671174199594,0.0975028895379319,0.175023277357007,0.707500790305914,-0.564892386882995,-0.56489238688503,NaN,-0.924891457253917,-0.0624810310600538,0.690248055667152,1.85233576864778,0.690248055666568,NaN,NaN,NaN,NaN,NaN,0.938691797253706,NaN,NaN,NaN,NaN,NaN,NaN,NaN,NaN,NaN,NaN,NaN,-0.462245427084056,-1.87994067718694,2.2350280759485,0.231904350924688,-0.912080215444789,0.827433994057903,-0.793879610176441,-0.157311998336142,-0.703306022437435,-0.703306022437248,NaN,NaN,NaN,NaN,NaN,NaN,-0.138673834468933,NaN,NaN,NaN,NaN,NaN
271.6672,0.132619055690061,0.111864921549541,0.186403919786177,0.710550732036947,-0.568622551773743,-0.56862255177578,NaN,-0.952625336950179,-0.082831723929305,0.69860011054661,1.87843221111859,0.698600110546033,NaN,NaN,NaN,NaN,NaN,0.938438746677198,NaN,NaN,NaN,NaN,NaN,NaN,NaN,NaN,NaN,NaN,NaN,-0.461106596227002,-1.87579535250487,2.22847635930406,0.228922219771293,-0.946350722094276,0.855093527884872,-0.828461029300697,-0.167862493141441,-0.703178415872147,-0.703178415871951,NaN,NaN,NaN,NaN,NaN,NaN,-0.13535602198227,NaN,NaN,NaN,NaN,NaN
271.7696,0.136267001088745,0.12662938166715,0.197709452032236,0.712653521437966,-0.572111060590755,-0.572111060592799,NaN,-0.98118547974943,-0.105296688046919,0.705927022677054,1.90400760323819,0.705927022676485,NaN,NaN,NaN,NaN,NaN,0.937910067868573,NaN,NaN,NaN,NaN,NaN,NaN,NaN,NaN,NaN,NaN,NaN,-0.46004185611571,-1.87149690843966,2.22186514627134,0.226107708427922,-0.979736871949156,0.882151181052967,-0.861995084625765,-0.179340757705776,-0.703633895455657,-0.703633895455448,NaN,NaN,NaN,NaN,NaN,NaN,-0.132031181505745,NaN,NaN,NaN,NaN,NaN
271.872,0.139613014770907,0.141747416533639,0.208912134355108,0.713827556033647,-0.575336699845108,-0.575336699847154,NaN,-1.0105030282518,-0.129733512437739,0.712179422919039,1.92901804673006,0.71217942291848,NaN,NaN,NaN,NaN,NaN,0.937141557669207,NaN,NaN,NaN,NaN,NaN,NaN,NaN,NaN,NaN,NaN,NaN,-0.459028511583771,-1.86705177925582,2.21519775851819,0.223455023682804,-1.01219919805656,0.908580399257091,-0.894434610174272,-0.191729708907206,-0.704615629842647,-0.704615629842424,NaN,NaN,NaN,NaN,NaN,NaN,-0.128642601040851,NaN,NaN,NaN,NaN,NaN
271.9744,0.142657575228949,0.157170866708927,0.219986968164591,0.714093047373036,-0.578278098227716,-0.578278098229764,NaN,-1.04050622063705,-0.155992994039546,0.717309117093356,1.95341936935389,0.717309117092807,NaN,NaN,NaN,NaN,NaN,0.936170035465199,NaN,NaN,NaN,NaN,NaN,NaN,NaN,NaN,NaN,NaN,NaN,-0.458044741997018,-1.86246533383188,2.20847715957525,0.220959623575591,-1.04369795355618,0.934354221394662,-0.925732408100191,-0.205010744313026,-0.706064803931119,-0.706064803930886,NaN,NaN,NaN,NaN,NaN,NaN,-0.125132126239948,NaN,NaN,NaN,NaN,NaN
272.0768,0.145403501456461,0.172852429326529,0.23091165377582,0.713471875512334,-0.580913847749769,-0.580913847751821,NaN,-1.07112060097045,-0.183919866933461,0.721269376604601,1.97716714517432,0.721269376604058,NaN,NaN,NaN,NaN,NaN,0.93503310795196,NaN,NaN,NaN,NaN,NaN,NaN,NaN,NaN,NaN,NaN,NaN,-0.457069558156776,-1.85774184254614,2.20170596481518,0.21861828841861,-1.07419327794429,0.95944540205181,-0.955841432675319,-0.219163839219047,-0.707921011411133,-0.707921011410889,NaN,NaN,NaN,NaN,NaN,NaN,-0.1214403669826,NaN,NaN,NaN,NaN,NaN
272.1792,0.14785581127387,0.188745801861013,0.24166653044627,0.711987433472883,-0.583222640648531,-0.583222640650583,NaN,-1.10226922461452,-0.213353534772868,0.724015231258891,2.00021671573538,0.724015231258353,NaN,NaN,NaN,NaN,NaN,0.933768934126622,NaN,NaN,NaN,NaN,NaN,NaN,NaN,NaN,NaN,NaN,NaN,-0.456082755465945,-1.85288444327135,2.19488644453777,0.216429182827966,-1.10364538077709,0.983826547901274,-0.984714992099896,-0.234167628317279,-0.71012264765166,-0.710122647651415,NaN,NaN,NaN,NaN,NaN,NaN,-0.117506915903569,NaN,NaN,NaN,NaN,NaN
272.2816,0.150021572455505,0.204805806504019,0.252234499253903,0.709664467497891,-0.585183415478999,-0.585183415481051,NaN,-1.13387285876562,-0.244128803045428,0.725503768924181,2.02252321520675,0.725503768923647,NaN,NaN,NaN,NaN,NaN,0.932415993058911,NaN,NaN,NaN,NaN,NaN,NaN,NaN,NaN,NaN,NaN,NaN,-0.455064872280531,-1.84789510791036,2.18802052140926,0.21439190824956,-1.13201473363519,1.00747026392891,-1.0123069542703,-0.24999947175884,-0.712607302790947,-0.712607302790699,NaN,NaN,NaN,NaN,NaN,NaN,-0.113270586509658,NaN,NaN,NaN,NaN,NaN
272.384,0.151909747766846,0.220988493961369,0.262600929252783,0.706528916860181,-0.586775506920131,-0.586775506922185,NaN,-1.1658501754163,-0.276076607320328,0.725694441550715,2.04404160340005,0.725694441550184,NaN,NaN,NaN,NaN,NaN,0.931012859330053,NaN,NaN,NaN,NaN,NaN,NaN,NaN,NaN,NaN,NaN,NaN,-0.453997157422754,-1.84277461181194,2.18110976439623,0.212507545294208,-1.15926226193727,1.0303493046751,-1.03857194527867,-0.266635503758591,-0.71531215019705,-0.715312150196809,NaN,NaN,NaN,NaN,NaN,NaN,-0.108669675677528,NaN,NaN,NaN,NaN,NaN
272.4864,0.153531035389269,0.237251227864042,0.272753548954423,0.70260775375921,-0.587978795088144,-0.587978795090201,NaN,-1.19811793390454,-0.309024731865915,0.724549373080759,2.06472670992316,0.724549373080231,NaN,NaN,NaN,NaN,NaN,0.929597989150668,NaN,NaN,NaN,NaN,NaN,NaN,NaN,NaN,NaN,NaN,NaN,-0.452861546414482,-1.83752250709538,2.17415538036526,0.210778685929261,-1.18534953379187,1.05243672790922,-1.06346553824209,-0.284050665338561,-0.718174320885236,-0.718174320884997,NaN,NaN,NaN,NaN,NaN,NaN,-0.103642250993713,NaN,NaN,NaN,NaN,NaN
272.5888,0.15489770508645,0.253552753487425,0.28268232542766,0.697928825556363,-0.588773851782612,-0.588773851784671,NaN,-1.23059115418929,-0.342798513716562,0.722033665045305,2.08453329618113,0.722033665044782,NaN,NaN,NaN,NaN,NaN,0.928209513919881,NaN,NaN,NaN,NaN,NaN,NaN,NaN,NaN,NaN,NaN,NaN,-0.451640643991107,-1.8321370992907,2.1671582024952,0.209209455229005,-1.21023894860358,1.07370605052192,-1.0869444385367,-0.302218727104089,-0.721131256138918,-0.721131256138684,NaN,NaN,NaN,NaN,NaN,NaN,-0.0981264599436318,NaN,NaN,NaN,NaN,NaN
272.6912,0.156023430048418,0.269853254115466,0.292379332719389,0.692520708992474,-0.589142079814594,-0.589142079816658,NaN,-1.26318328431046,-0.37722152672982,0.718115697787753,2.10341614392801,0.718115697787231,NaN,NaN,NaN,NaN,NaN,0.926885034743855,NaN,NaN,NaN,NaN,NaN,NaN,NaN,NaN,NaN,NaN,NaN,-0.450317710462095,-1.82661542849678,2.16011867496459,0.207805519838262,-1.23389392714618,1.09413140532462,-1.10896667089572,-0.32111230576422,-0.72412103481861,-0.724121034818379,NaN,NaN,NaN,NaN,NaN,NaN,-0.0920608552918613,NaN,NaN,NaN,NaN,NaN
272.7936,0.156923117268368,0.28611439634043,0.301838613018475,0.686412588971455,-0.589065838078542,-0.589065838080611,NaN,-1.29580636425654,-0.412116238490769,0.712767426177817,2.12133017331911,0.712767426177297,NaN,NaN,NaN,NaN,NaN,0.925661413087728,NaN,NaN,NaN,NaN,NaN,NaN,NaN,NaN,NaN,NaN,NaN,-0.448876651035333,-1.82095325813295,2.15303683523473,0.20657407997362,-1.2562791011055,1.11368769524973,-1.12949176898018,-0.340702873755319,-0.727082672828246,-0.727082672828022,NaN,NaN,NaN,NaN,NaN,NaN,-0.0853847293756272,NaN,NaN,NaN,NaN,NaN
272.896,0.157612743397896,0.302299363914833,0.311056037025618,0.679634166715017,-0.588528545768512,-0.588528545770586,NaN,-1.32837118787688,-0.447304635922453,0.705964668932493,2.13823058573755,0.705964668931974,NaN,NaN,NaN,NaN,NaN,0.924574558055489,NaN,NaN,NaN,NaN,NaN,NaN,NaN,NaN,NaN,NaN,NaN,-0.447302009247198,-1.8151450721541,2.14591229515552,0.205523845362796,-1.277360502081,1.13235074356473,-1.14848096932006,-0.36096075988463,-0.72995639205099,-0.729956392050779,NaN,NaN,NaN,NaN,NaN,NaN,-0.0780384523095604,NaN,NaN,NaN,NaN,NaN
272.9984,0.158109202099344,0.318372880092547,0.320029169271861,0.67221559329338,-0.58751476429671,-0.587514764298789,NaN,-1.36078746590583,-0.482608823317011,0.697687389536313,2.15407302696402,0.697687389535798,NaN,NaN,NaN,NaN,NaN,0.923659217874987,NaN,NaN,NaN,NaN,NaN,NaN,NaN,NaN,NaN,NaN,NaN,-0.445578966393613,-1.80918407921237,2.13874422052965,0.204664997125048,-1.29710575503676,1.15009744406852,-1.16589741474457,-0.381855139113606,-0.732683858441602,-0.732683858441399,NaN,NaN,NaN,NaN,NaN,NaN,-0.0699638162790439,NaN,NaN,NaN,NaN,NaN
273.1008,0.158430162043875,0.334301219937372,0.328757138350144,0.664187424396423,-0.586010259913846,-0.58601025991593,NaN,-1.39296399516462,-0.517851604515293,0.687919963806774,2.16881377209149,0.687919963806264,NaN,NaN,NaN,NaN,NaN,0.922948784866458,NaN,NaN,NaN,NaN,NaN,NaN,NaN,NaN,NaN,NaN,NaN,-0.443693347224837,-1.80306222333781,2.13153130821807,0.204009134918283,-1.31548428138668,1.16690591720639,-1.18170637010677,-0.40335401292758,-0.735208392149875,-0.735208392149683,NaN,NaN,NaN,NaN,NaN,NaN,-0.0611043935286721,NaN,NaN,NaN,NaN,NaN
273.2032,0.158593929898171,0.350052213979886,0.337240507360854,0.65558059481873,-0.584002051628421,-0.584002051630508,NaN,-1.42480884024187,-0.552857061348642,0.676651429004532,2.18240993484903,0.676651429004028,NaN,NaN,NaN,NaN,NaN,0.922475117111323,NaN,NaN,NaN,NaN,NaN,NaN,NaN,NaN,NaN,NaN,NaN,-0.441631630268651,-1.79677020112566,2.12427175967064,0.203569207674505,-1.3324675138617,1.18275567563806,-1.19587544997461,-0.425424188820891,-0.737475153897924,-0.737475153897745,NaN,NaN,NaN,NaN,NaN,NaN,-0.0514059134251291,NaN,NaN,NaN,NaN,NaN
273.3056,0.158619315396239,0.365595243040813,0.345481141688897,0.646426408954221,-0.581478447481903,-0.581478447483994,NaN,-1.45622953297494,-0.587451129769548,0.663875712414311,2.19481969989129,0.66387571241381,NaN,NaN,NaN,NaN,NaN,0.922268375317626,NaN,NaN,NaN,NaN,NaN,NaN,NaN,NaN,NaN,NaN,NaN,-0.439380961677599,-1.79029748242333,2.11696324861578,0.203359429544881,-1.34802912360498,1.1976278008081,-1.20837485709111,-0.448031272646035,-0.739431312651226,-0.739431312651055,NaN,NaN,NaN,NaN,NaN,NaN,-0.0408166581658611,NaN,NaN,NaN,NaN,NaN
273.408,0.158525500184525,0.380901222777686,0.35348207496946,0.63675654110404,-0.578429069457698,-0.578429069459793,NaN,-1.48713329249947,-0.621462164829266,0.649591838055759,2.20600257242697,0.649591838055258,NaN,NaN,NaN,NaN,NaN,0.922356875348376,NaN,NaN,NaN,NaN,NaN,NaN,NaN,NaN,NaN,NaN,NaN,-0.436929172831242,-1.78363232999692,2.10960288060211,0.203395185164295,-1.36214525762604,1.21150513069267,-1.21917762738707,-0.471139686985721,-0.741026200404668,-0.741026200404501,NaN,NaN,NaN,NaN,NaN,NaN,-0.0292878729277281,NaN,NaN,NaN,NaN,NaN
273.5104,0.158331911427363,0.395942576129944,0.361247373225077,0.626603041717192,-0.574844866107974,-0.574844866110075,NaN,-1.51742726678551,-0.654721486563517,0.633804108590808,2.21591963540935,0.633804108590304,NaN,NaN,NaN,NaN,NaN,0.922766959386294,NaN,NaN,NaN,NaN,NaN,NaN,NaN,NaN,NaN,NaN,NaN,-0.434264800899203,-1.77676181692052,2.10218714518474,0.203692927561053,-1.37479477926212,1.2243724536279,-1.22825987296553,-0.494712722499021,-0.742211456718723,-0.742211456718558,NaN,NaN,NaN,NaN,NaN,NaN,-0.0167741838981533,NaN,NaN,NaN,NaN,NaN
273.6128,0.15805809768613,0.410693193670424,0.368781994791835,0.615998349119049,-0.570718109937178,-0.570718109939283,NaN,-1.54701879593563,-0.687063904979448,0.616522258403665,2.22453379883,0.616522258403161,NaN,NaN,NaN,NaN,NaN,0.923522884345117,NaN,NaN,NaN,NaN,NaN,NaN,NaN,NaN,NaN,NaN,NaN,-0.431377107364893,-1.76967184441061,2.09471186592268,0.204270071984546,-1.38595949497283,1.23621669260055,-1.23560100922796,-0.518712619016892,-0.742941157776714,-0.74294115777655,NaN,NaN,NaN,NaN,NaN,NaN,-0.00323401416698207,NaN,NaN,NaN,NaN,NaN
273.7152,0.157723604503076,0.425128384049777,0.376091644725143,0.604975306160081,-0.566042373557218,-0.566042373559327,NaN,-1.57581569752848,-0.718328225558339,0.5977615731364,2.23181002373811,0.597761573135891,NaN,NaN,NaN,NaN,NaN,0.924646718422391,NaN,NaN,NaN,NaN,NaN,NaN,NaN,NaN,NaN,NaN,NaN,-0.428256085451372,-1.76234716331527,2.08717215478014,0.205144890273333,-1.39562434356964,1.24702705745436,-1.24118394654057,-0.543100665271567,-0.743171920043965,-0.743171920043805,NaN,NaN,NaN,NaN,NaN,NaN,0.0113700157499233,NaN,NaN,NaN,NaN,NaN
273.8176,0.157347850020915,0.439224814763883,0.383182624124414,0.593567177946829,-0.560812483103254,-0.560812483105364,NaN,-1.60372657449993,-0.748357736654452,0.577542972784512,2.23771551308653,0.577542972783998,NaN,NaN,NaN,NaN,NaN,0.926158239047296,NaN,NaN,NaN,NaN,NaN,NaN,NaN,NaN,NaN,NaN,NaN,-0.424892451063264,-1.75477140104858,2.07956237417485,0.206336407680539,-1.40377753432122,1.25679515283938,-1.24499523446124,-0.567837308150384,-0.742862974641752,-0.742862974641598,NaN,NaN,NaN,NaN,NaN,NaN,0.0270707145888896,NaN,NaN,NaN,NaN,NaN
273.92,0.156950002536919,0.452960440699721,0.390061674853748,0.581807663477287,-0.555024458809833,-0.555024458811942,NaN,-1.63066114615356,-0.777000678215791,0.555893061151512,2.24221987634281,0.555893061150994,NaN,NaN,NaN,NaN,NaN,0.928074838234749,NaN,NaN,NaN,NaN,NaN,NaN,NaN,NaN,NaN,NaN,NaN,-0.421277622766663,-1.74692709607605,2.07187610569332,0.20786429711464,-1.4104106441662,1.26551505054276,-1.24702516832497,-0.592882272151908,-0.74197622079721,-0.741976220797065,NaN,NaN,NaN,NaN,NaN,NaN,0.0438959816393524,NaN,NaN,NaN,NaN,NaN
274.0224,0.156548860956587,0.466314420926815,0.396735820831674,0.569730894266437,-0.548675456767629,-0.54867545676974,NaN,-1.65653060330196,-0.804110690900772,0.532844148694633,2.24529527963282,0.53284414869411,NaN,NaN,NaN,NaN,NaN,0.930411447757323,NaN,NaN,NaN,NaN,NaN,NaN,NaN,NaN,NaN,NaN,NaN,-0.417403701791714,-1.73879574388272,2.06410612397759,0.20974876189025,-1.415518693766,1.273183342236,-1.24726787794783,-0.618194696325796,-0.740476273816568,-0.740476273816428,NaN,NaN,NaN,NaN,NaN,NaN,0.061868508434295,NaN,NaN,NaN,NaN,NaN
274.1248,0.156162737285107,0.479267029566311,0.403212208145875,0.557371418493337,-0.541763718715986,-0.541763718718097,NaN,-1.68124798818007,-0.829547247717534,0.508434253913957,2.24691658673365,0.50843425391343,NaN,NaN,NaN,NaN,NaN,0.933180493076653,NaN,NaN,NaN,NaN,NaN,NaN,NaN,NaN,NaN,NaN,NaN,-0.413263458905345,-1.73035785882603,2.05624437625552,0.212010400285277,-1.41910021197981,1.27979918016012,-1.24572140841307,-0.643733294180878,-0.738330520761747,-0.738330520761615,NaN,NaN,NaN,NaN,NaN,NaN,0.0810055264116069,NaN,NaN,NaN,NaN,NaN
274.2272,0.15580933966366,0.491799566419551,0.409497945563622,0.544764174757568,-0.534288529484416,-0.534288529486528,NaN,-1.70472859764503,-0.853176072506179,0.482707083225608,2.24706148979192,0.482707083225077,NaN,NaN,NaN,NaN,NaN,0.936391882428464,NaN,NaN,NaN,NaN,NaN,NaN,NaN,NaN,NaN,NaN,NaN,-0.408850329763023,-1.72159305453687,2.0482819690286,0.214670049717949,-1.42115728762598,1.28536430546275,-1.24238779091915,-0.669456536246003,-0.735509188311379,-0.735509188311257,NaN,NaN,NaN,NaN,NaN,NaN,0.101318604283995,NaN,NaN,NaN,NaN,NaN
274.3296,0.155505656554543,0.503894267481414,0.415599946083799,0.531944458759336,-0.526250181138817,-0.52625018114093,NaN,-1.72689040725203,-0.87486955017752,0.455711986353762,2.24571062747338,0.455711986353228,NaN,NaN,NaN,NaN,NaN,0.940053035534361,NaN,NaN,NaN,NaN,NaN,NaN,NaN,NaN,NaN,NaN,NaN,-0.404158417365739,-1.71248014327271,2.04020916327861,0.217748611934397,-1.42169560393104,1.28988306252704,-1.23727309620774,-0.695322848960198,-0.731985417630579,-0.731985417630467,NaN,NaN,NaN,NaN,NaN,NaN,0.122813498190423,NaN,NaN,NaN,NaN,NaN
274.432,0.155267846455071,0.515534211256208,0.42152477157588,0.518947882080661,-0.517649945087635,-0.517649945089745,NaN,-1.74765451522698,-0.894507132846483,0.427503884201536,2.24284768970554,0.427503884200995,NaN,NaN,NaN,NaN,NaN,0.944168950204992,NaN,NaN,NaN,NaN,NaN,NaN,NaN,NaN,NaN,NaN,NaN,-0.399182498268478,-1.70299725427932,2.03201537990917,0.221266861723598,-1.42072445153255,1.29336239874101,-1.23038746254167,-0.72129081951543,-0.727735337315869,-0.727735337315765,NaN,NaN,NaN,NaN,NaN,NaN,0.145490058963279,NaN,NaN,NaN,NaN,NaN
274.5344,0.155111139420162,0.526703219287063,0.427278485692533,0.505810321777036,-0.508490054496357,-0.508490054498468,NaN,-1.76694560387723,-0.911975739787094,0.398143166773048,2.23845950915443,0.398143166772502,NaN,NaN,NaN,NaN,NaN,0.948742298846487,NaN,NaN,NaN,NaN,NaN,NaN,NaN,NaN,NaN,NaN,NaN,-0.393918030113878,-1.69312197199431,2.0236892176122,0.225245241087506,-1.41825671844797,1.29581185071995,-1.22174509345368,-0.74731939653616,-0.722738128729842,-0.722738128729745,NaN,NaN,NaN,NaN,NaN,NaN,0.169342198463466,NaN,NaN,NaN,NaN,NaN
274.6368,0.155049755071212,0.537385756157102,0.432866522324376,0.492567861979644,-0.498773700655262,-0.498773700657373,NaN,-1.78469240717692,-0.927170143128892,0.367695562061539,2.23253614007168,0.367695562060983,NaN,NaN,NaN,NaN,NaN,0.953773542743855,NaN,NaN,NaN,NaN,NaN,NaN,NaN,NaN,NaN,NaN,NaN,-0.388361161136481,-1.68283149160844,2.01521848278792,0.229703642489946,-1.41430885856605,1.29724351922072,-1.21136422547419,-0.773368078905549,-0.716976083297173,-0.716976083297079,NaN,NaN,NaN,NaN,NaN,NaN,0.19435790896799,NaN,NaN,NaN,NaN,NaN
274.7392,0.15509683934581,0.547566837046241,0.438293576033763,0.479256730552482,-0.488505047026516,-0.488505047028627,NaN,-1.80082816257595,-0.939993335337129,0.336231982262291,2.2250709264026,0.336231982261725,NaN,NaN,NaN,NaN,NaN,0.959261048445971,NaN,NaN,NaN,NaN,NaN,NaN,NaN,NaN,NaN,NaN,NaN,-0.382508743403536,-1.67210278245194,2.00659022611966,0.234661189040066,-1.40890084203268,1.29767203458844,-1.19926707046181,-0.799397087845683,-0.710434655138247,-0.710434655138154,NaN,NaN,NaN,NaN,NaN,NaN,0.220519323692391,NaN,NaN,NaN,NaN,NaN
274.8416,0.155264421243418,0.557231947309587,0.443563518032896,0.465913236172249,-0.477689258748436,-0.47768925875055,NaN,-1.8152910241583,-0.950356882544502,0.30382835508298,2.21606056119686,0.303828355082405,NaN,NaN,NaN,NaN,NaN,0.965201192454602,NaN,NaN,NaN,NaN,NaN,NaN,NaN,NaN,NaN,NaN,NaN,-0.376358350303532,-1.66091274812895,1.99779077882223,0.240136019662034,-1.4020560901838,1.29711451202151,-1.18547973916821,-0.825367522083949,-0.70310251331344,-0.703102513313348,NaN,NaN,NaN,NaN,NaN,NaN,0.247802808939153,NaN,NaN,NaN,NaN,NaN
274.944,0.15556339112178,0.566366974529461,0.448679339437253,0.45257371365082,-0.466332537453326,-0.466332537455439,NaN,-1.82802442448666,-0.958181269127374,0.270565444665931,2.20550513624319,0.270565444665349,NaN,NaN,NaN,NaN,NaN,0.971588449194448,NaN,NaN,NaN,NaN,NaN,NaN,NaN,NaN,NaN,NaN,NaN,-0.36990829714582,-1.64923837899149,1.9888057850703,0.24614508136688,-1.39380139548654,1.29559049370872,-1.17003215109906,-0.851241499649331,-0.694971596539622,-0.694971596539526,NaN,NaN,NaN,NaN,NaN,NaN,0.276179084406803,NaN,NaN,NaN,NaN,NaN
275.0464,0.156003503157297,0.574958151166675,0.453643123311349,0.439274482368928,-0.454442151787763,-0.454442151789877,NaN,-1.83897738321634,-0.96339623507195,0.236528661757366,2.19340817793279,0.236528661756777,NaN,NaN,NaN,NaN,NaN,0.978415465119201,NaN,NaN,NaN,NaN,NaN,NaN,NaN,NaN,NaN,NaN,NaN,-0.363157662378786,-1.63705689870746,1.97962023098793,0.252703926248601,-1.38416682615023,1.29312187633448,-1.15295793203553,-0.876982288016108,-0.686037171328905,-0.686037171328805,NaN,NaN,NaN,NaN,NaN,NaN,0.305613371137975,NaN,NaN,NaN,NaN,NaN
275.1488,0.156593403666517,0.582992003101416,0.458456044645989,0.426051813254365,-0.442026463877045,-0.442026463879162,NaN,-1.84810476581104,-0.96594110045375,0.201807855967174,2.17977666726616,0.201807855966577,NaN,NaN,NaN,NaN,NaN,0.985673126216009,NaN,NaN,NaN,NaN,NaN,NaN,NaN,NaN,NaN,NaN,NaN,-0.356106306217368,-1.62434590713352,1.97021847252964,0.259826513023395,-1.37318561614314,1.28973282653253,-1.13429429720637,-0.902554418384795,-0.676297890533923,-0.676297890533821,NaN,NaN,NaN,NaN,NaN,NaN,0.336065566943772,NaN,NaN,NaN,NaN,NaN
275.2512,0.15734068307108,0.590455299195764,0.463118393565439,0.412941892220405,-0.429094961456023,-0.429094961458142,NaN,-1.8553674959721,-0.965765059646246,0.166497077031878,2.16462104625944,0.166497077031274,NaN,NaN,NaN,NaN,NaN,0.993350629420315,NaN,NaN,NaN,NaN,NaN,NaN,NaN,NaN,NaN,NaN,NaN,-0.348754883302592,-1.61108351965814,1.96058426579914,0.267525018230474,-1.36089404233806,1.28544968987612,-1.11408191603549,-0.927923774872164,-0.66575584440824,-0.66575584440814,NaN,NaN,NaN,NaN,NaN,NaN,0.367490450055009,NaN,NaN,NaN,NaN,NaN
275.3536,0.158251948247791,0.597335000578043,0.467629617950574,0.399980767729926,-0.415658307459619,-0.415658307461739,NaN,-1.8607327228972,-0.962827422402523,0.130694292624004,2.14795521350689,0.130694292623393,NaN,NaN,NaN,NaN,NaN,1.0014355672765,NaN,NaN,NaN,NaN,NaN,NaN,NaN,NaN,NaN,NaN,NaN,-0.341104845894621,-1.59724850089262,1.95070080306517,0.275809665633448,-1.34733129043197,1.28030089960885,-1.09236475336965,-0.95305765028965,-0.654416598898733,-0.65441659889863,NaN,NaN,NaN,NaN,NaN,NaN,0.399837912232753,NaN,NaN,NaN,NaN,NaN
275.456,0.159332916126396,0.603618207474749,0.471988385156399,0.38720427273134,-0.401728415021891,-0.401728415024015,NaN,-1.86417394584398,-0.957097790286053,0.0945010573293326,2.1297965066121,0.0945010573287142,NaN,NaN,NaN,NaN,NaN,1.00991402781178,NaN,NaN,NaN,NaN,NaN,NaN,NaN,NaN,NaN,NaN,NaN,-0.333158435267292,-1.58282038841188,1.9405507546737,0.284688581372668,-1.332539310049,1.27431688979942,-1.06918988156944,-0.977924767819135,-0.642289226114711,-0.642289226114617,NaN,NaN,NaN,NaN,NaN,NaN,0.433053219625459,NaN,NaN,NaN,NaN,NaN
275.5584,0.160588529040246,0.609292094755077,0.476192658638477,0.374647915799895,-0.387318548390091,-0.387318548392219,NaN,-1.86567110528391,-0.948556172398485,0.0580221367101701,2.11016566261548,0.0580221367095447,NaN,NaN,NaN,NaN,NaN,1.01877070351168,NaN,NaN,NaN,NaN,NaN,NaN,NaN,NaN,NaN,NaN,NaN,-0.324918662878563,-1.56777960335868,1.93011631448587,0.294167676632739,-1.31656265773434,1.2675300139648,-1.04460725926727,-1.00249527555564,-0.629386335511556,-0.629386335511464,NaN,NaN,NaN,NaN,NaN,NaN,0.467077294978925,NaN,NaN,NaN,NaN,NaN
275.6608,0.16202308236757,0.614343826909622,0.480239775502886,0.362346746147776,-0.372443440034157,-0.37244344003629,NaN,-1.86521065132744,-0.937193046689624,0.0213650977526528,2.08908674504508,0.02136509775202,NaN,NaN,NaN,NaN,NaN,1.02798900071198,NaN,NaN,NaN,NaN,NaN,NaN,NaN,NaN,NaN,NaN,NaN,-0.316389286893577,-1.55210754961717,1.91937924817808,0.30425055393931,-1.29944832627114,1.25997446591554,-1.01866947795451,-1.02674072182423,-0.615724105531676,-0.61572410553159,NaN,NaN,NaN,NaN,NaN,NaN,0.501847014199136,NaN,NaN,NaN,NaN,NaN
275.7632,0.16364034743901,0.618760454817535,0.484126509886457,0.350335205770811,-0.357119406485481,-0.357119406487619,NaN,-1.86278558949072,-0.923009367010339,-0.0153601219033098,2.06658703003701,-0.015360121903952,NaN,NaN,NaN,NaN,NaN,1.03755114585824,NaN,NaN,NaN,NaN,NaN,NaN,NaN,NaN,NaN,NaN,NaN,-0.30757478897526,-1.53578670577054,1.90832094730226,0.314938434388982,-1.28124556024825,1.25168619698446,-0.991431484332328,-1.0506340153496,-0.601322306307959,-0.601322306307884,NaN,NaN,NaN,NaN,NaN,NaN,0.53729551566384,NaN,NaN,NaN,NaN,NaN
275.8656,0.165443678116108,0.622528810075098,0.487849119377455,0.338646980792223,-0.341364444584706,-0.341364444586853,NaN,-1.85839549105707,-0.906016511994347,-0.052041659521877,2.04269685007769,-0.0520416595225282,NaN,NaN,NaN,NaN,NaN,1.04743829313527,NaN,NaN,NaN,NaN,NaN,NaN,NaN,NaN,NaN,NaN,NaN,-0.298480350973723,-1.51880071103708,1.89692249272082,0.326230109300196,-1.26200565932872,1.24270282357319,-0.96295028991306,-1.07414937270003,-0.58620430213808,-0.586204302138022,NaN,NaN,NaN,NaN,NaN,NaN,0.573352527276425,NaN,NaN,NaN,NaN,NaN
275.968,0.167436101245867,0.625635415039827,0.491403384270073,0.327314855985255,-0.325198292891409,-0.325198292893565,NaN,-1.85204645269827,-0.886236166056575,-0.0885661885156977,2.01744939724715,-0.0885661885163593,NaN,NaN,NaN,NaN,NaN,1.05763064162366,NaN,NaN,NaN,NaN,NaN,NaN,NaN,NaN,NaN,NaN,NaN,-0.289111826701244,-1.50113444292892,1.88516472874809,0.338121922115077,-1.24178177186115,1.23306352112227,-0.933284678886786,-1.09726225761756,-0.570397022033679,-0.570397022033638,NaN,NaN,NaN,NaN,NaN,NaN,0.609944717999334,NaN,NaN,NaN,NaN,NaN
276.0704,0.169620396594302,0.628066418515383,0.494784650276342,0.316370571161094,-0.30864244666508,-0.308642446667243,NaN,-1.8437509962052,-0.863700112667824,-0.12481939916855,1.99088048832248,-0.124819399169223,NaN,NaN,NaN,NaN,NaN,1.06810757046027,NaN,NaN,NaN,NaN,NaN,NaN,NaN,NaN,NaN,NaN,NaN,-0.279475704287415,-1.48277408491459,1.87302834741171,0.350607782557826,-1.22062868314789,1.22280890506686,-0.902494922650983,-1.1199493178911,-0.553930884941187,-0.553930884941169,NaN,NaN,NaN,NaN,NaN,NaN,0.646996076977213,NaN,NaN,NaN,NaN,NaN
276.1728,0.17199916712435,0.629807560072674,0.497987877109317,0.305844680741139,-0.291720119081417,-0.291720119083589,NaN,-1.83352790504161,-0.838449918302443,-0.160686502106785,1.96302829387804,-0.160686502107471,NaN,NaN,NaN,NaN,NaN,1.07884780225594,NaN,NaN,NaN,NaN,NaN,NaN,NaN,NaN,NaN,NaN,NaN,-0.269579057895918,-1.4637071843893,1.86049398240016,0.363679211876949,-1.1986026031472,1.21198090268083,-0.870642505758441,-1.14218832303174,-0.53683966835636,-0.536839668356365,NaN,NaN,NaN,NaN,NaN,NaN,0.684428320253548,NaN,NaN,NaN,NaN,NaN
276.2752,0.174574894084989,0.630844166385223,0.501007689413259,0.29576642314055,-0.274456145434044,-0.274456145436223,NaN,-1.8214019972798,-0.810536498715289,-0.196052758272546,1.93393303298791,-0.196052758273243,NaN,NaN,NaN,NaN,NaN,1.08982960557973,NaN,NaN,NaN,NaN,NaN,NaN,NaN,NaN,NaN,NaN,NaN,-0.259429490035097,-1.44392270156095,1.84754231316556,0.377325418860374,-1.17576095537543,1.20062261786192,-0.83778986419616,-1.16395810354294,-0.519160315698712,-0.51916031569874,NaN,NaN,NaN,NaN,NaN,NaN,0.722161327397745,NaN,NaN,NaN,NaN,NaN
276.3776,0.177349972072477,0.631161184753047,0.503838428132051,0.286163605833735,-0.256876831102701,-0.256876831104888,NaN,-1.80740383492249,-0.780019573098818,-0.23080404121058,1.90363663307731,-0.230804041211287,NaN,NaN,NaN,NaN,NaN,1.10103104239154,NaN,NaN,NaN,NaN,NaN,NaN,NaN,NaN,NaN,NaN,NaN,-0.249035065558053,-1.42341104970775,1.83415418011673,0.391533407277449,-1.15216216400574,1.18877818625102,-0.804000133218261,-1.18523849200235,-0.50093268410834,-0.500932684108389,NaN,NaN,NaN,NaN,NaN,NaN,0.760113615629301,NaN,NaN,NaN,NaN,NaN
276.48,0.180326724298804,0.630743256558682,0.50647420399181,0.277062504833365,-0.239009750234131,-0.239009750236325,NaN,-1.79156936957131,-0.7469670175665,-0.264827436576565,1.87218235199008,-0.264827436577279,NaN,NaN,NaN,NaN,NaN,1.11243025872235,NaN,NaN,NaN,NaN,NaN,NaN,NaN,NaN,NaN,NaN,NaN,-0.238404236731518,-1.40216412732866,1.82031071116012,0.406288114261401,-1.12786543370076,1.17649261719022,-0.769336897954946,-1.20601026646703,-0.482199240821152,-0.482199240821219,NaN,NaN,NaN,NaN,NaN,NaN,0.798202858876476,NaN,NaN,NaN,NaN,NaN
276.5824,0.183507402039769,0.629574826976493,0.50890895496515,0.268487771064277,-0.220883510573705,-0.220883510575907,NaN,-1.77393953224803,-0.711454140390477,-0.298011874028908,1.83961436462378,-0.298011874029627,NaN,NaN,NaN,NaN,NaN,1.12400580952423,NaN,NaN,NaN,NaN,NaN,NaN,NaN,NaN,NaN,NaN,NaN,-0.227545759330747,-1.38017534236985,1.8059934574679,0.421572576095619,-1.10293052017697,1.16381162409429,-0.733863940357468,-1.2262550970315,-0.463004726064384,-0.46300472606447,NaN,NaN,NaN,NaN,NaN,NaN,0.836346446911476,NaN,NaN,NaN,NaN,NaN
276.6848,0.186894174186506,0.627640280282166,0.511136507770698,0.260462336891709,-0.20252750859496,-0.202527508597171,NaN,-1.75455979176654,-0.673562922552583,-0.330248768854637,1.80597733426169,-0.330248768855364,NaN,NaN,NaN,NaN,NaN,1.13573699800371,NaN,NaN,NaN,NaN,NaN,NaN,NaN,NaN,NaN,NaN,NaN,-0.216468604871717,-1.35743963077039,1.79118453456816,0.437368111678246,-1.07741749957485,1.15078145192867,-0.697644987611083,-1.24595549572922,-0.443395808670732,-0.443395808670838,NaN,NaN,NaN,NaN,NaN,NaN,0.874462060533541,NaN,NaN,NaN,NaN,NaN
276.7872,0.19048911123462,0.624924088432438,0.51315064104936,0.253007320229712,-0.183971700820324,-0.183971700822542,NaN,-1.73347971521699,-0.633381277351511,-0.361432638357316,1.77131600412312,-0.361432638358047,NaN,NaN,NaN,NaN,NaN,1.1476041997123,NaN,NaN,NaN,NaN,NaN,NaN,NaN,NaN,NaN,NaN,NaN,-0.205181878693842,-1.33395347587339,1.77586676599368,0.453654508421564,-1.05138655184025,1.13744871329664,-0.660743478425457,-1.2650947671069,-0.423420758519954,-0.423420758520078,NaN,NaN,NaN,NaN,NaN,NaN,0.912468228270055,NaN,NaN,NaN,NaN,NaN
276.8896,0.194294162337226,0.62141096582291,0.514945145150066,0.246141921498172,-0.16524640351055,-0.165246403512775,NaN,-1.71075255627832,-0.591002365982387,-0.391461665642493,1.73567483999479,-0.391461665643234,NaN,NaN,NaN,NaN,NaN,1.1595891461682,NaN,NaN,NaN,NaN,NaN,NaN,NaN,NaN,NaN,NaN,NaN,-0.193694751789701,-1.30971493515605,1.76002382857914,0.470410198320017,-1.02489776603265,1.12386023976939,-0.62322235485057,-1.28365695433131,-0.403129147310907,-0.403129147311052,NaN,NaN,NaN,NaN,NaN,NaN,0.95028483680461,NaN,NaN,NaN,NaN,NaN
276.992,0.198311121733755,0.61708602808561,0.516513873855231,0.239883304158654,-0.146382114347813,-0.146382114350044,NaN,-1.68643488377117,-0.546523980240635,-0.420238204363171,1.69909773824736,-0.420238204363923,NaN,NaN,NaN,NaN,NaN,1.17167515915997,NaN,NaN,NaN,NaN,NaN,NaN,NaN,NaN,NaN,NaN,NaN,-0.182016409416293,-1.28472367518444,1.74364039829417,0.487612420966138,-0.998010965526318,1.1100629492081,-0.585143874254051,-1.301626780361,-0.38257157781491,-0.382571577815076,NaN,NaN,NaN,NaN,NaN,NaN,0.987833584324021,NaN,NaN,NaN,NaN,NaN
277.0944,0.202541584986364,0.611934952396668,0.517850787123147,0.234246454501417,-0.12740934805062,-0.127409348052857,NaN,-1.66058625612929,-0.500047994026062,-0.447669231755767,1.66162780240965,-0.447669231756529,NaN,NaN,NaN,NaN,NaN,1.18384733722601,NaN,NaN,NaN,NaN,NaN,NaN,NaN,NaN,NaN,NaN,NaN,-0.170156017195315,-1.25898101170176,1.72670229444643,0.505237375430447,-0.970785555614923,1.0961037307479,-0.546569444486601,-1.31898959226901,-0.361799440267066,-0.361799440267248,NaN,NaN,NaN,NaN,NaN,NaN,1.02503837974511,NaN,NaN,NaN,NaN,NaN
277.1968,0.206986896986787,0.605944135886219,0.518949984929525,0.22924402516443,-0.108358488850489,-0.10835848885273,NaN,-1.63326894310617,-0.451679885769685,-0.473666759316215,1.62330718352028,-0.473666759316989,NaN,NaN,NaN,NaN,NaN,1.19609269906831,NaN,NaN,NaN,NaN,NaN,NaN,NaN,NaN,NaN,NaN,NaN,-0.158122703900548,-1.23248995244448,1.7091966206643,0.523260362640519,-0.94328039883216,1.08202934917152,-0.507559491142754,-1.33573131523921,-0.340864696437897,-0.340864696438095,NaN,NaN,NaN,NaN,NaN,NaN,1.0618256946731,NaN,NaN,NaN,NaN,NaN
277.2992,0.211648089357166,0.599100851994475,0.519805729845087,0.224886169865775,-0.0892596653359598,-0.0892596653382045,NaN,-1.60454768666,-0.401528325827687,-0.498148208172694,1.58417696989876,-0.498148208173476,NaN,NaN,NaN,NaN,NaN,1.20840029253737,NaN,NaN,NaN,NaN,NaN,NaN,NaN,NaN,NaN,NaN,NaN,-0.145925557580042,-1.20525524274828,1.6911119029473,0.541655918593368,-0.915553708810391,1.06788636190427,-0.46817334677026,-1.35183841340735,-0.319819689181367,-0.31981968918158,NaN,NaN,NaN,NaN,NaN,NaN,1.09812487381104,NaN,NaN,NaN,NaN,NaN
277.4016,0.216525803651353,0.591393408304283,0.520412456766777,0.221180380238873,-0.0701426478780934,-0.0701426478803402,NaN,-1.57448948404923,-0.349704810119019,-0.521036749080893,1.54427711069848,-0.521036749081687,NaN,NaN,NaN,NaN,NaN,1.22076127673965,NaN,NaN,NaN,NaN,NaN,NaN,NaN,NaN,NaN,NaN,NaN,-0.133573630845039,-1.17728341571673,1.67243822588879,0.560397937093186,-0.887662945154148,1.05372103626992,-0.428469141876695,-1.36729785354976,-0.298716969951218,-0.298716969951444,NaN,NaN,NaN,NaN,NaN,NaN,1.13386841014303,NaN,NaN,NaN,NaN,NaN
277.504,0.221620202288325,0.58281130835753,0.520764772981781,0.218131341802983,-0.0510367689030415,-0.0510367689052925,NaN,-1.54316337785401,-0.296323319193596,-0.542261598518727,1.50364636674913,-0.542261598519533,NaN,NaN,NaN,NaN,NaN,1.23316897629744,NaN,NaN,NaN,NaN,NaN,NaN,NaN,NaN,NaN,NaN,NaN,-0.121075952638118,-1.14858284901194,1.65316736737048,0.579459778997839,-0.859664704743797,1.03957926087084,-0.388503696482288,-1.38209707261311,-0.277609134991101,-0.277609134991334,NaN,NaN,NaN,NaN,NaN,NaN,1.16899219224447,NaN,NaN,NaN,NaN,NaN
277.6064,0.226930874064887,0.573345415088656,0.520857453884294,0.21574082601331,-0.0319708710898298,-0.0319708710920856,NaN,-1.51064024851793,-0.241499994959032,-0.561758263378801,1.46232228813919,-0.561758263379618,NaN,NaN,NaN,NaN,NaN,1.24561890106361,NaN,NaN,NaN,NaN,NaN,NaN,NaN,NaN,NaN,NaN,NaN,-0.108441545111374,-1.11916382933088,1.63329293092795,0.598814364962174,-0.831614617593548,1.02550645297526,-0.348332426891492,-1.39622395061577,-0.256548667152786,-0.256548667153026,NaN,NaN,NaN,NaN,NaN,NaN,1.20343572787309,NaN,NaN,NaN,NaN,NaN
277.7088,0.232456739165226,0.562988110133492,0.520685436029035,0.214007627884695,-0.012973291320101,-0.0129732913223644,NaN,-1.47699261376601,-0.185352843130692,-0.57946873538014,1.42034121403808,-0.579468735380969,NaN,NaN,NaN,NaN,NaN,1.25810872729112,NaN,NaN,NaN,NaN,NaN,NaN,NaN,NaN,NaN,NaN,NaN,-0.0956794440809343,-1.08903862340421,1.61281047387158,0.618434250723939,-0.803567255316831,1.01154746607076,-0.308009279051945,-1.4096667894924,-0.235587790794433,-0.235587790794676,NaN,NaN,NaN,NaN,NaN,NaN,1.23714234163951,NaN,NaN,NaN,NaN,NaN
277.8112,0.238195951992922,0.551733445114468,0.520243803853666,0.212927548628213,0.00592811388132099,0.00592811387905025,NaN,-1.44229443866792,-0.128001471197487,-0.595341644907729,1.37773828364145,-0.595341644908575,NaN,NaN,NaN,NaN,NaN,1.27063824337718,NaN,NaN,NaN,NaN,NaN,NaN,NaN,NaN,NaN,NaN,NaN,-0.0827987204813512,-1.05822155091619,1.59171762798078,0.638291687847157,-0.775576062355478,0.997746505224255,-0.267586699520626,-1.4224142988367,-0.214778350267385,-0.214778350267634,NaN,NaN,NaN,NaN,NaN,NaN,1.27005934135693,NaN,NaN,NaN,NaN,NaN
277.9136,0.244145796912522,0.539577285881681,0.519527765873067,0.212493413326168,0.0247059028029778,0.0247059028006994,NaN,-1.40662095409856,-0.0695668610848246,-0.609332390713842,1.33454744878353,-0.609332390714701,NaN,NaN,NaN,NaN,NaN,1.28320926700648,NaN,NaN,NaN,NaN,NaN,NaN,NaN,NaN,NaN,NaN,NaN,-0.069808500357001,-1.02672905212931,1.57001420901613,0.658358676375237,-0.74769332886666,0.984147064085883,-0.227115665058399,-1.4344555890346,-0.194171715276896,-0.19417171527715,NaN,NaN,NaN,NaN,NaN,NaN,1.30213815059823,NaN,NaN,NaN,NaN,NaN
278.016,0.250302576303314,0.526517452787016,0.518532621398913,0.212695111381459,0.0433329524517765,0.0433329524494892,NaN,-1.37004847927531,-0.0101711693690857,-0.621403261577633,1.2908014911877,-0.621403261578506,NaN,NaN,NaN,NaN,NaN,1.29582553551142,NaN,NaN,NaN,NaN,NaN,NaN,NaN,NaN,NaN,NaN,NaN,-0.0567179827980502,-0.994579743965019,1.54770231182942,0.678607015028511,-0.719970219870996,0.970791894012259,-0.186645787404853,-1.44578017419252,-0.173818708454443,-0.173818708454704,NaN,NaN,NaN,NaN,NaN,NaN,1.33333440983873,NaN,NaN,NaN,NaN,NaN
278.1184,0.256661495890906,0.512553857299176,0.517253722712544,0.21351965475797,0.0617823448196145,0.0617823448173204,NaN,-1.3326542486098,0.0500624490392724,-0.631523556456776,1.24653205942199,-0.631523556457663,NaN,NaN,NaN,NaN,NaN,1.30849256444493,NaN,NaN,NaN,NaN,NaN,NaN,NaN,NaN,NaN,NaN,NaN,-0.043536456480876,-0.961794462344109,1.52478638916413,0.699008349746372,-0.692456852266436,0.957723000338182,-0.146225482261351,-1.45637798940226,-0.153769548137925,-0.153769548138183,NaN,NaN,NaN,NaN,NaN,NaN,1.36360805062916,NaN,NaN,NaN,NaN,NaN
278.2208,0.263216552235299,0.497688632185987,0.515686435906984,0.214951257052498,0.0800272454846021,0.0800272454823017,NaN,-1.29451624591147,0.111009995633409,-0.639669699070407,1.20176974316357,-0.639669699071304,NaN,NaN,NaN,NaN,NaN,1.32121747093198,NaN,NaN,NaN,NaN,NaN,NaN,NaN,NaN,NaN,NaN,NaN,-0.0302733147964828,-0.928396292225247,1.50127331375242,0.719534217549392,-0.665202392133115,0.94498164835107,-0.105902167994574,-1.4662394219324,-0.134073800018433,-0.134073800018685,NaN,NaN,NaN,NaN,NaN,NaN,1.3929233470957,NaN,NaN,NaN,NaN,NaN
278.3232,0.269960425895831,0.481926252863439,0.51382610250743,0.216971434512416,0.0980407814768757,0.0980407814745688,NaN,-1.25571304390726,0.172546768194914,-0.645825336038338,1.1565441965554,-0.645825336039247,NaN,NaN,NaN,NaN,NaN,1.33400876579766,NaN,NaN,NaN,NaN,NaN,NaN,NaN,NaN,NaN,NaN,NaN,-0.0169380684101334,-0.894410586822648,1.47717242396456,0.740156083613503,-0.638255146787821,0.932608363155721,-0.0657224616354068,-1.47535535034789,-0.11478033248725,-0.114780332487497,NaN,NaN,NaN,NaN,NaN,NaN,1.4212489498431,NaN,NaN,NaN,NaN,NaN
278.4256,0.276884386631937,0.465273649279166,0.511668007638562,0.219559120399938,0.115795926720481,0.115795926718168,NaN,-1.21632364100069,0.234547496467281,-0.649981404591467,1.11088431161671,-0.649981404592392,NaN,NaN,NaN,NaN,NaN,1.34687612411667,NaN,NaN,NaN,NaN,NaN,NaN,NaN,NaN,NaN,NaN,NaN,-0.00354035336252206,-0.85986497401787,1.45249555246375,0.760845374070845,-0.611662645106068,0.920642920728105,-0.0257323621272846,-1.48371718688958,-0.095937273951567,-0.0959372739518044,NaN,NaN,NaN,NaN,NaN,NaN,1.44855790794208,NaN,NaN,NaN,NaN,NaN
278.528,0.283978217340799,0.447740308762497,0.509207361397849,0.222690782743822,0.133265401562011,0.133265401559692,NaN,-1.17642728890889,0.296886479534573,-0.652136158878316,1.06481843324207,-0.652136158879254,NaN,NaN,NaN,NaN,NaN,1.35983014365149,NaN,NaN,NaN,NaN,NaN,NaN,NaN,NaN,NaN,NaN,NaN,0.00991006762239797,-0.824789344940543,1.42725703581506,0.781573509887938,-0.585471716436399,0.909124338774012,0.0140225691497069,-1.4913169199611,-0.0775919751743714,-0.0775919751746006,NaN,NaN,NaN,NaN,NaN,NaN,1.47482768062095,NaN,NaN,NaN,NaN,NaN
278.6304,0.291230155866319,0.429338370386671,0.506439292892625,0.226340547905185,0.150421585134149,0.150421585131821,NaN,-1.13610331227404,0.35943772322669,-0.65229515192666,1.01837460481635,-0.65229515192761,NaN,NaN,NaN,NaN,NaN,1.3728820954747,NaN,NaN,NaN,NaN,NaN,NaN,NaN,NaN,NaN,NaN,NaN,0.0234033128747518,-0.789215820300528,1.40147370218374,0.802311944909549,-0.559728574179716,0.898090872368336,0.0534970245540959,-1.49814715338798,-0.0597909816669561,-0.0597909816671751,NaN,NaN,NaN,NaN,NaN,NaN,1.50004013460544,NaN,NaN,NaN,NaN,NaN
278.7328,0.298626848520768,0.410082709239037,0.503358850182694,0.230480339947312,0.167236437285964,0.167236437283628,NaN,-1.09543092604306,0.42207507435674,-0.650471176686643,0.971580832851947,-0.650471176687608,NaN,NaN,NaN,NaN,NaN,1.38604367053566,NaN,NaN,NaN,NaN,NaN,NaN,NaN,NaN,NaN,NaN,NaN,0.0369294007852668,-0.753178692356128,1.37516483483784,0.823032208157157,-0.53447889195322,0.887580006708619,0.0926457781342551,-1.50420114369971,-0.0425800205291855,-0.0425800205293936,NaN,NaN,NaN,NaN,NaN,NaN,1.52418152422104,NaN,NaN,NaN,NaN,NaN
278.8352,0.306153314405333,0.389991006051959,0.499961002847763,0.235080036311822,0.183681434604295,0.183681434601952,NaN,-1.0544890548112,0.48467235197969,-0.646684171127197,0.924465354290736,-0.646684171128176,NaN,NaN,NaN,NaN,NaN,1.39932673187257,NaN,NaN,NaN,NaN,NaN,NaN,NaN,NaN,NaN,NaN,NaN,0.0504782822627103,-0.716714341293197,1.34835211053358,0.843705951044994,-0.509767851419988,0.877628434591215,0.131423552686879,-1.50947284312184,-0.0260040057889955,-0.0260040057891917,NaN,NaN,NaN,NaN,NaN,NaN,1.5472424577918,NaN,NaN,NaN,NaN,NaN
278.9376,0.313792925727779,0.369083798628521,0.496240650283267,0.240107629811604,0.199727530904262,0.199727530901911,NaN,-1.01335615423513,0.547103478130979,-0.640961091498939,0.877056886369436,-0.640961091499929,NaN,NaN,NaN,NaN,NaN,1.4127430797697,NaN,NaN,NaN,NaN,NaN,NaN,NaN,NaN,NaN,NaN,NaN,0.0640398870571255,-0.679861125554205,1.32105951322199,0.864305000958505,-0.485640148716599,0.868272012415689,0.169784945138205,-1.51395695529123,-0.0101070647075577,-0.0101070647077516,NaN,NaN,NaN,NaN,NaN,NaN,1.56921785621099,NaN,NaN,NaN,NaN,NaN
279.04,0.321527407481387,0.347384516485371,0.492192639704975,0.245529392362683,0.215345146337254,0.215345146334893,NaN,-0.972110029930498,0.60924261379055,-0.633335755792268,0.829384846146124,-0.633335755793274,NaN,NaN,NaN,NaN,NaN,1.4263042251807,NaN,NaN,NaN,NaN,NaN,NaN,NaN,NaN,NaN,NaN,NaN,0.0776041814275516,-0.642659248125952,1.29331322453135,0.88480142002185,-0.462139962396284,0.859545696607837,0.207684406660842,-1.51764900328443,0.0050674196965674,0.00506741969637631,NaN,NaN,NaN,NaN,NaN,NaN,1.59010690534786,NaN,NaN,NaN,NaN,NaN
279.1424,0.329336858068467,0.324919502822665,0.487811797554385,0.251310047536453,0.230504177932181,0.230504177929812,NaN,-0.930827644204982,0.670964313993279,-0.623848656315249,0.781479541980784,-0.623848656316272,NaN,NaN,NaN,NaN,NaN,1.44002116272677,NaN,NaN,NaN,NaN,NaN,NaN,NaN,NaN,NaN,NaN,NaN,0.0911612328102928,-0.60515060272327,1.26514149276933,0.905167565070262,-0.439310897864478,0.851483465991843,0.245076253329803,-1.52054540628073,0.0194767646041271,0.0194767646039445,NaN,NaN,NaN,NaN,NaN,NaN,1.60991299769383,NaN,NaN,NaN,NaN,NaN
279.2448,0.337199796240651,0.301718024699478,0.483092979924762,0.257412959170389,0.245174023139972,0.245174023137594,NaN,-0.889584901502861,0.73214371916418,-0.612546738681645,0.733372346158037,-0.612546738682682,NaN,NaN,NaN,NaN,NaN,1.45390414240586,NaN,NaN,NaN,NaN,NaN,NaN,NaN,NaN,NaN,NaN,NaN,0.104701276649744,-0.567378603370412,1.23657448197406,0.925376145250291,-0.417195923962299,0.844118235592513,0.281914681609141,-1.52264356560227,0.033078957276575,0.0330789572763986,NaN,NaN,NaN,NaN,NaN,NaN,1.62864365410396,NaN,NaN,NaN,NaN,NaN
279.3472,0.345093239433224,0.277812267903628,0.478031145024355,0.263800334359558,0.259323615504872,0.259323615502486,NaN,-0.848456412221972,0.792656788467797,-0.599483146546066,0.685095852269912,-0.59948314654712,NaN,NaN,NaN,NaN,NaN,1.46796244601719,NaN,NaN,NaN,NaN,NaN,NaN,NaN,NaN,NaN,NaN,NaN,0.118214781537725,-0.52938799991052,1.20764410257422,0.945400275356095,-0.39583731060434,0.837481766993269,0.318153776824652,-1.52394196272535,0.0458326435832428,0.0458326435830701,NaN,NaN,NaN,NaN,NaN,NaN,1.6463104162851,NaN,NaN,NaN,NaN,NaN
279.4496,0.352992810930346,0.253237311601654,0.472621442619191,0.270433434395456,0.272921474414833,0.272921474412436,NaN,-0.807515243974249,0.852380565622178,-0.584716937892536,0.636684015284434,-0.584716937893603,NaN,NaN,NaN,NaN,NaN,1.48220417369796,NaN,NaN,NaN,NaN,NaN,NaN,NaN,NaN,NaN,NaN,NaN,0.131692512901171,-0.49122468190315,1.17838382577139,0.965213523970127,-0.375276569944685,0.831604579826355,0.353747515700051,-1.52444026782036,0.0576971321168414,0.0576971321166766,NaN,NaN,NaN,NaN,NaN,NaN,1.66292870627529,NaN,NaN,NaN,NaN,NaN
279.552,0.360872868318494,0.228031077720024,0.466859310548131,0.277272788830244,0.285935766790561,0.285935766788152,NaN,-0.766832672068939,0.911193462399945,-0.568312785527351,0.588172271990074,-0.568312785528432,NaN,NaN,NaN,NaN,NaN,1.49663604135521,NaN,NaN,NaN,NaN,NaN,NaN,NaN,NaN,NaN,NaN,NaN,0.145125600588374,-0.452935474207338,1.14882848530638,0.984789956421681,-0.355554399823787,0.826515867176428,0.3886497694626,-1.52413945432542,0.0686324138531046,0.068632413852952,NaN,NaN,NaN,NaN,NaN,NaN,1.67851765666838,NaN,NaN,NaN,NaN,NaN
279.6544,0.368706646052082,0.202234250802044,0.460740569173947,0.284278411519101,0.298334375466886,0.298334375464467,NaN,-0.726477937257252,0.968975550006573,-0.550340673461795,0.539597639672963,-0.550340673462885,NaN,NaN,NaN,NaN,NaN,1.51126318420544,NaN,NaN,NaN,NaN,NaN,NaN,NaN,NaN,NaN,NaN,NaN,0.158505615940441,-0.414567928856706,1.11901407231742,1.00410417348332,-0.336710626969446,0.822243416054253,0.422814314495344,-1.52304191327215,0.0785992033568814,0.0785992033567413,NaN,NaN,NaN,NaN,NaN,NaN,1.69309991899113,NaN,NaN,NaN,NaN,NaN
279.7568,0.376466406569172,0.175890165103691,0.454261506721709,0.291410021466191,0.310084970100254,0.310084970097824,NaN,-0.686518013612384,1.02560885608486,-0.530875591924962,0.490998788392615,-0.530875591926062,NaN,NaN,NaN,NaN,NaN,1.52608895786569,NaN,NaN,NaN,NaN,NaN,NaN,NaN,NaN,NaN,NaN,NaN,0.171824660698421,-0.376170117539305,1.08897752878378,1.02313134689468,-0.318784147127543,0.81881353343148,0.456194857223812,-1.52115155692563,0.0875590094928291,0.0875590094927073,NaN,NaN,NaN,NaN,NaN,NaN,1.70670145709838,NaN,NaN,NaN,NaN,NaN
279.8592,0.384123599180181,0.149044654641194,0.447418952492394,0.29862727257422,0.321155080163614,0.321155080161174,NaN,-0.647017386228141,1.08097766913614,-0.509997224451857,0.442416078729812,-0.509997224452962,NaN,NaN,NaN,NaN,NaN,1.54111473043434,NaN,NaN,NaN,NaN,NaN,NaN,NaN,NaN,NaN,NaN,NaN,0.185075469939942,-0.337790428298274,1.05875654348084,1.04184725159221,-0.301812858504837,0.816250977868698,0.488745080977089,-1.51847389888659,0.0954742400784217,0.095474240078316,NaN,NaN,NaN,NaN,NaN,NaN,1.71935133065785,NaN,NaN,NaN,NaN,NaN
279.9616,0.391649032616408,0.121745862830973,0.440210341825375,0.30588999365141,0.331512176251047,0.331512176248596,NaN,-0.608037836327882,1.13496885247668,-0.487789615600558,0.393891553405651,-0.487789615601669,NaN,NaN,NaN,NaN,NaN,1.55633966410332,NaN,NaN,NaN,NaN,NaN,NaN,NaN,NaN,NaN,NaN,NaN,0.198251530143949,-0.299477373033852,1.02838935574224,1.06022829160883,-0.285833585422983,0.81457889688671,0.520418721626882,-1.51501610490554,0.102308336901875,0.102308336901787,NaN,NaN,NaN,NaN,NaN,NaN,1.73108147194037,NaN,NaN,NaN,NaN,NaN
280.064,0.39901306662145,0.094044013318892,0.432633778819874,0.313158436508772,0.341123770647885,0.341123770645425,NaN,-0.569638229198203,1.1874721708265,-0.464340809867566,0.345468869579124,-0.46434080986868,NaN,NaN,NaN,NaN,NaN,1.57176048696012,NaN,NaN,NaN,NaN,NaN,NaN,NaN,NaN,NaN,NaN,NaN,0.211347206018187,-0.261279413441471,0.997914572800121,1.07825151555448,-0.270881991386023,0.813818770768864,0.551169674654278,-1.51078702102302,0.108025931765229,0.108025931765163,NaN,NaN,NaN,NaN,NaN,NaN,1.74192645626135,NaN,NaN,NaN,NaN,NaN
280.1664,0.406185821155707,0.0659911443882425,0.42468809670635,0.320393526877249,0.349957542500062,0.349957542497596,NaN,-0.53187429891507,1.23838063507223,-0.439742461304424,0.297193163433957,-0.439742461305541,NaN,NaN,NaN,NaN,NaN,1.58737125782087,NaN,NaN,NaN,NaN,NaN,NaN,NaN,NaN,NaN,NaN,NaN,0.224357863836655,-0.223244805692568,0.967371000983865,1.09589462158695,-0.256992481497045,0.813990362527543,0.580952133411326,-1.505797188357,0.112593017618487,0.11259301761844,NaN,NaN,NaN,NaN,NaN,NaN,1.75192326239,NaN,NaN,NaN,NaN,NaN
280.2688,0.413137399979323,0.0376408040041079,0.416372911208263,0.327557109787496,0.357981482873757,0.357981482871285,NaN,-0.494798426278222,1.28759087089906,-0.414089420745533,0.249110846760474,-0.414089420746651,NaN,NaN,NaN,NaN,NaN,1.60316313589055,NaN,NaN,NaN,NaN,NaN,NaN,NaN,NaN,NaN,NaN,NaN,0.237279979615872,-0.185421459130711,0.936797488133285,1.1131359558199,-0.244198093862651,0.815111672459011,0.609720757163099,-1.50005884463337,0.115977136149592,0.115977136149566,NaN,NaN,NaN,NaN,NaN,NaN,1.76111101745389,NaN,NaN,NaN,NaN,NaN
280.3712,0.419838129425301,0.00904770241099151,0.407688666043399,0.334612180320614,0.36516405083862,0.365164050836139,NaN,-0.458459414171428,1.33500351241903,-0.387479302948482,0.201269341761954,-0.3874793029496,NaN,NaN,NaN,NaN,NaN,1.61912417601646,NaN,NaN,NaN,NaN,NaN,NaN,NaN,NaN,NaN,NaN,NaN,0.250111223001334,-0.14785680717964,0.906232777939962,1.12995450829486,-0.232530383575852,0.817198898470328,0.637430862912351,-1.49358590675104,0.118147583789905,0.118147583789901,NaN,NaN,NaN,NaN,NaN,NaN,1.76953072371159,NaN,NaN,NaN,NaN,NaN
280.4736,0.426258814934695,-0.0197326712202043,0.398636676466911,0.341523094484863,0.371474330407429,0.371474330404944,NaN,-0.42290227120661,1.38052361349342,-0.360012024291612,0.153716770296151,-0.360012024292731,NaN,NaN,NaN,NaN,NaN,1.63523916695728,NaN,NaN,NaN,NaN,NaN,NaN,NaN,NaN,NaN,NaN,NaN,0.262850513808844,-0.110597685092087,0.875715373185066,1.14632991095914,-0.222019310132538,0.820266408591672,0.664038626800785,-1.48639393504759,0.119075631520264,0.11907563152028,NaN,NaN,NaN,NaN,NaN,NaN,1.77722496841278,NaN,NaN,NaN,NaN,NaN
280.576,0.432371015722819,-0.0486444541791888,0.389219178566626,0.348255760717269,0.376882177908232,0.376882177905742,NaN,-0.388168013317406,1.42406106156029,-0.331789300408952,0.10650162242223,-0.331789300410076,NaN,NaN,NaN,NaN,NaN,1.65148952043335,NaN,NaN,NaN,NaN,NaN,NaN,NaN,NaN,NaN,NaN,NaN,0.275498057936711,-0.0736902000742169,0.84528339462868,1.16224244188089,-0.2126931398114,0.82432673193238,0.689501279230913,-1.47850008628042,0.118734747765186,0.118734747765214,NaN,NaN,NaN,NaN,NaN,NaN,1.7842376191862,NaN,NaN,NaN,NaN,NaN
280.6784,0.438147333918773,-0.0776318264603629,0.379439386708774,0.354777815003503,0.381358354690722,0.381358354688229,NaN,-0.354293487605845,1.46553097778095,-0.302914104638593,0.0596724232730535,-0.302914104639723,NaN,NaN,NaN,NaN,NaN,1.66785321393061,NaN,NaN,NaN,NaN,NaN,NaN,NaN,NaN,NaN,NaN,NaN,0.288055372200236,-0.0371795852858742,0.814974425212962,1.17767303429897,-0.204578366029789,0.829390568754819,0.71377728823448,-1.46992305743901,0.117100814317315,0.117100814317361,NaN,NaN,NaN,NaN,NaN,NaN,1.79061350749696,NaN,NaN,NaN,NaN,NaN
280.7808,0.443561710278179,-0.106639431392852,0.369301554973339,0.361058782964378,0.384874648368926,0.38487464836643,NaN,-0.321311220971442,1.50485409459255,-0.273490099098231,0.0132774054783508,-0.27349009909937,NaN,NaN,NaN,NaN,NaN,1.68430478493857,NaN,NaN,NaN,NaN,NaN,NaN,NaN,NaN,NaN,NaN,NaN,0.300525299403465,-0.00111004911878221,0.784825345794901,1.19260328074293,-0.197699645533691,0.83546681839158,0.736826533877722,-1.46068301624446,0.114152332383376,0.114152332383437,NaN,NaN,NaN,NaN,NaN,NaN,1.79639810140682,NaN,NaN,NaN,NaN,NaN
280.8832,0.448589716969128,-0.135612794788454,0.358811036564108,0.367070234757351,0.387403991954579,0.387403991952082,NaN,-0.289249298122439,1.54195711098513,-0.243621054641628,-0.0326358096665635,-0.243621054642771,NaN,NaN,NaN,NaN,NaN,1.70081536729436,NaN,NaN,NaN,NaN,NaN,NaN,NaN,NaN,NaN,NaN,NaN,0.312912005051753,0.0344753572725051,0.754872178417376,1.2070154178504,-0.19207975333526,0.842562627535433,0.75861047101031,-1.45080151718775,0.109870622131535,0.109870622131607,NaN,NaN,NaN,NaN,NaN,NaN,1.80163716316082,NaN,NaN,NaN,NaN,NaN
280.9856,0.453208837843574,-0.164498736972314,0.347974334971191,0.372785940717807,0.388920593089513,0.388920593087012,NaN,-0.258131274025346,1.57677302880571,-0.213410273240338,-0.0780205210793926,-0.21341027324149,NaN,NaN,NaN,NaN,NaN,1.71735276122309,NaN,NaN,NaN,NaN,NaN,NaN,NaN,NaN,NaN,NaN,NaN,0.325220944360923,0.0695348381763806,0.725149947606752,1.22089228084978,-0.18773956238405,0.850683462192166,0.779092272182302,-1.44030140833394,0.104240017959415,0.104240017959499,NaN,NaN,NaN,NaN,NaN,NaN,1.8063763830008,NaN,NaN,NaN,NaN,NaN
281.088,0.457398724518185,-0.193245771561689,0.336799138923744,0.378182032746228,0.38940008238884,0.389400082386337,NaN,-0.227976124994649,1.60924146602294,-0.182960017032125,-0.122831248871207,-0.182960017033286,NaN,NaN,NaN,NaN,NaN,1.73388153598739,NaN,NaN,NaN,NaN,NaN,NaN,NaN,NaN,NaN,NaN,NaN,0.337458794516294,0.104027916931463,0.695692559771809,1.23421722725665,-0.184698042066504,0.859833197729066,0.79823695557868,-1.42920673565333,0.0972480539093292,0.0972480539094289,NaN,NaN,NaN,NaN,NaN,NaN,1.81066098807913,NaN,NaN,NaN,NaN,NaN
281.1904,0.461141416404225,-0.221804481985397,0.325294334512288,0.383237170471507,0.388819681336292,0.38881968133379,NaN,-0.198798244236833,1.63930893036262,-0.152370940824581,-0.16702402801284,-0.152370940825746,NaN,NaN,NaN,NaN,NaN,1.75036316968346,NaN,NaN,NaN,NaN,NaN,NaN,NaN,NaN,NaN,NaN,NaN,0.349633359038321,0.137915474494858,0.666532696256277,1.24697403913277,-0.182972249151809,0.870014208226347,0.816011528055764,-1.41754264932101,0.088885625694612,0.0888856256947245,NaN,NaN,NaN,NaN,NaN,NaN,1.81453533912506,NaN,NaN,NaN,NaN,NaN
281.2928,0.4644215195307,-0.250127866633286,0.313469994348795,0.387932707648886,0.387158384393053,0.387158384390554,NaN,-0.170607489189349,1.66692903120166,-0.121741523740684,-0.210556691768601,-0.121741523741854,NaN,NaN,NaN,NaN,NaN,1.76675623183253,NaN,NaN,NaN,NaN,NaN,NaN,NaN,NaN,NaN,NaN,NaN,0.361753460076328,0.171159773251595,0.637701716476652,1.25914681581003,-0.182577276146512,0.881227431008447,0.832385184391682,-1.40533531595033,0.0791471139117394,0.0791471139118614,NaN,NaN,NaN,NaN,NaN,NaN,1.81804253334831,NaN,NaN,NaN,NaN,NaN
281.3952,0.467226347134287,-0.278171647817961,0.301337349164888,0.392252855669654,0.384397148559165,0.384397148556671,NaN,-0.143409285212501,1.69206261449458,-0.0911674951375233,-0.253389141987475,-0.0911674951386974,NaN,NaN,NaN,NaN,NaN,1.78301661049818,NaN,NaN,NaN,NaN,NaN,NaN,NaN,NaN,NaN,NaN,NaN,0.373828833474201,0.2037244733286,0.609229569068502,1.27071986616504,-0.183526134308831,0.893472389153739,0.847329587312174,-1.39261184193207,0.0680304568645378,0.0680304568646609,NaN,NaN,NaN,NaN,NaN,NaN,1.82122402799873,NaN,NaN,NaN,NaN,NaN
281.4976,0.469546026771535,-0.305894542743615,0.288908747366084,0.396184845337282,0.380519079223687,0.380519079221198,NaN,-0.117204782367451,1.71467781971066,-0.0607412523267883,-0.295483603506404,-0.0607412523279722,NaN,NaN,NaN,NaN,NaN,1.79909777823338,NaN,NaN,NaN,NaN,NaN,NaN,NaN,NaN,NaN,NaN,NaN,0.385870032967146,0.235574644622752,0.581144710504744,1.28167760503941,-0.185829572359914,0.906747167654843,0.860819220090084,-1.37940020991557,0.0555371677860556,0.0555371677861812,NaN,NaN,NaN,NaN,NaN,NaN,1.82411929286746,NaN,NaN,NaN,NaN,NaN
281.6,0.471373575856271,-0.333258493532057,0.276197605927626,0.39971908882865,0.375509595755999,0.375509595753514,NaN,-0.0919910522155282,1.73475007143245,-0.0305512842002587,-0.336804856177217,-0.0305512842014542,NaN,NaN,NaN,NaN,NaN,1.81495108282628,NaN,NaN,NaN,NaN,NaN,NaN,NaN,NaN,NaN,NaN,NaN,0.397888340935381,0.266676773992878,0.553474032346502,1.29200445464454,-0.189495858647274,0.921048354475748,0.87283176825882,-1.3657292245023,0.0416723008062315,0.0416723008063623,NaN,NaN,NaN,NaN,NaN,NaN,1.82676549597819,NaN,NaN,NaN,NaN,NaN
281.7024,0.472704946020676,-0.360228851423169,0.2632183555954,0.402849335112683,0.369356566598363,0.369356566595884,NaN,-0.0677613084270384,1.75226202356229,-0.000681635880727385,-0.377320435620097,-0.000681635881937897,NaN,NaN,NaN,NaN,NaN,1.83052604424176,NaN,NaN,NaN,NaN,NaN,NaN,NaN,NaN,NaN,NaN,NaN,0.40989567760368,0.296998766357906,0.526242798604486,1.30168475107953,-0.194530574332675,0.936370972373067,0.883348465081137,-1.35162846264807,0.0264443801661931,0.0264443801663315,NaN,NaN,NaN,NaN,NaN,NaN,1.82919722531583,NaN,NaN,NaN,NaN,NaN
281.8048,0.473539037759159,-0.38677451239179,0.249986383250153,0.405572801389948,0.362050420077464,0.362050420074992,NaN,-0.0445051416110745,1.76720346919689,0.0287885517266998,-0.417000799307593,0.0287885517254765,NaN,NaN,NaN,NaN,NaN,1.84577064386824,NaN,NaN,NaN,NaN,NaN,NaN,NaN,NaN,NaN,NaN,NaN,0.421904500437685,0.326509939681124,0.499474594104459,1.31070265728842,-0.200936457460019,0.952708426562374,0.892354350739579,-1.33712822788075,0.00986530970497968,0.00986530970511738,NaN,NaN,NaN,NaN,NaN,NaN,1.83144624990166,NaN,NaN,NaN,NaN,NaN
281.9072,0.473877688060437,-0.412868007270938,0.236517972397916,0.407890265654083,0.353584243238151,0.353584243235687,NaN,-0.0222087652675599,1.77957122219825,0.0577854158276551,-0.455819460642954,0.0577854158264203,NaN,NaN,NaN,NaN,NaN,1.860631601555,NaN,NaN,NaN,NaN,NaN,NaN,NaN,NaN,NaN,NaN,NaN,0.433927690655417,0.355181014143401,0.473191284126798,1.31904208337836,-0.208713303073655,0.970052473781947,0.899838441942053,-1.32225950640175,-0.00804972670597759,-0.00804972670584333,NaN,NaN,NaN,NaN,NaN,NaN,1.83354132167784,NaN,NaN,NaN,NaN,NaN
282.0096,0.473725633414884,-0.438485552907021,0.222830240627892,0.409806117025412,0.343953871930373,0.343953871927919,NaN,-0.000855269884122627,1.78936897390216,0.0862406647711582,-0.493753089770243,0.0862406647699161,NaN,NaN,NaN,NaN,NaN,1.87505463999163,NaN,NaN,NaN,NaN,NaN,NaN,NaN,NaN,NaN,NaN,NaN,0.445978428388158,0.382984095986539,0.447412984133118,1.32668661330325,-0.21785789824787,0.988393201973707,0.905793841974713,-1.30705391916492,-0.0272823707753662,-0.0272823707752313,NaN,NaN,NaN,NaN,NaN,NaN,1.83550801366594,NaN,NaN,NaN,NaN,NaN
282.112,0.473090448797412,-0.463607069394556,0.208941071945643,0.411328363653313,0.333157970429605,0.333157970427163,NaN,0.0195751188577861,1.7966071299345,0.114091801487265,-0.530781573860759,0.114091801486015,NaN,NaN,NaN,NaN,NaN,1.88898473583041,NaN,NaN,NaN,NaN,NaN,NaN,NaN,NaN,NaN,NaN,NaN,0.458070057937077,0.409892657779999,0.422158036761066,1.33361943657888,-0.228363974923394,1.00771901219677,0.910217815969839,-1.29154366626219,-0.0478112005911252,-0.0478112005909905,NaN,NaN,NaN,NaN,NaN,NaN,1.8373685861754,NaN,NaN,NaN,NaN,NaN
282.2144,0.471982461672122,-0.488216165758696,0.194869041814401,0.412468593769673,0.321198105557502,0.321198105555073,NaN,0.0391047804156672,1.80130263422164,0.141282290788456,-0.566888033920542,0.141282290787199,NaN,NaN,NaN,NaN,NaN,1.90236636107233,NaN,NaN,NaN,NaN,NaN,NaN,NaN,NaN,NaN,NaN,NaN,0.470215944257489,0.435881518511496,0.397442992999898,1.33982328606407,-0.240222178895836,1.02801660366072,0.913111836138202,-1.27576146554218,-0.0696118426172321,-0.069611842617098,NaN,NaN,NaN,NaN,NaN,NaN,1.83914187645176,NaN,NaN,NaN,NaN,NaN
282.3168,0.470414639804732,-0.512300094591684,0.180633333471884,0.413241885491765,0.308078827292927,0.308078827290513,NaN,0.0577584393755086,1.80347878552996,0.167761681766094,-0.6020588046511,0.167761681764829,NaN,NaN,NaN,NaN,NaN,1.91514372650759,NaN,NaN,NaN,NaN,NaN,NaN,NaN,NaN,NaN,NaN,NaN,0.482429324264954,0.460926827858758,0.373282595076545,1.34528038539487,-0.253420056594295,1.04927096406502,0.914481596510008,-1.25974048756624,-0.0926570798314853,-0.0926570798313564,NaN,NaN,NaN,NaN,NaN,NaN,1.8408432128343,NaN,NaN,NaN,NaN,NaN
282.4192,0.468402451184165,-0.53584967444092,0.166253644528095,0.413666664278383,0.29380776777556,0.293807767773159,NaN,0.0755629071456423,1.80316504748952,0.193485686496869,-0.636283388119432,0.193485686495598,NaN,NaN,NaN,NaN,NaN,1.92726104091099,NaN,NaN,NaN,NaN,NaN,NaN,NaN,NaN,NaN,NaN,NaN,0.494723157431599,0.485006058439213,0.349689759154829,1.34997240958576,-0.267942059455911,1.07146536597312,0.914336998606764,-1.24351428434497,-0.11691695483443,-0.116916954834306,NaN,NaN,NaN,NaN,NaN,NaN,1.84248435585041,NaN,NaN,NaN,NaN,NaN
282.5216,0.465963692849909,-0.558859178757004,0.151750081399825,0.413764507737413,0.278395765053442,0.278395765051057,NaN,0.0925468294722686,1.80039685087373,0.218416205167998,-0.66955439029283,0.21841620516672,NaN,NaN,NaN,NaN,NaN,1.93866279146723,NaN,NaN,NaN,NaN,NaN,NaN,NaN,NaN,NaN,NaN,NaN,0.50710997752467,0.508098007849793,0.326675556801161,1.35388046026047,-0.28376957331698,1.09458137486241,0.9126921000741,-1.22711670321359,-0.142358868966633,-0.142358868966519,NaN,NaN,NaN,NaN,NaN,NaN,1.8440734672375,NaN,NaN,NaN,NaN,NaN
282.624,0.463118286898789,-0.581326194133859,0.13714303848089,0.413559896722278,0.261857010416964,0.261857010414597,NaN,0.108740442004005,1.79521538461749,0.242521286235394,-0.701867446893555,0.242521286234106,NaN,NaN,NaN,NaN,NaN,1.94929404314259,NaN,NaN,NaN,NaN,NaN,NaN,NaN,NaN,NaN,NaN,NaN,0.519601744750435,0.530182809996096,0.304249195398361,1.35698505494429,-0.300880984828099,1.11859887734201,0.909565012497987,-1.21058177433494,-0.168947678285927,-0.16894767828582,NaN,NaN,NaN,NaN,NaN,NaN,1.84561510858585,NaN,NaN,NaN,NaN,NaN
282.7264,0.459888048982118,-0.603251455029161,0.122453063345056,0.413079912870233,0.244209208529428,0.244209208527079,NaN,0.124175330506098,1.78766736662529,0.265775019547266,-0.733221143819188,0.265775019545968,NaN,NaN,NaN,NaN,NaN,1.95910075394503,NaN,NaN,NaN,NaN,NaN,NaN,NaN,NaN,NaN,NaN,NaN,0.532209696951076,0.551241954144447,0.282417997853055,1.35926612830281,-0.319251786574861,1.1434961311922,0.904977747118397,-1.19394356748072,-0.196645791351752,-0.196645791351651,NaN,NaN,NaN,NaN,NaN,NaN,1.84711027334097,NaN,NaN,NaN,NaN,NaN
282.8288,0.456296439324589,-0.624638661214452,0.107700714304977,0.412353888633688,0.225473727620499,0.225473727618169,NaN,0.138884191519797,1.77780478408465,0.28815737091469,-0.763616933177885,0.288157370913378,NaN,NaN,NaN,NaN,NaN,1.96803010257987,NaN,NaN,NaN,NaN,NaN,NaN,NaN,NaN,NaN,NaN,NaN,0.544944199617196,0.571258311525248,0.261187379783264,1.36070304227753,-0.338854713151593,1.16924983220793,0.898956017980486,-1.17723602509936,-0.225413278787959,-0.225413278787871,NaN,NaN,NaN,NaN,NaN,NaN,1.8485564535307,NaN,NaN,NaN,NaN,NaN
282.9312,0.452368301217381,-0.645494279653664,0.0929064141818611,0.411413024671183,0.205675710636339,0.205675710634031,NaN,0.152900595329556,1.76568460090562,0.309653971524618,-0.793059037502025,0.309653971523296,NaN,NaN,NaN,NaN,NaN,1.97603082119714,NaN,NaN,NaN,NaN,NaN,NaN,NaN,NaN,NaN,NaN,NaN,0.557814596885964,0.590216172056722,0.240560819472805,1.36127460227671,-0.359659902178872,1.19583519269772,0.891529008173015,-1.16049278278246,-0.25520800431953,-0.255208004319459,NaN,NaN,NaN,NaN,NaN,NaN,1.84994773743182,NaN,NaN,NaN,NaN,NaN
283.0336,0.448129584953266,-0.665827330796232,0.0780902983429616,0.410289992762943,0.18484412724467,0.184844127242385,NaN,0.166258757628991,1.751368438649,0.330255875640536,-0.821554332645046,0.330255875639198,NaN,NaN,NaN,NaN,NaN,1.9830535229048,NaN,NaN,NaN,NaN,NaN,NaN,NaN,NaN,NaN,NaN,NaN,0.570829067383781,0.608101294973082,0.22053981548959,1.3609590780349,-0.381635078379891,1.22322602794236,0.88272909804443,-1.14374698666735,-0.285985785484207,-0.285985785484155,NaN,NaN,NaN,NaN,NaN,NaN,1.85127493459175,NaN,NaN,NaN,NaN,NaN
283.136,0.443607055715474,-0.685649161030936,0.0632720546556088,0.409018538087207,0.163011768762821,0.163011768760562,NaN,0.178993326636454,1.7349222403869,0.349959295171403,-0.849112210239273,0.349959295170053,NaN,NaN,NaN,NaN,NaN,1.98905101211557,NaN,NaN,NaN,NaN,NaN,NaN,NaN,NaN,NaN,NaN,NaN,0.583994489436291,0.624900974761609,0.201123831150074,1.359734230265,-0.404745757267415,1.25139484568338,0.872591555901667,-1.12703111375666,-0.317700588372452,-0.317700588372419,NaN,NaN,NaN,NaN,NaN,NaN,1.85252572892383,NaN,NaN,NaN,NaN,NaN
283.2384,0.438827987970674,-0.704973204381825,0.0484707561764454,0.407633091103126,0.140215206979193,0.140215206976961,NaN,0.191139192053681,1.7164159269415,0.368765309809122,-0.875744430780558,0.368765309807756,NaN,NaN,NaN,NaN,NaN,1.99397856319625,NaN,NaN,NaN,NaN,NaN,NaN,NaN,NaN,NaN,NaN,NaN,0.597316322435672,0.640604117531846,0.18231023386845,1.35757734711428,-0.428955456263684,1.28031292876344,0.861154203411714,-1.1103767964154,-0.350304748294149,-0.350304748294142,NaN,NaN,NaN,NaN,NaN,NaN,1.85368486282024,NaN,NaN,NaN,NaN,NaN
283.3408,0.433819851738472,-0.723814734809117,0.0337046910111502,0.406168398935406,0.11649473914359,0.116494739141385,NaN,0.202731319384881,1.69592305238862,0.386679544652908,-0.901464975897538,0.386679544651536,NaN,NaN,NaN,NaN,NaN,1.99779415337707,NaN,NaN,NaN,NaN,NaN,NaN,NaN,NaN,NaN,NaN,NaN,0.610798512797172,0.655201316950318,0.164094245064037,1.35446529595714,-0.454225894349626,1.3099503973561,0.848457077128161,-1.09381465235175,-0.383749197242872,-0.383749197242891,NaN,NaN,NaN,NaN,NaN,NaN,1.85473435718954,NaN,NaN,NaN,NaN,NaN
283.4432,0.428609999375808,-0.742190608437316,0.0189911979929147,0.404659184075728,0.0918943319038411,0.0918943319016656,NaN,0.21380460829132,1.67352046180862,0.403711810000969,-0.926289899966011,0.403711809999588,NaN,NaN,NaN,NaN,NaN,2.0004586461883,NaN,NaN,NaN,NaN,NaN,NaN,NaN,NaN,NaN,NaN,NaN,0.624443429642974,0.668684920027008,0.146468914179123,1.35037459477228,-0.480517165420722,1.34027624008594,0.83454210285148,-1.07737412518313,-0.417983682265482,-0.417983682265531,NaN,NaN,NaN,NaN,NaN,NaN,1.85565377366723,NaN,NaN,NaN,NaN,NaN
283.5456,0.423225363011693,-0.760118999077627,0.00434651612645577,0.403139833606262,0.066461572774909,0.0664615727727627,NaN,0.224393773344635,1.64928795230293,0.419875704259224,-0.950237180221853,0.419875704257836,NaN,NaN,NaN,NaN,NaN,2.00193593512932,NaN,NaN,NaN,NaN,NaN,NaN,NaN,NaN,NaN,NaN,NaN,0.638251830480979,0.681049081100009,0.129425119366149,1.34528150421087,-0.507787877821023,1.3712583089475,0.81945279178369,-1.06108333916906,-0.452956970020523,-0.452956970020602,NaN,NaN,NaN,NaN,NaN,NaN,1.85642051915029,NaN,NaN,NaN,NaN,NaN
283.648,0.417692168918856,-0.777619137435652,-0.0102143516622169,0.401644117331823,0.0402476374847057,0.0402476374825887,NaN,0.234533248391711,1.62330793595326,0.435188186117748,-0.973326567913721,0.435188186116355,NaN,NaN,NaN,NaN,NaN,2.002193057336,NaN,NaN,NaN,NaN,NaN,NaN,NaN,NaN,NaN,NaN,NaN,0.652222855287259,0.692289810970814,0.112951586287618,1.33916213905518,-0.535995255582685,1.40286327674041,0.803233966214487,-1.04496896564076,-0.488617041867217,-0.488617041867323,NaN,NaN,NaN,NaN,NaN,NaN,1.85701018310398,NaN,NaN,NaN,NaN,NaN
283.7504,0.412035670063336,-0.794711062987085,-0.0246777640277098,0.400204929527382,0.0133072757215627,0.0133072757194789,NaN,0.244257115101732,1.59566510046267,0.449669127057996,-0.995579439972981,0.449669127056598,NaN,NaN,NaN,NaN,NaN,2.00120027295611,NaN,NaN,NaN,NaN,NaN,NaN,NaN,NaN,NaN,NaN,NaN,0.666354047449374,0.702405031403349,0.0970349121993671,1.33199259676205,-0.565095198988261,1.43505655814857,0.785931521369869,-1.02905609540731,-0.524911288995003,-0.524911288995139,NaN,NaN,NaN,NaN,NaN,NaN,1.85739689662311,NaN,NaN,NaN,NaN,NaN
283.8528,0.406279896423486,-0.811415387944821,-0.0390315560460807,0.398854048150818,-0.0143011903614739,-0.0143011903635266,NaN,0.253599052473689,1.56644606452294,0.463340856088895,-1.01701864554157,0.463340856087491,NaN,NaN,NaN,NaN,NaN,1.9989310969065,NaN,NaN,NaN,NaN,NaN,NaN,NaN,NaN,NaN,NaN,NaN,0.680641399268652,0.711394639696127,0.0816595882183499,1.32374910022717,-0.595042305497499,1.46780219825048,0.767592226453251,-1.01336811302755,-0.561786714660194,-0.561786714660361,NaN,NaN,NaN,NaN,NaN,NaN,1.85755370724464,NaN,NaN,NaN,NaN,NaN
283.9552,0.400447422556802,-0.827753065802217,-0.0532651399224852,0.397621907871574,-0.0425158653999575,-0.04251586540198,NaN,0.262592299716783,1.53573902974566,0.476227705395802,-1.03766834310321,0.476227705394392,NaN,NaN,NaN,NaN,NaN,1.9953622803214,NaN,NaN,NaN,NaN,NaN,NaN,NaN,NaN,NaN,NaN,NaN,0.695079416674566,0.71926057935464,0.0668080226093838,1.31440815238584,-0.625789857261326,1.50106273699428,0.748263563464287,-0.997926574636502,-0.599190138759384,-0.599190138759579,NaN,NaN,NaN,NaN,NaN,NaN,1.85745296448083,NaN,NaN,NaN,NaN,NaN
284.0576,0.3945591522987,-0.84374515724435,-0.0673695878664945,0.396537386868354,-0.0712712908780807,-0.0712712908800718,NaN,0.271269623064202,1.50363343649922,0.488355563483283,-1.05755382643207,0.488355563481866,NaN,NaN,NaN,NaN,NaN,1.99047375947899,NaN,NaN,NaN,NaN,NaN,NaN,NaN,NaN,NaN,NaN,NaN,0.70966119453117,0.726006909262183,0.0524605720378995,1.30394670040579,-0.657289787030823,1.53479906282004,0.727993596940087,-0.982751097449532,-0.637068387726124,-0.637068387726344,NaN,NaN,NaN,NaN,NaN,NaN,1.85706670864553,NaN,NaN,NaN,NaN,NaN
284.16,0.388634122951465,-0.859412591680105,-0.0813376939483905,0.395627610038216,-0.100498478905119,-0.100498478907077,NaN,0.279663282186609,1.47021963634319,0.499751440294203,-1.07670133590729,0.499751440292782,NaN,NaN,NaN,NaN,NaN,1.98424859721992,NaN,NaN,NaN,NaN,NaN,NaN,NaN,NaN,NaN,NaN,NaN,0.724378493810195,0.731639863565087,0.0385955859397452,1.29234230418746,-0.689492634173908,1.56897026748877,0.7068308664103,-0.967859269270019,-0.675368449868447,-0.675368449868688,NaN,NaN,NaN,NaN,NaN,NaN,1.85636705649921,NaN,NaN,NaN,NaN,NaN
284.2624,0.382689333883718,-0.874775928671784,-0.0951640124752687,0.394917771427948,-0.130124979074886,-0.130124979076812,NaN,0.287804997305588,1.43558859301334,0.510443044792906,-1.0951378518521,0.510443044791481,NaN,NaN,NaN,NaN,NaN,1.97667293130757,NaN,NaN,NaN,NaN,NaN,NaN,NaN,NaN,NaN,NaN,NaN,0.739221814460153,0.736167896141099,0.0251894661648806,1.27957330211666,-0.722347496527748,1.6035335082149,0.684824297827465,-0.953266581733737,-0.714037583722141,-0.714037583722414,NaN,NaN,NaN,NaN,NaN,NaN,1.85532657948745,NaN,NaN,NaN,NaN,NaN
284.3648,0.37673960333064,-0.889855125443901,-0.108844872517244,0.394430974353989,-0.16007498331303,-0.160074983314923,NaN,0.295725914393836,1.39983161362877,0.520458374074169,-1.11289087185884,0.52045837407274,NaN,NaN,NaN,NaN,NaN,1.96773593174858,NaN,NaN,NaN,NaN,NaN,NaN,NaN,NaN,NaN,NaN,NaN,0.75418046060386,0.739601709475241,0.0122167407398599,1.26561897201523,-0.755801980182885,1.63844387920301,0.66202313242447,-0.938986390143656,-0.753023377979005,-0.753023377979308,NaN,NaN,NaN,NaN,NaN,NaN,1.85391866844677,NaN,NaN,NaN,NaN,NaN
284.4672,0.370797452209359,-0.904669316567758,-0.122378372944368,0.394188083002759,-0.190269470643956,-0.190269470645817,NaN,0.3034565616881,1.36304010140443,0.529825317742911,-1.12998817867653,0.529825317741474,NaN,NaN,NaN,NaN,NaN,1.95742976501195,NaN,NaN,NaN,NaN,NaN,NaN,NaN,NaN,NaN,NaN,NaN,0.769242596202257,0.741954273458207,-0.000349851630012518,1.25045969144567,-0.789802150110827,1.67365429400015,0.638476868760479,-0.925029904513523,-0.792273767326941,-0.792273767327277,NaN,NaN,NaN,NaN,NaN,NaN,1.85211787551144,NaN,NaN,NaN,NaN,NaN
284.5696,0.364873009418347,-0.919236614453588,-0.135764367845137,0.394207580928887,-0.22062639245923,-0.220626392461057,NaN,0.311026796500642,1.32530532079652,0.53857128758578,-1.14645760404626,0.538571287584334,NaN,NaN,NaN,NaN,NaN,1.9457495660735,NaN,NaN,NaN,NaN,NaN,NaN,NaN,NaN,NaN,NaN,NaN,0.784395289815725,0.743240839427811,-0.0125392690758494,1.23407710214464,-0.824292485098766,1.7091153795795,0.614235211856326,-0.911406214641877,-0.831737008299601,-0.831737008299967,NaN,NaN,NaN,NaN,NaN,NaN,1.84990022554332,NaN,NaN,NaN,NaN,NaN
284.672,0.358973932903971,-0.93357394132739,-0.14900445345703,0.394505436448169,-0.251060898577519,-0.251060898579313,NaN,0.318465749385285,1.28671817111565,0.546722882954051,-1.16232679005067,0.5467228829526,NaN,NaN,NaN,NaN,NaN,1.93269342453604,NaN,NaN,NaN,NaN,NaN,NaN,NaN,NaN,NaN,NaN,NaN,0.799624548467908,0.74347895253347,-0.0243820672792807,1.2164542819798,-0.859215840371534,1.74477538320416,0.589348023682262,-0.898122348818968,-0.871361619541007,-0.8713616195414,NaN,NaN,NaN,NaN,NaN,NaN,1.8472434939002,NaN,NaN,NaN,NaN,NaN
284.7744,0.35310534021483,-0.947696899656197,-0.162101966316297,0.395094977343103,-0.281485606692751,-0.281485606694511,NaN,0.325801774825739,1.24736896494606,0.554305595271069,-1.17762294938707,0.554305595269616,NaN,NaN,NaN,NaN,NaN,1.91826239123028,NaN,NaN,NaN,NaN,NaN,NaN,NaN,NaN,NaN,NaN,NaN,0.814915342270703,0.742688466509492,-0.0359102949245796,1.19757592897676,-0.894513421756467,1.78058009434651,0.563865269948705,-0.885183363775744,-0.911096293669918,-0.911096293670343,NaN,NaN,NaN,NaN,NaN,NaN,1.84412744952318,NaN,NaN,NaN,NaN,NaN
284.8768,0.347269738410795,-0.961619679151906,-0.175062001363003,0.395986779681578,-0.311810920083968,-0.311810920085691,NaN,0.33306241413181,1.20734720539417,0.561343546106757,-1.19237262933784,0.561343546105305,NaN,NaN,NaN,NaN,NaN,1.9024605028845,NaN,NaN,NaN,NaN,NaN,NaN,NaN,NaN,NaN,NaN,NaN,0.830251622264008,0.740891564518872,-0.0471573860959447,1.17742856023056,-0.930124774622184,1.81647278467525,0.537836960499862,-0.872592459924874,-0.950889790065107,-0.950889790065553,NaN,NaN,NaN,NaN,NaN,NaN,1.84053406197383,NaN,NaN,NaN,NaN,NaN
284.9792,0.341466946251409,-0.975354989704659,-0.187891451162057,0.397188578211582,-0.341945390508894,-0.341945390510582,NaN,0.340274367098469,1.16674135975777,0.567859250935289,-1.20660148549683,0.567859250933837,NaN,NaN,NaN,NaN,NaN,1.88529481179961,NaN,NaN,NaN,NaN,NaN,NaN,NaN,NaN,NaN,NaN,NaN,0.845616337259681,0.738112778681086,-0.0581580470987227,1.15600071708498,-0.965987791082239,1.8523941717815,0.511313083741049,-0.860351111092391,-0.990690818939415,-0.990690818939887,NaN,NaN,NaN,NaN,NaN,NaN,1.8364476706971,NaN,NaN,NaN,NaN,NaN
285.0816,0.335694014862434,-0.988914008280098,-0.200599053966234,0.39870520722116,-0.371796108411077,-0.371796108412731,NaN,0.347463461535089,1.12563863616658,0.573873407503522,-1.22033406994097,0.57387340750207,NaN,NaN,NaN,NaN,NaN,1.86677540501105,NaN,NaN,NaN,NaN,NaN,NaN,NaN,NaN,NaN,NaN,NaN,0.860991461067737,0.734378985044068,-0.0689481247749834,1.1332831570737,-1.00203874276463,1.88828241752748,0.484343534646118,-0.848459196149598,-1.03044792754354,-1.03044792754404,NaN,NaN,NaN,NaN,NaN,NaN,1.83185511623488,NaN,NaN,NaN,NaN,NaN
285.184,0.329945160832292,-1.00230633597966,-0.213195435222933,0.400538580125698,-0.401269101609779,-0.401269101611398,NaN,0.354654615407591,1.08412477640159,0.579404715305341,-1.23359363857636,0.579404715303889,NaN,NaN,NaN,NaN,NaN,1.84691540464577,NaN,NaN,NaN,NaN,NaN,NaN,NaN,NaN,NaN,NaN,NaN,0.876358041069813,0.729719348235624,-0.0795644365436749,1.10926901927078,-1.03821234888269,1.92407317300512,0.456978032242577,-0.83691512408055,-1.07010939702868,-1.0701093970292,NaN,NaN,NaN,NaN,NaN,NaN,1.82674583777189,NaN,NaN,NaN,NaN,NaN
285.2864,0.324211722885035,-1.01553996901602,-0.225693133811014,0.40268770849579,-0.430269737274691,-0.430269737276275,NaN,0.361871796495147,1.04228387461395,0.584469734517741,-1.24640198215322,0.584469734516296,NaN,NaN,NaN,NaN,NaN,1.82573094942213,NaN,NaN,NaN,NaN,NaN,NaN,NaN,NaN,NaN,NaN,NaN,0.891696272258421,0.72416520245875,-0.0900445473908313,1.08395396305225,-1.07444188628984,1.95969967808232,0.429266023410866,-0.825715952973362,-1.10962315242202,-1.10962315242256,NaN,NaN,NaN,NaN,NaN,NaN,1.82111194610714,NaN,NaN,NaN,NaN,NaN
285.3888,0.318482151315645,-1.0286212855535,-0.238106605223055,0.405148749833688,-0.458703128886573,-0.458703128888122,NaN,0.369137985251632,1.0001982219977,0.589082792257695,-1.25877928185036,0.589082792256255,NaN,NaN,NaN,NaN,NaN,1.80324115739442,NaN,NaN,NaN,NaN,NaN,NaN,NaN,NaN,NaN,NaN,NaN,0.906985596876399,0.717749870774144,-0.1004264943328,1.05733628274916,-1.1106593417719,1.99509291929272,0.401256577661442,-0.814857511042567,-1.14893668197841,-1.14893668197898,NaN,NaN,NaN,NaN,NaN,NaN,1.81494827819788,NaN,NaN,NaN,NaN,NaN
285.4912,0.312742036389281,-1.04155504456394,-0.250452193706659,0.407915074673953,-0.486474547084856,-0.486474547086373,NaN,0.376475145585725,0.957948178286711,0.59325594478361,-1.27074398882667,0.593255944782168,NaN,NaN,NaN,NaN,NaN,1.77946806447502,NaN,NaN,NaN,NaN,NaN,NaN,NaN,NaN,NaN,NaN,NaN,0.922204829817252,0.710508438126508,-0.110748473804681,1.02941700073551,-1.14679559903167,2.03018184321275,0.372998284982637,-0.8043345279623,-1.18799695986453,-1.18799695986511,NaN,NaN,NaN,NaN,NaN,NaN,1.80825242999031,NaN,NaN,NaN,NaN,NaN
285.5936,0.306974171859283,-1.0543443902097,-0.262748073625089,0.410977360231678,-0.513489832941504,-0.513489832942988,NaN,0.383904211186601,0.915612081066863,0.596999003723674,-1.28231273109599,0.596999003722236,NaN,NaN,NaN,NaN,NaN,1.75443653023066,NaN,NaN,NaN,NaN,NaN,NaN,NaN,NaN,NaN,NaN,NaN,0.937332308432904,0.702477496593418,-0.121048508444524,1.00019994504027,-1.18278064905872,2.06489361425715,0.344539165477255,-0.794140778601494,-1.2267503685925,-1.2267503685931,NaN,NaN,NaN,NaN,NaN,NaN,1.80102475975154,NaN,NaN,NaN,NaN,NaN
285.696,0.301158644145813,-1.06699085503179,-0.275014165560497,0.414323729542782,-0.539655813477016,-0.539655813478467,NaN,0.39144509205018,0.873266202841973,0.600319631208767,-1.29350025417326,0.600319631207331,NaN,NaN,NaN,NaN,NaN,1.72817410269697,NaN,NaN,NaN,NaN,NaN,NaN,NaN,NaN,NaN,NaN,NaN,0.952346062537498,0.693694864472051,-0.13136409534477,0.969691811054052,-1.21854381861115,2.09915390590989,0.31592658679048,-0.784269234095975,-1.26514262346614,-1.26514262346675,NaN,NaN,NaN,NaN,NaN,NaN,1.79326835737522,NaN,NaN,NaN,NaN,NaN
285.7984,0.295272944361406,-1.07949435759264,-0.287272027560331,0.417939949004542,-0.564880717882263,-0.564880717883685,NaN,0.399116699454486,0.830984752647764,0.603223508111123,-1.30431940080959,0.603223508109689,NaN,NaN,NaN,NaN,NaN,1.70071083426515,NaN,NaN,NaN,NaN,NaN,NaN,NaN,NaN,NaN,NaN,NaN,0.967224000563042,0.684199260789675,-0.141731824698467,0.937902193134994,-1.25401402037932,2.13288722328984,0.287207178824701,-0.774712210847107,-1.30311870640086,-1.30311870640147,NaN,NaN,NaN,NaN,NaN,NaN,1.7849889787767,NaN,NaN,NaN,NaN,NaN
285.9008,0.289292108679577,-1.09185319668581,-0.299544717369054,0.421809681826888,-0.589074592922726,-0.589074592924118,NaN,0.406936988042958,0.788839910187857,0.605714580488413,-1.31478113074534,0.605714580486987,NaN,NaN,NaN,NaN,NaN,1.6720790441483,NaN,NaN,NaN,NaN,NaN,NaN,NaN,NaN,NaN,NaN,NaN,0.981944110534567,0.674029918663889,-0.152186960865698,0.904843570305505,-1.2891200300453,2.16601726163581,0.258426741002443,-0.765461508387957,-1.34062281655119,-1.34062281655181,NaN,NaN,NaN,NaN,NaN,NaN,1.77619494712053,NaN,NaN,NaN,NaN,NaN
286.0032,0.283188892395801,-1.10406404836964,-0.311856623818977,0.42591478173811,-0.612149717897285,-0.612149717898648,NaN,0.414923013573144,0.746901880910758,0.607795381368937,-1.32489457407656,0.607795381367521,NaN,NaN,NaN,NaN,NaN,1.64231303691152,NaN,NaN,NaN,NaN,NaN,NaN,NaN,NaN,NaN,NaN,NaN,0.996484668388462,0.663226147396377,-0.162762995840182,0.87053124751576,-1.32379079002503,2.19846730169541,0.229630143894094,-0.7565085303175,-1.3775983412674,-1.37759834126803,NaN,NaN,NaN,NaN,NaN,NaN,1.76689702773029,NaN,NaN,NaN,NaN,NaN
286.1056,0.276933976958577,-1.11612196791737,-0.324233269179758,0.430235605172675,-0.634021016922937,-0.63402101692427,NaN,0.423090996459814,0.705238965613047,0.609467409046007,-1.33466710872852,0.609467409044593,NaN,NaN,NaN,NaN,NaN,1.61144880746048,NaN,NaN,NaN,NaN,NaN,NaN,NaN,NaN,NaN,NaN,NaN,1.01082442774791,0.651826885876302,-0.17349120599293,0.834983277266982,-1.35795573080941,2.23016063028731,0.200861228282572,-0.747844381685637,-1.4139878490917,-1.41398784909234,NaN,NaN,NaN,NaN,NaN,NaN,1.75710828801309,NaN,NaN,NaN,NaN,NaN
286.208,0.270496204933995,-1.1280203927898,-0.336701085241371,0.434751321784524,-0.654606458311026,-0.654606458312329,NaN,0.431456376762694,0.663917642117903,0.610731533978848,-1.34410445678765,0.610731533977441,NaN,NaN,NaN,NaN,NaN,1.57952376906315,NaN,NaN,NaN,NaN,NaN,NaN,NaN,NaN,NaN,NaN,NaN,1.02494276115342,0.639870296061807,-0.184400247190043,0.798220390405493,-1.3915450935832,2.26102096347318,0.172162705125226,-0.739459931715953,-1.44973310953439,-1.44973310953505,NaN,NaN,NaN,NaN,NaN,NaN,1.74684395209456,NaN,NaN,NaN,NaN,NaN
286.3104,0.263842838105137,-1.13975114333624,-0.3492871659945,0.439440209109351,-0.673827428330104,-0.673827428331377,NaN,0.440033854926917,0.623002653740879,0.611588412873311,-1.35321079102301,0.611588412871911,NaN,NaN,NaN,NaN,NaN,1.54657652057844,NaN,NaN,NaN,NaN,NaN,NaN,NaN,NaN,NaN,NaN,NaN,1.03881975141549,0.627393412538738,-0.195515802164636,0.760265941938479,-1.42449023784344,2.29097285010288,0.143576060235119,-0.731345835524375,-1.48477514589817,-1.48477514589883,NaN,NaN,NaN,NaN,NaN,NaN,1.73612125458773,NaN,NaN,NaN,NaN,NaN
286.4128,0.256939835338566,-1.15130442409436,-0.362019001657613,0.444279923896756,-0.691609077861773,-0.69160907786302,NaN,0.448837421023775,0.582557093913618,0.612038904000455,-1.36198883036598,0.612038903999058,NaN,NaN,NaN,NaN,NaN,1.51264664310008,NaN,NaN,NaN,NaN,NaN,NaN,NaN,NaN,NaN,NaN,NaN,1.05243625796673,0.614431834649201,-0.206860272720936,0.721145860392849,-1.45672392404761,2.31994204260066,0.115141466696418,-0.723492523744229,-1.51905432302501,-1.51905432302568,NaN,NaN,NaN,NaN,NaN,NaN,1.72495929445584,NaN,NaN,NaN,NaN,NaN
286.5152,0.249752145460912,-1.16266883423639,-0.374924203134198,0.449247749629057,-0.707880654184155,-0.707880654185371,NaN,0.45788036952376,0.542642477568706,0.61208448934146,-1.37043990873569,0.612084489340061,NaN,NaN,NaN,NaN,NaN,1.47777450571767,NaN,NaN,NaN,NaN,NaN,NaN,NaN,NaN,NaN,NaN,NaN,1.06577396409676,0.601019455311148,-0.218452509555076,0.680888601786825,-1.48818057224915,2.34785583566519,0.0868977039096177,-0.715890176883289,-1.55251046782322,-1.55251046782391,NaN,NaN,NaN,NaN,NaN,NaN,1.71337888828168,NaN,NaN,NaN,NaN,NaN
286.6176,0.242244008150434,-1.17383139763938,-0.388030229151841,0.454320825641917,-0.722575832821913,-0.722575832823101,NaN,0.467175286266993,0.503318794156329,0.611727709095011,-1.37856402582014,0.611727709093612,NaN,NaN,NaN,NaN,NaN,1.44200106174071,NaN,NaN,NaN,NaN,NaN,NaN,NaN,NaN,NaN,NaN,NaN,1.07881537347585,0.587188231612868,-0.230307575370528,0.639525123364024,-1.51879651272599,2.37464339017385,0.0588820731721501,-0.708528693224412,-1.58508302190456,-1.58508302190525,NaN,NaN,NaN,NaN,NaN,NaN,1.70140242052244,NaN,NaN,NaN,NaN,NaN
286.72,0.234379260426013,-1.18477762472743,-0.401364124824731,0.459476364296058,-0.73563306147286,-0.735633061474021,NaN,0.476733997407938,0.464644538330713,0.610972603547137,-1.38635989605177,0.610972603545733,NaN,NaN,NaN,NaN,NaN,1.40536762842689,NaN,NaN,NaN,NaN,NaN,NaN,NaN,NaN,NaN,NaN,NaN,1.09154373101138,0.572967989584253,-0.242436530807313,0.597088880230502,-1.54851025198596,2.40023607011622,0.0311302985996066,-0.701397645560243,-1.61671122853529,-1.61671122853598,NaN,NaN,NaN,NaN,NaN,NaN,1.68905368599375,NaN,NaN,NaN,NaN,NaN
286.8224,0.226121656521773,-1.19549161991422,-0.414952271475394,0.464691857632737,-0.74699592303398,-0.746995923035113,NaN,0.486567483338856,0.426676718662422,0.609825147565011,-1.39382500487676,0.609825147563606,NaN,NaN,NaN,NaN,NaN,1.36791566293098,NaN,NaN,NaN,NaN,NaN,NaN,NaN,NaN,NaN,NaN,NaN,1.10394288468967,0.558386250713499,-0.254846238079256,0.553615831705317,-1.577262764516,2.42456781189573,0.00367641812573196,-0.694486214126479,-1.64733435691647,-1.64733435691717,NaN,NaN,NaN,NaN,NaN,NaN,1.67635771877408,NaN,NaN,NaN,NaN,NaN
286.9248,0.217435210723571,-1.20595624206503,-0.428820142447495,0.469945268559156,-0.756613509040036,-0.756613509041143,NaN,0.496685766696136,0.389470852135332,0.608293664942603,-1.40095568699083,0.608293664941192,NaN,NaN,NaN,NaN,NaN,1.32968655499103,NaN,NaN,NaN,NaN,NaN,NaN,NaN,NaN,NaN,NaN,NaN,1.11599711803067,0.543468083169625,-0.267539193439919,0.509144445450801,-1.60499779677017,2.44757551890365,-0.0234473165217573,-0.687783082667065,-1.6768919672848,-1.6768919672855,NaN,NaN,NaN,NaN,NaN,NaN,1.66334060608638,NaN,NaN,NaN,NaN,NaN
287.0272,0.208284563115017,-1.2161533131041,-0.442992062383361,0.475215200024193,-0.764440777990643,-0.764440777991726,NaN,0.507097780783781,0.353080951313359,0.606389215968766,-1.40774724260338,0.606389215967352,NaN,NaN,NaN,NaN,NaN,1.29072144539044,NaN,NaN,NaN,NaN,NaN,NaN,NaN,NaN,NaN,NaN,NaN,1.12769096548177,0.52823598308935,-0.280513399927358,0.463715690990827,-1.63166215875394,2.46919945396896,-0.0502105164035221,-0.681276291069055,-1.70532421754911,-1.70532421754981,NaN,NaN,NaN,NaN,NaN,NaN,1.65002929350474,NaN,NaN,NaN,NaN,NaN
287.1296,0.198635360490898,-1.22606386359434,-0.457490971489948,0.48048103876697,-0.770438875902844,-0.770438875903907,NaN,0.517811221722965,0.317559505077925,0.604125950768065,-1.41419408542429,0.604125950766652,NaN,NaN,NaN,NaN,NaN,1.25106106917681,NaN,NaN,NaN,NaN,NaN,NaN,NaN,NaN,NaN,NaN,NaN,1.13900901998771,0.512709777344508,-0.293762277700617,0.417373012233668,-1.65720598963901,2.48938360911067,-0.0765847081531385,-0.674953052887332,-1.73257220122215,-1.73257220122287,NaN,NaN,NaN,NaN,NaN,NaN,1.63645139121535,NaN,NaN,NaN,NaN,NaN
287.232,0.188454642727311,-1.2356684040439,-0.472338198167786,0.485723072852789,-0.774575411813134,-0.774575411814177,NaN,0.528832385544156,0.282957454373638,0.601521418708037,-1.42028989915799,0.601521418706625,NaN,NaN,NaN,NaN,NaN,1.21074562601512,NaN,NaN,NaN,NaN,NaN,NaN,NaN,NaN,NaN,NaN,NaN,1.14993575125983,0.496906537849216,-0.307274602962635,0.370162275944335,-1.68158300212256,2.50807605236579,-0.102543373304997,-0.668799563168761,-1.75857829533291,-1.75857829533362,NaN,NaN,NaN,NaN,NaN,NaN,1.62263498867521,NaN,NaN,NaN,NaN,NaN
287.3344,0.177711222071603,-1.24494721085883,-0.487553246176682,0.490922583420222,-0.776824689650607,-0.776824689651632,NaN,0.540165992750217,0.249324168314861,0.598596828819492,-1.42602778844934,0.598596828818075,NaN,NaN,NaN,NaN,NaN,1.16981468545407,NaN,NaN,NaN,NaN,NaN,NaN,NaN,NaN,NaN,NaN,NaN,1.1604553476319,0.480840509262483,-0.321034470333016,0.322131707112829,-1.70475071411043,2.52522925686865,-0.128061985245811,-0.662800825093044,-1.78328649824061,-1.78328649824133,NaN,NaN,NaN,NaN,NaN,NaN,1.60860848149165,NaN,NaN,NaN,NaN,NaN
287.4368,0.166376040816386,-1.25388061597263,-0.503153604489232,0.496061914867816,-0.777167900932288,-0.777167900933302,NaN,0.551815011896355,0.216707426486954,0.595377263696607,-1.4314004244036,0.595377263695193,NaN,NaN,NaN,NaN,NaN,1.12830713120677,NaN,NaN,NaN,NaN,NaN,NaN,NaN,NaN,NaN,NaN,NaN,1.17055157741357,0.464523056847007,-0.33502127775606,0.27333182400948,-1.72667066374005,2.54080040549731,-0.153118044573637,-0.656940507442749,-1.80664274749833,-1.80664274749903,NaN,NaN,NaN,NaN,NaN,NaN,1.59440041207172,NaN,NaN,NaN,NaN,NaN
287.5392,0.154422496781029,-1.26244929023031,-0.519154584737068,0.50112453200887,-0.775593284833312,-0.775593284834313,NaN,0.563780499666739,0.185153410417119,0.591891849590915,-1.43640018417102,0.5918918495895,NaN,NaN,NaN,NaN,NaN,1.08626113868638,NaN,NaN,NaN,NaN,NaN,NaN,NaN,NaN,NaN,NaN,NaN,1.18020765870981,0.447962634824608,-0.349209735181642,0.223815371617777,-1.74730859333044,2.55475165574943,-0.177691103454945,-0.651200824989307,-1.82859521521295,-1.82859521521364,NaN,NaN,NaN,NaN,NaN,NaN,1.58003932484162,NaN,NaN,NaN,NaN,NaN
287.6416,0.141826734895089,-1.27063451406771,-0.535569184472141,0.506095068320464,-0.772096259245413,-0.772096259246404,NaN,0.576061464250655,0.154706698514328,0.588173877979607,-1.44101927358735,0.588173877978196,NaN,NaN,NaN,NaN,NaN,1.04371417507768,NaN,NaN,NaN,NaN,NaN,NaN,NaN,NaN,NaN,NaN,NaN,1.18940613729154,0.431164768208868,-0.363569900744446,0.173637235939366,-1.76663459298833,2.56705035680314,-0.201762770401876,-0.6455624283969,-1.8490945814969,-1.84909458149759,NaN,NaN,NaN,NaN,NaN,NaN,1.56555363732204,NaN,NaN,NaN,NaN,NaN
287.744,0.12856791194817,-1.27841843552163,-0.552407969482228,0.510959357178013,-0.766679520389079,-0.76667952039006,NaN,0.588654740884915,0.125410246918229,0.584260870317884,-1.44524981733542,0.584260870316474,NaN,NaN,NaN,NaN,NaN,1.00070301716999,NaN,NaN,NaN,NaN,NaN,NaN,NaN,NaN,NaN,NaN,NaN,1.19812878779442,0.414132041691194,-0.378067250542521,0.12285431905471,-1.78462320809358,2.57766922646046,-0.225316693790729,-0.640004298536977,-1.86809429062085,-1.86809429062152,NaN,NaN,NaN,NaN,NaN,NaN,1.55097153000385,NaN,NaN,NaN,NaN,NaN
287.8464,0.114628442570036,-1.28578431935252,-0.569678969421188,0.515704433787126,-0.759353107341006,-0.75935310734198,NaN,0.601554863286515,0.0973053394010679,0.580194583595707,-1.44908391023518,0.580194583594292,NaN,NaN,NaN,NaN,NaN,0.957263790228803,NaN,NaN,NaN,NaN,NaN,NaN,NaN,NaN,NaN,NaN,NaN,1.20635655725394,0.396864099247675,-0.392662788703607,0.0715253709434109,-1.8012535195886,2.58658650037661,-0.248338525922688,-0.634503649294355,-1.88555079634111,-1.88555079634178,NaN,NaN,NaN,NaN,NaN,NaN,1.53632086010767,NaN,NaN,NaN,NaN,NaN
287.9488,0.099994224852827,-1.2927167870542,-0.587387588158816,0.520318506672925,-0.750134431882109,-0.750134431883076,NaN,0.614753926220165,0.0704315048591693,0.576020962464025,-1.45251363645047,0.576020962462601,NaN,NaN,NaN,NaN,NaN,0.913432029840197,NaN,NaN,NaN,NaN,NaN,NaN,NaN,NaN,NaN,NaN,NaN,1.2140695592575,0.379357671354348,-0.407313205260833,0.0197107950902863,-1.81650919698197,2.59378605300844,-0.27081586822132,-0.62903584427915,-1.90142379919149,-1.90142379919215,NaN,NaN,NaN,NaN,NaN,NaN,1.52162910252337,NaN,NaN,NaN,NaN,NaN
288.0512,0.0846548343937079,-1.29920204120422,-0.605536536158891,0.524790910961511,-0.739048275167094,-0.739048275168058,NaN,0.628241450559454,0.0448264104199413,0.571790045798685,-1.45553106725152,0.571790045797255,NaN,NaN,NaN,NaN,NaN,0.869242761820108,NaN,NaN,NaN,NaN,NaN,NaN,NaN,NaN,NaN,NaN,NaN,1.22124711528142,0.361606647020472,-0.421971088604857,-0.0325275534051754,-1.83037851656678,2.59925747823768,-0.292738198299322,-0.623574329320335,-1.91567647467409,-1.91567647467473,NaN,NaN,NaN,NaN,NaN,NaN,1.50692331530268,NaN,NaN,NaN,NaN,NaN
288.1536,0.0686036763460123,-1.30522806548608,-0.624125790294954,0.529112057422421,-0.726126748455696,-0.726126748456657,NaN,0.642004269588,0.0205257363340688,0.567555830079648,-1.458128243938,0.567555830078207,NaN,NaN,NaN,NaN,NaN,0.824730594493793,NaN,NaN,NaN,NaN,NaN,NaN,NaN,NaN,NaN,NaN,NaN,1.22786783781084,0.343602193720697,-0.436585193788929,-0.0851265739642476,-1.84285434259426,2.60299612227878,-0.314096784325626,-0.618090584411892,-1.9282756889789,-1.92827568897952,NaN,NaN,NaN,NaN,NaN,NaN,1.49223012435343,NaN,NaN,NaN,NaN,NaN
288.256,0.051838092272467,-1.31078479252591,-0.643152580027455,0.5332733795072,-0.711409213645076,-0.711409213646036,NaN,0.656026449306762,-0.00243696217951127,0.563376084524084,-1.46029714959922,0.563376084522635,NaN,NaN,NaN,NaN,NaN,0.779929822503442,NaN,NaN,NaN,NaN,NaN,NaN,NaN,NaN,NaN,NaN,NaN,1.23390975271266,0.325332924469583,-0.451100765782752,-0.138022130808748,-1.85393407585665,2.60500307169117,-0.334884592261022,-0.612554107902866,-1.93919219436502,-1.93919219436562,NaN,NaN,NaN,NaN,NaN,NaN,1.47757572273078,NaN,NaN,NaN,NaN,NaN
288.3584,0.0343594259416756,-1.31586423599553,-0.662611394092467,0.537267264245279,-0.694942163572834,-0.694942163573793,NaN,0.670289244005255,-0.0240304051116903,0.559312111956277,-1.4620296749084,0.559312111954824,NaN,NaN,NaN,NaN,NaN,0.734874541331895,NaN,NaN,NaN,NaN,NaN,NaN,NaN,NaN,NaN,NaN,NaN,1.23935045970937,0.306785122254982,-0.465459920197015,-0.191149253997576,-1.86361957359312,2.60528510451484,-0.355096183179076,-0.606932451109558,-1.94840079542101,-1.9484007954216,NaN,NaN,NaN,NaN,NaN,NaN,1.46298587969977,NaN,NaN,NaN,NaN,NaN
288.4608,0.0161730563053241,-1.32046059131347,-0.682494002086502,0.541086949902564,-0.676779065078818,-0.676779065079777,NaN,0.684771082827049,-0.0442257579990882,0.555428456880667,-1.46331758726449,0.555428456879211,NaN,NaN,NaN,NaN,NaN,0.689598765652115,NaN,NaN,NaN,NaN,NaN,NaN,NaN,NaN,NaN,NaN,NaN,1.24416733104567,0.287943031088652,-0.479602080495645,-0.244442314113681,-1.87191704415076,2.60385461246591,-0.374727596977781,-0.60119131443494,-1.95588048585913,-1.95588048585969,NaN,NaN,NaN,NaN,NaN,NaN,1.44848595609551,NaN,NaN,NaN,NaN,NaN
288.5632,-0.00271160058128751,-1.32457030979941,-0.702789491822538,0.544726391504586,-0.6569801666753,-0.656980166676258,NaN,0.699447585502845,-0.0629968275099013,0.551792570094734,-1.46415251236714,0.551792570093274,NaN,NaN,NaN,NaN,NaN,0.644136542556522,NaN,NaN,NaN,NaN,NaN,NaN,NaN,NaN,NaN,NaN,NaN,1.24833774697513,0.268789204960017,-0.493464460563277,-0.297835168350765,-1.87883692013828,2.60072949358317,-0.393776231276376,-0.595294699490558,-1.96161456330367,-1.9616145633042,NaN,NaN,NaN,NaN,NaN,NaN,1.43410092587273,NaN,NaN,NaN,NaN,NaN
288.6656,-0.0222811303002377,-1.32819214113111,-0.723484328951963,0.548180112871515,-0.635612270272393,-0.635612270273352,NaN,0.714291608460681,-0.080320276391272,0.548474440027606,-1.46452593077811,0.548474440026136,NaN,NaN,NaN,NaN,NaN,0.598522056054536,NaN,NaN,NaN,NaN,NaN,NaN,NaN,NaN,NaN,NaN,NaN,1.25183936278731,0.249304894401259,-0.506982579686925,-0.351261292517645,-1.88439370976969,2.59593300354329,-0.412240731175134,-0.589205098001159,-1.96559072925923,-1.96559072925973,NaN,NaN,NaN,NaN,NaN,NaN,1.41985540579049,NaN,NaN,NaN,NaN,NaN
288.768,-0.0425182059477448,-1.33132713359771,-0.744562439511753,0.551443058377145,-0.612748462880621,-0.61274846288158,NaN,0.729273318657368,-0.0961758544848204,0.545546197157179,-1.46442918894782,0.545546197155705,NaN,NaN,NaN,NaN,NaN,0.552789723980004,NaN,NaN,NaN,NaN,NaN,NaN,NaN,NaN,NaN,NaN,NaN,1.25465040480983,0.229470458945795,-0.520090808159614,-0.404653915989784,-1.88860582232378,2.58949355530781,-0.430120895531315,-0.582883700724692,-1.96780117923761,-1.96780117923808,NaN,NaN,NaN,NaN,NaN,NaN,1.40577369541847,NaN,NaN,NaN,NaN,NaN
288.8704,-0.0634017149900213,-1.3339785878266,-0.766005307203576,0.554510440996663,-0.588467801355253,-0.588467801356214,NaN,0.744360284631494,-0.110546650991151,0.543081693394601,-1.46385352631561,0.543081693393122,NaN,NaN,NaN,NaN,NaN,0.506974286253257,NaN,NaN,NaN,NaN,NaN,NaN,NaN,NaN,NaN,NaN,NaN,1.25674999936574,0.209265815131545,-0.532722957862074,-0.457946165184556,-1.89149536161035,2.58144446523668,-0.447417589340319,-0.576290625441185,-1.96824268633939,-1.96824268633984,NaN,NaN,NaN,NaN,NaN,NaN,1.39187982612311,NaN,NaN,NaN,NaN,NaN
288.9728,-0.0849069220858039,-1.33615196744826,-0.787792082425733,0.557377577177107,-0.562854945120171,-0.562854945121136,NaN,0.759517574437848,-0.123419370232173,0.541156055785483,-1.46279012069902,0.541156055784,NaN,NaN,NaN,NaN,NaN,0.461110875730101,NaN,NaN,NaN,NaN,NaN,NaN,NaN,NaN,NaN,NaN,NaN,1.25811853919927,0.188670943780013,-0.544812941045447,-0.511071210892269,-1.89308787796207,2.57182364329444,-0.464132645343251,-0.569385174897335,-1.96691667888468,-1.9669166788851,NaN,NaN,NaN,NaN,NaN,NaN,1.37819761245793,NaN,NaN,NaN,NaN,NaN
289.0752,-0.107005671886542,-1.33785477289473,-0.809899710182386,0.560039703498609,-0.535999736395357,-0.535999736396325,NaN,0.774707858455377,-0.134784625017665,0.539845216431208,-1.46123015386806,0.539845216429724,NaN,NaN,NaN,NaN,NaN,0.415235058378613,NaN,NaN,NaN,NaN,NaN,NaN,NaN,NaN,NaN,NaN,NaN,1.25873808932306,0.167666470858296,-0.556295511009159,-0.563962416182106,-1.89341207187491,2.56067322241371,-0.4802687470693,-0.562126134731924,-1.96382931139659,-1.96382931139699,NaN,NaN,NaN,NaN,NaN,NaN,1.36475069983298,NaN,NaN,NaN,NaN,NaN
289.1776,-0.129666629171677,-1.33909638552082,-0.832303078134285,0.562491775391407,-0.507996733493302,-0.507996733494277,NaN,0.789891517665684,-0.144637235847692,0.539225424224475,-1.45916489467062,0.539225424222987,NaN,NaN,NaN,NaN,NaN,0.369382835956389,NaN,NaN,NaN,NaN,NaN,NaN,NaN,NaN,NaN,NaN,NaN,1.25859282825059,0.146234305173212,-0.567107067868633,-0.616553487549038,-1.89249945527117,2.54803913096598,-0.495829300548469,-0.55447211292851,-1.95899152669397,-1.95899152669436,NaN,NaN,NaN,NaN,NaN,NaN,1.35156260559173,NaN,NaN,NaN,NaN,NaN
289.28,-0.152855535992804,-1.33988789252772,-0.854975170824273,0.564728251396942,-0.478944710596002,-0.478944710596981,NaN,0.80502675339724,-0.152976519442935,0.539372743212478,-1.45658578383371,0.539372743210995,NaN,NaN,NaN,NaN,NaN,0.3235906135537,NaN,NaN,NaN,NaN,NaN,NaN,NaN,NaN,NaN,NaN,NaN,1.25766949927194,0.124358281482996,-0.577186474624689,-0.668778632605075,-1.89038398590925,2.5339706230889,-0.510818307284664,-0.546381913466357,-1.95241910195836,-1.95241910195873,NaN,NaN,NaN,NaN,NaN,NaN,1.33865674893326,NaN,NaN,NaN,NaN,NaN
289.3824,-0.176535460011692,-1.34024190685498,-0.877887212792043,0.566742866349871,-0.448946137959103,-0.448946137960088,NaN,0.82006969412798,-0.159806552054018,0.540362537684505,-1.45348449742605,0.540362537683024,NaN,NaN,NaN,NaN,NaN,0.277895133182511,NaN,NaN,NaN,NaN,NaN,NaN,NaN,NaN,NaN,NaN,NaN,1.25595781726073,0.102024745393415,-0.586475812580644,-0.72057272361595,-1.88710168423931,2.51851977693665,-0.525240244324669,-0.53781493247035,-1.94413266857788,-1.94413266857822,NaN,NaN,NaN,NaN,NaN,NaN,1.32605646300356,NaN,NaN,NaN,NaN,NaN
289.4848,-0.20066701975861,-1.34017239453468,-0.901008793484572,0.568528392453694,-0.418106644298419,-0.418106644299408,NaN,0.834974498886541,-0.165136402290263,0.542268935797168,-1.44985298140302,0.54226893579569,NaN,NaN,NaN,NaN,NaN,0.232333368083329,NaN,NaN,NaN,NaN,NaN,NaN,NaN,NaN,NaN,NaN,NaN,1.25345077433533,0.0792230374311403,-0.594921026681704,-0.771871463498531,-1.882690229147,2.50174095675312,-0.539099949535157,-0.528731567460549,-1.93415769956593,-1.93415769956626,NaN,NaN,NaN,NaN,NaN,NaN,1.3137849870752,NaN,NaN,NaN,NaN,NaN
289.5872,-0.225208587013536,-1.33969451295165,-0.924307975977242,0.570076384444933,-0.386534451719702,-0.386534451720696,NaN,0.849693458014331,-0.168980332139433,0.545164258793482,-1.44568347535486,0.545164258792005,NaN,NaN,NaN,NaN,NaN,0.18694237392607,NaN,NaN,NaN,NaN,NaN,NaN,NaN,NaN,NaN,NaN,NaN,1.25014482589909,0.0559458671798895,-0.602472448901558,-0.822611551573324,-1.87718852697738,2.48369023257607,-0.55240250873612,-0.519093636240741,-1.9225244652759,-1.92252446527622,NaN,NaN,NaN,NaN,NaN,NaN,1.30186544358798,NaN,NaN,NaN,NaN,NaN
289.6896,-0.250116472372811,-1.33882445376189,-0.947751392020885,0.571376911339685,-0.354339779276047,-0.354339779277043,NaN,0.864177091823561,-0.17135796084965,0.549118414218412,-1.44096855085724,0.54911841421694,NaN,NaN,NaN,NaN,NaN,0.141759103655375,NaN,NaN,NaN,NaN,NaN,NaN,NaN,NaN,NaN,NaN,NaN,1.24603998119856,0.0321895894042098,-0.609085211998989,-0.872730847720576,-1.87063625981024,2.46442476718471,-0.56515314407682,-0.508864804741529,-1.90926796136143,-1.90926796136173,NaN,NaN,NaN,NaN,NaN,NaN,1.29032080647544,NaN,NaN,NaN,NaN,NaN
289.792,-0.275345099187943,-1.33757928207585,-0.971304323955532,0.572418288244504,-0.321634232489505,-0.321634232490506,NaN,0.878374248940157,-0.172294386231627,0.554198271704719,-1.43570117168117,0.554198271703259,NaN,NaN,NaN,NaN,NaN,0.0968202035123755,NaN,NaN,NaN,NaN,NaN,NaN,NaN,NaN,NaN,NaN,NaN,1.24113983512187,0.00795440216910562,-0.614719574624267,-0.922168533135128,-1.86307343279251,2.44400219919732,-0.577357105739126,-0.498011019686662,-1.89442781287591,-1.89442781287621,NaN,NaN,NaN,NaN,NaN,NaN,1.27917386358202,NaN,NaN,NaN,NaN,NaN
289.8944,-0.30084717123537,-1.33597676858847,-0.994930776879454,0.573186826630831,-0.288530213135163,-0.288530213136168,NaN,0.892232207533402,-0.171820262979772,0.560467046804231,-1.42987476200674,0.560467046802779,NaN,NaN,NaN,NaN,NaN,0.0521618114075356,NaN,NaN,NaN,NaN,NaN,NaN,NaN,NaN,NaN,NaN,NaN,1.23545156822475,-0.0167555086715589,-0.619341182328045,-0.970865263953609,-1.85453994363253,2.4224800566152,-0.589019568605333,-0.48650093594879,-1.87804815866774,-1.87804815866803,NaN,NaN,NaN,NaN,NaN,NaN,1.26844717210448,NaN,NaN,NaN,NaN,NaN
289.9968,-0.326573839898288,-1.33403521759968,-1.01859354817762,0.573666618960783,-0.255140377482227,-0.255140377483235,NaN,0.905696783500417,-0.169971837515175,0.56798370881689,-1.42348326549323,0.567983708815451,NaN,NaN,NaN,NaN,NaN,0.00781937515781614,NaN,NaN,NaN,NaN,NaN,NaN,NaN,NaN,NaN,NaN,NaN,1.22898592892486,-0.0419318576555487,-0.622921285624538,-1.01876331460214,-1.84507518876657,2.3999152230686,-0.600145533925166,-0.474306326080646,-1.86017752007403,-1.86017752007431,NaN,NaN,NaN,NaN,NaN,NaN,1.2581630064942,NaN,NaN,NaN,NaN,NaN
290.0992,-0.352474873186774,-1.33177329585848,-1.04225429924967,0.573839369097366,-0.221577147008933,-0.221577147009945,NaN,0.918712450955373,-0.166790931999655,0.576802420740325,-1.41652118951169,0.57680242073889,NaN,NaN,NaN,NaN,NaN,-0.0361725008211903,NaN,NaN,NaN,NaN,NaN,NaN,NaN,NaN,NaN,NaN,NaN,1.22175720004814,-0.0675621765633459,-0.625436920942952,-1.06580671300218,-1.83471771087089,2.37636346339485,-0.610739736738084,-0.461402462825191,-1.84086865438938,-1.84086865438967,NaN,NaN,NaN,NaN,NaN,NaN,1.2483433016963,NaN,NaN,NaN,NaN,NaN
290.2016,-0.378498826842481,-1.32920986422038,-1.06587363072555,0.573684275626695,-0.187952257554862,-0.187952257555876,NaN,0.931222482785613,-0.162324864810335,0.586972021223635,-1.40898363813162,0.586972021222202,NaN,NaN,NaN,NaN,NaN,-0.0797801850219827,NaN,NaN,NaN,NaN,NaN,NaN,NaN,NaN,NaN,NaN,NaN,1.2137831456443,-0.09362977225095,-0.626871044482338,-1.11194137319548,-1.82350488809347,2.35187900784727,-0.620806560818429,-0.447768468325312,-1.82017838662595,-1.82017838662624,NaN,NaN,NaN,NaN,NaN,NaN,1.2390095950177,NaN,NaN,NaN,NaN,NaN
290.304,-0.404593220759566,-1.3263638114519,-1.08941116391795,0.573177971068363,-0.154376333692038,-0.154376333693056,NaN,0.943169120367527,-0.156626298110708,0.598535555570668,-1.40086633549637,0.59853555556924,NaN,NaN,NaN,NaN,NaN,-0.122971138132361,NaN,NaN,NaN,NaN,NaN,NaN,NaN,NaN,NaN,NaN,NaN,1.20508493855955,-0.120113734341754,-0.627212610229007,-1.15711522705278,-1.811472664643,2.32651419234772,-0.630349963956217,-0.433387622281626,-1.79816740916716,-1.79816740916745,NaN,NaN,NaN,NaN,NaN,NaN,1.23018296765485,NaN,NaN,NaN,NaN,NaN
290.4064,-0.430704724183208,-1.32325389041752,-1.11282563195772,0.572294517846314,-0.120958483670844,-0.120958483671864,NaN,0.954493779494242,-0.149753014099073,0.611529850320257,-1.39216563535008,0.611529850318831,NaN,NaN,NaN,NaN,NaN,-0.165714031915399,NaN,NaN,NaN,NaN,NaN,NaN,NaN,NaN,NaN,NaN,NaN,1.19568707772511,-0.146988984504596,-0.626456599024645,-1.20127835160095,-1.79865532214453,2.30031915023339,-0.639373418619913,-0.418247621840737,-1.77490004461076,-1.77490004461106,NaN,NaN,NaN,NaN,NaN,NaN,1.22188398750583,NaN,NaN,NaN,NaN,NaN
290.5088,-0.456779345814418,-1.31989855858913,-1.13607497792267,0.571005461425448,-0.0878059139709482,-0.0878059139719706,NaN,0.965137297389575,-0.141767627695445,0.625985121171357,-1.38287851197961,0.625985121169935,NaN,NaN,NaN,NaN,NaN,-0.207978869015256,NaN,NaN,NaN,NaN,NaN,NaN,NaN,NaN,NaN,NaN,NaN,1.18561730560874,-0.174226348998536,-0.62460401614885,-1.24438308765986,-1.78508529091733,2.27334155065814,-0.647879872908669,-0.402340792207079,-1.7504439751431,-1.7504439751434,NaN,NaN,NaN,NaN,NaN,NaN,1.2141326569404,NaN,NaN,NaN,NaN,NaN
290.6112,-0.482762618932436,-1.31631582501295,-1.15911645159839,0.5692799383387,-0.0550235625009526,-0.0550235625019749,NaN,0.975040225054027,-0.13273723638572,0.641924614036694,-1.3730025318914,0.641924614035275,NaN,NaN,NaN,NaN,NaN,-0.249737101919995,NaN,NaN,NaN,NaN,NaN,NaN,NaN,NaN,NaN,NaN,NaN,1.17490652974824,-0.201792643075863,-0.621661868701148,-1.28638414772857,-1.77079300041275,2.24562638209459,-0.655871732325929,-0.385664251834958,-1.72486994118612,-1.72486994118643,NaN,NaN,NaN,NaN,NaN,NaN,1.20694836628286,NaN,NaN,NaN,NaN,NaN
290.7136,-0.50859977659884,-1.3125231054521,-1.18190670104257,0.567084832674516,-0.0227137501248129,-0.0227137501258334,NaN,0.984143165217139,-0.122733001418633,0.659364289300016,-1.36253581050824,0.659364289298603,NaN,NaN,NaN,NaN,NaN,-0.290961749909831,NaN,NaN,NaN,NaN,NaN,NaN,NaN,NaN,NaN,NaN,NaN,1.16358874361944,-0.229650774016801,-0.61764311725825,-1.327238716134,-1.75580676640215,2.21721578138583,-0.663350856625492,-0.368220033324504,-1.698251407714,-1.69825140771432,NaN,NaN,NaN,NaN,NaN,NaN,1.20034984698314,NaN,NaN,NaN,NaN,NaN
290.816,-0.534235921881555,-1.30853708621232,-1.20440186396005,0.564384973341035,0.00902414930629076,0.00902414930527292,NaN,0.992387149049845,-0.111829662912,0.678312558336671,-1.35147696089256,0.678312558335277,NaN,NaN,NaN,NaN,NaN,-0.331627513169957,NaN,NaN,NaN,NaN,NaN,NaN,NaN,NaN,NaN,NaN,NaN,1.1517009394901,-0.257759878655765,-0.612566588765219,-1.36690654833437,-1.7401527094172,2.18814890613698,-0.670318563097796,-0.350015154655897,-1.67066419779237,-1.6706641977927,NaN,NaN,NaN,NaN,NaN,NaN,1.19435511602106,NaN,NaN,NaN,NaN,NaN
290.9184,-0.559616200400886,-1.30437359328236,-1.22655766411577,0.56114336692001,0.0400940233842694,0.0400940233832565,NaN,0.999714043059122,-0.100104999981115,0.698770073797761,-1.33982503978871,0.698770073796384,NaN,NaN,NaN,NaN,NaN,-0.371710882610784,NaN,NaN,NaN,NaN,NaN,NaN,NaN,NaN,NaN,NaN,NaN,1.13928301048984,-0.286075503175319,-0.606456845781464,-1.40535007506297,-1.72385469799738,2.15846184451586,-0.676775630801705,-0.331061632843868,-1.64218609589794,-1.64218609589829,NaN,NaN,NaN,NaN,NaN,NaN,1.18898140688469,NaN,NaN,NaN,NaN,NaN
291.0208,-0.584685979627416,-1.30004745838059,-1.24832951259179,0.557321464950758,0.0704033297446833,0.0704033297436758,NaN,1.00606698286321,-0.0876392395023484,0.720729571198742,-1.32757949329951,0.720729571197381,NaN,NaN,NaN,NaN,NaN,-0.411190243839887,NaN,NaN,NaN,NaN,NaN,NaN,NaN,NaN,NaN,NaN,NaN,1.12637764157042,-0.314549828161016,-0.599344012066704,-1.44253451633635,-1.70693431199282,2.12818755552039,-0.682722305251652,-0.311376434256354,-1.61289642260011,-1.61289642260047,NaN,NaN,NaN,NaN,NaN,NaN,1.18424508619587,NaN,NaN,NaN,NaN,NaN
291.1232,-0.609391039430733,-1.29557237299237,-1.26967261349309,0.552879465597164,0.0998634094942938,0.0998634094932919,NaN,1.01139083392395,-0.0745144082814116,0.744175758687916,-1.31474010346489,0.744175758686574,NaN,NaN,NaN,NaN,NaN,-0.450045974549124,NaN,NaN,NaN,NaN,NaN,NaN,NaN,NaN,NaN,NaN,NaN,1.11303018840575,-0.343131943171238,-0.591263552696563,-1.47842800974436,-1.68941082553351,2.0973558356927,-0.688158308301325,-0.290981359174694,-1.58287558090422,-1.58287558090459,NaN,NaN,NaN,NaN,NaN,NaN,1.18016155630648,NaN,NaN,NaN,NaN,NaN
291.2256,-0.633677776717952,-1.29096072801348,-1.29054207556621,0.547776644274162,0.128389805994885,0.12838980599389,NaN,1.01563267606827,-0.0608136290184668,0.769085251402778,-1.30130693807863,0.769085251401448,NaN,NaN,NaN,NaN,NaN,-0.488260531822982,NaN,NaN,NaN,NaN,NaN,NaN,NaN,NaN,NaN,NaN,NaN,1.09928854700067,-0.371768163595975,-0.582256014616155,-1.51300174983077,-1.67130121421596,2.06599331365381,-0.693082861001666,-0.269902864132084,-1.55220457677769,-1.55220457677806,NaN,NaN,NaN,NaN,NaN,NaN,1.176745144831,NaN,NaN,NaN,NaN,NaN
291.328,-0.657493419134555,-1.28622344500992,-1.31089302808284,0.541971699924626,0.155902579928481,0.155902579927495,NaN,1.01874230312529,-0.0466203722774814,0.795426550868302,-1.28728030832503,0.795426550866987,NaN,NaN,NaN,NaN,NaN,-0.525818520038349,NaN,NaN,NaN,NaN,NaN,NaN,NaN,NaN,NaN,NaN,NaN,1.08520302195819,-0.400402366923303,-0.572366745507211,-1.54623012719072,-1.65262019106566,2.03412347752909,-0.697494722105596,-0.248171835537745,-1.52096451984276,-1.52096451984313,NaN,NaN,NaN,NaN,NaN,NaN,1.17400898111131,NaN,NaN,NaN,NaN,NaN
291.4304,-0.680786238330722,-1.2813698087646,-1.33068073698683,0.53542310258809,0.182326612280034,0.182326612279059,NaN,1.02067272738796,-0.0320176851005754,0.823160077031722,-1.27266073874431,0.823160077030423,NaN,NaN,NaN,NaN,NaN,-0.562706730219742,NaN,NaN,NaN,NaN,NaN,NaN,NaN,NaN,NaN,NaN,NaN,1.07082620090562,-0.428976325725796,-0.561645609040254,-1.5780908565359,-1.63338027115089,2.00176673954242,-0.701392236028467,-0.225823332949302,-1.48923611393831,-1.48923611393869,NaN,NaN,NaN,NaN,NaN,NaN,1.1719648575855,NaN,NaN,NaN,NaN,NaN
291.5328,-0.70350575884417,-1.27640730934673,-1.34986072186828,0.528089436213245,0.207591890830476,0.207591890829513,NaN,1.02138068285593,-0.0170874215675366,0.852238260375726,-1.25744895136501,0.852238260374445,NaN,NaN,NaN,NaN,NaN,-0.598914148091259,NaN,NaN,NaN,NaN,NaN,NaN,NaN,NaN,NaN,NaN,NaN,1.05621283762679,-0.457430026235438,-0.550146705405995,-1.60856508849573,-1.61359186034432,1.96894053771539,-0.704773380773044,-0.202896311486008,-1.45709915135197,-1.45709915135235,NaN,NaN,NaN,NaN,NaN,NaN,1.17062307474104,NaN,NaN,NaN,NaN,NaN
291.6352,-0.725602966137383,-1.27134149932548,-1.36838888013157,0.51992973879222,0.231633774162783,0.231633774161833,NaN,1.0208271256945,-0.001909499975558,0.882605691194699,-1.24164586374478,0.882605691193438,NaN,NaN,NaN,NaN,NaN,-0.634431932052078,NaN,NaN,NaN,NaN,NaN,NaN,NaN,NaN,NaN,NaN,NaN,1.04141974197924,-0.485701970685749,-0.537928098212461,-1.63763750373705,-1.59326336277526,1.93565947117966,-0.707635809048122,-0.179433319469897,-1.42463202546433,-1.42463202546471,NaN,NaN,NaN,NaN,NaN,NaN,1.16999227135073,NaN,NaN,NaN,NaN,NaN
291.7376,-0.747030518515726,-1.26617586974454,-1.38622162480515,0.510903841329397,0.254393221829441,0.254393221828504,NaN,1.01897772796783,0.0134387943462498,0.914199311503094,-1.22525259786833,0.914199311501847,NaN,NaN,NaN,NaN,NaN,-0.669253365489256,NaN,NaN,NaN,NaN,NaN,NaN,NaN,NaN,NaN,NaN,NaN,1.02650567288496,-0.513729464030278,-0.525051546654997,-1.66529638876636,-1.5724013047291,1.90193546707015,-0.709976880623819,-0.155480165874872,-1.3919112726712,-1.39191127267158,NaN,NaN,NaN,NaN,NaN,NaN,1.17007924448564,NaN,NaN,NaN,NaN,NaN
291.84,-0.767742964112088,-1.26091174703865,-1.40331603828362,0.500972701884432,0.275816976718483,0.275816976717562,NaN,1.01580335442686,0.0288834482695087,0.946948631461612,-1.20827049324159,0.946948631460382,NaN,NaN,NaN,NaN,NaN,-0.703373794024665,NaN,NaN,NaN,NaN,NaN,NaN,NaN,NaN,NaN,NaN,NaN,1.01153123072549,-0.541448883489265,-0.511582243117409,-1.69153369104505,-1.55101047732288,1.86777798067938,-0.711793688550159,-0.131085562753749,-1.35901114929021,-1.3590111492906,NaN,NaN,NaN,NaN,NaN,NaN,1.17088876684729,NaN,NaN,NaN,NaN,NaN
291.9424,-0.787696960283449,-1.25554821345332,-1.4196300408087,0.490098729167431,0.295857689993273,0.295857689992369,NaN,1.0112805104451,0.0443542969881716,0.980775957563039,-1.19070111690426,0.980775957561824,NaN,NaN,NaN,NaN,NaN,-0.736790559094534,NaN,NaN,NaN,NaN,NaN,NaN,NaN,NaN,NaN,NaN,NaN,0.996558746430554,-0.568795928074927,-0.497588556726376,-1.71634504940764,-1.5290941013962,1.8331942304839,-0.713083084322651,-0.106300755184431,-1.32600324493303,-1.32600324493342,NaN,NaN,NaN,NaN,NaN,NaN,1.17242341141931,NaN,NaN,NaN,NaN,NaN
292.0448,-0.806851489954216,-1.25008205608553,-1.43512257114953,0.478246093585942,0.314473989386643,0.314473989385756,NaN,1.0053917529629,0.0597855399658736,1.01559662720417,-1.17254626511789,1.01559662720297,NaN,NaN,NaN,NaN,NaN,-0.769502929923938,NaN,NaN,NaN,NaN,NaN,NaN,NaN,NaN,NaN,NaN,NaN,0.981652165496262,-0.595705847444636,-0.483141782036529,-1.73972979743394,-1.50665401523556,1.79818946600499,-0.71384170613259,-0.0811791471356574,-1.29295613004347,-1.29295613004387,NaN,NaN,NaN,NaN,NaN,NaN,1.17468339184942,NaN,NaN,NaN,NaN,NaN
292.1472,-0.825168068265501,-1.24450775086253,-1.44975377644868,0.465381027335783,0.331630500694386,0.331630500693518,NaN,0.998126060513363,0.0751162029158213,1.05131924628087,-1.15380795379245,1.05131924627969,NaN,NaN,NaN,NaN,NaN,-0.801512027299881,NaN,NaN,NaN,NaN,NaN,NaN,NaN,NaN,NaN,NaN,NaN,0.966876924950067,-0.622113651967416,-0.468315891388728,-1.76169094073596,-1.48369088299976,1.76276726458167,-0.714066011099681,-0.0557759244927941,-1.25993503560996,-1.25993503561036,NaN,NaN,NaN,NaN,NaN,NaN,1.1776664205138,NaN,NaN,NaN,NaN,NaN
292.2496,-0.842610935488263,-1.23881748348291,-1.46348520842477,0.451472113019937,0.347297831093221,0.347297831092373,NaN,0.989479160224394,0.0902905448446026,1.08784592444204,-1.13448839518546,1.08784592444087,NaN,NaN,NaN,NaN,NaN,-0.832820734907892,NaN,NaN,NaN,NaN,NaN,NaN,NaN,NaN,NaN,NaN,NaN,0.952299821375333,-0.647954305636226,-0.453187290077621,-1.78223510959699,-1.46020442084513,1.72692985409428,-0.713752309205271,-0.0301476759128712,-1.22700157043634,-1.22700157043675,NaN,NaN,NaN,NaN,NaN,NaN,1.18136757906028,NaN,NaN,NaN,NaN,NaN
292.352,-0.859147238536907,-1.2330012020133,-1.47628002536897,0.436490555570815,0.361452514429593,0.361452514428766,NaN,0.979453809343004,0.105258398921757,1.12507250621521,-1.11458995583015,1.12507250621406,NaN,NaN,NaN,NaN,NaN,-0.86343360238945,NaN,NaN,NaN,NaN,NaN,NaN,NaN,NaN,NaN,NaN,NaN,0.937988869625406,-0.673162902231855,-0.437834573990286,-1.80137248713262,-1.43619363858009,1.69067845984741,-0.712896796790935,-0.00435201355920125,-1.19421348533129,-1.1942134853317,NaN,NaN,NaN,NaN,NaN,NaN,1.18577919367659,NaN,NaN,NaN,NaN,NaN
292.4544,-0.874747209226589,-1.22704669324451,-1.48810320357611,0.420410435046979,0.374076917523141,0.374076917522334,NaN,0.968060028437522,0.119975437341631,1.16288880585538,-1.09411509254151,1.16288880585425,NaN,NaN,NaN,NaN,NaN,-0.893356746042814,NaN,NaN,NaN,NaN,NaN,NaN,NaN,NaN,NaN,NaN,NaN,0.924013151656817,-0.697674826420547,-0.422338288999299,-1.81911671471898,-1.41165709751944,1.65401367449169,-0.711495592600649,0.0215528097804542,-1.1616244834315,-1.16162448343191,NaN,NaN,NaN,NaN,NaN,NaN,1.19089070915089,NaN,NaN,NaN,NaN,NaN
292.5568,-0.889384348022049,-1.22093967886779,-1.49892176452303,0.403208943541506,0.385159114923168,0.385159114922383,NaN,0.955315284530765,0.134403363475036,1.20117885571323,-1.07306627299733,1.2011788557121,NaN,NaN,NaN,NaN,NaN,-0.922597746953956,NaN,NaN,NaN,NaN,NaN,NaN,NaN,NaN,NaN,NaN,NaN,0.910442652238757,-0.721425903244718,-0.406780690641847,-1.83548477828617,-1.38659318651627,1.61693584971476,-0.709544782332651,0.0475082972524139,-1.12928406302953,-1.12928406302993,NaN,NaN,NaN,NaN,NaN,NaN,1.19668855826386,NaN,NaN,NaN,NaN,NaN
292.6592,-0.903035616046182,-1.21466393194826,-1.50870502070293,0.3848666042855,0.394692742599638,0.394692742598874,NaN,0.941244622815062,0.148510040450082,1.2398211697324,-1.05144588829929,1.2398211697313,NaN,NaN,NaN,NaN,NaN,-0.95116554364536,NaN,NaN,NaN,NaN,NaN,NaN,NaN,NaN,NaN,NaN,NaN,0.897348078193922,-0.74435253631054,-0.391245503687729,-1.85049687538467,-1.36100041430499,1.57944550687229,-0.707040471649484,0.0734561229332235,-1.09723738268896,-1.09723738268935,NaN,NaN,NaN,NaN,NaN,NaN,1.20315602694052,NaN,NaN,NaN,NaN,NaN
292.7616,-0.915681628876583,-1.20820141572985,-1.51742483498037,0.365367460619173,0.402676834133977,0.402676834133236,NaN,0.925880742905958,0.162269554813036,1.27868901950013,-1.02925614917265,1.27868901949905,NaN,NaN,NaN,NaN,NaN,-0.979070320544701,NaN,NaN,NaN,NaN,NaN,NaN,NaN,NaN,NaN,NaN,NaN,0.884800663623999,-0.766391828589265,-0.375817684131691,-1.86417625662692,-1.33487771154384,1.54154376137799,-0.703978840760309,0.099338554909888,-1.065525154662,-1.0655251546624,NaN,NaN,NaN,NaN,NaN,NaN,1.21027312262348,NaN,NaN,NaN,NaN,NaN
292.864,-0.927306840455669,-1.20153244605395,-1.52505588294112,0.344699222025151,0.409115637120538,0.409115637119823,NaN,0.909264013936474,0.175662207022433,1.3176507229868,-1.00649894846058,1.31765072298574,NaN,NaN,NaN,NaN,NaN,-1.0063233957786,NaN,NaN,NaN,NaN,NaN,NaN,NaN,NaN,NaN,NaN,NaN,0.872871971823215,-0.787481678550221,-0.360583186555319,-1.87654903370842,-1.30822473427825,1.50323275191501,-0.700356195346408,0.125098866177497,-1.03418358026634,-1.03418358026674,NaN,NaN,NaN,NaN,NaN,NaN,1.2180164591207,NaN,NaN,NaN,NaN,NaN
292.9664,-0.937899707451411,-1.19463587355936,-1.53157590693772,0.322853362577295,0.414018408660525,0.414018408659837,NaN,0.891442427684937,0.188674432493016,1.35656994487065,-0.983175691285669,1.3565699448696,NaN,NaN,NaN,NaN,NaN,-1.03293710688799,NaN,NaN,NaN,NaN,NaN,NaN,NaN,NaN,NaN,NaN,NaN,0.861633707265641,-0.807560851775,-0.345628734921694,-1.88764395131277,-1.28104215874653,1.46451605943844,-0.69616901321277,0.150681717135499,-1.00324433284619,-1.0032443328466,NaN,NaN,NaN,NaN,NaN,NaN,1.22635917116008,NaN,NaN,NaN,NaN,NaN
293.0688,-0.947452828171556,-1.18748927428805,-1.53696595015822,0.299825173764375,0.417399193420466,0.417399193419806,NaN,0.872471496222542,0.201298668549661,1.39530600055271,-0.959287124214791,1.39530600055168,NaN,NaN,NaN,NaN,NaN,-1.05892468548411,NaN,NaN,NaN,NaN,NaN,NaN,NaN,NaN,NaN,NaN,NaN,0.851157542949555,-0.82656903809823,-0.331041588727126,-1.89749212754714,-1.25333195493359,1.42539909649984,-0.691413986846826,0.176033505330214,-0.972734585846068,-0.972734585846486,NaN,NaN,NaN,NaN,NaN,NaN,1.23527086764105,NaN,NaN,NaN,NaN,NaN
293.1712,-0.955963052446848,-1.18006913699504,-1.54121056109256,0.275613776726764,0.41927659151029,0.419276591509659,NaN,0.852414100834476,0.213533175075983,1.43371415407714,-0.934833203733803,1.43371415407614,NaN,NaN,NaN,NaN,NaN,-1.08430010962388,NaN,NaN,NaN,NaN,NaN,NaN,NaN,NaN,NaN,NaN,NaN,0.841514954102137,-0.844446908331973,-0.316909295072109,-1.90612677224518,-1.22509762915737,1.3858894516038,-0.686088062398858,0.201102686634289,-0.942677084930175,-0.942677084930609,NaN,NaN,NaN,NaN,NaN,NaN,1.24471762606097,NaN,NaN,NaN,NaN,NaN
293.2736,-0.963431563430597,-1.17235104397566,-1.54429796762103,0.250222101428895,0.419673525297497,0.419673525296897,NaN,0.831340292242154,0.22538180503533,1.47164590751377,-0.909813028390374,1.47164590751278,NaN,NaN,NaN,NaN,NaN,-1.10907792918185,NaN,NaN,NaN,NaN,NaN,NaN,NaN,NaN,NaN,NaN,NaN,0.832777040820889,-0.861136181185407,-0.303319421181755,-1.91358289270482,-1.19634443576309,1.34599718501722,-0.680188480202854,0.225840073227984,-0.913090264668574,-0.913090264669024,NaN,NaN,NaN,NaN,NaN,NaN,1.25466202228136,NaN,NaN,NaN,NaN,NaN
293.376,-0.969863936955339,-1.16430984903144,-1.54622022805247,0.223656842204013,0.418617015455398,0.418617015454828,NaN,0.809327039884592,0.236853726443426,1.508949288727,-0.884224839461278,1.50894928872602,NaN,NaN,NaN,NaN,NaN,-1.13327306992063,NaN,NaN,NaN,NaN,NaN,NaN,NaN,NaN,NaN,NaN,NaN,0.825014326546463,-0.876579705017876,-0.290359266938555,-1.91989699401587,-1.16707956565417,1.30573507996158,-0.673712827833079,0.250199110272306,-0.883988404635758,-0.883988404636219,NaN,NaN,NaN,NaN,NaN,NaN,1.26506318564885,NaN,NaN,NaN,NaN,NaN
293.4784,-0.975270182297871,-1.15591985562222,-1.54697336441902,0.195928398460094,0.416137976432058,0.41613797643152,NaN,0.786457934760161,0.247963112190188,1.54546915072686,-0.858066083220127,1.5454691507259,NaN,NaN,NaN,NaN,NaN,-1.15690062886384,NaN,NaN,NaN,NaN,NaN,NaN,NaN,NaN,NaN,NaN,NaN,0.818296528133958,-0.890721554791312,-0.278115559765466,-1.92510677815266,-1.1373123178453,1.26511885154494,-0.666659115589069,0.274136129786761,-0.855381812217769,-0.855381812218243,NaN,NaN,NaN,NaN,NaN,NaN,1.2758768741111,NaN,NaN,NaN,NaN,NaN
293.5808,-0.979664762932137,-1.14715499479803,-1.54655747644942,0.167050804873614,0.412271036316515,0.412271036316011,NaN,0.762822854387843,0.258728818815287,1.58104749957196,-0.831333522700082,1.58104749957101,NaN,NaN,NaN,NaN,NaN,-1.17997567092756,NaN,NaN,NaN,NaN,NaN,NaN,NaN,NaN,NaN,NaN,NaN,0.812692295275859,-0.903507142079798,-0.266674134421289,-1.92925084211918,-1.10705425550665,1.22416731471349,-0.659025875761051,0.297610579356582,-0.82727701765437,-0.82727701765486,NaN,NaN,NaN,NaN,NaN,NaN,1.28705556987277,NaN,NaN,NaN,NaN,NaN
293.6832,-0.983066593909498,-1.1379890020993,-1.54497683256702,0.137041648777533,0.407054376255479,0.40705437625501,NaN,0.738517591245962,0.269174068755841,1.61552386671493,-0.804023389991751,1.615523866714,NaN,NaN,NaN,NaN,NaN,-1.20251302521072,NaN,NaN,NaN,NaN,NaN,NaN,NaN,NaN,NaN,NaN,NaN,0.808268916203594,-0.914883335312163,-0.256119598112391,-1.93236837099992,-1.07631934626664,1.18290251409155,-0.650812281206435,0.320585223901898,-0.799676972501253,-0.799676972501764,NaN,NaN,NaN,NaN,NaN,NaN,1.29854859697579,NaN,NaN,NaN,NaN,NaN
293.7856,-0.985499012935516,-1.1283955973501,-1.54223993717436,0.105921969245478,0.400529578808837,0.400529578808404,NaN,0.713643435438886,0.279326141450598,1.6487357340695,-0.776131578634126,1.64873573406859,NaN,NaN,NaN,NaN,NaN,-1.22452707127052,NaN,NaN,NaN,NaN,NaN,NaN,NaN,NaN,NaN,NaN,NaN,0.805091991658693,-0.924798590451506,-0.246534977687768,-1.93449882133964,-1.04512408362831,1.14134981323702,-0.642018279973722,0.343026321530546,-0.772581250694205,-0.772581250694735,NaN,NaN,NaN,NaN,NaN,NaN,1.31030226307031,NaN,NaN,NaN,NaN,NaN
293.888,-0.986989721397116,-1.11834867587008,-1.53835957513613,0.0737161356843995,0.39274147759076,0.392741477590364,NaN,0.6883066995131,0.289216069877003,1.68051901509981,-0.747653877331966,1.68051901509893,NaN,NaN,NaN,NaN,NaN,-1.2460315125487,NaN,NaN,NaN,NaN,NaN,NaN,NaN,NaN,NaN,NaN,NaN,0.803225083723273,-0.933203095511273,-0.238001345695927,-1.93568159568115,-1.01348758309897,1.09953793395114,-0.632644745327412,0.36490377962899,-0.745986253161076,-0.745986253161619,NaN,NaN,NaN,NaN,NaN,NaN,1.32226003046641,NaN,NaN,NaN,NaN,NaN
293.9904,-0.987570690038588,-1.10782251574354,-1.53335283082481,0.0404517073522763,0.383738004200832,0.383738004200474,NaN,0.662618179732896,0.298878334066801,1.71070860172549,-0.71858623683643,1.71070860172464,NaN,NaN,NaN,NaN,NaN,-1.26703915004017,NaN,NaN,NaN,NaN,NaN,NaN,NaN,NaN,NaN,NaN,NaN,0.802729342847483,-0.940048928379462,-0.230597429647958,-1.9359557139821,-0.981431652002081,1.05749894285693,-0.622693642839312,0.386191299109938,-0.719885411930753,-0.719885411931308,NaN,NaN,NaN,NaN,NaN,NaN,1.3343627203288,NaN,NaN,NaN,NaN,NaN
294.0928,-0.987278026157082,-1.09679199532011,-1.52724107564619,0.00615927451226474,0.373570027447773,0.373570027447452,NaN,0.636692558496199,0.308350545118317,1.73913899348084,-0.688925054559367,1.73913899348001,NaN,NaN,NaN,NaN,NaN,-1.28756167877137,NaN,NaN,NaN,NaN,NaN,NaN,NaN,NaN,NaN,NaN,NaN,0.80366311401925,-0.945290219863746,-0.224399218334823,-1.93535948935119,-0.948980842099958,1.01526819633763,-0.612168218599755,0.406866509286821,-0.694269388990904,-0.694269388991476,NaN,NaN,NaN,NaN,NaN,NaN,1.34654874716025,NaN,NaN,NaN,NaN,NaN
294.1952,-0.986151806881508,-1.08523280805203,-1.52004992160841,-0.02912771422557,0.362291179410129,0.362291179409848,NaN,0.610647760377647,0.317673117786094,1.76564501596097,-0.658667470560085,1.76564501596018,NaN,NaN,NaN,NaN,NaN,-1.3076095286795,NaN,NaN,NaN,NaN,NaN,NaN,NaN,NaN,NaN,NaN,NaN,0.806081526199956,-0.948883314855995,-0.219479580170738,-1.93393021891686,-0.916162495042863,0.97288425929656,-0.601073208434135,0.426911088675239,-0.669126272870487,-0.669126272871074,NaN,NaN,NaN,NaN,NaN,NaN,1.35875437438365,NaN,NaN,NaN,NaN,NaN
294.2976,-0.984235889096661,-1.07312166207059,-1.51180914441082,-0.0653731215517603,0.349957662552465,0.349957662552225,NaN,0.584604272769675,0.326888930043538,1.7900626204534,-0.627811688625452,1.79006262045266,NaN,NaN,NaN,NaN,NaN,-1.32719176635134,NaN,NaN,NaN,NaN,NaN,NaN,NaN,NaN,NaN,NaN,NaN,0.810036066898891,-0.950786935195033,-0.215907898001528,-1.93170390261841,-0.88300678065691,0.930388805505888,-0.58941505739154,0.446310865289021,-0.644441781923314,-0.644441781923912,NaN,NaN,NaN,NaN,NaN,NaN,1.37091398195076,NaN,NaN,NaN,NaN,NaN
294.4,-0.981577703851235,-1.06043645750307,-1.50255257987601,-0.102538266847536,0.336628027486741,0.33662802748654,NaN,0.558684432884643,0.336042965335893,1.81222975733374,-0.596357343444362,1.81222975733304,NaN,NaN,NaN,NaN,NaN,-1.34631606317784,NaN,NaN,NaN,NaN,NaN,NaN,NaN,NaN,NaN,NaN,NaN,0.815574137449979,-0.950962354877709,-0.213749712556657,-1.92871499597267,-0.849546716766875,0.887826492834754,-0.577202134754795,0.465055893612894,-0.62019948067644,-0.620199480677054,NaN,NaN,NaN,NaN,NaN,NaN,1.38296034258836,NaN,NaN,NaN,NaN,NaN
294.5024,-0.978228036313334,-1.047156442335,-1.49231799517082,-0.14058203803941,0.32236291002726,0.3223629100271,NaN,0.53301168031197,0.345181937628916,1.83198732401482,-0.564305915083735,1.83198732401416,NaN,NaN,NaN,NaN,NaN,-1.36498871917015,NaN,NaN,NaN,NaN,NaN,NaN,NaN,NaN,NaN,NaN,NaN,0.82273859005465,-0.94937359354022,-0.213066365951011,-1.92499619372144,-0.815818153997346,0.845244794873364,-0.564444934959071,0.483140510297573,-0.596381007648917,-0.596381007649542,NaN,NaN,NaN,NaN,NaN,NaN,1.39482490751919,NaN,NaN,NaN,NaN,NaN
294.6048,-0.974240789826442,-1.03326235309672,-1.48114693674699,-0.179460971819809,0.307224727721851,0.307224727721732,NaN,0.507709787352901,0.354353911207519,1.84918017823334,-0.531661163433453,1.84918017823272,NaN,NaN,NaN,NaN,NaN,-1.38321472583995,NaN,NaN,NaN,NaN,NaN,NaN,NaN,NaN,NaN,NaN,NaN,0.831567261181962,-0.945987625218534,-0.213914646034132,-1.92057824053046,-0.78185971373768,0.802693775221937,-0.551156258309352,0.500563373967212,-0.572966304604154,-0.5729663046048,NaN,NaN,NaN,NaN,NaN,NaN,1.40643810218808,NaN,NaN,NaN,NaN,NaN
294.7072,-0.969672732895258,-1.01873654733642,-1.46908455755834,-0.219129304343123,0.291277350858176,0.291277350858099,NaN,0.482902094860782,0.363607929217358,1.86365818265643,-0.498429544015971,1.86365818265585,NaN,NaN,NaN,NaN,NaN,-1.40099786073323,NaN,NaN,NaN,NaN,NaN,NaN,NaN,NaN,NaN,NaN,NaN,0.842092521426172,-0.940774596081153,-0.216346439698499,-1.91548977045181,-0.747712676800501,0.760225806625986,-0.537351363220312,0.517327493951525,-0.549933831761893,-0.549933831762557,NaN,NaN,NaN,NaN,NaN,NaN,1.41772963099081,NaN,NaN,NaN,NaN,NaN
294.8096,-0.964583224971839,-1.00356313233,-1.45617942194393,-0.259538995938635,0.274585767329259,0.274585767329224,NaN,0.458710781189466,0.372993651420112,1.87527723497965,-0.464620573709778,1.87527723497912,NaN,NaN,NaN,NaN,NaN,-1.41834081323419,NaN,NaN,NaN,NaN,NaN,NaN,NaN,NaN,NaN,NaN,NaN,0.854340858797392,-0.933708045790666,-0.220408403679894,-1.90975717912697,-0.713420823563417,0.717895244455813,-0.523048078501021,0.533440248647552,-0.52726075460351,-0.527260754604193,NaN,NaN,NaN,NaN,NaN,NaN,1.42862878865081,NaN,NaN,NaN,NaN,NaN
294.912,-0.959033914278529,-0.987728090694334,-1.44248328203896,-0.300639741332819,0.25721575571805,0.257215755718058,NaN,0.435256180638259,0.382560992878687,1.88390024932437,-0.430247128590405,1.88390024932389,NaN,NaN,NaN,NaN,NaN,-1.43524533865717,NaN,NaN,NaN,NaN,NaN,NaN,NaN,NaN,NaN,NaN,NaN,0.86833250470692,-0.924765125439602,-0.226141659988279,-1.90340452770063,-0.679030228563485,0.675758065213581,-0.50826686720163,0.548913391923613,-0.504923096369502,-0.504923096370202,NaN,NaN,NaN,NaN,NaN,NaN,1.43906477230814,NaN,NaN,NaN,NaN,NaN
295.0144,-0.95308840663888,-0.971219400521025,-1.42805082346625,-0.342378981309132,0.23923357310713,0.239233573107184,NaN,0.412656159760607,0.392359761428694,1.88939807631591,-0.395325665707164,1.88939807631547,NaN,NaN,NaN,NaN,NaN,-1.4517124344015,NaN,NaN,NaN,NaN,NaN,NaN,NaN,NaN,NaN,NaN,NaN,0.884081101816882,-0.913926801224289,-0.233581523751944,-1.89645347201951,-0.644589020426555,0.633871486035027,-0.493030843050731,0.563763047569719,-0.482895859096682,-0.482895859097398,NaN,NaN,NaN,NaN,NaN,NaN,1.44896698387021,NaN,NaN,NaN,NaN,NaN
295.1168,-0.946811913110849,-0.954027147291699,-1.4129393863406,-0.384701926650993,0.220705655503526,0.220705655503625,NaN,0.391025553568262,0.402439295201156,1.89165036715563,-0.359876358976331,1.89165036715523,NaN,NaN,NaN,NaN,NaN,-1.4677425330275,NaN,NaN,NaN,NaN,NaN,NaN,NaN,NaN,NaN,NaN,NaN,0.901593408852891,-0.901178034289699,-0.242757271730019,-1.88892321354931,-0.610147120686699,0.592293580367795,-0.477365747285686,0.578009693687722,-0.461153116689412,-0.461153116690138,NaN,NaN,NaN,NaN,NaN,NaN,1.45826531282937,NaN,NaN,NaN,NaN,NaN
295.2192,-0.940270882685644,-0.936143625515571,-1.39720866650813,-0.42755159525078,0.201698324273648,0.201698324273791,NaN,0.370475655383562,0.41284809299449,1.89054639647314,-0.323923133680562,1.89054639647279,NaN,NaN,NaN,NaN,NaN,-1.48333571043767,NaN,NaN,NaN,NaN,NaN,NaN,NaN,NaN,NaN,NaN,NaN,0.920869041657376,-0.886507933028944,-0.253691957275891,-1.8808304745446,-0.575755967212241,0.551082892437482,-0.461299894418634,0.591678140564034,-0.439668079465334,-0.439668079466068,NaN,NaN,NaN,NaN,NaN,NaN,1.4668903969665,NaN,NaN,NaN,NaN,NaN
295.3216,-0.933532616765144,-0.917563426814103,-1.38092039213476,-0.470868857017058,0.182277495877631,0.18227749587782,NaN,0.351113749535869,0.423633423174358,1.88598585708973,-0.287493586389179,1.88598585708941,NaN,NaN,NaN,NaN,NaN,-1.49849191099404,NaN,NaN,NaN,NaN,NaN,NaN,NaN,NaN,NaN,NaN,NaN,0.941900253974346,-0.869909877453937,-0.266402273300733,-1.87218949918301,-0.541468218053534,0.510298041648783,-0.444864090299804,0.604797508474617,-0.418413128020256,-0.418413128020997,NaN,NaN,NaN,NaN,NaN,NaN,1.47477386523749,NaN,NaN,NaN,NaN,NaN
295.424,-0.926664860666199,-0.898283509243918,-1.36413796833041,-0.514592482491514,0.162508399585186,0.162508399585421,NaN,0.333042674616618,0.434840899077996,1.8778796283204,-0.250618787694656,1.87787962832013,NaN,NaN,NaN,NaN,NaN,-1.51321119143887,NaN,NaN,NaN,NaN,NaN,NaN,NaN,NaN,NaN,NaN,NaN,0.964671761533946,-0.851381616843627,-0.280898459211996,-1.86301207657145,-0.507337424592619,0.469997306397176,-0.428091513404246,0.617401211090381,-0.397359815330782,-0.397359815331534,NaN,NaN,NaN,NaN,NaN,NaN,1.48184856826069,NaN,NaN,NaN,NaN,NaN
295.5264,-0.919735377016595,-0.878303243555251,-1.34692609220293,-0.558659194634089,0.142455312340349,0.142455312340625,NaN,0.316360403314838,0.446514019115102,1.86615050639912,-0.213332982604415,1.8661505063989,NaN,NaN,NaN,NaN,NaN,-1.52749397642219,NaN,NaN,NaN,NaN,NaN,NaN,NaN,NaN,NaN,NaN,NaN,0.989160610677989,-0.830925349358451,-0.297184237429173,-1.85330757836172,-0.473417664325013,0.430238183061462,-0.411017544632551,0.629526940028954,-0.376478841838493,-0.376478841839253,NaN,NaN,NaN,NaN,NaN,NaN,1.4880488005358,NaN,NaN,NaN,NaN,NaN
295.6288,-0.912811512508908,-0.857624437663475,-1.32935035002092,-0.603003721307943,0.12218131998278,0.1221813199831,NaN,0.301159629757213,0.458693688115561,1.85073387909093,-0.175673223420452,1.85073387909074,NaN,NaN,NaN,NaN,NaN,-1.54134130618396,NaN,NaN,NaN,NaN,NaN,NaN,NaN,NaN,NaN,NaN,NaN,1.01533608925945,-0.808547803077995,-0.315256754879016,-1.843083006344,-0.439763139316153,0.391076928564535,-0.39367954685988,0.64121663359425,-0.355740018315353,-0.35574001831612,NaN,NaN,NaN,NaN,NaN,NaN,1.49331051882704,NaN,NaN,NaN,NaN,NaN
295.7312,-0.905959765200964,-0.836251348766401,-1.31147680837052,-0.647558841704357,0.101748109882774,0.101748109883136,NaN,0.287527368195902,0.471417753710306,1.8315783272547,-0.137678976826688,1.83157832725456,NaN,NaN,NaN,NaN,NaN,-1.55475505566142,NaN,NaN,NaN,NaN,NaN,NaN,NaN,NaN,NaN,NaN,NaN,1.04315967412427,-0.784260337545366,-0.33510651000529,-1.8323430525702,-0.406427765246153,0.352568108940011,-0.376116616145265,0.652516410456205,-0.33511223388382,-0.335112233884589,NaN,NaN,NaN,NaN,NaN,NaN,1.49757155942931,NaN,NaN,NaN,NaN,NaN
295.8336,-0.899245352687239,-0.81419069667938,-1.29337160679167,-0.692255424160928,0.0812157942776912,0.081215794278096,NaN,0.275544575381505,0.48472059114185,1.80864613862633,-0.0993917353228051,1.80864613862623,NaN,NaN,NaN,NaN,NaN,-1.56773811590192,NaN,NaN,NaN,NaN,NaN,NaN,NaN,NaN,NaN,NaN,NaN,1.07258500973236,-0.758079071981972,-0.356717264246627,-1.82109018080648,-0.373464778030473,0.314764179770459,-0.358369326175934,0.663476456511973,-0.314563438211094,-0.314563438211864,NaN,NaN,NaN,NaN,NaN,NaN,1.50077185173763,NaN,NaN,NaN,NaN,NaN
295.936,-0.892731781086127,-0.791451687788352,-1.27510055681026,-0.737022461144558,0.0606427620277469,0.0606427620281955,NaN,0.265285808207159,0.498632754798273,1.78191372040926,-0.0608546491253467,1.78191372040921,NaN,NaN,NaN,NaN,NaN,-1.58029454445111,NaN,NaN,NaN,NaN,NaN,NaN,NaN,NaN,NaN,NaN,NaN,1.10355791905405,-0.730025036575493,-0.380065948136108,-1.80932473870355,-0.340926372218797,0.277715114689263,-0.340479473726151,0.674150860316078,-0.294060640362944,-0.294060640363712,NaN,NaN,NaN,NaN,NaN,NaN,1.50285362355713,NaN,NaN,NaN,NaN,NaN
296.0384,-0.886480419586705,-0.768046050195349,-1.25672875222194,-0.781787107289455,0.0400855594537447,0.0400855594542375,NaN,0.256818925102472,0.513180701537373,1.75137190196559,-0.0221121908871078,1.7513719019656,NaN,NaN,NaN,NaN,NaN,-1.59242970152203,NaN,NaN,NaN,NaN,NaN,NaN,NaN,NaN,NaN,NaN,NaN,1.13601645318625,-0.700124337879164,-0.405122573906617,-1.79704510366122,-0.308863378176444,0.241468088794659,-0.322489830542444,0.684597394422253,-0.273569928636625,-0.273569928637395,NaN,NaN,NaN,NaN,NaN,NaN,1.50376159588709,NaN,NaN,NaN,NaN,NaN
296.1408,-0.880550090747306,-0.743988072280604,-1.23832019629863,-0.826474725924742,0.0195988001338499,0.0195988001343877,NaN,0.250204835743728,0.528386581872657,1.71702612919592,0.0167901352185201,1.71702612919599,NaN,NaN,NaN,NaN,NaN,-1.60415038516028,NaN,NaN,NaN,NaN,NaN,NaN,NaN,NaN,NaN,NaN,NaN,1.16989097926821,-0.668408317580911,-0.431850171598718,-1.78424785328398,-0.277324987247659,0.206067220866139,-0.304443915834452,0.694877238698176,-0.253056518448111,-0.253056518448882,NaN,NaN,NaN,NaN,NaN,NaN,1.50344316542897,NaN,NaN,NaN,NaN,NaN
296.2432,-0.874996689864918,-0.719294632060055,-1.21993745202764,-0.871008955805818,-0.000764901821444446,-0.000764901820857994,NaN,0.245497298820378,0.544268086620015,1.67889655908675,0.0558060373250004,1.67889655908687,NaN,NaN,NaN,NaN,NaN,-1.61546496845704,NaN,NaN,NaN,NaN,NaN,NaN,NaN,NaN,NaN,NaN,NaN,1.20510429703907,-0.634913678172735,-0.46020476773665,-1.77092794481495,-0.246358531349155,0.171553373094579,-0.286385804872998,0.705054642284154,-0.232484832132776,-0.232484832133554,NaN,NaN,NaN,NaN,NaN,NaN,1.50184857489381,NaN,NaN,NaN,NaN,NaN
296.3456,-0.869872843616688,-0.693985207514322,-1.20164131998037,-0.915311808901022,-0.0209549807717145,-0.0209549807710825,NaN,0.242742766208394,0.560838335569078,1.63701806114364,0.0948886411279841,1.63701806114381,NaN,NaN,NaN,NaN,NaN,-1.62638353888635,NaN,NaN,NaN,NaN,NaN,NaN,NaN,NaN,NaN,NaN,NaN,1.24157178087403,-0.59968256506619,-0.490135414129887,-1.75707889742378,-0.21600931399998,0.137963998995895,-0.268359980251885,0.715196526863952,-0.211818607120533,-0.211818607121319,NaN,NaN,NaN,NaN,NaN,NaN,1.49893107789124,NaN,NaN,NaN,NaN,NaN
296.448,-0.865227607940098,-0.668081868661234,-1.18349054418645,-0.959303797960314,-0.0409229510721537,-0.0409229510714783,NaN,0.241980273341346,0.578105803202967,1.59144013055234,0.133990666629602,1.59144013055257,NaN,NaN,NaN,NaN,NaN,-1.63691803880993,NaN,NaN,NaN,NaN,NaN,NaN,NaN,NaN,NaN,NaN,NaN,1.27920155811533,-0.562762611246625,-0.521584264512429,-1.74269298413934,-0.186320484590389,0.105333028504781,-0.250411223619591,0.725372041318207,-0.191021024733879,-0.191021024734669,NaN,NaN,NaN,NaN,NaN,NaN,1.49464710864045,NaN,NaN,NaN,NaN,NaN
296.5504,-0.861106193874833,-0.64160926125801,-1.16554154041728,-1.00290408566659,-0.0606224178786065,-0.0606224178778833,NaN,0.24324137579621,0.596074282972178,1.54222671850453,0.173064581390673,1.5422267185048,NaN,NaN,NaN,NaN,NaN,-1.64708239781587,NaN,NaN,NaN,NaN,NaN,NaN,NaN,NaN,NaN,NaN,NaN,1.31789473789329,-0.52420694601717,-0.554486702059714,-1.7277614406687,-0.157332947779325,0.0736907830776238,-0.232584540562773,0.735652079974752,-0.170054855497987,-0.170054855498783,NaN,NaN,NaN,NaN,NaN,NaN,1.48895646222249,NaN,NaN,NaN,NaN,NaN
296.6528,-0.857549707271555,-0.614594590000748,-1.14784813751139,-1.04603065443366,-0.0800090631630899,-0.0800090631623251,NaN,0.246550131171696,0.61474289036968,1.48945598016442,0.212062733942814,1.48945598016474,NaN,NaN,NaN,NaN,NaN,-1.65689264072568,NaN,NaN,NaN,NaN,NaN,NaN,NaN,NaN,NaN,NaN,NaN,1.35754570074509,-0.484074162387699,-0.588771525970205,-1.71227469438264,-0.129085298942285,0.0430639157254808,-0.214925106366994,0.74610877321335,-0.148882623990492,-0.148882623991298,NaN,NaN,NaN,NaN,NaN,NaN,1.48182248281638,NaN,NaN,NaN,NaN,NaN
296.7552,-0.854594898134643,-0.587067599663443,-1.13046132685612,-1.0886005075185,-0.0990406034088632,-0.0990406034080538,NaN,0.251923126125036,0.634106104335356,1.43321993275363,0.25093747144175,1.433219932754,NaN,NaN,NaN,NaN,NaN,-1.66636695746506,NaN,NaN,NaN,NaN,NaN,NaN,NaN,NaN,NaN,NaN,NaN,1.39804245610149,-0.442428244331764,-0.624361198209299,-1.69622261720025,-0.101613774636826,0.0134753718095899,-0.197478214959924,0.756814955307558,-0.127466799536365,-0.127466799537177,NaN,NaN,NaN,NaN,NaN,NaN,1.47321224937258,NaN,NaN,NaN,NaN,NaN
296.8576,-0.852273928400334,-0.55906054762179,-1.11342902500703,-1.13052991289134,-0.117676719528397,-0.117676719527544,NaN,0.25936955355562,0.654153853293357,1.37362401295747,0.289641242345614,1.37362401295789,NaN,NaN,NaN,NaN,NaN,-1.67552572512885,NaN,NaN,NaN,NaN,NaN,NaN,NaN,NaN,NaN,NaN,NaN,1.43926707008369,-0.399338459086464,-0.661172145540653,-1.6795948036786,-0.074952208245483,-0.015055631561997,-0.180289213099682,0.767843613042604,-0.105770016306152,-0.105770016306971,NaN,NaN,NaN,NaN,NaN,NaN,1.46309674573903,NaN,NaN,NaN,NaN,NaN
296.96,-0.850614169921311,-0.530608161861794,-1.09679585762252,-1.17173469074644,-0.135878963340642,-0.135878963339745,NaN,0.268891350378514,0.674871661329852,1.31078652077451,0.328126681794178,1.31078652077497,NaN,NaN,NaN,NaN,NaN,-1.68439147561062,NaN,NaN,NaN,NaN,NaN,NaN,NaN,NaN,NaN,NaN,NaN,1.48109616259907,-0.354879212866568,-0.699115116020112,-1.66238087030614,-0.0491319858450699,-0.0425136083858418,-0.163403410453266,0.779267317048587,-0.083755319363645,-0.0837553193644738,NaN,NaN,NaN,NaN,NaN,NaN,1.45145100743468,NaN,NaN,NaN,NaN,NaN
297.0624,-0.849638040345918,-0.50174757784093,-1.08060296858603,-1.21213053645588,-0.153610646090325,-0.153610646089383,NaN,0.280483401130053,0.6962408686776,1.24483793978864,0.366346679631789,1.24483793978915,NaN,NaN,NaN,NaN,NaN,-1.69298880851891,NaN,NaN,NaN,NaN,NaN,NaN,NaN,NaN,NaN,NaN,NaN,1.5234014728165,-0.309129864689066,-0.738095591933839,-1.64457077007289,-0.0241820034182894,-0.0688867883497991,-0.146865967228375,0.791157634989214,-0.0613864271353612,-0.0613864271361893,NaN,NaN,NaN,NaN,NaN,NaN,1.43825424254491,NaN,NaN,NaN,NaN,NaN
297.1648,-0.849362884343296,-0.472518245727655,-1.06488785698685,-1.25163336639522,-0.170836722287337,-0.17083672228635,NaN,0.29413379523585,0.718238920383755,1.17592014694677,0.404254438763193,1.17592014694733,NaN,NaN,NaN,NaN,NaN,-1.70134425369538,NaN,NaN,NaN,NaN,NaN,NaN,NaN,NaN,NaN,NaN,NaN,1.56605048753357,-0.262174495355744,-0.778014255581651,-1.62615511186215,-0.000128630979582485,-0.0941670799224796,-0.130721766732947,0.803584527622117,-0.0386280026929942,-0.0386280026938221,NaN,NaN,NaN,NaN,NaN,NaN,1.42348992521695,NaN,NaN,NaN,NaN,NaN
297.2672,-0.849800908920129,-0.442961802147786,-1.04968424724878,-1.29015967181356,-0.18752369390244,-0.187523693901414,NaN,0.309824110870868,0.740839692198821,1.10418555250463,0.441803538421415,1.10418555250523,NaN,NaN,NaN,NaN,NaN,-1.70948608551655,NaN,NaN,NaN,NaN,NaN,NaN,NaN,NaN,NaN,NaN,NaN,1.60890711772306,-0.214101625862808,-0.818767500558741,-1.6071254638191,0.0230043121001114,-0.118350010223493,-0.115015279590986,0.816615736048725,-0.0154459341542717,-0.0154459341551009,NaN,NaN,NaN,NaN,NaN,NaN,1.4071458611304,NaN,NaN,NaN,NaN,NaN
297.3696,-0.850959177116628,-0.413121907381534,-1.03502199702036,-1.32762687223781,-0.203639553022907,-0.203639553021843,NaN,0.327529697039454,0.76401381992354,1.02979620423614,0.478948009905974,1.02979620423677,NaN,NaN,NaN,NaN,NaN,-1.71744408879895,NaN,NaN,NaN,NaN,NaN,NaN,NaN,NaN,NaN,NaN,NaN,1.65183240652043,-0.165003870714239,-0.860247986733841,-1.58747461346643,0.0451955758020814,-0.141434650305669,-0.0997904204413686,0.830316172590815,0.00819237134156433,0.00819237134073708,NaN,NaN,NaN,NaN,NaN,NaN,1.38921422669372,NaN,NaN,NaN,NaN,NaN
297.472,-0.852839659381535,-0.383044051817135,-1.02092704416646,-1.36395367094123,-0.219153757303726,-0.219153757302624,NaN,0.347219933123715,0.787729015057882,0.952922861089174,0.515642414505553,0.952922861089835,NaN,NaN,NaN,NaN,NaN,-1.72524927871566,NaN,NaN,NaN,NaN,NaN,NaN,NaN,NaN,NaN,NaN,NaN,1.69468525321296,-0.114977510496035,-0.902345241743957,-1.5671967624841,0.0664265071263278,-0.16342354511358,-0.0850903920603952,0.844747326144227,0.0323176760632426,0.0323176760624235,NaN,NaN,NaN,NaN,NaN,NaN,1.36969158665416,NaN,NaN,NaN,NaN,NaN
297.5744,-0.855439342366065,-0.352775331428476,-1.00742139248872,-1.39906041458261,-0.234037226146687,-0.234037226145548,NaN,0.368858456290611,0.811950361848943,0.873744037849489,0.551841909445119,0.87374403785018,NaN,NaN,NaN,NaN,NaN,-1.73293358423017,NaN,NaN,NaN,NaN,NaN,NaN,NaN,NaN,NaN,NaN,NaN,1.73732313213151,-0.0641219802310303,-0.944946307517911,-1.5462876480208,0.0866810984181928,-0.184322664814552,-0.0709575151444926,0.859966688908395,0.0569585791360714,0.0569585791352542,NaN,NaN,NaN,NaN,NaN,NaN,1.34857889779486,NaN,NaN,NaN,NaN,NaN
297.6768,-0.858750393315436,-0.322364191433407,-0.994523133981092,-1.43286945203958,-0.248262362134497,-0.248262362133322,NaN,0.392403361761876,0.836640596809235,0.792445038194578,0.587502301898781,0.792445038195297,NaN,NaN,NaN,NaN,NaN,-1.74052951193903,NaN,NaN,NaN,NaN,NaN,NaN,NaN,NaN,NaN,NaN,NaN,1.77960278762424,-0.0125392819923449,-0.98793642491984,-1.5247445943168,0.105946055112406,-0.204141379851994,-0.0574330496518025,0.876027203739996,0.08214116396024,0.0821411639594242,NaN,NaN,NaN,NaN,NaN,NaN,1.32588150417353,NaN,NaN,NaN,NaN,NaN
297.7792,-0.862760370960495,-0.29186014529756,-0.98224650267753,-1.46530549068824,-0.261803110529276,-0.261803110528063,NaN,0.417807392117851,0.861760377674817,0.709216989801325,0.622580100787693,0.709216989802076,NaN,NaN,NaN,NaN,NaN,-1.74806980632761,NaN,NaN,NaN,NaN,NaN,NaN,NaN,NaN,NaN,NaN,NaN,1.82138090607186,0.0396666650203595,-1.03119974703665,-1.50256650247923,0.12421087600869,-0.222892451805339,-0.0445570113841662,0.892976724000592,0.107888634704575,0.107888634703758,NaN,NaN,NaN,NaN,NaN,NaN,1.30160912067989,NaN,NaN,NaN,NaN,NaN
297.8816,-0.867452469136079,-0.261313484331031,-0.970601954933626,-1.49629595541986,-0.274635059753111,-0.274635059751861,NaN,0.445018130737265,0.887268546873426,0.624255880973501,0.657032571929007,0.624255880974288,NaN,NaN,NaN,NaN,NaN,-1.75558711306187,NaN,NaN,NaN,NaN,NaN,NaN,NaN,NaN,NaN,NaN,NaN,1.86251477677746,0.0923907150603889,-1.07462006530658,-1.4797537912524,0.141467942540832,-0.240592031762915,-0.032367979846414,0.910857481840645,0.134220954557794,0.134220954556979,NaN,NaN,NaN,NaN,NaN,NaN,1.27577579819122,NaN,NaN,NaN,NaN,NaN
297.984,-0.872805779251548,-0.230774994827587,-0.959596271787298,-1.52577135049171,-0.286735574378762,-0.286735574377478,NaN,0.473978205056983,0.913122387321671,0.537761602911947,0.690817792292191,0.537761602912773,NaN,NaN,NaN,NaN,NaN,-1.7631136444676,NaN,NaN,NaN,NaN,NaN,NaN,NaN,NaN,NaN,NaN,NaN,1.90286294117832,0.14552719216662,-1.1180815241587,-1.45630831060191,0.157712611021076,-0.257259656158623,-0.0209028962634205,0.929705575710047,0.161154496705367,0.161154496704553,NaN,NaN,NaN,NaN,NaN,NaN,1.24839987093885,NaN,NaN,NaN,NaN,NaN
298.0864,-0.878795558020256,-0.200295695091528,-0.949232676879189,-1.55366561321984,-0.298083948013935,-0.29808394801262,NaN,0.504625497350731,0.939277868338822,0.449937013585466,0.723894692509754,0.449937013586323,NaN,NaN,NaN,NaN,NaN,-1.77068084619103,NaN,NaN,NaN,NaN,NaN,NaN,NaN,NaN,NaN,NaN,NaN,1.94228581718884,0.19897055713734,-1.16146930042561,-1.43223325118613,0.172943292755501,-0.272918224378876,-0.0101968621437253,0.949550497871414,0.188701717887233,0.18870171788642,NaN,NaN,NaN,NaN,NaN,NaN,1.21950389404239,NaN,NaN,NaN,NaN,NaN
298.1888,-0.885393488719845,-0.169926595783832,-0.939510960491701,-1.57991644844723,-0.308661565475995,-0.308661565474651,NaN,0.536893357028612,0.965689883945397,0.36098703587462,0.756223077979405,0.360987035875515,NaN,NaN,NaN,NaN,NaN,-1.77831906799153,NaN,NaN,NaN,NaN,NaN,NaN,NaN,NaN,NaN,NaN,NaN,1.98064628733243,0.252616025073351,-1.20467023427003,-1.40753306337762,0.187161506768527,-0.287593944566782,-0.0002829520512371,0.970414716208117,0.216870863598226,0.216870863597412,NaN,NaN,NaN,NaN,NaN,NaN,1.18911457917851,NaN,NaN,NaN,NaN,NaN
298.2912,-0.892567927840743,-0.139718478708724,-0.930427599313432,-1.60446564182419,-0.318452066619888,-0.318452066618514,NaN,0.570710807971518,0.992312486838713,0.271117792443396,0.787763624256674,0.271117792444328,NaN,NaN,NaN,NaN,NaN,-1.78605724382258,NaN,NaN,NaN,NaN,NaN,NaN,NaN,NaN,NaN,NaN,NaN,2.0178102462233,0.306360126694567,-1.24757340717753,-1.38221339052336,0.200371900488217,-0.301316243989599,0.00880795456160724,0.992313309912573,0.245665711163656,0.245665711162849,NaN,NaN,NaN,NaN,NaN,NaN,1.15726273264254,NaN,NaN,NaN,NaN,NaN
298.3936,-0.900284131490636,-0.109721686594009,-0.921975862587477,-1.62725935450433,-0.327441503295856,-0.327441503294455,NaN,0.606002747365245,1.01909912064229,0.180535775505312,0.818477845142218,0.180535775506278,NaN,NaN,NaN,NaN,NaN,-1.79392258390518,NaN,NaN,NaN,NaN,NaN,NaN,NaN,NaN,NaN,NaN,NaN,2.05364710753128,0.360101210692674,-1.29007066528332,-1.35628101842335,0.212582241146044,-0.314117646482915,0.0170473248346502,1.01525365265807,0.275085353482607,0.275085353481804,NaN,NaN,NaN,NaN,NaN,NaN,1.12398319538867,NaN,NaN,NaN,NaN,NaN
298.496,-0.908504459232319,-0.0799859201466208,-0.914145900449036,-1.64824839942349,-0.335618479956984,-0.335618479955552,NaN,0.642690136688907,1.04600285171851,0.0894470493529032,0.84832803257569,0.0894470493539011,NaN,NaN,NaN,NaN,NaN,-1.80194028039154,NaN,NaN,NaN,NaN,NaN,NaN,NaN,NaN,NaN,NaN,NaN,2.08803027325906,0.413739886299593,-1.33205708779118,-1.32974384204212,0.223803380559028,-0.326033619558374,0.0244091093863675,1.03923514092434,0.305124024174104,0.305124024173308,NaN,NaN,NaN,NaN,NaN,NaN,1.08931478000533,NaN,NaN,NaN,NaN,NaN
298.5984,-0.917188559429837,-0.0505600446517099,-0.906924819561922,-1.66738849455025,-0.342974269512748,-0.34297426951129,NaN,0.680690187617366,1.07297659854091,-0.00194351333060739,0.877277173316967,-0.00194351332957412,NaN,NaN,NaN,NaN,NaN,-1.8101332342621,NaN,NaN,NaN,NaN,NaN,NaN,NaN,NaN,NaN,NaN,NaN,2.12083756901735,0.467179407961153,-1.37343140218438,-1.30261084885478,0.234049194565523,-0.337102393678486,0.0308698638418018,1.06424897061556,0.335770965238036,0.335770965237251,NaN,NaN,NaN,NaN,NaN,NaN,1.05330019822991,NaN,NaN,NaN,NaN,NaN
298.7008,-0.926293545143723,-0.0214919116735115,-0.90029675766836,-1.68464048496655,-0.349502895590856,-0.349502895589371,NaN,0.719916546554527,1.0999733545665,-0.0934329549767599,0.905288858593646,-0.0934329549757014,NaN,NaN,NaN,NaN,NaN,-1.8185218143162,NaN,NaN,NaN,NaN,NaN,NaN,NaN,NaN,NaN,NaN,NaN,2.15195164801865,0.520326004116313,-1.4140963482905,-1.27489211859297,0.243336498870916,-0.347364758562203,0.0364088520002896,1.09027797052277,0.367010340007338,0.367010340006565,NaN,NaN,NaN,NaN,NaN,NaN,1.01598597529421,NaN,NaN,NaN,NaN,NaN
298.8032,-0.935774168441916,0.0071717999631687,-0.894242966810365,-1.69997052783618,-0.355201174805923,-0.355201174804411,NaN,0.760279481421022,1.12694640098246,-0.184820910277726,0.93232720764548,-0.184820910276637,NaN,NaN,NaN,NaN,NaN,-1.82712364947517,NaN,NaN,NaN,NaN,NaN,NaN,NaN,NaN,NaN,NaN,NaN,2.18126036533559,0.573089151140483,-1.45395899282394,-1.24659884007727,0.251684945505301,-0.356863843976484,0.041008129253686,1.11729650435097,0.3988211942153,0.398821194214536,NaN,NaN,NaN,NaN,NaN,NaN,0.977422350317464,NaN,NaN,NaN,NaN,NaN
298.9056,-0.945582997316805,0.0353857241717123,-0.888741909106284,-1.71335023990253,-0.360068722995165,-0.360068722993628,NaN,0.801686071256116,1.15384950528436,-0.275910237248223,0.958356817997772,-0.275910237247108,NaN,NaN,NaN,NaN,NaN,-1.8359534468108,NaN,NaN,NaN,NaN,NaN,NaN,NaN,NaN,NaN,NaN,NaN,2.20865712389684,0.625381796302662,-1.49293099774978,-1.21774334373404,0.25911690529893,-0.365644891513039,0.0446526087507342,1.14527044855338,0.431177466292168,0.431177466291416,NaN,NaN,NaN,NaN,NaN,NaN,0.937663162593335,NaN,NaN,NaN,NaN,NaN
299.008,-0.955670598049485,0.0631059325813191,-0.883769365695223,-1.72475680896777,-0.364107938684584,-0.364107938683022,NaN,0.844040397371758,1.1806371014051,-0.3665076081262,0.983342744229521,-0.366507608125061,NaN,NaN,NaN,NaN,NaN,-1.84502283337777,NaN,NaN,NaN,NaN,NaN,NaN,NaN,NaN,NaN,NaN,NaN,2.23404119459671,0.677120538142618,-1.53092884879813,-1.18833914525586,0.265657339638466,-0.373755019807534,0.0473301138443795,1.17415724567359,0.464048045564335,0.464048045563596,NaN,NaN,NaN,NaN,NaN,NaN,0.896765723841614,NaN,NaN,NaN,NaN,NaN
299.1104,-0.965985725374988,0.0902900488253474,-0.879298558818376,-1.73417306901529,-0.367323976480226,-0.367323976478642,NaN,0.887243737725572,1.20726444971242,-0.456424067628036,1.00725050387026,-0.456424067626871,NaN,NaN,NaN,NaN,NaN,-1.85434022820496,NaN,NaN,NaN,NaN,NaN,NaN,NaN,NaN,NaN,NaN,NaN,2.25731801409461,0.728225772618316,-1.56787405065529,-1.15840099625939,0.271333662509564,-0.381242983027745,0.049031419201272,1.20390603133882,0.497396874780805,0.497396874780078,NaN,NaN,NaN,NaN,NaN,NaN,0.854790678545168,NaN,NaN,NaN,NaN,NaN
299.2128,-0.976475521505644,0.116897354837737,-0.875300286625843,-1.74158753499939,-0.369724718988664,-0.369724718987058,NaN,0.931194768623995,1.23368777892649,-0.545475562550173,1.03004611167094,-0.545475562548985,NaN,NaN,NaN,NaN,NaN,-1.86391075128464,NaN,NaN,NaN,NaN,NaN,NaN,NaN,NaN,NaN,NaN,NaN,2.27839946456026,0.778621807944866,-1.60369329281355,-1.1279449430753,0.276175589758239,-0.388158920403264,0.049750277134025,1.23445783713536,0.531183097002844,0.531183097002131,NaN,NaN,NaN,NaN,NaN,NaN,0.811801856091293,NaN,NaN,NaN,NaN,NaN
299.3152,-0.987085722100886,0.142888890106312,-0.871743068372879,-1.74699438936163,-0.371320753626885,-0.371320753625258,NaN,0.975789777677486,1.25986441568973,-0.633483441238324,1.05169614546985,-0.633483441237111,NaN,NaN,NaN,NaN,NaN,-1.87373617570143,NaN,NaN,NaN,NaN,NaN,NaN,NaN,NaN,NaN,NaN,NaN,2.29720413807287,0.828236946933898,-1.63831858884156,-1.09698839988194,0.280214964757586,-0.394554090474922,0.0494834149121641,1.26574587409437,0.565361257100213,0.565361257099521,NaN,NaN,NaN,NaN,NaN,NaN,0.76786611531259,NaN,NaN,NaN,NaN,NaN
299.4176,-0.997760862427677,0.168227542351963,-0.868593294331441,-1.75039341561753,-0.372125353038855,-0.372125353037199,NaN,1.0209228918399,1.2857529082447,-0.720274925768582,1.07216784729107,-0.720274925767348,NaN,NaN,NaN,NaN,NaN,-1.8838149280584,NaN,NaN,NaN,NaN,NaN,NaN,NaN,NaN,NaN,NaN,NaN,2.31365758451723,0.877003538419316,-1.67168739278462,-1.06555023915453,0.283485548344546,-0.400480583230376,0.0482304867048519,1.29769589867247,0.59988157069151,0.599881570690835,NaN,NaN,NaN,NaN,NaN,NaN,0.723053175068835,NaN,NaN,NaN,NaN,NaN
299.52,-1.00844447753279,0.192878126201212,-0.865815376301993,-1.75178988319334,-0.372154445796477,-0.3721544457948,NaN,1.06648632307071,1.31131314496514,-0.805683571896505,1.0914292596172,-0.805683571895253,NaN,NaN,NaN,NaN,NaN,-1.8941421361865,NaN,NaN,NaN,NaN,NaN,NaN,NaN,NaN,NaN,NaN,NaN,2.32769254056396,0.924858004366888,-1.70374269575787,-1.03365089296748,0.286022770686596,-0.405991010065726,0.045993975260995,1.33022666136256,0.634690262292451,0.634690262291794,NaN,NaN,NaN,NaN,NaN,NaN,0.677435419670183,NaN,NaN,NaN,NaN,NaN
299.6224,-1.01907929969628,0.216807448438827,-0.863371902610132,-1.75119438966065,-0.371426562251217,-0.37142656224952,NaN,1.11237063254374,1.33650646371047,-0.889549731867565,1.10944938786144,-0.889549731866294,NaN,NaN,NaN,NaN,NaN,-1.90470971708133,NaN,NaN,NaN,NaN,NaN,NaN,NaN,NaN,NaN,NaN,NaN,2.33924914132311,0.971740848637846,-1.7344331025075,-1.00131245474167,0.287863451890609,-0.411138178023782,0.0427790488812465,1.36325044440942,0.669729965796302,0.66972996579566,NaN,NaN,NaN,NaN,NaN,NaN,0.631087668529041,NaN,NaN,NaN,NaN,NaN
299.7248,-1.02960746272869,0.239984363651422,-0.86122380475038,-1.7486226639177,-0.369962749910424,-0.369962749908711,NaN,1.15846501573737,1.36129575058213,-0.971721022999025,1.12619837520918,-0.971721022997736,NaN,NaN,NaN,NaN,NaN,-1.91550649819799,NaN,NaN,NaN,NaN,NaN,NaN,NaN,NaN,NaN,NaN,NaN,2.34827511965185,1.01759664996094,-1.76371288618934,-0.968558774464959,0.289045500300074,-0.415974755528939,0.0385933827099335,1.39667370038345,0.704940182563448,0.70494018256283,NaN,NaN,NaN,NaN,NaN,NaN,0.58408690365015,NaN,NaN,NaN,NaN,NaN
299.8272,-1.0399707166182,0.262379826899729,-0.859330535533226,-1.74409533611248,-0.367786460857417,-0.367786460855692,NaN,1.20465761236012,1.3856455287812,-1.05205279669561,1.14164768088079,-1.0520527966943,NaN,NaN,NaN,NaN,NaN,-1.92651836834073,NaN,NaN,NaN,NaN,NaN,NaN,NaN,NaN,NaN,NaN,NaN,2.35472599594067,1.06237404109639,-1.79154202090248,-0.935415543338444,0.289607598867248,-0.420552935743995,0.0334469579551239,1.43039779253957,0.740257792928162,0.740257792927567,NaN,NaN,NaN,NaN,NaN,NaN,0.536511955662914,NaN,NaN,NaN,NaN,NaN
299.9296,-1.05011064447731,0.283966947195394,-0.857650249013649,-1.73763768227182,-0.364923418058131,-0.364923418056395,NaN,1.25083584421879,1.40952203565338,-1.13040859513742,1.15577026197163,-1.1304085951361,NaN,NaN,NaN,NaN,NaN,-1.93772845584287,NaN,NaN,NaN,NaN,NaN,NaN,NaN,NaN,NaN,NaN,NaN,2.35856525555449,1.10602567452068,-1.81788619090525,-0.901910365660838,0.289588891025132,-0.424924102935322,0.0273518558773533,1.46431981617535,0.775617609343591,0.77561760934302,NaN,NaN,NaN,NaN,NaN,NaN,0.48844315943263,NaN,NaN,NaN,NaN,NaN
300.032,-1.05996886821039,0.304721041159483,-0.856139969499374,-1.72927934939893,-0.36140147015697,-0.361401470155226,NaN,1.29688678250455,1.43289328419768,-1.20666057273917,1.16854076533473,-1.20666057273784,NaN,NaN,NaN,NaN,NaN,-1.94911733062255,NaN,NaN,NaN,NaN,NaN,NaN,NaN,NaN,NaN,NaN,NaN,2.35976450632052,1.1485081697588,-1.84271677232931,-0.868072819799965,0.28902867362712,-0.429138505746277,0.0203220572422789,1.49833346786667,0.810952951901522,0.810952951900974,NaN,NaN,NaN,NaN,NaN,NaN,0.439961998114873,NaN,NaN,NaN,NaN,NaN
300.1344,-1.06948723436968,0.324619686430258,-0.854755741679084,-1.71905406708335,-0.357250440623465,-0.357250440621712,NaN,1.3426975416273,1.45572910186637,-1.28068985970473,1.17993573303434,-1.28068985970339,NaN,NaN,NaN,NaN,NaN,-1.9606632246321,NaN,NaN,NaN,NaN,NaN,NaN,NaN,NaN,NaN,NaN,NaN,2.35830360756572,1.18978203578804,-1.8660107827154,-0.833934512221205,0.287966101124476,-0.4332449413176,0.0123732506515105,1.53232993125244,0.846196223353405,0.846196223352881,NaN,NaN,NaN,NaN,NaN,NaN,0.39115075284787,NaN,NaN,NaN,NaN,NaN
300.2368,-1.07860798245229,0.343642777886512,-0.853452762411474,-1.70699935528569,-0.352501967968165,-0.352501967966405,NaN,1.38815568781929,1.47800112992261,-1.35238685698067,1.1899338137289,-1.35238685697931,NaN,NaN,NaN,NaN,NaN,-1.9723422653971,NaN,NaN,NaN,NaN,NaN,NaN,NaN,NaN,NaN,NaN,NaN,2.35417076464262,1.22981156766604,-1.88775079777466,-0.79952912509443,0.286439907729212,-0.437290456687625,0.00352265519319369,1.56619875339341,0.881279458092056,0.88127945809155,NaN,NaN,NaN,NaN,NaN,NaN,0.342092166660359,NaN,NaN,NaN,NaN,NaN
300.3392,-1.08727390500387,0.361772589754011,-0.852185501541527,-1.69315623706681,-0.347189328940511,-0.347189328938745,NaN,1.43314964637321,1.49968276242326,-1.42165146329316,1.19851596586931,-1.42165146329179,NaN,NaN,NaN,NaN,NaN,-1.98412872051998,NaN,NaN,NaN,NaN,NaN,NaN,NaN,NaN,NaN,NaN,NaN,2.34736258652307,1.26856472408336,-1.90792483979673,-0.764892452911043,0.284488156969998,-0.441320074919935,-0.00621113289344952,1.59982869259272,0.916134822162538,0.916134822162052,NaN,NaN,NaN,NaN,NaN,NaN,0.292869123724191,NaN,NaN,NaN,NaN,NaN
300.4416,-1.09542850786611,0.378993842973178,-0.8509078200736,-1.6775689593358,-0.341347238102162,-0.341347238100392,NaN,1.47756910046418,1.52074901476186,-1.48839324086928,1.20566564370832,-1.48839324086791,NaN,NaN,NaN,NaN,NaN,-1.99599525426267,NaN,NaN,NaN,NaN,NaN,NaN,NaN,NaN,NaN,NaN,NaN,2.33788410837757,1.30601299641393,-1.92652624452673,-0.730062420666922,0.282148024704593,-0.445376550886081,-0.0168082634680104,1.63310852850766,0.950695052570405,0.950695052569938,NaN,NaN,NaN,NaN,NaN,NaN,0.243564342264022,NaN,NaN,NaN,NaN,NaN
300.544,-1.10301617435871,0.395293776384138,-0.849573090102479,-1.66028472074517,-0.335011619115689,-0.335011619113918,NaN,1.52130538856148,1.54117632639792,-1.55253152770207,1.21136896547323,-1.55253152770069,NaN,NaN,NaN,NaN,NaN,-2.00791319831737,NaN,NaN,NaN,NaN,NaN,NaN,NaN,NaN,NaN,NaN,NaN,2.32574878316704,1.34213127901214,-1.94355351217574,-0.695079075794785,0.279455615960576,-0.449500158321915,-0.028247727104496,1.66592783256148,0.98489383594399,0.984893835943545,NaN,NaN,NaN,NaN,NaN,NaN,0.194260079039691,NaN,NaN,NaN,NaN,NaN
300.6464,-1.1099823347455,0.410662222630671,-0.848134317320884,-1.64135340429916,-0.328219344043206,-0.328219344041438,NaN,1.56425191304373,1.56094231013836,-1.61399550193671,1.21561486675426,-1.61399550193531,NaN,NaN,NaN,NaN,NaN,-2.01985283817623,NaN,NaN,NaN,NaN,NaN,NaN,NaN,NaN,NaN,NaN,NaN,2.31097844270492,1.37689774464308,-1.95901014385382,-0.659984549255829,0.27644581427676,-0.453728508743799,-0.0405074247088494,1.69817770059692,1.01866613449208,1.01866613449166,NaN,NaN,NaN,NaN,NaN,NaN,0.145037842678254,NaN,NaN,NaN,NaN,NaN
300.7488,-1.11627364105836,0.425091688132663,-0.846544266518093,-1.62082731101177,-0.321007940091331,-0.321007940089562,NaN,1.60630456694996,1.58002546325383,-1.67272420167251,1.2183952422991,-1.67272420167111,NaN,NaN,NaN,NaN,NaN,-2.03178371476862,NaN,NaN,NaN,NaN,NaN,NaN,NaN,NaN,NaN,NaN,NaN,2.29360322362253,1.41029372076171,-1.97290445986038,-0.624822987587124,0.273152163870261,-0.458096403382225,-0.0535642130505878,1.72975145456804,1.05194847136847,1.05194847136807,NaN,NaN,NaN,NaN,NaN,NaN,0.0959781131073112,NaN,NaN,NaN,NaN,NaN
300.8512,-1.12183814499788,0.438577429085567,-0.844755592131389,-1.59876089208321,-0.313415269869807,-0.313415269868035,NaN,1.64736217099046,1.59840485665508,-1.72866650308237,1.21970507750195,-1.72866650308095,NaN,NaN,NaN,NaN,NaN,-2.04367493727045,NaN,NaN,NaN,NaN,NaN,NaN,NaN,NaN,NaN,NaN,NaN,2.27366145313252,1.44230355892847,-1.98524939590296,-0.589640462929659,0.269606785144492,-0.46263571876433,-0.0673939259873398,1.76054531981282,1.08467918419828,1.0846791841979,NaN,NaN,NaN,NaN,NaN,NaN,0.0471600678144548,NaN,NaN,NaN,NaN,NaN
300.9536,-1.1266254762484,0.451117512325129,-0.842720977195597,-1.57521048167066,-0.305479199340116,-0.305479199338343,NaN,1.68732689616917,1.61605982168732,-1.78178105716836,1.21954256704694,-1.78178105716693,NaN,NaN,NaN,NaN,NaN,-2.05549549790939,NaN,NaN,NaN,NaN,NaN,NaN,NaN,NaN,NaN,NaN,NaN,2.25119949157553,1.47291449589392,-1.99606228068925,-0.554484868753682,0.265840323150865,-0.46737532536805,-0.0819713714062768,1.79045907433239,1.11679864932697,1.11679864932661,NaN,NaN,NaN,NaN,NaN,NaN,-0.00133867859323351,NaN,NaN,NaN,NaN,NaN
301.056,-1.13058702236329,0.462712860016626,-0.84039328235016,-1.55023403766235,-0.297237273101769,-0.297237273100001,NaN,1.72610464166565,1.6329696611408,-1.83203617903912,1.21790921677977,-1.83203617903767,NaN,NaN,NaN,NaN,NaN,-2.06721457771246,NaN,NaN,NaN,NaN,NaN,NaN,NaN,NaN,NaN,NaN,NaN,2.2262715302435,1.50211651731924,-2.00536461003624,-0.519405805838954,0.261881930121323,-0.472341039339443,-0.0972703014943952,1.81939665705588,1.14824948104269,1.14824948104235,NaN,NaN,NaN,NaN,NaN,NaN,-0.0494423127328609,NaN,NaN,NaN,NaN,NaN
301.1584,-1.1336761132328,0.473367288934806,-0.837725702103368,-1.52389089952949,-0.288726413941642,-0.288726413939876,NaN,1.76360534725158,1.64911340976976,-1.87940968298438,1.21480992919689,-1.87940968298292,NaN,NaN,NaN,NaN,NaN,-2.07880183628273,NaN,NaN,NaN,NaN,NaN,NaN,NaN,NaN,NaN,NaN,NaN,2.1989393461032,1.52990223898005,-2.01318183680894,-0.484454462868928,0.257759283202646,-0.477555606924802,-0.113263353449465,1.84726672198922,1.17897671569763,1.17897671569729,NaN,NaN,NaN,NaN,NaN,NaN,-0.0970770329631013,NaN,NaN,NaN,NaN,NaN
301.2608,-1.13584820981948,0.483087551807859,-0.834671924101006,-1.4962415667251,-0.279982652460316,-0.279982652458553,NaN,1.79974323517425,1.66446965253701,-1.92388866703884,1.21025307812764,-1.92388866703736,NaN,NaN,NaN,NaN,NaN,-2.09022768417339,NaN,NaN,NaN,NaN,NaN,NaN,NaN,NaN,NaN,NaN,NaN,2.16927202030031,1.55626680607639,-2.01954318511246,-0.449683503409081,0.25349863070138,-0.483038715383518,-0.129921966228591,1.87398313013631,1.20892798814767,1.20892798814735,NaN,NaN,NaN,NaN,NaN,NaN,-0.144171230929125,NaN,NaN,NaN,NaN,NaN
301.3632,-1.13706109762116,0.49188337711176,-0.831186293751033,-1.46734749076807,-0.27104088195865,-0.271040881956889,NaN,1.8344369879769,1.67901638966359,-1.96546925859445,1.20425057697351,-1.96546925859297,NaN,NaN,NaN,NaN,NaN,-2.10146353825976,NaN,NaN,NaN,NaN,NaN,NaN,NaN,NaN,NaN,NaN,NaN,2.13734562928236,1.58120779492598,-2.02448148107845,-0.415146974123016,0.249124850590709,-0.488807018007395,-0.147216290755501,1.89946537640527,1.23805369711047,1.23805369711017,NaN,NaN,NaN,NaN,NaN,NaN,-0.190655646469352,NaN,NaN,NaN,NaN,NaN
301.4656,-1.13727509265276,0.49976750191482,-0.827223994535958,-1.43727086981803,-0.261934630784346,-0.261934630782585,NaN,1.86760987308392,1.69273093233965,-2.00415632736769,1.19681793634269,-2.00415632736619,NaN,NaN,NaN,NaN,NaN,-2.11248206117962,NaN,NaN,NaN,NaN,NaN,NaN,NaN,NaN,NaN,NaN,NaN,2.10324291349769,1.60472510274504,-2.02803298582167,-0.380900236376537,0.244661505375721,-0.494874163443833,-0.165115113836081,1.92363895308279,1.26630714773862,1.26630714773833,NaN,NaN,NaN,NaN,NaN,NaN,-0.236463501129832,NaN,NaN,NaN,NaN,NaN
301.568,-1.1364532679421,0.506755698651683,-0.822741251220867,-1.4060744415997,-0.252695849122978,-0.252695849121216,NaN,1.89918982646865,1.70558982111103,-2.03996316312167,1.18797429870688,-2.03996316312015,NaN,NaN,NaN,NaN,NaN,-2.12325738498232,NaN,NaN,NaN,NaN,NaN,NaN,NaN,NaN,NaN,NaN,NaN,2.06705292293393,1.62682082473221,-2.03023722014581,-0.346999906692526,0.240130886058616,-0.501250826856107,-0.18358580780462,1.94643565440249,1.29364466083913,1.29364466083886,NaN,NaN,NaN,NaN,NaN,NaN,-0.281530618055077,NaN,NaN,NaN,NaN,NaN
301.6704,-1.1345616985458,0.512866798831589,-0.817695552455251,-1.37382127595751,-0.243354715468378,-0.243354715466614,NaN,1.9291095103382,1.71756877086422,-2.07291111531772,1.17774243777804,-2.0729111153162,NaN,NaN,NaN,NaN,NaN,-2.13376531124932,NaN,NaN,NaN,NaN,NaN,NaN,NaN,NaN,NaN,NaN,NaN,2.02887063397453,1.64749912358116,-2.03113677491446,-0.313503788154372,0.23555404376103,-0.507944742628174,-0.202594308564543,1.96779382976418,1.32002564619457,1.32002564619433,NaN,NaN,NaN,NaN,NaN,NaN,-0.325795536897817,NaN,NaN,NaN,NaN,NaN
301.7728,-1.13156971625031,0.518122711527808,-0.812045885428019,-1.34057456280297,-0.233939471330021,-0.233939471328254,NaN,1.9573063548934,1.72864265202307,-2.10302919853347,1.16614871625833,-2.10302919853194,NaN,NaN,NaN,NaN,NaN,-2.14398347372448,NaN,NaN,NaN,NaN,NaN,NaN,NaN,NaN,NaN,NaN,NaN,1.98879652849865,1.66676608994049,-2.03077710028594,-0.280470784904683,0.23095081008762,-0.514960737841418,-0.222105118647291,1.98765859363325,1.34541264629047,1.34541264629024,NaN,NaN,NaN,NaN,NaN,NaN,-0.369199628862615,NaN,NaN,NaN,NaN,NaN
301.8752,-1.1274501640833,0.52254842953653,-0.805752976858738,-1.30639738894091,-0.224476287926081,-0.224476287924309,NaN,1.98372257681845,1.73878551140126,-2.13035367006576,1.15322299929697,-2.13035367006422,NaN,NaN,NaN,NaN,NaN,-2.15389145912746,NaN,NaN,NaN,NaN,NaN,NaN,NaN,NaN,NaN,NaN,NaN,1.94693612636374,1.68462958895437,-2.02920627062979,-0.247960803101211,0.226339814856574,-0.52230077126647,-0.242081323511998,2.0059819944906,1.36977136036822,1.36977136036802,NaN,NaN,NaN,NaN,NaN,NaN,-0.41168720976952,NaN,NaN,NaN,NaN,NaN
301.9776,-1.12217963968528,0.526172016593544,-0.79877953331139,-1.27135250469814,-0.214989162895994,-0.214989162894214,NaN,2.0083051573684,1.74797062621604,-2.15492758170286,1.1389985211712,-2.15492758170132,NaN,NaN,NaN,NaN,NaN,-2.1634708973976,NaN,NaN,NaN,NaN,NaN,NaN,NaN,NaN,NaN,NaN,NaN,1.9033994671696,1.7010990949582,-2.02647473184054,-0.216034645053737,0.221738516006257,-0.529963989290917,-0.262484605406014,2.0227231404845,1.39307065377346,1.39307065377327,NaN,NaN,NaN,NaN,NaN,NaN,-0.453205645490908,NaN,NaN,NaN,NaN,NaN
302.08,-1.11573871788114,0.529024572142033,-0.791090473413819,-1.23550208432724,-0.205499844631211,-0.205499844629425,NaN,2.03100577453496,1.75617058372704,-2.17680030497029,1.12351170509183,-2.17680030496873,NaN,NaN,NaN,NaN,NaN,-2.17270553345295,NaN,NaN,NaN,NaN,NaN,NaN,NaN,NaN,NaN,NaN,NaN,1.85830054327635,1.71618552252912,-2.02263504142096,-0.18475389850236,0.217163249132646,-0.537946807190961,-0.283275250576805,2.0378482817231,1.41528255083151,1.41528255083134,NaN,NaN,NaN,NaN,NaN,NaN,-0.493705447349429,NaN,NaN,NaN,NaN,NaN
302.1824,-1.10811214659614,0.531140170529755,-0.782653148013629,-1.19890747938854,-0.196027784629988,-0.196027784628199,NaN,2.05178069957823,1.7633573845882,-2.19602703157836,1.1068019415587,-2.19602703157679,NaN,NaN,NaN,NaN,NaN,-2.18158128150598,NaN,NaN,NaN,NaN,NaN,NaN,NaN,NaN,NaN,NaN,NaN,1.81175669049667,1.72990106337729,-2.01774160763417,-0.154180814630576,0.212629291472544,-0.546243015443987,-0.304412160444626,2.05133085230794,1.43638221082507,1.43638221082491,NaN,NaN,NaN,NaN,NaN,NaN,-0.533140359276815,NaN,NaN,NaN,NaN,NaN
302.2848,-1.09928901320721,0.532555767469091,-0.773437549267036,-1.16162895941597,-0.186590120490399,-0.186590120488603,NaN,2.07059067483632,1.7695025731838,-2.21266825025348,1.08891133122804,-2.21266825025191,NaN,NaN,NaN,NaN,NaN,-2.19008625717619,NaN,NaN,NaN,NaN,NaN,NaN,NaN,NaN,NaN,NaN,NaN,1.76388794176612,1.74225903999467,-2.0118504297249,-0.124378159451183,0.208150932246312,-0.554843908722953,-0.325852880668446,2.06315147397516,1.45634789352311,1.45634789352296,NaN,NaN,NaN,NaN,NaN,NaN,-0.571467439847565,NaN,NaN,NaN,NaN,NaN
302.3872,-1.08926288358733,0.533311065096984,-0.76341651540688,-1.12372543212258,-0.177201694093888,-0.177201694092088,NaN,2.08740079180088,1.77457740522385,-2.22678919434699,1.06988439044598,-2.22678919434541,NaN,NaN,NaN,NaN,NaN,-2.19821078625828,NaN,NaN,NaN,NaN,NaN,NaN,NaN,NaN,NaN,NaN,NaN,1.71481634035566,1.75327379240726,-2.00501884029552,-0.0954090126567361,0.203741550168436,-0.563738442245717,-0.347553652859313,2.07329792032616,1.47516092462032,1.47516092462018,NaN,NaN,NaN,NaN,NaN,NaN,-0.608647141527849,NaN,NaN,NaN,NaN,NaN
302.4896,-1.0780319209248,0.533448336975251,-0.752565937277236,-1.08525413872103,-0.167875109200067,-0.167875109198259,NaN,2.10218038553547,1.77855306841938,-2.23845925114686,1.04976771102204,-2.23845925114528,NaN,NaN,NaN,NaN,NaN,-2.20594739532027,NaN,NaN,NaN,NaN,NaN,NaN,NaN,NaN,NaN,NaN,NaN,1.66466520180682,1.76296061869737,-1.99730525394849,-0.0673364853466437,0.199413709883831,-0.572913426169497,-0.369469478739622,2.08176503952128,1.49280566984068,1.49280566984055,NaN,NaN,NaN,NaN,NaN,NaN,-0.644643388022677,NaN,NaN,NaN,NaN,NaN
302.592,-1.06559898782523,0.533012228041534,-0.740864962066453,-1.04627032757573,-0.158620825485738,-0.158620825483926,NaN,2.11490295081,1.78140096563374,-2.24775132803024,1.0286095673997,-2.24775132802865,NaN,NaN,NaN,NaN,NaN,-2.21329079257183,NaN,NaN,NaN,NaN,NaN,NaN,NaN,NaN,NaN,NaN,NaN,1.61355831713949,1.77133578011908,-1.98876892777855,-0.0402233468803206,0.195179287327169,-0.582353763495563,-0.391554183053429,2.08855463264124,1.50926951989863,1.5092695198985,NaN,NaN,NaN,NaN,NaN,NaN,-0.679423650649339,NaN,NaN,NaN,NaN,NaN
302.6944,-1.05197172941752,0.532049543220676,-0.728296184804564,-1.00682691405686,-0.1494472791918,-0.149447279189981,NaN,2.12554607466582,1.78309305614738,-2.254741172442,1.00645946881481,-2.25474117244041,NaN,NaN,NaN,NaN,NaN,-2.22023784330718,NaN,NaN,NaN,NaN,NaN,NaN,NaN,NaN,NaN,NaN,NaN,1.56161909671907,1.77841656460889,-1.97946973609088,-0.0141315749226085,0.191049621424194,-0.592042725953185,-0.413760473056083,2.09367528509117,1.52454288036711,1.52454288036698,NaN,NaN,NaN,NaN,NaN,NaN,-0.712959027458637,NaN,NaN,NaN,NaN,NaN
302.7968,-1.03716263588257,0.530609022804134,-0.714845827107954,-0.96697413559272,-0.14036102348168,-0.140361023479856,NaN,2.13409137846136,1.78360224113422,-2.25950664366563,0.983367657668468,-2.25950664366403,NaN,NaN,NaN,NaN,NaN,-2.22678753444437,NaN,NaN,NaN,NaN,NaN,NaN,NaN,NaN,NaN,NaN,NaN,1.50896965799966,1.7842213914038,-1.96946795435118,0.0108781497702328,0.187035684694039,-0.601962257748201,-0.436039996399409,2.09714215612179,1.53861915736559,1.53861915736549,NaN,NaN,NaN,NaN,NaN,NaN,-0.745224329114394,NaN,NaN,NaN,NaN,NaN
302.8992,-1.02118908289936,0.528741093438172,-0.700503907625466,-0.926759216992254,-0.131366884870867,-0.131366884869038,NaN,2.14052446865993,1.78290277110535,-2.26212695180538,0.959384564968844,-2.26212695180379,NaN,NaN,NaN,NaN,NaN,-2.23294091784139,NaN,NaN,NaN,NaN,NaN,NaN,NaN,NaN,NaN,NaN,NaN,1.45572987561715,1.78876992142766,-1.95882403339982,0.0347469731080165,0.183148268965007,-0.612093295634179,-0.458343389480087,2.09897674339478,1.55149473351512,1.55149473351503,NaN,NaN,NaN,NaN,NaN,NaN,-0.77619816544474,NaN,NaN,NaN,NaN,NaN
303.0016,-1.00407334395945,0.526497590707089,-0.685264400502876,-0.886226069680976,-0.122468125838133,-0.122468125836294,NaN,2.1448349017382,1.7809706473078,-2.26268190429102,0.934560250726643,-2.26268190428942,NaN,NaN,NaN,NaN,NaN,-2.23870102540514,NaN,NaN,NaN,NaN,NaN,NaN,NaN,NaN,NaN,NaN,NaN,1.40201644118623,1.79208312489441,-1.94759834168048,0.0574183739693986,0.179398181474306,-0.622416090184999,-0.48062030536433,2.0992066401955,1.56316893375913,1.56316893375905,NaN,NaN,NaN,NaN,NaN,NaN,-0.805863011965869,NaN,NaN,NaN,NaN,NaN
303.104,-0.985842568641763,0.523931462681328,-0.669125371242621,-0.845415043901777,-0.11366659859958,-0.113666598597731,NaN,2.14701616829467,1.77778399983224,-2.26125120047724,0.908943867215014,-2.26125120047564,NaN,NaN,NaN,NaN,NaN,-2.24407275327054,NaN,NaN,NaN,NaN,NaN,NaN,NaN,NaN,NaN,NaN,NaN,1.34794198815412,1.79418328983189,-1.93585088224732,0.078838609278204,0.175796443611807,-0.632910517901263,-0.502819423390637,2.09786529081957,1.57364398338195,1.57364398338188,NaN,NaN,NaN,NaN,NaN,NaN,-0.834205232986074,NaN,NaN,NaN,NaN,NaN
303.2064,-0.966528728958914,0.521096470407518,-0.652089083539377,-0.804362737837669,-0.104962880127642,-0.104962880125785,NaN,2.14706569458447,1.77332344287169,-2.25791379545728,0.882583175572905,-2.25791379545567,NaN,NaN,NaN,NaN,NaN,-2.24906271835024,NaN,NaN,NaN,NaN,NaN,NaN,NaN,NaN,NaN,NaN,NaN,1.29361430684508,1.7950940034033,-1.92364102155143,0.0989570952867578,0.172354486211807,-0.643556387899275,-0.524888458610711,2.09499173935511,1.58292496028064,1.58292496028058,NaN,NaN,NaN,NaN,NaN,NaN,-0.861215049680115,NaN,NaN,NaN,NaN,NaN
303.3088,-0.946168543007112,0.518046898313118,-0.634162079093514,-0.763101864023392,-0.0963563870299225,-0.0963563870280566,NaN,2.14498485041098,1.76757240632739,-2.25274734488417,0.855524130806205,-2.25274734488256,NaN,NaN,NaN,NaN,NaN,-2.25367910022753,NaN,NaN,NaN,NaN,NaN,NaN,NaN,NaN,NaN,NaN,NaN,1.23913564173874,1.79484013678418,-1.9110272572343,0.117726735487154,0.169084336230685,-0.654333751798613,-0.546774193984615,2.09063036500269,1.59101974056574,1.5910197405657,NaN,NaN,NaN,NaN,NaN,NaN,-0.886886455562028,NaN,NaN,NaN,NaN,NaN
303.4112,-0.924803381615477,0.514837279907376,-0.61535523302378,-0.721661182395144,-0.0878454748931759,-0.0878454748913005,NaN,2.14077894635443,1.76051742980469,-2.24582773456144,0.827810542214367,-2.24582773455984,NaN,NaN,NaN,NaN,NaN,-2.25793148373498,NaN,NaN,NaN,NaN,NaN,NaN,NaN,NaN,NaN,NaN,NaN,1.18460205735936,1.7934478323678,-1.89806702427956,0.135104194068274,0.165998788171519,-0.66522321656533,-0.568422549115502,2.08483059614809,1.59793893440644,1.59793893440641,NaN,NaN,NaN,NaN,NaN,NaN,-0.911217088285719,NaN,NaN,NaN,NaN,NaN
303.5136,-0.90247915063654,0.51152213703846,-0.595683778737532,-0.680065510891338,-0.0794275303028344,-0.0794275303009488,NaN,2.1344572077016,1.75214840607279,-2.23722867653192,0.799483815236545,-2.23722867653033,NaN,NaN,NaN,NaN,NaN,-2.26183070806625,NaN,NaN,NaN,NaN,NaN,NaN,NaN,NaN,NaN,NaN,NaN,1.13010286833902,1.79094448290416,-1.88481653030175,0.15105011142689,0.163111556916503,-0.676206253712138,-0.58977868348567,2.07764659253134,1.60369581265504,1.60369581265501,NaN,NaN,NaN,NaN,NaN,NaN,-0.934208064081906,NaN,NaN,NaN,NaN,NaN
303.616,-0.879246134809001,0.508155727870166,-0.575167291313796,-0.638335815367426,-0.0710990626313067,-0.0710990626294098,NaN,2.12603272606733,1.7424587757631,-2.22702134841879,0.770582773893635,-2.2270213484172,NaN,NaN,NaN,NaN,NaN,-2.26538871683531,NaN,NaN,NaN,NaN,NaN,NaN,NaN,NaN,NaN,NaN,NaN,1.07572013918924,1.78735870660603,-1.87133061970992,0.165529268932488,0.160437416330746,-0.687265501036226,-0.610787119621238,2.0691368854943,1.60830623105397,1.60830623105395,NaN,NaN,NaN,NaN,NaN,NaN,-0.955863776087695,NaN,NaN,NaN,NaN,NaN
303.7184,-0.855158798002008,0.504791801248609,-0.553829625649093,-0.596489372349133,-0.0628557974864924,-0.0628557974845852,NaN,2.11552239849701,1.73144568498015,-2.21527407997429,0.741143551742503,-2.2152740799727,NaN,NaN,NaN,NaN,NaN,-2.26861839764001,NaN,NaN,NaN,NaN,NaN,NaN,NaN,NaN,NaN,NaN,NaN,1.02152826989805,1.78272033240474,-1.85766267300649,0.178510717330775,0.157992329082823,-0.698385053392252,-0.631391869750479,2.05936397230346,1.61178855980825,1.61178855980825,NaN,NaN,NaN,NaN,NaN,NaN,-0.976191658874026,NaN,NaN,NaN,NaN,NaN
303.8208,-0.830275546623848,0.501483359567819,-0.531698814760675,-0.554539991788237,-0.0546927715975286,-0.0546927715956116,NaN,2.10294686055724,1.71911011627293,-2.20205210658413,0.71119953855485,-2.20205210658255,NaN,NaN,NaN,NaN,NaN,-2.27153340180793,NaN,NaN,NaN,NaN,NaN,NaN,NaN,NaN,NaN,NaN,NaN,0.967593683644295,1.77706039849869,-1.84386453744929,0.189967879826103,0.155793562256759,-0.709550729632897,-0.651536559670909,2.04839386991973,1.61416362158775,1.61416362158775,NaN,NaN,NaN,NaN,NaN,NaN,-0.995201928151316,NaN,NaN,NaN,NaN,NaN
303.9232,-0.804658465396331,0.498282433026486,-0.508806935548398,-0.512498280026976,-0.0466044295813149,-0.0466044295793893,NaN,2.0883304150808,1.70545699750441,-2.187417391485,0.680781379250438,-2.18741739148343,NaN,NaN,NaN,NaN,NaN,-2.27414794479105,NaN,NaN,NaN,NaN,NaN,NaN,NaN,NaN,NaN,NaN,NaN,0.913974619676127,1.77041114605508,-1.82998646813064,0.19987863113762,0.153859771780465,-0.720750295305701,-0.671164557657633,2.03629564453087,1.61545463524803,1.61545463524803,NaN,NaN,NaN,NaN,NaN,NaN,-1.012907310545,NaN,NaN,NaN,NaN,NaN
304.0256,-0.7783730311022,0.495239864490864,-0.485189947811403,-0.470371922104639,-0.0385847207633028,-0.0385847207613678,NaN,2.07170095930248,1.69049528680891,-2.17142850305231,0.649917025128533,-2.17142850305075,NaN,NaN,NaN,NaN,NaN,-2.27647659794182,NaN,NaN,NaN,NaN,NaN,NaN,NaN,NaN,NaN,NaN,NaN,0.860721027389043,1.76280598578677,-1.81607705840895,0.208225347025685,0.152211039844949,-0.731973626116808,-0.690219121311625,2.02314093888696,1.61568715806309,1.61568715806309,NaN,NaN,NaN,NaN,NaN,NaN,-1.02932278012556,NaN,NaN,NaN,NaN,NaN
304.128,-0.751487808297561,0.492405101644415,-0.460887512105306,-0.428165970659392,-0.0306271926547413,-0.0306271926527969,NaN,2.05308991451449,1.67423802628559,-2.15414054352359,0.618631830893445,-2.15414054352203,NaN,NaN,NaN,NaN,NaN,-2.27853408331518,NaN,NaN,NaN,NaN,NaN,NaN,NaN,NaN,NaN,NaN,NaN,0.807874561552851,1.75427942970024,-1.80218315424923,0.214994919584283,0.150868859997883,-0.74321280860812,-0.70864356873407,2.00900351409923,1.61488901837424,1.61488901837424,NaN,NaN,NaN,NaN,NaN,NaN,-1.0444653149432,NaN,NaN,NaN,NaN,NaN
304.2304,-0.724074131084613,0.489825996419716,-0.435942790372385,-0.385883138155676,-0.0227250800186504,-0.0227250800166957,NaN,2.03253216196387,1.65670235828975,-2.13560513635337,0.586948686821304,-2.13560513635183,NaN,NaN,NaN,NaN,NaN,-2.28033507215673,NaN,NaN,NaN,NaN,NaN,NaN,NaN,NaN,NaN,NaN,NaN,0.755468678727008,1.74486699147368,-1.78834975710999,0.220178737073343,0.149856071571863,-0.754462180717327,-0.72638147419297,1.99395881275483,1.61309023516882,1.61309023516883,NaN,NaN,NaN,NaN,NaN,NaN,-1.05835368005641,NaN,NaN,NaN,NaN,NaN
304.3328,-0.696205771868997,0.487548615882359,-0.410402228027571,-0.343524091749251,-0.0148713894183386,-0.0148713894163738,NaN,2.01006598911535,1.63790950592685,-2.11587047096454,0.554888182593468,-2.11587047096301,NaN,NaN,NaN,NaN,NaN,-2.28189397463854,NaN,NaN,NaN,NaN,NaN,NaN,NaN,NaN,NaN,NaN,NaN,0.703528830138349,1.73460506048662,-1.77461992037404,0.223772629151311,0.149196743117896,-0.765718314173856,-0.743376891688322,1.97808354528024,1.61032292856621,1.61032292856622,NaN,NaN,NaN,NaN,NaN,NaN,-1.07100823978224,NaN,NaN,NaN,NaN,NaN
304.4352,-0.667958593033927,0.48561706676473,-0.384315312434707,-0.301087747777885,-0.00705897762130391,-0.00705897761932795,NaN,1.98573304683264,1.61788472038408,-2.09498139355709,0.522468810536553,-2.09498139355556,NaN,NaN,NaN,NaN,NaN,-2.28322470738483,NaN,NaN,NaN,NaN,NaN,NaN,NaN,NaN,NaN,NaN,NaN,0.652072746646645,1.72353075452628,-1.76103464286947,0.225776780583934,0.148915999790593,-0.77697993780602,-0.759574615884429,1.96145529938059,1.60662123014078,1.6066212301408,NaN,NaN,NaN,NaN,NaN,NaN,-1.08245080223925,NaN,NaN,NaN,NaN,NaN
304.5376,-0.639410177295242,0.484073331872595,-0.357734304647364,-0.258571562362669,0.000719378077740574,0.000719378079726947,NaN,1.95957830974156,1.59665718974725,-2.07297953937634,0.489707217839671,-2.07297953937482,NaN,NaN,NaN,NaN,NaN,-2.28434043808624,NaN,NaN,NaN,NaN,NaN,NaN,NaN,NaN,NaN,NaN,NaN,0.601110817008994,1.71168175429123,-1.74763275997976,0.226195617930898,0.149039790273072,-0.788247800178447,-0.774920487604082,1.94415216880832,1.60202120044732,1.60202120044735,NaN,NaN,NaN,NaN,NaN,NaN,-1.09270449791972,NaN,NaN,NaN,NaN,NaN
304.64,-0.610639436687195,0.482957118687155,-0.330713944195539,-0.215971815931866,0.00847091970961715,0.00847091971161035,NaN,1.93165002981415,1.57425990245474,-2.04990350998544,0.456618506409978,-2.04990350998394,NaN,NaN,NaN,NaN,NaN,-2.28525331957868,NaN,NaN,NaN,NaN,NaN,NaN,NaN,NaN,NaN,NaN,NaN,0.550646560998013,1.69909611831635,-1.7344508284329,0.225037672841802,0.149594593898173,-0.799524471424234,-0.789361742300312,1.9262523966456,1.59656075419273,1.59656075419275,NaN,NaN,NaN,NaN,NaN,NaN,-1.10179368911607,NaN,NaN,NaN,NaN,NaN
304.7424,-0.581726200757948,0.482305725926636,-0.303311124426864,-0.173283888221648,0.0162028646613053,0.0162028646633068,NaN,1.90199967866974,1.5507294686687,-2.02578909049642,0.423216565883314,-2.02578909049492,NaN,NaN,NaN,NaN,NaN,-2.2859742288132,NaN,NaN,NaN,NaN,NaN,NaN,NaN,NaN,NaN,NaN,NaN,0.500677187831937,1.68581207685754,-1.72152300066458,0.222315425744288,0.150607074119639,-0.810814088180196,-0.802847393830131,1.90783403252626,1.59027958809393,1.59027958809396,NaN,NaN,NaN,NaN,NaN,NaN,-1.10974390176904,NaN,NaN,NaN,NaN,NaN
304.8448,-0.552750781720236,0.482153934513379,-0.275584532831263,-0.130502518064932,0.0239223888982092,0.0239223889002185,NaN,1.87068187575206,1.52610591141359,-2.00066948961812,0.389514421928317,-2.00066948961664,NaN,NaN,NaN,NaN,NaN,-2.28651252296393,NaN,NaN,NaN,NaN,NaN,NaN,NaN,NaN,NaN,NaN,NaN,0.451194217866032,1.67186780772117,-1.70888088890969,0.218045134722985,0.15210368986128,-0.822122053150761,-0.815328644975002,1.88897460701148,1.58321910747328,1.58321910747332,NaN,NaN,NaN,NaN,NaN,NaN,-1.11658176980105,NaN,NaN,NaN,NaN,NaN
304.9472,-0.523793518080506,0.482533926052727,-0.247594256168968,-0.0876220445356698,0.031636646749603,0.0316366467516219,NaN,1.83775429528244,1.50043243661562,-1.97457558639909,0.355524587844916,-1.97457558639761,NaN,NaN,NaN,NaN,NaN,-2.28687582209922,NaN,NaN,NaN,NaN,NaN,NaN,NaN,NaN,NaN,NaN,NaN,0.402184144404661,1.65730119808385,-1.69655342224785,0.212246651500553,0.154110278332654,-0.833454705069379,-0.826759317647794,1.86975082520368,1.57542235144684,1.57542235144688,NaN,NaN,NaN,NaN,NaN,NaN,-1.12233498617862,NaN,NaN,NaN,NaN,NaN
305.0496,-0.494934308750126,0.483475230517012,-0.219401361026137,-0.044636630375172,0.0393528297578138,0.0393528297598439,NaN,1.80327754690938,1.47375518520799,-1.94753617495798,0.321259414160259,-1.94753617495651,NaN,NaN,NaN,NaN,NaN,-2.28706982549767,NaN,NaN,NaN,NaN,NaN,NaN,NaN,NaN,NaN,NaN,NaN,0.353629120094856,1.64214959322917,-1.68456669941182,0.20494322180861,0.156651619536127,-0.844818970383063,-0.837096296725854,1.8502382798354,1.56693391800695,1.56693391800698,NaN,NaN,NaN,NaN,NaN,NaN,-1.12703226064578,NaN,NaN,NaN,NaN,NaN
305.152,-0.466252154371933,0.485004704770003,-0.191067464992192,-0.00154046952589705,0.0470782621655582,0.0470782621675984,NaN,1.76731503702867,1.44612297441739,-1.91957820327502,0.286731434817473,-1.91957820327357,NaN,NaN,NaN,NaN,NaN,-2.28709816420406,NaN,NaN,NaN,NaN,NaN,NaN,NaN,NaN,NaN,NaN,NaN,0.305507659051812,1.62644953308175,-1.67294383974992,0.196161267993387,0.159750989403848,-0.856222002095307,-0.846299980280391,1.83051118415433,1.5577998904844,1.55779989048443,NaN,NaN,NaN,NaN,NaN,NaN,-1.13070328526628,NaN,NaN,NaN,NaN,NaN
305.2544,-0.437824716774159,0.487146540159872,-0.162654309867332,0.0416720180753287,0.0548205260392832,0.0548205260413342,NaN,1.72993282363094,1.4175870414832,-1.89072700575647,0.251953709855293,-1.89072700575504,NaN,NaN,NaN,NaN,NaN,-2.28696228462693,NaN,NaN,NaN,NaN,NaN,NaN,NaN,NaN,NaN,NaN,NaN,0.257795348358046,1.61023648312262,-1.66170483778319,0.185930156676962,0.163429709301174,-0.867670810689846,-0.854334726564633,1.81064212224106,1.54806776626287,1.54806776626289,NaN,NaN,NaN,NaN,NaN,NaN,-1.13337870582991,NaN,NaN,NaN,NaN,NaN
305.3568,-0.40972789708937,0.489922292545559,-0.134223340923713,0.085005995651627,0.0625876036534179,0.0625876036554811,NaN,1.69119946697119,1.38820079283391,-1.86100653113563,0.216940163199534,-1.86100653113422,NaN,NaN,NaN,NaN,NaN,-2.28666135109496,NaN,NaN,NaN,NaN,NaN,NaN,NaN,NaN,NaN,NaN,NaN,0.210465562635781,1.59354457064595,-1.6508664303199,0.174281956312434,0.167706700663238,-0.879171893555949,-0.861169288007282,1.79070180828879,1.53778638670424,1.53778638670426,NaN,NaN,NaN,NaN,NaN,NaN,-1.13509009464342,NaN,NaN,NaN,NaN,NaN
305.4592,-0.3820354233052,0.493350929314543,-0.105835286236113,0.128466009920083,0.0703880249614436,0.0703880249635185,NaN,1.6511858652358,1.35801954162079,-1.83043956586177,0.18170591171348,-1.83043956586039,NaN,NaN,NaN,NaN,NaN,-2.2861921569856,NaN,NaN,NaN,NaN,NaN,NaN,NaN,NaN,NaN,NaN,NaN,0.163490176128474,1.57640633391277,-1.64044198298721,0.161251186932326,0.172598050728909,-0.890730868012136,-0.866777226585283,1.77075884287177,1.5270058700087,1.52700587000871,NaN,NaN,NaN,NaN,NaN,NaN,-1.13586992058243,NaN,NaN,NaN,NaN,NaN
305.5616,-0.354818433548953,0.497448894839389,-0.0775497221715132,0.172055772548775,0.0782310147767312,0.0782310147788192,NaN,1.60996506147643,1.32710020814789,-1.7990479515966,0.146267578584863,-1.79904795159524,NaN,NaN,NaN,NaN,NaN,-2.28554904434543,NaN,NaN,NaN,NaN,NaN,NaN,NaN,NaN,NaN,NaN,NaN,0.116840269176198,1.55885248473617,-1.63044139611458,0.14687456309097,0.178116590924075,-0.90235210955923,-0.871137309533977,1.75087945660372,1.51577755546928,1.51577755546929,NaN,NaN,NaN,NaN,NaN,NaN,-1.13575151487917,NaN,NaN,NaN,NaN,NaN
305.664,-0.328145048796361,0.502230197445604,-0.0494246173581825,0.215777919894307,0.0861266398182579,0.0861266398203599,NaN,1.56761201125209,1.29550096694586,-1.76685279464321,0.110643580213205,-1.76685279464188,NaN,NaN,NaN,NaN,NaN,-2.2847238411259,NaN,NaN,NaN,NaN,NaN,NaN,NaN,NaN,NaN,NaN,NaN,0.0704868262389585,1.54091168200142,-1.62087102558722,0.131190732459892,0.184271489642256,-0.914038396054564,-0.87423388263478,1.73112723989314,1.50415396519159,1.5041539651916,NaN,NaN,NaN,NaN,NaN,NaN,-1.13476903509527,NaN,NaN,NaN,NaN,NaN
305.7664,-0.302079946002534,0.507706511072058,-0.0215158692931971,0.259633756017248,0.0940859529561214,0.0940859529582377,NaN,1.52420330890172,1.26328084543793,-1.73387466581209,0.0748543748386674,-1.73387466581079,NaN,NaN,NaN,NaN,NaN,-2.2837058263121,NaN,NaN,NaN,NaN,NaN,NaN,NaN,NaN,NaN,NaN,NaN,0.024401417197917,1.52261031560417,-1.611733615983,0.114240013294176,0.191067869897989,-0.925790563811106,-0.876057207114691,1.71156287027682,1.49218877562563,1.49218877562563,NaN,NaN,NaN,NaN,NaN,NaN,-1.13295743154297,NaN,NaN,NaN,NaN,NaN
305.8688,-0.276683955654668,0.513887272608566,0.00612313332807461,0.303622990639649,0.102121124248371,0.102121124250502,NaN,1.47981688904644,1.23049930318218,-1.70013379485959,0.0389226674631499,-1.70013379485832,NaN,NaN,NaN,NaN,NaN,-2.28248172773659,NaN,NaN,NaN,NaN,NaN,NaN,NaN,NaN,NaN,NaN,NaN,-0.0214431526665212,1.5039723044613,-1.60302824711574,0.0960641352222383,0.198506473009627,-0.937607189146019,-0.876603733890123,1.6922438575756,1.47993678062677,1.47993678062676,NaN,NaN,NaN,NaN,NaN,NaN,-1.13035241662995,NaN,NaN,NaN,NaN,NaN
305.9712,-0.252013706377223,0.520779756111004,0.0334418909048128,0.347743486909185,0.110245545900837,0.110245545902981,NaN,1.4345317368614,1.19721583045353,-1.66565026938289,0.00287357556376997,-1.66565026938165,NaN,NaN,NaN,NaN,NaN,-2.28103574800007,NaN,NaN,NaN,NaN,NaN,NaN,NaN,NaN,NaN,NaN,NaN,-0.0670722379836013,1.48501891575951,-1.594750296658,0.076705991371825,0.206583387514057,-0.949484308732248,-0.875876292807284,1.67322432156954,1.46745383007819,1.46745383007819,NaN,NaN,NaN,NaN,NaN,NaN,-1.1269904327152,NaN,NaN,NaN,NaN,NaN
306.0736,-0.228121329183804,0.528389118726867,0.0603931010281545,0.391991029063236,0.118473901847614,0.118473901849772,NaN,1.38842763532633,1.16348958962618,-1.63044424427835,-0.0332652357655146,-1.63044424427714,NaN,NaN,NaN,NaN,NaN,-2.27934960643042,NaN,NaN,NaN,NaN,NaN,NaN,NaN,NaN,NaN,NaN,NaN,-0.11250880137932,1.46576861182428,-1.58689142028965,0.0562094103922396,0.215289847195241,-0.961415182862917,-0.873884194315163,1.65455480227697,1.45479673806892,1.45479673806891,NaN,NaN,NaN,NaN,NaN,NaN,-1.12290861449788,NaN,NaN,NaN,NaN,NaN
306.176,-0.205054226249675,0.536718425442915,0.0869328934651781,0.436359110492701,0.126822194626347,0.126822194628518,NaN,1.34158495469801,1.12937909615795,-1.59453615882655,-0.0694634463117465,-1.59453615882538,NaN,NaN,NaN,NaN,NaN,-2.27740258879611,NaN,NaN,NaN,NaN,NaN,NaN,NaN,NaN,NaN,NaN,NaN,-0.157772917758418,1.44623692618931,-1.57943954933498,0.034618951094219,0.224612093093076,-0.973390099330275,-0.870643251306855,1.6362820969588,1.44202316098613,1.44202316098611,NaN,NaN,NaN,NaN,NaN,NaN,-1.11814474592082,NaN,NaN,NaN,NaN,NaN
306.2784,-0.182854907007901,0.545768660303024,0.113020993382374,0.480838739697616,0.135307722658556,0.135307722660743,NaN,1.29408447467865,1.09494192334272,-1.55794695576316,-0.105688005306143,-1.55794695576202,NaN,NaN,NaN,NaN,NaN,-2.27517160830975,NaN,NaN,NaN,NaN,NaN,NaN,NaN,NaN,NaN,NaN,NaN,-0.202881338262479,1.42643636785396,-1.57237890683588,0.0119797165577624,0.234531301693609,-0.985396219634697,-0.866175718823911,1.61844912603308,1.4291914456186,1.42919144561858,NaN,NaN,NaN,NaN,NaN,NaN,-1.11273721353403,NaN,NaN,NaN,NaN,NaN
306.3808,-0.161560892000173,0.555538727318065,0.13862081409808,0.525418266640159,0.143949005617475,0.143949005619679,NaN,1.2460072310195,1.06023442079594,-1.52069829863527,-0.141903091701848,-1.52069829863416,NaN,NaN,NaN,NaN,NaN,-2.27263128642081,NaN,NaN,NaN,NaN,NaN,NaN,NaN,NaN,NaN,NaN,NaN,-0.24784711552852,1.40637635386485,-1.565690045561,-0.0116628173890565,0.245023589829237,-0.997417475070042,-0.860510139681694,1.60109483888388,1.41636044672629,1.41636044672626,NaN,NaN,NaN,NaN,NaN,NaN,-1.1067249562845,NaN,NaN,NaN,NaN,NaN
306.4832,-0.141204676981085,0.566025445270325,0.163699488784036,0.570083236163747,0.152765662230064,0.152765662232283,NaN,1.19743438066597,1.02531144183302,-1.48281278178334,-0.178070109616188,-1.48281278178226,NaN,NaN,NaN,NaN,NaN,-2.26975405603274,NaN,NaN,NaN,NaN,NaN,NaN,NaN,NaN,NaN,NaN,NaN,-0.292679288478733,1.38606316958861,-1.55934991154349,-0.0362629658552781,0.256060103024039,-1.00943451880943,-0.853681090172826,1.58425416848326,1.40358931534852,1.40358931534847,NaN,NaN,NaN,NaN,NaN,NaN,-1.10014740869272,NaN,NaN,NaN,NaN,NaN
306.5856,-0.121813743677259,0.577223545640474,0.188227859044368,0.61481627533046,0.161778248065973,0.161778248068208,NaN,1.14844707682028,0.99022607139658,-1.44431412235831,-0.21414772161368,-1.44431412235725,NaN,NaN,NaN,NaN,NaN,-2.26651028285761,NaN,NaN,NaN,NaN,NaN,NaN,NaN,NaN,NaN,NaN,NaN,-0.337382626057284,1.36549995296675,-1.55333193351197,-0.0617749975452301,0.267607184744339,-1.02142473481345,-0.845728832390015,1.56795803416144,1.39093725919418,1.39093725919413,NaN,NaN,NaN,NaN,NaN,NaN,-1.09304443607738,NaN,NaN,NaN,NaN,NaN
306.688,-0.103410607107892,0.589125683780703,0.212180435409768,0.659597019262786,0.171008063023261,0.171008063025512,NaN,1.09912634718934,0.955029348809918,-1.4052273238205,-0.250091927654568,-1.40522732381947,NaN,NaN,NaN,NaN,NaN,-2.26286840046536,NaN,NaN,NaN,NaN,NaN,NaN,NaN,NaN,NaN,NaN,NaN,-0.381957430910413,1.34468669911558,-1.5476061355133,-0.08815329841037,0.279626616895277,-1.03336230016893,-0.836698889016268,1.55223338291379,1.37846327605236,1.37846327605229,NaN,NaN,NaN,NaN,NaN,NaN,-1.08545626602921,NaN,NaN,NaN,NaN,NaN
306.7904,-0.0860128921189805,0.601722465840751,0.235535338123404,0.704402075094096,0.180476942912101,0.180476942914368,NaN,1.049552979225,0.919769996944163,-1.3655788092585,-0.285856190997014,-1.36557880925748,NaN,NaN,NaN,NaN,NaN,-2.25879505970061,NaN,NaN,NaN,NaN,NaN,NaN,NaN,NaN,NaN,NaN,NaN,-0.426399397194385,1.32362028549074,-1.54213926881459,-0.115352529969815,0.292075914446412,-1.04521829346284,-0.826641566747262,1.53710325365244,1.36622586942068,1.3662258694206,NaN,NaN,NaN,NaN,NaN,NaN,-1.07742342062429,NaN,NaN,NaN,NaN,NaN
306.8928,-0.0696334241883093,0.615002481844794,0.258274227483064,0.74920501823224,0.190207052125712,0.190207052127992,NaN,0.999807423175232,0.884494184825221,-1.32539653384273,-0.32139159881882,-1.32539653384173,NaN,NaN,NaN,NaN,NaN,-2.25425529706483,NaN,NaN,NaN,NaN,NaN,NaN,NaN,NaN,NaN,NaN,NaN,-0.470699507171219,1.30229452087949,-1.53689495921612,-0.143327770910438,0.304908649623487,-1.05696083773075,-0.81561146471847,1.52258684750113,1.3542827683503,1.35428276835021,NaN,NaN,NaN,NaN,NaN,NaN,-1.06898664772966,NaN,NaN,NaN,NaN,NaN
306.9952,-0.0542803153882674,0.628952328885861,0.280382233606158,0.793976414035757,0.200220691051096,0.200220691053388,NaN,0.949969717584176,0.849245346639861,-1.28471008689475,-0.356647041875238,-1.28471008689376,NaN,NaN,NaN,NaN,NaN,-2.24921272544037,NaN,NaN,NaN,NaN,NaN,NaN,NaN,NaN,NaN,NaN,NaN,-0.514843954136024,1.28070021844234,-1.5318338659673,-0.17203463579712,0.318074781700761,-1.06855526546107,-0.80366700157259,1.50869959320081,1.34269067224737,1.34269067224727,NaN,NaN,NaN,NaN,NaN,NaN,-1.06018684676576,NaN,NaN,NaN,NaN,NaN
307.0976,-0.0399570393869014,0.643556612664102,0.301847885266629,0.838683861532405,0.210540126546019,0.210540126548323,NaN,0.900119434227528,0.814064065870594,-1.24355078398079,-0.391569407331568,-1.24355078397982,NaN,NaN,NaN,NaN,NaN,-2.24362974550965,NaN,NaN,NaN,NaN,NaN,NaN,NaN,NaN,NaN,NaN,NaN,-0.558814094716637,1.25882528469608,-1.52691384678924,-0.201429376198716,0.331520979155789,-1.07996429702364,-0.790869977369657,1.49545320487005,1.33150502526255,1.33150502526245,NaN,NaN,NaN,NaN,NaN,NaN,-1.05106498806698,NaN,NaN,NaN,NaN,NaN
307.2,-0.0266625050321756,0.658797923766207,0.322663026739324,0.883292060167496,0.221187448424579,0.221187448426895,NaN,0.850335642135729,0.778988025383892,-1.20195174158784,-0.42610378884174,-1.20195174158688,NaN,NaN,NaN,NaN,NaN,-2.23746777119518,NaN,NaN,NaN,NaN,NaN,NaN,NaN,NaN,NaN,NaN,NaN,-0.602586441842989,1.23665481521015,-1.52209012375773,-0.231468971804311,0.345190932202057,-1.09114822933616,-0.777285170146864,1.48285573267636,1.32077981128897,1.32077981128887,NaN,NaN,NaN,NaN,NaN,NaN,-1.04166202932871,NaN,NaN,NaN,NaN,NaN
307.3024,-0.0143911364281664,0.674656789077362,0.34282271526895,0.927762903337907,0.232184448667144,0.232184448669471,NaN,0.80069689275547,0.744052019056646,-1.15994792978275,-0.460193720678818,-1.1599479297818,NaN,NaN,NaN,NaN,NaN,-2.23068746213963,NaN,NaN,NaN,NaN,NaN,NaN,NaN,NaN,NaN,NaN,NaN,-0.646132701599739,1.21417119797834,-1.51731544981978,-0.262111209562525,0.359025658072196,-1.10206513487306,-0.762979962226225,1.47091160752453,1.31056735653415,1.31056735653404,NaN,NaN,NaN,NaN,NaN,NaN,-1.03201883278067,NaN,NaN,NaN,NaN,NaN
307.4048,-0.00313295733487508,0.691111600209588,0.362325102240304,0.972055604530513,0.243552518967693,0.243552518970028,NaN,0.751281223866196,0.709288013639601,-1.11757619906136,-0.493781444873319,-1.11757619906041,NaN,NaN,NaN,NaN,NaN,-2.22324896156099,NaN,NaN,NaN,NaN,NaN,NaN,NaN,NaN,NaN,NaN,NaN,-0.689419851605575,1.1913542283271,-1.5125402768938,-0.293314745779445,0.372963803698612,-1.11267107554715,-0.748023992661071,1.45962168199624,1.30091813078262,1.30091813078252,NaN,NaN,NaN,NaN,NaN,NaN,-1.02217608379998,NaN,NaN,NaN,NaN,NaN
307.5072,0.00712632329286132,0.708138524190873,0.381171303878141,1.01612686399227,0.255312567765063,0.255312567767406,NaN,0.702166180883486,0.674725250272278,-1.07487526770641,-0.526808222481397,-1.07487526770548,NaN,NaN,NaN,NaN,NaN,-2.21511214057355,NaN,NaN,NaN,NaN,NaN,NaN,NaN,NaN,NaN,NaN,NaN,-0.732410267433943,1.16818122806378,-1.50771292168678,-0.325039157593081,0.38694195434682,-1.12292034133599,-0.732488831299042,1.44898326906858,1.2918805485273,1.29188054852721,NaN,NaN,NaN,NaN,NaN,NaN,-1.01217420848296,NaN,NaN,NaN,NaN,NaN
307.6096,0.0164052239965484,0.725711405678921,0.399365265768312,1.05993108367896,0.267484958374042,0.267484958376393,NaN,0.653428860578738,0.640390384438153,-1.03188565429645,-0.559214695883942,-1.03188565429553,NaN,NaN,NaN,NaN,NaN,-2.20623684870784,NaN,NaN,NaN,NaN,NaN,NaN,NaN,NaN,NaN,NaN,NaN,-0.775061910322923,1.14462715789472,-1.50277972652104,-0.357244998200026,0.400894956196036,-1.13276572154281,-0.716447668385484,1.43899017653806,1.28350077873837,1.28350077873829,NaN,NaN,NaN,NaN,NaN,NaN,-1.0020532861943,NaN,NaN,NaN,NaN,NaN
307.712,0.0247263991516689,0.74380167208622,0.416913624739886,1.10342063199402,0.280089460288995,0.280089460291352,NaN,0.605145977968373,0.606307667275045,-0.988649558098221,-0.590941303372214,-0.988649558097319,NaN,NaN,NaN,NaN,NaN,-2.19658317504008,NaN,NaN,NaN,NaN,NaN,NaN,NaN,NaN,NaN,NaN,NaN,-0.817328582215634,1.12066472623403,-1.49768522077742,-0.38989385910604,0.414756257776627,-1.14215881018877,-0.699975011337609,1.42963273254445,1.27582257248894,1.27582257248887,NaN,NaN,NaN,NaN,NaN,NaN,-0.991852953557448,NaN,NaN,NaN,NaN,NaN
307.8144,0.0321165373643961,0.762378250318724,0.433825567346412,1.14654614601762,0.29314519751387,0.293145197516234,NaN,0.5573939413945,0.572499159636442,-0.945210706689838,-0.621928744920115,-0.945210706688943,NaN,NaN,NaN,NaN,NaN,-2.18611173024655,NaN,NaN,NaN,NaN,NaN,NaN,NaN,NaN,NaN,NaN,NaN,-0.859160246113903,1.09626451357655,-1.49237229345457,-0.422948423052457,0.428458280011259,-1.15105034791334,-0.683146371248916,1.42089780109711,1.26888711477095,1.26888711477089,NaN,NaN,NaN,NaN,NaN,NaN,-0.981612297720098,NaN,NaN,NaN,NaN,NaN
307.9168,0.0386062439767399,0.781407495114012,0.450112679228161,1.18925684583249,0.306670583086148,0.306670583088519,NaN,0.510248910247989,0.538984951912988,-0.901614187108961,-0.652118492609466,-0.90161418710808,NaN,NaN,NaN,NaN,NaN,-2.17478395359015,NaN,NaN,NaN,NaN,NaN,NaN,NaN,NaN,NaN,NaN,NaN,-0.900503415755597,1.07139513588667,-1.48678238707608,-0.456372483649445,0.441932833220066,-1.15939060958805,-0.666037912821385,1.41276879477019,1.262732902621,1.26273290262096,NaN,NaN,NaN,NaN,NaN,NaN,-0.971369739646094,NaN,NaN,NaN,NaN,NaN
308.0192,0.0442299067489679,0.800853121627201,0.465788780575565,1.23150083724955,0.320683243785744,0.320683243788121,NaN,0.463786813844537,0.505783357652212,-0.857906264481776,-0.681453329673388,-0.857906264480906,NaN,NaN,NaN,NaN,NaN,-2.16256243635542,NaN,NaN,NaN,NaN,NaN,NaN,NaN,NaN,NaN,NaN,NaN,-0.941301629291261,1.04602346148744,-1.48085571985506,-0.490130917810375,0.455111597096046,-1.16712984775864,-0.648726047689945,1.40522569611408,1.25739564731338,1.25739564731335,NaN,NaN,NaN,NaN,NaN,NaN,-0.961162912376246,NaN,NaN,NaN,NaN,NaN
308.1216,0.049025547742888,0.820676136530667,0.480869747564392,1.27322539321449,0.335199944165454,0.335199944167837,NaN,0.418083322643521,0.472911063650574,-0.814134189993315,-0.709877896478898,-0.814134189992457,NaN,NaN,NaN,NaN,NaN,-2.14941124670743,NaN,NaN,NaN,NaN,NaN,NaN,NaN,NaN,NaN,NaN,NaN,-0.981496008497085,1.02011487850798,-1.47453153451319,-0.524189613508216,0.467926661103282,-1.17421878900385,-0.63128697252463,1.39824509629185,1.25290819710191,1.25290819710189,NaN,NaN,NaN,NaN,NaN,NaN,-0.951028540222064,NaN,NaN,NaN,NaN,NaN
308.224,0.0530346652770327,0.8408347680918,0.495373323723001,1.31437721423626,0.350236508996959,0.350236508999347,NaN,0.373213776584215,0.44038324084821,-0.770346010318346,-0.737339224806679,-0.770346010317495,NaN,NaN,NaN,NaN,NaN,-2.13529624238533,NaN,NaN,NaN,NaN,NaN,NaN,NaN,NaN,NaN,NaN,NaN,-1.02102586819616,0.993633596387051,-1.4677483637782,-0.558515365494563,0.480311098192298,-1.18060915923951,-0.613796176360343,1.39180025647138,1.24930047810129,1.24930047810129,NaN,NaN,NaN,NaN,NaN,NaN,-0.941002321841676,NaN,NaN,NaN,NaN,NaN
308.3264,0.056302069878509,0.861284399146988,0.509318927069384,1.35490266958762,0.365807735501894,0.365807735504285,NaN,0.329253085056925,0.408213632964892,-0.726590397350442,-0.763787249329862,-0.726590397349599,NaN,NaN,NaN,NaN,NaN,-2.12018536531478,NaN,NaN,NaN,NaN,NaN,NaN,NaN,NaN,NaN,NaN,NaN,-1.05982932200246,0.966542964725331,-1.46044430321655,-0.593075752931164,0.492199533094464,-1.18625420337575,-0.59632795163513,1.38586119843043,1.24659945039719,1.2465994503972,NaN,NaN,NaN,NaN,NaN,NaN,-0.931118819072368,NaN,NaN,NaN,NaN,NaN
308.4288,0.058875716261674,0.881977508178803,0.52272745771874,1.39474801879253,0.381927290041314,0.381927290043707,NaN,0.286275612044759,0.37641463573534,-0.682916511508665,-0.78917528983603,-0.682916511507836,NaN,NaN,NaN,NaN,NaN,-2.1040489217487,NaN,NaN,NaN,NaN,NaN,NaN,NaN,NaN,NaN,NaN,NaN,-1.0978438493661,0.93880580017785,-1.45255728782082,-0.627839009179819,0.503528675366837,-1.19110917281462,-0.578954935658709,1.38039482772255,1.24482907227702,1.24482907227705,NaN,NaN,NaN,NaN,NaN,NaN,-0.921411355526887,NaN,NaN,NaN,NaN,NaN
308.5312,0.0608065298513682,0.902863624493683,0.53562110770934,1.43385960998185,0.398607588935646,0.398607588938041,NaN,0.244355049455062,0.344997367502292,-0.639373900416147,-0.813460499662705,-0.639373900415323,NaN,NaN,NaN,NaN,NaN,-2.08685985710004,NaN,NaN,NaN,NaN,NaN,NaN,NaN,NaN,NaN,NaN,NaN,-1.13500681571336,0.910384718500441,-1.44402537227619,-0.662773888501527,0.514237804212858,-1.19513176914743,-0.561747693983926,1.37536508351038,1.24401026092393,1.24401026092397,NaN,NaN,NaN,NaN,NaN,NaN,-0.911911929127733,NaN,NaN,NaN,NaN,NaN
308.6336,0.0621482244176684,0.923889303017125,0.548023172668502,1.47218405174037,0.415859665470208,0.415859665472605,NaN,0.20356427480461,0.313971726927092,-0.596012424837601,-0.836604279504638,-0.596012424836788,NaN,NaN,NaN,NaN,NaN,-2.06859403383992,NaN,NaN,NaN,NaN,NaN,NaN,NaN,NaN,NaN,NaN,NaN,-1.17125594802298,0.881242472987462,-1.43478701636336,-0.697849529797008,0.524269203597281,-1.1982825423534,-0.544774346480116,1.37073310603456,1.2441608408428,1.24416084084286,NaN,NaN,NaN,NaN,NaN,NaN,-0.902651140458501,NaN,NaN,NaN,NaN,NaN
308.736,0.062957107144135,0.944998124818016,0.55995786501968,1.50966836024694,0.433693029308065,0.433693029310466,NaN,0.16397519250021,0.283346438474094,-0.552882200931819,-0.858572659679915,-0.552882200931015,NaN,NaN,NaN,NaN,NaN,-2.04923051647455,NaN,NaN,NaN,NaN,NaN,NaN,NaN,NaN,NaN,NaN,NaN,-1.20652976830792,0.851342300255468,-1.4247813760012,-0.733035316544811,0.533568551112829,-1.20052524654463,-0.528100232972078,1.36645741889188,1.24529548101201,1.24529548101207,NaN,NaN,NaN,NaN,NaN,NaN,-0.893658136447371,NaN,NaN,NaN,NaN,NaN
308.8384,0.0632918674055954,0.966130730886159,0.57145012913419,1.54626008855498,0.452115528156844,0.452115528159245,NaN,0.125658562379003,0.25312909299491,-0.510033552809239,-0.879336653120927,-0.510033552808448,NaN,NaN,NaN,NaN,NaN,-2.02875186370961,NaN,NaN,NaN,NaN,NaN,NaN,NaN,NaN,NaN,NaN,NaN,-1.2407679876154,0.820648268559166,-1.41394859624107,-0.768300735440148,0.542085264895592,-1.20182715777404,-0.5117876155612,1.36249412635122,1.2474256275381,1.24742562753818,NaN,NaN,NaN,NaN,NaN,NaN,-0.884960566231481,NaN,NaN,NaN,NaN,NaN
308.9408,0.0632133464943132,0.9872248927295,0.582525457663141,1.58190744458041,0.471133216839397,0.471133216841794,NaN,0.0886838192663203,0.223326193028471,-0.467516974809028,-0.898872575290407,-0.467516974808241,NaN,NaN,NaN,NaN,NaN,-2.00714442358013,NaN,NaN,NaN,NaN,NaN,NaN,NaN,NaN,NaN,NaN,NaN,-1.27391186401637,0.789125618907871,-1.40223009986548,-0.803615240482627,0.549772811007625,-1.20215935704678,-0.495895416834652,1.35879712371289,1.25055943822751,1.25055943822761,NaN,NaN,NaN,NaN,NaN,NaN,-0.876584544429973,NaN,NaN,NaN,NaN,NaN
309.0432,0.0627842886315845,1.00821561552119,0.593209707115855,1.61655940174455,0.490750228657878,0.490750228660271,NaN,0.0531188887864344,0.193943210233339,-0.425383104150055,-0.917162321671792,-0.425383104149269,NaN,NaN,NaN,NaN,NaN,-1.98439862321329,NaN,NaN,NaN,NaN,NaN,NaN,NaN,NaN,NaN,NaN,NaN,-1.30590452811479,0.756741090599463,-1.38956886662667,-0.838948129091616,0.556588972725699,-1.20149698052445,-0.480478993657878,1.35531832075984,1.25470172584771,1.25470172584782,NaN,NaN,NaN,NaN,NaN,NaN,-0.868554617645955,NaN,NaN,NaN,NaN,NaN
309.1456,0.0620690774689454,1.02903526668907,0.603528912962344,1.65016580534042,0.510968639740741,0.510968639743126,NaN,0.0190300083539993,0.164984657896408,-0.383682703476012,-0.934193594047488,-0.38368270347523,NaN,NaN,NaN,NaN,NaN,-1.96050924612957,NaN,NaN,NaN,NaN,NaN,NaN,NaN,NaN,NaN,NaN,NaN,-1.33669127962415,0.723463228636037,-1.37590970131835,-0.874268431774891,0.562496084848392,-1.19981943984785,-0.465589943983173,1.35200788319621,1.25985391837041,1.25985391837055,NaN,NaN,NaN,NaN,NaN,NaN,-0.860893732088545,NaN,NaN,NaN,NaN,NaN
309.248,0.0611334636601212,1.04961372483178,0.613509106911626,1.68267747650679,0.531788322914049,0.531788322916426,NaN,-0.013518440004545,0.136454176480742,-0.342466650824593,-0.94996007193827,-0.342466650823812,NaN,NaN,NaN,NaN,NaN,-1.9354756947446,NaN,NaN,NaN,NaN,NaN,NaN,NaN,NaN,NaN,NaN,NaN,-1.36621985807992,0.689262676878327,-1.36119949284418,-0.909544812140258,0.567461236186702,-1.19711061509838,-0.45127594343272,1.34881449458516,1.26601404119884,1.266014041199,NaN,NaN,NaN,NaN,NaN,NaN,-0.853623204570679,NaN,NaN,NaN,NaN,NaN
309.3504,0.0600442866031062,1.06987854438533,0.623176136921189,1.7140463121215,0.553206796253669,0.553206796256036,NaN,-0.044464087224912,0.108354626384972,-0.301785931661539,-0.964461530154217,-0.301785931660756,NaN,NaN,NaN,NaN,NaN,-1.90930223838963,NaN,NaN,NaN,NaN,NaN,NaN,NaN,NaN,NaN,NaN,NaN,-1.3944406892378,0.654112464168248,-1.34538746959065,-0.944745473138869,0.571456440721269,-1.19335902043439,-0.43758061067883,1.34568563167282,1.27317671811794,1.27317671811812,NaN,NaN,NaN,NaN,NaN,NaN,-0.846762702816567,NaN,NaN,NaN,NaN,NaN
309.4528,0.058869190598766,1.08975513055206,0.632555487273013,1.74422537688795,0.575219074207148,0.575219074209506,NaN,-0.0737467334089746,0.0806881822629883,-0.261691624715105,-0.977703904712649,-0.261691624714323,NaN,NaN,NaN,NaN,NaN,-1.88199824781682,NaN,NaN,NaN,NaN,NaN,NaN,NaN,NaN,NaN,NaN,NaN,-1.42130710764892,0.617988288509571,-1.32842545558222,-0.979838067773228,0.574458776967216,-1.18855794160087,-0.424543401487055,1.34256784129453,1.28133318325933,1.28133318325952,NaN,NaN,NaN,NaN,NaN,NaN,-0.840330239044154,NaN,NaN,NaN,NaN,NaN
309.5552,0.0576763353423244,1.10916692063625,0.641672096597708,1.77316898693571,0.597817525527853,0.597817525530201,NaN,-0.101308509104661,0.0534564270856761,-0.222234873257423,-0.989699307874206,-0.222234873256636,NaN,NaN,NaN,NaN,NaN,-1.85357841573529,NaN,NaN,NaN,NaN,NaN,NaN,NaN,NaN,NaN,NaN,NaN,-1.44677555520154,0.580868799993462,-1.31026812875753,-1.01478961514963,0.576450495618673,-1.18270554493216,-0.412199530742434,1.33940701341784,1.29047129940871,1.29047129940892,NaN,NaN,NaN,NaN,NaN,NaN,-0.834342176885691,NaN,NaN,NaN,NaN,NaN
309.6576,0.0565341002017466,1.12803557324942,0.650550174096106,1.80083278856807,0.620991739180211,0.620991739182549,NaN,-0.127094043314674,0.0266604455750786,-0.18346683777969,-1.0004659910809,-0.183466837778901,NaN,NaN,NaN,NaN,NaN,-1.82406295849052,NaN,NaN,NaN,NaN,NaN,NaN,NaN,NaN,NaN,NaN,NaN,-1.47080575402887,0.542735882783652,-1.29087328175543,-1.04956642193613,0.577419095065028,-1.17580495706755,-0.400579922245442,1.33614865267696,1.30057558135959,1.30057558135981,NaN,NaN,NaN,NaN,NaN,NaN,-0.828813251065617,NaN,NaN,NaN,NaN,NaN
309.76,0.0555107813454561,1.14628117137563,0.659213016225248,1.82717383568699,0.644728400493394,0.644728400495721,NaN,-0.15105063747054,0.000300913038518485,-0.145438631317437,-1.01002825394413,-0.145438631316644,NaN,NaN,NaN,NaN,NaN,-1.79347779027102,NaN,NaN,NaN,NaN,NaN,NaN,NaN,NaN,NaN,NaN,NaN,-1.49336085177286,0.503574938759905,-1.27020208616056,-1.08413400628957,0.577357365010709,-1.16786431493004,-0.389711185162059,1.33273815124051,1.31162722196705,1.31162722196729,NaN,NaN,NaN,NaN,NaN,NaN,-0.823756598503645,NaN,NaN,NaN,NaN,NaN
309.8624,0.0546742859456905,1.16382244402178,0.667682830402186,1.8521506654278,0.669011181649952,0.669011181652268,NaN,-0.173128444416163,-0.0256218282961911,-0.108201240093365,-1.01841629898276,-0.108201240092568,NaN,NaN,NaN,NaN,NaN,-1.76185466018689,NaN,NaN,NaN,NaN,NaN,NaN,NaN,NaN,NaN,NaN,NaN,-1.51440753894819,0.46337517338742,-1.24821935951384,-1.11845702223779,0.57626340078448,-1.15889678726777,-0.379615613426926,1.32912106035009,1.32360411464899,1.32360411464925,NaN,NaN,NaN,NaN,NaN,NaN,-0.819183794329675,NaN,NaN,NaN,NaN,NaN
309.9648,0.0540918351488579,1.18057700754917,0.675980577525035,1.87572336972423,0.693820650485814,0.693820650488118,NaN,-0.193280651222016,-0.0511077125779895,-0.0718054291705778,-1.02566603485777,-0.0718054291697726,NaN,NaN,NaN,NaN,NaN,-1.72923124217155,NaN,NaN,NaN,NaN,NaN,NaN,NaN,NaN,NaN,NaN,NaN,-1.53391613993217,0.422129878525496,-1.22489383147066,-1.15249918792521,0.57414059138202,-1.14892057004248,-0.370311204790186,1.32524335120964,1.33648086495491,1.3364808649552,NaN,NaN,NaN,NaN,NaN,NaN,-0.815104880879393,NaN,NaN,NaN,NaN,NaN
310.0672,0.0538296859842963,1.1964616276823,0.684125843598959,1.89785366414579,0.719134200550849,0.719134200553143,NaN,-0.211463664546543,-0.0761569149349812,-0.0363016294107125,-1.03181883169098,-0.0363016294099022,NaN,NaN,NaN,NaN,NaN,-1.69565116967699,NaN,NaN,NaN,NaN,NaN,NaN,NaN,NaN,NaN,NaN,NaN,-1.55186067956233,0.379836704554749,-1.20019840514107,-1.18622322453536,0.570997581258403,-1.13795885631142,-0.361811700367457,1.32105165609683,1.35022879128036,1.35022879128066,NaN,NaN,NaN,NaN,NaN,NaN,-0.811528381444939,NaN,NaN,NaN,NaN,NaN
310.1696,0.0539528724496662,1.21139250402118,0.692136741661006,1.91850495893929,0.744926004326346,0.744926004328627,NaN,-0.227637299240649,-0.100769835185061,-0.00173980033042898,-1.03692122983841,-0.00173980032960897,NaN,NaN,NaN,NaN,NaN,-1.66116401281303,NaN,NaN,NaN,NaN,NaN,NaN,NaN,NaN,NaN,NaN,NaN,-1.56821892767494,0.336497917366002,-1.1741104119531,-1.21959081088031,0.566848202400877,-1.12603977821932,-0.354126648772194,1.31649348936946,1.36481592334396,1.36481592334429,NaN,NaN,NaN,NaN,NaN,NaN,-0.808461302997781,NaN,NaN,NaN,NaN,NaN
310.272,0.0545249592239381,1.22528557737008,0.700029837884442,1.93764243634464,0.771166990916066,0.771166990918334,NaN,-0.241764974296491,-0.124947100628298,0.0318307386771901,-1.04102460202998,0.0318307386780223,NaN,NaN,NaN,NaN,NaN,-1.6258252001384,NaN,NaN,NaN,NaN,NaN,NaN,NaN,NaN,NaN,NaN,NaN,-1.5829724245282,0.292120639261177,-1.14661186025164,-1.25256255558129,0.561711373349039,-1.11319631838616,-0.347261498159529,1.31151745456102,1.38020700533511,1.38020700533545,NaN,NaN,NaN,NaN,NaN,NaN,-0.805909139692921,NaN,NaN,NaN,NaN,NaN
310.3744,0.0556078011176309,1.23805686011811,0.707820095374441,1.95523313775741,0.797824849743083,0.797824849745338,NaN,-0.253813921678248,-0.148689591128853,0.0643615189056146,-1.04418476901735,0.0643615189064658,NaN,NaN,NaN,NaN,NaN,-1.58969588788154,NaN,NaN,NaN,NaN,NaN,NaN,NaN,NaN,NaN,NaN,NaN,-1.5961064897885,0.246717073309369,-1.1176896774952,-1.28509798740163,0.555610965217043,-1.09946619089481,-0.341217716348059,1.30607344396332,1.39636350505243,1.39636350505278,NaN,NaN,NaN,NaN,NaN,NaN,-0.803875885182205,NaN,NaN,NaN,NaN,NaN
310.4768,0.0572613036397026,1.24962279189323,0.715520832395289,1.97124606624867,0.82486406279211,0.824864062794353,NaN,-0.2637554125483,-0.171998490315786,0.0958051839163866,-1.04646156907062,0.0958051839172522,NaN,NaN,NaN,NaN,NaN,-1.55284277718848,NaN,NaN,NaN,NaN,NaN,NaN,NaN,NaN,NaN,NaN,NaN,-1.60761021630129,0.200304709929113,-1.08733594422699,-1.31715556302822,0.548575636878221,-1.08489169368307,-0.335992936924302,1.3001128370618,1.41324363080468,1.41324363080505,NaN,NaN,NaN,NaN,NaN,NaN,-0.802364055384534,NaN,NaN,NaN,NaN,NaN
310.5792,0.0595431837266254,1.25990062161356,0.723143694707289,1.98565230924339,0.852245968981091,0.852245968983319,NaN,-0.271565003456731,-0.194875366870088,0.126115805233641,-1.04791838158039,0.126115805234523,NaN,NaN,NaN,NaN,NaN,-1.51533787749261,NaN,NaN,NaN,NaN,NaN,NaN,NaN,NaN,NaN,NaN,NaN,-1.61747644850803,0.152906514297876,-1.05554811729378,-1.34869269081555,0.540638640672469,-1.06951953301314,-0.331581129368118,1.2935887020604,1.43080236120172,1.43080236120211,NaN,NaN,NaN,NaN,NaN,NaN,-0.801374720887767,NaN,NaN,NaN,NaN,NaN
310.6816,0.0625087329025359,1.26880881271315,0.730698642486962,1.99842518279145,0.879928863634613,0.879928863636826,NaN,-0.277222800748581,-0.217322285651883,0.155249248425585,-1.04862160468323,0.155249248426481,NaN,NaN,NaN,NaN,NaN,-1.47725821374972,NaN,NaN,NaN,NaN,NaN,NaN,NaN,NaN,NaN,NaN,NaN,-1.62570174535915,0.104551092645444,-1.02232924053087,-1.3796657710568,0.531837599101422,-1.05340061988473,-0.327972792024818,1.28645599772686,1.44899149556766,1.44899149556806,NaN,NaN,NaN,NaN,NaN,NaN,-0.800907546619139,NaN,NaN,NaN,NaN,NaN
310.784,0.0662105855006454,1.27626746682677,0.738193951862194,2.0095403977388,0.90786813466383,0.907868134666027,NaN,-0.280713735190402,-0.23934193795568,0.183163584855219,-1.04864008657892,0.183163584856135,NaN,NaN,NaN,NaN,NaN,-1.43868547488247,NaN,NaN,NaN,NaN,NaN,NaN,NaN,NaN,NaN,NaN,NaN,-1.63228632825152,0.0552728332396219,-0.987688140810664,-1.4100302566498,0.522214253269294,-1.03658983855279,-0.325155166534854,1.27867176908308,1.46775973567956,1.46775973567998,NaN,NaN,NaN,NaN,NaN,NaN,-0.800960833759716,NaN,NaN,NaN,NaN,NaN
310.8864,0.0706984937593382,1.28219876619846,0.745636232942388,2.01897624954744,0.936016437538543,0.936016437540726,NaN,-0.282027836925078,-0.260937776381462,0.209819548640528,-1.04804451038597,0.209819548641458,NaN,NaN,NaN,NaN,NaN,-1.3997055977529,NaN,NaN,NaN,NaN,NaN,NaN,NaN,NaN,NaN,NaN,NaN,-1.63723401475232,0.00511201546229022,-0.951639605437682,-1.43974073917486,0.511814183337554,-1.01914578680592,-0.323112472674147,1.27019533367984,1.48705280953376,1.48705280953418,NaN,NaN,NaN,NaN,NaN,NaN,-0.801531558372658,NaN,NaN,NaN,NaN,NaN
310.9888,0.0760191123844938,1.28652744026668,0.753030469713204,2.02671383298555,0.964323911632108,0.964323911634276,NaN,-0.281160505460259,-0.282114148978174,0.235181040159386,-1.04690673396264,0.235181040160328,NaN,NaN,NaN,NaN,NaN,-1.3604082799718,NaN,NaN,NaN,NaN,NaN,NaN,NaN,NaN,NaN,NaN,NaN,-1.64055213931303,-0.0458851196431629,-0.91420453615444,-1.46875106433762,0.500686499743535,-1.00113048629482,-0.32182616389397,1.26098845735605,1.50681363962977,1.50681363963021,NaN,NaN,NaN,NaN,NaN,NaN,-0.802615405516088,NaN,NaN,NaN,NaN,NaN
311.0912,0.0822157961524399,1.28918125672455,0.760380085383893,2.03273727683309,0.992738437219939,0.992738437222095,NaN,-0.27811277243758,-0.302876433641218,0.259215672916231,-1.04529909420778,0.259215672917182,NaN,NaN,NaN,NaN,NaN,-1.32088642034802,NaN,NaN,NaN,NaN,NaN,NaN,NaN,NaN,NaN,NaN,NaN,-1.64225146334157,-0.0976663422683097,-0.87541007600879,-1.49701447935779,0.488883504517122,-0.982609061018222,-0.321275202355216,1.25101551578512,1.52698254457735,1.5269825445778,NaN,NaN,NaN,NaN,NaN,NaN,-0.804206803381542,NaN,NaN,NaN,NaN,NaN
311.1936,0.0893284113159618,1.29009152233089,0.767687026135386,2.03703398467948,1.02120592665171,1.02120592665386,NaN,-0.272891550772076,-0.323231165802853,0.281895349377144,-1.04329370256503,0.281895349378105,NaN,NaN,NaN,NaN,NaN,-1.28123549612545,NaN,NaN,NaN,NaN,NaN,NaN,NaN,NaN,NaN,NaN,NaN,-1.6423460760621,-0.150173454160995,-0.835289705464537,-1.52448381350915,0.476460326158752,-0.963649383605371,-0.321436345590112,1.24024363561715,1.54749745354386,1.54749745354432,NaN,NaN,NaN,NaN,NaN,NaN,-0.806298963803417,NaN,NaN,NaN,NaN,NaN
311.296,0.0973931552320501,1.28919356613401,0.774951843461715,2.03959486369094,1.04967063870986,1.04967063871199,NaN,-0.265509859322867,-0.343186142121436,0.303196832025405,-1.04096177228645,0.303196832026373,NaN,NaN,NaN,NaN,NaN,-1.24155289876609,NaN,NaN,NaN,NaN,NaN,NaN,NaN,NaN,NaN,NaN,NaN,-1.64085328260312,-0.203342362107959,-0.793883301538321,-1.55111169202113,0.463474536972709,-0.944321691465028,-0.322284428740342,1.22864281156935,1.56829411661664,1.56829411661711,NaN,NaN,NaN,NaN,NaN,NaN,-0.808883932372275,NaN,NaN,NaN,NaN,NaN
311.3984,0.106442375444008,1.28642717927418,0.782173753034591,2.04041452820162,1.07807550123192,1.07807550123405,NaN,-0.255987016060748,-0.362750485961863,0.323102261552313,-1.03837300884509,0.32310226155329,NaN,NaN,NaN,NaN,NaN,-1.20193726048421,NaN,NaN,NaN,NaN,NaN,NaN,NaN,NaN,NaN,NaN,NaN,-1.6377934724315,-0.257103211329699,-0.751237152168821,-1.57685078286219,0.449985764160591,-0.924698177886957,-0.323792625370184,1.21618600191885,1.58930630963498,1.58930630963547,NaN,NaN,NaN,NaN,NaN,NaN,-0.811952645438527,NaN,NaN,NaN,NaN,NaN
311.5008,0.116504384018255,1.28173700228873,0.78935066126322,2.03949147288327,1.10636242267527,1.10636242267738,NaN,-0.244348800820876,-0.381934676031903,0.341599586212968,-1.03559506643439,0.341599586213945,NaN,NaN,NaN,NaN,NaN,-1.16248780334048,NaN,NaN,NaN,NaN,NaN,NaN,NaN,NaN,NaN,NaN,NaN,-1.6331899650282,-0.311380575247254,-0.707403926299469,-1.60165407116827,0.436055302132006,-0.904852564977436,-0.325932680525388,1.20284920509526,1.61046604568486,1.61046604568536,NaN,NaN,NaN,NaN,NaN,NaN,-0.815494985573633,NaN,NaN,NaN,NaN,NaN
311.6032,0.12760327022761,1.27507286816004,0.796479166872343,2.03682821207859,1.13447257342081,1.1344725734229,NaN,-0.230627590472405,-0.400750553028527,0.358682893300872,-1.03269305643372,0.35868289330185,NaN,NaN,NaN,NaN,NaN,-1.12330372813063,NaN,NaN,NaN,NaN,NaN,NaN,NaN,NaN,NaN,NaN,NaN,-1.6270688339764,-0.36609368010232,-0.662442614624563,-1.62547514778742,0.421745728331262,-0.884859664739732,-0.328675119890475,1.18861151316504,1.63170380381822,1.63170380381873,NaN,NaN,NaN,NaN,NaN,NaN,-0.819499826394974,NaN,NaN,NaN,NaN,NaN
311.7056,0.139758717358504,1.2663901099456,0.80355454771538,2.03243137982427,1.16234662624105,1.16234662624313,NaN,-0.21486246357665,-0.419211319414153,0.374352644278816,-1.02972910208849,0.374352644279795,NaN,NaN,NaN,NaN,NaN,-1.08448363991056,NaN,NaN,NaN,NaN,NaN,NaN,NaN,NaN,NaN,NaN,NaN,-1.61945870888927,-0.421156641006342,-0.616418457490536,-1.64826849754524,0.407120525597226,-0.864794933937258,-0.331989436436424,1.17345513898193,1.65294877378977,1.6529487737903,NaN,NaN,NaN,NaN,NaN,NaN,-0.823955062963929,NaN,NaN,NaN,NaN,NaN
311.808,0.152985827300025,1.25564982920623,0.81057073433298,2.02631178639966,1.18992495944936,1.18992495945143,NaN,-0.197099267600843,-0.437331537125536,0.388615808944513,-1.02676194872884,0.388615808945495,NaN,NaN,NaN,NaN,NaN,-1.04612499396406,NaN,NaN,NaN,NaN,NaN,NaN,NaN,NaN,NaN,NaN,NaN,-1.61039055455984,-0.476478707997636,-0.569402858845084,-1.66998978314991,0.392243717664648,-0.844734029044172,-0.335844249235954,1.15736542591042,1.67412910825964,1.67412910826019,NaN,NaN,NaN,NaN,NaN,NaN,-0.828847628956629,NaN,NaN,NaN,NaN,NaN
311.9104,0.167294953655976,1.24281911431899,0.817520265199117,2.01848442981787,1.21714783938852,1.21714783939057,NaN,-0.177390644419781,-0.455127119211438,0.401485888513409,-1.02384664407881,0.401485888514397,NaN,NaN,NaN,NaN,NaN,-1.00832354698779,NaN,NaN,NaN,NaN,NaN,NaN,NaN,NaN,NaN,NaN,NaN,-1.59989743352914,-0.531964545473485,-0.521473264917171,-1.69059613169181,0.377179526576806,-0.824752369082299,-0.340207426595352,1.14033085443985,1.69517217473782,1.69517217473838,NaN,NaN,NaN,NaN,NaN,NaN,-0.834163501670517,NaN,NaN,NaN,NaN,NaN
312.0128,0.182691543525911,1.22787120371651,0.824394221173836,2.00896846197836,1.24395560202668,1.24395560202872,NaN,-0.155796016592387,-0.472615314508938,0.412982820589662,-1.02103429613186,0.412982820590656,NaN,NaN,NaN,NaN,NaN,-0.971172808042417,NaN,NaN,NaN,NaN,NaN,NaN,NaN,NaN,NaN,NaN,NaN,-1.58801426162939,-0.587514573807901,-0.472712982346594,-1.71004643383733,0.361992060611194,-0.804924713747835,-0.345046165461953,1.12234305136163,1.71600480378491,1.71600480378549,NaN,NaN,NaN,NaN,NaN,NaN,-0.839887692528876,NaN,NaN,NaN,NaN,NaN
312.1152,0.19917599123051,1.21078559951967,0.831182145195849,1.99778711481717,1.27028884179579,1.27028884179782,NaN,-0.132381543083641,-0.489814692784532,0.423132773612179,-1.01837189999799,0.423132773613179,NaN,NaN,NaN,NaN,NaN,-0.934763493141748,NaN,NaN,NaN,NaN,NaN,NaN,NaN,NaN,NaN,NaN,NaN,-1.57477756038582,-0.643025383742883,-0.423210927049095,-1.72830166030663,0.346745033530573,-0.785324757624277,-0.350327026482528,1.10339679750813,1.73655353459114,1.73655353459173,NaN,NaN,NaN,NaN,NaN,NaN,-0.846004220153035,NaN,NaN,NaN,NaN,NaN
312.2176,0.216743512914447,1.19154814257059,0.83787196160622,1.98496759939527,1.29608860057103,1.29608860057304,NaN,-0.107220051584411,-0.506745131624087,0.431967856391075,-1.01590221527042,0.431967856392084,NaN,NaN,NaN,NaN,NaN,-0.899182992172567,NaN,NaN,NaN,NaN,NaN,NaN,NaN,NaN,NaN,NaN,NaN,-1.56022520745875,-0.698390205720205,-0.373061317759073,-1.74532518678667,0.331501503928851,-0.766024732889293,-0.356015938083945,1.08349003012815,1.75674486168278,1.75674486168337,NaN,NaN,NaN,NaN,NaN,NaN,-0.852496071236377,NaN,NaN,NaN,NaN,NaN
312.32,0.235384054148067,1.17015105874049,0.844449911955537,1.97054098752548,1.3212965473823,1.3212965473843,NaN,-0.0803909432109347,-0.523427786592565,0.43952577375193,-1.01366368337605,0.43952577375294,NaN,NaN,NaN,NaN,NaN,-0.864514856738564,NaN,NaN,NaN,NaN,NaN,NaN,NaN,NaN,NaN,NaN,NaN,-1.54439619478091,-0.753499400661225,-0.322363336350764,-1.76108310444533,0.316323622462655,-0.7470950145899,-0.362078187337815,1.06262384133105,1.77650548586559,1.77650548586619,NaN,NaN,NaN,NaN,NaN,NaN,-0.859345166510925,NaN,NaN,NaN,NaN,NaN
312.4224,0.25508223972402,1.1465929812214,0.85090051860898,1.95454207223187,1.34585514946636,1.34585514946834,NaN,-0.0519800535255574,-0.539885016990271,0.44584944993129,-1.01169038525393,0.445849449932304,NaN,NaN,NaN,NaN,NaN,-0.830838313548345,NaN,NaN,NaN,NaN,NaN,NaN,NaN,NaN,NaN,NaN,NaN,-1.52733040644121,-0.808240948801552,-0.271220766900564,-1.77554449481069,0.301272385097421,-0.728603733464131,-0.368478408485438,1.04080247482242,1.79576257236793,1.79576257236854,NaN,NaN,NaN,NaN,NaN,NaN,-0.86653235051047,NaN,NaN,NaN,NaN,NaN
312.5248,0.275817370979571,1.1208789472503,0.85720658044495,1.93700919926136,1.36970783986555,1.36970783986752,NaN,-0.0220794522435217,-0.556140250305263,0.450986629270424,-1.01001203534413,0.450986629271438,NaN,NaN,NaN,NaN,NaN,-0.798227807537264,NaN,NaN,NaN,NaN,NaN,NaN,NaN,NaN,NaN,NaN,NaN,-1.50906840993826,-0.862500939939786,-0.219741609707288,-1.78868166892147,0.286407394657488,-0.710616405150242,-0.37518057650063,1.01803331891228,1.81444402121182,1.81444402121244,NaN,NaN,NaN,NaN,NaN,NaN,-0.874037413056065,NaN,NaN,NaN,NaN,NaN
312.6272,0.297563475881646,1.09302036294427,0.863349202331515,1.9179840739736,1.3927991785381,1.39279917854005,NaN,0.00921282595229396,-0.572217784788281,0.454989457401786,-1.00865399804619,0.454989457402799,NaN,NaN,NaN,NaN,NaN,-0.766752588046653,NaN,NaN,NaN,NaN,NaN,NaN,NaN,NaN,NaN,NaN,NaN,-1.48965124254388,-0.916164093051616,-0.168037653776505,-1.80047039277357,0.271786624442138,-0.693195573907611,-0.382148016360674,0.994326891199149,1.83247875381724,1.83247875381787,NaN,NaN,NaN,NaN,NaN,NaN,-0.88183914171912,NaN,NaN,NaN,NaN,NaN
312.7296,0.320289415226093,1.06303492985094,0.869307858216112,1.89751155828477,1.41507499892908,1.41507499893102,NaN,0.0417931138356971,-0.588142537798967,0.457914040960981,-1.00763731880946,0.457914040961994,NaN,NaN,NaN,NaN,NaN,-0.736476357437481,NaN,NaN,NaN,NaN,NaN,NaN,NaN,NaN,NaN,NaN,NaN,-1.46912019493352,-0.9691143373588,-0.116223987051932,-1.8108901216377,0.257466170296671,-0.676400458417871,-0.389343439756701,0.969696812361929,1.84979701385629,1.84979701385694,NaN,NaN,NaN,NaN,NaN,NaN,-0.889915403699283,NaN,NaN,NaN,NaN,NaN
312.832,0.343959042395301,1.03094653068868,0.875060484040698,1.8756394679651,1.43648254191062,1.43648254191255,NaN,0.0755524950887151,-0.603939746235089,0.459819973734651,-1.00697878097947,0.459819973735659,NaN,NaN,NaN,NaN,NaN,-0.707456990732096,NaN,NaN,NaN,NaN,NaN,NaN,NaN,NaN,NaN,NaN,NaN,-1.44751661936891,-1.02123546117745,-0.0644184366794734,-1.81992424217033,0.243499984452438,-0.660286593828065,-0.396729015377891,0.944159772091996,1.866330674957,1.86633067495766,NaN,NaN,NaN,NaN,NaN,NaN,-0.898243255549387,NaN,NaN,NaN,NaN,NaN
312.9344,0.368531410998017,0.996785073463708,0.880583594605366,1.85241836972972,1.45697059124461,1.45697059124653,NaN,0.11037722974714,-0.619634621455127,0.460769809899703,-1.00669100681121,0.460769809900698,NaN,NaN,NaN,NaN,NaN,-0.679746317351967,NaN,NaN,NaN,NaN,NaN,NaN,NaN,NaN,NaN,NaN,NaN,-1.42488179065832,-1.0724117989588,-0.0127409563067361,-1.82756029831019,0.229939601487051,-0.644905484510152,-0.404266470802296,0.917735496347027,1.88201354772876,1.88201354772943,NaN,NaN,NaN,NaN,NaN,NaN,-0.906799075749357,NaN,NaN,NaN,NaN,NaN
313.0368,0.393961026338584,0.960586292899886,0.885852419928683,1.82790136951629,1.47648962334087,1.47648962334279,NaN,0.146149221991168,-0.635251962440584,0.460828471618838,-1.00678260432613,0.460828471619828,NaN,NaN,NaN,NaN,NaN,-0.65338994590704,NaN,NaN,NaN,NaN,NaN,NaN,NaN,NaN,NaN,NaN,NaN,-1.40125683605415,-1.12252891624565,0.0386870098848362,-1.8337901782483,0.21683387983821,-0.630304296546783,-0.411917216335276,0.890446725286501,1.8967816835103,1.89678168351098,NaN,NaN,NaN,NaN,NaN,NaN,-0.915558710343548,NaN,NaN,NaN,NaN,NaN
313.1392,0.420198139577175,0.922391512288724,0.890841061654725,1.80214388317502,1.49499197077683,1.49499197077874,NaN,0.182746537522912,-0.650815736338482,0.460062596230875,-1.00725834007852,0.460062596231858,NaN,NaN,NaN,NaN,NaN,-0.6284271116346,NaN,NaN,NaN,NaN,NaN,NaN,NaN,NaN,NaN,NaN,NaN,-1.37668273806716,-1.17147427098502,0.0897431679769163,-1.83861025418302,0.204228779702288,-0.616525611009926,-0.419642475668311,0.86231920293955,1.91057367635109,1.91057367635177,NaN,NaN,NaN,NaN,NaN,NaN,-0.924497621122219,NaN,NaN,NaN,NaN,NaN
313.2416,0.447189083245962,0.882247376934578,0.895522674133018,1.77520339345955,1.51243198724202,1.51243198724392,NaN,0.220043974729384,-0.666348637080545,0.458539848296206,-1.00811931938941,0.458539848297178,NaN,NaN,NaN,NaN,NaN,-0.604890533305796,NaN,NaN,NaN,NaN,NaN,NaN,NaN,NaN,NaN,NaN,NaN,-1.35120040240476,-1.21913784608453,0.140305017148605,-1.84202147048914,0.192167179287452,-0.603607233752246,-0.427403413239014,0.833381669572007,1.92333096220127,1.92333096220196,NaN,NaN,NaN,NaN,NaN,NaN,-0.93359103269123,NaN,NaN,NaN,NaN,NaN
313.344,0.474876637682177,0.840205577181102,0.899869669660963,1.74713921135539,1.52876620180068,1.52876620180258,NaN,0.2579136841978,-0.681871630714868,0.456328232310672,-1.00936317429483,0.45632823231164,NaN,NaN,NaN,NaN,NaN,-0.582806280873072,NaN,NaN,NaN,NaN,NaN,NaN,NaN,NaN,NaN,NaN,NaN,-1.32485077659158,-1.26541274354424,0.190250488980033,-1.84402937247372,0.180688713848491,-0.591582040264776,-0.435161261708354,0.803665841892238,1.93499811095672,1.93499811095741,NaN,NaN,NaN,NaN,NaN,NaN,-0.942814083408533,NaN,NaN,NaN,NaN,NaN
313.4464,0.503200406785632,0.796322580130095,0.903853937269572,1.7180122575172,1.54395345975775,1.54395345975964,NaN,0.296225823062129,-0.697403498385819,0.453495433643589,-1.01098426525621,0.453495433644552,NaN,NaN,NaN,NaN,NaN,-0.562193667783006,NaN,NaN,NaN,NaN,NaN,NaN,NaN,NaN,NaN,NaN,NaN,-1.29767500637643,-1.31019572308646,0.239458565833663,-1.84464407339422,0.169829622968014,-0.580477838052239,-0.442877456163735,0.773206366622934,1.94552311092962,1.94552311093033,NaN,NaN,NaN,NaN,NaN,NaN,-0.9521419874764,NaN,NaN,NaN,NaN,NaN
313.5488,0.532097184203406,0.750659380981199,0.907447062694352,1.68788486756248,1.55795505393328,1.55795505393517,NaN,0.334849227398234,-0.712960394102612,0.450108199059572,-1.01297389312424,0.450108199060534,NaN,NaN,NaN,NaN,NaN,-0.543065183552911,NaN,NaN,NaN,NaN,NaN,NaN,NaN,NaN,NaN,NaN,NaN,-1.26971462100067,-1.35338767531669,0.287809861153989,-1.84388016904985,0.159622603019747,-0.570317240029193,-0.45051377256603,0.742040740942687,1.95485764921545,1.95485764921616,NaN,NaN,NaN,NaN,NaN,NaN,-0.961550211466523,NaN,NaN,NaN,NaN,NaN
313.6512,0.561501302199819,0.703281273059505,0.910620541608443,1.65682062075165,1.57073484964647,1.57073484964836,NaN,0.373652088305077,-0.728555436053918,0.446231762329387,-1.0153205125861,0.446231762330342,NaN,NaN,NaN,NaN,NaN,-0.525426475505064,NaN,NaN,NaN,NaN,NaN,NaN,NaN,NaN,NaN,NaN,NaN,-1.24101173840587,-1.39489403009485,0.335187153846052,-1.84175661302286,0.150096667390008,-0.561117549003762,-0.458032465053447,0.71020920342681,1.96295738730311,1.96295738730382,NaN,NaN,NaN,NaN,NaN,NaN,-0.971014661893185,NaN,NaN,NaN,NaN,NaN
313.7536,0.591344957745448,0.654257632913516,0.913345978960006,1.62488419389326,1.5822594043852,1.58225940438708,NaN,0.412502624183891,-0.744198344223671,0.441929321269054,-1.01800993934631,0.441929321269995,NaN,NaN,NaN,NaN,NaN,-0.509276383885527,NaN,NaN,NaN,NaN,NaN,NaN,NaN,NaN,NaN,NaN,NaN,-1.211609280208,-1.434625102663,0.38147587432832,-1.83829656052208,0.14127701837391,-0.552890659078243,-0.465396401846458,0.677754601975076,1.96978222712556,1.96978222712628,NaN,NaN,NaN,NaN,NaN,NaN,-0.980511874027764,NaN,NaN,NaN,NaN,NaN
313.856,0.621558508876143,0.603661723703475,0.915595269447167,1.59214123877475,1.59249808168226,1.59249808168413,NaN,0.45126974847299,-0.759895128312731,0.437261568333301,-1.02102554367048,0.437261568334233,NaN,NaN,NaN,NaN,NaN,-0.494607034699854,NaN,NaN,NaN,NaN,NaN,NaN,NaN,NaN,NaN,NaN,NaN,-1.18155118870309,-1.47249638038169,0.426564542742481,-1.8335271849038,0.133184936786252,-0.545642983644562,-0.47256920031273,0.644722239525633,1.97529656659831,1.97529656659903,NaN,NaN,NaN,NaN,NaN,NaN,-0.990019189240989,NaN,NaN,NaN,NaN,NaN
313.9584,0.65207074383527,0.551570521198545,0.917340763825235,1.55865827162469,1.6014231577418,1.60142315774368,NaN,0.489823736287034,-0.775647824657814,0.432286270638805,-1.02434842673445,0.43228627063972,NaN,NaN,NaN,NaN,NaN,-0.481403993162281,NaN,NaN,NaN,NaN,NaN,NaN,NaN,NaN,NaN,NaN,NaN,-1.15088264068053,-1.50842875766764,0.4703451652961,-1.82747947057579,0.12583769208039,-0.539375413332597,-0.479515359902217,0.61115969021318,1.97946954989821,1.97946954989893,NaN,NaN,NaN,NaN,NaN,NaN,-0.999514912151539,NaN,NaN,NaN,NaN,NaN
314.0608,0.68280914007237,0.498064554041621,0.918555433021489,1.52450255889532,1.60900991891206,1.60900991891394,NaN,0.528036896705018,-0.791454278143707,0.427057893301469,-1.027957584678,0.427057893302361,NaN,NaN,NaN,NaN,NaN,-0.469646476063523,NaN,NaN,NaN,NaN,NaN,NaN,NaN,NaN,NaN,NaN,NaN,-1.11965025333389,-1.54234872902719,0.512713599251018,-1.82018798296816,0.119248466637519,-0.534083294871876,-0.486200393910933,0.577116575578437,1.98227531945649,1.9822753194572,NaN,NaN,NaN,NaN,NaN,NaN,-1.00897844975666,NaN,NaN,NaN,NaN,NaN
314.1632,0.713700133902818,0.443227736704849,0.919213038617229,1.48974198981513,1.61523674933317,1.61523674933505,NaN,0.565784259286834,-0.807307962112753,0.421627260994347,-1.03183006911947,0.421627260995215,NaN,NaN,NaN,NaN,NaN,-0.459307620581773,NaN,NaN,NaN,NaN,NaN,NaN,NaN,NaN,NaN,NaN,NaN,-1.08790227961302,-1.57418854783389,0.553569896027685,-1.81169061405235,0.113426284983246,-0.52975641753433,-0.49259096126568,0.542644295811457,1.98369327426626,1.98369327426697,NaN,NaN,NaN,NaN,NaN,NaN,-1.01839044291106,NaN,NaN,NaN,NaN,NaN
314.2656,0.744669409921578,0.387147177465734,0.919288309082728,1.45444493719488,1.62008521215211,1.62008521215399,NaN,0.602944278582241,-0.823197832528941,0.416041256190982,-1.03594114751255,0.41604125619183,NaN,NaN,NaN,NaN,NaN,-0.450354811449457,NaN,NaN,NaN,NaN,NaN,NaN,NaN,NaN,NaN,NaN,NaN,-1.05568879214444,-1.60388635731953,0.592818626269302,-1.80202830846684,0.108375947390737,-0.526379003529326,-0.498654994452997,0.5077957215068,1.98370833110644,1.98370833110715,NaN,NaN,NaN,NaN,NaN,NaN,-1.02773289601157,NaN,NaN,NaN,NaN,NaN
314.368,0.775642200184419,0.329912961249089,0.918757112099454,1.41868011699499,1.62354013139015,1.62354013139202,NaN,0.639399547618164,-0.83910822297676,0.410342557661534,-1.04026445854647,0.410342557662355,NaN,NaN,NaN,NaN,NaN,-0.442750068202432,NaN,NaN,NaN,NaN,NaN,NaN,NaN,NaN,NaN,NaN,NaN,-1.02306185324911,-1.6313863002022,0.630369185507877,-1.791244783146,0.104097978864915,-0.523929715493626,-0.504361818411997,0.47262486250822,1.9823111718031,1.98231117180382,NaN,NaN,NaN,NaN,NaN,NaN,-1.0369893004812,NaN,NaN,NaN,NaN,NaN
314.4704,0.806543572945315,0.271617917256891,0.917596608818333,1.38251645587446,1.6255896809,1.62558968090188,NaN,0.675037497687006,-0.855018790158439,0.404569422969857,-1.04477215591759,0.404569422970658,NaN,NaN,NaN,NaN,NaN,-0.436450485505519,NaN,NaN,NaN,NaN,NaN,NaN,NaN,NaN,NaN,NaN,NaN,-0.990075666073645,-1.6566386109134,0.666136078445999,-1.77938625015602,0.100588610143288,-0.522381704171637,-0.509682256998676,0.437186536977207,1.97949845302011,1.97949845302083,NaN,NaN,NaN,NaN,NaN,NaN,-1.04614474377591,NaN,NaN,NaN,NaN,NaN
314.5728,0.837298698318487,0.212357376046208,0.91578538039539,1.34602296442206,1.62622548264557,1.62622548264745,NaN,0.709751056668154,-0.870904509872566,0.398755512675525,-1.04943504006447,0.398755512676301,NaN,NaN,NaN,NaN,NaN,-0.431408712032946,NaN,NaN,NaN,NaN,NaN,NaN,NaN,NaN,NaN,NaN,NaN,-0.95678670073941,-1.67959968863965,0.700039180917635,-1.76650114115397,0.0978398078059437,-0.521702715608756,-0.514588717431394,0.401536061437179,1.97527296451762,1.97527296451834,NaN,NaN,NaN,NaN,NaN,NaN,-1.05518599722589,NaN,NaN,NaN,NaN,NaN
314.6752,0.86783309263434,0.152228914246014,0.913303527546298,1.30926860537196,1.62544271037411,1.62544271037598,NaN,0.743439244454837,-0.886735712660312,0.392929748742174,-1.05422268396218,0.392929748742918,NaN,NaN,NaN,NaN,NaN,-0.427573454616065,NaN,NaN,NaN,NaN,NaN,NaN,NaN,NaN,NaN,NaN,NaN,-0.923253789880345,-1.70023214321433,0.732003976819534,-1.75263982416435,0.0958393686976592,-0.521855268123205,-0.51905523459926,0.365728974008095,1.96964373723208,1.9696437372328,NaN,NaN,NaN,NaN,NaN,NaN,-1.06410157850712,NaN,NaN,NaN,NaN,NaN
314.7776,0.898072850844222,0.0913320886286963,0.910132753004486,1.27232214629535,1.62324018833029,1.62324018833217,NaN,0.776007692036914,-0.90247815101418,0.387116199673612,-1.05910355816918,0.387116199674326,NaN,NaN,NaN,NaN,NaN,-0.424889998535441,NaN,NaN,NaN,NaN,NaN,NaN,NaN,NaN,NaN,NaN,NaN,-0.889538190621308,-1.71850480629783,0.761961766775812,-1.73785430484993,0.0945710883401318,-0.522796903804804,-0.523057461225128,0.329820794921846,1.96262610669955,1.96262610670026,NaN,NaN,NaN,NaN,NaN,NaN,-1.07288178896604,NaN,NaN,NaN,NaN,NaN
314.88,0.927944874837144,0.0297681662686178,0.906256437987639,1.23525198862739,1.61962047280843,1.61962047281031,NaN,0.807369073492323,-0.918093108580223,0.381333989086709,-1.06404515418995,0.381333989087385,NaN,NaN,NaN,NaN,NaN,-0.423300733705141,NaN,NaN,NaN,NaN,NaN,NaN,NaN,NaN,NaN,NaN,NaN,-0.855703613328566,-1.73439270761306,0.789849849420539,-1.72219791053759,0.0940150055249612,-0.524480516567118,-0.526572602030578,0.293866825015908,1.95424172642282,1.95424172642353,NaN,NaN,NaN,NaN,NaN,NaN,-1.0815187319907,NaN,NaN,NaN,NaN,NaN
314.9824,0.957377098027415,-0.0323601479470854,0.901659713685856,1.19812596755271,1.61458991015617,1.61458991015805,NaN,0.837443448497797,-0.933537575748967,0.375597230735227,-1.06901410172905,0.375597230735868,NaN,NaN,NaN,NaN,NaN,-0.42274567314322,NaN,NaN,NaN,NaN,NaN,NaN,NaN,NaN,NaN,NaN,NaN,-0.821816217414978,-1.74787701959967,0.815611678482023,-1.70572495782475,0.0941477202275353,-0.526854756152011,-0.529579297153703,0.257921983963997,1.94451851462204,1.94451851462274,NaN,NaN,NaN,NaN,NaN,NaN,-1.09000632167708,NaN,NaN,NaN,NaN,NaN
315.0848,0.986298700573607,-0.0949489964226428,0.896329517090543,1.16101111976167,1.6081586728983,1.60815867290018,NaN,0.866158529221475,-0.948764507492018,0.3699149979603,-1.07397627863832,0.369914997960916,NaN,NaN,NaN,NaN,NaN,-0.423162954602655,NaN,NaN,NaN,NaN,NaN,NaN,NaN,NaN,NaN,NaN,NaN,-0.787944572135279,-1.75894497034572,0.839196996305312,-1.68849040255907,0.0949427784917762,-0.529864504629385,-0.532057463537714,0.222040689201701,1.93349052069943,1.93349052070012,NaN,NaN,NaN,NaN,NaN,NaN,-1.09834028966097,NaN,NaN,NaN,NaN,NaN
315.1872,1.0146403118814,-0.157893681127693,0.890254620257619,1.12397341523927,1.60034077785854,1.60034077786043,NaN,0.893449888840673,-0.963723162400392,0.364291335028674,-1.07889691829821,0.364291335029262,NaN,NaN,NaN,NaN,NaN,-0.424489328346155,NaN,NaN,NaN,NaN,NaN,NaN,NaN,NaN,NaN,NaN,NaN,-0.754159579320752,-1.76758972217413,0.860561942965981,-1.67054946905881,0.0963711159385932,-0.533451421464534,-0.533988106605127,0.186276769899536,1.92119770764689,1.92119770764758,NaN,NaN,NaN,NaN,NaN,NaN,-1.10651819474432,NaN,NaN,NaN,NaN,NaN
315.2896,1.04233420282729,-0.221089011368777,0.883425630941682,1.08707744938022,1.59115408836004,1.59115408836194,NaN,0.919261112919443,-0.978359512447314,0.358725314172481,-1.08374072076752,0.358725314173046,NaN,NaN,NaN,NaN,NaN,-0.426660639657819,NaN,NaN,NaN,NaN,NaN,NaN,NaN,NaN,NaN,NaN,NaN,-0.720534354545794,-1.77381021395254,0.879669140737222,-1.65195725567929,0.0984015526306826,-0.537554555253786,-0.535353115044956,0.150683402153802,1.90768565219274,1.90768565219343,NaN,NaN,NaN,NaN,NaN,NaN,-1.11453943436757,NaN,NaN,NaN,NaN,NaN
315.392,1.06931447068005,-0.284429681427403,0.875834970434506,1.05038610035275,1.58062030183888,1.58062030184078,NaN,0.943543879755181,-0.992616702616443,0.353211144182219,-1.0884719722434,0.353211144182758,NaN,NaN,NaN,NaN,NaN,-0.429612307173428,NaN,NaN,NaN,NaN,NaN,NaN,NaN,NaN,NaN,NaN,NaN,-0.687144064220504,-1.77761096493081,0.89648775194101,-1.63276831602042,0.101001329147656,-0.542111017060132,-0.536135053273788,0.115313044347701,1.89300517053932,1.89300517054001,NaN,NaN,NaN,NaN,NaN,NaN,-1.12240524796498,NaN,NaN,NaN,NaN,NaN
315.4944,1.09551721690927,-0.347810660179747,0.867476838243856,1.01396016839981,1.56876491934167,1.56876491934358,NaN,0.96625795526363,-1.00643552961086,0.347738345241298,-1.09305467901666,0.347738345241805,NaN,NaN,NaN,NaN,NaN,-0.433279787413794,NaN,NaN,NaN,NaN,NaN,NaN,NaN,NaN,NaN,NaN,NaN,-0.654065718936412,-1.77900183842456,0.910993506210331,-1.61303621898691,0.10413666613566,-0.547056702019206,-0.536316970831757,0.0802173472590259,1.87721188537094,1.87721188537163,NaN,NaN,NaN,NaN,NaN,NaN,-1.13011869571338,NaN,NaN,NaN,NaN,NaN
315.5968,1.12088072048593,-0.411127576227761,0.858347174818819,0.977858014543825,1.55561718436097,1.55561718436289,NaN,0.987371097703946,-1.01975491662767,0.342292006386137,-1.09745272417676,0.342292006386613,NaN,NaN,NaN,NaN,NaN,-0.437599008596924,NaN,NaN,NaN,NaN,NaN,NaN,NaN,NaN,NaN,NaN,NaN,-0.621377921857899,-1.77799776787885,0.923168695365975,-1.59281309470776,0.107773332238219,-0.552327044691587,-0.535882240698838,0.0454470221975744,1.8603657502124,1.86036575021309,NaN,NaN,NaN,NaN,NaN,NaN,-1.13768459910214,NaN,NaN,NaN,NaN,NaN
315.6992,1.14534561489445,-0.474277095050293,0.848443632055307,0.942135206336143,1.54120998126582,1.54120998126775,NaN,1.0068588781079,-1.03251238025505,0.336853124426177,-1.1016300489783,0.336853124426624,NaN,NaN,NaN,NaN,NaN,-0.442506752683046,NaN,NaN,NaN,NaN,NaN,NaN,NaN,NaN,NaN,NaN,NaN,-0.589160569347022,-1.77461845167689,0.933002135496099,-1.57214917767371,0.11187721493212,-0.557857795135151,-0.534814420134892,0.0110516744372405,1.84253054358407,1.84253054358475,NaN,NaN,NaN,NaN,NaN,NaN,-1.14510944044756,NaN,NaN,NaN,NaN,NaN
315.8016,1.1688550742293,-0.537157293510666,0.837765553917146,0.906844174339794,1.5255797004809,1.52557970048284,NaN,1.02470442532408,-1.04464449199346,0.331398996093164,-1.10555085017424,0.331398996093586,NaN,NaN,NaN,NaN,NaN,-0.447940969078967,NaN,NaN,NaN,NaN,NaN,NaN,NaN,NaN,NaN,NaN,NaN,-0.557494510634742,-1.76888802430088,0.940489091615986,-1.55109236695406,0.116414883850135,-0.56358579166235,-0.533097122908873,-0.0229203707416051,1.82377334712974,1.82377334713043,NaN,NaN,NaN,NaN,NaN,NaN,-1.15240122872729,NaN,NaN,NaN,NaN,NaN
315.904,1.19135500246525,-0.599668034247034,0.826313960164775,0.872033889277023,1.50876608723173,1.50876608723369,NaN,1.04089810022031,-1.0560873294285,0.325903622890012,-1.10917978030714,0.325903622890406,NaN,NaN,NaN,NaN,NaN,-0.453841016662368,NaN,NaN,NaN,NaN,NaN,NaN,NaN,NaN,NaN,NaN,NaN,-0.526461185464618,-1.76083471697859,0.945631160709631,-1.52968783202701,0.121354121405701,-0.569449692882009,-0.530713904678386,-0.0564222233991056,1.80416402373123,1.80416402373191,NaN,NaN,NaN,NaN,NaN,NaN,-1.15956934378296,NaN,NaN,NaN,NaN,NaN
316.0064,1.21279421247721,-0.661711334959059,0.814091522944819,0.837749572547935,1.4908120841052,1.49081208410717,NaN,1.05543710085488,-1.06677690985488,0.320338099979797,-1.11248214205916,0.320338099980161,NaN,NaN,NaN,NaN,NaN,-0.460147841278234,NaN,NaN,NaN,NaN,NaN,NaN,NaN,NaN,NaN,NaN,NaN,-0.496142257428495,-1.75049053144731,0.948436121220861,-1.5079776917894,0.126664391943217,-0.575390633533662,-0.527648173564132,-0.0894085564215286,1.7837747049151,1.78377470491578,NaN,NaN,NaN,NaN,NaN,NaN,-1.16662437175346,NaN,NaN,NaN,NaN,NaN
316.1088,1.23312458307055,-0.723191725219487,0.801102528871475,0.804032445964465,1.47176366762183,1.47176366762381,NaN,1.06832500200632,-1.07664960738173,0.314670978757007,-1.11542407867832,0.314670978757351,NaN,NaN,NaN,NaN,NaN,-0.466804097687027,NaN,NaN,NaN,NaN,NaN,NaN,NaN,NaN,NaN,NaN,NaN,-0.466619248281275,-1.73789095012814,0.948917764745413,-1.4860007820465,0.132317229483256,-0.581352780722365,-0.523883135909704,-0.121835710029386,1.76267928577091,1.76267928577159,NaN,NaN,NaN,NaN,NaN,NaN,-1.17357794292933,NaN,NaN,NaN,NaN,NaN
316.2112,1.2523011889372,-0.784016588942925,0.787352822707476,0.770919518195275,1.45166967338831,1.45166967339031,NaN,1.079571231833,-1.08564255907309,0.308868600432857,-1.11797277107267,0.308868600433188,NaN,NaN,NaN,NaN,NaN,-0.473754221102099,NaN,NaN,NaN,NaN,NaN,NaN,NaN,NaN,NaN,NaN,NaN,-0.43797316398342,-1.72307468777464,0.947095714572052,-1.46379251294628,0.13828653542993,-0.587283779389903,-0.519401780124261,-0.153661780241876,1.74095291951285,1.74095291951353,NaN,NaN,NaN,NaN,NaN,NaN,-1.18044257771522,NaN,NaN,NaN,NaN,NaN
316.3136,1.27028240429256,-0.844096496817038,0.772849731093259,0.738443403538206,1.43058160110459,1.4305816011066,NaN,1.08919048571545,-1.09369406049064,0.302895399535966,-1.12009664173775,0.302895399536284,NaN,NaN,NaN,NaN,NaN,-0.480944448982417,NaN,NaN,NaN,NaN,NaN,NaN,NaN,NaN,NaN,NaN,NaN,-0.410284092519204,-1.70608347381417,0.942995220741905,-1.44138481390197,0.144548784871164,-0.593135085756158,-0.514186899766605,-0.184846692085008,1.71867150490754,1.71867150490822,NaN,NaN,NaN,NaN,NaN,NaN,-1.1872315396888,NaN,NaN,NaN,NaN,NaN
316.416,1.2870299841042,-0.903345531686381,0.757601968497021,0.706632173766275,1.40855339272879,1.40855339273081,NaN,1.09720208252898,-1.10074394614008,0.296714179011927,-1.12176554410948,0.296714179012227,NaN,NaN,NaN,NaN,NaN,-0.488322797184716,NaN,NaN,NaN,NaN,NaN,NaN,NaN,NaN,NaN,NaN,NaN,-0.383630755841897,-1.68696185757758,0.936646922271205,-1.41880616708262,0.151083143404379,-0.598862194730624,-0.508221160071611,-0.215352252823263,1.69591116610797,1.69591116610865,NaN,NaN,NaN,NaN,NaN,NaN,-1.19395869171416,NaN,NaN,NaN,NaN,NaN
316.5184,1.30250912850751,-0.961681601763176,0.741619533464713,0.675509248939263,1.38564118968763,1.38564118968968,NaN,1.10362928574761,-1.10673395097551,0.290286363556623,-1.12295091424655,0.29028636355691,NaN,NaN,NaN,NaN,NaN,-0.495839006136701,NaN,NaN,NaN,NaN,NaN,NaN,NaN,NaN,NaN,NaN,NaN,-0.35809001796811,-1.66575703758279,0.928086580734061,-1.39608172504896,0.157871503085625,-0.604424775417618,-0.501487209195066,-0.24514218102433,1.67274773395341,1.67274773395409,NaN,NaN,NaN,NaN,NaN,NaN,-1.20063835244463,NaN,NaN,NaN,NaN,NaN
316.6208,1.31668853502878,-1.01902672909319,0.724913606249621,0.645093331228607,1.36190308847866,1.36190308848072,NaN,1.10849862772037,-1.11160804863227,0.283572246006161,-1.12362588314053,0.28357224600643,NaN,NaN,NaN,NaN,NaN,-0.50344447491414,NaN,NaN,NaN,NaN,NaN,NaN,NaN,NaN,NaN,NaN,NaN,-0.333736373267888,-1.64251871538104,0.917354799303955,-1.37323349193532,0.16489845556648,-0.60978673706301,-0.493967826709846,-0.274182112827784,1.64925624353291,1.6492562435336,NaN,NaN,NaN,NaN,NaN,NaN,-1.20728515437027,NaN,NaN,NaN,NaN,NaN
316.7232,1.32954043892174,-1.07530729969721,0.707496455293655,0.615398380620275,1.33739891196413,1.33739891196621,NaN,1.1118392723017,-1.11531275774125,0.27653124898977,-1.12376536561461,0.276531248990014,NaN,NaN,NaN,NaN,NaN,-0.511092186259924,NaN,NaN,NaN,NaN,NaN,NaN,NaN,NaN,NaN,NaN,NaN,-0.310641442099622,-1.61729896621385,0.904496736242761,-1.35028054142637,0.172151221199733,-0.614916247340672,-0.485646099739078,-0.302439592206367,1.62551045949908,1.62551045949978,NaN,NaN,NaN,NaN,NaN,NaN,-1.21391390760251,NaN,NaN,NaN,NaN,NaN
316.8256,1.34104063937704,-1.13045426609165,0.689381355324515,0.586433629591202,1.31218999904685,1.31218999904895,NaN,1.11368243046867,-1.11779740944529,0.269122224895488,-1.12334614254838,0.269122224895711,NaN,NaN,NaN,NaN,NaN,-0.518736613826774,NaN,NaN,NaN,NaN,NaN,NaN,NaN,NaN,NaN,NaN,NaN,-0.288873485213701,-1.59015210996815,0.889561806031914,-1.32723925404467,0.17961954510356,-0.619785716057413,-0.476505621467575,-0.329884053995605,1.60158243442874,1.60158243442944,NaN,NaN,NaN,NaN,NaN,NaN,-1.2205394721592,NaN,NaN,NaN,NaN,NaN
316.928,1.35116851329291,-1.18440330109899,0.67058251926445,0.558203633717738,1.28633900490571,1.28633900490782,NaN,1.11406082515711,-1.11901438228604,0.261303808518176,-1.12234694352324,0.261303808518381,NaN,NaN,NaN,NaN,NaN,-0.526333610482494,NaN,NaN,NaN,NaN,NaN,NaN,NaN,NaN,NaN,NaN,NaN,-0.268496936506253,-1.56113456676746,0.872603357526236,-1.3041235635041,0.187295566175788,-0.624371750281024,-0.466530707604767,-0.35648680700336,1.57754210360217,1.57754210360288,NaN,NaN,NaN,NaN,NaN,NaN,-1.22717663778101,NaN,NaN,NaN,NaN,NaN
317.0304,1.35990702377377,-1.23709491307525,0.651115045475194,0.530708353125381,1.2599097043473,1.25990970434943,NaN,1.11300819779112,-1.11891931900722,0.253034817027999,-1.1207485273744,0.253034817028188,NaN,NaN,NaN,NaN,NaN,-0.533840291802251,NaN,NaN,NaN,NaN,NaN,NaN,NaN,NaN,NaN,NaN,NaN,-0.249571960278057,-1.53030469642498,0.853678334691716,-1.28094520235992,0.195173664438734,-0.628655085725376,-0.455706626050532,-0.382221020217169,1.55345692126766,1.55345692126837,NaN,NaN,NaN,NaN,NaN,NaN,-1.23384001006,NaN,NaN,NaN,NaN,NaN
317.1328,1.36724272895947,-1.28847453769205,0.630994877713851,0.503943257428988,1.23296679848922,1.23296679849137,NaN,1.1105588567254,-1.11747132981637,0.244274670118176,-1.11853375799056,0.244274670118345,NaN,NaN,NaN,NaN,NaN,-0.541214932939912,NaN,NaN,NaN,NaN,NaN,NaN,NaN,NaN,NaN,NaN,NaN,-0.232154046734157,-1.49772263242182,0.832846938527466,-1.25771393662535,0.203250292811504,-0.632620501603529,-0.444019836784294,-0.407061711300271,1.52939154533814,1.52939154533886,NaN,NaN,NaN,NaN,NaN,NaN,-1.24054390273336,NaN,NaN,NaN,NaN,NaN
317.2352,1.3731657903114,-1.33849261404363,0.610238772853437,0.477899449037701,1.20557573386931,1.20557573387147,NaN,1.10674727537724,-1.11463317327226,0.234983794286387,-1.11568768189039,0.234983794286539,NaN,NaN,NaN,NaN,NaN,-0.548416886806776,NaN,NaN,NaN,NaN,NaN,NaN,NaN,NaN,NaN,NaN,NaN,-0.216293646634687,-1.46345011854084,0.810172308877168,-1.23443777459481,0.211523801983552,-0.636256726350889,-0.431458233781053,-0.430985736347872,1.50540757504615,1.50540757504687,NaN,NaN,NaN,NaN,NaN,NaN,-1.24730223278781,NaN,NaN,NaN,NaN,NaN
317.3376,1.37766997678311,-1.38710464112761,0.588864275028815,0.452563808468221,1.177802544119,1.17780254412118,NaN,1.10160774478042,-1.11037140925267,0.225123985107828,-1.11219761938491,0.225123985107965,NaN,NaN,NaN,NaN,NaN,-0.555406519740959,NaN,NaN,NaN,NaN,NaN,NaN,NaN,NaN,NaN,NaN,NaN,-0.202035825665544,-1.42755035813421,0.785720245582626,-1.21112313709119,0.219994265576775,-0.639556333156373,-0.418011372194848,-0.453971779741662,1.48156333677057,1.4815633367713,NaN,NaN,NaN,NaN,NaN,NaN,-1.25412841156771,NaN,NaN,NaN,NaN,NaN
317.44,1.3807526639381,-1.43427120623592,0.566889699782179,0.427919173795895,1.14971371284037,1.14971371284256,NaN,1.09517407452164,-1.10465653179296,0.214658722964525,-1.10805327341287,0.214658722964651,NaN,NaN,NaN,NaN,NaN,-0.562145160023063,NaN,NaN,NaN,NaN,NaN,NaN,NaN,NaN,NaN,NaN,NaN,-0.189419915610256,-1.39008790169538,0.759558988879405,-1.18777500213325,0.228663299874246,-0.642515610775841,-0.40367067285861,-0.476000339619037,1.45791370288867,1.4579137028894,NaN,NaN,NaN,NaN,NaN,NaN,-1.26103522888142,NaN,NaN,NaN,NaN,NaN
317.5424,1.38241482973716,-1.47995798327358,0.544334130909008,0.403944565150808,1.1213760452093,1.12137604521152,NaN,1.08747932932119,-1.09746309301079,0.203553452595341,-1.10324684935959,0.203553452595456,NaN,NaN,NaN,NaN,NaN,-0.568595061198478,NaN,NaN,NaN,NaN,NaN,NaN,NaN,NaN,NaN,NaN,NaN,-0.178479156467378,-1.35112860474128,0.731759068252933,-1.16439706395713,0.237533859342132,-0.645134392821285,-0.388429620752099,-0.497053702707982,1.43450992810219,1.43450992810293,NaN,NaN,NaN,NaN,NaN,NaN,-1.26803473540702,NaN,NaN,NaN,NaN,NaN
317.6448,1.3826610481874,-1.52413570761708,0.521217427653454,0.380615453646982,1.09285654123465,1.09285654123688,NaN,1.07855559101362,-1.08876982091675,0.191775835378456,-1.09777317536616,0.191775835378562,NaN,NaN,NaN,NaN,NaN,-0.57471938310566,NaN,NaN,NaN,NaN,NaN,NaN,NaN,NaN,NaN,NaN,NaN,-0.169240346879793,-1.31073966712194,0.702393210944706,-1.14099193854546,0.246609995179365,-0.647415844753138,-0.372283983521335,-0.517115906731155,1.41139949945835,1.4113994994591,NaN,NaN,NaN,NaN,NaN,NaN,-1.27513813199846,NaN,NaN,NaN,NaN,NaN
317.7472,1.38149948130813,-1.56678013402007,0.497560239249939,0.357904059914664,1.06422227636314,1.06422227636539,NaN,1.06843374420896,-1.07855972970967,0.179295978051556,-1.09162981084632,0.179295978051655,NaN,NaN,NaN,NaN,NaN,-0.580482185738148,NaN,NaN,NaN,NaN,NaN,NaN,NaN,NaN,NaN,NaN,NaN,-0.161723524207377,-1.2689897362914,0.671536287761117,-1.11756142022719,0.255896582430082,-0.649366222083604,-0.355232056988089,-0.536172695239508,1.38862600694698,1.38862600694774,NaN,NaN,NaN,NaN,NaN,NaN,-1.28235567073855,NaN,NaN,NaN,NaN,NaN
317.8496,1.37894186896066,-1.60787197644176,0.47338402697068,0.335779662249115,1.03554029548704,1.03554029548932,NaN,1.05714329202487,-1.06682022559189,0.166086642652149,-1.08481712924859,0.16608664265224,NaN,NaN,NaN,NaN,NaN,-0.585848425985467,NaN,NaN,NaN,NaN,NaN,NaN,NaN,NaN,NaN,NaN,NaN,-0.155941675174916,-1.22594904821355,0.639265272745591,-1.09410678063301,0.265399027310107,-0.650994607369326,-0.337274923363896,-0.554211471968889,1.36622904026891,1.36622904026967,NaN,NaN,NaN,NaN,NaN,NaN,-1.28969656797829,NaN,NaN,NaN,NaN,NaN
317.952,1.37500351039279,-1.6473968201496,0.448711092878323,0.314208905752721,1.00687751623071,1.006877516233,NaN,1.04471221006934,-1.05354321178985,0.152123443267214,-1.07733836297465,0.152123443267296,NaN,NaN,NaN,NaN,NaN,-0.590783951985231,NaN,NaN,NaN,NaN,NaN,NaN,NaN,NaN,NaN,NaN,NaN,-0.151900463185075,-1.18168959071151,0.60565920591497,-1.070629100829,0.275122957476052,-0.652312620580608,-0.318416708866162,-0.571221259798779,1.34424411169714,1.34424411169791,NaN,NaN,NaN,NaN,NaN,NaN,-1.29716892704429,NaN,NaN,NaN,NaN,NaN
318.0544,1.36970322758965,-1.68534499541056,0.423564611423461,0.293156120325253,0.978300629696733,0.978300629699044,NaN,1.03116684117473,-1.03872519009025,0.137385032914567,-1.0691996026044,0.137385032914646,NaN,NaN,NaN,NaN,NaN,-0.595255495628697,NaN,NaN,NaN,NaN,NaN,NaN,NaN,NaN,NaN,NaN,NaN,-0.149597967161341,-1.1362852836108,0.570799161275514,-1.04712962373027,0.285073893004904,-0.653334096855909,-0.298664837184933,-0.58719266685282,1.32270260543523,1.322702605436,NaN,NaN,NaN,NaN,NaN,NaN,-1.30477966673852,NaN,NaN,NaN,NaN,NaN
318.1568,1.36306330868047,-1.72171141338543,0.39796866188256,0.272583656992885,0.949875985890742,0.949875985893073,NaN,1.01653182320058,-1.02236735089652,0.121853284734659,-1.06040975085387,0.121853284734736,NaN,NaN,NaN,NaN,NaN,-0.599230664416254,NaN,NaN,NaN,NaN,NaN,NaN,NaN,NaN,NaN,NaN,NaN,-0.14902444670402,-1.08981216354227,0.534768218948639,-1.02361010811664,0.295256901990222,-0.654074735174289,-0.278030275385135,-0.602117860046002,1.30163175796778,1.30163175796856,NaN,NaN,NaN,NaN,NaN,NaN,-1.31253445221236,NaN,NaN,NaN,NaN,NaN
318.2592,1.35510944127269,-1.7564953767329,0.371948264498126,0.252452239849113,0.921669457343364,0.921669457345714,NaN,1.00083003439454,-1.00447564384527,0.105513472282326,-1.05098044311665,0.105513472282406,NaN,NaN,NaN,NaN,NaN,-0.602677933739764,NaN,NaN,NaN,NaN,NaN,NaN,NaN,NaN,NaN,NaN,NaN,-0.150162161460229,-1.04234855561293,0.49765143143678,-1.00007316942491,0.305676248213439,-0.654551726450343,-0.256527768160476,-0.615990544288897,1.28105467264944,1.28105467265022,NaN,NaN,NaN,NaN,NaN,NaN,-1.32043762864153,NaN,NaN,NaN,NaN,NaN
318.3616,1.34587064635818,-1.78970037791958,0.345529423666826,0.232721322230075,0.893746285965015,0.893746285967385,NaN,0.984082543548607,-0.985060827953656,0.0883544464614792,-1.04092594892979,0.0883544464615597,NaN,NaN,NaN,NaN,NaN,-0.605566640332672,NaN,NaN,NaN,NaN,NaN,NaN,NaN,NaN,NaN,NaN,NaN,-0.152985269576744,-0.993975226903449,0.459535780588036,-0.976522604055762,0.316335035785922,-0.654783367168811,-0.234176058499137,-0.628805944670317,1.26099036366755,1.26099036366834,NaN,NaN,NaN,NaN,NaN,NaN,-1.32849216304078,NaN,NaN,NaN,NaN,NaN
318.464,1.33537921356482,-1.82133389242669,0.318739175116342,0.213349435799482,0.866170925566849,0.86617092556924,NaN,0.966308564336473,-0.964138509820173,0.070368798644403,-1.03026305952492,0.0703687986444795,NaN,NaN,NaN,NaN,NaN,-0.607866977894932,NaN,NaN,NaN,NaN,NaN,NaN,NaN,NaN,NaN,NaN,NaN,-0.157459816824462,-0.944775527279993,0.42051013212642,-0.952963695996596,0.327234862611822,-0.654788669219275,-0.21099808432269,-0.640560791220673,1.24145381986467,1.24145381986546,NaN,NaN,NaN,NaN,NaN,NaN,-1.33669959935279,NaN,NaN,NaN,NaN,NaN
318.5664,1.32367062892816,-1.85140716889364,0.291605627523193,0.194294523372495,0.839006888953821,0.83900688895623,NaN,0.947525422486063,-0.94172917892607,0.0515529994662025,-1.01901096007424,0.0515529994662797,NaN,NaN,NaN,NaN,NaN,-0.609550001842291,NaN,NaN,NaN,NaN,NaN,NaN,NaN,NaN,NaN,NaN,NaN,-0.163543816467729,-0.894835511197565,0.380665187715132,-0.929403495149301,0.33837550791215,-0.654586990032908,-0.187021130796466,-0.651253310247695,1.22245608457756,1.22245608457836,NaN,NaN,NaN,NaN,NaN,NaN,-1.34506002565282,NaN,NaN,NaN,NaN,NaN
318.6688,1.31078348418405,-1.87993501430553,0.264157989016684,0.175514248563795,0.812316599348361,0.81231659935079,NaN,0.927748542833608,-0.917858239753911,0.0319075085603287,-1.00719108858165,0.0319075085604032,NaN,NaN,NaN,NaN,NaN,-0.610587655229986,NaN,NaN,NaN,NaN,NaN,NaN,NaN,NaN,NaN,NaN,NaN,-0.171187416595425,-0.844244017839632,0.340093419176669,-0.905851052566381,0.349754676328935,-0.654197709191263,-0.162276926663928,-0.660883225973617,1.20400435387141,1.20400435387221,NaN,NaN,NaN,NaN,NaN,NaN,-1.35357204933451,NaN,NaN,NaN,NaN,NaN
318.7712,1.29675935956408,-1.90693557102599,0.236426572564901,0.156966277639202,0.786161243247083,0.786161243249532,NaN,0.906991457969417,-0.892556033624443,0.011436858424981,-0.994826990519613,0.0114368584250469,NaN,NaN,NaN,NaN,NaN,-0.610952820341559,NaN,NaN,NaN,NaN,NaN,NaN,NaN,NaN,NaN,NaN,NaN,-0.180333155655988,-0.793092689360723,0.298888967503554,-0.882317604911283,0.361367804902802,-0.653639962736436,-0.136801686774032,-0.669451769439378,1.18610209311285,1.18610209311366,NaN,NaN,NaN,NaN,NaN,NaN,-1.36223278043857,NaN,NaN,NaN,NaN,NaN
318.8736,1.28164267765112,-1.93243008545976,0.208442778012686,0.138608531232001,0.760600628411836,0.760600628414303,NaN,0.885265840490702,-0.865857843223046,-0.00985028002491611,-0.981944180630662,-0.00985028002485229,NaN,NaN,NaN,NaN,NaN,-0.610619386474164,NaN,NaN,NaN,NaN,NaN,NaN,NaN,NaN,NaN,NaN,NaN,-0.190916305201716,-0.74147592310464,0.257147502606617,-0.858816707352518,0.373207931014149,-0.652932432860523,-0.110636101647313,-0.676961688161868,1.16874916835471,1.16874916835553,NaN,NaN,NaN,NaN,NaN,NaN,-1.37103782618211,NaN,NaN,NaN,NaN,NaN
318.976,1.26548053364629,-1.95644267260149,0.180239053656975,0.120399410436948,0.735693051401046,0.735693051403529,NaN,0.862581564478448,-0.83780387038253,-0.0319410454839377,-0.96857001555614,-0.0319410454838725,NaN,NaN,NaN,NaN,NaN,-0.609562321402766,NaN,NaN,NaN,NaN,NaN,NaN,NaN,NaN,NaN,NaN,NaN,-0.202865285345362,-0.689490759629125,0.214966049247148,-0.835364309689358,0.385265617961447,-0.652093185336024,-0.0838252705752338,-0.683417256602645,1.15194199306669,1.15194199306752,NaN,NaN,NaN,NaN,NaN,NaN,-1.37998129836554,NaN,NaN,NaN,NaN,NaN
319.0784,1.24832251347185,-1.97900008340492,0.151848844657641,0.102298009263461,0.7114951659069,0.711495165909398,NaN,0.838946804388413,-0.808439168650199,-0.0548183493571382,-0.954733570967871,-0.0548183493570727,NaN,NaN,NaN,NaN,NaN,-0.607757742443262,NaN,NaN,NaN,NaN,NaN,NaN,NaN,NaN,NaN,NaN,NaN,-0.216102129111517,-0.637236700660202,0.172442781117784,-0.811978762810026,0.39752892792672,-0.651139540415012,-0.0564185802847702,-0.688824296038693,1.13567369745977,1.13567369746061,NaN,NaN,NaN,NaN,NaN,NaN,-1.38905583773089,NaN,NaN,NaN,NaN,NaN
319.1808,1.23022051182878,-2.00013148447872,0.123306534888918,0.0842643214517806,0.688061835114562,0.688061835117073,NaN,0.81436817893755,-0.777813509498918,-0.0784608639233293,-0.940465517473684,-0.0784608639232692,NaN,NaN,NaN,NaN,NaN,-0.605182989149816,NaN,NaN,NaN,NaN,NaN,NaN,NaN,NaN,NaN,NaN,NaN,-0.230542978219511,-0.584815452398863,0.129676782625676,-0.78868074844412,0.409983427561549,-0.650087957346022,-0.0284695330793118,-0.693190210724909,1.11993432812695,1.1199343281278,NaN,NaN,NaN,NaN,NaN,NaN,-1.39825266587378,NaN,NaN,NaN,NaN,NaN
319.2832,1.21122855745051,-2.01986826067808,0.0946473835936976,0.0662594388780349,0.665445962303236,0.665445962305759,NaN,0.788850938728943,-0.745981174474765,-0.10284305039058,-0.925797997627674,-0.102843050390522,NaN,NaN,NaN,NaN,NaN,-0.601816700505656,NaN,NaN,NaN,NaN,NaN,NaN,NaN,NaN,NaN,NaN,NaN,-0.246098613491629,-0.532330600395899,0.0867677810448479,-0.765493138630584,0.422612220348928,-0.648953920053149,-3.55196339938689e-05,-0.696524035737091,1.10471107885122,1.10471107885207,NaN,NaN,NaN,NaN,NaN,NaN,-1.40756167533641,NaN,NaN,NaN,NaN,NaN
319.3856,1.19140264437329,-2.03824384512504,0.0659074533125293,0.0482457317230995,0.643698312290536,0.643698312293071,NaN,0.762399184351017,-0.713000683217508,-0.127935232571275,-0.910764509374041,-0.127935232571214,NaN,NaN,NaN,NaN,NaN,-0.597638901012515,NaN,NaN,NaN,NaN,NaN,NaN,NaN,NaN,NaN,NaN,NaN,-0.262675049610538,-0.479887221482918,0.0438158490205962,-0.742440794180693,0.435396016580352,-0.64775183192104,0.0288224756071582,-0.698836484288398,1.08998854746232,1.08998854746318,NaN,NaN,NaN,NaN,NaN,NaN,-1.41697155972587,NaN,NaN,NaN,NaN,NaN
319.488,1.1708005603163,-2.05529357183927,0.0371235230867467,0.0301869950895824,0.622867346620282,0.622867346622829,NaN,0.735016100420019,-0.678934474538439,-0.153703710991415,-0.89539979396901,-0.153703710991354,NaN,NaN,NaN,NaN,NaN,-0.592631101830289,NaN,NaN,NaN,NaN,NaN,NaN,NaN,NaN,NaN,NaN,NaN,-0.280174232842435,-0.427591431324637,0.000921071480747718,-0.719550308764943,0.448313262674527,-0.646494945810925,0.0580402464562743,-0.700139987132813,1.07574901471034,1.0757490147112,NaN,NaN,NaN,NaN,NaN,NaN,-1.42646997865513,NaN,NaN,NaN,NaN,NaN
319.5904,1.14948170075596,-2.07105454265028,0.00833298038342087,0.0120485484025986,0.602999089305767,0.602999089308326,NaN,0.706704200443085,-0.64384855318533,-0.180110918741833,-0.879739714643156,-0.180110918741771,NaN,NaN,NaN,NaN,NaN,-0.586776424882007,NaN,NaN,NaN,NaN,NaN,NaN,NaN,NaN,NaN,NaN,NaN,-0.298494856661672,-0.375549871866648,-0.0418168264478418,-0.696849711007649,0.46134034449695,-0.645195352977539,0.0875508128214566,-0.700448725510851,1.06197274380245,1.06197274380331,NaN,NaN,NaN,NaN,NaN,NaN,-1.4360437522485,NaN,NaN,NaN,NaN,NaN
319.6928,1.12750686153128,-2.08556550261447,-0.0204263120786995,-0.00620270963203988,0.584137021770514,0.584137021773083,NaN,0.677465584994929,-0.607812105196303,-0.207115633515015,-0.86382110982566,-0.207115633514952,NaN,NaN,NaN,NaN,NaN,-0.58005976247513,NaN,NaN,NaN,NaN,NaN,NaN,NaN,NaN,NaN,NaN,NaN,-0.317533276466997,-0.323869157923959,-0.0842988815588615,-0.674368143403536,0.474451858517213,-0.643864034332595,0.117284926478425,-0.699778661458573,1.04863829691186,1.04863829691272,NaN,NaN,NaN,NaN,NaN,NaN,-1.4456790800336,NaN,NaN,NaN,NaN,NaN
319.7952,1.10493801067923,-2.09886672132358,-0.0491161725497122,-0.0245982714813525,0.566321994840163,0.566321994842745,NaN,0.647302214549995,-0.570897083386262,-0.234673256536764,-0.847681617589486,-0.234673256536697,NaN,NaN,NaN,NaN,NaN,-0.572467982460301,NaN,NaN,NaN,NaN,NaN,NaN,NaN,NaN,NaN,NaN,NaN,-0.33718448577772,-0.272655311557796,-0.126427303861875,-0.652135534609515,0.487620929570299,-0.642510961334269,0.147171607228644,-0.698147566065538,1.03572285925472,1.03572285925559,NaN,NaN,NaN,NaN,NaN,NaN,-1.45536177452709,NaN,NaN,NaN,NaN,NaN
319.8976,1.08183804658062,-2.11099987862923,-0.0776982719409665,-0.0431679964131473,0.549592150119923,0.549592150122516,NaN,0.616216192322168,-0.533177777540473,-0.262736147526773,-0.831359483520743,-0.262736147526699,NaN,NaN,NaN,NaN,NaN,-0.563990169216432,NaN,NaN,NaN,NaN,NaN,NaN,NaN,NaN,NaN,NaN,NaN,-0.357343107159171,-0.222013213022722,-0.168105874998806,-0.630182280074215,0.500819550187337,-0.641145227151862,0.177138682998697,-0.695575043650763,1.02320255778735,1.02320255778821,NaN,NaN,NaN,NaN,NaN,NaN,-1.46507749560719,NaN,NaN,NaN,NaN,NaN
320,1.05827055107611,-2.12200795172318,-0.106134311061101,-0.0619400802252099,0.533982849078827,0.533982849081431,NaN,0.584210049098461,-0.494730394217081,-0.291253986003201,-0.814893368574885,-0.291253986003117,NaN,NaN,NaN,NaN,NaN,-0.554617872467823,NaN,NaN,NaN,NaN,NaN,NaN,NaN,NaN,NaN,NaN,NaN,-0.377904349005077,-0.172046092030831,-0.209240318524494,-0.608538947823347,0.514018916710971,-0.639775184806444,0.207113313436448,-0.692082551426741,1.01105276365098,1.01105276365185,NaN,NaN,NaN,NaN,NaN,NaN,-1.47481197256997,NaN,NaN,NaN,NaN,NaN
320.1024,1.03429954337493,-2.13193509772478,-0.134386194716406,-0.080941018883803,0.519526606972572,0.519526606975185,NaN,0.551287023372414,-0.455632664637464,-0.320174130077739,-0.798322165894375,-0.320174130077642,NaN,NaN,NaN,NaN,NaN,-0.544345340178659,NaN,NaN,NaN,NaN,NaN,NaN,NaN,NaN,NaN,NaN,NaN,-0.398764893236208,-0.122855072128387,-0.24973863479589,-0.587236019932436,0.527189743159432,-0.63840857223148,0.2370224842954,-0.687693417229675,0.999248372723001,0.999248372723879,NaN,NaN,NaN,NaN,NaN,NaN,-1.4845512045686,NaN,NaN,NaN,NaN,NaN
320.2048,1.00998923602629,-2.14082652751265,-0.162416199203221,-0.100195570074738,0.506253027400683,0.506253027403305,NaN,0.517451334834938,-0.415963486745278,-0.349441958378644,-0.781684825223012,-0.349441958378539,NaN,NaN,NaN,NaN,NaN,-0.533169725120315,NaN,NaN,NaN,NaN,NaN,NaN,NaN,NaN,NaN,NaN,NaN,-0.419823699873121,-0.0745387665424202,-0.289511400238808,-0.566303666565834,0.540302545036875,-0.637052616038083,0.266793467391011,-0.68243285666413,0.987764062766841,0.987764062767723,NaN,NaN,NaN,NaN,NaN,NaN,-1.49428163358072,NaN,NaN,NaN,NaN,NaN
320.3072,0.985403788973219,-2.14872837451233,-0.190187138974253,-0.119726709500078,0.494188737074233,0.494188737076862,NaN,0.482708455336587,-0.375802600671736,-0.379001191598776,-0.765020181553437,-0.37900119159866,NaN,NaN,NaN,NaN,NaN,-0.521091258222374,NaN,NaN,NaN,NaN,NaN,NaN,NaN,NaN,NaN,NaN,NaN,-0.440982727577551,-0.0271929173586988,-0.328472033447491,-0.545771542596552,0.5533278939852,-0.635714116138788,0.296354245049614,-0.676327985593169,0.976574527778489,0.976574527779377,NaN,NaN,NaN,NaN,NaN,NaN,-1.50399028657871,NaN,NaN,NaN,NaN,NaN
320.4096,0.960607055062626,-2.15568756838036,-0.217662544092402,-0.13955557179406,0.483357323065666,0.483357323068301,NaN,0.447065382405772,-0.335230294157893,-0.408794193652324,-0.748366790011344,-0.408794193652191,NaN,NaN,NaN,NaN,NaN,-0.508113381907185,NaN,NaN,NaN,NaN,NaN,NaN,NaN,NaN,NaN,NaN,NaN,-0.462147573131231,0.019089926159093,-0.366537029265908,-0.525668601490588,0.566236647563094,-0.63439951607362,0.325633901456079,-0.669407819461213,0.965654689095223,0.965654689096115,NaN,NaN,NaN,NaN,NaN,NaN,-1.51366488494036,NaN,NaN,NaN,NaN,NaN
320.512,0.935662315564774,-2.16175171924787,-0.244806852854157,-0.159701372089621,0.473779272615908,0.473779272618548,NaN,0.410530911039133,-0.294327135600797,-0.438762254688873,-0.731762770855931,-0.43876225468873,NaN,NaN,NaN,NaN,NaN,-0.494242841801478,NaN,NaN,NaN,NaN,NaN,NaN,NaN,NaN,NaN,NaN,NaN,-0.483228028434416,0.0642206928312891,-0.403626163560272,-0.506022925989422,0.579000157186005,-0.633114960117371,0.354562985858817,-0.661703252581663,0.954979878375916,0.954979878376811,NaN,NaN,NaN,NaN,NaN,NaN,-1.52329391967815,NaN,NaN,NaN,NaN,NaN
320.6144,0.91063201015368,-2.16696900791054,-0.271585612872043,-0.180181315449317,0.465471914850296,0.465471914852938,NaN,0.37311588769169,-0.253173733695012,-0.468845858927626,-0.715245666281645,-0.468845858927473,NaN,NaN,NaN,NaN,NaN,-0.479489740311083,NaN,NaN,NaN,NaN,NaN,NaN,NaN,NaN,NaN,NaN,NaN,-0.504138547196525,0.10811405048244,-0.43966267801337,-0.486861569428517,0.591590453211158,-0.631866334158045,0.383073849640909,-0.653247018898596,0.944525984318088,0.944525984318988,NaN,NaN,NaN,NaN,NaN,NaN,-1.53286669488432,NaN,NaN,NaN,NaN,NaN
320.7168,0.885577460646993,-2.17138807254185,-0.29796568630801,-0.201010501086973,0.458449367439806,0.45844936744245,NaN,0.33483343444753,-0.211850514895898,-0.498984937398225,-0.698852311211426,-0.498984937398064,NaN,NaN,NaN,NaN,NaN,-0.463867558074166,NaN,NaN,NaN,NaN,NaN,NaN,NaN,NaN,NaN,NaN,NaN,-0.524798617927739,0.150688662290812,-0.474573458097017,-0.468210394379714,0.603980405053951,-0.630659289091369,0.411100954500021,-0.644073644063695,0.934269557385763,0.934269557386667,NaN,NaN,NaN,NaN,NaN,NaN,-1.5423733498753,NaN,NaN,NaN,NaN,NaN
320.8192,0.860558578892456,-2.17505788357328,-0.32391546406582,-0.222201818367106,0.452722493622061,0.452722493624706,NaN,0.295699150875461,-0.170437501898087,-0.529119103238737,-0.682618722063606,-0.529119103238569,NaN,NaN,NaN,NaN,NaN,-0.447393151378744,NaN,NaN,NaN,NaN,NaN,NaN,NaN,NaN,NaN,NaN,NaN,-0.545133052296519,0.191867449601008,-0.508289211936378,-0.450093901753711,0.616143855442308,-0.629499249346689,0.438581146213706,-0.634219399667565,0.924187872947607,0.924187872948517,NaN,NaN,NaN,NaN,NaN,NaN,-1.5518048747899,NaN,NaN,NaN,NaN,NaN
320.9216,0.835633549665786,-2.178027598596,-0.349405093403209,-0.243765830106969,0.44829887141908,0.448298871421726,NaN,0.255731309177721,-0.129014085436797,-0.559187869141831,-0.666580005315599,-0.559187869141647,NaN,NaN,NaN,NaN,NaN,-0.430086730292457,NaN,NaN,NaN,NaN,NaN,NaN,NaN,NaN,NaN,NaN,NaN,-0.565072201582207,0.231577857685002,-0.540744649759636,-0.432535055822147,0.628055726395625,-0.628391407952,0.465453886906448,-0.623722265158912,0.91425895769595,0.914258957696866,NaN,NaN,NaN,NaN,NaN,NaN,-1.56115312991125,NaN,NaN,NaN,NaN,NaN
321.024,0.810858485340699,-2.18034639019631,-0.374406718325922,-0.265710649573238,0.445182771150332,0.445182771152979,NaN,0.214951044541894,-0.0876587989116526,-0.5891308509055,-0.650770282278902,-0.589130850905303,NaN,NaN,NaN,NaN,NaN,-0.411971811299151,NaN,NaN,NaN,NaN,NaN,NaN,NaN,NaN,NaN,NaN,NaN,-0.584552107037071,0.269752116403976,-0.571878660638927,-0.415555113714754,0.639692093313118,-0.627340705880366,0.491661441256097,-0.612621897159391,0.904461585655373,0.904461585656296,NaN,NaN,NaN,NaN,NaN,NaN,-1.57041087089855,NaN,NaN,NaN,NaN,NaN
321.1264,0.786287052799309,-2.18206324742991,-0.39889473268683,-0.288041821872681,0.443375137980075,0.443375137982726,NaN,0.173382528157174,-0.0464491096102557,-0.618887962765933,-0.635222622491666,-0.618887962765724,NaN,NaN,NaN,NaN,NaN,-0.39307513016252,NaN,NaN,NaN,NaN,NaN,NaN,NaN,NaN,NaN,NaN,NaN,-0.603514584358046,0.30632748683728,-0.601634481301385,-0.39917346650801,0.651030226490249,-0.626351793018671,0.517149018873926,-0.600959600884699,0.894775250182855,0.894775250183786,NaN,NaN,NaN,NaN,NaN,NaN,-1.57957177494358,NaN,NaN,NaN,NaN,NaN
321.2288,0.761970074879895,-2.18322676219654,-0.422846049738964,-0.310762210079737,0.442873581906107,0.442873581908759,NaN,0.13105311051975,-0.00546123112435971,-0.648399608223769,-0.619968978054987,-0.648399608223541,NaN,NaN,NaN,NaN,NaN,-0.373426503767773,NaN,NaN,NaN,NaN,NaN,NaN,NaN,NaN,NaN,NaN,NaN,-0.621907241003833,0.341246483558179,-0.62995985006955,-0.383407498742647,0.662048603119586,-0.625428970199001,0.541864880135035,-0.588778293530624,0.885180115789606,0.885180115790549,NaN,NaN,NaN,NaN,NaN,NaN,-1.58863045789748,NaN,NaN,NaN,NaN,NaN
321.3312,0.737955109849527,-2.1838849130639,-0.446240391429029,-0.333871878052264,0.443672377401547,0.4436723774042,NaN,0.0879934328245298,0.0352300480390414,-0.677606867705099,-0.605040114653473,-0.677606867704856,NaN,NaN,NaN,NaN,NaN,-0.353058638741529,NaN,NaN,NaN,NaN,NaN,NaN,NaN,NaN,NaN,NaN,NaN,-0.639683424209951,0.374457070603951,-0.65680714463099,-0.368272467683164,0.672726894908226,-0.624576114312286,0.565760413577866,-0.576122449767103,0.875656947601096,0.875656947602051,NaN,NaN,NaN,NaN,NaN,NaN,-1.59758247267253,NaN,NaN,NaN,NaN,NaN
321.4336,0.714286015670444,-2.18408484919195,-0.469060592336968,-0.357367965821624,0.445762469638739,0.445762469641392,NaN,0.044237511436749,0.0755515249246493,-0.70645168092656,-0.590465539863137,-0.706451680926301,NaN,NaN,NaN,NaN,NaN,-0.33200689008282,NaN,NaN,NaN,NaN,NaN,NaN,NaN,NaN,NaN,NaN,NaN,-0.656802099981062,0.405912841684624,-0.682133511400423,-0.353781396356323,0.683045937406349,-0.623796591283863,0.58879019121571,-0.563038028134142,0.866187011893138,0.866187011894104,NaN,NaN,NaN,NaN,NaN,NaN,-1.60642428582512,NaN,NaN,NaN,NaN,NaN
321.536,0.691002513576178,-2.18387266917433,-0.491292901591056,-0.381244560450711,0.449131486235583,0.449131486238234,NaN,-0.00017720516544426,0.115431727913831,-0.734877014757911,-0.576273433310935,-0.734877014757634,NaN,NaN,NaN,NaN,NaN,-0.310308973196606,NaN,NaN,NaN,NaN,NaN,NaN,NaN,NaN,NaN,NaN,NaN,-0.673227671670194,0.43557319315756,-0.705900993576434,-0.3399449768002,0.692987686179364,-0.62309316312163,0.610912004073999,-0.549572387110225,0.856751943811456,0.856751943812436,NaN,NaN,NaN,NaN,NaN,NaN,-1.61515323769227,NaN,NaN,NaN,NaN,NaN
321.6384,0.668139773820806,-2.18329319179235,-0.51292725922898,-0.405492569126648,0.45376376164806,0.453763761650711,NaN,-0.0452098185119732,0.154801036646717,-0.762827003602168,-0.562490585279495,-0.762827003601878,NaN,NaN,NaN,NaN,NaN,-0.288004635438214,NaN,NaN,NaN,NaN,NaN,NaN,NaN,NaN,NaN,NaN,NaN,-0.688929754279969,0.463403484439017,-0.728076654870103,-0.32677148790827,0.702535162771812,-0.622467894098189,0.632086877213027,-0.535774202180613,0.84733358717233,0.847333587173324,NaN,NaN,NaN,NaN,NaN,NaN,-1.62376749488745,NaN,NaN,NaN,NaN,NaN
321.7408,0.645728048269455,-2.18238972093014,-0.533957524520282,-0.430099605042914,0.459640381041509,0.459640381044158,NaN,-0.0908160120353274,0.193591768500191,-0.790247057508804,-0.549142349911276,-0.790247057508501,NaN,NaN,NaN,NaN,NaN,-0.265135301626951,NaN,NaN,NaN,NaN,NaN,NaN,NaN,NaN,NaN,NaN,NaN,-0.703882920444801,0.489375173019701,-0.748632688135013,-0.314266733113597,0.711672392551969,-0.621922057399968,0.652279066832992,-0.521693388055521,0.837913819597125,0.837913819598133,NaN,NaN,NaN,NaN,NaN,NaN,-1.63226600009811,NaN,NaN,NaN,NaN,NaN
321.8432,0.623792365438294,-2.1812038079747,-0.554381643028464,-0.455049896804337,0.466739240739894,0.466739240742545,NaN,-0.136948127955569,0.23173823324271,-0.817083946125697,-0.536252616104251,-0.817083946125387,NaN,NaN,NaN,NaN,NaN,-0.24174371275209,NaN,NaN,NaN,NaN,NaN,NaN,NaN,NaN,NaN,NaN,NaN,-0.718066428783731,0.513465914620738,-0.767546497654606,-0.302433996756419,0.720384336667182,-0.621456039055655,0.671456048620731,-0.507381017509327,0.828474377206373,0.828474377207396,NaN,NaN,NaN,NaN,NaN,NaN,-1.64064841840163,NaN,NaN,NaN,NaN,NaN
321.9456,0.602352288922907,-2.17977501209363,-0.574201751719191,-0.480324223806267,0.475035116845883,0.475035116848532,NaN,-0.183555268581814,0.269176761396732,-0.843285869672144,-0.523843794544167,-0.843285869671827,NaN,NaN,NaN,NaN,NaN,-0.217873572822746,NaN,NaN,NaN,NaN,NaN,NaN,NaN,NaN,NaN,NaN,NaN,-0.731463939231029,0.535659626365725,-0.784800748325641,-0.291274012426581,0.728656819905073,-0.621069235056319,0.689588506819172,-0.492889220344855,0.818996688120177,0.818996688121214,NaN,NaN,NaN,NaN,NaN,NaN,-1.64891507692449,NaN,NaN,NaN,NaN,NaN
322.048,0.581421732785794,-2.17814065626143,-0.593424227159272,-0.505899871853558,0.484499736008919,0.484499736011568,NaN,-0.2305834018581,0.305845710519169,-0.868802521557716,-0.511936815975395,-0.868802521557394,NaN,NaN,NaN,NaN,NaN,-0.193569214108192,NaN,NaN,NaN,NaN,NaN,NaN,NaN,NaN,NaN,NaN,NaN,-0.744063213974532,0.555946517519822,-0.800383381327523,-0.280784934983198,0.736476455727335,-0.620759941662324,0.706650326720781,-0.478271049987242,0.809461722418581,0.809461722419629,NaN,NaN,NaN,NaN,NaN,NaN,-1.65706689454895,NaN,NaN,NaN,NaN,NaN
322.1504,0.561008831604906,-2.17633557975622,-0.612059679393295,-0.531750602991872,0.495101846163328,0.495101846165974,NaN,-0.277975466208946,0.341685455097702,-0.893585141213391,-0.500551137822791,-0.893585141213062,NaN,NaN,NaN,NaN,NaN,-0.16887529216154,NaN,NaN,NaN,NaN,NaN,NaN,NaN,NaN,NaN,NaN,NaN,-0.755855800822188,0.574323094780807,-0.814287600079176,-0.270962310260406,0.743830570500308,-0.620525243834962,0.722618588050192,-0.463580315978622,0.799849869066626,0.799849869067682,NaN,NaN,NaN,NaN,NaN,NaN,-1.66510529870158,NaN,NaN,NaN,NaN,NaN
322.2528,0.541115867481176,-2.17439189274889,-0.630122892264475,-0.557846635284286,0.506807288215295,0.506807288217937,NaN,-0.325671479251058,0.376638372198778,-0.917586553267637,-0.489704762215917,-0.917586553267311,NaN,NaN,NaN,NaN,NaN,-0.14383652200565,NaN,NaN,NaN,NaN,NaN,NaN,NaN,NaN,NaN,NaN,NaN,-0.766836701912756,0.590792147332334,-0.826511831856441,-0.26179904185184,0.75070713132388,-0.620360909039368,0.737473558560253,-0.448871389265059,0.790140849198197,0.790140849199264,NaN,NaN,NaN,NaN,NaN,NaN,-1.67303212829843,NaN,NaN,NaN,NaN,NaN
322.3552,0.521739252932579,-2.17233873649999,-0.647632713067296,-0.584154628228949,0.519579070151872,0.51957907015451,NaN,-0.373608651881557,0.410648837498688,-0.940761190228728,-0.479414270107,-0.940761190228409,NaN,NaN,NaN,NaN,NaN,-0.118497460776908,NaN,NaN,NaN,NaN,NaN,NaN,NaN,NaN,NaN,NaN,NaN,-0.777004037232242,0.605362716811117,-0.837059672223856,-0.253285357175506,0.757094683299511,-0.620261292087894,0.751198692412064,-0.434198989850854,0.780313669318728,0.780313669319805,NaN,NaN,NaN,NaN,NaN,NaN,-1.68084952528671,NaN,NaN,NaN,NaN,NaN
322.4576,0.502869564410657,-2.17020204489172,-0.664611894325059,-0.610637671213169,0.53337744179732,0.533377441799954,NaN,-0.421721508433362,0.443663238699405,-0.963065102102435,-0.469694869778192,-0.96306510210212,NaN,NaN,NaN,NaN,NaN,-0.0929023356253774,NaN,NaN,NaN,NaN,NaN,NaN,NaN,NaN,NaN,NaN,NaN,-0.78635870892479,0.618050058710788,-0.845939818955932,-0.24540877198052,0.762982298976353,-0.620219251826732,0.763780638053143,-0.419617960824117,0.77034661444806,0.77034661444915,NaN,NaN,NaN,NaN,NaN,NaN,-1.68855981810558,NaN,NaN,NaN,NaN,NaN
322.56,0.484491623092846,-2.16800429966313,-0.68108688686966,-0.637255276043803,0.548159969107489,0.548159969110118,NaN,-0.469942015313529,0.475630006298484,-0.984455962625827,-0.460560451171217,-0.984455962625515,NaN,NaN,NaN,NaN,NaN,-0.0670949124974568,NaN,NaN,NaN,NaN,NaN,NaN,NaN,NaN,NaN,NaN,NaN,-0.794904065543949,0.628875596930276,-0.853165995560339,-0.238154050587172,0.76835953711942,-0.620226076618194,0.775209253740278,-0.405183024280423,0.760217282472605,0.760217282473706,NaN,NaN,NaN,NaN,NaN,NaN,-1.69616539855225,NaN,NaN,NaN,NaN,NaN
322.6624,0.466584621715337,-2.16576427851954,-0.697087584970881,-0.66396337928931,0.563881613876043,0.563881613878665,NaN,-0.5181997130045,0.506499663415254,-1.00489307885631,-0.452023639093103,-1.004893078856,NaN,NaN,NaN,NaN,NaN,-0.0411183987345245,NaN,NaN,NaN,NaN,NaN,NaN,NaN,NaN,NaN,NaN,NaN,-0.802645569375921,0.637866863252518,-0.858756856409239,-0.231503163543925,0.773216405232838,-0.620271416122851,0.785477622322819,-0.390948516908731,0.74990266135628,0.749902661357397,NaN,NaN,NaN,NaN,NaN,NaN,-1.70366859432273,NaN,NaN,NaN,NaN,NaN
322.7648,0.449122293531688,-2.16349680924981,-0.712647034214755,-0.690714366257141,0.580494826418965,0.580494826421581,NaN,-0.566421839162907,0.53622489316423,-1.02433739917178,-0.444095846030082,-1.02433739917147,NaN,NaN,NaN,NaN,NaN,-0.015015367191457,NaN,NaN,NaN,NaN,NaN,NaN,NaN,NaN,NaN,NaN,NaN,-0.809590477699498,0.645057408376846,-0.862735863350398,-0.225435249840392,0.777543322088617,-0.620343222213075,0.794582053388135,-0.37696811340333,0.739379242259022,0.739379242260154,NaN,NaN,NaN,NaN,NaN,NaN,-1.71107154377224,NaN,NaN,NaN,NaN,NaN
322.8672,0.432073116270566,-2.16121255287591,-0.727801121141169,-0.717457129491682,0.597949651270784,0.597949651273395,NaN,-0.614533437670002,0.564760606369085,-1.04275150605027,-0.436787329568936,-1.04275150604997,NaN,NaN,NaN,NaN,NaN,0.0111723152530835,NaN,NaN,NaN,NaN,NaN,NaN,NaN,NaN,NaN,NaN,NaN,-0.81574754321896,0.650486675902184,-0.865131129582245,-0.219926591765037,0.781331082503522,-0.620427710048229,0.80252206225946,-0.363294547556024,0.728623146988853,0.728623146990001,NaN,NaN,NaN,NaN,NaN,NaN,-1.71837607979847,NaN,NaN,NaN,NaN,NaN
322.9696,0.415400544727504,-2.15891783559157,-0.742588261192939,-0.744137165042301,0.616193840948899,0.616193840951504,NaN,-0.662457459676889,0.592063985395703,-1.06009958727593,-0.430107256710267,-1.06009958727563,NaN,NaN,NaN,NaN,NaN,0.0374035674152541,NaN,NaN,NaN,NaN,NaN,NaN,NaN,NaN,NaN,NaN,NaN,-0.821126725659692,0.654199842912011,-0.865975237125757,-0.214950605890256,0.78457083228668,-0.620509352459924,0.809300324484257,-0.349979335771177,0.717610244021816,0.717610244022983,NaN,NaN,NaN,NaN,NaN,NaN,-1.72558362280261,NaN,NaN,NaN,NaN,NaN
323.072,0.399063271215296,-2.15661453722865,-0.757049089811157,-0.770696700538716,0.635172973293954,0.635172973296552,NaN,-0.710114867125696,0.618094495907586,-1.07634739748447,-0.424063772703388,-1.07634739748418,NaN,NaN,NaN,NaN,NaN,0.0636381805951598,NaN,NaN,NaN,NaN,NaN,NaN,NaN,NaN,NaN,NaN,NaN,-0.825738903826345,0.656247642481972,-0.865305041736131,-0.210477845421076,0.787254059845777,-0.620570912454194,0.814922612954822,-0.337072508447453,0.706316240667566,0.706316240668747,NaN,NaN,NaN,NaN,NaN,NaN,-1.73269507664868,NaN,NaN,NaN,NaN,NaN
323.1744,0.383015520487607,-2.15430003336797,-0.771226148804869,-0.797074852309029,0.654830566062714,0.654830566065306,NaN,-0.757424751026721,0.642813877332148,-1.09146222838173,-0.418664071471188,-1.09146222838144,NaN,NaN,NaN,NaN,NaN,0.089836902495966,NaN,NaN,NaN,NaN,NaN,NaN,NaN,NaN,NaN,NaN,NaN,-0.829595586387776,0.656686184584291,-0.863161476790107,-0.20647600368795,0.789372604164218,-0.620593509944673,0.819397722432274,-0.324622356502538,0.694716755511857,0.69471675551305,NaN,NaN,NaN,NaN,NaN,NaN,-1.73971072471973,NaN,NaN,NaN,NaN,NaN
323.2768,0.367207385816618,-2.15196718314552,-0.785163557381746,-0.823207815796573,0.675108183306605,0.675108183309188,NaN,-0.804304473178752,0.666186126222634,-1.1054128927084,-0.413914467579518,-1.10541289270812,NaN,NaN,NaN,NaN,NaN,0.11596151312885,NaN,NaN,NaN,NaN,NaN,NaN,NaN,NaN,NaN,NaN,NaN,-0.832708627702936,0.655576781287171,-0.859589358093231,-0.20290991179799,0.790918671903991,-0.620556715409834,0.822737376184684,-0.312675195287728,0.682787381316928,0.682787381318132,NaN,NaN,NaN,NaN,NaN,NaN,-1.74663013150331,NaN,NaN,NaN,NaN,NaN
323.3792,0.351585201259838,-2.14960435429986,-0.798906668135358,-0.849029093255292,0.695945537535445,0.695945537538019,NaN,-0.850669826634518,0.688177482934594,-1.11816970981644,-0.409820470430934,-1.11816970981617,NaN,NaN,NaN,NaN,NaN,0.141974898567048,NaN,NaN,NaN,NaN,NaN,NaN,NaN,NaN,NaN,NaN,NaN,-0.83508995587572,0.652985768745278,-0.854637183065408,-0.199741533140651,0.791884852682607,-0.620438662057452,0.824956103103407,-0.301275139961072,0.670503746251639,0.670503746252853,NaN,NaN,NaN,NaN,NaN,NaN,-1.75345205858746,NaN,NaN,NaN,NaN,NaN
323.4816,0.336091934211994,-2.14719547921435,-0.812501719949727,-0.874469757812318,0.717280599933551,0.717280599936116,NaN,-0.896435200459406,0.708756430547241,-1.12970447445638,-0.406386856836026,-1.12970447445612,NaN,NaN,NaN,NaN,NaN,0.167841133734066,NaN,NaN,NaN,NaN,NaN,NaN,NaN,NaN,NaN,NaN,NaN,-0.836751320102666,0.64898430964299,-0.848356913988039,-0.196929966593868,0.792264125710861,-0.620216169276781,0.826071080806121,-0.290463882228271,0.657841577487172,0.657841577488398,NaN,NaN,NaN,NaN,NaN,NaN,-1.76017440126825,NaN,NaN,NaN,NaN,NaN
323.584,0.320667584934561,-2.14472013852986,-0.825995498781922,-0.89945874866962,0.739049731450066,0.73904973145262,NaN,-0.941513741149107,0.727893713551348,-1.13999039884218,-0.403617732988106,-1.13999039884193,NaN,NaN,NaN,NaN,NaN,0.193525581285114,NaN,NaN,NaN,NaN,NaN,NaN,NaN,NaN,NaN,NaN,NaN,-0.837704067676725,0.643648159296565,-0.840803735994608,-0.194431472564564,0.792049859661,-0.6198648730527,0.826101954695772,-0.280280464008171,0.644776768798147,0.644776768799383,NaN,NaN,NaN,NaN,NaN,NaN,-1.76679414908523,NaN,NaN,NaN,NaN,NaN
323.6864,0.305249590302816,-2.14215367097744,-0.839435008257357,-0.923923192213123,0.761187842877876,0.76118784288042,NaN,-0.985817519870138,0.745562378685539,-1.1490020340416,-0.401516579856791,-1.14900203404135,NaN,NaN,NaN,NaN,NaN,0.218995005894056,NaN,NaN,NaN,NaN,NaN,NaN,NaN,NaN,NaN,NaN,NaN,-0.837958959468448,0.637057388162516,-0.832035786406341,-0.192199528919896,0.791235812876281,-0.61935936391381,0.825070647309025,-0.27076105484219,0.631285451445816,0.631285451447062,NaN,NaN,NaN,NaN,NaN,NaN,-1.77330737088407,NaN,NaN,NaN,NaN,NaN
323.7888,0.289773237383205,-2.13946731128586,-0.852867145672117,-0.947788749885398,0.783628583637715,0.783628583640249,NaN,-1.0292577251234,0.761737830005407,-1.15671518769487,-0.400086286137003,-1.15671518769464,NaN,NaN,NaN,NaN,NaN,0.244217699788656,NaN,NaN,NaN,NaN,NaN,NaN,NaN,NaN,NaN,NaN,NaN,-0.837526023322607,0.629296065167409,-0.822113858456758,-0.190184913997468,0.789816143343246,-0.618673340799679,0.823001166378743,-0.261938744618835,0.617344061709044,0.617344061710298,NaN,NaN,NaN,NaN,NaN,NaN,-1.77970921962769,NaN,NaN,NaN,NaN,NaN
323.8912,0.27417209751906,-2.13662836234466,-0.866338376421958,-0.970979998213949,0.806304554231078,0.806304554233599,NaN,-1.07174489632342,0.776397882155229,-1.16310685665251,-0.399329179178902,-1.16310685665229,NaN,NaN,NaN,NaN,NaN,0.269163618660022,NaN,NaN,NaN,NaN,NaN,NaN,NaN,NaN,NaN,NaN,NaN,-0.836414438450956,0.62045191004553,-0.8111010841848,-0.188335810166012,0.787785437752721,-0.617779792947307,0.819919414685991,-0.253843359782276,0.602929392777018,0.602929392778282,NaN,NaN,NaN,NaN,NaN,NaN,-1.78599394766423,NaN,NaN,NaN,NaN,NaN
323.9936,0.258378492057922,-2.13360040834714,-0.879894399728422,-0.993420843610786,0.82914754316122,0.82914754316373,NaN,-1.11318920419068,0.789522800725772,-1.16815518637382,-0.399247062019281,-1.16815518637361,NaN,NaN,NaN,NaN,NaN,0.293804532300647,NaN,NaN,NaN,NaN,NaN,NaN,NaN,NaN,NaN,NaN,NaN,-0.83463244444426,0.610615920734775,-0.799062600030181,-0.186597923113268,0.78513876162093,-0.616651215393783,0.815852998141667,-0.24650130650658,0.588018622278804,0.588018622280079,NaN,NaN,NaN,NaN,NaN,NaN,-1.79215492589019,NaN,NaN,NaN,NaN,NaN
324.096,0.242323992419092,-2.13034357238857,-0.893579804909361,-1.01503497255829,0.852088795467357,0.852088795469854,NaN,-1.15350078024338,0.801095330686194,-1.17183945638878,-0.399841257670578,-1.17183945638859,NaN,NaN,NaN,NaN,NaN,0.318114196234414,NaN,NaN,NaN,NaN,NaN,NaN,NaN,NaN,NaN,NaN,NaN,-0.832187270410395,0.59988198039259,-0.786065198026764,-0.184914613576749,0.78187172196428,-0.615259852767342,0.810831021383846,-0.239935441364912,0.572589315334959,0.572589315336244,NaN,NaN,NaN,NaN,NaN,NaN,-1.79818466958731,NaN,NaN,NaN,NaN,NaN
324.1984,0.225939942770978,-2.12681481781768,-0.907437729080155,-1.03574633908155,0.875059313507631,0.875059313510112,NaN,-1.19259009570465,0.811100716574515,-1.17414008534072,-0.401112655471444,-1.17414008534054,NaN,NaN,NaN,NaN,NaN,0.342068545684974,NaN,NaN,NaN,NaN,NaN,NaN,NaN,NaN,NaN,NaN,NaN,-0.829085082122335,0.588346449349653,-0.772176966341969,-0.183227038255708,0.777980533574679,-0.613577960075697,0.804883867487946,-0.234164969407976,0.556619405485458,0.556619405486756,NaN,NaN,NaN,NaN,NaN,NaN,-1.80407487923651,NaN,NaN,NaN,NaN,NaN
324.3008,0.209157985324972,-2.12296828515217,-0.921509531143583,-1.05547968382552,0.897990176500364,0.89799017650283,NaN,-1.23036838011511,0.819526711970456,-1.17503865660378,-0.403061752129972,-1.17503865660362,NaN,NaN,NaN,NaN,NaN,0.365645896674017,NaN,NaN,NaN,NaN,NaN,NaN,NaN,NaN,NaN,NaN,NaN,-0.82533094803327,0.576107749818294,-0.75746692663522,-0.181474298097861,0.773462089952365,-0.611578068639697,0.798042980456203,-0.229205371943217,0.540087157346626,0.540087157347936,NaN,NaN,NaN,NaN,NaN,NaN,-1.80981649836891,NaN,NaN,NaN,NaN,NaN
324.4032,0.191910573665803,-2.11875564860073,-0.935834487624987,-1.07416106438365,0.920812858838198,0.920812858840647,NaN,-1.26674805541916,0.826363575512547,-1.17451796947153,-0.405688679736075,-1.17451796947139,NaN,NaN,NaN,NaN,NaN,0.388827120319469,NaN,NaN,NaN,NaN,NaN,NaN,NaN,NaN,NaN,NaN,NaN,-0.820928825145886,0.563265954018494,-0.742004682182942,-0.179593597210097,0.768314043810927,-0.609233244073623,0.790340679086134,-0.225068367860742,0.522971123728354,0.522971123729674,NaN,NaN,NaN,NaN,NaN,NaN,-1.81539978092764,NaN,NaN,NaN,NaN,NaN
324.5056,0.174131471402198,-2.11412647861448,-0.9504495057824,-1.09171837696241,0.94345953394286,0.943459533945292,NaN,-1.30164315731989,0.831604056926321,-1.17256211516482,-0.408993211549988,-1.1725621151647,NaN,NaN,NaN,NaN,NaN,0.411595760432811,NaN,NaN,NaN,NaN,NaN,NaN,NaN,NaN,NaN,NaN,NaN,-0.815881563482047,0.549922386310641,-0.72586009322857,-0.177520419588178,0.762534893392758,-0.60651732274559,0.78181001300965,-0.221761907285931,0.505250116163492,0.505250116164823,NaN,NaN,NaN,NaN,NaN,NaN,-1.82081436107845,NaN,NaN,NaN,NaN,NaN
324.608,0.15575623913416,-2.10902860781774,-0.965388849715133,-1.10808186745434,0.965863362692719,0.965863362695132,NaN,-1.33496972873672,0.835243376845114,-1.1691565814665,-0.412974737393931,-1.16915658146641,NaN,NaN,NaN,NaN,NaN,0.433938089793924,NaN,NaN,NaN,NaN,NaN,NaN,NaN,NaN,NaN,NaN,NaN,-0.810190925846712,0.536179244112639,-0.70910298738988,-0.175188727530494,0.756124064875814,-0.603405121609052,0.77248464730652,-0.219290189480804,0.486903201487034,0.486903201488374,NaN,NaN,NaN,NaN,NaN,NaN,-1.82604932584988,NaN,NaN,NaN,NaN,NaN
324.7104,0.136722707557041,-2.10340850191031,-0.980683882404556,-1.12318463796894,0.987958771040831,0.987958771043223,NaN,-1.36664618582408,0.837279198831897,-1.16428840070822,-0.417632202451319,-1.16428840070814,NaN,NaN,NaN,NaN,NaN,0.455843113372326,NaN,NaN,NaN,NaN,NaN,NaN,NaN,NaN,NaN,NaN,NaN,-0.8038576188943,0.522139234651415,-0.691802899524198,-0.172531178187592,0.749081985808703,-0.599872628580388,0.76239875498308,-0.217653697715258,0.467909725300332,0.467909725301685,NaN,NaN,NaN,NaN,NaN,NaN,-1.83109329259502,NaN,NaN,NaN,NaN,NaN
324.8128,0.116971427486468,-2.09721163113769,-0.996362830203393,-1.13696314266535,1.00968171711472,1.00968171711708,NaN,-1.39659365936549,0.837711592842877,-1.15794634430295,-0.422964001613953,-1.15794634430288,NaN,NaN,NaN,NaN,NaN,0.477302519033209,NaN,NaN,NaN,NaN,NaN,NaN,NaN,NaN,NaN,NaN,NaN,-0.796881337554551,0.507905223265395,-0.674028831576821,-0.169479351049605,0.741410147734025,-0.595897180294722,0.751586903937809,-0.216849248812695,0.448249356985511,0.448249356986877,NaN,NaN,NaN,NaN,NaN,NaN,-1.83593448782778,NaN,NaN,NaN,NaN,NaN
324.9152,0.096446092204316,-2.0903828349807,-1.01245057030339,-1.14935765739717,1.03096994322408,1.03096994322641,NaN,-1.42473630845317,0.836542997517593,-1.15012114365394,-0.428967825845808,-1.15012114365389,NaN,NaN,NaN,NaN,NaN,0.498310575354838,NaN,NaN,NaN,NaN,NaN,NaN,NaN,NaN,NaN,NaN,NaN,-0.789260833684475,0.493579892324731,-0.655849028661999,-0.165963982236656,0.733111152458595,-0.591457621872032,0.740083934062481,-0.216870057945678,0.427902152917626,0.427902152919003,NaN,NaN,NaN,NaN,NaN,NaN,-1.84056082020626,NaN,NaN,NaN,NaN,NaN
325.0176,0.075093940805244,-2.08286667718815,-1.02896843133137,-1.1603127134249,1.05176321012816,1.05176321013047,NaN,-1.45100160239301,0.83377819416612,-1.14080571921221,-0.435640474139313,-1.14080571921217,NaN,NaN,NaN,NaN,NaN,0.518863987973765,NaN,NaN,NaN,NaN,NaN,NaN,NaN,NaN,NaN,NaN,NaN,-0.780994013836826,0.479265407926164,-0.637330771019832,-0.161915209843209,0.724188738165459,-0.586534439548733,0.727924829053359,-0.217705822601083,0.406848638666325,0.406848638667711,NaN,NaN,NaN,NaN,NaN,NaN,-1.84495994356816,NaN,NaN,NaN,NaN,NaN
325.12,0.0528661562130818,-2.07460779285294,-1.04593399485441,-1.16977749271272,1.07200351470316,1.07200351470544,NaN,-1.47532057114849,0.829424302550015,-1.12999542414809,-0.442977660195202,-1.12999542414806,NaN,NaN,NaN,NaN,NaN,0.53896172881186,NaN,NaN,NaN,NaN,NaN,NaN,NaN,NaN,NaN,NaN,NaN,-0.772078052872551,0.465063084228022,-0.618540178230858,-0.157262841917046,0.714647797014164,-0.581109871242234,0.715144600685901,-0.219342831617532,0.385069910736359,0.385069910737751,NaN,NaN,NaN,NaN,NaN,NaN,-1.84911931467792,NaN,NaN,NaN,NaN,NaN
325.2224,0.0297182614582246,-2.06555123268031,-1.06336089706975,-1.17770618458114,1.0916352922286,1.09163529223085,NaN,-1.49762802443587,0.823490799205112,-1.11768832107502,-0.450973841895496,-1.11768832107501,NaN,NaN,NaN,NaN,NaN,0.558604844431192,NaN,NaN,NaN,NaN,NaN,NaN,NaN,NaN,NaN,NaN,NaN,-0.76250950189279,0.451073032533157,-0.599542016945822,-0.151936655504399,0.704494408101223,-0.575168015893979,0.701778207454687,-0.221764099437463,0.362547753377584,0.362547753378982,NaN,NaN,NaN,NaN,NaN,NaN,-1.85302625695461,NaN,NaN,NaN,NaN,NaN
325.3248,0.00561050316051424,-2.05564281043087,-1.08125864445136,-1.18405830755261,1.11060560596349,1.11060560596571,NaN,-1.5178627317287,0.815989550262415,-1.10388549471843,-0.459622085327194,-1.10388549471843,NaN,NaN,NaN,NaN,NaN,0.577796244886518,NaN,NaN,NaN,NaN,NaN,NaN,NaN,NaN,NaN,NaN,NaN,-0.752284376766517,0.437393789454195,-0.58039950401837,-0.145866723967336,0.693735898142115,-0.568694959098473,0.687860509619865,-0.22494951671223,0.339264761447855,0.339264761449261,NaN,NaN,NaN,NaN,NaN,NaN,-1.85666803845756,NaN,NaN,NaN,NaN,NaN
325.4272,-0.0194917937731716,-2.04482945320217,-1.09963245852138,-1.18879900508534,1.12886433361258,1.12886433361477,NaN,-1.53596755363677,0.806934848443646,-1.08859138165716,-0.468913958873586,-1.08859138165718,NaN,NaN,NaN,NaN,NaN,0.596540472471729,NaN,NaN,NaN,NaN,NaN,NaN,NaN,NaN,NaN,NaN,NaN,-0.741398226492749,0.424121930243812,-0.561174106482893,-0.138983764512479,0.682380923219889,-0.561678914764909,0.673426246855267,-0.228876007357676,0.315204461872643,0.315204461874055,NaN,NaN,NaN,NaN,NaN,NaN,-1.86003196372588,NaN,NaN,NaN,NaN,NaN
325.5296,-0.0456179093292065,-2.03305954623283,-1.11848315407632,-1.19189932194179,1.1463643621313,1.14636436213347,NaN,-1.55188952960597,0.796343446038851,-1.07181409237969,-0.478839448463388,-1.07181409237972,NaN,NaN,NaN,NaN,NaN,0.61484344605069,NaN,NaN,NaN,NaN,NaN,NaN,NaN,NaN,NaN,NaN,NaN,-0.729846188978709,0.411351679612435,-0.541925349205399,-0.131219501634185,0.670439561899556,-0.554110369319816,0.658510036552927,-0.233517691166623,0.290351432324339,0.290351432325757,NaN,NaN,NaN,NaN,NaN,NaN,-1.86310547406216,NaN,NaN,NaN,NaN,NaN
325.632,-0.0727914511890114,-2.02028326120559,-1.13780704671423,-1.19333645826645,1.1630617863814,1.16306178638354,NaN,-1.56557994255033,0.784234580724006,-1.05356570369118,-0.489386886545457,-1.05356570369123,NaN,NaN,NaN,NaN,NaN,0.632712180321599,NaN,NaN,NaN,NaN,NaN,NaN,NaN,NaN,NaN,NaN,NaN,-0.717623044367458,0.399174529846891,-0.522710639843503,-0.122507044591616,0.657923409086388,-0.545982211455181,0.643146393733654,-0.238846060096692,0.26469141985516,0.264691419856581,NaN,NaN,NaN,NaN,NaN,NaN,-1.86587625069382,NaN,NaN,NaN,NaN,NaN
325.7344,-0.101030118091117,-2.00645285839181,-1.15759588545841,-1.19309398668317,1.17891608164153,1.17891608164365,NaN,-1.57699438056703,0.770629997835753,-1.03386250120532,-0.500542891380148,-1.03386250120539,NaN,NaN,NaN,NaN,NaN,0.65015449316376,NaN,NaN,NaN,NaN,NaN,NaN,NaN,NaN,NaN,NaN,NaN,-0.704723274137653,0.387678868523323,-0.503585111938598,-0.112781276305606,0.644845654476201,-0.53728983557728,0.627369754614702,-0.244830174706239,0.238211462700313,0.238211462701739,NaN,NaN,NaN,NaN,NaN,NaN,-1.86833231442088,NaN,NaN,NaN,NaN,NaN
325.8368,-0.130345504217134,-1.99152295849116,-1.17783680873098,-1.1911620135866,1.19389021387946,1.19389021388155,NaN,-1.58609280463183,0.75555397358474,-1.01272516582673,-0.512292322756747,-1.01272516582682,NaN,NaN,NaN,NaN,NaN,0.667178720760338,NaN,NaN,NaN,NaN,NaN,NaN,NaN,NaN,NaN,NaN,NaN,-0.691141127793717,0.376949609908145,-0.484601481085669,-0.101979255940927,0.631221140498737,-0.5280312197677,0.611214491864621,-0.251436875507387,0.21090001700628,0.210900017007711,NaN,NaN,NaN,NaN,NaN,NaN,-1.87046211318621,NaN,NaN,NaN,NaN,NaN
325.9392,-0.160742940354556,-1.97545078898915,-1.19851232214985,-1.18753727734811,1.20795068023337,1.20795068023544,NaN,-1.59283962088123,0.739033339530828,-0.990178923555691,-0.52461826227309,-0.990178923555795,NaN,NaN,NaN,NaN,NaN,0.683793452509499,NaN,NaN,NaN,NaN,NaN,NaN,NaN,NaN,NaN,NaN,NaN,-0.676870694987492,0.367067822084743,-0.465809911797265,-0.0900406449713633,0.617066410044012,-0.518206985390762,0.594714933550038,-0.258630994263069,0.182747088896695,0.182747088898131,NaN,NaN,NaN,NaN,NaN,NaN,-1.87225459199019,NaN,NaN,NaN,NaN,NaN
326.0416,-0.192221365234958,-1.95819641518615,-1.21960029718125,-1.18222319475321,1.22106750777215,1.22106750777421,NaN,-1.59720375121643,0.721097507988637,-0.966253683760114,-0.537502013416817,-0.966253683760231,NaN,NaN,NaN,NaN,NaN,0.700007291250423,NaN,NaN,NaN,NaN,NaN,NaN,NaN,NaN,NaN,NaN,NaN,-0.661905983787501,0.35811035019422,-0.447257898743111,-0.0769081616760022,0.602399743560904,-0.507820436868399,0.577905386949554,-0.266375554004578,0.153744372648055,0.153744372649495,NaN,NaN,NaN,NaN,NaN,NaN,-1.87369924935286,NaN,NaN,NaN,NaN,NaN
326.144,-0.224773225558801,-1.9397229634041,-1.24107399318683,-1.17522987525859,1.23321424319123,1.23321424319326,NaN,-1.59915869886026,0.701778496654532,-0.94098417235869,-0.550923106337567,-0.940984172358822,NaN,NaN,NaN,NaN,NaN,0.715828643430841,NaN,NaN,NaN,NaN,NaN,NaN,NaN,NaN,NaN,NaN,NaN,-0.646241008872504,0.350149446206522,-0.428990166215021,-0.0625280523630332,0.587241169018331,-0.496877572406449,0.560820144883514,-0.274631960460939,0.123885394076595,0.12388539407804,NaN,NaN,NaN,NaN,NaN,NaN,-1.87478619148568,NaN,NaN,NaN,NaN,NaN
326.2464,-0.258384407807967,-1.91999683627604,-1.26290210579149,-1.16657411584106,1.24436794084139,1.2443679408434,NaN,-1.59868261193446,0.681110945186741,-0.91441005046865,-0.564859296185868,-0.914410050468796,NaN,NaN,NaN,NaN,NaN,0.731265536026638,NaN,NaN,NaN,NaN,NaN,NaN,NaN,NaN,NaN,NaN,NaN,-0.629869893010145,0.343252415857681,-0.411048584453743,-0.0468505593133701,0.571612439321641,-0.485387062729589,0.543493467133914,-0.283360197130738,0.0931656542044851,0.0931656542059322,NaN,NaN,NaN,NaN,NaN,NaN,-1.87550619236002,NaN,NaN,NaN,NaN,NaN
326.3488,-0.29303420200875,-1.89898791421792,-1.2850488386087,-1.15627937395215,1.25450913319156,1.25450913319355,NaN,-1.59575834937686,0.659132116820558,-0.88657600647277,-0.579286559976127,-0.886576006472924,NaN,NaN,NaN,NaN,NaN,0.746325444435453,NaN,NaN,NaN,NaN,NaN,NaN,NaN,NaN,NaN,NaN,NaN,-0.612786981837668,0.337481284365064,-0.393472097019655,-0.0298303738714509,0.555536994363469,-0.473360207752364,0.525959559744698,-0.292519033909018,0.0615827696655283,0.0615827696669813,NaN,NaN,NaN,NaN,NaN,NaN,-1.8758507607686,NaN,NaN,NaN,NaN,NaN
326.4512,-0.32869529550899,-1.87666973823756,-1.30747399390415,-1.14437570730284,1.26362176974157,1.26362176974355,NaN,-1.59037355093279,0.635881884869962,-0.857531816264775,-0.594179116745189,-0.857531816264937,NaN,NaN,NaN,NaN,NaN,0.761015116736322,NaN,NaN,NaN,NaN,NaN,NaN,NaN,NaN,NaN,NaN,NaN,-0.594986968765972,0.332892473316641,-0.376296650655065,-0.0114270744878903,0.539039928346888,-0.460810885741177,0.508252575939004,-0.302066248887983,0.02913661182911,0.0291366118305654,NaN,NaN,NaN,NaN,NaN,NaN,-1.87581221142347,NaN,NaN,NaN,NaN,NaN
326.5536,-0.365333800234215,-1.85301967318024,-1.33013308504663,-1.13089967676258,1.27169313187292,1.27169313187487,NaN,-1.58252071030332,0.61140270964723,-0.827332375509878,-0.609509493642519,-0.827332375510048,NaN,NaN,NaN,NaN,NaN,0.775340395556655,NaN,NaN,NaN,NaN,NaN,NaN,NaN,NaN,NaN,NaN,NaN,-0.576465032069218,0.329536481236512,-0.359555121367652,0.0083944471875971,0.522147961139179,-0.447755493080852,0.490406638625436,-0.311958853612931,-0.00417055288921285,-0.00417055288775527,NaN,NaN,NaN,NaN,NaN,NaN,-1.87538373500732,NaN,NaN,NaN,NaN,NaN
326.656,-0.402909322005614,-1.82801905009091,-1.35297747828511,-1.11589421863939,1.27871374730429,1.27871374730623,NaN,-1.57219724457762,0.585739619458411,-0.796037702474486,-0.62524862889251,-0.796037702474666,NaN,NaN,NaN,NaN,NaN,0.789306048212175,NaN,NaN,NaN,NaN,NaN,NaN,NaN,NaN,NaN,NaN,NaN,-0.557216996847356,0.327457571894815,-0.343277240683813,0.0296635730123078,0.504889385450909,-0.434212847236588,0.472455862466468,-0.322153313560034,-0.0383339216971555,-0.0383339216956968,NaN,NaN,NaN,NaN,NaN,NaN,-1.87455945922008,NaN,NaN,NaN,NaN,NaN
326.7584,-0.441375077507699,-1.80165328453031,-1.37595456754273,-1.09940849033781,1.28467732349681,1.28467732349873,NaN,-1.55940554753978,0.55894021655468,-0.763712894330769,-0.64136598189823,-0.763712894330954,NaN,NaN,NaN,NaN,NaN,0.802915611728114,NaN,NaN,NaN,NaN,NaN,NaN,NaN,NaN,NaN,NaN,NaN,-0.537239532568155,0.326693484833649,-0.327489532732433,0.0524035660310721,0.487293959565443,-0.420204026534034,0.454434347650576,-0.33260576783907,-0.0733460121131275,-0.0733460121116718,NaN,NaN,NaN,NaN,NaN,NaN,-1.87333449088951,NaN,NaN,NaN,NaN,NaN
326.8608,-0.480678055572764,-1.77391197086014,-1.39900797903709,-1.08149768419403,1.28958070101621,1.28958070101812,NaN,-1.544153016725,0.531054719713064,-0.730428018475837,-0.657829634669249,-0.730428018476032,NaN,NaN,NaN,NaN,NaN,0.816171255195246,NaN,NaN,NaN,NaN,NaN,NaN,NaN,NaN,NaN,NaN,NaN,-0.516530376065727,0.327275177917156,-0.3122152657968,0.0766312101320057,0.4693927387341,-0.405752148702854,0.436376128028347,-0.343272259956362,-0.109196514556247,-0.109196514554791,NaN,NaN,NaN,NaN,NaN,NaN,-1.87170493310119,NaN,NaN,NaN,NaN,NaN
326.9632,-0.520759214837473,-1.74478895577625,-1.42207779983605,-1.06222280058996,1.2934238146738,1.29342381467569,NaN,-1.5264520502764,0.502136033973456,-0.696257936881331,-0.674606389242744,-0.696257936881534,NaN,NaN,NaN,NaN,NaN,0.829073662513078,NaN,NaN,NaN,NaN,NaN,NaN,NaN,NaN,NaN,NaN,NaN,-0.495088550506007,0.329226598517654,-0.297474411467099,0.102356486417072,0.451217857539477,-0.39088210789742,0.418315072472578,-0.3541089836516,-0.145872142332087,-0.145872142330627,NaN,NaN,NaN,NaN,NaN,NaN,-1.86966788155272,NaN,NaN,NaN,NaN,NaN
327.0656,-0.561553715942417,-1.71428239128926,-1.44510082869888,-1.04165038202405,1.29620965730668,1.29620965730856,NaN,-1.50632001668155,0.472239826936141,-0.661282081370262,-0.691661872555306,-0.661282081370477,NaN,NaN,NaN,NaN,NaN,0.841621938149611,NaN,NaN,NaN,NaN,NaN,NaN,NaN,NaN,NaN,NaN,NaN,-0.472914556390122,0.332564474413024,-0.283283602652229,0.129582284543374,0.432802278721366,-0.375620287946771,0.400284747829296,-0.365072535221442,-0.183356483734781,-0.183356483733318,NaN,NaN,NaN,NaN,NaN,NaN,-1.86722141064731,NaN,NaN,NaN,NaN,NaN
327.168,-0.602991193691618,-1.68239476416122,-1.46801085282015,-1.01985222476449,1.29794425917702,1.29794425917889,NaN,-1.48377921045769,0.441424594975004,-0.625584206123226,-0.708960662213651,-0.625584206123459,NaN,NaN,NaN,NaN,NaN,0.853813535662538,NaN,NaN,NaN,NaN,NaN,NaN,NaN,NaN,NaN,NaN,NaN,-0.450010532930078,0.337298119314816,-0.269656084751287,0.158304149143716,0.414179523239186,-0.359994268084436,0.382318252373998,-0.376120166099389,-0.221629861136601,-0.221629861135137,NaN,NaN,NaN,NaN,NaN,NaN,-1.86436455503638,NaN,NaN,NaN,NaN,NaN
327.2704,-0.644996072769618,-1.64913290069857,-1.49073895334747,-0.996905078950513,1.29863669866711,1.29863669866897,NaN,-1.45885681182701,0.409751709766537,-0.589252128937187,-0.726466446583697,-0.58925212893744,NaN,NaN,NaN,NaN,NaN,0.865644202547791,NaN,NaN,NaN,NaN,NaN,NaN,NaN,NaN,NaN,NaN,NaN,-0.426380397595574,0.343429253879985,-0.256601656944588,0.188510067391477,0.395383394288427,-0.344032534784687,0.364448027948085,-0.387210046095438,-0.260669202555599,-0.260669202554136,NaN,NaN,NaN,NaN,NaN,NaN,-1.86109728468064,NaN,NaN,NaN,NaN,NaN
327.3728,-0.687487923484544,-1.61450794728634,-1.51321383648744,-0.972890322688237,1.29829913837813,1.29829913837998,NaN,-1.43158486139912,0.377285438158427,-0.552377446672436,-0.744142226259823,-0.552377446672708,NaN,NaN,NaN,NaN,NaN,0.877107927524241,NaN,NaN,NaN,NaN,NaN,NaN,NaN,NaN,NaN,NaN,NaN,-0.402029962676507,0.350951847035234,-0.244126603126144,0.220180306579381,0.376447703814365,-0.327764201417891,0.34670566657572,-0.398301556100362,-0.300447931084288,-0.300447931082829,NaN,NaN,NaN,NaN,NaN,NaN,-1.8574204697561,NaN,NaN,NaN,NaN,NaN
327.4752,-0.73038184677731,-1.57853532449491,-1.53536217872742,-0.947893583533133,1.29694685820636,1.29694685820821,NaN,-1.40200025032892,0.344092927610479,-0.515055202957492,-0.761950556926472,-0.515055202957789,NaN,NaN,NaN,NaN,NaN,0.888196879592625,NaN,NaN,NaN,NaN,NaN,NaN,NaN,NaN,NaN,NaN,NaN,-0.376967018806177,0.359851981159799,-0.23223361216779,0.2532873081623,0.357406013189956,-0.311218732609036,0.329121740694455,-0.409355618028357,-0.340935874623462,-0.340935874622008,NaN,NaN,NaN,NaN,NaN,NaN,-1.85333583232212,NaN,NaN,NaN,NaN,NaN
327.5776,-0.773588874637342,-1.54123464918491,-1.5571089699259,-0.922004296948711,1.29459826127916,1.294598261281,NaN,-1.37014471842694,0.31024414934723,-0.477383500402341,-0.779853827881265,-0.477383500402658,NaN,NaN,NaN,NaN,NaN,0.898901344448761,NaN,NaN,NaN,NaN,NaN,NaN,NaN,NaN,NaN,NaN,NaN,-0.351201374688372,0.370107739498056,-0.220921684947533,0.287795639425625,0.338291401715052,-0.294425678660208,0.311725678623854,-0.420335053067038,-0.382099197188876,-0.382099197187431,NaN,NaN,NaN,NaN,NaN,NaN,-1.8488458800683,NaN,NaN,NaN,NaN,NaN
327.68,-0.817016377640588,-1.50262962064507,-1.57837784422515,-0.895315215303356,1.29127485518482,1.29127485518665,NaN,-1.33606484621779,0.275811794914283,-0.439463060032037,-0.797814561376939,-0.439463060032378,NaN,NaN,NaN,NaN,NaN,0.909209675584509,NaN,NaN,NaN,NaN,NaN,NaN,NaN,NaN,NaN,NaN,NaN,-0.324744848847341,0.38168911441958,-0.210186027465444,0.323662001478255,0.319136260123034,-0.277414427078473,0.294545669532285,-0.43120495108068,-0.423900357655346,-0.423900357653911,NaN,NaN,NaN,NaN,NaN,NaN,-1.84395381849262,NaN,NaN,NaN,NaN,NaN
327.7824,-0.860568478921948,-1.46274787530835,-1.59909140052881,-0.867921891414362,1.2870012266377,1.28700122663952,NaN,-1.29981202871119,0.240871127827442,-0.401396731430568,-0.815795712336817,-0.401396731430933,NaN,NaN,NaN,NaN,NaN,0.919108274686185,NaN,NaN,NaN,NaN,NaN,NaN,NaN,NaN,NaN,NaN,NaN,-0.297611221419193,0.394557947536103,-0.200017941171921,0.360835295201464,0.299972089489389,-0.260213968551418,0.277608559880247,-0.441933034923596,-0.466298106308927,-0.466298106307499,NaN,NaN,NaN,NaN,NaN,NaN,-1.83866344430799,NaN,NaN,NaN,NaN,NaN
327.8848,-0.90414647336639,-1.42162082197813,-1.6191715176851,-0.839922156076758,1.28180501512434,1.28180501512615,NaN,-1.26144242957218,0.205499796552952,-0.363288962497701,-0.833760951855424,-0.363288962498095,NaN,NaN,NaN,NaN,NaN,0.928581608866722,NaN,NaN,NaN,NaN,NaN,NaN,NaN,NaN,NaN,NaN,NaN,-0.269816158774958,0.408667932475279,-0.190404740236447,0.399256751839564,0.280829293106695,-0.242852671208009,0.260939723424772,-0.452490007706656,-0.509247524718323,-0.509247524716902,NaN,NaN,NaN,NaN,NaN,NaN,-1.83297902603034,NaN,NaN,NaN,NaN,NaN
327.9872,-0.947649244621934,-1.37928346838366,-1.63853966299614,-0.811415597038822,1.27571687152769,1.2757168715295,NaN,-1.22101691946482,0.169777615306577,-0.325245245935513,-0.851674919846898,-0.325245245935931,NaN,NaN,NaN,NaN,NaN,0.937612270914368,NaN,NaN,NaN,NaN,NaN,NaN,NaN,NaN,NaN,NaN,NaN,-0.241377113765069,0.423964720589862,-0.181329734714327,0.43886013685331,0.2617369657174,-0.225358064890074,0.244562911735989,-0.462849873125402,-0.552700103239669,-0.552700103238261,NaN,NaN,NaN,NaN,NaN,NaN,-1.82690517343653,NaN,NaN,NaN,NaN,NaN
328.0896,-0.990973671144976,-1.33577424497033,-1.65711718874031,-0.782503038064182,1.2687703898158,1.26877038981761,NaN,-1.17860099566918,0.133786317184282,-0.287371557536666,-0.869503429353779,-0.287371557537109,NaN,NaN,NaN,NaN,NaN,0.94618109152288,NaN,NaN,NaN,NaN,NaN,NaN,NaN,NaN,NaN,NaN,NaN,-0.21231319477721,0.440386153375109,-0.172772303936218,0.479572030097467,0.242722689901156,-0.207756644242777,0.228500093862711,-0.472990219563193,-0.596603845389259,-0.596603845387859,NaN,NaN,NaN,NaN,NaN,NaN,-1.82044669479968,NaN,NaN,NaN,NaN,NaN
328.192,-1.03401501942441,-1.29113482942077,-1.67482561677682,-0.753286018298493,1.26100201964181,1.2610020196436,NaN,-1.13426467475143,0.0976092847632347,-0.249773793424759,-0.887213612838392,-0.249773793425223,NaN,NaN,NaN,NaN,NaN,0.954267309729112,NaN,NaN,NaN,NaN,NaN,NaN,NaN,NaN,NaN,NaN,NaN,-0.182645000355931,0.457862612545089,-0.164708054821941,0.521312175128752,0.223812345911346,-0.190073697523706,0.212771288978537,-0.482892462453423,-0.640903390808253,-0.640903390806863,NaN,NaN,NaN,NaN,NaN,NaN,-1.81360844344998,NaN,NaN,NaN,NaN,NaN
328.2944,-1.07666732833775,-1.24540997348591,-1.69158691586095,-0.723866279029606,1.25245097861031,1.2524509786121,NaN,-1.08808235819646,0.0613312662103624,-0.212557214225146,-0.904774018688992,-0.212557214225626,NaN,NaN,NaN,NaN,NaN,0.961848793333973,NaN,NaN,NaN,NaN,NaN,NaN,NaN,NaN,NaN,NaN,NaN,-0.152394428186184,0.476317453987192,-0.157109038515552,0.563993881176113,0.205029937928254,-0.172333161566414,0.197394397716925,-0.49254204548731,-0.68554014876015,-0.685540148758772,NaN,NaN,NaN,NaN,NaN,NaN,-1.80639515867884,NaN,NaN,NaN,NaN,NaN
328.3968,-1.11882378550577,-1.19864733193318,-1.70732377239974,-0.694345268483582,1.24315917381048,1.24315917381226,NaN,-1.04013268699041,0.0250380840631261,-0.175825910079681,-0.922154674908906,-0.175825910080177,NaN,NaN,NaN,NaN,NaN,0.968902287040045,NaN,NaN,NaN,NaN,NaN,NaN,NaN,NaN,NaN,NaN,NaN,-0.121584477762187,0.495667487914121,-0.149943998723859,0.607524454752078,0.186397439249012,-0.154557499955475,0.182385041632675,-0.501928605591298,-0.730452433037912,-0.730452433036545,NaN,NaN,NaN,NaN,NaN,NaN,-1.79881130990958,NaN,NaN,NaN,NaN,NaN
328.4992,-1.16037709161071,-1.15089729538513,-1.72195985171311,-0.66482367433738,1.23317112605788,1.23317112605966,NaN,-0.990498407593598,-0.0111836641419389,-0.139682297608087,-0.939327133172067,-0.139682297608597,NaN,NaN,NaN,NaN,NaN,0.975403666666364,NaN,NaN,NaN,NaN,NaN,NaN,NaN,NaN,NaN,NaN,NaN,-0.0902390670000931,0.515823482073147,-0.143178640305944,0.651805639319162,0.167934660293789,-0.136767602536963,0.167756421640787,-0.511046107866845,-0.775575596886959,-0.775575596885604,NaN,NaN,NaN,NaN,NaN,NaN,-1.79086095583383,NaN,NaN,NaN,NaN,NaN
328.6016,-1.20121981064681,-1.10221283014051,-1.73542004948581,-0.635400989431816,1.22253388472882,1.2225338847306,NaN,-0.939266259914799,-0.0472469202122147,-0.104226651457351,-0.956264501204264,-0.10422665145788,NaN,NaN,NaN,NaN,NaN,0.981328185370194,NaN,NaN,NaN,NaN,NaN,NaN,NaN,NaN,NaN,NaN,NaN,-0.0583828732898597,0.536690682738106,-0.136775919023893,0.69673405273275,0.149659142905312,-0.118982706138603,0.153519203003234,-0.519892954362445,-0.820842176164944,-0.820842176163604,NaN,NaN,NaN,NaN,NaN,NaN,-1.78254762605622,NaN,NaN,NaN,NaN,NaN
328.704,-1.2412447091949,-1.05264932349417,-1.74763073559277,-0.606175110558834,1.21129692908277,1.21129692908454,NaN,-0.886526878885695,-0.0830644949777599,-0.0695566695655535,-0.972941466892485,-0.0695566695660966,NaN,NaN,NaN,NaN,NaN,0.986650702132494,NaN,NaN,NaN,NaN,NaN,NaN,NaN,NaN,NaN,NaN,NaN,-0.0260411971577437,0.55816935358071,-0.130696352083639,0.742201623188116,0.13158607962103,-0.10122033564631,0.139681425236283,-0.528472065027914,-0.866182044233031,-0.866182044231702,NaN,NaN,NaN,NaN,NaN,NaN,-1.77387422462085,NaN,NaN,NaN,NaN,NaN
328.8064,-1.28034508830939,-1.00226442807701,-1.75851999031676,-0.577241967981026,1.19951206089189,1.19951206089366,NaN,-0.832374691664895,-0.118549403739059,-0.0357670723504812,-0.989334311865868,-0.0357670723510416,NaN,NaN,NaN,NaN,NaN,0.991345887327799,NaN,NaN,NaN,NaN,NaN,NaN,NaN,NaN,NaN,NaN,NaN,0.00676015950348843,0.580155329977725,-0.124898342644595,0.788096029933563,0.113728252471073,-0.0834962634939254,0.126248428044187,-0.536790925084961,-0.911522569443347,-0.911522569442032,NaN,NaN,NaN,NaN,NaN,NaN,-1.76484295029589,NaN,NaN,NaN,NaN,NaN
328.9088,-1.3184151106374,-0.951117897544741,-1.76801783141745,-0.54869518429281,1.18723329410409,1.18723329410585,NaN,-0.776907795143336,-0.153615196492452,-0.00294923719100185,-1.00542090976734,-0.00294923719158597,NaN,NaN,NaN,NaN,NaN,0.995388405162422,NaN,NaN,NaN,NaN,NaN,NaN,NaN,NaN,NaN,NaN,NaN,0.0399950079656997,0.602540590371066,-0.119338512598525,0.834301160150565,0.0960959897742749,-0.0658244891509475,0.113222787834161,-0.544861594151076,-0.956788764533734,-0.956788764532432,NaN,NaN,NaN,NaN,NaN,NaN,-1.75545522720451,NaN,NaN,NaN,NaN,NaN
329.0112,-1.35535012880386,-0.899271405974359,-1.77605643380287,-0.520625759924566,1.17451674311486,1.17451674311662,NaN,-0.720227807263152,-0.18817627746322,0.028809130722918,-1.02118070687501,0.0288091307223162,NaN,NaN,NaN,NaN,NaN,0.998753074841692,NaN,NaN,NaN,NaN,NaN,NaN,NaN,NaN,NaN,NaN,NaN,0.0736368843058527,0.62521385419254,-0.113972044616775,0.88069759651791,0.0786971473407231,-0.0482172459677259,0.100604268249255,-0.55270067519655,-1.00190342791516,-1.00190342791387,NaN,NaN,NaN,NaN,NaN,NaN,-1.74571163833356,NaN,NaN,NaN,NaN,NaN
329.1136,-1.39104702118889,-0.846788345285649,-1.78257034467892,-0.493121780020762,1.16142050540549,1.16142050540725,NaN,-0.662439694856441,-0.22214821870985,0.0594242916615992,-1.03659468530678,0.0594242916609748,NaN,NaN,NaN,NaN,NaN,1.00141501571481,NaN,NaN,NaN,NaN,NaN,NaN,NaN,NaN,NaN,NaN,NaN,0.1076591602315,0.648061214853505,-0.108753036963843,0.927163144468071,0.0615371215794385,-0.0306850422669711,0.0883897911266731,-0.560329240177787,-1.04678728766799,-1.04678728766671,NaN,NaN,NaN,NaN,NaN,NaN,-1.73561185598169,NaN,NaN,NaN,NaN,NaN
329.216,-1.42540453284569,-0.793733600545839,-1.78749669194056,-0.466268137519894,1.14800453147734,1.14800453147908,NaN,-0.603651578929641,-0.255448078939656,0.0888167315173827,-1.05164530955229,0.0888167315167378,NaN,NaN,NaN,NaN,NaN,1.00334978741173,NaN,NaN,NaN,NaN,NaN,NaN,NaN,NaN,NaN,NaN,NaN,0.142035153517751,0.670966808668776,-0.103634872088134,0.973573399063149,0.0446188944000846,-0.013236735702703,0.0765734290011218,-0.567772707238907,-1.09135916075894,-1.09135916075768,NaN,NaN,NaN,NaN,NaN,NaN,-1.72515457008139,NaN,NaN,NaN,NaN,NaN
329.3184,-1.45832361492028,-0.740173310198506,-1.79077538315624,-0.440146269576546,1.13433048073032,1.13433048073206,NaN,-0.543974505057536,-0.287994727647354,0.116911395605246,-1.0663164591534,0.116911395604576,NaN,NaN,NaN,NaN,NaN,1.00453353645969,NaN,NaN,NaN,NaN,NaN,NaN,NaN,NaN,NaN,NaN,NaN,0.176738236026908,0.693813516556125,-0.0985705978925275,1.01980234783478,0.0279431016163076,0.00412036757223174,0.065146413232277,-0.575060670645839,-1.13553613005523,-1.13553613005398,NaN,NaN,NaN,NaN,NaN,NaN,-1.71433742373249,NaN,NaN,NaN,NaN,NaN
329.4208,-1.48970776313166,-0.68617462461927,-1.792349302766,-0.414833907865896,1.12046156894437,1.12046156894611,NaN,-0.483522164607589,-0.319709157451196,0.143637907648848,-1.08059335414447,0.143637907648156,NaN,NaN,NaN,NaN,NaN,1.00494315431348,NaN,NaN,NaN,NaN,NaN,NaN,NaN,NaN,NaN,NaN,NaN,0.2117419319001,0.716483691451696,-0.0935133177035874,1.06572300374405,0.0115081152193075,0.0213803978751099,0.054097149660445,-0.582226695965234,-1.17923372957496,-1.17923372957373,NaN,NaN,NaN,NaN,NaN,NaN,-1.7031569671354,NaN,NaN,NaN,NaN,NaN
329.5232,-1.51946336405153,-0.631805476194398,-1.79216452285578,-0.390404844908173,1.10646241024629,1.10646241024802,NaN,-0.422410571944435,-0.350514770953679,0.168930784179796,-1.09446248113855,0.168930784179082,NaN,NaN,NaN,NaN,NaN,1.00455644650389,NaN,NaN,NaN,NaN,NaN,NaN,NaN,NaN,NaN,NaN,NaN,0.247019992376485,0.738859893806218,-0.0884165778924177,1.11120805534038,-0.00468986463336814,0.03853879412618,0.0434112371461189,-0.58930809228916,-1.22236613021787,-1.22236613021664,NaN,NaN,NaN,NaN,NaN,NaN,-1.69160863509739,NaN,NaN,NaN,NaN,NaN
329.6256,-1.54750005530282,-0.577134363880277,-1.79017053494406,-0.366928715760187,1.09239884835038,1.0923988483521,NaN,-0.360757721504031,-0.380337649980758,0.192729644121835,-1.1079115273558,0.192729644121102,NaN,NaN,NaN,NaN,NaN,1.00335231302935,NaN,NaN,NaN,NaN,NaN,NaN,NaN,NaN,NaN,NaN,NaN,0.28254643324998,0.760825611085354,-0.0832347374134251,1.15613051747043,-0.0206567054678347,0.0555921610781432,0.0330714913325508,-0.596345657471318,-1.26484633310335,-1.26484633310213,NaN,NaN,NaN,NaN,NaN,NaN,-1.67968674831698,NaN,NaN,NaN,NaN,NaN
329.728,-1.57373109411026,-0.522230146437897,-1.78632049436932,-0.344470791981433,1.07833776925401,1.07833776925573,NaN,-0.298683246261664,-0.409106824640905,0.214979404296618,-1.12092933008627,0.214979404295864,NaN,NaN,NaN,NaN,NaN,1.00131094090594,NaN,NaN,NaN,NaN,NaN,NaN,NaN,NaN,NaN,NaN,NaN,0.318295526978345,0.782265945072572,-0.0779233079292421,1.20036437246627,-0.0364002218128363,0.0725381121771632,0.0230579836675018,-0.603383382665049,-1.30658638498309,-1.30658638498187,NaN,NaN,NaN,NaN,NaN,NaN,-1.6673845397755,NaN,NaN,NaN,NaN,NaN
329.8304,-1.59807372065067,-0.467161844273422,-1.7805714642364,-0.323091786491007,1.06434689120202,1.06434689120373,NaN,-0.23630808216696,-0.436754550391749,0.235630453194745,-1.13350584614549,0.235630453193975,NaN,NaN,NaN,NaN,NaN,0.998414005604325,NaN,NaN,NaN,NaN,NaN,NaN,NaN,NaN,NaN,NaN,NaN,0.354241750127621,0.803068257005185,-0.0724392583670493,1.24378519437121,-0.0519300379501027,0.0893751066102724,0.0133481076151438,-0.610468108198716,-1.34749762252103,-1.34749762251981,NaN,NaN,NaN,NaN,NaN,NaN,-1.65469420662692,NaN,NaN,NaN,NaN,NaN
329.9328,-1.62044950587552,-0.411998461984959,-1.77288465540677,-0.302847670962499,1.0504945325064,1.05049453250811,NaN,-0.173754132146808,-0.463216593424298,0.254638801399538,-1.14563213677452,0.254638801398763,NaN,NaN,NaN,NaN,NaN,0.994644871176196,NaN,NaN,NaN,NaN,NaN,NaN,NaN,NaN,NaN,NaN,NaN,0.39035969574146,0.823122754702586,-0.0667412778711995,1.2862707386792,-0.0672574396070259,0.106102293185315,0.00391667785391341,-0.617649129385602,-1.38749094421517,-1.38749094421395,NaN,NaN,NaN,NaN,NaN,NaN,-1.6416069803581,NaN,NaN,NaN,NaN,NaN
330.0352,-1.64078468053599,-0.356808843225955,-1.76322566553273,-0.283789511477899,1.03684936040662,1.03684936040832,NaN,-0.111143927124193,-0.488432524523147,0.271966211480779,-1.15730035571015,0.271966211479995,NaN,NaN,NaN,NaN,NaN,0.989988777124131,NaN,NaN,NaN,NaN,NaN,NaN,NaN,NaN,NaN,NaN,NaN,0.42662396351257,0.842323009186209,-0.0607899961598264,1.32770147802137,-0.0823952190934719,0.122719368302908,-0.00526393705888822,-0.62497775358874,-1.42647710820269,-1.42647710820146,NaN,NaN,NaN,NaN,NaN,NaN,-1.62811320370987,NaN,NaN,NaN,NaN,NaN
330.1376,-1.6590104456159,-0.301661552511089,-1.75156471449116,-0.265963333610733,1.02348012181521,1.02348012181691,NaN,-0.0486002870070108,-0.512346023311609,0.287580316327913,-1.16850373066378,0.287580316327123,NaN,NaN,NaN,NaN,NaN,0.98443300764924,NaN,NaN,NaN,NaN,NaN,NaN,NaN,NaN,NaN,NaN,NaN,0.463009034961363,0.860566408691387,-0.0545481705023335,1.36796108309236,-0.0973575117745162,0.139226445409598,-0.0142236476882876,-0.632506814942224,-1.46436705676879,-1.46436705676756,NaN,NaN,NaN,NaN,NaN,NaN,-1.6142024069899,NaN,NaN,NaN,NaN,NaN
330.24,-1.67506326696424,-0.246624761858983,-1.73787686721124,-0.249410028825664,1.01045535051941,1.01045535052111,NaN,0.0137540227706896,-0.5349051982167,0.301454739472089,-1.17923653778153,0.301454739471297,NaN,NaN,NaN,NaN,NaN,0.977967049035861,NaN,NaN,NaN,NaN,NaN,NaN,NaN,NaN,NaN,NaN,NaN,0.49948913465543,0.877754571970327,-0.0479808498875995,1.40693686965307,-0.112159619362406,0.15562392985724,-0.0229944411964305,-0.640290156397398,-1.50107227199811,-1.50107227199688,NaN,NaN,NaN,NaN,NaN,NaN,-1.59986338152936,NaN,NaN,NaN,NaN,NaN
330.3424,-1.68888515697873,-0.191766122212736,-1.72214223602855,-0.234165306333644,0.997843043809801,0.9978430438115,NaN,0.0757966534584823,-0.556062926083961,0.313569224649119,-1.18949407229591,0.313569224648324,NaN,NaN,NaN,NaN,NaN,0.970582744148583,NaN,NaN,NaN,NaN,NaN,NaN,NaN,NaN,NaN,NaN,NaN,0.536038078732972,0.893793737927386,-0.0410555195098734,1.44452023558367,-0.126817820288964,0.171912398392604,-0.0316101449216733,-0.648382086706247,-1.53650516661334,-1.53650516661212,NaN,NaN,NaN,NaN,NaN,NaN,-1.5850842510642,NaN,NaN,NaN,NaN,NaN
330.4448,-1.70042393814438,-0.137152616803707,-1.70434615608104,-0.220259685232807,0.985710309249978,0.985710309251679,NaN,0.137406061587861,-0.575777200875372,0.323909767693387,-1.19927261139786,0.323909767692588,NaN,NaN,NaN,NaN,NaN,0.962274449482819,NaN,NaN,NaN,NaN,NaN,NaN,NaN,NaN,NaN,NaN,NaN,0.572629113600707,0.908595133275166,-0.0337422239156062,1.48060709335531,-0.141349172674372,0.188092487149623,-0.0401061624306812,-0.656836820239494,-1.5705795030925,-1.57057950309128,NaN,NaN,NaN,NaN,NaN,NaN,-1.56985254524402,NaN,NaN,NaN,NaN,NaN
330.5472,-1.70963347409857,-0.0828504037807068,-1.68447932386661,-0.207718520082418,0.974122990545017,0.97412299054672,NaN,0.198461913197911,-0.59401146439728,0.332468733560914,-1.20856935769783,0.332468733560112,NaN,NaN,NaN,NaN,NaN,0.95303919459277,NaN,NaN,NaN,NaN,NaN,NaN,NaN,NaN,NaN,NaN,NaN,0.609234745657302,0.922075305695117,-0.0260136667382312,1.51509827997191,-0.155771315939648,0.204164790222692,-0.0485191920276684,-0.665707914363637,-1.60321082115652,-1.60321082115529,NaN,NaN,NaN,NaN,NaN,NaN,-1.55415528148536,NaN,NaN,NaN,NaN,NaN
330.6496,-1.71647385307516,-0.028924651744744,-1.66253788635015,-0.196562057902203,0.963145281556171,0.963145281557877,NaN,0.258845482724001,-0.610734891546179,0.339244940014693,-1.21738235425268,0.339244940013894,NaN,NaN,NaN,NaN,NaN,0.942876837072839,NaN,NaN,NaN,NaN,NaN,NaN,NaN,NaN,NaN,NaN,NaN,0.645826560926929,0.934156406033938,-0.0178452846378244,1.5478999202417,-0.17010227405576,0.220129767205243,-0.0568869363255986,-0.675047724353186,-1.63431685283644,-1.63431685283521,NaN,NaN,NaN,NaN,NaN,NaN,-1.53797905897356,NaN,NaN,NaN,NaN,NaN
330.752,-1.72091151318863,0.0245606308726488,-1.63852347100182,-0.186805527579729,0.95283933265619,0.952839332657898,NaN,0.318440032404127,-0.625922615235116,0.344243694863001,-1.22571037099496,0.344243694862206,NaN,NaN,NaN,NaN,NaN,0.931790202141892,NaN,NaN,NaN,NaN,NaN,NaN,NaN,NaN,NaN,NaN,NaN,0.682375036032796,0.944766411236921,-0.00921529364513306,1.57892373212616,-0.184360261961401,0.235987657712005,-0.0652478088830522,-0.684906892446435,-1.66381791371895,-1.66381791371773,NaN,NaN,NaN,NaN,NaN,NaN,-1.52131016370102,NaN,NaN,NaN,NaN,NaN
330.8544,-1.72291930269706,0.0775427703789616,-1.61244315134957,-0.178459262967684,0.943264848084289,0.943264848085999,NaN,0.377131172699492,-0.639555886891829,0.347476781078677,-1.23355276711722,0.347476781077887,NaN,NaN,NaN,NaN,NaN,0.91978519928285,NaN,NaN,NaN,NaN,NaN,NaN,NaN,NaN,NaN,NaN,NaN,0.718849345662966,0.953839293129653,-0.000104709984500531,1.60808727962727,-0.198563498367825,0.251738403742795,-0.0736406435645375,-0.69533388053887,-1.69163726736688,-1.69163726736566,NaN,NaN,NaN,NaN,NaN,NaN,-1.50413468148441,NaN,NaN,NaN,NaN,NaN
330.9568,-1.72247647042831,0.12996060914045,-1.58430934194319,-0.171528863174379,0.934478666696757,0.93447866669847,NaN,0.434807211455681,-0.651622175140897,0.348962391942591,-1.2409093318555,0.3489623919418,NaN,NaN,NaN,NaN,NaN,0.906870916867179,NaN,NaN,NaN,NaN,NaN,NaN,NaN,NaN,NaN,NaN,NaN,0.755217170121818,0.961315145022704,0.00950264961953813,1.63531418578614,-0.212730028851268,0.267381583617675,-0.082104409754092,-0.706374551624387,-1.71770146302727,-1.71770146302606,NaN,NaN,NaN,NaN,NaN,NaN,-1.48643861930173,NaN,NaN,NaN,NaN,NaN
331.0592,-1.71956858748158,0.181754702847692,-1.55413961893615,-0.166015392706305,0.926534317760426,0.926534317762141,NaN,0.491359495982564,-0.662115211274741,0.3487250259551,-1.24778010312437,0.348725025954315,NaN,NaN,NaN,NaN,NaN,0.893059702768953,NaN,NaN,NaN,NaN,NaN,NaN,NaN,NaN,NaN,NaN,NaN,0.791444502627326,0.967140273989563,0.0196201852777653,1.66053431465476,-0.226877561907447,0.282916361495579,-0.0906779335533728,-0.718071802106393,-1.74194064712984,-1.74194064712865,NaN,NaN,NaN,NaN,NaN,NaN,-1.46820803897059,NaN,NaN,NaN,NaN,NaN
331.1616,-1.71418741389673,0.232867538851045,-1.52195647671697,-0.161915614068069,0.919481555743101,0.919481555744817,NaN,0.546682744963907,-0.671034988356732,0.346795351768388,-1.25416516552301,0.346795351767605,NaN,NaN,NaN,NaN,NaN,0.878367239034356,NaN,NaN,NaN,NaN,NaN,NaN,NaN,NaN,NaN,NaN,NaN,0.827495461641056,0.971267264045273,0.030258545309778,1.68368392556932,-0.241023320845697,0.298341454358826,-0.0993996284774849,-0.730465242605262,-1.76428884868518,-1.76428884868399,NaN,NaN,NaN,NaN,NaN,NaN,-1.44942920483972,NaN,NaN,NaN,NaN,NaN
331.264,-1.70633073218063,0.283243769946967,-1.48778704456657,-0.159222236127554,0.913365893412966,0.913365893414684,NaN,0.600675362102936,-0.67838770857893,0.343210041738653,-1.26006443665553,0.343210041737871,NaN,NaN,NaN,NaN,NaN,0.862812610579384,NaN,NaN,NaN,NaN,NaN,NaN,NaN,NaN,NaN,NaN,NaN,0.863332130217253,0.97365502430505,0.0414256580488937,1.70470580275523,-0.255183916633841,0.31365511522133,-0.108307248241217,-0.743590922316115,-1.78468423737875,-1.78468423737757,NaN,NaN,NaN,NaN,NaN,NaN,-1.43008874023483,NaN,NaN,NaN,NaN,NaN
331.3664,-1.69600216218823,0.332830451277801,-1.45166278377654,-0.157924165998903,0.908228152880622,0.90822815288234,NaN,0.653239723364542,-0.684185664425959,0.338011557751245,-1.26547746020061,0.338011557750467,NaN,NaN,NaN,NaN,NaN,0.846418358775868,NaN,NaN,NaN,NaN,NaN,NaN,NaN,NaN,NaN,NaN,NaN,0.898914455195691,0.974268844102954,0.0531267434675877,1.72354936595498,-0.269375247858798,0.328855127872392,-0.11743768124386,-0.757481096132776,-1.80306935352002,-1.80306935351883,NaN,NaN,NaN,NaN,NaN,NaN,-1.41017378238793,NaN,NaN,NaN,NaN,NaN
331.4688,-1.68321095819101,0.381577269048792,-1.41361917199877,-0.158006764347277,0.90410404236092,0.904104042362637,NaN,0.704282433780462,-0.688447045063089,0.331247869883852,-1.27040322788272,0.331247869883067,NaN,NaN,NaN,NaN,NaN,0.829210507876072,NaN,NaN,NaN,NaN,NaN,NaN,NaN,NaN,NaN,NaN,NaN,0.934200230207147,0.973080469048376,0.0653642927224218,1.74017076753334,-0.283612429962941,0.343938806864323,-0.126826800063075,-0.772164037881625,-1.81939131352582,-1.81939131352463,NaN,NaN,NaN,NaN,NaN,NaN,-1.38967212504373,NaN,NaN,NaN,NaN,NaN
331.5712,-1.66797178520793,0.429436754747805,-1.37369537535737,-0.1594521069448,0.901023761704387,0.901023761706104,NaN,0.753714557275283,-0.691195674034831,0.32297210336869,-1.27484004184673,0.322972103367905,NaN,NaN,NaN,NaN,NaN,0.811218556199373,NaN,NaN,NaN,NaN,NaN,NaN,NaN,NaN,NaN,NaN,NaN,0.969145164167257,0.970068194185453,0.0781380203508179,1.75453297679662,-0.297909746566836,0.358902997931933,-0.136509357331091,-0.787663896923601,-1.83360199723729,-1.8336019972361,NaN,NaN,NaN,NaN,NaN,NaN,-1.36857234021403,NaN,NaN,NaN,NaN,NaN
331.6736,-1.65030447668088,0.476364479581685,-1.33193391311519,-0.162239247099446,0.899011647658378,0.899011647660093,NaN,0.801451832027833,-0.692460694875688,0.313242130258466,-1.27878541077122,0.313242130257677,NaN,NaN,NaN,NaN,NaN,0.792475432398549,NaN,NaN,NaN,NaN,NaN,NaN,NaN,NaN,NaN,NaN,NaN,1.00370301753524,0.965216956926517,0.0914448051241331,1.76660584666623,-0.312280608005874,0.373744075749299,-0.146518900644301,-0.804000586547116,-1.8456582190287,-1.8456582190275,NaN,NaN,NaN,NaN,NaN,NaN,-1.34686387529842,NaN,NaN,NaN,NaN,NaN
331.776,-1.63023378006502,0.52231921964126,-1.28838032621601,-0.16634446911348,0.898085877560126,0.898085877561839,NaN,0.847414886895612,-0.692276224037295,0.302120128992154,-1.28223596530068,0.302120128991356,NaN,NaN,NaN,NaN,NaN,0.773017425016608,NaN,NaN,NaN,NaN,NaN,NaN,NaN,NaN,NaN,NaN,NaN,1.03782578360041,0.95851840840831,0.105278638976334,1.77636615626207,-0.326737505752604,0.388457938159266,-0.156887683607588,-0.821189694772753,-1.85552188030369,-1.85552188030248,NaN,NaN,NaN,NaN,NaN,NaN,-1.32453712872386,NaN,NaN,NaN,NaN,NaN
331.8784,-1.60778909942537,0.567263081567008,-1.24308286383356,-0.171741528249529,0.898258247880299,0.898258247882007,NaN,0.891529469994862,-0.69068098579927,0.289672125826729,-1.28518738493006,0.289672125825925,NaN,NaN,NaN,NaN,NaN,0.752884095347104,NaN,NaN,NaN,NaN,NaN,NaN,NaN,NaN,NaN,NaN,NaN,1.07146390045901,0.949970946936365,0.119630599825846,1.78379762592824,-0.341291963569712,0.403040000452054,-0.167646569856209,-0.839242418009541,-1.86316010073306,-1.86316010073184,NaN,NaN,NaN,NaN,NaN,NaN,-1.3015835122746,NaN,NaN,NaN,NaN,NaN
331.9808,-1.58300424433032,0.611161584666986,-1.19609219898348,-0.178401877165432,0.899534035064947,0.899534035066649,NaN,0.933726698101546,-0.687717930273362,0.275967524568637,-1.28763433816722,0.275967524567828,NaN,NaN,NaN,NaN,NaN,0.73211817953189,NaN,NaN,NaN,NaN,NaN,NaN,NaN,NaN,NaN,NaN,NaN,1.10456648931341,0.93957970723102,0.134488854798099,1.78889090400558,-0.355954491475413,0.417485193932761,-0.178824937118766,-0.85816552316279,-1.86854532475204,-1.86854532475081,NaN,NaN,NaN,NaN,NaN,NaN,-1.27799550748104,NaN,NaN,NaN,NaN,NaN
332.0832,-1.5559171912064,0.653983701698188,-1.14746117794514,-0.186294876006667,0.901911938264932,0.901911938266628,NaN,0.973943336398945,-0.683433824905944,0.261078633529382,-1.2895704421351,0.261078633528567,NaN,NaN,NaN,NaN,NaN,0.710765481188069,NaN,NaN,NaN,NaN,NaN,NaN,NaN,NaN,NaN,NaN,NaN,1.13708161856164,0.927356506150034,0.149838691985782,1.79164352365375,-0.370734542004099,0.431787966976132,-0.190450582716892,-0.87796134107498,-1.87165540011046,-1.87165540010922,NaN,NaN,NaN,NaN,NaN,NaN,-1.25376671868579,NaN,NaN,NaN,NaN,NaN
332.1856,-1.52656985961762,0.695701863496436,-1.09724460311627,-0.195387981304076,0.905384099916086,0.905384099917774,NaN,1.01212211152754,-0.677878816895723,0.245080200735612,-1.29098824596989,0.245080200734794,NaN,NaN,NaN,NaN,NaN,0.688874753193409,NaN,NaN,NaN,NaN,NaN,NaN,NaN,NaN,NaN,NaN,NaN,1.16895659485755,0.913319746021374,0.165662576484074,1.79205982514633,-0.385640462167795,0.445942282327618,-0.202549625119926,-0.898627789380313,-1.87247362950912,-1.87247362950788,NaN,NaN,NaN,NaN,NaN,NaN,-1.22889192135239,NaN,NaN,NaN,NaN,NaN
332.288,-1.49500790183393,0.736291935463182,-1.04549904349759,-0.205646914137462,0.90993620060409,0.909936200605769,NaN,1.04821204637866,-0.671105976640615,0.228048961715845,-1.29187923773691,0.228048961715024,NaN,NaN,NaN,NaN,NaN,0.666497565838412,NaN,NaN,NaN,NaN,NaN,NaN,NaN,NaN,NaN,NaN,NaN,1.20013828643076,0.897494275958226,0.181940227174148,1.79015083889891,-0.400679435574202,0.459941606236527,-0.215146395876309,-0.920158421811619,-1.87098879883962,-1.87098879883837,NaN,NaN,NaN,NaN,NaN,NaN,-1.20336710162904,NaN,NaN,NaN,NaN,NaN
332.3904,-1.46128050033838,0.775733175300511,-0.992282662708531,-0.217035813417613,0.915547627891565,0.915547627893237,NaN,1.08216879513901,-0.663170830917119,0.210063195430605,-1.29223387112786,0.210063195429768,NaN,NaN,NaN,NaN,NaN,0.643688159722295,NaN,NaN,NaN,NaN,NaN,NaN,NaN,NaN,NaN,NaN,NaN,1.23057348616823,0.879911214292117,0.19864871008164,1.78593412816572,-0.415857411568395,0.47377888809574,-0.228263317093736,-0.942542502684159,-1.86719518505558,-1.86719518505432,NaN,NaN,NaN,NaN,NaN,NaN,-1.17718948091401,NaN,NaN,NaN,NaN,NaN
332.4928,-1.4254401706907,0.814008176378824,-0.937655059737966,-0.229517378663737,0.922191716880506,0.922191716882168,NaN,1.1139549530988,-0.654130888528039,0.19120228378783,-1.29204160731476,0.191202283786981,NaN,NaN,NaN,NaN,NaN,0.620503286082217,NaN,NaN,NaN,NaN,NaN,NaN,NaN,NaN,NaN,NaN,NaN,1.26020931359331,0.860607742346402,0.215762539858548,1.77943359577748,-0.431179019427757,0.487446530543183,-0.241920760338805,-0.965765104430285,-1.86109254775806,-1.86109254775679,NaN,NaN,NaN,NaN,NaN,NaN,-1.15035752055556,NaN,NaN,NaN,NaN,NaN
332.5952,-1.38754257448862,0.851102792615897,-0.88167712915902,-0.243053004415249,0.929836046435706,0.92983604643736,NaN,1.14354031131075,-0.644045167403324,0.171546278359273,-1.29129096731882,0.171546278358418,NaN,NaN,NaN,NaN,NaN,0.597002039034251,NaN,NaN,NaN,NaN,NaN,NaN,NaN,NaN,NaN,NaN,NaN,1.28899363569492,0.839626888776446,0.233253775354284,1.7706792659779,-0.446647469561683,0.500936352464546,-0.256136887727952,-0.989807222709881,-1.85268611122724,-1.85268611122597,NaN,NaN,NaN,NaN,NaN,NaN,-1.12287090977277,NaN,NaN,NaN,NaN,NaN
332.6976,-1.34764634889576,0.887006038060045,-0.824410950613825,-0.257602911742732,0.938442761701559,0.938442761703203,NaN,1.17090202856104,-0.632973742950628,0.151175485028471,-1.28996958949059,0.151175485027605,NaN,NaN,NaN,NaN,NaN,0.573245679105391,NaN,NaN,NaN,NaN,NaN,NaN,NaN,NaN,NaN,NaN,NaN,1.31687547047916,0.81701732566162,0.251092095861179,1.75970705666186,-0.462264449470573,0.514239551024037,-0.270927483217191,-1.01464590248831,-1.84198654728212,-1.84198654728084,NaN,NaN,NaN,NaN,NaN,NaN,-1.09473054754976,NaN,NaN,NaN,NaN,NaN
332.8,-1.30581295527489,0.921709960277952,-0.765919710480621,-0.273126287306326,0.947968899250696,0.947968899252328,NaN,1.19602470821575,-0.620977338802335,0.130170076909435,-1.28806428712756,0.130170076908557,NaN,NaN,NaN,NaN,NaN,0.54929744254285,NaN,NaN,NaN,NaN,NaN,NaN,NaN,NaN,NaN,NaN,NaN,1.34380533999444,0.79283318860945,0.269244852016119,1.74655855352748,-0.478030022320583,0.527346667641325,-0.286305783989287,-1.04025437066382,-1.82900997116483,-1.82900997116355,NaN,NaN,NaN,NaN,NaN,NaN,-1.0659385278467,NaN,NaN,NaN,NaN,NaN
332.9024,-1.26210654743916,0.955209494014589,-0.706267652795887,-0.289581437946038,0.958366710231541,0.958366710233161,NaN,1.2189003849926,-0.608116971305013,0.108609739724879,-1.2855611051092,0.108609739723993,NaN,NaN,NaN,NaN,NaN,0.525222332847109,NaN,NaN,NaN,NaN,NaN,NaN,NaN,NaN,NaN,NaN,NaN,1.36973556031245,0.767133921647322,0.287677093350167,1.73128079048115,-0.493942531212414,0.540247557828881,-0.302282318605119,-1.06660217528811,-1.81377795499,-1.8137779549887,NaN,NaN,NaN,NaN,NaN,NaN,-1.03649813036422,NaN,NaN,NaN,NaN,NaN
333.0048,-1.21659385967606,0.987502302622038,-0.645520055617395,-0.306925955610071,0.969583988314196,0.969583988315804,NaN,1.23952843728371,-0.594453642574788,0.0865733479425291,-1.28244537981728,0.0865733479416328,NaN,NaN,NaN,NaN,NaN,0.501086892541312,NaN,NaN,NaN,NaN,NaN,NaN,NaN,NaN,NaN,NaN,NaN,1.39462047250543,0.739984139415003,0.306351582555054,1.71392603899646,-0.509998512584199,0.552931365501195,-0.318864758389676,-1.09365533836383,-1.7963175494628,-1.79631754946149,NaN,NaN,NaN,NaN,NaN,NaN,-1.00641381612974,NaN,NaN,NaN,NaN,NaN
333.1072,-1.16934411326016,1.01858860977637,-0.583743230264278,-0.325116875973901,0.981564407603377,0.981564407604972,NaN,1.25791544288501,-0.580048064011923,0.064138666727743,-1.27870181177992,0.0641386667268385,NaN,NaN,NaN,NaN,NaN,0.476958950281786,NaN,NaN,NaN,NaN,NaN,NaN,NaN,NaN,NaN,NaN,NaN,1.41841661556575,0.711453497295725,0.325228810141474,1.69455161145464,-0.526192626819233,0.56538650719081,-0.3360577916911,-1.12137653454176,-1.77666129949174,-1.77666129949042,NaN,NaN,NaN,NaN,NaN,NaN,-0.975691228221038,NaN,NaN,NaN,NaN,NaN
333.2096,-1.1204289407631,1.0484710202874,-0.521004543402157,-0.344110820417148,0.994247870374469,0.994247870376052,NaN,1.27407499000009,-0.564960396151855,0.0413820713521561,-1.2743145643088,0.0413820713512521,NaN,NaN,NaN,NaN,NaN,0.452907340174466,NaN,NaN,NaN,NaN,NaN,NaN,NaN,NaN,NaN,NaN,NaN,1.44108283561083,0.681616567512805,0.344267014284079,1.67321968243719,-0.542517612179943,0.577600670388345,-0.353863028191922,-1.14972530446796,-1.75484724711938,-1.75484724711805,NaN,NaN,NaN,NaN,NaN,NaN,-0.944337195421189,NaN,NaN,NaN,NaN,NaN
333.312,-1.06992232944848,1.07715433094658,-0.457372462709529,-0.363864128883515,1.00757086201499,1.00757086201656,NaN,1.28802744643422,-0.54925000831378,0.0183782741179074,-1.26926739935386,0.0183782741169937,NaN,NaN,NaN,NaN,NaN,0.429001598653836,NaN,NaN,NaN,NaN,NaN,NaN,NaN,NaN,NaN,NaN,NaN,1.4625803350491,0.650552725164563,0.363422200334884,1.64999712627066,-0.558964258632816,0.5895608242397,-0.372278928412709,-1.17865830036171,-1.73091892554862,-1.73091892554729,NaN,NaN,NaN,NaN,NaN,NaN,-0.912359731350749,NaN,NaN,NaN,NaN,NaN
333.4144,-1.01790058120894,1.10464533760727,-0.392916620410824,-0.384332998555607,1.02146681242016,1.02146681242172,NaN,1.2997996856105,-0.532975271331017,-0.0047999452882917,-1.26354385161667,-0.00479994528921643,NaN,NaN,NaN,NaN,NaN,0.4053116486688,NaN,NaN,NaN,NaN,NaN,NaN,NaN,NaN,NaN,NaN,NaN,1.48287268064097,0.618346041169192,0.382648158241751,1.62495536303373,-0.575521390865722,0.601253238493977,-0.39130074133948,-1.20812955354626,-1.70492534996129,-1.70492534995996,NaN,NaN,NaN,NaN,NaN,NaN,-0.879768022068033,NaN,NaN,NaN,NaN,NaN
333.5168,-0.964442276560151,1.13095264718692,-0.327707878100853,-0.40547363495958,1.03586646584927,1.03586646585082,NaN,1.30942476956608,-0.516193388870463,-0.028082002206228,-1.25712742865374,-0.0280820022071626,NaN,NaN,NaN,NaN,NaN,0.381907477299447,NaN,NaN,NaN,NaN,NaN,NaN,NaN,NaN,NaN,NaN,NaN,1.50192579227302,0.585085168545101,0.401896485903151,1.59817020236215,-0.592175852320818,0.612663509239499,-0.410920434807946,-1.23809075559654,-1.67692099984675,-1.67692099984542,NaN,NaN,NaN,NaN,NaN,NaN,-0.84657240298258,NaN,NaN,NaN,NaN,NaN
333.6192,-0.909628224560869,1.15608649948007,-0.261818372876933,-0.427242411110488,1.05069825897052,1.05069825897205,NaN,1.31694159320019,-0.498960262113497,-0.0513997565898445,-1.25000181765416,-0.0513997565907861,NaN,NaN,NaN,NaN,NaN,0.358858810790172,NaN,NaN,NaN,NaN,NaN,NaN,NaN,NaN,NaN,NaN,NaN,1.51970792454346,0.550863207542125,0.421116628685688,1.56972167619377,-0.608912490697286,0.623776592658906,-0.431126617905634,-1.26849155024246,-1.64696577377113,-1.64696577376981,NaN,NaN,NaN,NaN,NaN,NaN,-0.812784333492492,NaN,NaN,NaN,NaN,NaN
333.7216,-0.853541387308979,1.18005859611286,-0.195321535297127,-0.449596025064228,1.06588870359828,1.06588870359979,NaN,1.32239449843673,-0.481330380289987,-0.0746877438179175,-1.24215108470665,-0.0746877438188709,NaN,NaN,NaN,NaN,NaN,0.336234794684045,NaN,NaN,NaN,NaN,NaN,NaN,NaN,NaN,NaN,NaN,NaN,1.536189642848,0.515777543115753,0.440255940171827,1.53969385719329,-0.625714150213473,0.634576847036972,-0.45190446631967,-1.29927983326704,-1.61512489919703,-1.61512489919571,NaN,NaN,NaN,NaN,NaN,NaN,-0.778416378664446,NaN,NaN,NaN,NaN,NaN
333.824,-0.796266782212679,1.20288192900593,-0.128292086269924,-0.472491646536035,1.08136277411073,1.08136277411223,NaN,1.32583287089902,-0.463356725917366,-0.0978833775919409,-1.23355986270439,-0.0978833775928996,NaN,NaN,NaN,NaN,NaN,0.314103688517697,NaN,NaN,NaN,NaN,NaN,NaN,NaN,NaN,NaN,NaN,NaN,1.5513437922573,0.479929659403651,0.45925976160173,1.50817466685294,-0.642561674476007,0.645048080619851,-0.473235662141145,-1.33040205340966,-1.58146879470875,-1.58146879470743,NaN,NaN,NaN,NaN,NaN,NaN,-0.743482203938418,NaN,NaN,NaN,NaN,NaN
333.9264,-0.737891374825113,1.2245706026596,-0.0608060281535182,-0.495887045096269,1.09704430419617,1.09704430419766,NaN,1.32731073294371,-0.445090676218072,-0.120927117162739,-1.22421352856255,-0.120927117163706,NaN,NaN,NaN,NaN,NaN,0.292532581208818,NaN,NaN,NaN,NaN,NaN,NaN,NaN,NaN,NaN,NaN,NaN,1.56514545845281,0.443424940808623,0.478071515178145,1.4752556821095,-0.659433921283415,0.655173602856186,-0.495098354370774,-1.36180350334151,-1.54607289096597,-1.54607289096466,NaN,NaN,NaN,NaN,NaN,NaN,-0.707996585485258,NaN,NaN,NaN,NaN,NaN
334.0288,-0.67850397090514,1.24513965187436,0.00705936247457566,-0.519740693303337,1.11285639520603,1.1128563952075,NaN,1.32688634058282,-0.426581889906379,-0.143762600602747,-1.21409837055182,-0.143762600603724,NaN,NaN,NaN,NaN,NaN,0.271587129871479,NaN,NaN,NaN,NaN,NaN,NaN,NaN,NaN,NaN,NaN,NaN,1.57757192243038,0.406372459409614,0.496632815130975,1.44103194593902,-0.676307791561715,0.664936280069554,-0.517467143346453,-1.39342858884695,-1.50901741746157,-1.50901741746026,NaN,NaN,NaN,NaN,NaN,NaN,-0.671975434196239,NaN,NaN,NaN,NaN,NaN
334.1312,-0.61819510266631,1.2646048619244,0.0752255489220252,-0.544011841954398,1.12872183166992,1.12872183167137,NaN,1.32462177926623,-0.407878192460183,-0.166336753722155,-1.20320174817691,-0.166336753723134,NaN,NaN,NaN,NaN,NaN,0.251331322750008,NaN,NaN,NaN,NaN,NaN,NaN,NaN,NaN,NaN,NaN,NaN,1.58860261466723,0.368884734127353,0.514883609952574,1.40560177776832,-0.69315827856355,0.674318600607119,-0.540313095146684,-1.42522107135432,-1.47038716272773,-1.47038716272643,NaN,NaN,NaN,NaN,NaN,NaN,-0.635435825394781,NaN,NaN,NaN,NaN,NaN
334.2336,-0.557056894651715,1.28298259659286,0.143612772194436,-0.568660570356566,1.1445634945488,1.14456349455024,NaN,1.32058254446972,-0.38902548562077,-0.188599881935762,-1.19151224704057,-0.188599881936741,NaN,NaN,NaN,NaN,NaN,0.231827263901605,NaN,NaN,NaN,NaN,NaN,NaN,NaN,NaN,NaN,NaN,NaN,1.59821907398226,0.33107744345251,0.532762368021822,1.3690665716254,-0.709958542951197,0.683302752777442,-0.5636037933357,-1.45712428840177,-1.43027121407898,-1.43027121407767,NaN,NaN,NaN,NaN,NaN,NaN,-0.598396024177433,NaN,NaN,NaN,NaN,NaN
334.336,-0.49518289675012,1.30028963375086,0.212140124329358,-0.593647815455317,1.16030476406625,1.16030476406767,NaN,1.31483709329368,-0.37006769519676,-0.210505744277519,-1.17901982492811,-0.210505744278494,NaN,NaN,NaN,NaN,NaN,0.213134973294506,NaN,NaN,NaN,NaN,NaN,NaN,NaN,NaN,NaN,NaN,NaN,1.60640490811616,0.29306907711871,0.550206311563579,1.33153056491085,-0.726680011427836,0.691870712304646,-0.587303427615843,-1.489081354485,-1.38876267677502,-1.38876267677372,NaN,NaN,NaN,NaN,NaN,NaN,-0.560875500378801,NaN,NaN,NaN,NaN,NaN
334.4384,-0.432667882072015,1.31654300706705,0.280725658693885,-0.618935383558166,1.17586991345207,1.17586991345347,NaN,1.30745635948478,-0.351046752219962,-0.23201160266886,-1.16571593816034,-0.23201160266983,NaN,NaN,NaN,NaN,NaN,0.195312194161381,NaN,NaN,NaN,NaN,NaN,NaN,NaN,NaN,NaN,NaN,NaN,1.61314574772806,0.254980517436154,0.567151697538621,1.29310055999804,-0.743292493431853,0.700004335161596,-0.611372913450897,-1.52103533798486,-1.34595836742775,-1.34595836742645,NaN,NaN,NaN,NaN,NaN,NaN,-0.522894934427412,NaN,NaN,NaN,NaN,NaN
334.5408,-0.369607617581307,1.33175986125926,0.349286533586353,-0.644485951723205,1.19118450531864,1.19118450532003,NaN,1.29851322987296,-0.332002595722215,-0.253078237352768,-1.15159363800333,-0.253078237353726,NaN,NaN,NaN,NaN,NaN,0.178414202133848,NaN,NaN,NaN,NaN,NaN,NaN,NaN,NaN,NaN,NaN,NaN,1.61842919111374,0.216934548463767,0.583534140295566,1.25388558772368,-0.759764318774825,0.707685458098219,-0.635770045579326,-1.55292941507556,-1.30195847708036,-1.30195847707907,NaN,NaN,NaN,NaN,NaN,NaN,-0.484476219167716,NaN,NaN,NaN,NaN,NaN
334.6432,-0.306098614669935,1.34595733746172,0.417739191005759,-0.67026306636463,1.20617580183231,1.20617580183368,NaN,1.2880819823465,-0.312973193595329,-0.273669921470903,-1.13664763450738,-0.273669921471849,NaN,NaN,NaN,NaN,NaN,0.162493615740027,NaN,NaN,NaN,NaN,NaN,NaN,NaN,NaN,NaN,NaN,NaN,1.6222447463696,0.179055293257371,0.599288972064986,1.2139965072034,-0.776062506273404,0.714896013354805,-0.660449697805248,-1.58470701120156,-1.25686620138488,-1.2568662013836,NaN,NaN,NaN,NaN,NaN,NaN,-0.445642458354333,NaN,NaN,NaN,NaN,NaN
334.7456,-0.242237855639563,1.35915250081969,0.48599958086442,-0.696231140453087,1.22077318889886,1.22077318890022,NaN,1.27623768881606,-0.293994586612287,-0.293754354939381,-1.1208743309727,-0.293754354940315,NaN,NaN,NaN,NaN,NaN,0.147600211300118,NaN,NaN,NaN,NaN,NaN,NaN,NaN,NaN,NaN,NaN,NaN,1.62458378236387,0.141467575509857,0.614351641694238,1.17354553636741,-0.792152970936164,0.72161816336992,-0.685364077102497,-1.61631193977709,-1.21078733340959,-1.21078733340831,NaN,NaN,NaN,NaN,NaN,NaN,-0.406417955137467,NaN,NaN,NaN,NaN,NaN
334.848,-0.178122487852491,1.37136230793917,0.553983437295543,-0.722355443631199,1.23490860500019,1.23490860500153,NaN,1.26305559717767,-0.275100953307535,-0.313302567465933,-1.10427183336889,-0.313302567466855,NaN,NaN,NaN,NaN,NaN,0.133780746894031,NaN,NaN,NaN,NaN,NaN,NaN,NaN,NaN,NaN,NaN,NaN,1.6254394986596,0.10429620892386,0.628658150132399,1.13264571657979,-0.808000770229797,0.727834457973938,-0.710463029696486,-1.64768854083297,-1.16382981156764,-1.16382981156636,NaN,NaN,NaN,NaN,NaN,NaN,-0.366828184316728,NaN,NaN,NaN,NaN,NaN
334.9504,-0.113849488259311,1.38260360207424,0.62160659805179,-0.74860207990017,1.24851696143187,1.24851696143319,NaN,1.24861052014939,-0.256324674961036,-0.33228880642576,-1.0868399392369,-0.332288806426678,NaN,NaN,NaN,NaN,NaN,0.121078801172985,NaN,NaN,NaN,NaN,NaN,NaN,NaN,NaN,NaN,NaN,NaN,1.62480691900877,0.0676652387161532,0.64214550977621,1.0914103328638,-0.823570380628182,0.733528009200662,-0.73569438715554,-1.67878182076303,-1.1161032157264,-1.11610321572511,NaN,NaN,NaN,NaN,NaN,NaN,-0.3268997505706,NaN,NaN,NaN,NaN,NaN
335.0528,-0.0495153141958459,1.39289312438337,0.688785345575129,-0.774937956004478,1.26153653843007,1.26153653843138,NaN,1.2329762626504,-0.237696373677797,-0.350690422943699,-1.06858011150932,-0.350690422944607,NaN,NaN,NaN,NaN,NaN,0.10953463334103,NaN,NaN,NaN,NaN,NaN,NaN,NaN,NaN,NaN,NaN,NaN,1.62268290733299,0.0316971720436433,0.654752205460772,1.04995231795135,-0.838825987679044,0.738682672365487,-0.761004332554894,-1.7095375962188,-1.06771820913171,-1.06771820913043,NaN,NaN,NaN,NaN,NaN,NaN,-0.28666034137661,NaN,NaN,NaN,NaN,NaN
335.1552,0.0147844403466494,1.40224753538654,0.755436748206433,-0.801330751559455,1.27390934280683,1.27390934280812,NaN,1.21622510862341,-0.219244911488098,-0.368487761477114,-1.04949544234991,-0.368487761478019,NaN,NaN,NaN,NaN,NaN,0.0991850706982515,NaN,NaN,NaN,NaN,NaN,NaN,NaN,NaN,NaN,NaN,NaN,1.61906620367078,-0.0034877743849878,0.666418637866485,1.00838365854705,-0.853731774695178,0.743283223856722,-0.786337768268214,-1.73990264371614,-1.01878593008822,-1.01878593008694,NaN,NaN,NaN,NaN,NaN,NaN,-0.246138684995961,NaN,NaN,NaN,NaN,NaN
335.2576,0.0789553683960517,1.41068344682214,0.821478987646158,-0.827748902470481,1.28558142033512,1.2855814203364,NaN,1.19842737493867,-0.200997358066495,-0.385664051174958,-1.02959061030602,-0.385664051175863,NaN,NaN,NaN,NaN,NaN,0.0900634298274041,NaN,NaN,NaN,NaN,NaN,NaN,NaN,NaN,NaN,NaN,NaN,1.61395747802655,-0.037772396987913,0.677087539520179,0.96681480997442,-0.868252203144497,0.747315530683811,-0.811638677520467,-1.7698248546693,-0.969417340987771,-0.969417340986492,NaN,NaN,NaN,NaN,NaN,NaN,-0.205364523238244,NaN,NaN,NaN,NaN,NaN
335.36,0.14290454392397,1.41821746877199,0.886831665935871,-0.854161604515887,1.29650312188598,1.29650312188723,NaN,1.17965103303093,-0.182978944457633,-0.402205296221945,-1.00887183119673,-0.402205296222851,NaN,NaN,NaN,NaN,NaN,0.0821994780790458,NaN,NaN,NaN,NaN,NaN,NaN,NaN,NaN,NaN,NaN,NaN,1.6073593992238,-0.0710431953107053,0.686704360685616,0.925354120092744,-0.882352281890496,0.750766707781592,-0.836850479185559,-1.79925339596281,-0.919722542970639,-0.919722542969362,NaN,NaN,NaN,NaN,NaN,NaN,-0.164368604420556,NaN,NaN,NaN,NaN,NaN
335.4624,0.206540778473743,1.42486627735165,0.951416087518418,-0.880538838542433,1.30662931995673,1.30662931995797,NaN,1.15996139490425,-0.165213021278911,-0.4181001672732,-0.98734680031627,-0.418100167274105,NaN,NaN,NaN,NaN,NaN,0.0756194424066626,NaN,NaN,NaN,NaN,NaN,NaN,NaN,NaN,NaN,NaN,NaN,1.59927671629173,-0.103191028660527,0.695217626668245,0.884107265965637,-0.895997822962691,0.753625260672068,-0.861916374215555,-1.82813887248811,-0.869810071101815,-0.869810071100542,NaN,NaN,NaN,NaN,NaN,NaN,-0.123182695486737,NaN,NaN,NaN,NaN,NaN
335.5648,0.269774835067302,1.43064670006153,1.01515550963569,-0.906851412650198,1.31591957204512,1.31591957204634,NaN,1.13942085693427,-0.147721034888575,-0.433339901530428,-0.965024626868436,-0.433339901531333,NaN,NaN,NaN,NaN,NaN,0.070346065737809,NaN,NaN,NaN,NaN,NaN,NaN,NaN,NaN,NaN,NaN,NaN,1.5897163513124,-0.134111736011514,0.702579269856875,0.843176714007811,-0.909155681407771,0.755881214346832,-0.886779677295844,-1.85643348230797,-0.819786199644843,-0.819786199643576,NaN,NaN,NaN,NaN,NaN,NaN,-0.0818396087544156,NaN,NaN,NaN,NaN,NaN
335.6672,0.332519599269026,1.43557580414579,1.07797535320127,-0.933071011746065,1.32433823485157,1.32433823485277,NaN,1.11808869372485,-0.130522526557164,-0.447918218053648,-0.9419157712655,-0.447918218054552,NaN,NaN,NaN,NaN,NaN,0.0663986972822246,NaN,NaN,NaN,NaN,NaN,NaN,NaN,NaN,NaN,NaN,NaN,1.57868750179144,-0.163706711753941,0.708744938601032,0.802661219327356,-0.921793976052388,0.757526229515419,-0.911384125398721,-1.88409115724023,-0.769754293434168,-0.769754293432905,NaN,NaN,NaN,NaN,NaN,NaN,-0.0403732369584074,NaN,NaN,NaN,NaN,NaN
335.7696,0.394690215162123,1.43967097143424,1.13980337285529,-0.959170246686691,1.33185453588353,1.33185453588471,NaN,1.09602089637507,-0.113635155170364,-0.461831248135091,-0.918031999703251,-0.461831248135999,NaN,NaN,NaN,NaN,NaN,0.0637933968104162,NaN,NaN,NaN,NaN,NaN,NaN,NaN,NaN,NaN,NaN,NaN,1.566201749756,-0.191883428486512,0.713674282776446,0.762655378877631,-0.933882288390895,0.75855370531392,-0.935674158562282,-1.91106768806609,-0.71981422775301,-0.719814227751757,NaN,NaN,NaN,NaN,NaN,NaN,0.00118141320269855,NaN,NaN,NaN,NaN,NaN
335.872,0.456204201114172,1.44294995330598,1.20056979711577,-0.985122702163716,1.33844260167239,1.33844260167356,NaN,1.07327005641611,-0.0970747439414466,-0.475077477070218,-0.893386363321535,-0.475077477071126,NaN,NaN,NaN,NaN,NaN,0.0625430394410961,NaN,NaN,NaN,NaN,NaN,NaN,NaN,NaN,NaN,NaN,NaN,1.55227317527448,-0.218555900048095,0.717331214888162,0.723249248139222,-0.9453918386681,0.758958866764472,-0.959595173284654,-1.9373208338925,-0.670061879319857,-0.670061879318612,NaN,NaN,NaN,NaN,NaN,NaN,0.0427881994489064,NaN,NaN,NaN,NaN,NaN
335.9744,0.516981561652013,1.4454309087685,1.2602074558707,-1.01090298462826,1.34408143636374,1.34408143636489,NaN,1.04988530365791,-0.0808553501258723,-0.487657694973618,-0.867993199802093,-0.487657694974529,NaN,NaN,NaN,NaN,NaN,0.0626574151690229,NaN,NaN,NaN,NaN,NaN,NaN,NaN,NaN,NaN,NaN,NaN,1.53691847107046,-0.243645080107187,0.719684144005701,0.684528025107963,-0.956295640220559,0.758738836657598,-0.983093751250093,-1.96281041147042,-0.62058868296407,-0.620588682962835,NaN,NaN,NaN,NaN,NaN,NaN,0.084409837436112,NaN,NaN,NaN,NaN,NaN
336.0768,0.576944902756735,1.4471324296195,1.31865190432402,-1.03648676751446,1.34875484663418,1.34875484663531,NaN,1.02591230351987,-0.0649893570053776,-0.499574951576178,-0.841868148816754,-0.499574951577094,NaN,NaN,NaN,NaN,NaN,0.0641433193333927,NaN,NaN,NaN,NaN,NaN,NaN,NaN,NaN,NaN,NaN,NaN,1.52015705461016,-0.267079192470322,0.720706176991365,0.646571799631426,-0.966568634423841,0.757892693284848,-1.00611786640289,-1.98749835996919,-0.571481251184171,-0.57148125118294,NaN,NaN,NaN,NaN,NaN,NaN,0.126007904065339,NaN,NaN,NaN,NaN,NaN
336.1792,0.636019544641741,1.4480735556162,1.37584153924407,-1.0618508290301,1.35245131430195,1.35245131430305,NaN,1.00139330708399,-0.0494875936476168,-0.510834504477098,-0.815028170287864,-0.510834504478016,NaN,NaN,NaN,NaN,NaN,0.0670046282971393,NaN,NaN,NaN,NaN,NaN,NaN,NaN,NaN,NaN,NaN,NaN,1.50201117751094,-0.288793993012291,0.720375283148271,0.609455362362542,-0.976187807630644,0.756421514917487,-1.02861707207403,-2.01134878074342,-0.522821057682952,-0.522821057681725,NaN,NaN,NaN,NaN,NaN,NaN,0.167542845583275,NaN,NaN,NaN,NaN,NaN
336.2816,0.694133622953666,1.44827378473205,1.43171770150484,-1.08697308039719,1.35516382437373,1.35516382437482,NaN,0.976367238391279,-0.034359489939599,-0.52144375385704,-0.787491558248651,-0.521443753857958,NaN,NaN,NaN,NaN,NaN,0.071242351122842,NaN,NaN,NaN,NaN,NaN,NaN,NaN,NaN,NaN,NaN,NaN,1.48250603407266,-0.30873296986337,0.718674425277954,0.573248066693271,-0.985132288829025,0.754328409664744,-1.05054266735047,-2.0343279572962,-0.474684188251027,-0.474684188249808,NaN,NaN,NaN,NaN,NaN,NaN,0.208973992110806,NaN,NaN,NaN,NaN,NaN
336.384,0.751218176224759,1.44775308566549,1.48622476662376,-1.11183258654672,1.35688966071834,1.35688966071941,NaN,0.9508698068421,-0.0196132655437406,-0.531412167292767,-0.759277949958585,-0.531412167293687,NaN,NaN,NaN,NaN,NaN,0.0768546480047248,NaN,NaN,NaN,NaN,NaN,NaN,NaN,NaN,NaN,NaN,NaN,1.46166986742294,-0.326847491129929,0.715591663129426,0.538013737131867,-0.993383425262762,0.751618528366852,-1.07184784006883,-2.05640436418163,-0.427141164318932,-0.427141164317721,NaN,NaN,NaN,NaN,NaN,NaN,0.250259583370241,NaN,NaN,NaN,NaN,NaN
336.4864,0.807207222005185,1.44653191816492,1.53931022856753,-1.13640958568016,1.357630178978,1.35763017897904,NaN,0.924933639159485,-0.00525614476714119,-0.540751200614502,-0.73040833183284,-0.540751200615422,NaN,NaN,NaN,NaN,NaN,0.0838368089689158,NaN,NaN,NaN,NaN,NaN,NaN,NaN,NaN,NaN,NaN,NaN,1.43953406912385,-0.34309690819784,0.711120233020557,0.503810616306128,-1.00092483343946,0.748299059281361,-1.09248778267703,-2.07754867133621,-0.380256844678778,-0.380256844677574,NaN,NaN,NaN,NaN,NaN,NaN,0.29135680967177,NaN,NaN,NaN,NaN,NaN
336.5888,0.862037823625306,1.44463126167998,1.59092477896746,-1.16068551750071,1.35739055830559,1.35739055830661,NaN,0.898588426109275,0.00870540720837897,-0.549474214170093,-0.700905041789961,-0.54947421417101,NaN,NaN,NaN,NaN,NaN,0.0921811865273901,NaN,NaN,NaN,NaN,NaN,NaN,NaN,NaN,NaN,NaN,NaN,1.41613327084359,-0.357448623693164,0.705258607780697,0.470691341606872,-1.00774242420925,0.744379205519236,-1.11241977683733,-2.09773374631369,-0.334090404555635,-0.334090404554435,NaN,NaN,NaN,NaN,NaN,NaN,0.332221873172518,NaN,NaN,NaN,NaN,NaN
336.6912,0.915650148964225,1.44207264824712,1.64102238090155,-1.18464307067388,1.35617952645423,1.35617952645524,NaN,0.871861077949451,0.02226542850777,-0.557596381553382,-0.670791770135342,-0.557596381554291,NaN,NaN,NaN,NaN,NaN,0.101877079671967,NaN,NaN,NaN,NaN,NaN,NaN,NaN,NaN,NaN,NaN,NaN,1.39150543063776,-0.369878132065528,0.698010542260785,0.438702946025933,-1.01382440283527,0.739870148360541,-1.13160324439439,-2.11693465781844,-0.288695380799711,-0.28869538079852,NaN,NaN,NaN,NaN,NaN,NaN,0.372810076901677,NaN,NaN,NaN,NaN,NaN
336.7936,0.967987524060115,1.43887819471474,1.68956033737743,-1.20826625684151,1.35400905025561,1.3540090502566,NaN,0.844775884145007,0.0354181899863337,-0.5651345892434,-0.640093566461228,-0.565134589244297,NaN,NaN,NaN,NaN,NaN,0.112910578586095,NaN,NaN,NaN,NaN,NaN,NaN,NaN,NaN,NaN,NaN,NaN,1.36569191648106,-0.380369031844644,0.689385104772264,0.40788688533956,-1.01916124653217,0.734784999812462,-1.1499997653175,-2.13512868430693,-0.244119768954808,-0.244119768953618,NaN,NaN,NaN,NaN,NaN,NaN,0.413075949227945,NaN,NaN,NaN,NaN,NaN
336.896,1.01899648780009,1.43507063124364,1.73649935888234,-1.23154050990653,1.35089398842009,1.35089398842105,NaN,0.817354675540968,0.048157917731285,-0.572107327285574,-0.608836856732827,-0.572107327286464,NaN,NaN,NaN,NaN,NaN,0.125264386792528,NaN,NaN,NaN,NaN,NaN,NaN,NaN,NaN,NaN,NaN,NaN,1.33873758701198,-0.388913002255787,0.679396689509747,0.37827909644338,-1.02374566218762,0.729138745476271,-1.16757306691426,-2.15229532565315,-0.200406163422394,-0.200406163421203,NaN,NaN,NaN,NaN,NaN,NaN,0.452973405685197,NaN,NaN,NaN,NaN,NaN
336.9984,1.06862685621729,1.43067332660367,1.78180363845921,-1.25445279837329,1.34685171565472,1.34685171565567,NaN,0.789616988921453,0.0604785194939274,-0.578534581388728,-0.577049457904136,-0.578534581389607,NaN,NaN,NaN,NaN,NaN,0.138917630184415,NaN,NaN,NaN,NaN,NaN,NaN,NaN,NaN,NaN,NaN,NaN,1.31069086715445,-0.395509742472357,0.668065006693127,0.349910084773907,-1.02757252771151,0.722948175966038,-1.18428899407749,-2.16841631303259,-0.157591932095264,-0.157591932094074,NaN,NaN,NaN,NaN,NaN,NaN,0.492455937695789,NaN,NaN,NaN,NaN,NaN
337.1008,1.11683180032877,1.42571031534102,1.82544094076642,-1.27699173275784,1.34190173715417,1.34190173715511,NaN,0.761580236455615,0.0723733306126604,-0.58443774631309,-0.544760561896845,-0.584437746313956,NaN,NaN,NaN,NaN,NaN,0.153845652029365,NaN,NaN,NaN,NaN,NaN,NaN,NaN,NaN,NaN,NaN,NaN,1.28160381557583,-0.400166879170109,0.655415050541477,0.322805031436727,-1.03063882200612,0.716231804347948,-1.20011547469279,-2.18347561705475,-0.115709409661588,-0.115709409660393,NaN,NaN,NaN,NaN,NaN,NaN,0.531476807189078,NaN,NaN,NaN,NaN,NaN
337.2032,1.16356792973518,1.42020633337181,1.86738270112111,-1.29914765428575,1.33606531294873,1.33606531294965,NaN,0.733259886935395,0.083834896637978,-0.589839567316681,-0.512000669614858,-0.58983956731754,NaN,NaN,NaN,NaN,NaN,0.170019794374611,NaN,NaN,NaN,NaN,NaN,NaN,NaN,NaN,NaN,NaN,NaN,1.25153218171285,-0.402899846314955,0.641477044224043,0.296983912110994,-1.03294354982626,0.709009770352517,-1.21502249249988,-2.19745945937957,-0.0747860950401663,-0.0747860950389694,NaN,NaN,NaN,NaN,NaN,NaN,0.569989227597352,NaN,NaN,NaN,NaN,NaN
337.3056,1.20879536434478,1.41418686614116,1.90760411978816,-1.32091270115649,1.3293651064039,1.32936510640481,NaN,0.70466966628376,0.0948548052364522,-0.594764094246221,-0.478801483955867,-0.594764094247078,NaN,NaN,NaN,NaN,NaN,0.187407175042218,NaN,NaN,NaN,NaN,NaN,NaN,NaN,NaN,NaN,NaN,NaN,1.22053545110775,-0.403731735610988,0.626286359133142,0.272461626341971,-1.03448766704966,0.701303736513898,-1.22898207200968,-2.21035633530285,-0.034844850954331,-0.0348448509531325,NaN,NaN,NaN,NaN,NaN,NaN,0.607946522318034,NaN,NaN,NaN,NaN,NaN
337.408,1.25247777780112,1.40767821005311,1.9460842361292,-1.34228085422846,1.32182486701631,1.3218248670172,NaN,0.675821778720149,0.105423571459131,-0.599236631917391,-0.445195787907708,-0.599236631918248,NaN,NaN,NaN,NaN,NaN,0.205970473571197,NaN,NaN,NaN,NaN,NaN,NaN,NaN,NaN,NaN,NaN,NaN,1.18867687789612,-0.40269311432996,0.609883406463787,0.249248139682803,-1.03527400689313,0.69313677960559,-1.24196827194904,-2.22215705423449,0.0040958876751332,0.0040958876763338,NaN,NaN,NaN,NaN,NaN,NaN,0.645302261504484,NaN,NaN,NaN,NaN,NaN
337.5104,1.29458240621544,1.40070754319944,1.98280597437104,-1.36324796126167,1.31346915545852,1.31346915545941,NaN,0.646727142581824,0.115530573761876,-0.603283685244433,-0.411217329206461,-0.603283685245286,NaN,NaN,NaN,NaN,NaN,0.225667738953348,NaN,NaN,NaN,NaN,NaN,NaN,NaN,NaN,NaN,NaN,NaN,1.15602350289244,-0.399821808852299,0.59231350024141,0.227348640194391,-1.03530720196622,0.684533274302582,-1.25395718062012,-2.23285480022228,0.0420218913244058,0.0420218913256066,NaN,NaN,NaN,NaN,NaN,NaN,0.682010382995107,NaN,NaN,NaN,NaN,NaN
337.6128,1.3350800225381,1.39330299571496,2.01775615620162,-1.38381173518957,1.30432311548217,1.30432311548304,NaN,0.617395628570595,0.125164036756553,-0.606932906005895,-0.376900722614901,-0.606932906006744,NaN,NaN,NaN,NaN,NaN,0.246452231002451,NaN,NaN,NaN,NaN,NaN,NaN,NaN,NaN,NaN,NaN,NaN,1.12264615546286,-0.395162655502395,0.573626692137451,0.206763707151778,-1.03459359759861,0.675518764939752,-1.26492690918752,-2.2424452069903,0.0789228999992524,0.0789229000004531,NaN,NaN,NaN,NaN,NaN,NaN,0.718025303671838,NaN,NaN,NaN,NaN,NaN
337.7152,1.37394487591847,1.38549370823058,2.05092547347465,-1.40397172291162,1.29441229142689,1.29441229142776,NaN,0.587836286321748,0.134311057184165,-0.610213045155353,-0.34228137497855,-0.610213045156198,NaN,NaN,NaN,NaN,NaN,0.268272302917802,NaN,NaN,NaN,NaN,NaN,NaN,NaN,NaN,NaN,NaN,NaN,1.08861943765302,-0.388767223274643,0.553877580298115,0.187489487593962,-1.03314115621724,0.666119825933798,-1.27485758163171,-2.25092643433728,0.114792379274479,0.114792379275687,NaN,NaN,NaN,NaN,NaN,NaN,0.753302026849779,NaN,NaN,NaN,NaN,NaN
337.8176,1.41115459545304,1.37730987214637,2.08230841712852,-1.42372924411821,1.28376248556741,1.28376248556826,NaN,0.558057554051309,0.142957668866418,-0.613153904735474,-0.307395431491332,-0.613153904736309,NaN,NaN,NaN,NaN,NaN,0.291071324010653,NaN,NaN,NaN,NaN,NaN,NaN,NaN,NaN,NaN,NaN,NaN,1.05402169033128,-0.380693512891947,0.533125095162562,0.169517877757735,-1.03095935421268,0.656363913519471,-1.28373132075796,-2.25829923083612,0.149627275780949,0.149627275782159,NaN,NaN,NaN,NaN,NaN,NaN,0.787796253077187,NaN,NaN,NaN,NaN,NaN
337.92,1.44669006235725,1.36878275322506,2.11190316698537,-1.4430873046386,1.27239964777388,1.27239964777472,NaN,0.528067456618582,0.151088939496434,-0.615786277190931,-0.272279731387566,-0.615786277191764,NaN,NaN,NaN,NaN,NaN,0.314787636886217,NaN,NaN,NaN,NaN,NaN,NaN,NaN,NaN,NaN,NaN,NaN,1.0189349412573,-0.371005634218629,0.511432264267789,0.152836709026213,-1.02805907288955,0.646279210636976,-1.29153223110918,-2.26456697553325,0.183427779052127,0.183427779053345,NaN,NaN,NaN,NaN,NaN,NaN,0.821464500715242,NaN,NaN,NaN,NaN,NaN
338.0224,1.48053525738456,1.3599447005991,2.13971145008503,-1.46205049768677,1.26034978674925,1.26034978675009,NaN,0.497873794264098,0.158689084392686,-0.618141866749032,-0.236971757499503,-0.618141866749859,NaN,NaN,NaN,NaN,NaN,0.339354549835502,NaN,NaN,NaN,NaN,NaN,NaN,NaN,NaN,NaN,NaN,NaN,0.983444830468819,-0.359773461311383,0.488865956200323,0.137429939843565,-1.02445248587204,0.635894468112528,-1.29824637947296,-2.2697357000227,0.216197091178792,0.216197091180011,NaN,NaN,NaN,NaN,NaN,NaN,0.854264233018545,NaN,NaN,NaN,NaN,NaN
338.1248,1.51267708988491,1.35082913488826,2.16573837035645,-1.48062490900139,1.24763888890623,1.24763888890706,NaN,0.467484315426829,0.165741578658428,-0.620253198489417,-0.201509570901931,-0.620253198490234,NaN,NaN,NaN,NaN,NaN,0.364700374825194,NaN,NaN,NaN,NaN,NaN,NaN,NaN,NaN,NaN,NaN,NaN,0.947640502857177,-0.347072261029106,0.465496600320602,0.12327785533846,-1.02015294618501,0.625238847305302,-1.30386177266759,-2.27381409300674,0.247941198385414,0.247941198386629,NaN,NaN,NaN,NaN,NaN,NaN,0.886153978892897,NaN,NaN,NaN,NaN,NaN
338.2272,1.54310521411142,1.34147050273873,2.18999220830146,-1.49881802858462,1.23429283500227,1.23429283500309,NaN,0.436906868573701,0.172229263146132,-0.622153521171833,-0.165931728932394,-0.62215352117264,NaN,NaN,NaN,NaN,NaN,0.39074852103212,NaN,NaN,NaN,NaN,NaN,NaN,NaN,NaN,NaN,NaN,NaN,0.911614459477477,-0.332982290020589,0.441397875544195,0.110357273170531,-1.01517487842261,0.614341768535052,-1.30836833814164,-2.2768134876806,0.278668639735987,0.278668639737197,NaN,NaN,NaN,NaN,NaN,NaN,0.917093436221597,NaN,NaN,NaN,NaN,NaN
338.3296,1.57181183576185,1.33190418839402,2.21248418859359,-1.51663865733775,1.22033731406727,1.22033731406808,NaN,0.406149534368965,0.178134457257495,-0.623876704045306,-0.130277186003991,-0.623876704046095,NaN,NaN,NaN,NaN,NaN,0.417417647142798,NaN,NaN,NaN,NaN,NaN,NaN,NaN,NaN,NaN,NaN,NaN,0.875462365179141,-0.317588360922456,0.416646364629712,0.0986417487932213,-1.00953368193704,0.60323276611061,-1.31175791887081,-2.27874783276868,0.308390275222787,0.308390275223986,NaN,NaN,NaN,NaN,NaN,NaN,0.947043555653246,NaN,NaN,NaN,NaN,NaN
338.432,1.59879150738814,1.32216638183401,2.23322821403517,-1.53409680013472,1.2057977385237,1.20579773852451,NaN,0.37522074021253,0.183439090318716,-0.62545712753312,-0.0945851751939132,-0.625457127533902,NaN,NaN,NaN,NaN,NaN,0.444621872909025,NaN,NaN,NaN,NaN,NaN,NaN,NaN,NaN,NaN,NaN,NaN,0.839282809916626,-0.300979387450528,0.391321179284065,0.0881017718890176,-1.00324564487296,0.591941346389222,-1.31402428712646,-2.27963364768395,0.337119055551332,0.337119055552517,NaN,NaN,NaN,NaN,NaN,NaN,0.9759666094347,NaN,NaN,NaN,NaN,NaN
338.5344,1.62404091077461,1.31229391014337,2.2522405675712,-1.55120354860384,1.19069916253417,1.19069916253497,NaN,0.344129357417346,0.18812485107089,-0.626929570719258,-0.0588950672710053,-0.626929570720029,NaN,NaN,NaN,NaN,NaN,0.472271049809612,NaN,NaN,NaN,NaN,NaN,NaN,NaN,NaN,NaN,NaN,NaN,0.803177016537653,-0.283247917653587,0.365503563698113,0.0787049499356693,-0.99632786222321,0.580496842540378,-1.31516317136294,-2.279489961808,0.36486979179001,0.364869791791182,NaN,NaN,NaN,NaN,NaN,NaN,1.00382625255383,NaN,NaN,NaN,NaN,NaN
338.6368,1.64755862880157,1.30232403926234,2.2695395885563,-1.5679709609044,1.17506620475949,1.1750662047603,NaN,0.312884776413057,0.192173349107997,-0.628329098066957,-0.0232462033877075,-0.628329098067714,NaN,NaN,NaN,NaN,NaN,0.500271091512806,NaN,NaN,NaN,NaN,NaN,NaN,NaN,NaN,NaN,NaN,NaN,0.767248490483655,-0.26448965440939,0.339276475213928,0.07041617847811,-0.988798152717872,0.568928261360565,-1.3151722916351,-2.2783382395262,0.391658925462628,0.391658925463786,NaN,NaN,NaN,NaN,NaN,NaN,1.03058758377213,NaN,NaN,NaN,NaN,NaN
338.7392,1.66934491170566,1.29229424850778,2.28514532925037,-1.58441194357607,1.15892297559631,1.15892297559711,NaN,0.281496944161242,0.195566282649499,-0.629690943923709,0.012322301689185,-0.629690943924453,NaN,NaN,NaN,NaN,NaN,0.528524370540893,NaN,NaN,NaN,NaN,NaN,NaN,NaN,NaN,NaN,NaN,NaN,0.731602613792334,-0.244802955051349,0.312724132938238,0.0631977978029802,-0.980674975266591,0.557264122019038,-1.31405140524347,-2.27620229327722,0.41750430460848,0.417504304609619,NaN,NaN,NaN,NaN,NaN,NaN,1.05621721268836,NaN,NaN,NaN,NaN,NaN
338.8416,1.68940144046315,1.28224197646463,2.29907919341929,-1.60054013533805,1.14229300317679,1.14229300317759,NaN,0.249976344575496,0.19828560948584,-0.63105038693453,0.0477717893666184,-0.631050386935255,NaN,NaN,NaN,NaN,NaN,0.556930189966886,NaN,NaN,NaN,NaN,NaN,NaN,NaN,NaN,NaN,NaN,NaN,0.696346182931097,-0.224288302882498,0.285931527726957,0.0570097382215866,-0.971977346405068,0.545532288103562,-1.31180236379674,-2.27310818467707,0.442424969942609,0.442424969943726,NaN,NaN,NaN,NaN,NaN,NaN,1.08068333828495,NaN,NaN,NaN,NaN,NaN
338.944,1.707731089089,1.27220433883997,2.31136355907399,-1.61636978526039,1.12519914986782,1.12519914986861,NaN,0.218333919474174,0.200313720577665,-0.632442603539608,0.0830643231461692,-0.632442603540315,NaN,NaN,NaN,NaN,NaN,0.585385328551213,NaN,NaN,NaN,NaN,NaN,NaN,NaN,NaN,NaN,NaN,NaN,0.661586883514062,-0.203047750108742,0.258983897656354,0.051809661014107,-0.96272475508524,0.533759791395623,-1.30842917608099,-2.26908411206663,0.46644094940125,0.466440949402346,NaN,NaN,NaN,NaN,NaN,NaN,1.10395584428875,NaN,NaN,NaN,NaN,NaN
339.0464,1.72433768915894,1.26221782655716,2.3220213928976,-1.63191561513173,1.10766352130841,1.1076635213092,NaN,0.186580952758018,0.201633615837333,-0.633902499076187,0.118162983865792,-0.633902499076882,NaN,NaN,NaN,NaN,NaN,0.613784638727515,NaN,NaN,NaN,NaN,NaN,NaN,NaN,NaN,NaN,NaN,NaN,0.627432707049826,-0.181184343702437,0.231966186072216,0.047553101638922,-0.952937066841398,0.521972644877417,-1.30393806324733,-2.26416028387796,0.489573053770535,0.489573053771616,NaN,NaN,NaN,NaN,NaN,NaN,1.12600641102707,NaN,NaN,NaN,NaN,NaN
339.1488,1.73922579930191,1.25231799954468,2.33107586716668,-1.64719266167274,1.08970738382373,1.08970738382453,NaN,0.154728955168137,0.20222907948795,-0.635464528041974,0.153032170587247,-0.635464528042654,NaN,NaN,NaN,NaN,NaN,0.642021662402505,NaN,NaN,NaN,NaN,NaN,NaN,NaN,NaN,NaN,NaN,NaN,0.593991341810324,-0.158801553564748,0.204962505713615,0.0441936183113609,-0.94263440968699,0.510195646847788,-1.29833748745488,-2.25836877793028,0.511842663126312,0.511842663127377,NaN,NaN,NaN,NaN,NaN,NaN,1.14680863319207,NaN,NaN,NaN,NaN,NaN
339.2512,1.75240048091948,1.2425391928468,2.33854998916168,-1.66221610507071,1.07135110383665,1.07135110383745,NaN,0.122789581561802,0.202084850385128,-0.637162516676543,0.187637878178619,-0.637162516677207,NaN,NaN,NaN,NaN,NaN,0.669989231908503,NaN,NaN,NaN,NaN,NaN,NaN,NaN,NaN,NaN,NaN,NaN,0.561369582068064,-0.136002717471764,0.178055627408542,0.0416829496812067,-0.93183703979463,0.49845218436449,-1.29163813844336,-2.25174338487171,0.533271499356101,0.53327149935715,NaN,NaN,NaN,NaN,NaN,NaN,1.16633812945137,NaN,NaN,NaN,NaN,NaN
339.3536,1.763867082789,1.23291424937471,2.34446625318549,-1.67700110039787,1.05261410638847,1.05261410638927,NaN,0.0907745902385933,0.201186782837595,-0.639029495150512,0.221947936112924,-0.639029495151163,NaN,NaN,NaN,NaN,NaN,0.697580043708424,NaN,NaN,NaN,NaN,NaN,NaN,NaN,NaN,NaN,NaN,NaN,0.529672785202973,-0.112890510001394,0.151326504355285,0.0399711862369097,-0.920565196863466,0.486764051288544,-1.28385287794135,-2.24431943465071,0.553881394862408,0.553881394863439,NaN,NaN,NaN,NaN,NaN,NaN,1.18457263607875,NaN,NaN,NaN,NaN,NaN
339.456,1.77363103885854,1.22347429092244,2.34884632546905,-1.69156262826362,1.03351484204323,1.03351484204404,NaN,0.0586958329196165,0.199521998065255,-0.641097544091007,0.255932209241338,-0.641097544091646,NaN,NaN,NaN,NaN,NaN,0.724687214794299,NaN,NaN,NaN,NaN,NaN,NaN,NaN,NaN,NaN,NaN,NaN,0.499004382873164,-0.0895664427336862,0.124853840363261,0.039006955885081,-0.908838968388918,0.475151300277297,-1.27499665598235,-2.23613360947155,0.573694078053837,0.573694078054851,NaN,NaN,NaN,NaN,NaN,NaN,1.20149208379189,NaN,NaN,NaN,NaN,NaN
339.5584,1.78169768297217,1.21424853308527,2.35171076853197,-1.70591536855555,1.01407075941229,1.01407075941311,NaN,0.0265652623204028,0.197079033169613,-0.643397659079433,0.289562765697071,-0.64339765908006,NaN,NaN,NaN,NaN,NaN,0.751204836888778,NaN,NaN,NaN,NaN,NaN,NaN,NaN,NaN,NaN,NaN,NaN,0.469465441005627,-0.0661304025045663,0.0987137073850195,0.0387376203882614,-0.896678176290282,0.463632141750253,-1.26508640970832,-2.22722374621247,0.592730991880847,0.592730991881844,NaN,NaN,NaN,NaN,NaN,NaN,1.21707866037304,NaN,NaN,NaN,NaN,NaN
339.6608,1.78807208712429,1.20526413960881,2.35307880896689,-1.72007359026347,0.994298287932331,0.994298287933156,NaN,-0.00560504334178979,0.193847995110373,-0.645959633868817,0.322814013127029,-0.645959633869428,NaN,NaN,NaN,NaN,NaN,0.777028530673928,NaN,NaN,NaN,NaN,NaN,NaN,NaN,NaN,NaN,NaN,NaN,0.441154264510978,-0.0426802273917132,0.072979211274383,0.0391094815818337,-0.88410228491916,0.452222890262908,-1.25414094197937,-2.21762862484308,0.61101314946071,0.611013149461689,NaN,NaN,NaN,NaN,NaN,NaN,1.23131686228141,NaN,NaN,NaN,NaN,NaN
339.7632,1.7927589364753,1.19654610458414,2.35296815522248,-1.73405105040439,0.97421283349216,0.974212833492989,NaN,-0.0378028315176535,0.189820715638623,-0.648811960930592,0.355662802095864,-0.648811960931181,NaN,NaN,NaN,NaN,NaN,0.802055989571319,NaN,NaN,NaN,NaN,NaN,NaN,NaN,NaN,NaN,NaN,NaN,0.41416604527993,-0.0193113140521126,0.0477202000093968,0.0400679993593976,-0.8711303209656,0.440937950105436,-1.24218077095382,-2.20738773647427,0.628561021757,0.628561021757958,NaN,NaN,NaN,NaN,NaN,NaN,1.24419353592225,NaN,NaN,NaN,NaN,NaN
339.8656,1.79576245169454,1.18811715271603,2.35139487035862,-1.74786089953434,0.953828785097378,0.95382878509821,NaN,-0.0700155987939322,0.184990887068198,-0.651981744692595,0.388088497973354,-0.651981744693166,NaN,NaN,NaN,NaN,NaN,0.826187505195497,NaN,NaN,NaN,NaN,NaN,NaN,NaN,NaN,NaN,NaN,NaN,0.388592551212178,0.0038837486837818,0.0230030085147539,0.0415580210905329,-0.85778079334155,0.429789828376029,-1.22922794155982,-2.19654102515643,0.645394449358972,0.645394449359912,NaN,NaN,NaN,NaN,NaN,NaN,1.25569790580668,NaN,NaN,NaN,NaN,NaN
339.968,1.79708635476667,1.17999765403552,2.34837329414759,-1.76151559338731,0.933159529087133,0.933159529087969,NaN,-0.102230492877475,0.179354155553797,-0.655494616505564,0.420073025836297,-0.655494616506112,NaN,NaN,NaN,NaN,NaN,0.849326478533563,NaN,NaN,NaN,NaN,NaN,NaN,NaN,NaN,NaN,NaN,NaN,0.364521853172052,0.0268155212986597,-0.00110976407746719,0.0435240183927283,-0.844071599700909,0.418789163066917,-1.2153057877445,-2.18512859374748,0.661532571679692,0.661532571680607,NaN,NaN,NaN,NaN,NaN,NaN,1.26582158594808,NaN,NaN,NaN,NaN,NaN
340.0704,1.79673386493597,1.17220555266272,2.34391600152498,-1.77502680889681,0.912217467457145,0.912217467457986,NaN,-0.134434203696866,0.172908161133735,-0.659374637582168,0.451600891329193,-0.659374637582697,NaN,NaN,NaN,NaN,NaN,0.871379921548993,NaN,NaN,NaN,NaN,NaN,NaN,NaN,NaN,NaN,NaN,NaN,0.342038087793096,0.0493980329020374,-0.0245594497190459,0.0459103282928951,-0.830019907334034,0.407944755543267,-1.20043863412894,-2.1731903618539,0.676993768281188,0.676993768282082,NaN,NaN,NaN,NaN,NaN,NaN,1.27455857220629,NaN,NaN,NaN,NaN,NaN
340.1728,1.79470771478682,1.16475631046732,2.33803378823975,-1.78840536102821,0.891014038964738,0.891014038965585,NaN,-0.166612850758236,0.16565252696601,-0.663644183225161,0.482659174416078,-0.66364418322567,NaN,NaN,NaN,NaN,NaN,0.892258936663579,NaN,NaN,NaN,NaN,NaN,NaN,NaN,NaN,NaN,NaN,NaN,0.32122125437237,0.0715490855948817,-0.0472914870687802,0.048661399117707,-0.815642005187125,0.397263601002992,-1.18465143903902,-2.16076567969149,0.691795606980603,0.691795606981481,NaN,NaN,NaN,NaN,NaN,NaN,1.28190521688567,NaN,NaN,NaN,NaN,NaN
340.2752,1.79101018345944,1.15766286838002,2.33073568227901,-1.80166111974807,0.869559746905166,0.869559746906016,NaN,-0.198751870480094,0.157588806722447,-0.668323814674975,0.513237489228612,-0.668323814675463,NaN,NaN,NaN,NaN,NaN,0.911879148008231,NaN,NaN,NaN,NaN,NaN,NaN,NaN,NaN,NaN,NaN,NaN,0.30214704244466,0.0931905496832376,-0.0692555839278065,0.0517220410260574,-0.800953140359959,0.386750916659107,-1.16796940767479,-2.14789293082718,0.705954795836787,0.705954795837656,NaN,NaN,NaN,NaN,NaN,NaN,1.28786019228029,NaN,NaN,NaN,NaN,NaN
340.3776,1.78564314672169,1.15093562722034,2.32202898178566,-1.81480293311383,0.847864202390499,0.847864202391352,NaN,-0.230835906570292,0.148720404465883,-0.673432152870159,0.543327905989363,-0.673432152870634,NaN,NaN,NaN,NaN,NaN,0.930161067967861,NaN,NaN,NaN,NaN,NaN,NaN,NaN,NaN,NaN,NaN,NaN,0.284886685952672,0.114248647330751,-0.0904058661591866,0.0550376776190385,-0.785967363097608,0.376410172018431,-1.15041762044346,-2.134609167074,0.719487140775007,0.719487140775862,NaN,NaN,NaN,NaN,NaN,NaN,1.29242445261757,NaN,NaN,NaN,NaN,NaN
340.48,1.77860814178065,1.14458244450392,2.3119193155685,-1.82783856341272,0.825936192586549,0.825936192587405,NaN,-0.262848702518239,0.139052484812378,-0.678985767761809,0.572924838021651,-0.678985767762269,NaN,NaN,NaN,NaN,NaN,0.947030401926851,NaN,NaN,NaN,NaN,NaN,NaN,NaN,NaN,NaN,NaN,NaN,0.269506841764291,0.134654216074166,-0.110701006941624,0.0585545935280657,-0.770697400064077,0.366243127219369,-1.13202071028764,-2.12094979872566,0.732407509844167,0.732407509845018,NaN,NaN,NaN,NaN,NaN,NaN,1.29560120230846,NaN,NaN,NaN,NaN,NaN
340.5824,1.769906442945,1.13860863977859,2.30041071853374,-1.84077463342919,0.803783780934569,0.803783780935425,NaN,-0.294772989069059,0.128591888400991,-0.68499909470818,0.60202490387526,-0.684999094708629,NaN,NaN,NaN,NaN,NaN,0.962418299368769,NaN,NaN,NaN,NaN,NaN,NaN,NaN,NaN,NaN,NaN,NaN,0.256069490611457,0.1543429439831,-0.130104329543103,0.0622201744947598,-0.755154564561158,0.356249886348522,-1.11280259785073,-2.10694833921706,0.744729799466193,0.744729799467032,NaN,NaN,NaN,NaN,NaN,NaN,1.29739587580633,NaN,NaN,NaN,NaN,NaN
340.6848,1.75953914654369,1.13301700364755,2.28750571794874,-1.85361656825392,0.78141444114447,0.781414441145326,NaN,-0.326590360310878,0.117347061287019,-0.691484386355826,0.630626777704689,-0.69148438635627,NaN,NaN,NaN,NaN,NaN,0.976261554239245,NaN,NaN,NaN,NaN,NaN,NaN,NaN,NaN,NaN,NaN,NaN,0.244631854249043,0.173255570350802,-0.148583878869718,0.0659831368563895,-0.739348700989098,0.346428969533509,-1.09278627346865,-2.09263619397253,0.756466896883972,0.756466896884802,NaN,NaN,NaN,NaN,NaN,NaN,1.29781613025987,NaN,NaN,NaN,NaN,NaN
340.7872,1.74750726666908,1.12780781131747,2.2732054324854,-1.86636851922949,0.758835217566841,0.758835217567695,NaN,-0.358281140427004,0.105328000300365,-0.698451699123266,0.658731037479099,-0.698451699123694,NaN,NaN,NaN,NaN,NaN,0.988502759771297,NaN,NaN,NaN,NaN,NaN,NaN,NaN,NaN,NaN,NaN,NaN,0.235246318688856,0.191338047056016,-0.166112460115997,0.0697937407900901,-0.723288151860099,0.336777398740654,-1.07199360814921,-2.07804248244775,0.767630636922135,0.767630636922963,NaN,NaN,NaN,NaN,NaN,NaN,1.29687184486062,NaN,NaN,NaN,NaN,NaN
340.8896,1.7338118420395,1.122978842727,2.25750968541332,-1.87903327199347,0.736052900167485,0.736052900168339,NaN,-0.389824249130122,0.0925462113536295,-0.705908902793574,0.6863400122893,-0.705908902793988,NaN,NaN,NaN,NaN,NaN,0.999090431166013,NaN,NaN,NaN,NaN,NaN,NaN,NaN,NaN,NaN,NaN,NaN,0.227960356257072,0.2085416585881,-0.182667646658515,0.0736039806706752,-0.706979737221578,0.327290787706813,-1.05044518522167,-2.06319388568653,0.778231755138567,0.778231755139393,NaN,NaN,NaN,NaN,NaN,NaN,1.294575116432,NaN,NaN,NaN,NaN,NaN
340.992,1.71845405030709,1.1185254069423,2.24041712719322,-1.89161215443086,0.713074207835542,0.713074207836397,NaN,-0.421197073969397,0.0790146749719921,-0.71386169622803,0.713457624301948,-0.713861696228427,NaN,NaN,NaN,NaN,NaN,1.00797911014907,NaN,NaN,NaN,NaN,NaN,NaN,NaN,NaN,NaN,NaN,NaN,0.222816445939959,0.224823100986996,-0.198231760060159,0.0773677486022883,-0.690428748655258,0.31796343134845,-1.02816016371499,-2.04811451777955,0.788279842406907,0.788279842407732,NaN,NaN,NaN,NaN,NaN,NaN,1.29094024383665,NaN,NaN,NaN,NaN,NaN
341.0944,1.7014353233829,1.11444036765832,2.22192535963144,-1.90410495938425,0.689905977730239,0.689905977731096,NaN,-0.452375357349471,0.0647478124765545,-0.722313613215509,0.740089222989663,-0.722313613215888,NaN,NaN,NaN,NaN,NaN,1.01512945751162,NaN,NaN,NaN,NaN,NaN,NaN,NaN,NaN,NaN,NaN,NaN,0.21985199476285,0.240144520022584,-0.212791822510715,0.0810409711753837,-0.673638969060611,0.308788396768687,-1.0051561943692,-2.03282582161979,0.79778330545286,0.797783305453682,NaN,NaN,NaN,NaN,NaN,NaN,1.28598369908585,NaN,NaN,NaN,NaN,NaN
341.1968,1.68275745608669,1.11071417475662,2.20203105682968,-1.91650988430967,0.66655535643564,0.666555356436502,NaN,-0.483333103465465,0.0497614505186002,-0.731266012120072,0.766241414915782,-0.731266012120433,NaN,NaN,NaN,NaN,NaN,1.0205083325634,NaN,NaN,NaN,NaN,NaN,NaN,NaN,NaN,NaN,NaN,NaN,0.219099261950694,0.254473510315487,-0.226339482322498,0.0845817213772176,-0.656612725049466,0.299757619877428,-0.981449397239061,-2.01734648783582,0.80674933418849,0.806749334189307,NaN,NaN,NaN,NaN,NaN,NaN,1.27972408759996,NaN,NaN,NaN,NaN,NaN
341.2992,1.66242270322675,1.10733491303125,2.18073008410681,-1.9288234778585,0.643029989040565,0.643029989041428,NaN,-0.514042502488009,0.0340727896559802,-0.740718056002941,0.791921894304379,-0.74071805600329,NaN,NaN,NaN,NaN,NaN,1.02408885781815,NaN,NaN,NaN,NaN,NaN,NaN,NaN,NaN,NaN,NaN,NaN,0.220585284205429,0.267783076508686,-0.238870914749849,0.0879503040732189,-0.639350966068101,0.290862007095539,-0.957054389107622,-2.00169239556887,0.815183875038261,0.815183875039073,NaN,NaN,NaN,NaN,NaN,NaN,1.2721821044779,NaN,NaN,NaN,NaN,NaN
341.4016,1.64043386885978,1.10428837195986,2.15801762054091,-1.94104057984678,0.619338205248696,0.619338205249565,NaN,-0.544473864187354,0.0177003841712985,-0.750666695497962,0.817139276851974,-0.750666695498295,NaN,NaN,NaN,NaN,NaN,1.02585046967744,NaN,NaN,NaN,NaN,NaN,NaN,NaN,NaN,NaN,NaN,NaN,0.224331797266626,0.280051553488275,-0.250386698296728,0.0911093097482558,-0.621853356049001,0.282091534815807,-0.931984340659537,-1.98587657248214,0.823091608973956,0.823091608974766,NaN,NaN,NaN,NaN,NaN,NaN,1.26338049489809,NaN,NaN,NaN,NaN,NaN
341.504,1.61679439796581,1.10155812796044,2.13388829042901,-1.95315424703784,0.595489201502161,0.595489201503038,NaN,-0.574595558590383,0.000664135035032788,-0.761106665346663,0.841902935038818,-0.761106665346983,NaN,NaN,NaN,NaN,NaN,1.02577895453395,NaN,NaN,NaN,NaN,NaN,NaN,NaN,NaN,NaN,NaN,NaN,0.230355150721256,0.291262485523451,-0.260891666221411,0.0940236367316509,-0.604118366977876,0.273435338795196,-0.906251051676328,-1.96990917086769,0.830475932107541,0.830475932108348,NaN,NaN,NaN,NaN,NaN,NaN,1.25334402295924,NaN,NaN,NaN,NaN,NaN
341.6064,1.59150847774388,1.099125629001,2.1083363052234,-1.96515566985477,0.571493213509017,0.571493213509897,NaN,-0.604373971179278,-0.0170147051400261,-0.772030501783312,0.866222831671902,-0.772030501783619,NaN,NaN,NaN,NaN,NaN,1.02386646666222,NaN,NaN,NaN,NaN,NaN,NaN,NaN,NaN,NaN,NaN,NaN,0.238666217087631,0.301404474073776,-0.270394737781523,0.0966604914272434,-0.586143376002627,0.264881793836924,-0.879865047217219,-1.95379746314506,0.837338939600946,0.837338939601748,NaN,NaN,NaN,NaN,NaN,NaN,1.24209944528662,NaN,NaN,NaN,NaN,NaN
341.7088,1.56458114843479,1.09697028203725,2.08135561610569,-1.97703409623503,0.547361669901361,0.547361669902242,NaN,-0.63377348199094,-0.0353135162327021,-0.783428582668729,0.890109352908666,-0.783428582669022,NaN,NaN,NaN,NaN,NaN,1.02011152605699,NaN,NaN,NaN,NaN,NaN,NaN,NaN,NaN,NaN,NaN,NaN,0.249270295153857,0.31047100671484,-0.278908736370191,0.098989376658855,-0.567924778949539,0.256418595293632,-0.852835706177496,-1.9375458678475,0.843681418285292,0.843681418286094,NaN,NaN,NaN,NaN,NaN,NaN,1.22967547754098,NaN,NaN,NaN,NaN,NaN
341.8112,1.53601841997844,1.09506955342877,2.05294007902081,-1.98877677738145,0.523107322904541,0.523107322905423,NaN,-0.662756471998694,-0.054208285460973,-0.795289190758744,0.913573149084361,-0.795289190759019,NaN,NaN,NaN,NaN,NaN,1.01451899811174,NaN,NaN,NaN,NaN,NaN,NaN,NaN,NaN,NaN,NaN,NaN,0.26216700451377,0.31846027337801,-0.286450198904396,0.100982071940145,-0.549458134458715,0.248032859916059,-0.825171428178834,-1.92115601608521,0.849502852277053,0.849502852277854,NaN,NaN,NaN,NaN,NaN,NaN,1.21610274184044,NaN,NaN,NaN,NaN,NaN
341.9136,1.50582739007758,1.09339909088574,2.023083632442,-2.0003689398823,0.498744362783861,0.498744362784744,NaN,-0.691283356683574,-0.0736735755713192,-0.807598602323236,0.936624992428417,-0.807598602323495,NaN,NaN,NaN,NaN,NaN,1.00710005614285,NaN,NaN,NaN,NaN,NaN,NaN,NaN,NaN,NaN,NaN,NaN,0.277350170631691,0.325374970632741,-0.293039177282425,0.102612605653847,-0.530738343816526,0.239711257879773,-0.796879833201317,-1.9046268598842,0.854801440979424,0.854801440980231,NaN,NaN,NaN,NaN,NaN,NaN,1.20141369162572,NaN,NaN,NaN,NaN,NaN
342.016,1.47401635790704,1.09193286648664,1.99178048209538,-2.01179378193515,0.474288526565139,0.474288526566022,NaN,-0.719312646410713,-0.0936824887489465,-0.820341199120908,0.959275655221417,-0.820341199121149,NaN,NaN,NaN,NaN,NaN,0.997872123940695,NaN,NaN,NaN,NaN,NaN,NaN,NaN,NaN,NaN,NaN,NaN,0.294807705296058,0.331222092495859,-0.298699029737548,0.103857219891987,-0.511759861358457,0.231440173454316,-0.767967986564653,-1.88795481509579,0.859574128612693,0.859574128613506,NaN,NaN,NaN,NaN,NaN,NaN,1.18564251794841,NaN,NaN,NaN,NaN,NaN
342.1184,1.44059492815145,1.09064333471791,1.95902528434383,-2.02303248823366,0.449757204379249,0.449757204380129,NaN,-0.746801031116803,-0.114206625912758,-0.833499593576811,0.981535808166037,-0.83349959357704,NaN,NaN,NaN,NaN,NaN,0.986858794759428,NaN,NaN,NaN,NaN,NaN,NaN,NaN,NaN,NaN,NaN,NaN,0.314521489606669,0.336012704099236,-0.303456197541844,0.10469432869059,-0.492516925492603,0.223205878829625,-0.738442649545607,-1.87113392681011,0.863816649842299,0.863816649843116,NaN,NaN,NaN,NaN,NaN,NaN,1.16882504350064,NaN,NaN,NaN,NaN,NaN
342.2208,1.40557410419673,1.08950160050113,1.92481332444176,-2.03406425670313,0.425169537021114,0.425169537021994,NaN,-0.773703485887634,-0.135216038890028,-0.847054753929871,1.00341593708271,-0.847054753930091,NaN,NaN,NaN,NaN,NaN,0.974089727708469,NaN,NaN,NaN,NaN,NaN,NaN,NaN,NaN,NaN,NaN,NaN,0.336467263844528,0.339761691499955,-0.307339962721949,0.105104464937891,-0.473003798389907,0.214994700579747,-0.708310558630091,-1.85415604621124,0.867523599454851,0.867523599455668,NaN,NaN,NaN,NaN,NaN,NaN,1.1509986106394,NaN,NaN,NaN,NaN,NaN
342.3232,1.36896637232635,1.08847759490131,1.88914069021756,-2.0448663351356,0.400546493920606,0.400546493921486,NaN,-0.799973396988302,-0.156679177946495,-0.860986119770939,1.02492627349338,-0.860986119771153,NaN,NaN,NaN,NaN,NaN,0.959600528319271,NaN,NaN,NaN,NaN,NaN,NaN,NaN,NaN,NaN,NaN,NaN,0.360614522403221,0.342487478650383,-0.310382183736054,0.105070205453806,-0.453215003581499,0.20679316504473,-0.67757872951775,-1.83701101195075,0.870688529446327,0.870688529447151,NaN,NaN,NaN,NaN,NaN,NaN,1.13220196748701,NaN,NaN,NaN,NaN,NaN
342.4256,1.33078577878048,1.08754025801392,1.85200444270177,-2.05541407155927,0.375910924949996,0.375910924950875,NaN,-0.82556271111017,-0.178562846314055,-0.875271707052217,1.04607673522721,-0.875271707052417,NaN,NaN,NaN,NaN,NaN,0.943432620278826,NaN,NaN,NaN,NaN,NaN,NaN,NaN,NaN,NaN,NaN,NaN,0.386926408723549,0.344211705827689,-0.312617007577871,0.104576066964313,-0.433145559107243,0.198588126286719,-0.646254775803072,-1.81968683260389,0.873304068583435,0.873304068584269,NaN,NaN,NaN,NaN,NaN,NaN,1.11247515264218,NaN,NaN,NaN,NaN,NaN
342.528,1.29104800247414,1.08665773132309,1.81340278759581,-2.06568098032786,0.351287588234606,0.351287588235481,NaN,-0.850422113995919,-0.200832173561566,-0.88988821021483,1.06687687763111,-0.889888210215019,NaN,NaN,NaN,NaN,NaN,0.925633108834594,NaN,NaN,NaN,NaN,NaN,NaN,NaN,NaN,NaN,NaN,NaN,0.415359609990683,0.344958873933502,-0.314080560984312,0.103608376333623,-0.41279121411156,0.190366893216066,-0.614347236139024,-1.80216987113516,0.875362057607511,0.875362057608351,NaN,NaN,NaN,NaN,NaN,NaN,1.09185937636149,NaN,NaN,NaN,NaN,NaN
342.6304,1.24977042578264,1.08579756481382,1.77333525268519,-2.07563882240827,0.326703157489196,0.326703157490062,NaN,-0.874501248670554,-0.223450609312893,-0.904811111072225,1.0873358579389,-0.904811111072399,NaN,NaN,NaN,NaN,NaN,0.906254627707355,NaN,NaN,NaN,NaN,NaN,NaN,NaN,NaN,NaN,NaN,NaN,0.445864256401748,0.344755967052697,-0.3148106273155,0.102155125945745,-0.392148696371329,0.182117366864432,-0.581865910598204,-1.78444503694474,0.876853699366358,0.876853699367203,NaN,NaN,NaN,NaN,NaN,NaN,1.07039689461804,NaN,NaN,NaN,NaN,NaN
342.7328,1.20697220204945,1.08492694212091,1.73180287164175,-2.08525770107543,0.302186203661283,0.302186203662147,NaN,-0.89774898109416,-0.246379933793949,-0.92001480152466,1.10746241404347,-0.920014801524818,NaN,NaN,NaN,NaN,NaN,0.885355155817537,NaN,NaN,NaN,NaN,NaN,NaN,NaN,NaN,NaN,NaN,NaN,0.478383828340234,0.34363206553783,-0.314846315300151,0.100205825492173,-0.371215966625739,0.173828183250064,-0.548822203755766,-1.76649599072897,0.877769726058642,0.877769726059492,NaN,NaN,NaN,NaN,NaN,NaN,1.04813087342829,NaN,NaN,NaN,NaN,NaN
342.8352,1.16267431966257,1.08401291999454,1.68880837210084,-2.09450617656841,0.277767141838278,0.277767141839137,NaN,-0.920113709913657,-0.269580288452901,-0.935472725088172,1.12726485865218,-0.93547272508831,NaN,NaN,NaN,NaN,NaN,0.862997793756321,NaN,NaN,NaN,NaN,NaN,NaN,NaN,NaN,NaN,NaN,NaN,0.512855075311945,0.341617960202477,-0.314227725104314,0.0977513597030007,-0.349992466984621,0.165488850718646,-0.515229462829518,-1.74830536049163,0.87810057891182,0.878100578912674,NaN,NaN,NaN,NaN,NaN,NaN,1.02510524512331,NaN,NaN,NaN,NaN,NaN
342.9376,1.1168996697896,1.08302267513796,1.64435637114664,-2.10335139856527,0.253478142141364,0.253478142142216,NaN,-0.941543707983023,-0.293010235184809,-0.951157538920406,1.14675108955525,-0.951157538920529,NaN,NaN,NaN,NaN,NaN,0.839250500073524,NaN,NaN,NaN,NaN,NaN,NaN,NaN,NaN,NaN,NaN,NaN,0.549207956124261,0.33874577872147,-0.312995618462862,0.0947838604764713,-0.328479350955805,0.157089873581876,-0.481103295702824,-1.72985495922038,0.877836587623148,0.877836587624009,NaN,NaN,NaN,NaN,NaN,NaN,1.00136456258803,NaN,NaN,NaN,NaN,NaN
343.04,1.06967312795444,1.08192375600748,1.59845358670395,-2.11175925222663,0.229353008075505,0.229353008076353,NaN,-0.961987487001386,-0.316626850260709,-0.967041294623402,1.16592861438844,-0.967041294623508,NaN,NaN,NaN,NaN,NaN,0.8141857918705,NaN,NaN,NaN,NaN,NaN,NaN,NaN,NaN,NaN,NaN,NaN,0.587365611367099,0.335048633250115,-0.311191098807638,0.0912965995708229,-0.306679685268432,0.148622855229104,-0.446461857389585,-1.71112599477934,0.876968136713884,0.876968136714747,NaN,NaN,NaN,NaN,NaN,NaN,0.976953858821819,NaN,NaN,NaN,NaN,NaN
343.1424,1.02102165750214,1.08068434100931,1.55110907331699,-2.1196945190304,0.2054270203013,0.20542702030214,NaN,-0.981394187556256,-0.340385857531891,-0.983095639113494,1.18480458745817,-0.983095639113581,NaN,NaN,NaN,NaN,NaN,0.787880412778656,NaN,NaN,NaN,NaN,NaN,NaN,NaN,NaN,NaN,NaN,NaN,0.627244374835579,0.330560292520637,-0.308855302682496,0.087283905388398,-0.284598619181841,0.140080576086431,-0.411326102180269,-1.69209926944955,0.875485812434149,0.875485812435009,NaN,NaN,NaN,NaN,NaN,NaN,0.95191851664247,NaN,NaN,NaN,NaN,NaN
343.2448,0.970974440219179,1.07927350156981,1.50233448656443,-2.12712105779646,0.181736740355222,0.181736740356052,NaN,-0.999713998390903,-0.364241806283167,-0.999292041085385,1.2033858581458,-0.999292041085461,NaN,NaN,NaN,NaN,NaN,0.760414973395847,NaN,NaN,NaN,NaN,NaN,NaN,NaN,NaN,NaN,NaN,NaN,0.668753825768392,0.32531487681248,-0.306029099356852,0.0827411058489896,-0.262243526548192,0.131457050683355,-0.375720006773709,-1.67275536898425,0.873380530325692,0.87338053032655,NaN,NaN,NaN,NaN,NaN,NaN,0.926304146910524,NaN,NaN,NaN,NaN,NaN
343.3472,0.919563033232503,1.07766146415447,1.45214437213769,-2.13400200502736,0.158319774898823,0.158319774899641,NaN,-1.01689859939035,-0.388148295296177,-1.01560204252273,1.22167903079232,-1.01560204252279,NaN,NaN,NaN,NaN,NaN,0.731873568739329,NaN,NaN,NaN,NaN,NaN,NaN,NaN,NaN,NaN,NaN,NaN,0.711796881678615,0.319346573525401,-0.302752796184977,0.0776644972563282,-0.239624128518131,0.122747573109208,-0.339670768317579,-1.65307483718525,0.870643643371062,0.870643643371924,NaN,NaN,NaN,NaN,NaN,NaN,0.900156466819537,NaN,NaN,NaN,NaN,NaN
343.4496,0.866821543031691,1.07581986394482,1.40055646694213,-2.14029998471272,0.135214509018066,0.135214509018878,NaN,-1.03290161870845,-0.412058236101057,-1.03199752367496,1.23969053264313,-1.03199752367501,NaN,NaN,NaN,NaN,NaN,0.702343368843548,NaN,NaN,NaN,NaN,NaN,NaN,NaN,NaN,NaN,NaN,NaN,0.756269932338198,0.312689374384184,-0.299065852627199,0.0720513364539884,-0.216752594890834,0.113948751676604,-0.303208971974115,-1.63303833195152,0.867267026086049,0.867267026086914,NaN,NaN,NaN,NaN,NaN,NaN,0.873521169170208,NaN,NaN,NaN,NaN,NaN
343.552,0.812786805024195,1.07372198236331,1.34759199696987,-2.14597731853989,0.11245982049073,0.112459820491532,NaN,-1.04767909631172,-0.435924137707332,-1.04845096728489,1.25742667907622,-1.04845096728493,NaN,NaN,NaN,NaN,NaN,0.671914179468533,NaN,NaN,NaN,NaN,NaN,NaN,NaN,NaN,NaN,NaN,NaN,0.802063017607369,0.305376840324504,-0.295006611245187,0.0658998538199938,-0.193643612429531,0.105058522636928,-0.266368717236086,-1.61262676772763,0.863243131746211,0.86324313174708,NaN,NaN,NaN,NaN,NaN,NaN,0.846443781745978,NaN,NaN,NaN,NaN,NaN
343.6544,0.75749856051217,1.07134296065787,1.29327596004297,-2.15099623619465,0.0900947890952505,0.090094789096044,NaN,-1.06118994000516,-0.45969838557043,-1.06493571270302,1.27489371683211,-1.06493571270305,NaN,NaN,NaN,NaN,NaN,0.640677985433451,NaN,NaN,NaN,NaN,NaN,NaN,NaN,NaN,NaN,NaN,NaN,0.849060052918554,0.297441902137448,-0.290612053863627,0.0592092882509033,-0.170314411566245,0.0960761335556647,-0.229187697761073,-1.59182145944729,0.858565028799788,0.858565028800661,NaN,NaN,NaN,NaN,NaN,NaN,0.818969526776466,NaN,NaN,NaN,NaN,NaN
343.7568,0.70099962682262,1.06865998522735,1.23763738704798,-2.15531908867795,0.0681584175870656,0.0681584175878505,NaN,-1.07339635119332,-0.483333489921876,-1.08142619297864,1.29209782777534,-1.08142619297865,NaN,NaN,NaN,NaN,NaN,0.60872849666396,NaN,NaN,NaN,NaN,NaN,NaN,NaN,NaN,NaN,NaN,NaN,0.897139105190022,0.288916699986993,-0.285917584445331,0.0519799470319061,-0.146784753016125,0.0870020954545669,-0.191707239195125,-1.5706042827279,0.853226427631987,0.853226427632864,NaN,NaN,NaN,NaN,NaN,NaN,0.791143194555879,NaN,NaN,NaN,NaN,NaN
343.8592,0.643336057203952,1.06565244697125,1.18070957961833,-2.15890856254225,0.0466893764508989,0.0466893764516745,NaN,-1.08426420278251,-0.506782294464378,-1.09789814506989,1.30904509211382,-1.0978981450699,NaN,NaN,NaN,NaN,NaN,0.576160711082469,NaN,NaN,NaN,NaN,NaN,NaN,NaN,NaN,NaN,NaN,NaN,0.946172720189941,0.279832458963311,-0.280956835995783,0.044213289894157,-0.123076878532218,0.0778381065053788,-0.153972300127768,-1.54895785562983,0.847221708701373,0.847221708702248,NaN,NaN,NaN,NaN,NaN,NaN,0.763009041666924,NaN,NaN,NaN,NaN,NaN
343.9616,0.584557284433877,1.06230208128609,1.12253032195468,-2.16172789052038,0.0257257709309142,0.0257257709316806,NaN,-1.09376336700493,-0.529998150182932,-1.11432878115939,1.32574142439287,-1.11432878115939,NaN,NaN,NaN,NaN,NaN,0.543070503977577,NaN,NaN,NaN,NaN,NaN,NaN,NaN,NaN,NaN,NaN,NaN,0.996028302837467,0.270219399419919,-0.275761503459782,0.0359120321613805,-0.0992154232364024,0.0685869464532534,-0.1160314318623,-1.52686573867924,0.840545961878248,0.840545961879121,NaN,NaN,NaN,NaN,NaN,NaN,0.73461071981209,NaN,NaN,NaN,NaN,NaN
344.064,0.524716241507539,1.05859309388984,1.06314206315826,-2.16374105730028,0.00530491828577378,0.00530491828653128,NaN,-1.10186800020642,-0.552935063856446,-1.13069691256972,1.3421924950234,-1.13069691256972,NaN,NaN,NaN,NaN,NaN,0.509554249642454,NaN,NaN,NaN,NaN,NaN,NaN,NaN,NaN,NaN,NaN,NaN,1.04656855332654,0.260106686099843,-0.270361209860299,0.0270802627043189,-0.075227280534009,0.0592523374482169,-0.0779366838599252,-1.50431264433081,0.833195040996257,0.833195040997123,NaN,NaN,NaN,NaN,NaN,NaN,0.7059912378042,NaN,NaN,NaN,NaN,NaN
344.1664,0.46386945639425,1.05451227435386,1.00259206818068,-2.16491300208851,-0.0145368751223305,-0.0145368751215825,NaN,-1.10855678801785,-0.575547832324219,-1.14698302347352,1.35840364449604,-1.14698302347353,NaN,NaN,NaN,NaN,NaN,0.475708474936358,NaN,NaN,NaN,NaN,NaN,NaN,NaN,NaN,NaN,NaN,NaN,1.09765195853076,0.24952242000277,-0.264783410406973,0.0177235761714257,-0.0511414111195463,0.0498387698761415,-0.039743438744223,-1.48128464404107,0.825165627207939,0.825165627208802,NaN,NaN,NaN,NaN,NaN,NaN,0.677192953584947,NaN,NaN,NaN,NaN,NaN
344.2688,0.402077117934776,1.05004909721204,0.940932534511311,-2.16520982166234,-0.033764537796699,-0.0337645377959608,NaN,-1.11381314404607,-0.597792170236398,-1.16316929565489,1.37437979560094,-1.16316929565489,NaN,NaN,NaN,NaN,NaN,0.441629545208306,NaN,NaN,NaN,NaN,NaN,NaN,NaN,NaN,NaN,NaN,NaN,1.14913333202676,0.238493670945131,-0.259053331777782,0.00784922029869542,-0.0269885933824194,0.0403512989325341,-0.00151016318539636,-1.45776936283787,0.816455289019807,0.816455289020662,NaN,NaN,NaN,NaN,NaN,NaN,0.648257587078795,NaN,NaN,NaN,NaN,NaN
344.3712,0.339403107971586,1.04519580735241,0.878220668151021,-2.16459898043479,-0.0523444516429604,-0.0523444516422298,NaN,-1.1176253516188,-0.619624829304528,-1.17923958860017,1.39012536519981,-1.17923958860018,NaN,NaN,NaN,NaN,NaN,0.407413386976934,NaN,NaN,NaN,NaN,NaN,NaN,NaN,NaN,NaN,NaN,NaN,1.20086439867777,0.227046546218269,-0.253193940245991,-0.00253373981775016,-0.00280111755193866,0.0307953198878229,0.0367019313707779,-1.43375615745453,0.807062530909303,0.807062530910155,NaN,NaN,NaN,NaN,NaN,NaN,0.619226243305817,NaN,NaN,NaN,NaN,NaN
344.4736,0.275914999867008,1.03994748188218,0.814518714892788,-2.16304953290721,-0.0702446600264348,-0.0702446600257133,NaN,-1.11998664674897,-0.641003700695004,-1.19517938170679,1.40564417194818,-1.19517938170679,NaN,NaN,NaN,NaN,NaN,0.373155246744644,NaN,NaN,NaN,NaN,NaN,NaN,NaN,NaN,NaN,NaN,NaN,1.25269443058863,0.215206297471468,-0.247225939092826,-0.0134142375708362,0.0213875700561379,0.0211763264910808,0.0748293107564061,-1.40923628089103,0.796986830942786,0.796986830943637,NaN,NaN,NaN,NaN,NaN,NaN,0.590139438154356,NaN,NaN,NaN,NaN,NaN
344.576,0.211684030758091,1.03430205774975,0.749893948296977,-2.16053235534586,-0.0874350673928554,-0.0874350673921443,NaN,-1.12089525137795,-0.661887896955314,-1.21097568866305,1.42093933698725,-1.21097568866305,NaN,NaN,NaN,NaN,NaN,0.338949475357855,NaN,NaN,NaN,NaN,NaN,NaN,NaN,NaN,NaN,NaN,NaN,1.30447094430728,0.20299747273546,-0.241167806522576,-0.0247790062245298,0.0455432508980413,0.0114996629194493,0.112806590976716,-1.38420303788309,0.786228672018604,0.786228672019451,NaN,NaN,NaN,NaN,NaN,NaN,0.561037122220547,NaN,NaN,NaN,NaN,NaN
344.6784,0.146785053611347,1.02826031501532,0.684418614836336,-2.15702037304193,-0.103887636638765,-0.103887636638065,NaN,-1.12035437047585,-0.682237819069135,-1.2266169573047,1.43601317712452,-1.22661695730471,NaN,NaN,NaN,NaN,NaN,0.304889323125589,NaN,NaN,NaN,NaN,NaN,NaN,NaN,NaN,NaN,NaN,NaN,1.35604045729032,0.190444110809579,-0.235035885114685,-0.0366123873048531,0.0696312988728971,0.00177029907529546,0.150567002634226,-1.35865193124276,0.774789568872512,0.774789568873357,NaN,NaN,NaN,NaN,NaN,NaN,0.531958700111081,NaN,NaN,NaN,NaN,NaN
344.7808,0.0812964668170847,1.02182581105782,0.618169831550597,-2.15248876560085,-0.119576588220439,-0.119576588219752,NaN,-1.1183721657177,-0.702015217139965,-1.2420929656648,1.45086708802342,-1.24209296566479,NaN,NaN,NaN,NaN,NaN,0.271066734816393,NaN,NaN,NaN,NaN,NaN,NaN,NaN,NaN,NaN,NaN,NaN,1.40724928446813,0.17756995675305,-0.228844517773377,-0.0488961741751994,0.0936169741643081,-0.00800733042013584,0.188042792927675,-1.33258079645672,0.762672090765135,0.762672090765976,NaN,NaN,NaN,NaN,NaN,NaN,0.502943045508824,NaN,NaN,NaN,NaN,NaN
344.8832,0.0153001135582189,1.01500476970132,0.55122943086439,-2.14691513881553,-0.134478598500901,-0.134478598500227,NaN,-1.11496171396273,-0.721183251594299,-1.25739471779264,1.46550141121134,-1.25739471779262,NaN,NaN,NaN,NaN,NaN,0.237572140136342,NaN,NaN,NaN,NaN,NaN,NaN,NaN,NaN,NaN,NaN,NaN,1.45794434614711,0.164398668511144,-0.222606210057628,-0.0616095107088665,0.117465626455612,-0.0178293967186547,0.225165560265387,-1.30598992582532,0.749879882609792,0.749879882610624,NaN,NaN,NaN,NaN,NaN,NaN,0.474028514368022,NaN,NaN,NaN,NaN,NaN
344.9856,-0.0511188531857708,1.00780593616484,0.483683754359999,-2.14027966329782,-0.148572989694446,-0.148572989693786,NaN,-1.1101409542456,-0.739706564475564,-1.27251433947336,1.47991528084703,-1.27251433947333,NaN,NaN,NaN,NaN,NaN,0.204494235597803,NaN,NaN,NaN,NaN,NaN,NaN,NaN,NaN,NaN,NaN,NaN,1.50797396082387,0.150953996662489,-0.21633180283737,-0.0747288509975095,0.141142826035113,-0.0276926571954586,0.261866560224623,-1.27888218550164,0.736417688348225,0.736417688349051,NaN,NaN,NaN,NaN,NaN,NaN,0.445252956250094,NaN,NaN,NaN,NaN,NaN
345.088,-0.117872136941645,1.00024041161161,0.415623405721908,-2.13256518700992,-0.16184190541512,-0.161841905414474,NaN,-1.10393262645379,-0.757551374109791,-1.28744497217593,1.49410645917821,-1.2874449721759,NaN,NaN,NaN,NaN,NaN,0.171919747667687,NaN,NaN,NaN,NaN,NaN,NaN,NaN,NaN,NaN,NaN,NaN,1.55718860265385,0.137259938370718,-0.210030651571277,-0.0882279726309032,0.164614455028027,-0.0375943705654971,0.298077017201495,-1.25126312204778,0.722291374955427,0.722291374956246,NaN,NaN,NaN,NaN,NaN,NaN,0.41665371979256,NaN,NaN,NaN,NaN,NaN
345.1904,-0.184868490526394,0.992321480452316,0.34714297443781,-2.12375732752465,-0.174270472607295,-0.174270472606661,NaN,-1.09636420385463,-0.774685600603961,-1.30218065923593,1.50807118242818,-1.30218065923589,NaN,NaN,NaN,NaN,NaN,0.139933166669078,NaN,NaN,NaN,NaN,NaN,NaN,NaN,NaN,NaN,NaN,NaN,1.60544160773901,0.123340873176638,-0.203710809951646,-0.102078027241519,0.187846783656698,-0.0475321807508614,0.333728447502821,-1.22314104661577,0.707507952173586,0.707507952174398,NaN,NaN,NaN,NaN,NaN,NaN,0.388267648162337,NaN,NaN,NaN,NaN,NaN
345.2928,-0.252013931722217,0.984064437854871,0.27834073764104,-2.11384454803088,-0.185846955078908,-0.185846955078286,NaN,-1.08746781505433,-0.791079015345565,-1.31671622032751,1.52180403424362,-1.31671622032747,NaN,NaN,NaN,NaN,NaN,0.108616451292062,NaN,NaN,NaN,NaN,NaN,NaN,NaN,NaN,NaN,NaN,NaN,1.65258982093475,0.109221684289277,-0.197379210939863,-0.116247611527697,0.210806547704911,-0.0575039968564184,0.368752990390373,-1.19452708436635,0.692075587825818,0.692075587826622,NaN,NaN,NaN,NaN,NaN,NaN,0.360131063432201,NaN,NaN,NaN,NaN,NaN
345.3952,-0.319211978564079,0.975486417767806,0.209318343402865,-2.10281822181393,-0.196562901223629,-0.196562901223021,NaN,-1.07728014483797,-0.806703397011054,-1.33104712089491,1.53529785103365,-1.33104712089486,NaN,NaN,NaN,NaN,NaN,0.0780487123231893,NaN,NaN,NaN,NaN,NaN,NaN,NaN,NaN,NaN,NaN,NaN,1.69849418376437,0.0949278654152752,-0.191041838126986,-0.130702847935456,0.233461038261756,-0.0675078833749669,0.403083751074588,-1.1654351826573,0.676003625184201,0.676003625185,NaN,NaN,NaN,NaN,NaN,NaN,0.332279740816226,NaN,NaN,NaN,NaN,NaN
345.4976,-0.38636390526742,0.966606222307846,0.140180474938216,-2.09067268719814,-0.20641328330365,-0.206413283303052,NaN,-1.06584230627075,-0.821532678780861,-1.3451693467717,1.54854366281754,-1.34516934677165,NaN,NaN,NaN,NaN,NaN,0.048305881461075,NaN,NaN,NaN,NaN,NaN,NaN,NaN,NaN,NaN,NaN,NaN,1.7430202664852,0.0804856108085084,-0.184703883047637,-0.145407472253768,0.255778205113251,-0.0775419621349184,0.436655156471988,-1.13588207540915,0.659302609525562,0.65930260952636,NaN,NaN,NaN,NaN,NaN,NaN,0.304748873481607,NaN,NaN,NaN,NaN,NaN
345.6,-0.453369026311379,0.957444158621675,0.0710344917423667,-2.0774052888702,-0.215396623802575,-0.215396623801995,NaN,-1.05319968569258,-0.835543082519513,-1.35907928601338,1.56153067815981,-1.35907928601332,NaN,NaN,NaN,NaN,NaN,0.0194603646923445,NaN,NaN,NaN,NaN,NaN,NaN,NaN,NaN,NaN,NaN,NaN,1.78603874494434,0.0659218836541952,-0.17836988580064,-0.16032293233304,0.277726763684062,-0.0876043197001596,0.469403310961324,-1.10588720040897,0.641984324421723,0.641984324422516,NaN,NaN,NaN,NaN,NaN,NaN,0.277573028753721,NaN,NaN,NaN,NaN,NaN
345.7024,-0.520125014036529,0.948021888243984,0.00199004517049273,-2.06301639854851,-0.223515103576892,-0.223515103576325,NaN,-1.03940176787116,-0.848713244411586,-1.37277361500024,1.57424631561319,-1.37277361500017,NaN,NaN,NaN,NaN,NaN,-0.00841931987189553,NaN,NaN,NaN,NaN,NaN,NaN,NaN,NaN,NaN,NaN,NaN,1.8274258215692,0.0512644576028323,-0.172043857698967,-0.175408504724338,0.299276294312114,-0.0976929151236794,0.501266335340765,-1.07547256641408,0.624061831924913,0.624061831925695,NaN,NaN,NaN,NaN,NaN,NaN,0.250786098137579,NaN,NaN,NaN,NaN,NaN
345.8048,-0.58652824405248,0.938362288100663,-0.0668413265152943,-2.04750940955054,-0.23077464426052,-0.230774644259966,NaN,-1.02450194686528,-0.861024338419356,-1.38624918963439,1.58667627102562,-1.38624918963432,NaN,NaN,NaN,NaN,NaN,-0.0352689110511172,NaN,NaN,NaN,NaN,NaN,NaN,NaN,NaN,NaN,NaN,NaN,1.86706359143517,0.0365419297616147,-0.16572938658603,-0.190621433062324,0.320397330233924,-0.107805488543652,0.532184680604262,-1.0446625711683,0.605549511466063,0.605549511466838,NaN,NaN,NaN,NaN,NaN,NaN,0.224421243922441,NaN,NaN,NaN,NaN,NaN
345.9072,-0.652474154184314,0.928489319759402,-0.135346611731974,-2.03089070270653,-0.237184956414228,-0.237184956413687,NaN,-1.0085573247195,-0.872460201252253,-1.39950294388458,1.59880460524046,-1.39950294388449,NaN,NaN,NaN,NaN,NaN,-0.0610287604687202,NaN,NaN,NaN,NaN,NaN,NaN,NaN,NaN,NaN,NaN,NaN,1.90484035746782,0.0217837085207573,-0.159429727518439,-0.205917086606783,0.341061435529342,-0.117939473065971,0.562101415807673,-1.01348377685933,0.586463095762436,0.586463095763202,NaN,NaN,NaN,NaN,NaN,NaN,0.198510842826882,NaN,NaN,NaN,NaN,NaN
346.0096,-0.717857603689949,0.91842790456685,-0.203411736309972,-2.01316958315231,-0.242759547816952,-0.242759547816425,NaN,-0.991628501216102,-0.883007460679584,-1.41253179244643,1.61061384287121,-1.41253179244634,NaN,NaN,NaN,NaN,NaN,-0.0856441536083072,NaN,NaN,NaN,NaN,NaN,NaN,NaN,NaN,NaN,NaN,NaN,1.94065089989442,0.00701998207221313,-0.153147882244609,-0.221249134285979,0.36124127456272,-0.128091911531558,0.590962491079848,-0.981964650874018,0.56681970180168,0.566819701802436,NaN,NaN,NaN,NaN,NaN,NaN,0.173086425467434,NaN,NaN,NaN,NaN,NaN
346.112,-0.782573227422651,0.908203805172497,-0.270921966000381,-1.99435818766222,-0.247515691570375,-0.247515691569865,NaN,-0.973779360906161,-0.892655671281727,-1.42533252995607,1.62208508215612,-1.42533252995599,NaN,NaN,NaN,NaN,NaN,-0.109065588924342,NaN,NaN,NaN,NaN,NaN,NaN,NaN,NaN,NaN,NaN,NaN,1.974396702328,-0.00771832875971942,-0.14688666912171,-0.236569730638874,0.380910675614566,-0.138259380676795,0.618716978034668,-0.950135275232345,0.546637852873109,0.546637852873858,NaN,NaN,NaN,NaN,NaN,NaN,0.148178612063869,NaN,NaN,NaN,NaN,NaN
346.2144,-0.846515787530084,0.897843518728746,-0.337762300445874,-1.97447136120224,-0.251474356896413,-0.251474356895919,NaN,-0.955076862690291,-0.90139746260188,-1.43790172128885,1.63319812216733,-1.43790172128876,NaN,NaN,NaN,NaN,NaN,-0.131249024456878,NaN,NaN,NaN,NaN,NaN,NaN,NaN,NaN,NaN,NaN,NaN,2.00598613395308,-0.0223996333195465,-0.140648782921425,-0.251829712724852,0.400044693105279,-0.148437926783545,0.645317291271758,-0.918027024053981,0.525937488869298,0.525937488870039,NaN,NaN,NaN,NaN,NaN,NaN,0.123817047905062,NaN,NaN,NaN,NaN,NaN
346.3168,-0.909580526286344,0.887374188436143,-0.403817858541399,-1.95352650444015,-0.254660106419901,-0.254660106419424,NaN,-0.935590833143565,-0.909228698977439,-1.45023558331332,1.64393161221772,-1.45023558331323,NaN,NaN,NaN,NaN,NaN,-0.152156103025511,NaN,NaN,NaN,NaN,NaN,NaN,NaN,NaN,NaN,NaN,NaN,2.03533458789478,-0.0369917492428067,-0.134436844472291,-0.266978807397611,0.418619670775065,-0.158623015140868,0.670719392778165,-0.885672213600387,0.50473996577493,0.504739965775661,NaN,NaN,NaN,NaN,NaN,NaN,0.10003034345629,NaN,NaN,NaN,NaN,NaN
346.4192,-0.971663516752636,0.876823532793548,-0.468974252351976,-1.9315434025994,-0.257100966969543,-0.257100966969082,NaN,-0.915393760483534,-0.916148642927338,-1.46232986395671,1.65426321885457,-1.46232986395662,NaN,NaN,NaN,NaN,NaN,-0.17175435641675,NaN,NaN,NaN,NaN,NaN,NaN,NaN,NaN,NaN,NaN,NaN,2.06236457910171,-0.0514619922557468,-0.128253442182296,-0.281965845910193,0.436613303421494,-0.168809491034325,0.694882977292847,-0.853103742227528,0.483068046334737,0.483068046335456,NaN,NaN,NaN,NaN,NaN,NaN,0.0768460229868987,NaN,NaN,NaN,NaN,NaN
346.5216,-1.03266200172253,0.866219783110203,-0.533117945420229,-1.90854405141841,-0.258828285086164,-0.258828285085714,NaN,-0.894560582892673,-0.92216011034627,-1.47417972590531,1.66416979921554,-1.47417972590522,NaN,NaN,NaN,NaN,NaN,-0.190017380368773,NaN,NaN,NaN,NaN,NaN,NaN,NaN,NaN,NaN,NaN,NaN,2.0870058081279,-0.0657772721906682,-0.122101168481509,-0.296738981268579,0.454004691881987,-0.178991547059178,0.717771634541955,-0.820354744647923,0.460945883137137,0.460945883137843,NaN,NaN,NaN,NaN,NaN,NaN,0.0542904839858873,NaN,NaN,NaN,NaN,NaN
346.624,-1.09247471238787,0.855591618974726,-0.596136592692426,-1.88455249079808,-0.259876577275168,-0.259876577274731,NaN,-0.873168464113139,-0.927269603008106,-1.48577963888961,1.6736275752484,-1.48577963888951,NaN,NaN,NaN,NaN,NaN,-0.20692497066224,NaN,NaN,NaN,NaN,NaN,NaN,NaN,NaN,NaN,NaN,NaN,2.10919519906341,-0.0799041902113585,-0.115982654261596,-0.311245904576949,0.470774386370477,-0.189162692423516,0.739352983945294,-0.787458277426855,0.438398995742781,0.438398995743478,NaN,NaN,NaN,NaN,NaN,NaN,0.032388968891783,NaN,NaN,NaN,NaN,NaN
346.7264,-1.15100216227704,0.844968095718089,-0.657919360946228,-1.85959464860601,-0.26028338007841,-0.260283380077987,NaN,-0.851296552027826,-0.931487401296411,-1.49712328067827,1.68261231277634,-1.49712328067816,NaN,NaN,NaN,NaN,NaN,-0.22246321129516,NaN,NaN,NaN,NaN,NaN,NaN,NaN,NaN,NaN,NaN,NaN,2.12887691991308,-0.0938091331717081,-0.109900604272646,-0.325434058006216,0.486904415878556,-0.199315722824566,0.759598778886173,-0.754447040971616,0.415454242301002,0.415454242301691,NaN,NaN,NaN,NaN,NaN,NaN,0.0111655509136328,NaN,NaN,NaN,NaN,NaN
346.8288,-1.20814691523092,0.834378561466924,-0.71835722980594,-1.83369819608501,-0.260089102408803,-0.260089102408393,NaN,-0.829025722013361,-0.934827606052547,-1.50820344720287,1.69109950890444,-1.50820344720276,NaN,NaN,NaN,NaN,NaN,-0.236624506233281,NaN,NaN,NaN,NaN,NaN,NaN,NaN,NaN,NaN,NaN,NaN,2.14600239018663,-0.107458363280774,-0.103857835015738,-0.339250843647328,0.502378304800098,-0.209442692055639,0.778484981406547,-0.721353141490621,0.392139782978291,0.392139782978971,NaN,NaN,NaN,NaN,NaN,NaN,-0.00935686365508213,NaN,NaN,NaN,NaN,NaN
346.9312,-1.26381382943441,0.823852563838233,-0.777343275254715,-1.80689241631722,-0.259336881138015,-0.259336881137619,NaN,-0.806438308820016,-0.937308130731311,-1.51901197583237,1.69906458414721,-1.51901197583225,NaN,NaN,NaN,NaN,NaN,-0.2494075481051,NaN,NaN,NaN,NaN,NaN,NaN,NaN,NaN,NaN,NaN,NaN,2.16053027555197,-0.120818104704037,-0.0978573138078624,-0.352643828983026,0.517181080160444,-0.219534887588951,0.795991811409135,-0.688207898248875,0.368485032196061,0.368485032196735,NaN,NaN,NaN,NaN,NaN,NaN,-0.0291565145828947,NaN,NaN,NaN,NaN,NaN
347.0336,-1.31791028161934,0.81341974786481,-0.834772938753379,-1.77920807990073,-0.258072436576022,-0.258072436575644,NaN,-0.783617824025506,-0.938950650664929,-1.52953968676199,1.70648307404263,-1.52953968676187,NaN,NaN,NaN,NaN,NaN,-0.260817220526408,NaN,NaN,NaN,NaN,NaN,NaN,NaN,NaN,NaN,NaN,NaN,2.17242646854374,-0.133854629186246,-0.0919021968420383,-0.365560949180633,0.531299271595781,-0.229582811746917,0.812103772696668,-0.655041695801541,0.344520600259551,0.34452060026022,NaN,NaN,NaN,NaN,NaN,NaN,-0.0482127501467784,NaN,NaN,NaN,NaN,NaN
347.136,-1.37034637526261,0.80310974529501,-0.890544285559629,-1.75067731634921,-0.25634392032056,-0.256343920320197,NaN,-0.76064865190039,-0.939780516470919,-1.53977634275166,1.71333081985605,-1.53977634275153,NaN,NaN,NaN,NaN,NaN,-0.270864434874128,NaN,NaN,NaN,NaN,NaN,NaN,NaN,NaN,NaN,NaN,NaN,2.18166405660023,-0.146534339854487,-0.0859958667519309,-0.377950705562455,0.544720902661776,-0.239576168247378,0.826809653122928,-0.621883873499238,0.320278229008234,0.320278229008897,NaN,NaN,NaN,NaN,NaN,NaN,-0.0665059816429117,NaN,NaN,NaN,NaN,NaN
347.2384,-1.42103513697841,0.792952050998541,-0.944558258533427,-1.72133347506369,-0.254201748889939,-0.254201748889594,NaN,-0.737615721308378,-0.939826638892879,-1.54971062321971,1.71958416152036,-1.54971062321957,NaN,NaN,NaN,NaN,NaN,-0.279565905455885,NaN,NaN,NaN,NaN,NaN,NaN,NaN,NaN,NaN,NaN,NaN,2.18822327899824,-0.158823851154601,-0.08014197238617,-0.389762360919765,0.557435470826504,-0.249503852791465,0.840102495073639,-0.588762644029115,0.295790725429431,0.295790725430088,NaN,NaN,NaN,NaN,NaN,NaN,-0.0840176414071379,NaN,NaN,NaN,NaN,NaN
347.3408,-1.46989270615155,0.782975879309085,-0.996718936061734,-1.69121097854305,-0.251698420771678,-0.251698420771348,NaN,-0.714604155108543,-0.939121348750448,-1.55933011084551,1.72522013447932,-1.55933011084537,NaN,NaN,NaN,NaN,NaN,-0.28694386636944,NaN,NaN,NaN,NaN,NaN,NaN,NaN,NaN,NaN,NaN,NaN,2.19209147305143,-0.17069006428433,-0.0743444726463658,-0.400946133418752,0.569433916301835,-0.259353947209572,0.851979537276348,-0.555705037321127,0.271091889545556,0.271091889546206,NaN,NaN,NaN,NaN,NaN,NaN,-0.100730149803356,NaN,NaN,NaN,NaN,NaN
347.4432,-1.51683852100129,0.773209995963496,-1.04693379945769,-1.66034517353278,-0.248888318057802,-0.248888318057487,NaN,-0.691698896510844,-0.937700230272377,-1.568621292355,1.73021666882828,-1.56862129235485,NaN,NaN,NaN,NaN,NaN,-0.293025731192723,NaN,NaN,NaN,NaN,NaN,NaN,NaN,NaN,NaN,NaN,NaN,2.19326301024117,-0.182100238132098,-0.0686076845990472,-0.411453389433331,0.580708582833182,-0.269113718027305,0.862442133381803,-0.522736869273277,0.246216425079826,0.246216425080469,NaN,NaN,NaN,NaN,NaN,NaN,-0.116626889131364,NaN,NaN,NaN,NaN,NaN
347.5456,-1.56179550399348,0.763682528302125,-1.09511401122599,-1.62877218375078,-0.245827496548649,-0.245827496548345,NaN,-0.668984309145759,-0.935601923265365,-1.57756957461833,1.73455278895173,-1.57756957461817,NaN,NaN,NaN,NaN,NaN,-0.297843695833963,NaN,NaN,NaN,NaN,NaN,NaN,NaN,NaN,NaN,NaN,NaN,2.19173922366268,-0.193022055044628,-0.0629363354146004,-0.421236833483569,0.591253173828786,-0.278769620632916,0.871495652872267,-0.489882732543156,0.221199822880425,0.221199822881063,NaN,NaN,NaN,NaN,NaN,NaN,-0.131692181063357,NaN,NaN,NaN,NaN,NaN
347.648,-1.60469025339408,0.754420760078426,-1.1411747073575,-1.59652876365856,-0.242573469673984,-0.242573469673691,NaN,-0.646543747243061,-0.932867886991799,-1.58615931676947,1.73820881456923,-1.58615931676931,NaN,NaN,NaN,NaN,NaN,-0.301434282913536,NaN,NaN,NaN,NaN,NaN,NaN,NaN,NaN,NaN,NaN,NaN,2.18752832755315,-0.203423680461513,-0.057335617825409,-0.430250693189381,0.601062706210024,-0.288307310306923,0.879149367616108,-0.457166003673612,0.196078218053342,0.196078218053971,NaN,NaN,NaN,NaN,NaN,NaN,-0.145911266472212,NaN,NaN,NaN,NaN,NaN
347.7504,-1.64545324593151,0.745450911843588,-1.18503530791023,-1.56365214939873,-0.239184990224964,-0.239184990224683,NaN,-0.624459093995845,-0.92954211823416,-1.59437388026733,1.74116656465645,-1.59437388026717,NaN,NaN,NaN,NaN,NaN,-0.303837825420618,NaN,NaN,NaN,NaN,NaN,NaN,NaN,NaN,NaN,NaN,NaN,2.18064532808645,-0.213273817490656,-0.0518112483736185,-0.438450899939861,0.610133463966941,-0.297711662237879,0.885416325346967,-0.424608863221112,0.170888232345739,0.170888232346364,NaN,NaN,NaN,NaN,NaN,NaN,-0.159270286803364,NaN,NaN,NaN,NaN,NaN
347.8528,-1.68401904260548,0.736797899090626,-1.22661984236626,-1.53017990444853,-0.235721832397575,-0.235721832397301,NaN,-0.602810269347537,-0.925670824030854,-1.6021956953978,1.74340956227742,-1.60219569539763,NaN,NaN,NaN,NaN,NaN,-0.305097894392398,NaN,NaN,NaN,NaN,NaN,NaN,NaN,NaN,NaN,NaN,NaN,2.17111192268206,-0.222541763043721,-0.0463695243225431,-0.445795270159024,0.618462953012651,-0.306966803042767,0.890313209968635,-0.392232328214341,0.14566681336003,0.145666813360653,NaN,NaN,NaN,NaN,NaN,NaN,-0.171756265293217,NaN,NaN,NaN,NaN,NaN
347.9552,-1.72032647788317,0.728485059412431,-1.26585727542587,-1.49614976097756,-0.232244577078923,-0.232244577078654,NaN,-0.581674710823958,-0.921302061335102,-1.60960633467411,1.74492323622763,-1.60960633467394,NaN,NaN,NaN,NaN,NaN,-0.305260685427679,NaN,NaN,NaN,NaN,NaN,NaN,NaN,NaN,NaN,NaN,NaN,2.15895638396901,-0.231197477578212,-0.04101737044324,-0.452243694103756,0.626049856816703,-0.316056154464616,0.89386018664795,-0.360056291855503,0.120451071352962,0.120451071353579,NaN,NaN,NaN,NaN,NaN,NaN,-0.183357089238825,NaN,NaN,NaN,NaN,NaN
348.0576,-1.75431881823802,0.720533848413313,-1.30268181989805,-1.46159945748168,-0.228814402695753,-0.22881440269549,NaN,-0.561126831350393,-0.916485358275258,-1.61658657984033,1.74569511931852,-1.61658657984016,NaN,NaN,NaN,NaN,NaN,-0.304374381427592,NaN,NaN,NaN,NaN,NaN,NaN,NaN,NaN,NaN,NaN,NaN,2.14421342525398,-0.239211679485652,-0.0357623673473774,-0.45775833813113,0.632893988918802,-0.324962486739796,0.896080726876577,-0.328099559353793,0.0952781029068708,0.0952781029074852,NaN,NaN,NaN,NaN,NaN,NaN,-0.194061501095359,NaN,NaN,NaN,NaN,NaN
348.16,-1.78594389579301,0.712963514059569,-1.33703323709691,-1.42656657437118,-0.225492882527756,-0.225492882527499,NaN,-0.541237462793873,-0.911271325929594,-1.62311647475404,1.74571504747009,-1.62311647475387,NaN,NaN,NaN,NaN,NaN,-0.302488505009801,NaN,NaN,NaN,NaN,NaN,NaN,NaN,NaN,NaN,NaN,NaN,2.12692404661865,-0.246555966821473,-0.0306127597963804,-0.462303862590604,0.638996237337974,-0.333667977050113,0.897001409249489,-0.296379871361359,0.070184791318109,0.0701847913187182,NaN,NaN,NaN,NaN,NaN,NaN,-0.20385910869262,NaN,NaN,NaN,NaN,NaN
348.2624,-1.81515423097872,0.705790765791878,-1.36885712946497,-1.39108837837536,-0.222341789333186,-0.222341789332933,NaN,-0.522073307069849,-0.905711269167871,-1.62917536541054,1.74497535853572,-1.62917536541037,NaN,NaN,NaN,NaN,NaN,-0.299653276059664,NaN,NaN,NaN,NaN,NaN,NaN,NaN,NaN,NaN,NaN,NaN,2.10713536526133,-0.253202957300488,-0.0255774507509185,-0.465847648810735,0.644358499271911,-0.342154268962188,0.89665169822172,-0.26491391795483,0.0452075883699887,0.0452075883705933,NaN,NaN,NaN,NaN,NaN,NaN,-0.212740417747461,NaN,NaN,NaN,NaN,NaN
348.3648,-1.8419071435014,0.699029458383779,-1.39810521418285,-1.35520169274891,-0.219422906587585,-0.219422906587336,NaN,-0.503696422426095,-0.899856808966534,-1.63474193163144,1.74347107994241,-1.63474193163127,NaN,NaN,NaN,NaN,NaN,-0.295918999362275,NaN,NaN,NaN,NaN,NaN,NaN,NaN,NaN,NaN,NaN,NaN,2.0849004393078,-0.259126428992006,-0.0206659899339485,-0.468360018915371,0.648983609651363,-0.350402532068858,0.895063709514201,-0.233717355004396,0.0203822950190459,0.0203822950196477,NaN,NaN,NaN,NaN,NaN,NaN,-0.220696878250006,NaN,NaN,NaN,NaN,NaN
348.4672,-1.86616483755248,0.692690308510863,-1.42473555476794,-1.31894280124193,-0.216797843152348,-0.216797843152103,NaN,-0.486163757074584,-0.893759523237464,-1.63979421285326,1.74120009410716,-1.63979421285308,NaN,NaN,NaN,NaN,NaN,-0.291335509201817,NaN,NaN,NaN,NaN,NaN,NaN,NaN,NaN,NaN,NaN,NaN,2.06027809439585,-0.264301447265288,-0.0158885628538072,-0.469814433157041,0.652875270291307,-0.358393525165339,0.892271971892322,-0.20280483091354,-0.00425614484315858,-0.00425614484256363,NaN,NaN,NaN,NaN,NaN,NaN,-0.227720931081705,NaN,NaN,NaN,NaN,NaN
348.5696,-1.88789445360764,0.686780651851661,-1.44871273918442,-1.28234738004975,-0.214527849807935,-0.214527849807694,NaN,-0.469526723947348,-0.887470599276252,-1.64430962967574,1.73816327655151,-1.64430962967556,NaN,NaN,NaN,NaN,NaN,-0.285951688506772,NaN,NaN,NaN,NaN,NaN,NaN,NaN,NaN,NaN,NaN,NaN,2.03333275398306,-0.268704474970567,-0.0112559813517849,-0.470187661304426,0.656037986767049,-0.366107667511353,0.888313194175127,-0.172190022356314,-0.0286738312084223,-0.0286738312078313,NaN,NaN,NaN,NaN,NaN,NaN,-0.233806046920583,NaN,NaN,NaN,NaN,NaN
348.672,-1.90706808966086,0.68130423634682,-1.47000800950718,-1.24545044751587,-0.212673637977645,-0.212673637977408,NaN,-0.453830813354155,-0.88104048421287,-1.64826500352235,1.73436460021041,-1.64826500352217,NaN,NaN,NaN,NaN,NaN,-0.279815071517418,NaN,NaN,NaN,NaN,NaN,NaN,NaN,NaN,NaN,NaN,NaN,2.00413426666743,-0.272313467968288,-0.00677967633226634,-0.469459932647558,0.658477018958804,-0.373525121229744,0.883226045891792,-0.141885677004926,-0.052838066651994,-0.0528380666514031,NaN,NaN,NaN,NaN,NaN,NaN,-0.238946757723485,NaN,NaN,NaN,NaN,NaN
348.7744,-1.92366279216321,0.676261042060447,-1.48859934844994,-1.20828632193057,-0.211295197105156,-0.211295197104927,NaN,-0.439115254213064,-0.87451852794923,-1.65163657646952,1.72981119650354,-1.65163657646933,NaN,NaN,NaN,NaN,NaN,-0.272971534526548,NaN,NaN,NaN,NaN,NaN,NaN,NaN,NaN,NaN,NaN,NaN,1.97275772465108,-0.275107954325291,-0.00247169627370838,-0.467615067262474,0.660198349789491,-0.380625887417705,0.87705095764163,-0.111903666856124,-0.0767174754697269,-0.0767174754691374,NaN,NaN,NaN,NaN,NaN,NaN,-0.243138681904193,NaN,NaN,NaN,NaN,NaN
348.8768,-1.93766051007221,0.671647122858169,-1.50447151895915,-1.17088857862331,-0.210451604196762,-0.210451604196537,NaN,-0.425412734143475,-0.867952625342198,-1.6544000336317,1.72451337249114,-1.65440003363151,NaN,NaN,NaN,NaN,NaN,-0.265465073991187,NaN,NaN,NaN,NaN,NaN,NaN,NaN,NaN,NaN,NaN,NaN,1.93928327145496,-0.277069093551321,0.00165528488887536,-0.464640587885373,0.661208674861449,-0.38738991837037,0.869829943588497,-0.0822550556656535,-0.100282080153448,-0.100282080152858,NaN,NaN,NaN,NaN,NaN,NaN,-0.246378542015427,NaN,NaN,NaN,NaN,NaN
348.9792,-1.9490480103064,0.667454474040458,-1.51761605304925,-1.13329000374308,-0.210200824865379,-0.210200824865155,NaN,-0.41274917549209,-0.861388869071129,-1.65653053068503,1.71848459653752,-1.65653053068484,NaN,NaN,NaN,NaN,NaN,-0.257337662455494,NaN,NaN,NaN,NaN,NaN,NaN,NaN,NaN,NaN,NaN,NaN,1.90379589695588,-0.278179714550095,0.005587949968361,-0.460527810985234,0.661515411149836,-0.393797244726331,0.861606443820129,-0.0529501782479103,-0.12350334317771,-0.123503343177121,NaN,NaN,NaN,NaN,NaN,NaN,-0.248664177330275,NaN,NaN,NaN,NaN,NaN
349.0816,-1.95781676888106,0.663670932921858,-1.52803119988417,-1.09552255076605,-0.210599514513776,-0.210599514513554,NaN,-0.401143558490823,-0.854871221574135,-1.65800272789589,1.71174146602288,-1.65800272789569,NaN,NaN,NaN,NaN,NaN,-0.24862916115544,NaN,NaN,NaN,NaN,NaN,NaN,NaN,NaN,NaN,NaN,NaN,1.86638521558884,-0.278424330153931,0.00931231215175502,-0.455271911410173,0.661126716359831,-0.399828111347628,0.852425177290961,-0.0239987267704351,-0.146354184708791,-0.146354184708205,NaN,NaN,NaN,NaN,NaN,NaN,-0.249994559928873,NaN,NaN,NaN,NaN,NaN
349.184,-1.96396286167553,0.660280114648321,-1.53572185487801,-1.05761730821921,-0.211702830856711,-0.211702830856491,NaN,-0.39060778931447,-0.848441208086232,-1.65879083188431,1.70430365988717,-1.6587908318841,NaN,NaN,NaN,NaN,NaN,-0.239377264838905,NaN,NaN,NaN,NaN,NaN,NaN,NaN,NaN,NaN,NaN,NaN,1.82714522434158,-0.277789122033021,0.0128136807610161,-0.448871949054094,0.660051509401748,-0.405463114949058,0.842331994719646,0.00459015804557168,-0.168808983315709,-0.168808983315122,NaN,NaN,NaN,NaN,NaN,NaN,-0.250369821980752,NaN,NaN,NaN,NaN,NaN
349.2864,-1.96748686993292,0.657261384025137,-1.54069948389807,-1.01960448472787,-0.213564262598217,-0.213564262597997,NaN,-0.38114661905995,-0.842137631136002,-1.65886864605673,1.69619386938645,-1.6588686460565,NaN,NaN,NaN,NaN,NaN,-0.229617467705462,NaN,NaN,NaN,NaN,NaN,NaN,NaN,NaN,NaN,NaN,NaN,1.7861740419593,-0.276261888677653,0.0160766176990775,-0.44133084743821,0.658299489429523,-0.410683340347359,0.8313737303425,0.0328077894574526,-0.190843564619534,-0.190843564618951,NaN,NaN,NaN,NaN,NaN,NaN,-0.249791292942871,NaN,NaN,NaN,NaN,NaN
349.3888,-1.96839379931455,0.654589869565927,-1.54298203815736,-0.98151341548702,-0.216235471767258,-0.216235471767037,NaN,-0.372757624027553,-0.835996316452102,-1.65820962846893,1.68743770110521,-1.65820962846871,NaN,NaN,NaN,NaN,NaN,-0.21938305304482,NaN,NaN,NaN,NaN,NaN,NaN,NaN,NaN,NaN,NaN,NaN,1.74357363525434,-0.273831950619583,0.0190848812040415,-0.432655319510988,0.655881156203095,-0.415470495702526,0.819598057879253,0.0606458296521501,-0.212435181899813,-0.212435181899229,NaN,NaN,NaN,NaN,NaN,NaN,-0.248261538114833,NaN,NaN,NaN,NaN,NaN
349.4912,-1.96669300419953,0.652236526484794,-1.5425938482687,-0.943372591454446,-0.219766146980378,-0.219766146980153,NaN,-0.365431255457159,-0.830049908124736,-1.65678695590851,1.67806355398153,-1.65678695590828,NaN,NaN,NaN,NaN,NaN,-0.208705106899278,NaN,NaN,NaN,NaN,NaN,NaN,NaN,NaN,NaN,NaN,NaN,1.699449536879,-0.270490009699014,0.021821355245613,-0.422855737817421,0.652807831960327,-0.419807047624285,0.807053349896548,0.0880961795686518,-0.233562487899945,-0.23356248789936,NaN,NaN,NaN,NaN,NaN,NaN,-0.24578439150028,NaN,NaN,NaN,NaN,NaN
349.5936,-1.96239811012459,0.650168245729566,-1.5395654921759,-0.905209704736026,-0.224203866847146,-0.224203866846915,NaN,-0.359150954836746,-0.824327718768897,-1.65457359475049,1.66810247670956,-1.65457359475026,NaN,NaN,NaN,NaN,NaN,-0.197612552232549,NaN,NaN,NaN,NaN,NaN,NaN,NaN,NaN,NaN,NaN,NaN,1.65391055152097,-0.266227966410968,0.0242679684158916,-0.411945949976092,0.649091681916641,-0.423676357169233,0.79378853301865,0.115150869590785,-0.254205491074364,-0.254205491073779,NaN,NaN,NaN,NaN,NaN,NaN,-0.242364981714312,NaN,NaN,NaN,NaN,NaN
349.696,-1.95552692952373,0.648347999432065,-1.53393363740462,-0.867051693632776,-0.229593968226149,-0.22959396822591,NaN,-0.353893320519154,-0.818855619938538,-1.65154237701805,1.65758800797577,-1.65154237701783,NaN,NaN,NaN,NaN,NaN,-0.18613221000369,NaN,NaN,NaN,NaN,NaN,NaN,NaN,NaN,NaN,NaN,NaN,1.60706844265833,-0.261038705987509,0.0264056084649366,-0.399943048070994,0.64474573281706,-0.427062819016798,0.779852934591723,0.141801956990343,-0.274345492362881,-0.274345492362293,NaN,NaN,NaN,NaN,NaN,NaN,-0.238009752853441,NaN,NaN,NaN,NaN,NaN
349.7984,-1.94610136930119,0.646735018820731,-1.52574085831568,-0.828924772384779,-0.235979411173045,-0.235979411172798,NaN,-0.349628317207069,-0.813655957303455,-1.64766607485586,1.64655599504784,-1.64766607485566,NaN,NaN,NaN,NaN,NaN,-0.174288904086945,NaN,NaN,NaN,NaN,NaN,NaN,NaN,NaN,NaN,NaN,NaN,1.55903759515204,-0.254915859824694,0.0282140334972661,-0.386867101554569,0.639783893507083,-0.429952006222466,0.765296125916397,0.168041435091164,-0.29396501122505,-0.293965011224463,NaN,NaN,NaN,NaN,NaN,NaN,-0.232726482228374,NaN,NaN,NaN,NaN,NaN
349.9008,-1.93414733462792,0.645285010371393,-1.51503542952098,-0.790854446101507,-0.243400642409197,-0.243400642408941,NaN,-0.346319531554234,-0.808747492758384,-1.64291746361692,1.63504438440451,-1.64291746361672,NaN,NaN,NaN,NaN,NaN,-0.162105620577332,NaN,NaN,NaN,NaN,NaN,NaN,NaN,NaN,NaN,NaN,NaN,1.50993465244833,-0.247853540030387,0.029671775769848,-0.372740856090716,0.63422098397853,-0.432330821690238,0.750167774199563,0.193861161275938,-0.313047717355748,-0.313047717355163,NaN,NaN,NaN,NaN,NaN,NaN,-0.226524295948068,NaN,NaN,NaN,NaN,NaN
350.0032,-1.91969463701704,0.643950418011344,-1.50187109906143,-0.752865520742956,-0.251895470449228,-0.251895470448962,NaN,-0.343924477956735,-0.8041453828324,-1.63726936655725,1.62309298228624,-1.63726936655705,NaN,NaN,NaN,NaN,NaN,-0.149603715002517,NaN,NaN,NaN,NaN,NaN,NaN,NaN,NaN,NaN,NaN,NaN,1.45987812402177,-0.239846045009072,0.030756036977421,-0.357589396519903,0.628072776551797,-0.43418765604727,0.73451751145309,0.219252811460832,-0.331578376192998,-0.331578376192416,NaN,NaN,NaN,NaN,NaN,NaN,-0.219413683227099,NaN,NaN,NaN,NaN,NaN
350.1056,-1.90277690988151,0.642680733271646,-1.48630684341915,-0.714982112728456,-0.2614989621109,-0.261498962110623,NaN,-0.342394956032334,-0.799861192577991,-1.6306946830203,1.61074318847498,-1.6306946830201,NaN,NaN,NaN,NaN,NaN,-0.136803152357704,NaN,NaN,NaN,NaN,NaN,NaN,NaN,NaN,NaN,NaN,NaN,1.40898795531532,-0.230887544459341,0.0314425825911155,-0.341439776553308,0.621356043625636,-0.435512547360083,0.718394814811356,0.244207861732166,-0.349542802452246,-0.34954280245167,NaN,NaN,NaN,NaN,NaN,NaN,-0.211406510397713,NaN,NaN,NaN,NaN,NaN
350.208,-1.88343152692891,0.641422849650469,-1.46840660188176,-0.677227653164023,-0.272243356728232,-0.272243356727942,NaN,-0.341677467560115,-0.795902939380485,-1.62316641104112,1.59803770944587,-1.62316641104092,NaN,NaN,NaN,NaN,NaN,-0.123722768886645,NaN,NaN,NaN,NaN,NaN,NaN,NaN,NaN,NaN,NaN,NaN,1.35738505335825,-0.220971765575563,0.0317056510673324,-0.324320627865321,0.614088597166329,-0.436297332286769,0.701848881141007,0.268717591448791,-0.366927814933739,-0.36692781493317,NaN,NaN,NaN,NaN,NaN,NaN,-0.20251603428893,NaN,NaN,NaN,NaN,NaN
350.3104,-1.86169952214207,0.640121458060849,-1.44823899071075,-0.63962487068592,-0.284157984569915,-0.284157984569614,NaN,-0.341713708202191,-0.792275169260975,-1.61465767623052,1.58502025501898,-1.61465767623032,NaN,NaN,NaN,NaN,NaN,-0.110380549456003,NaN,NaN,NaN,NaN,NaN,NaN,NaN,NaN,NaN,NaN,NaN,1.30519076164821,-0.210091706692829,0.0315178946164852,-0.306261767424587,0.606289305359294,-0.436535780001481,0.684928476937576,0.292773106847235,-0.383721198945053,-0.383721198944486,NaN,NaN,NaN,NaN,NaN,NaN,-0.192756913692464,NaN,NaN,NaN,NaN,NaN
350.4128,-1.83762552145392,0.638719483112982,-1.42587700694668,-0.602195730839417,-0.297269177554302,-0.297269177553988,NaN,-0.342441142906837,-0.788979070112593,-1.60514177268532,1.57173521526524,-1.60514177268512,NaN,NaN,NaN,NaN,NaN,-0.0967939131372592,NaN,NaN,NaN,NaN,NaN,NaN,NaN,NaN,NaN,NaN,NaN,1.25252628205977,-0.19823938983952,0.0308503567968247,-0.287293814379922,0.597978079795405,-0.436223708246883,0.667681750303583,0.316365391031673,-0.399911692638922,-0.399911692638355,NaN,NaN,NaN,NaN,NaN,NaN,-0.182145218192954,NaN,NaN,NaN,NaN,NaN
350.5152,-1.81125769461087,0.637158555635921,-1.4013977324321,-0.564961325261584,-0.311600172112371,-0.311600172112045,NaN,-0.343793651160849,-0.786012614244396,-1.59459221855481,1.55822730886331,-1.59459221855461,NaN,NaN,NaN,NaN,NaN,-0.0829799944524187,NaN,NaN,NaN,NaN,NaN,NaN,NaN,NaN,NaN,NaN,NaN,1.1995120616909,-0.185405646445712,0.0296724797722634,-0.267447817701989,0.58917583126412,-0.435359079727774,0.650156003382298,0.339485380753083,-0.415489008167751,-0.415489008167189,NaN,NaN,NaN,NaN,NaN,NaN,-0.170698432354278,NaN,NaN,NaN,NaN,NaN
350.6176,-1.78264771618044,0.63537950462984,-1.37488203633853,-0.527941732345881,-0.327171013567637,-0.327171013567298,NaN,-0.345702206285114,-0.78337071415898,-1.58298283017928,1.5445412029427,-1.58298283017908,NaN,NaN,NaN,NaN,NaN,-0.0689559038197914,NaN,NaN,NaN,NaN,NaN,NaN,NaN,NaN,NaN,NaN,NaN,1.14626718926297,-0.171579941020348,0.0279521397281626,-0.246754904987918,0.579904393244041,-0.433942066529408,0.632397440374803,0.362124060168951,-0.430443883827081,-0.430443883826525,NaN,NaN,NaN,NaN,NaN,NaN,-0.158435450701172,NaN,NaN,NaN,NaN,NaN
350.72,-1.75185070733719,0.633322843611555,-1.34641426221083,-0.491155882374495,-0.343998466707424,-0.343998466707073,NaN,-0.34809555092884,-0.781045381403944,-1.57028781564364,1.53072112455219,-1.57028781564343,NaN,NaN,NaN,NaN,NaN,-0.0547389548682213,NaN,NaN,NaN,NaN,NaN,NaN,NaN,NaN,NaN,NaN,NaN,1.09290884459817,-0.156750262583662,0.025655725905298,-0.225245979121233,0.570186419440792,-0.431975071045843,0.614450920598253,0.38427256245329,-0.44476815171007,-0.444768151709523,NaN,NaN,NaN,NaN,NaN,NaN,-0.145376560034795,NaN,NaN,NaN,NaN,NaN
350.8224,-1.71892513447146,0.630929233362568,-1.31608188604973,-0.454621448777533,-0.362095923450072,-0.362095923449705,NaN,-0.35090084676686,-0.779025886481851,-1.55648188570919,1.51681049129921,-1.55648188570897,NaN,NaN,NaN,NaN,NaN,-0.0403468572513187,NaN,NaN,NaN,NaN,NaN,NaN,NaN,NaN,NaN,NaN,NaN,1.03955180247401,-0.140903109954225,0.0227482804962197,-0.202951480547646,0.560045275275679,-0.429462711674301,0.596359747485868,0.405922278131214,-0.458454803107131,-0.458454803106592,NaN,NaN,NaN,NaN,NaN,NaN,-0.131543408584843,NaN,NaN,NaN,NaN,NaN
350.9248,-1.68393266192223,0.628139919916684,-1.28397514345734,-0.418354772304369,-0.381473295369598,-0.381473295369215,NaN,-0.354044292859543,-0.777298918323343,-1.54154038805768,1.50285157625662,-1.54154038805745,NaN,NaN,NaN,NaN,NaN,-0.025797878568402,NaN,NaN,NaN,NaN,NaN,NaN,NaN,NaN,NaN,NaN,NaN,0.986307950834642,-0.124023567322458,0.0191937009602547,-0.179901206781931,0.549504948427543,-0.426411799250946,0.578165510941161,0.427064971160024,-0.471498038971894,-0.471498038971361,NaN,NaN,NaN,NaN,NaN,NaN,-0.116958961242473,NaN,NaN,NaN,NaN,NaN
351.0272,-1.64693796920223,0.624897154762817,-1.25018663210824,-0.382370816691551,-0.402136895167967,-0.402136895167567,NaN,-0.357451713328782,-0.775848741812822,-1.52543947733348,1.48888521231871,-1.52543947733324,NaN,NaN,NaN,NaN,NaN,-0.0111109738477588,NaN,NaN,NaN,NaN,NaN,NaN,NaN,NaN,NaN,NaN,NaN,0.93328579395054,-0.106095450415366,0.0149549948988135,-0.15612417094224,0.538589990050685,-0.42283132339007,0.559907981225149,0.447692900086807,-0.483893299667727,-0.483893299667202,NaN,NaN,NaN,NaN,NaN,NaN,-0.10164743983356,NaN,NaN,NaN,NaN,NaN
351.1296,-1.60800853652969,0.621144598467491,-1.21481089257011,-0.346683153055041,-0.424089328601079,-0.424089328600659,NaN,-0.361049114001095,-0.774657359011882,-1.50815632504802,1.47495054302771,-1.50815632504777,NaN,NaN,NaN,NaN,NaN,0.00369412289628952,NaN,NaN,NaN,NaN,NaN,NaN,NaN,NaN,NaN,NaN,NaN,0.880589960775186,-0.0871015138158889,0.00999458158553142,-0.131648492388886,0.527325477184765,-0.418732441312634,0.541625044473019,0.467798940997795,-0.495637275598372,-0.495637275597855,NaN,NaN,NaN,NaN,NaN,NaN,-0.0856342505773262,NaN,NaN,NaN,NaN,NaN
351.232,-1.56721439199908,0.616827702106175,-1.17794396404093,-0.311303973986385,-0.447329418591551,-0.44732941859111,NaN,-0.364763207341622,-0.773704686886444,-1.48966936210078,1.46108482613497,-1.48966936210052,NaN,NaN,NaN,NaN,NaN,0.0185968484570429,NaN,NaN,NaN,NaN,NaN,NaN,NaN,NaN,NaN,NaN,NaN,0.828320769320383,-0.0670237295291917,0.00427464567789619,-0.106501328072703,0.515736978250115,-0.414128440908982,0.523352680466916,0.487376711243606,-0.506727905849888,-0.506727905849379,NaN,NaN,NaN,NaN,NaN,NaN,-0.068945902351244,NaN,NaN,NaN,NaN,NaN
351.3344,-1.52462781482157,0.611894062149208,-1.13968291195998,-0.276244141668828,-0.471852172436778,-0.471852172436315,NaN,-0.368521906361642,-0.77296875914445,-1.46995854576852,1.44732328777587,-1.46995854576824,NaN,NaN,NaN,NaN,NaN,0.0335758022447013,NaN,NaN,NaN,NaN,NaN,NaN,NaN,NaN,NaN,NaN,NaN,0.776573883881743,-0.0458436504286935,-0.00224245107179707,-0.0807088587243646,0.503850512489224,-0.409034654124006,0.505124996348963,0.506420691222569,-0.517164368961057,-0.517164368960557,NaN,NaN,NaN,NaN,NaN,NaN,-0.0516099174083153,NaN,NaN,NaN,NaN,NaN
351.4368,-1.48032300193034,0.606293750706656,-1.10012533348678,-0.241513274311717,-0.497648790126063,-0.497648790125579,NaN,-0.372254788892869,-0.772425948001172,-1.44900564965853,1.43369901827283,-1.44900564965822,NaN,NaN,NaN,NaN,NaN,0.0486087753013655,NaN,NaN,NaN,NaN,NaN,NaN,NaN,NaN,NaN,NaN,NaN,0.72544006794384,-0.0235428505075613,-0.00959371299154891,-0.054296335881921,0.491692508042334,-0.403468320806581,0.486974326049939,0.524926337643212,-0.526947063453116,-0.526947063452627,NaN,NaN,NaN,NaN,NaN,NaN,-0.0336547366342176,NaN,NaN,NaN,NaN,NaN
351.5392,-1.43437572022153,0.599979625665299,-1.05936885982435,-0.207119871633032,-0.524706698523068,-0.524706698522562,NaN,-0.375893534027241,-0.772051200221503,-1.42679457894611,1.42024290096278,-1.42679457894579,NaN,NaN,NaN,NaN,NaN,0.0636728025996059,NaN,NaN,NaN,NaN,NaN,NaN,NaN,NaN,NaN,NaN,NaN,0.675005015407944,-0.000103414796936579,-0.0178150373952808,-0.0272881878987341,0.479289767080942,-0.397448422100389,0.468931386924798,0.542890184413348,-0.536077578807537,-0.536077578807065,NaN,NaN,NaN,NaN,NaN,NaN,-0.0151096246760849,NaN,NaN,NaN,NaN,NaN
351.6416,-1.38686297104173,0.592907622085018,-1.01751068020161,-0.173071473294119,-0.553009591432211,-0.55300959143168,NaN,-0.379372330994488,-0.771818288270787,-1.4033117077879,1.40698356943407,-1.40331170778755,NaN,NaN,NaN,NaN,NaN,0.0787442222785369,NaN,NaN,NaN,NaN,NaN,NaN,NaN,NaN,NaN,NaN,NaN,0.625349245263734,0.0244915430723375,-0.0269407479130693,0.000291817661502179,0.466669440250076,-0.390995503205228,0.451025470914097,0.560309935903875,-0.544558666090884,-0.544558666090421,NaN,NaN,NaN,NaN,NaN,NaN,0.0039954202918768,NaN,NaN,NaN,NaN,NaN
351.744,-1.33786268630738,0.585037024391319,-0.974647106363473,-0.139374840656187,-0.582537466314315,-0.582537466313759,NaN,-0.382628256187095,-0.771700075565545,-1.37854622916346,1.39394738957099,-1.37854622916309,NaN,NaN,NaN,NaN,NaN,0.0937987344780835,NaN,NaN,NaN,NaN,NaN,NaN,NaN,NaN,NaN,NaN,NaN,0.576548054032877,0.0502573508413869,-0.0370031430449877,0.0284203674403204,0.453859007781905,-0.384131497475921,0.433284648043209,0.577184558969803,-0.552394216931162,-0.552394216930712,NaN,NaN,NaN,NaN,NaN,NaN,0.0236297529327921,NaN,NaN,NaN,NaN,NaN
351.8464,-1.28745346718387,0.57633071821934,-0.930873188660657,-0.106036155042965,-0.613266662614995,-0.613266662614412,NaN,-0.385601610712623,-0.771668785124951,-1.35249050839677,1.38115846146868,-1.35249050839637,NaN,NaN,NaN,NaN,NaN,0.108811465493195,NaN,NaN,NaN,NaN,NaN,NaN,NaN,NaN,NaN,NaN,NaN,0.528671522773662,0.0772072552796759,-0.0480320646440232,0.0570743783257212,0.440886263130872,-0.376879556244479,0.415735967356783,0.593514371404541,-0.559589250748218,-0.559589250747779,NaN,NaN,NaN,NaN,NaN,NaN,0.0437621665013595,NaN,NaN,NaN,NaN,NaN
351.9488,-1.23571436909153,0.56675541436472,-0.886282391342712,-0.0730612262545183,-0.645169905263001,-0.645169905262394,NaN,-0.388236212161874,-0.771696256207003,-1.3251404345731,1.36863863756843,-1.3251404345727,NaN,NaN,NaN,NaN,NaN,0.123757047593082,NaN,NaN,NaN,NaN,NaN,NaN,NaN,NaN,NaN,NaN,NaN,0.481784572405328,0.105351921838103,-0.0600544913201091,0.0862307726525883,0.427779293585909,-0.369263883622933,0.398405644523471,0.609301118933962,-0.56614990259213,-0.566149902591703,NaN,NaN,NaN,NaN,NaN,NaN,0.0643609759541371,NaN,NaN,NaN,NaN,NaN
352.0512,-1.18272472761894,0.556281831228624,-0.840966329049255,-0.0404557015954418,-0.678216343380477,-0.678216343379845,NaN,-0.390479638661865,-0.771754173733584,-1.2964957650143,1.35640755605423,-1.29649576501388,NaN,NaN,NaN,NaN,NaN,0.138609714684746,NaN,NaN,NaN,NaN,NaN,NaN,NaN,NaN,NaN,NaN,NaN,0.435947057196309,0.134698951867836,-0.0730941596626919,0.115866240681526,0.414566455219515,-0.361309576755789,0.381319229845175,0.624548036201434,-0.572083399568208,-0.572083399567792,NaN,NaN,NaN,NaN,NaN,NaN,0.0853940907924185,NaN,NaN,NaN,NaN,NaN
352.1536,-1.12856401284624,0.544884829554515,-0.795014555784612,-0.00822526809424377,-0.712371572417882,-0.712371572417223,NaN,-0.392283428094893,-0.771814256022163,-1.26656046081205,1.34448268879548,-1.26656046081162,NaN,NaN,NaN,NaN,NaN,0.153343401026151,NaN,NaN,NaN,NaN,NaN,NaN,NaN,NaN,NaN,NaN,NaN,0.391213883871837,0.165252411384974,-0.0871712165436609,0.145956975241683,0.4012763488178,-0.353042478600624,0.36450176099784,0.639259892274637,-0.577398014515246,-0.57739801451484,NaN,NaN,NaN,NaN,NaN,NaN,0.106829072169037,NaN,NaN,NaN,NaN,NaN
352.256,-1.07331170240651,0.532543511541923,-0.748514390705663,0.0236241526470701,-0.747597643004718,-0.747597643004029,NaN,-0.393603238989233,-0.771848394832122,-1.23534301354876,1.33287939983924,-1.23534301354832,NaN,NaN,NaN,NaN,NaN,0.167931828998999,NaN,NaN,NaN,NaN,NaN,NaN,NaN,NaN,NaN,NaN,NaN,0.347635143254698,0.197012385028154,-0.102301908892595,0.176478391819383,0.387937810906858,-0.34448905463808,0.347977914735111,0.653443024828262,-0.582102995624545,-0.582102995624152,NaN,NaN,NaN,NaN,NaN,NaN,0.128633174107785,NaN,NaN,NaN,NaN,NaN
352.3584,-1.01704717632609,0.519241306865598,-0.701550771732353,0.0550862200692045,-0.783853070803326,-0.783853070802608,NaN,-0.394398977883969,-0.771828758203111,-1.20285675845527,1.32161100434853,-1.20285675845481,NaN,NaN,NaN,NaN,NaN,0.18234858062828,NaN,NaN,NaN,NaN,NaN,NaN,NaN,NaN,NaN,NaN,NaN,0.30525624223182,0.229974579309518,-0.118498314430379,0.207404869422027,0.374579929706618,-0.335676302011153,0.331772166692082,0.667105367830828,-0.586208483776595,-0.586208483776216,NaN,NaN,NaN,NaN,NaN,NaN,0.150773369807569,NaN,NaN,NaN,NaN,NaN
352.4608,-0.959849646308472,0.504966058709101,-0.654206142204923,0.0861540148163312,-0.821092855878172,-0.821092855877419,NaN,-0.394634888489458,-0.771727875277777,-1.16912016192343,1.310688815798,-1.16912016192296,NaN,NaN,NaN,NaN,NaN,0.196567157435845,NaN,NaN,NaN,NaN,NaN,NaN,NaN,NaN,NaN,NaN,NaN,0.264118028978541,0.26412998609319,-0.135768106898249,0.238709540489483,0.361232081332405,-0.326631691490661,0.315908948784934,0.680256474065068,-0.589725433622516,-0.589725433622153,NaN,NaN,NaN,NaN,NaN,NaN,0.173216363451463,NaN,NaN,NaN,NaN,NaN
352.5632,-0.901798127430171,0.489710103608336,-0.606560381514875,0.116819921381831,-0.859268508606757,-0.859268508605973,NaN,-0.394279591252693,-0.771518717885266,-1.13415707311983,1.30012217775188,-1.13415707311934,NaN,NaN,NaN,NaN,NaN,0.21056103932463,NaN,NaN,NaN,NaN,NaN,NaN,NaN,NaN,NaN,NaN,NaN,0.224256912779244,0.299464598083401,-0.154114343705581,0.270364134377254,0.34792397163768,-0.317383135481583,0.300412782536089,0.692907532257042,-0.592665548952087,-0.592665548951735,NaN,NaN,NaN,NaN,NaN,NaN,0.195928589782307,NaN,NaN,NaN,NaN,NaN
352.6656,-0.842971450484136,0.473470329951975,-0.558690786026365,0.147075561481167,-0.89832807783357,-0.898328077832753,NaN,-0.39330607120329,-0.771174787692074,-1.09799693963537,1.28991848790346,-1.09799693963488,NaN,NaN,NaN,NaN,NaN,0.224303754121287,NaN,NaN,NaN,NaN,NaN,NaN,NaN,NaN,NaN,NaN,NaN,0.185704983920168,0.335959163753242,-0.173535270514884,0.302338861561812,0.334685672321114,-0.30795897276105,0.285308377020763,0.705071380214753,-0.595041235793383,-0.595041235793047,NaN,NaN,NaN,NaN,NaN,NaN,0.218876205998358,NaN,NaN,NaN,NaN,NaN
352.768,-0.783448310307735,0.456248207741201,-0.510672099723677,0.176911768653227,-0.938216185931597,-0.938216185930746,NaN,-0.391691629485055,-0.77067021573721,-1.06067499179831,1.28008322533015,-1.06067499179781,NaN,NaN,NaN,NaN,NaN,0.237768965353075,NaN,NaN,NaN,NaN,NaN,NaN,NaN,NaN,NaN,NaN,NaN,0.148490140653208,0.373588983094865,-0.194024151900323,0.334602326991071,0.321547647138953,-0.298387960533749,0.270620695629525,0.716762510126134,-0.596865570905853,-0.596865570905531,NaN,NaN,NaN,NaN,NaN,NaN,0.242025082771311,NaN,NaN,NaN,NaN,NaN
352.8704,-0.723307343867687,0.438049793906201,-0.462576586336589,0.206318580458352,-0.978874079676792,-0.978874079675905,NaN,-0.389417818457546,-0.769979877383796,-1.02223239224464,1.27061998830098,-1.02223239224413,NaN,NaN,NaN,NaN,NaN,0.250930576763115,NaN,NaN,NaN,NaN,NaN,NaN,NaN,NaN,NaN,NaN,NaN,0.112636234516415,0.412323762322908,-0.215569148010461,0.367121472817881,0.308540765552206,-0.288699264780517,0.256374998467529,0.72799704989892,-0.598152277555542,-0.59815227755523,NaN,NaN,NaN,NaN,NaN,NaN,0.265340804409494,NaN,NaN,NaN,NaN,NaN
352.9728,-0.662627225920271,0.418885718865703,-0.414474128247396,0.235285230438603,-1.02023969695176,-1.02023969695083,NaN,-0.386470368838584,-0.769079518889297,-0.982716336318073,1.261530544389,-0.982716336317552,NaN,NaN,NaN,NaN,NaN,0.263762843087546,NaN,NaN,NaN,NaN,NaN,NaN,NaN,NaN,NaN,NaN,NaN,0.0781632432600777,0.452127543711084,-0.238153252587535,0.39986155443143,0.295696299234342,-0.278922442708231,0.242596859237853,0.738792702838989,-0.598915699617095,-0.598915699616794,NaN,NaN,NaN,NaN,NaN,NaN,0.288788687449228,NaN,NaN,NaN,NaN,NaN
353.0752,-0.601486765172361,0.398771150772837,-0.366432337673897,0.263800145266049,-1.0622477404277,-1.06224774042674,NaN,-0.382839106634468,-0.767945887577387,-0.942180089967715,1.2528148895921,-0.942180089967183,NaN,NaN,NaN,NaN,NaN,0.276240476500801,NaN,NaN,NaN,NaN,NaN,NaN,NaN,NaN,NaN,NaN,NaN,0.0450874668154921,0.492958707103335,-0.261754290286244,0.432786147085892,0.283045897656647,-0.269087415698987,0.229312150781491,0.749168645137203,-0.59917077186354,-0.599170771863253,NaN,NaN,NaN,NaN,NaN,NaN,0.312333818542212,NaN,NaN,NaN,NaN,NaN
353.1776,-0.539964987313704,0.377725727612692,-0.31851667224719,0.291850964296222,-1.10482975562893,-1.10482975562793,NaN,-0.37851785419207,-0.766556858416093,-0.900682963085953,1.24447131200142,-0.900682963085409,NaN,NaN,NaN,NaN,NaN,0.288338746076199,NaN,NaN,NaN,NaN,NaN,NaN,NaN,NaN,NaN,NaN,NaN,0.0134217308812535,0.534770028586447,-0.286344959727846,0.465857179300238,0.270621543518303,-0.259224433822503,0.216546999431885,0.759145398345761,-0.598932989944126,-0.598932989943853,NaN,NaN,NaN,NaN,NaN,NaN,0.335941104068324,NaN,NaN,NaN,NaN,NaN
353.28,-0.478141201762434,0.35577345517854,-0.270790552996561,0.319424586784724,-1.1479142254647,-1.14791422546367,NaN,-0.373504309453217,-0.764891555881728,-0.858290223241282,1.23649645824954,-0.858290223240724,NaN,NaN,NaN,NaN,NaN,0.300033575424174,NaN,NaN,NaN,NaN,NaN,NaN,NaN,NaN,NaN,NaN,NaN,-0.0168244142058717,0.577508789149252,-0.311892913108932,0.499034994904462,0.258455492501409,-0.249364032134087,0.204327717405892,0.768744695341858,-0.598218383885231,-0.598218383884972,NaN,NaN,NaN,NaN,NaN,NaN,0.359575324910376,NaN,NaN,NaN,NaN,NaN
353.3824,-0.41609505471158,0.332942581942493,-0.223315481401827,0.346507238308535,-1.19142670031782,-1.19142670031675,NaN,-0.367799900018137,-0.762930475670752,-0.81507295398377,1.2288854023159,-0.8150729539832,NaN,NaN,NaN,NaN,NaN,0.311301647732535,NaN,NaN,NaN,NaN,NaN,NaN,NaN,NaN,NaN,NaN,NaN,-0.0456445041436604,0.621116934791904,-0.338360872588021,0.5322784458601,0.246580200246055,-0.239536976328998,0.19268072275461,0.777989349300999,-0.597043498268439,-0.597043498268195,NaN,NaN,NaN,NaN,NaN,NaN,0.383201195912787,NaN,NaN,NaN,NaN,NaN
353.4848,-0.353906566692276,0.309265461837479,-0.176151147977063,0.373084549742167,-1.23528997919775,-1.23528997919664,NaN,-0.361409610197541,-0.760655603250871,-0.771107858032454,1.22163171460808,-0.771107858031863,NaN,NaN,NaN,NaN,NaN,0.322120526061269,NaN,NaN,NaN,NaN,NaN,NaN,NaN,NaN,NaN,NaN,NaN,-0.0730349861485833,0.665531292524522,-0.365706787311378,0.565545017463181,0.235028235423462,-0.229774196218754,0.181632446613144,0.786903126739219,-0.595425376999434,-0.595425376999208,NaN,NaN,NaN,NaN,NaN,NaN,0.406783430246983,NaN,NaN,NaN,NaN,NaN
353.5872,-0.291656146949097,0.284778403057479,-0.129355525992568,0.399141652104605,-1.27942435077637,-1.27942435077522,NaN,-0.354341777135197,-0.758050513398969,-0.726477001074054,1.21472752978938,-0.726477001073444,NaN,NaN,NaN,NaN,NaN,0.332468789374416,NaN,NaN,NaN,NaN,NaN,NaN,NaN,NaN,NaN,NaN,NaN,-0.0989950700011017,0.71068384955121,-0.393884034069718,0.598790993678011,0.22383217794546,-0.220106712460181,0.171209218180219,0.795510621276069,-0.593381541868758,-0.593381541868548,NaN,NaN,NaN,NaN,NaN,NaN,0.430286807564783,NaN,NaN,NaN,NaN,NaN
353.6896,-0.229424575650738,0.2595214916773,-0.0829849476401857,0.424663293994639,-1.32374789683347,-1.32374789683228,NaN,-0.34660785445522,-0.755100441711222,-0.681267489065377,1.20816361765382,-0.681267489064745,NaN,NaN,NaN,NaN,NaN,0.342326178568547,NaN,NaN,NaN,NaN,NaN,NaN,NaN,NaN,NaN,NaN,NaN,-0.123526614419625,0.756502102475674,-0.422841664227659,0.631971670107352,0.213024504693887,-0.21056556674009,0.161437118364171,0.803837125442133,-0.590929956140952,-0.590929956140763,NaN,NaN,NaN,NaN,NaN,NaN,0.453676250791786,NaN,NaN,NaN,NaN,NaN
353.792,-0.16729294553425,0.233538381755132,-0.0370941589858833,0.449633979668711,-1.36817685552807,-1.36817685552684,NaN,-0.338222150951901,-0.751792341931951,-0.635571073898862,1.20192946799637,-0.635571073898212,NaN,NaN,NaN,NaN,NaN,0.351673748890726,NaN,NaN,NaN,NaN,NaN,NaN,NaN,NaN,NaN,NaN,NaN,-0.146634048083271,0.802909476364885,-0.452524701168851,0.665041607865706,0.202637464908341,-0.201181759542555,0.152341800926799,0.811908500370897,-0.588088976400185,-0.588088976400018,NaN,NaN,NaN,NaN,NaN,NaN,0.476916925310865,NaN,NaN,NaN,NaN,NaN
353.8944,-0.105342553634262,0.206876051387331,0.00826365498139623,0.474038116757901,-1.41262604264946,-1.41262604264818,NaN,-0.329201557309429,-0.74811495391473,-0.589483688476747,1.19601340023856,-0.589483688476075,NaN,NaN,NaN,NaN,NaN,0.360494032789718,NaN,NaN,NaN,NaN,NaN,NaN,NaN,NaN,NaN,NaN,NaN,-0.168324313907987,0.84982581035878,-0.482874494573816,0.697954913157077,0.192702943772389,-0.191986188910748,0.143948287146119,0.819751045447899,-0.58487730236415,-0.584877302364002,NaN,NaN,NaN,NaN,NaN,NaN,0.499974373728784,NaN,NaN,NaN,NaN,NaN
353.9968,-0.043654734531893,0.179584527071628,0.0530368846700628,0.497860167709884,-1.45700933280434,-1.45700933280302,NaN,-0.319565271142484,-0.744058893444567,-0.543104915851724,1.19040269783395,-0.543104915851039,NaN,NaN,NaN,NaN,NaN,0.368771220624504,NaN,NaN,NaN,NaN,NaN,NaN,NaN,NaN,NaN,NaN,NaN,-0.188606824031715,0.897167915072666,-0.513829139769541,0.730665538863993,0.183252310263191,-0.183009579328788,0.136280740692016,0.827391371728703,-0.581313931811868,-0.581313931811739,NaN,NaN,NaN,NaN,NaN,NaN,0.522814684905488,NaN,NaN,NaN,NaN,NaN
354.0992,0.0176893639952127,0.151716577506473,0.0971755493255964,0.521084810293784,-1.50124019619023,-1.50124019618888,NaN,-0.309334526960948,-0.739616750116745,-0.496537393264327,1.18508375382826,-0.496537393263635,NaN,NaN,NaN,NaN,NaN,0.376491356160745,NaN,NaN,NaN,NaN,NaN,NaN,NaN,NaN,NaN,NaN,NaN,-0.207493420914927,0.94485020735608,-0.545323966076949,0.763127611553278,0.174316242927161,-0.174282390257652,0.12936222373263,0.834856277572723,-0.57741812083719,-0.57741812083708,NaN,NaN,NaN,NaN,NaN,NaN,0.54540467818421,NaN,NaN,NaN,NaN,NaN
354.2016,0.078609048391555,0.123327378504775,0.140631376532609,0.543697113468904,-1.54523227100224,-1.54523227100085,NaN,-0.298532338607521,-0.734783168362486,-0.449886144844234,1.18004221003427,-0.449886144843533,NaN,NaN,NaN,NaN,NaN,0.383642523587828,NaN,NaN,NaN,NaN,NaN,NaN,NaN,NaN,NaN,NaN,NaN,-0.224998347186154,0.992785400145163,-0.577292078620782,0.795295770005937,0.165924527032044,-0.165834694750495,0.12321443360325,0.842172613952145,-0.573209342827227,-0.573209342827139,NaN,NaN,NaN,NaN,NaN,NaN,0.567712080625219,NaN,NaN,NaN,NaN,NaN
354.304,0.139024372978815,0.0944741511010734,0.183357892724853,0.565682728320459,-1.58889994285206,-1.58889994285063,NaN,-0.28718326324091,-0.729554900373246,-0.403257836354462,1.17526307848249,-0.403257836353754,NaN,NaN,NaN,NaN,NaN,0.39021499472321,NaN,NaN,NaN,NaN,NaN,NaN,NaN,NaN,NaN,NaN,NaN,-0.241138225349886,1.04088519461545,-0.609664914918377,0.827125485132826,0.15810582536492,-0.157696024742317,0.117857429582258,0.849367127049326,-0.568707240228285,-0.568707240228222,NaN,NaN,NaN,NaN,NaN,NaN,0.589705688142283,NaN,NaN,NaN,NaN,NaN
354.4064,0.198856452647822,0.0652157736657048,0.225310518224081,0.587028088347816,-1.63215890594264,-1.63215890594117,NaN,-0.275313192797939,-0.723930840034059,-0.356759961782446,1.17073084141136,-0.356759961781736,NaN,NaN,NaN,NaN,NaN,0.396201320803603,NaN,NaN,NaN,NaN,NaN,NaN,NaN,NaN,NaN,NaN,NaN,-0.255932041079137,1.08906092594608,-0.642372777308976,0.85857333844534,0.150887436411056,-0.149895190502452,0.113309368616353,0.856466279812278,-0.563931571595689,-0.563931571595647,NaN,NaN,NaN,NaN,NaN,NaN,0.611355513377783,NaN,NaN,NaN,NaN,NaN
354.5088,0.258027791643715,0.0356123725836274,0.266446666392022,0.607720607794206,-1.6749266898114,-1.6749266898099,NaN,-0.262949172516267,-0.717912050973488,-0.310499999258049,1.16642953259426,-0.310499999257338,NaN,NaN,NaN,NaN,NaN,0.401596377298795,NaN,NaN,NaN,NaN,NaN,NaN,NaN,NaN,NaN,NaN,NaN,-0.269401119570256,1.13722414617705,-0.675345326470895,0.889597253683042,0.144295055379346,-0.142460088570008,0.10958626305521,0.863496062943892,-0.558902161093724,-0.558902161093703,NaN,NaN,NaN,NaN,NaN,NaN,0.632632923624264,NaN,NaN,NaN,NaN,NaN
354.6112,0.316462618977255,0.00572490479689463,0.306725844840303,0.627748862254075,-1.71712314502514,-1.71712314502359,NaN,-0.250119241677751,-0.711501790197318,-0.264584589191878,1.16234280793391,-0.264584589191166,NaN,NaN,NaN,NaN,NaN,0.406397381783511,NaN,NaN,NaN,NaN,NaN,NaN,NaN,NaN,NaN,NaN,NaN,-0.28156908706284,1.18528715178772,-0.708512040568585,0.920156687546992,0.138352548655943,-0.135417512054827,0.106701763672712,0.870481801977905,-0.553638853335568,-0.55363885333557,NaN,NaN,NaN,NaN,NaN,NaN,0.653510767599001,NaN,NaN,NaN,NaN,NaN
354.7136,0.374087213762375,-0.0243852499478713,0.346109752103049,0.647102738909922,-1.75867088601794,-1.75867088601635,NaN,-0.236852293150091,-0.704705520530287,-0.219118778367597,1.15845401234994,-0.219118778366886,NaN,NaN,NaN,NaN,NaN,0.410603899796054,NaN,NaN,NaN,NaN,NaN,NaN,NaN,NaN,NaN,NaN,NaN,-0.29246181483667,1.23316346364849,-0.741802642851236,0.950212788146169,0.133081748349276,-0.128792971663284,0.104666970568109,0.87744796335118,-0.5481614730463,-0.548161473046321,NaN,NaN,NaN,NaN,NaN,NaN,0.673963487216821,NaN,NaN,NaN,NaN,NaN
354.816,0.430830201827399,-0.0546566718664622,0.384562359949473,0.665773552731372,-1.79949568769305,-1.79949568769143,NaN,-0.223177951737167,-0.697530909671025,-0.174205349486666,1.15474624454229,-0.174205349485954,NaN,NaN,NaN,NaN,NaN,0.414217842486837,NaN,NaN,NaN,NaN,NaN,NaN,NaN,NaN,NaN,NaN,NaN,-0.302107345714879,1.28076825886598,-0.775147493475548,0.979728526782152,0.128502269866694,-0.12261052960527,0.103490275214392,0.884417963752863,-0.54248979168974,-0.542489791689781,NaN,NaN,NaN,NaN,NaN,NaN,0.693967209958712,NaN,NaN,NaN,NaN,NaN
354.9184,0.486622810017229,-0.0850282496383982,0.42204997320705,0.683754132609983,-1.83952683023336,-1.8395268302317,NaN,-0.209126467499814,-0.689987820200446,-0.129944232509029,1.15120241915484,-0.12994423250832,NaN,NaN,NaN,NaN,NaN,0.417243452115918,NaN,NaN,NaN,NaN,NaN,NaN,NaN,NaN,NaN,NaN,NaN,-0.31053580358982,1.32801875390572,-0.808477943135308,1.00866880571244,0.124631353267947,-0.116892648092092,0.103177232870344,0.891413987474848,-0.536643502817456,-0.536643502817514,NaN,NaN,NaN,NaN,NaN,NaN,0.713499819182121,NaN,NaN,NaN,NaN,NaN
355.0208,0.541399074969299,-0.115439492953127,0.45854126490099,0.701038883536166,-1.87869738917362,-1.87869738917193,NaN,-0.194728611217939,-0.682088292654935,-0.0864319835836101,1.14780532754534,-0.0864319835829009,NaN,NaN,NaN,NaN,NaN,0.419687267502269,NaN,NaN,NaN,NaN,NaN,NaN,NaN,NaN,NaN,NaN,NaN,-0.317779287551317,1.37483454426354,-0.841726651961192,1.03700054550915,0.121483731251613,-0.111660058962191,0.103730462376291,0.898456814329627,-0.530642201072802,-0.530642201072878,NaN,NaN,NaN,NaN,NaN,NaN,0.732541003072307,NaN,NaN,NaN,NaN,NaN
355.1232,0.595096009852208,-0.145830813252856,0.494007287863475,0.717623828244766,-1.9169444719031,-1.91694447190138,NaN,-0.180015556851215,-0.673846516064338,-0.0437613186067836,1.14453769787743,-0.0437613186060805,NaN,NaN,NaN,NaN,NaN,0.42155806269512,NaN,NaN,NaN,NaN,NaN,NaN,NaN,NaN,NaN,NaN,NaN,-0.32387175371492,1.42113790923533,-0.874827879137329,1.06469275813854,0.119071528514311,-0.106931662760105,0.105149571882641,0.90556565776549,-0.524505355553852,-0.524505355553946,NaN,NaN,NaN,NaN,NaN,NaN,0.75107228522424,NaN,NaN,NaN,NaN,NaN
355.2256,0.647653731728923,-0.176143775692284,0.528421463770645,0.733506631779967,-1.95420940099217,-1.95420940099041,NaN,-0.165018741559809,-0.665278773065816,-0.00202069399050255,1.14138225242007,-0.00202069398980445,NaN,NaN,NaN,NaN,NaN,0.422866759603097,NaN,NaN,NaN,NaN,NaN,NaN,NaN,NaN,NaN,NaN,NaN,-0.328848888091536,1.46685408644466,-0.907717744822798,1.0917166112012,0.117404195704252,-0.102724462161094,0.107431110586495,0.912758013205747,-0.518252269488906,-0.518252269489012,NaN,NaN,NaN,NaN,NaN,NaN,0.769077041450282,NaN,NaN,NaN,NaN,NaN
355.328,0.699015551953602,-0.206321320456554,0.561759552901801,0.748686617231811,-1.9904378443298,-1.99043784432802,NaN,-0.149769702974486,-0.656403345792916,0.0387060656748486,1.13832175904625,0.0387060656755428,NaN,NaN,NaN,NaN,NaN,0.423626320623495,NaN,NaN,NaN,NaN,NaN,NaN,NaN,NaN,NaN,NaN,NaN,-0.332747973356165,1.51191151485704,-0.940334461441621,1.11804548565799,0.116488479855351,-0.0990535311915467,0.110568548479688,0.920049521533919,-0.511902021739734,-0.511902021739853,NaN,NaN,NaN,NaN,NaN,NaN,0.786540509603077,NaN,NaN,NaN,NaN,NaN
355.4304,0.749128037317315,-0.236307950588935,0.593999613530614,0.763164778459549,-2.02557990095676,-2.02557990095495,NaN,-0.134299906707252,-0.647240381348854,0.0783400873638292,1.13533907510111,0.0783400873645139,NaN,NaN,NaN,NaN,NaN,0.423851624113853,NaN,NaN,NaN,NaN,NaN,NaN,NaN,NaN,NaN,NaN,NaN,-0.335607752738492,1.55624204574294,-0.972618533862786,1.14365502686347,0.11632843222958,-0.0959320184303385,0.114552288595726,0.927453852423403,-0.505473394348668,-0.505473394348797,NaN,NaN,NaN,NaN,NaN,NaN,0.803449798610518,NaN,NaN,NaN,NaN,NaN
355.5328,0.797941052154564,-0.266049885817905,0.625121961018245,0.776943785136894,-2.05959016135364,-2.0595901613518,NaN,-0.118640586216922,-0.637811734533953,0.116807710712345,1.1324171833845,0.11680771071302,NaN,NaN,NaN,NaN,NaN,0.423559322846868,NaN,NaN,NaN,NaN,NaN,NaN,NaN,NaN,NaN,NaN,NaN,-0.337468294143015,1.5997811263343,-1.0045129350171,1.16852318694268,0.11692545137561,-0.0933711776124833,0.119369716206211,0.934982607088322,-0.4989848011571,-0.498984801157239,NaN,NaN,NaN,NaN,NaN,NaN,0.819793896855524,NaN,NaN,NaN,NaN,NaN
355.6352,0.845407785715909,-0.295495184134479,0.655109129814465,0.790027973762153,-2.09242775801818,-2.09242775801633,NaN,-0.102822607691208,-0.62814081077669,0.154040688280039,1.12953922276985,0.154040688280706,NaN,NaN,NaN,NaN,NaN,0.422767692418801,NaN,NaN,NaN,NaN,NaN,NaN,NaN,NaN,NaN,NaN,NaN,-0.338370854987244,1.64246796170621,-1.0359632644792,1.19263025638012,0.118278355995126,-0.0913804165282299,0.125005286077662,0.942645244403439,-0.492454232681454,-0.492454232681602,NaN,NaN,NaN,NaN,NaN,NaN,0.83556367423538,NaN,NaN,NaN,NaN,NaN
355.7376,0.89148476481896,-0.324593835224043,0.683945836208987,0.802423326719688,-2.12405640987919,-2.12405640987732,NaN,-0.0868763543009905,-0.618252418432112,0.189976325920599,1.12668851814147,0.189976325921259,NaN,NaN,NaN,NaN,NaN,0.421496483151928,NaN,NaN,NaN,NaN,NaN,NaN,NaN,NaN,NaN,NaN,NaN,-0.338357745682541,1.6842456554676,-1.06691789065105,1.21595888483728,0.120383480434402,-0.0899673554942213,0.131440644595048,0.950449042274468,-0.48589922223241,-0.485899222232562,NaN,NaN,NaN,NaN,NaN,NaN,0.850751873632999,NaN,NaN,NaN,NaN,NaN
355.84,0.936131855108498,-0.353297831567428,0.711618941955702,0.814137445672897,-2.1544444543239,-2.15444445432199,NaN,-0.0708316205420514,-0.608172623889849,0.224557565771478,1.12384861259009,0.224557565772135,NaN,NaN,NaN,NaN,NaN,0.4197667824032,NaN,NaN,NaN,NaN,NaN,NaN,NaN,NaN,NaN,NaN,NaN,-0.337472189510223,1.72506132652572,-1.09732807240185,1.23849409289504,0.123234784922346,-0.089137887490697,0.138654780945055,0.958399100287348,-0.479336831833333,-0.479336831833497,NaN,NaN,NaN,NaN,NaN,NaN,0.865353092529838,NaN,NaN,NaN,NaN,NaN
355.9424,0.979312257247744,-0.381561223091787,0.738117421728311,0.825179523060325,-2.18356485856848,-2.18356485856656,NaN,-0.0547175159603494,-0.597928600241904,0.25773301732462,1.12100330186084,0.257733017325271,NaN,NaN,NaN,NaN,NaN,0.417600883302031,NaN,NaN,NaN,NaN,NaN,NaN,NaN,NaN,NaN,NaN,NaN,-0.335758176238435,1.76486620261078,-1.12714805950915,1.26022327687589,0.12682397502466,-0.0888962355371584,0.146624201728716,0.966498378319814,-0.472783656859418,-0.47278365685959,NaN,NaN,NaN,NaN,NaN,NaN,0.879363756809014,NaN,NaN,NaN,NaN,NaN
356.0448,1.02099250582042,-0.409340161202129,0.763432338790933,0.835560312751467,-2.211395206561,-2.21139520655906,NaN,-0.0385623783907757,-0.587548465518852,0.289456946585526,1.11813667068395,0.289456946586171,NaN,NaN,NaN,NaN,NaN,0.415022156090897,NaN,NaN,NaN,NaN,NaN,NaN,NaN,NaN,NaN,NaN,NaN,-0.33326030615608,1.80361569726479,-1.15633517710128,1.28113621013472,0.131140629619371,-0.0892450088078977,0.155323125445652,0.974747764573126,-0.466255845592807,-0.466255845592992,NaN,NaN,NaN,NaN,NaN,NaN,0.892782087349894,NaN,NaN,NaN,NaN,NaN
356.1472,1.06114248295162,-0.436592937954713,0.787556837362033,0.845292100764765,-2.23791766155848,-2.23791766155652,NaN,-0.022393689451261,-0.577061110376009,0.319689234564016,1.11523313068529,0.319689234564655,NaN,NaN,NaN,NaN,NaN,0.412054923244618,NaN,NaN,NaN,NaN,NaN,NaN,NaN,NaN,NaN,NaN,NaN,-0.330023623139578,1.84126947679957,-1.18484989917578,1.30122504406299,0.136172338801328,-0.0901852608832059,0.164723695140095,0.983146171125137,-0.459769122792755,-0.459769122792948,NaN,NaN,NaN,NaN,NaN,NaN,0.905608059657322,NaN,NaN,NaN,NaN,NaN
356.2496,1.09973545875357,-0.463280023325953,0.810486161728081,0.854388678071017,-2.26311890261084,-2.26311890260887,NaN,-0.00623798491313231,-0.566496016161622,0.348395313293533,1.11227745789543,0.348395313294171,NaN,NaN,NaN,NaN,NaN,0.408724335700522,NaN,NaN,NaN,NaN,NaN,NaN,NaN,NaN,NaN,NaN,NaN,-0.326093437761468,1.87779151623286,-1.21265591077241,1.32048430777626,0.141904850427381,-0.0917165499132584,0.174796206777018,0.991690656861219,-0.453338804957873,-0.45333880495807,NaN,NaN,NaN,NaN,NaN,NaN,0.917843356193693,NaN,NaN,NaN,NaN,NaN
356.352,1.13674816069968,-0.489364098933913,0.832217704994069,0.862865314394501,-2.28699003120625,-2.28699003120426,NaN,0.00987923771981808,-0.555883061755791,0.37554608554647,1.10925482693221,0.375546085547104,NaN,NaN,NaN,NaN,NaN,0.405056239058734,NaN,NaN,NaN,NaN,NaN,NaN,NaN,NaN,NaN,NaN,NaN,-0.321515141819582,1.91315013870011,-1.23972015594335,1.33891090155667,0.148322220569434,-0.0938369973153928,0.18550934796252,1.00037657328886,-0.446979801207728,-0.446979801207931,NaN,NaN,NaN,NaN,NaN,NaN,0.9294913082194,NaN,NaN,NaN,NaN,NaN
356.4544,1.1721608599581,-0.514810084772336,0.852751077803214,0.870738722747037,-2.30952644819907,-2.30952644819708,NaN,0.0259336040713713,-0.545252316441601,0.401117833320843,1.10615084060755,0.401117833321477,NaN,NaN,NaN,NaN,NaN,0.401077019191587,NaN,NaN,NaN,NaN,NaN,NaN,NaN,NaN,NaN,NaN,NaN,-0.316334016400203,1.94731803660138,-1.26601287202695,1.35650408034487,0.155406961518624,-0.0965433409104325,0.196830439158703,1.00919771716596,-0.440706599221656,-0.440706599221862,NaN,NaN,NaN,NaN,NaN,NaN,0.940556822617336,NaN,NaN,NaN,NaN,NaN
356.5568,1.20595745353039,-0.539585156526337,0.872088178009575,0.878026999508412,-2.33072770726402,-2.33072770726202,NaN,0.041901929593001,-0.534633824886427,0.425092116349201,1.10295155618638,0.425092116349834,NaN,NaN,NaN,NaN,NaN,0.396813429404745,NaN,NaN,NaN,NaN,NaN,NaN,NaN,NaN,NaN,NaN,NaN,-0.310595038373238,1.98027227557299,-1.29150761191522,1.37326542654624,0.16314017958711,-0.0998309770022543,0.208725668513406,1.01814646619626,-0.434533238325201,-0.43453323832541,NaN,NaN,NaN,NaN,NaN,NaN,0.95104629278758,NaN,NaN,NaN,NaN,NaN
356.6592,1.23812552368839,-0.563658752269056,0.890233244177912,0.884749533570817,-2.3505973549785,-2.35059735497649,NaN,0.0577622642043981,-0.524057397923356,0.447455658619866,1.09964351045834,0.447455658620502,NaN,NaN,NaN,NaN,NaN,0.392292415401267,NaN,NaN,NaN,NaN,NaN,NaN,NaN,NaN,NaN,NaN,NaN,-0.30434269372716,2.01199428023879,-1.31618125218084,1.38919881363743,0.171501695560717,-0.103693986503971,0.221160311886175,1.02721388464192,-0.42847327377856,-0.428473273778768,NaN,NaN,NaN,NaN,NaN,NaN,0.960967495077955,NaN,NaN,NaN,NaN,NaN
356.7616,1.26865636842296,-0.587002570581558,0.907192885798266,0.890926892423538,-2.36914276750172,-2.3691427674997,NaN,0.0734939236963358,-0.513552413580904,0.468200221778073,1.09621374515062,0.468200221778714,NaN,NaN,NaN,NaN,NaN,0.387540956150049,NaN,NaN,NaN,NaN,NaN,NaN,NaN,NaN,NaN,NaN,NaN,-0.297620807187195,2.04246979935251,-1.34001398201444,1.40431036423076,0.180470144847148,-0.108125145780508,0.234098930856167,1.03638980493894,-0.42253973429446,-0.422539734294663,NaN,NaN,NaN,NaN,NaN,NaN,0.970329469631291,NaN,NaN,NaN,NaN,NaN
356.864,1.29754500469613,-0.609590568385291,0.922976087552689,0.896580699970727,-2.38637498941695,-2.38637498941492,NaN,0.0890775271022925,-0.503147619876673,0.487322466573391,1.09264983389276,0.487322466574031,NaN,NaN,NaN,NaN,NaN,0.382585927557309,NaN,NaN,NaN,NaN,NaN,NaN,NaN,NaN,NaN,NaN,NaN,-0.290472392869888,2.07168884419731,-1.3629892661161,1.41860840268875,0.190023056623873,-0.113115926815353,0.247505540848805,1.04566289995431,-0.416745071364299,-0.416745071364494,NaN,NaN,NaN,NaN,NaN,NaN,0.979142385872122,NaN,NaN,NaN,NaN,NaN
356.9664,1.32479014553278,-0.631398968888364,0.937594183130376,0.901733518465494,-2.40230857640034,-2.40230857639831,NaN,0.104495054958204,-0.492870930843505,0.504823804834133,1.0889399116848,0.504823804834773,NaN,NaN,NaN,NaN,NaN,0.377453984207493,NaN,NaN,NaN,NaN,NaN,NaN,NaN,NaN,NaN,NaN,NaN,-0.282939523452052,2.09964558951256,-1.38509377505235,1.43210339407321,0.200136912966785,-0.118656491707354,0.261343744533478,1.05502075822567,-0.41110110147433,-0.411101101474514,NaN,NaN,NaN,NaN,NaN,NaN,0.987417399966321,NaN,NaN,NaN,NaN,NaN
357.0688,1.35039415289825,-0.652406281621816,0.95106079941423,0.906408738239931,-2.41696144359808,-2.41696144359604,NaN,0.119729926667675,-0.482749215309597,0.520710244167914,1.08507270490089,0.520710244168551,NaN,NaN,NaN,NaN,NaN,0.37217144954013,NaN,NaN,NaN,NaN,NaN,NaN,NaN,NaN,NaN,NaN,NaN,-0.275063212620299,2.12633823273454,-1.40631728396152,1.44480786098079,0.21078719686111,-0.124735688241613,0.275576840084383,1.06444996848499,-0.405618946441647,-0.405618946441818,NaN,NaN,NaN,NaN,NaN,NaN,0.995166513544421,NaN,NaN,NaN,NaN,NaN
357.1712,1.37436297447842,-0.672593325594087,0.963391783570824,0.910630470947226,-2.43035472045623,-2.43035472045419,NaN,0.134767081903634,-0.472808089588239,0.534992226127694,1.0810375565347,0.534992226128326,NaN,NaN,NaN,NaN,NaN,0.366764205778699,NaN,NaN,NaN,NaN,NaN,NaN,NaN,NaN,NaN,NaN,NaN,-0.266883307694356,2.1517688165078,-1.42665254602275,1.4567362768589,0.221948441707633,-0.131341051246779,0.290167924606375,1.07393621153616,-0.400308977723213,-0.400308977723369,NaN,NaN,NaN,NaN,NaN,NaN,1.00240243871221,NaN,NaN,NaN,NaN,NaN
357.2736,1.39670607698375,-0.691943246181377,0.974605130115865,0.914423442947342,-2.442512606568,-2.44251260656597,NaN,0.149593050525309,-0.463071734422635,0.547684458656932,1.07682444352444,0.547684458657567,NaN,NaN,NaN,NaN,NaN,0.361257582587008,NaN,NaN,NaN,NaN,NaN,NaN,NaN,NaN,NaN,NaN,NaN,-0.25843839229005,2.17594301722733,-1.44609514277189,1.46790493728514,0.233594284246426,-0.138458805684142,0.305080002431165,1.08346435194547,-0.395180770153232,-0.395180770153374,NaN,NaN,NaN,NaN,NaN,NaN,1.00913847073589,NaN,NaN,NaN,NaN,NaN
357.376,1.41743638749222,-0.710441524917155,0.98472091944786,0.917812890732353,-2.45346221724718,-2.45346221724516,NaN,0.164196002696743,-0.453562750928348,0.558805745085548,1.07242398942463,0.558805745086184,NaN,NaN,NaN,NaN,NaN,0.355676252609603,NaN,NaN,NaN,NaN,NaN,NaN,NaN,NaN,NaN,NaN,NaN,-0.249765701097401,2.19886989826475,-1.46464330975667,1.47833180923393,0.245697511973034,-0.14607386334287,0.32027609055564,1.09301852381265,-0.390243067310881,-0.390243067311012,NaN,NaN,NaN,NaN,NaN,NaN,1.01538836708723,NaN,NaN,NaN,NaN,NaN
357.4784,1.43657024463135,-0.728075986658078,0.993761267211008,0.920824464292317,-2.46323340752936,-2.46323340752733,NaN,0.178565777209093,-0.444302054394728,0.568378811618568,1.06782747946369,0.568378811619208,NaN,NaN,NaN,NaN,NaN,0.350044143971889,NaN,NaN,NaN,NaN,NaN,NaN,NaN,NaN,NaN,NaN,NaN,-0.240901049240189,2.22056163020218,-1.48229773922482,1.48803635967055,0.25823009699083,-0.154169810796988,0.33571930733313,1.10258221092767,-0.38550375572251,-0.385503755722633,NaN,NaN,NaN,NaN,NaN,NaN,1.02116622985446,NaN,NaN,NaN,NaN,NaN
357.5808,1.45412734600252,-0.744836805684548,1.00175027061506,0.923484147527768,-2.47185857103038,-2.47185857102836,NaN,0.192693886931437,-0.435308794635765,0.576430132211069,1.06302688302197,0.57643013221171,NaN,NaN,NaN,NaN,NaN,0.344384376735998,NaN,NaN,NaN,NaN,NaN,NaN,NaN,NaN,NaN,NaN,NaN,-0.23187877826713,2.24103318765836,-1.49906136502329,1.49703937175195,0.271163214779927,-0.162728892900001,0.351372935261912,1.11213832721642,-0.380969847555401,-0.380969847555516,NaN,NaN,NaN,NaN,NaN,NaN,1.02648638852902,NaN,NaN,NaN,NaN,NaN
357.6832,1.47013067304665,-0.760716506381753,1.00871393597119,0.925818200220926,-2.47937242196969,-2.47937242196768,NaN,0.206573495626472,-0.426600293867196,0.582989746139847,1.05801488380294,0.58298974614049,NaN,NaN,NaN,NaN,NaN,0.338719225266078,NaN,NaN,NaN,NaN,NaN,NaN,NaN,NaN,NaN,NaN,NaN,-0.222731720834988,2.26030203656136,-1.51493913699907,1.50536276089797,0.28446725304046,-0.171731996453381,0.367200462419761,1.12166930536472,-0.376647479511269,-0.376647479511378,NaN,NaN,NaN,NaN,NaN,NaN,1.03136328063038,NaN,NaN,NaN,NaN,NaN
357.7856,1.48460638473316,-0.775709951436092,1.01468008290801,0.927853113961788,-2.48581177397892,-2.48581177397691,NaN,0.220199359192435,-0.418192002093663,0.588091063611401,1.05278491360967,0.588091063612048,NaN,NaN,NaN,NaN,NaN,0.333070099404063,NaN,NaN,NaN,NaN,NaN,NaN,NaN,NaN,NaN,NaN,NaN,-0.21349118403653,2.27838782134711,-1.52993779301301,1.51302939437034,0.298111818707059,-0.181158634705528,0.383165618858002,1.13115719530224,-0.372541935821973,-0.372541935822075,NaN,NaN,NaN,NaN,NaN,NaN,1.03581133054039,NaN,NaN,NaN,NaN,NaN
357.888,1.49758368251743,-0.789814313583482,1.01967822970971,0.929615570026542,-2.49121532387389,-2.4912153238719,NaN,0.233567736420997,-0.410097472928813,0.591770660266669,1.04733118246007,0.591770660267324,NaN,NaN,NaN,NaN,NaN,0.32745753032748,NaN,NaN,NaN,NaN,NaN,NaN,NaN,NaN,NaN,NaN,NaN,-0.204186947763768,2.29531205182793,-1.54406563236514,1.52006290814711,0.312065746364808,-0.190986930823331,0.399232417399881,1.14058376126347,-0.368657692355904,-0.368657692356,NaN,NaN,NaN,NaN,NaN,NaN,1.03984483207357,NaN,NaN,NaN,NaN,NaN
357.9904,1.50909465258264,-0.803029034373652,1.02373946371801,0.931132391928697,-2.49562344211679,-2.49562344211481,NaN,0.24667629224547,-0.402328356888731,0.594068070607902,1.04164869753249,0.594068070608565,NaN,NaN,NaN,NaN,NaN,0.321901147656498,NaN,NaN,NaN,NaN,NaN,NaN,NaN,NaN,NaN,NaN,NaN,-0.194847273907434,2.31109778703498,-1.55733228784939,1.52648752078089,0.326297104616129,-0.201193600622663,0.415365191106907,1.14993055812069,-0.364998468758135,-0.364998468758226,NaN,NaN,NaN,NaN,NaN,NaN,1.04347784278134,NaN,NaN,NaN,NaN,NaN
358.0928,1.51917409032462,-0.815355777625873,1.02689629749964,0.932430488543722,-2.49907797073317,-2.4990779707312,NaN,0.259524021062647,-0.394894405707163,0.595025595933035,1.03573326595693,0.595025595933704,NaN,NaN,NaN,NaN,NaN,0.316419638740013,NaN,NaN,NaN,NaN,NaN,NaN,NaN,NaN,NaN,NaN,NaN,-0.185498924634687,2.32576931912551,-1.56974849164633,1.53232785674451,0.340773197419072,-0.211753939175574,0.431528614678442,1.15917897499675,-0.361567277456996,-0.361567277457082,NaN,NaN,NaN,NaN,NaN,NaN,1.04672409522033,NaN,NaN,NaN,NaN,NaN
358.1952,1.52785930757287,-0.826798379762906,1.02918251009641,0.933536786812879,-2.50162203045607,-2.50162203045411,NaN,0.272111200927901,-0.387803483787045,0.5946881341044,1.02958147928476,0.594688134105079,NaN,NaN,NaN,NaN,NaN,0.311030689187675,NaN,NaN,NaN,NaN,NaN,NaN,NaN,NaN,NaN,NaN,NaN,-0.176167191152872,2.33935186428301,-1.58132583261089,1.53760879466389,0.355460563532688,-0.222641818214272,0.447687706868131,1.16831025245183,-0.358366468514784,-0.358366468514866,NaN,NaN,NaN,NaN,NaN,NaN,1.04959692381589,NaN,NaN,NaN,NaN,NaN
358.2976,1.53518992042947,-0.837362790933194,1.03063297454429,0.934478158020212,-2.50329983981747,-2.50329983981553,NaN,0.28443936711147,-0.381061583382048,0.59310302217754,1.02319068188434,0.593103022178228,NaN,NaN,NaN,NaN,NaN,0.30575091833673,NaN,NaN,NaN,NaN,NaN,NaN,NaN,NaN,NaN,NaN,NaN,-0.166875936606844,2.3518712698112,-1.59207650766244,1.54235535183104,0.370324980305761,-0.23382969886645,0.463807820900958,1.17730549075121,-0.355397774537304,-0.355397774537382,NaN,NaN,NaN,NaN,NaN,NaN,1.05210920025744,NaN,NaN,NaN,NaN,NaN
358.4,1.54120762349621,-0.847057000998773,1.03128348032989,0.935281342002896,-2.50415654746067,-2.50415654745874,NaN,0.296511285685378,-0.374672840140418,0.590319876984133,1.01655893219433,0.590319876984835,NaN,NaN,NaN,NaN,NaN,0.300595834745688,NaN,NaN,NaN,NaN,NaN,NaN,NaN,NaN,NaN,NaN,NaN,-0.157647654534512,2.36335374872997,-1.60201307664427,1.54659260980685,0.38533147313683,-0.245288656343981,0.479854630395108,1.18614566108408,-0.352662357900837,-0.352662357900912,NaN,NaN,NaN,NaN,NaN,NaN,1.05427327095463,NaN,NaN,NaN,NaN,NaN
358.5024,1.54595596622657,-0.855890950278049,1.031170565945,0.935972871803059,-2.50423807220012,-2.5042380721982,NaN,0.30833091402329,-0.368639553029142,0.58639042594564,1.00968496988577,0.586390425946352,NaN,NaN,NaN,NaN,NaN,0.295579830932004,NaN,NaN,NaN,NaN,NaN,NaN,NaN,NaN,NaN,NaN,NaN,-0.148503537693653,2.3738256464957,-1.61114823150487,1.55034567239129,0.400444325098032,-0.256988406683859,0.495794112789258,1.1948116204582,-0.350160860832744,-0.350160860832815,NaN,NaN,NaN,NaN,NaN,NaN,1.05610089698284,NaN,NaN,NaN,NaN,NaN
358.6048,1.54948014278474,-0.863876429188901,1.0303313702707,0.936579003858296,-2.50359094020372,-2.50359094020182,NaN,0.319903345983909,-0.362962217689902,0.58136833001809,1.00256819906059,0.581368330018811,NaN,NaN,NaN,NaN,NaN,0.290716214528758,NaN,NaN,NaN,NaN,NaN,NaN,NaN,NaN,NaN,NaN,NaN,-0.139463549096842,2.38331323124088,-1.61949458425025,1.55363963467964,0.415627082373772,-0.268897330276538,0.511592528317926,1.20328412678821,-0.347893456990449,-0.347893456990516,NaN,NaN,NaN,NaN,NaN,NaN,1.05760320370788,NaN,NaN,NaN,NaN,NaN
358.7072,1.55182679458543,-0.871026974877872,1.02880349772415,0.9371256605855,-2.50226211276206,-2.50226211276017,NaN,0.33123474735686,-0.357639574811634,0.575309005820215,0.995208688147743,0.575309005820944,NaN,NaN,NaN,NaN,NaN,0.28601725363513,NaN,NaN,NaN,NaN,NaN,NaN,NaN,NaN,NaN,NaN,NaN,-0.130546491708118,2.39184249378581,-1.62706447134175,1.55649954356624,0.430842558999839,-0.280982497489755,0.527216394595873,1.21154385228955,-0.345859900477416,-0.345859900477482,NaN,NaN,NaN,NaN,NaN,NaN,1.05879064774625,NaN,NaN,NaN,NaN,NaN
358.8096,1.55304382051916,-0.877357773572497,1.02662488775559,0.937638385293104,-2.50029880824628,-2.5002988082444,NaN,0.342332284027467,-0.352668666466489,0.568269452589079,0.987607177437322,0.568269452589825,NaN,NaN,NaN,NaN,NaN,0.281494214823132,NaN,NaN,NaN,NaN,NaN,NaN,NaN,NaN,NaN,NaN,NaN,-0.121770078578301,2.39943895266234,-1.63386977248201,1.55895034480034,0.446052848792864,-0.293209703687418,0.542632463482514,1.21957139480636,-0.344059570468407,-0.344059570468467,NaN,NaN,NaN,NaN,NaN,NaN,1.05967300314438,NaN,NaN,NaN,NaN,NaN
358.912,1.55318019156014,-0.882885568964625,1.02383368536298,0.93814229966536,-2.49774833009222,-2.49774833009034,NaN,0.353204038266436,-0.348044893527425,0.560308086870042,0.979765082335005,0.560308086870796,NaN,NaN,NaN,NaN,NaN,0.277157389099866,NaN,NaN,NaN,NaN,NaN,NaN,NaN,NaN,NaN,NaN,NaN,-0.113151006441553,2.40612747334868,-1.63992174576519,1.56101682909722,0.461219348104553,-0.305543513291506,0.557807708444763,1.22734728443796,-0.342491513016952,-0.342491513017007,NaN,NaN,NaN,NaN,NaN,NaN,1.06025936125502,NaN,NaN,NaN,NaN,NaN
359.0144,1.5522857680553,-0.887628569351641,1.02046811483643,0.938662056529553,-2.49465791064967,-2.4946579106478,NaN,0.363858910803494,-0.343762071402869,0.551484590639612,0.971684484072763,0.551484590640378,NaN,NaN,NaN,NaN,NaN,0.273016115599624,NaN,NaN,NaN,NaN,NaN,NaN,NaN,NaN,NaN,NaN,NaN,-0.104705036264575,2.41193211270773,-1.6452308792641,1.56272359572827,0.476302785245213,-0.317947306926841,0.572709321835769,1.23485197885084,-0.341154479508409,-0.341154479508462,NaN,NaN,NaN,NaN,NaN,NaN,1.06055813550037,NaN,NaN,NaN,NaN,NaN
359.1168,1.55041112189894,-0.891606352066006,1.01656635962447,0.939221794647801,-2.49107456678575,-2.49107456678389,NaN,0.374306513769435,-0.339812483993567,0.541859780184859,0.963368105967431,0.541859780185636,NaN,NaN,NaN,NaN,NaN,0.269078814316313,NaN,NaN,NaN,NaN,NaN,NaN,NaN,NaN,NaN,NaN,NaN,-0.0964470832916971,2.41687598335068,-1.64980675141992,1.56409503630898,0.491263248397488,-0.330383325936016,0.587304712605125,1.24206584278891,-0.340046959959252,-0.340046959959305,NaN,NaN,NaN,NaN,NaN,NaN,1.06057706496019,NaN,NaN,NaN,NaN,NaN
359.2192,1.5476073692404,-0.894839774246176,1.01216644895653,0.939845108915971,-2.48704495071173,-2.48704495070987,NaN,0.384557065635235,-0.336186934850892,0.531495494658395,0.954819280886851,0.531495494659181,NaN,NaN,NaN,NaN,NaN,0.26535303184267,NaN,NaN,NaN,NaN,NaN,NaN,NaN,NaN,NaN,NaN,NaN,-0.0883913119114073,2.42098111680876,-1.65365789068108,1.56515531772041,0.506060203939369,-0.342812708787211,0.601561494839109,1.24896911781789,-0.339167213065444,-0.339167213065499,NaN,NaN,NaN,NaN,NaN,NaN,1.06032321394311,NaN,NaN,NaN,NaN,NaN
359.3216,1.54392601626056,-0.897350898960534,1.00730614889124,0.940555040586555,-2.48261518407419,-2.48261518407233,NaN,0.394621302255785,-0.332874790889187,0.520454493072362,0.946041920685191,0.520454493073155,NaN,NaN,NaN,NaN,NaN,0.261845496904069,NaN,NaN,NaN,NaN,NaN,NaN,NaN,NaN,NaN,NaN,NaN,-0.0805512235671085,2.42426831160891,-1.65679163523239,1.5659283394401,0.520652501960014,-0.355195516128275,0.615447464786501,1.25554189743574,-0.338513296444698,-0.338513296444754,NaN,NaN,NaN,NaN,NaN,NaN,1.0598029647675,NaN,NaN,NaN,NaN,NaN
359.424,1.53941881477138,-0.899162936755382,1.00202285463833,0.941374079149085,-2.4778306817149,-2.47783068171305,NaN,0.404510409969477,-0.329864014251184,0.508800349069296,0.937040497341589,0.508800349070092,NaN,NaN,NaN,NaN,NaN,0.2585621793072,NaN,NaN,NaN,NaN,NaN,NaN,NaN,NaN,NaN,NaN,NaN,-0.0729397304224038,2.42675697457944,-1.65921400608963,1.56643765911651,0.534998376066215,-0.367490749925216,0.628930573934678,1.26176411943479,-0.338083096878017,-0.338083096878073,NaN,NaN,NaN,NaN,NaN,NaN,1.0590220037059,NaN,NaN,NaN,NaN,NaN
359.5264,1.53413762422137,-0.900300196584827,0.9963534840686,0.94232416329288,-2.47273598574838,-2.47273598574653,NaN,0.4142359722284,-0.327141184131166,0.496597341719208,0.927820039892437,0.496597341720006,NaN,NaN,NaN,NaN,NaN,0.255508346061748,NaN,NaN,NaN,NaN,NaN,NaN,NaN,NaN,NaN,NaN,NaN,-0.0655692193283932,2.42846497020961,-1.66092960346614,1.56670639630378,0.549055449982051,-0.37965637827484,0.641978908675342,1.26761557538578,-0.337874355748821,-0.337874355748879,NaN,NaN,NaN,NaN,NaN,NaN,1.0579853079359,NaN,NaN,NaN,NaN,NaN
359.6288,1.5281342805345,-0.900788041419627,0.990334375308454,0.943426676384705,-2.46737462866061,-2.46737462865877,NaN,0.423809920555241,-0.324691514578086,0.483910347174338,0.918386143658805,0.483910347175131,NaN,NaN,NaN,NaN,NaN,0.252688610877644,NaN,NaN,NaN,NaN,NaN,NaN,NaN,NaN,NaN,NaN,NaN,-0.0584516163696458,2.42940847864305,-1.66194151916702,1.56675712636039,0.562780756688162,-0.391649373388576,0.65456067839783,1.27307592968159,-0.337884683034066,-0.337884683034125,NaN,NaN,NaN,NaN,NaN,NaN,1.05669714423243,NaN,NaN,NaN,NaN,NaN
359.7312,1.52146047232462,-0.900652847669138,0.984001189396755,0.944702442540996,-2.46178902955672,-2.46178902955488,NaN,0.433244492116916,-0.322498871714535,0.470804736049803,0.908744982248595,0.470804736050601,NaN,NaN,NaN,NaN,NaN,0.250106975547031,NaN,NaN,NaN,NaN,NaN,NaN,NaN,NaN,NaN,NaN,NaN,-0.0515984592501798,2.42960185428618,-1.66225125081889,1.56661177259125,0.576130767230748,-0.403425763712044,0.66664420456911,1.2781247414856,-0.338111555509368,-0.338111555509429,NaN,NaN,NaN,NaN,NaN,NaN,1.05516108073731,NaN,NaN,NaN,NaN,NaN
359.8336,1.51416762328192,-0.899921968104905,0.977388817013835,0.946171729706013,-2.45602041362325,-2.45602041362142,NaN,0.442552196001328,-0.320545790878289,0.457346276743943,0.898903315221465,0.457346276744739,NaN,NaN,NaN,NaN,NaN,0.247766864022514,NaN,NaN,NaN,NaN,NaN,NaN,NaN,NaN,NaN,NaN,NaN,-0.0450209795802171,2.42905748680002,-1.66185861676485,1.56629150139584,0.589061426335838,-0.41494069946675,0.678197905695988,1.28274148565926,-0.338552298855826,-0.338552298855886,NaN,NaN,NaN,NaN,NaN,NaN,1.05338000142418,NaN,NaN,NaN,NaN,NaN
359.936,1.5063067825461,-0.898623696088151,0.970531292185794,0.947854256800593,-2.45010874000043,-2.4501087399986,NaN,0.451745774061969,-0.318813497532983,0.443601038376462,0.888868495019121,0.443601038377262,NaN,NaN,NaN,NaN,NaN,0.245671153911207,NaN,NaN,NaN,NaN,NaN,NaN,NaN,NaN,NaN,NaN,NaN,-0.0387301931342214,2.42778567795571,-1.66076168529927,1.56581662233912,0.601528195987942,-0.426148529963532,0.689190282921387,1.28690557003341,-0.339204056399663,-0.339204056399724,NaN,NaN,NaN,NaN,NaN,NaN,1.05135611175302,NaN,NaN,NaN,NaN,NaN
360.0384,1.49792852781047,-0.896787229253588,0.963461718493754,0.949769195459735,-2.44409262655303,-2.44409262655121,NaN,0.460838134316912,-0.317281938717751,0.429635283809108,0.87864848268247,0.429635283809909,NaN,NaN,NaN,NaN,NaN,0.243822212002581,NaN,NaN,NaN,NaN,NaN,NaN,NaN,NaN,NaN,NaN,NaN,-0.0327369932806001,2.4257945464127,-1.65895673198016,1.56520649256913,0.613486107583142,-0.437002887835622,0.699589914273866,1.29059634819719,-0.340063751212451,-0.340063751212511,NaN,NaN,NaN,NaN,NaN,NaN,1.04909093052366,NaN,NaN,NaN,NaN,NaN
360.1408,1.48908288179074,-0.894442632510854,0.956212208469438,0.95193515986947,-2.43800926907785,-2.43800926907604,NaN,0.469842249039439,-0.315929827215403,0.415515346262547,0.868251876453968,0.41551534626335,NaN,NaN,NaN,NaN,NaN,0.242221938739053,NaN,NaN,NaN,NaN,NaN,NaN,NaN,NaN,NaN,NaN,NaN,-0.0270522424231193,2.42308996180427,-1.65643822720462,1.56447942458989,0.624889819392752,-0.447456773717761,0.709365459595542,1.29379313035159,-0.34112805219541,-0.341128052195473,NaN,NaN,NaN,NaN,NaN,NaN,1.04658526871588,NaN,NaN,NaN,NaN,NaN
360.2432,1.4798192373451,-0.891620799157406,0.94881383229147,0.954370186389108,-2.43189436240998,-2.43189436240817,NaN,0.478771029804811,-0.314734698445565,0.401307489268317,0.857687949925927,0.401307489269126,NaN,NaN,NaN,NaN,NaN,0.240871823131909,NaN,NaN,NaN,NaN,NaN,NaN,NaN,NaN,NaN,NaN,NaN,-0.0216868580930309,2.41967549759267,-1.6531988436272,1.56365259548098,0.635693675348384,-0.457462637162974,0.71848567349267,1.2964751984194,-0.342393353058302,-0.342393353058369,NaN,NaN,NaN,NaN,NaN,NaN,1.04383920253457,NaN,NaN,NaN,NaN,NaN
360.3456,1.47018628824618,-0.88835340791571,0.941296574060147,0.957091709832141,-2.42578203294606,-2.42578203294425,NaN,0.487637198989856,-0.31367298498008,0.387077755351569,0.84696669301828,0.387077755352383,NaN,NaN,NaN,NaN,NaN,0.23977300541423,NaN,NaN,NaN,NaN,NaN,NaN,NaN,NaN,NaN,NaN,NaN,-0.0166518908395861,2.41555239043783,-1.64922947111025,1.56274195563628,0.645851766229132,-0.466972454914053,0.726919427060348,1.29862183310136,-0.343855767114586,-0.343855767114654,NaN,NaN,NaN,NaN,NaN,NaN,1.04085205422169,NaN,NaN,NaN,NaN,NaN
360.448,1.46023196813317,-0.884672876257853,0.933689297884874,0.960116539245944,-2.41970478540743,-2.41970478540564,NaN,0.496453169734173,-0.312720111927081,0.372891811554816,0.836098847942585,0.372891811555631,NaN,NaN,NaN,NaN,NaN,0.238926342941307,NaN,NaN,NaN,NaN,NaN,NaN,NaN,NaN,NaN,NaN,NaN,-0.0119585901785149,2.4107195133546,-1.64451924207054,1.56176214492822,0.655318001009043,-0.475937812476573,0.734635746645872,1.30021235490039,-0.345511135424654,-0.345511135424725,NaN,NaN,NaN,NaN,NaN,NaN,1.03762239120973,NaN,NaN,NaN,NaN,NaN
360.5504,1.4500033992211,-0.880612311800601,0.92601972435534,0.963460827124662,-2.41369345778666,-2.41369345778488,NaN,0.505230935535405,-0.311850607206201,0.358814800331649,0.825095933238343,0.358814800332471,NaN,NaN,NaN,NaN,NaN,0.238332474931451,NaN,NaN,NaN,NaN,NaN,NaN,NaN,NaN,NaN,NaN,NaN,-0.00761845505364568,2.40517339172171,-1.63905558610229,1.56072643656612,0.664046195473158,-0.484309994260073,0.741603877475181,1.30122616743563,-0.347355041326763,-0.347355041326837,NaN,NaN,NaN,NaN,NaN,NaN,1.03414804335993,NaN,NaN,NaN,NaN,NaN
360.6528,1.4395468455825,-0.876205460429195,0.918314413129828,0.967140023670679,-2.4077771732897,-2.40777717328793,NaN,0.51398196644979,-0.311038219549107,0.344911202657111,0.813970251642231,0.344911202657935,NaN,NaN,NaN,NaN,NaN,0.237991879279418,NaN,NaN,NaN,NaN,NaN,NaN,NaN,NaN,NaN,NaN,NaN,-0.00364326603380507,2.39890828429496,-1.6328243283571,1.55964672395996,0.671990176131605,-0.492040082093563,0.747793368219431,1.30164278293196,-0.349382822871758,-0.349382822871838,NaN,NaN,NaN,NaN,NaN,NaN,1.03042613255071,NaN,NaN,NaN,NaN,NaN
360.7552,1.42890766641747,-0.87148664584783,0.910598750044466,0.97116881253584,-2.40198328041512,-2.40198328041336,NaN,0.522717107424357,-0.310256045687667,0.331244711662603,0.802734882234165,0.331244711663436,NaN,NaN,NaN,NaN,NaN,0.23790491396798,NaN,NaN,NaN,NaN,NaN,NaN,NaN,NaN,NaN,NaN,NaN,-4.50967544673324e-05,2.39191632096965,-1.62580982709345,1.55853354365324,0.679103889815228,-0.499079056010141,0.753174164503473,1.30144181955759,-0.351589579662539,-0.351589579662626,NaN,NaN,NaN,NaN,NaN,NaN,1.02645311082139,NaN,NaN,NaN,NaN,NaN
360.8576,1.41813027112091,-0.866490694399458,0.902896943733919,0.975561029431882,-2.39633728074786,-2.39633728074611,NaN,0.531446471382829,-0.309476673144686,0.317878104472135,0.791403663781056,0.317878104472972,NaN,NaN,NaN,NaN,NaN,0.238071842604203,NaN,NaN,NaN,NaN,NaN,NaN,NaN,NaN,NaN,NaN,NaN,0.00316369636492383,2.38418767011127,-1.6179951349779,1.55739611196108,0.68534151068408,-0.505377890112524,0.75771670372561,1.30060297991929,-0.353970178799106,-0.353970178799201,NaN,NaN,NaN,NaN,NaN,NaN,1.02222480435312,NaN,NaN,NaN,NaN,NaN
360.96,1.40725807367337,-0.861252842458522,0.895232030815266,0.980329570187301,-2.39086275193459,-2.39086275193286,NaN,0.540179322903318,-0.308672340476163,0.304873103203456,0.779991177351199,0.304873103204296,NaN,NaN,NaN,NaN,NaN,0.238492853305396,NaN,NaN,NaN,NaN,NaN,NaN,NaN,NaN,NaN,NaN,NaN,0.00597050291725451,2.37571072005079,-1.60936217516065,1.5562423630049,0.690657545384863,-0.510887645044808,0.761392010641164,1.29910603010992,-0.35651926907366,-0.356519269073763,NaN,NaN,NaN,NaN,NaN,NaN,1.01773646072866,NaN,NaN,NaN,NaN,NaN
361.0624,1.39633343447595,-0.855808631251688,0.887625875667972,0.985486301194948,-2.38558127343778,-2.38558127343607,NaN,0.548923959317102,-0.307815107928807,0.292290233088424,0.768512729289911,0.292290233089261,NaN,NaN,NaN,NaN,NaN,0.239168081769185,NaN,NaN,NaN,NaN,NaN,NaN,NaN,NaN,NaN,NaN,NaN,0.00836249814209185,2.36647227895412,-1.59989193218154,1.55507899515578,0.695006944172741,-0.515559569304223,0.764171793387189,1.29693079282075,-0.359231308113832,-0.359231308113941,NaN,NaN,NaN,NaN,NaN,NaN,1.01298279975279,NaN,NaN,NaN,NaN,NaN
361.1648,1.38539758408436,-0.850193800402226,0.880099153517828,0.991041984812615,-2.38051235623192,-2.38051235623023,NaN,0.557687601455626,-0.306877025100263,0.280188695301762,0.756984331225383,0.280188695302597,NaN,NaN,NaN,NaN,NaN,0.240097641167497,NaN,NaN,NaN,NaN,NaN,NaN,NaN,NaN,NaN,NaN,NaN,0.0103266852863582,2.35645779503424,-1.58956465555691,1.55391153247768,0.69834522376192,-0.519345220331373,0.766028537056874,1.29405715708971,-0.362100595499868,-0.362100595499984,NaN,NaN,NaN,NaN,NaN,NaN,1.00795807023092,NaN,NaN,NaN,NaN,NaN
361.2672,1.37449054030251,-0.844444188137629,0.872671323625856,0.99700622048034,-2.37567337427162,-2.37567337426994,NaN,0.566476298885807,-0.305830286707882,0.268626263763906,0.745422677031152,0.268626263764746,NaN,NaN,NaN,NaN,NaN,0.241281652051843,NaN,NaN,NaN,NaN,NaN,NaN,NaN,NaN,NaN,NaN,NaN,0.0118499368733162,2.34565158289029,-1.57836006759771,1.55274439006103,0.700628602502341,-0.522196605229232,0.766935596301848,1.29046510430223,-0.365121299724956,-0.365121299725077,NaN,NaN,NaN,NaN,NaN,NaN,1.00265611435145,NaN,NaN,NaN,NaN,NaN
361.3696,1.36365103381738,-0.838595634374781,0.865360609152974,1.00338739069134,-2.37107949769966,-2.371079497698,NaN,0.575294845069579,-0.304647383028424,0.257659202919087,0.73384511893859,0.257659202919929,NaN,NaN,NaN,NaN,NaN,0.242720260611356,NaN,NaN,NaN,NaN,NaN,NaN,NaN,NaN,NaN,NaN,NaN,0.0129190358830668,2.33403703330628,-1.56625756658228,1.55158091853823,0.701814146106958,-0.52406633314192,0.766867294224715,1.28613475372367,-0.368287476242849,-0.368287476242977,NaN,NaN,NaN,NaN,NaN,NaN,0.997070439887859,NaN,NaN,NaN,NaN,NaN
361.472,1.35291644369319,-0.832683875588105,0.858183990829945,1.01019260000698,-2.36674363095717,-2.36674363095552,NaN,0.584146695907639,-0.303301261648332,0.247342200985048,0.722269644025183,0.247342200985887,NaN,NaN,NaN,NaN,NaN,0.244413636625246,NaN,NaN,NaN,NaN,NaN,NaN,NaN,NaN,NaN,NaN,NaN,0.0135207196852311,2.32159678796438,-1.55323642045217,1.55042340386596,0.701859919275379,-0.524907771345657,0.765799028671568,1.28104642931018,-0.37159308384332,-0.371593083843454,NaN,NaN,NaN,NaN,NaN,NaN,0.991194299460097,NaN,NaN,NaN,NaN,NaN
361.5744,1.34232273299454,-0.826744424106566,0.851157208982188,1.01742760017148,-2.36267636220042,-2.3626763621988,NaN,0.593033888714083,-0.301765511768759,0.237728316121809,0.710714853015679,0.23772831612265,NaN,NaN,NaN,NaN,NaN,0.246361955418643,NaN,NaN,NaN,NaN,NaN,NaN,NaN,NaN,NaN,NaN,NaN,0.0136417301313671,2.30831287552361,-1.5392759516543,1.54927301544135,0.700725134990751,-0.52467519951175,0.763707376107385,1.27518074175802,-0.375032006339258,-0.3750320063394,NaN,NaN,NaN,NaN,NaN,NaN,0.985020776181864,NaN,NaN,NaN,NaN,NaN
361.6768,1.33190437946397,-0.820812434642872,0.844294767557801,1.02509670218767,-2.35888592783742,-2.35888592783581,NaN,0.601956964725632,-0.300014568815826,0.228868934770301,0.699199942815661,0.22886893477114,NaN,NaN,NaN,NaN,NaN,0.248565378762081,NaN,NaN,NaN,NaN,NaN,NaN,NaN,NaN,NaN,NaN,NaN,0.0132688750905873,2.29416682422281,-1.52435571951655,1.54812971839058,0.698370293807269,-0.523323958369283,0.760570181958263,1.26851867686039,-0.37859808277888,-0.378598082779025,NaN,NaN,NaN,NaN,NaN,NaN,0.978542874170585,NaN,NaN,NaN,NaN,NaN
361.7792,1.32169430389476,-0.814922569749711,0.837609936510887,1.03320268859842,-2.35537818347951,-2.35537818347792,NaN,0.610914904148832,-0.29802392201778,0.220813743453011,0.687744690211682,0.220813743453849,NaN,NaN,NaN,NaN,NaN,0.251024043255983,NaN,NaN,NaN,NaN,NaN,NaN,NaN,NaN,NaN,NaN,NaN,0.0123891063514191,2.27913977313934,-1.50845570935943,1.54699217333865,0.694757311834327,-0.520810594899753,0.756366631714178,1.26104168736861,-0.382285143901826,-0.382285143901974,NaN,NaN,NaN,NaN,NaN,NaN,0.971753608314594,NaN,NaN,NaN,NaN,NaN
361.8816,1.31172379692086,-0.809108877340087,0.831114746288634,1.04174674580989,-2.35215656637941,-2.35215656637785,NaN,0.619905085972534,-0.295770293299777,0.213610715561647,0.676369431238685,0.213610715562483,NaN,NaN,NaN,NaN,NaN,0.25373805151182,NaN,NaN,NaN,NaN,NaN,NaN,NaN,NaN,NaN,NaN,NaN,0.0109896120167266,2.26321259792514,-1.49155653457945,1.54585764084664,0.689849646268685,-0.517093016963134,0.751077303750856,1.25273179405098,-0.386087042452864,-0.386087042453018,NaN,NaN,NaN,NaN,NaN,NaN,0.964646085068754,NaN,NaN,NaN,NaN,NaN
361.984,1.30202243938751,-0.803404686653441,0.824819966407202,1.05072842628894,-2.34922204832662,-2.34922204832509,NaN,0.628923281999774,-0.293231755225543,0.207306106558605,0.665095030609653,0.207306106559439,NaN,NaN,NaN,NaN,NaN,0.256707458609234,NaN,NaN,NaN,NaN,NaN,NaN,NaN,NaN,NaN,NaN,NaN,0.00905791409722692,2.24636606395449,-1.47363965385547,1.5447219090509,0.683612436143321,-0.512130676179599,0.744684215377359,1.24357170430133,-0.389997660381456,-0.389997660381616,NaN,NaN,NaN,NaN,NaN,NaN,0.957213570359584,NaN,NaN,NaN,NaN,NaN
362.0864,1.29261801010098,-0.797842519467275,0.818735063856837,1.06014563404178,-2.34657309557288,-2.34657309557138,NaN,0.637963683156995,-0.29038778132329,0.20194443981232,0.653942837518853,0.201944439813154,NaN,NaN,NaN,NaN,NaN,0.259932249484994,NaN,NaN,NaN,NaN,NaN,NaN,NaN,NaN,NaN,NaN,NaN,0.00658196135312235,2.22858102017261,-1.45468760453867,1.54357926529566,0.6760126764038,-0.505884791712759,0.737170883115383,1.23354495091879,-0.3940108860672,-0.394010886067366,NaN,NaN,NaN,NaN,NaN,NaN,0.949449548248905,NaN,NaN,NaN,NaN,NaN
362.1888,1.28353637573932,-0.792454009110169,0.812868140263403,1.06999462411936,-2.34420565246868,-2.3442056524672,NaN,0.647018946407302,-0.28721925587018,0.19756846668903,0.642934626504607,0.197568466689867,NaN,NaN,NaN,NaN,NaN,0.263412304648288,NaN,NaN,NaN,NaN,NaN,NaN,NaN,NaN,NaN,NaN,NaN,0.00355020982439443,2.20983862990189,-1.43468424597589,1.54242251496132,0.667019430828453,-0.498318613385661,0.728522411117109,1.22263604739335,-0.398120570178985,-0.398120570179153,NaN,NaN,NaN,NaN,NaN,NaN,0.941347776690901,NaN,NaN,NaN,NaN,NaN
362.2912,1.2748013578686,-0.787269824021097,0.807225844675637,1.08027001828657,-2.34211315219183,-2.34211315219038,NaN,0.656080254922713,-0.283708477609986,0.194219099285295,0.632092522778083,0.194219099286143,NaN,NaN,NaN,NaN,NaN,0.267147357249188,NaN,NaN,NaN,NaN,NaN,NaN,NaN,NaN,NaN,NaN,NaN,-4.83134474801581e-05,2.19012061085037,-1.41361499318399,1.54124303049343,0.656604069559757,-0.489397710531503,0.718725596284472,1.21083065623087,-0.402320474911203,-0.402320474911373,NaN,NaN,NaN,NaN,NaN,NaN,0.932902343643331,NaN,NaN,NaN,NaN,NaN
362.3936,1.26643457495158,-0.782319596883862,0.801813259406165,1.09096484506217,-2.34028654589257,-2.34028654589114,NaN,0.665137395075583,-0.279839169703686,0.191935325438123,0.621438912721503,0.19193532543898,NaN,NaN,NaN,NaN,NaN,0.271136950855365,NaN,NaN,NaN,NaN,NaN,NaN,NaN,NaN,NaN,NaN,NaN,-0.00422395970753399,2.1694094622543,-1.39146702426379,1.54003081870642,0.644740507906895,-0.479090271789154,0.707769020930609,1.19811576864619,-0.406604225461391,-0.406604225461563,NaN,NaN,NaN,NaN,NaN,NaN,0.924107723146828,NaN,NaN,NaN,NaN,NaN
362.496,1.25845526606173,-0.777631859098583,0.796633765494569,1.10207060658106,-2.33871433640414,-2.33871433640273,NaN,0.674178856592885,-0.275596486448355,0.190754115492444,0.61099634433053,0.190754115493316,NaN,NaN,NaN,NaN,NaN,0.275380403050885,NaN,NaN,NaN,NaN,NaN,NaN,NaN,NaN,NaN,NaN,NaN,-0.00898640937138113,2.14768868334577,-1.3682294653303,1.53877460767987,0.631405432980042,-0.467367409257704,0.695643113519414,1.18447989283138,-0.410965263420038,-0.410965263420213,NaN,NaN,NaN,NaN,NaN,NaN,0.914958828829433,NaN,NaN,NaN,NaN,NaN
362.5984,1.2508801102857,-0.773233978517056,0.791688902307396,1.11357736851627,-2.33738260371847,-2.3373826037171,NaN,0.6831919543927,-0.270967005578167,0.190710325573876,0.600787424504984,0.190710325574757,NaN,NaN,NaN,NaN,NaN,0.279876769660968,NaN,NaN,NaN,NaN,NaN,NaN,NaN,NaN,NaN,NaN,NaN,-0.014344616651429,2.12494299290506,-1.34389356667929,1.53746194882183,0.616578519486415,-0.454203467499738,0.682340179633881,1.16991324741,-0.415396798081897,-0.415396798082079,NaN,NaN,NaN,NaN,NaN,NaN,0.90545106148331,NaN,NaN,NaN,NaN,NaN
362.7008,1.24372305456776,-0.76915209644453,0.786978235627492,1.12547386667829,-2.33627501509492,-2.33627501509357,NaN,0.692162961366148,-0.265938702637516,0.191836599519985,0.590834716565433,0.191836599520869,NaN,NaN,NaN,NaN,NaN,0.284624801270901,NaN,NaN,NaN,NaN,NaN,NaN,NaN,NaN,NaN,NaN,NaN,-0.0203067497152777,2.101158546963,-1.31845287686671,1.53607931898938,0.600242641795625,-0.439576338808571,0.667854416331447,1.15440795788222,-0.419891752393039,-0.419891752393229,NaN,NaN,NaN,NaN,NaN,NaN,0.895580348981583,NaN,NaN,NaN,NaN,NaN
362.8032,1.23699515706266,-0.765411056708164,0.782499244819916,1.13774761984567,-2.33537282182898,-2.33537282182766,NaN,0.701077242690473,-0.260500908379602,0.194163273259147,0.581160637175033,0.194163273260033,NaN,NaN,NaN,NaN,NaN,0.289622889864762,NaN,NaN,NaN,NaN,NaN,NaN,NaN,NaN,NaN,NaN,NaN,-0.0268801309834354,2.07632315040558,-1.29190341553468,1.53461221423559,0.582384087260694,-0.423467783552941,0.652181922136563,1.13795825311727,-0.424442700721779,-0.424442700721977,NaN,NaN,NaN,NaN,NaN,NaN,0.885343181463953,NaN,NaN,NaN,NaN,NaN
362.9056,1.23070444845883,-0.762034320927052,0.778247234537549,1.15038503592795,-2.33465485348323,-2.33465485348194,NaN,0.709919391501668,-0.254644255327355,0.197718288267815,0.571787350955752,0.197718288268708,NaN,NaN,NaN,NaN,NaN,0.294869009964011,NaN,NaN,NaN,NaN,NaN,NaN,NaN,NaN,NaN,NaN,NaN,-0.0340711766713013,2.05042646752393,-1.26424384643636,1.53304524147571,0.562992770427171,-0.405863750924206,0.635320708364759,1.12056065672122,-0.429041799666599,-0.429041799666805,NaN,NaN,NaN,NaN,NaN,NaN,0.87473664872098,NaN,NaN,NaN,NaN,NaN
363.008,1.22485581164271,-0.75904387027009,0.774215271170822,1.16337150438235,-2.33409752053125,-2.33409752052998,NaN,0.718673365748049,-0.248360626526954,0.20252711869111,0.562736659994014,0.202527118692004,NaN,NaN,NaN,NaN,NaN,0.300360656989849,NaN,NaN,NaN,NaN,NaN,NaN,NaN,NaN,NaN,NaN,NaN,-0.041885329977956,2.02346023760511,-1.23547565106231,1.53136221773693,0.542062443198862,-0.386754693529219,0.617270710371445,1.10221417009854,-0.4336807222717,-0.433680722271915,NaN,NaN,NaN,NaN,NaN,NaN,0.863758483426987,NaN,NaN,NaN,NaN,NaN
363.1104,1.21945088116956,-0.756460099595307,0.770394142332395,1.17669147485992,-2.33367482893497,-2.33367482893373,NaN,0.727322616502574,-0.241643121398612,0.20861271052679,0.554029883513255,0.20861271052769,NaN,NaN,NaN,NaN,NaN,0.306094780181463,NaN,NaN,NaN,NaN,NaN,NaN,NaN,NaN,NaN,NaN,NaN,-0.0503269823115831,1.99541849440764,-1.20560329987442,1.5295462795995,0.519590895569938,-0.366135867838755,0.598033798328229,1.08292044951886,-0.438350610673743,-0.438350610673969,NaN,NaN,NaN,NaN,NaN,NaN,0.852407105950497,NaN,NaN,NaN,NaN,NaN
363.2128,1.21448796746127,-0.754301714381769,0.766772338595432,1.19032852085935,-2.33335840768927,-2.33335840768805,NaN,0.735850197558708,-0.234486048573297,0.215995427366742,0.545687724643853,0.215995427367645,NaN,NaN,NaN,NaN,NaN,0.312067710883626,NaN,NaN,NaN,NaN,NaN,NaN,NaN,NaN,NaN,NaN,NaN,-0.0593993777348895,1.96629778487189,-1.17463441654655,1.52758000199115,0.495580141331946,-0.34400760785544,0.577613793137544,1.06268398109303,-0.443042056083109,-0.443042056083347,NaN,NaN,NaN,NaN,NaN,NaN,0.840681664139678,NaN,NaN,NaN,NaN,NaN
363.3152,1.20996201254175,-0.752585643614388,0.763336057064507,1.20426538417107,-2.33311755432753,-2.33311755432634,NaN,0.744238857277245,-0.226884944707719,0.224692997688488,0.537730126342423,0.224692997689389,NaN,NaN,NaN,NaN,NaN,0.318275095312454,NaN,NaN,NaN,NaN,NaN,NaN,NaN,NaN,NaN,NaN,NaN,-0.069104497030316,1.93609738306385,-1.14257993013802,1.52544552731037,0.470036579698895,-0.320375556649854,0.556016489486533,1.0415122537295,-0.447745102622873,-0.447745102623123,NaN,NaN,NaN,NaN,NaN,NaN,0.828582065557221,NaN,NaN,NaN,NaN,NaN
363.4176,1.20586457991124,-0.751326978133347,0.760069224247719,1.21848399868872,-2.33291930282027,-2.3329193028191,NaN,0.752471122493351,-0.218836606031879,0.234720462777871,0.530176121226595,0.23472046277877,NaN,NaN,NaN,NaN,NaN,0.324711836535621,NaN,NaN,NaN,NaN,NaN,NaN,NaN,NaN,NaN,NaN,NaN,-0.0794429228911723,1.90481949383693,-1.10945420943311,1.5231247043563,0.442971124547076,-0.295250848346319,0.533249678654566,1.01941592539562,-0.452449260662273,-0.452449260662533,NaN,NaN,NaN,NaN,NaN,NaN,0.816109004182898,NaN,NaN,NaN,NaN,NaN
363.52,1.20218387113034,-0.750538934013403,0.756953531330126,1.23296549812155,-2.33272851178103,-2.33272851177988,NaN,0.760529386131588,-0.210339115164536,0.246090129542746,0.523043675905701,0.246090129543631,NaN,NaN,NaN,NaN,NaN,0.331372036605799,NaN,NaN,NaN,NaN,NaN,NaN,NaN,NaN,NaN,NaN,NaN,-0.0904136945835786,1.87246943827519,-1.07527517308754,1.52059923336144,0.414399301616633,-0.268650247095749,0.509323162756502,0.996408975089891,-0.45714351355281,-0.457143513553082,NaN,NaN,NaN,NaN,NaN,NaN,0.803263987172293,NaN,NaN,NaN,NaN,NaN
363.6224,1.19890475452899,-0.750232834304126,0.753968471377219,1.24769021737649,-2.33250796807124,-2.33250796807011,NaN,0.768396006413733,-0.201391852473281,0.258811531085198,0.516349525355209,0.258811531086077,NaN,NaN,NaN,NaN,NaN,0.3382489274109,NaN,NaN,NaN,NaN,NaN,NaN,NaN,NaN,NaN,NaN,NaN,-0.102014161897557,1.8390558151293,-1.04006437063283,1.5178508148995,0.384341322275505,-0.240596257206575,0.484248759085372,0.972508833639552,-0.461816311678957,-0.461816311679237,NaN,NaN,NaN,NaN,NaN,NaN,0.79004936997723,NaN,NaN,NaN,NaN,NaN
363.7248,1.19600879775727,-0.750418105617549,0.751091372376806,1.26263769772499,-2.33221850526701,-2.3322185052659,NaN,0.776053416272688,-0.191995491238341,0.272891388157756,0.510108997719389,0.272891388158622,NaN,NaN,NaN,NaN,NaN,0.345334789771277,NaN,NaN,NaN,NaN,NaN,NaN,NaN,NaN,NaN,NaN,NaN,-0.114239843366134,1.80459064169293,-1.00384703687035,1.5148613046282,0.352822146190567,-0.211117217032097,0.458040303361202,0.947736491428016,-0.466455559513492,-0.466455559513785,NaN,NaN,NaN,NaN,NaN,NaN,0.776468407788618,NaN,NaN,NaN,NaN,NaN
363.8272,1.19347431353965,-0.751102288204184,0.748297435821613,1.2777867000714,-2.331819139659,-2.33181913965791,NaN,0.783484234584144,-0.18215197858939,0.288333558500346,0.504335839927695,0.288333558501198,NaN,NaN,NaN,NaN,NaN,0.352620869618112,NaN,NaN,NaN,NaN,NaN,NaN,NaN,NaN,NaN,NaN,NaN,-0.127084289232248,1.76908948756902,-0.966652131521555,1.51161287848329,0.319871543104924,-0.180247381283286,0.430713667112592,0.922116584694738,-0.471048601540835,-0.471048601541138,NaN,NaN,NaN,NaN,NaN,NaN,0.76252532434427,NaN,NaN,NaN,NaN,NaN
363.9296,1.19127643907051,-0.752291052543609,0.745559804132744,1.29311522652605,-2.33126722291386,-2.33126722291279,NaN,0.790671374960973,-0.171864497360551,0.305138965253777,0.499042055480404,0.305138965254619,NaN,NaN,NaN,NaN,NaN,0.360097304137383,NaN,NaN,NaN,NaN,NaN,NaN,NaN,NaN,NaN,NaN,NaN,-0.140538950666261,1.73257161374036,-0.92851237408031,1.50808821411839,0.285524152336864,-0.148026984850705,0.402286795827062,0.895677459583076,-0.475582203286396,-0.475582203286706,NaN,NaN,NaN,NaN,NaN,NaN,0.748225386612151,NaN,NaN,NaN,NaN,NaN
364.032,1.18938725988379,-0.753988213869043,0.742849671855709,1.30860055576806,-2.33051860608346,-2.33051860608241,NaN,0.797598159117446,-0.161137398813736,0.323305503723475,0.494237757314281,0.323305503724306,NaN,NaN,NaN,NaN,NaN,0.367753072426641,NaN,NaN,NaN,NaN,NaN,NaN,NaN,NaN,NaN,NaN,NaN,-0.154593060797915,1.69506011554491,-0.889464270148327,1.5042706918908,0.24981952657235,-0.114502275047928,0.372779757436984,0.868451212097838,-0.480042519199734,-0.480042519200052,NaN,NaN,NaN,NaN,NaN,NaN,0.733574967053417,NaN,NaN,NaN,NaN,NaN
364.1344,1.18777596809015,-0.756195747097421,0.740136429623592,1.32421930641997,-2.32952780805055,-2.32952780804951,NaN,0.80424844885515,-0.14997610266787,0.342827934828815,0.489931031173757,0.342827934829635,NaN,NaN,NaN,NaN,NaN,0.375575978733833,NaN,NaN,NaN,NaN,NaN,NaN,NaN,NaN,NaN,NaN,NaN,-0.169233531053385,1.65658205218912,-0.849548116525707,1.50014460548338,0.212802146297951,-0.0797255033697073,0.342214784437512,0.840473708463109,-0.484415046572258,-0.484415046572584,NaN,NaN,NaN,NaN,NaN,NaN,0.718581582458864,NaN,NaN,NaN,NaN,NaN
364.2368,1.18640903559099,-0.758913815785779,0.737387815078505,1.33994753775383,-2.328248181147,-2.32824818114598,NaN,0.810606805386191,-0.138386974581978,0.363697781315998,0.486127805469849,0.36369778131681,NaN,NaN,NaN,NaN,NaN,0.38355266354152,NaN,NaN,NaN,NaN,NaN,NaN,NaN,NaN,NaN,NaN,NaN,-0.184444857017664,1.61716853999034,-0.808807976935361,1.495695356065,0.174521397202276,-0.0437548715879121,0.310616300489009,0.81178459393362,-0.488684575415537,-0.488684575415871,NaN,NaN,NaN,NaN,NaN,NaN,0.703253911078792,NaN,NaN,NaN,NaN,NaN
364.3392,1.18525039304854,-0.762140825107347,0.734570056619835,1.35576087558778,-2.32663207196234,-2.32663207196133,NaN,0.816658669428911,-0.126377203971734,0.385903240362711,0.482831730128327,0.385903240363517,NaN,NaN,NaN,NaN,NaN,0.391668632106827,NaN,NaN,NaN,NaN,NaN,NaN,NaN,NaN,NaN,NaN,NaN,-0.200209024361754,1.5768547970106,-0.767291628255433,1.49090960937867,0.135031506316836,-0.00665442431426274,0.278010933411655,0.782427289944798,-0.492835148702146,-0.49283514870249,NaN,NaN,NaN,NaN,NaN,NaN,0.687601797982279,NaN,NaN,NaN,NaN,NaN
364.4416,1.184261618998,-0.765873496243843,0.731648015564548,1.37163463638393,-2.32463098651252,-2.32463098651152,NaN,0.822390544709525,-0.113954709487654,0.409429115061152,0.480044067447132,0.409429115061941,NaN,NaN,NaN,NaN,NaN,0.399908291844751,NaN,NaN,NaN,NaN,NaN,NaN,NaN,NaN,NaN,NaN,NaN,-0.216505410976095,1.5356801430174,-0.725050477767956,1.48577542162004,0.0943914361354412,0.0315061194567099,0.244427523324782,0.752448968464028,-0.496850044329653,-0.496850044330006,NaN,NaN,NaN,NaN,NaN,NaN,0.671636262482413,NaN,NaN,NaN,NaN,NaN
364.544,1.18340214530404,-0.770106951962326,0.728585338080421,1.38754393050916,-2.32219577220609,-2.3221957722051,NaN,0.827790170396349,-0.101128087216264,0.434256759653405,0.477763588871975,0.434256759654187,NaN,NaN,NaN,NaN,NaN,0.408254990246233,NaN,NaN,NaN,NaN,NaN,NaN,NaN,NaN,NaN,NaN,NaN,-0.233310686657971,1.4936879626626,-0.682139447910576,1.48028235275761,0.0526647388925265,0.0706515975264063,0.209897132926538,0.72190049007906,-0.500711781935219,-0.500711781935578,NaN,NaN,NaN,NaN,NaN,NaN,0.65536951889418,NaN,NaN,NaN,NaN,NaN
364.6464,1.18262948093918,-0.774834803015082,0.725344624267064,1.40346374383322,-2.31927681863204,-2.31927681863106,NaN,0.8328466762917,-0.0879065959755837,0.46036403388052,0.475986466954975,0.460364033881288,NaN,NaN,NaN,NaN,NaN,0.416691046062319,NaN,NaN,NaN,NaN,NaN,NaN,NaN,NaN,NaN,NaN,NaN,-0.250598714619339,1.45092562717959,-0.638616821092472,1.47442157069261,0.00991936971751152,0.110701698200957,0.174453056919548,0.690836297257478,-0.504402149047657,-0.504402149048027,NaN,NaN,NaN,NaN,NaN,NaN,0.638815010698556,NaN,NaN,NaN,NaN,NaN
364.7488,1.18189945609711,-0.780049230289881,0.721887618998314,1.41936900970513,-2.31582426808278,-2.31582426808181,NaN,0.837550718396555,-0.0743001649957228,0.487725267174809,0.474706157392422,0.487725267175568,NaN,NaN,NaN,NaN,NaN,0.42519777292661,NaN,NaN,NaN,NaN,NaN,NaN,NaN,NaN,NaN,NaN,NaN,-0.268340461952196,1.40744435593205,-0.594544033613836,1.46818593146631,-0.0337725496525691,0.151571320010408,0.138130817710837,0.659314261065274,-0.507902239182302,-0.507902239182678,NaN,NaN,NaN,NaN,NaN,NaN,0.621987447052337,NaN,NaN,NaN,NaN,NaN
364.8512,1.1811664875801,-0.785741066403542,0.718175423474854,1.43523468853917,-2.31178822527001,-2.31178822526906,NaN,0.841894594134874,-0.0603194100085648,0.516311239252234,0.473913270313152,0.516311239252986,NaN,NaN,NaN,NaN,NaN,0.433755502548085,NaN,NaN,NaN,NaN,NaN,NaN,NaN,NaN,NaN,NaN,NaN,-0.286503926958293,1.36329900089829,-0.54998540836237,1.46157002270999,-0.0783350259374152,0.193171002128344,0.100968134025831,0.627395485387145,-0.511192497600275,-0.511192497600659,NaN,NaN,NaN,NaN,NaN,NaN,0.604902827513513,NaN,NaN,NaN,NaN,NaN
364.9536,1.18038385737135,-0.791899884944371,0.714168715386849,1.45103586931395,-2.30711896045202,-2.30711896045109,NaN,0.845872340564463,-0.045975640795065,0.546089186510365,0.47359542811383,0.54608918651111,NaN,NaN,NaN,NaN,NaN,0.442343617620695,NaN,NaN,NaN,NaN,NaN,NaN,NaN,NaN,NaN,NaN,NaN,-0.305054091661427,1.3185477530126,-0.505007823167471,1.45457017326635,-0.123688550586161,0.235407425090968,0.0630048567091369,0.595144072006525,-0.514252769011108,-0.514252769011494,NaN,NaN,NaN,NaN,NaN,NaN,0.587578443612975,NaN,NaN,NaN,NaN,NaN
365.056,1.17950399034636,-0.79851410164751,0.709827961942321,1.46674789497297,-2.30176710410793,-2.30176710410702,NaN,0.849479823686045,-0.031280842470056,0.577022844400741,0.473737106814487,0.577022844401474,NaN,NaN,NaN,NaN,NaN,0.450940600041917,NaN,NaN,NaN,NaN,NaN,NaN,NaN,NaN,NaN,NaN,NaN,-0.323952906961415,1.27325177803396,-0.459680316965414,1.44718443863799,-0.169750514819964,0.278183978007375,0.0242828716234548,0.562626843740773,-0.517062338042193,-0.517062338042581,NaN,NaN,NaN,NaN,NaN,NaN,0.570032851122542,NaN,NaN,NaN,NaN,NaN
365.1584,1.17847872623072,-0.805571086851491,0.705113621410619,1.48234649940685,-2.29568383332512,-2.29568383332424,NaN,0.852714828331649,-0.016247622516667,0.609072535852396,0.474319462332729,0.609072535853119,NaN,NaN,NaN,NaN,NaN,0.459524091868463,NaN,NaN,NaN,NaN,NaN,NaN,NaN,NaN,NaN,NaN,NaN,-0.3431593108364,1.22747478242539,-0.414073633356122,1.43941256371604,-0.216435683529306,0.321401392797763,-0.0151540297902381,0.529913020948829,-0.519599958107205,-0.519599958107595,NaN,NaN,NaN,NaN,NaN,NaN,0.552285813291326,NaN,NaN,NaN,NaN,NaN
365.2608,1.17725959411742,-0.813057288918762,0.699986341326459,1.49780794122867,-2.28882105747727,-2.2888210574764,NaN,0.855577151643152,-0.000889125689077984,0.642195312717173,0.475320149272126,0.642195312717881,NaN,NaN,NaN,NaN,NaN,0.468070966385533,NaN,NaN,NaN,NaN,NaN,NaN,NaN,NaN,NaN,NaN,NaN,-0.362629274622411,1.18128250764862,-0.368259701182664,1.43125592066061,-0.263656727685602,0.364958446791488,-0.0552603097220679,0.497073853609016,-0.521843873701217,-0.521843873701607,NaN,NaN,NaN,NaN,NaN,NaN,0.534358219176082,NaN,NaN,NaN,NaN,NaN
365.3632,1.17579809771918,-0.820958370055179,0.694407160441773,1.5131091300768,-2.28113162744556,-2.28113162744472,NaN,0.858068690979721,0.0147810775808128,0.676345151538159,0.476713147540666,0.676345151538858,NaN,NaN,NaN,NaN,NaN,0.476557421846956,NaN,NaN,NaN,NaN,NaN,NaN,NaN,NaN,NaN,NaN,NaN,-0.382315879160776,1.13474216986007,-0.322311064355911,1.42271743197058,-0.311324803104142,0.408752721181067,-0.0959888644214983,0.464182223132607,-0.523771845885924,-0.523771845886315,NaN,NaN,NaN,NaN,NaN,NaN,0.516271981230605,NaN,NaN,NaN,NaN,NaN
365.4656,1.17404600910645,-0.829259351787415,0.688337713715635,1.52822774970085,-2.27256960050256,-2.27256960050174,NaN,0.860193509888284,0.0307491203672687,0.711473198994194,0.47846861881368,0.711473198994879,NaN,NaN,NaN,NaN,NaN,0.484959121592998,NaN,NaN,NaN,NaN,NaN,NaN,NaN,NaN,NaN,NaN,NaN,-0.402169432135849,1.08792188419537,-0.276300290465994,1.41380149985415,-0.359350147333806,0.452681382377537,-0.137291211458617,0.431312237227024,-0.525361191684826,-0.525361191685218,NaN,NaN,NaN,NaN,NaN,NaN,0.498049917913377,NaN,NaN,NaN,NaN,NaN
365.568,1.17195566067917,-0.837944755829907,0.681740438046431,1.54314237914855,-2.26309057108357,-2.26309057108277,NaN,0.861957868589712,0.047000974935193,0.747528054708774,0.480552812708049,0.747528054709449,NaN,NaN,NaN,NaN,NaN,0.493251386239687,NaN,NaN,NaN,NaN,NaN,NaN,NaN,NaN,NaN,NaN,NaN,-0.422137635513817,1.04089011478477,-0.230299395266254,1.40451395482648,-0.407642659146673,0.496641942293819,-0.179117669163889,0.398538838479571,-0.526588847066614,-0.526588847067009,NaN,NaN,NaN,NaN,NaN,NaN,0.479715630653515,NaN,NaN,NaN,NaN,NaN
365.6704,1.16948022246202,-0.846998716642939,0.674578778883778,1.55783260458522,-2.25265204525765,-2.25265204525688,NaN,0.863370212882122,0.0635225872634861,0.784456072580782,0.482928031945243,0.784456072581451,NaN,NaN,NaN,NaN,NaN,0.501409414300776,NaN,NaN,NaN,NaN,NaN,NaN,NaN,NaN,NaN,NaN,NaN,-0.442165800814627,0.993715176183862,-0.184379314317736,1.39486201922064,-0.456112432963778,0.540532961625311,-0.221417519176398,0.365937434352758,-0.527431458285289,-0.527431458285688,NaN,NaN,NaN,NaN,NaN,NaN,0.461293381547128,NaN,NaN,NaN,NaN,NaN
365.7728,1.16657395348505,-0.856405046546973,0.666817397050579,1.57227911030025,-2.24121382965998,-2.24121382965923,NaN,0.864441121864114,0.0803000033538497,0.822201663652876,0.485552659763128,0.822201663653535,NaN,NaN,NaN,NaN,NaN,0.509408504562946,NaN,NaN,NaN,NaN,NaN,NaN,NaN,NaN,NaN,NaN,NaN,-0.462197100822296,0.946464798642396,-0.138609441459086,1.38485427662898,-0.50467023774916,0.584254681415799,-0.26413915021426,0.333583545951588,-0.52786550113119,-0.52786550113159,NaN,NaN,NaN,NaN,NaN,NaN,0.442807969046807,NaN,NaN,NaN,NaN,NaN
365.8752,1.1631924250495,-0.866147250139521,0.658422375383416,1.5864637427909,-2.2287384180724,-2.22873841807168,NaN,0.865183218028011,0.0973194747441381,0.86070758992659,0.488381257816146,0.860707589927235,NaN,NaN,NaN,NaN,NaN,0.517224272394864,NaN,NaN,NaN,NaN,NaN,NaN,NaN,NaN,NaN,NaN,NaN,-0.482172842466478,0.899205762168999,-0.0930572422173712,1.37450064328231,-0.553227943578848,0.627709584246728,-0.307230188034614,0.301552472020121,-0.52786742801249,-0.527867428012893,NaN,NaN,NaN,NaN,NaN,NaN,0.424284595989263,NaN,NaN,NaN,NaN,NaN
365.9776,1.15929272641846,-0.876208497500843,0.649361430291541,1.60036954967183,-2.21519136471892,-2.21519136471823,NaN,0.865611043047577,0.114567530757766,0.899915241240721,0.491364746353567,0.899915241241357,NaN,NaN,NaN,NaN,NaN,0.524832863572841,NaN,NaN,NaN,NaN,NaN,NaN,NaN,NaN,NaN,NaN,NaN,-0.502032749184102,0.852003595421782,-0.0477879398756772,1.36381233814967,-0.601698902773211,0.670802889243208,-0.350637620426742,0.269918966711885,-0.527413845210285,-0.527413845210688,NaN,NaN,NaN,NaN,NaN,NaN,0.405748730257515,NaN,NaN,NaN,NaN,NaN
366.08,1.15483366648125,-0.886571567641921,0.639604135182291,1.61398079691009,-2.20054163404598,-2.20054163404532,NaN,0.865740901723051,0.132031012927719,0.939764888362859,0.494450670517975,0.939764888363486,NaN,NaN,NaN,NaN,NaN,0.532211167641373,NaN,NaN,NaN,NaN,NaN,NaN,NaN,NaN,NaN,NaN,NaN,-0.521715253044652,0.804922329039912,-0.00286426513999197,1.35280184803393,-0.649998289357357,0.713442982339007,-0.394307923248295,0.238756928722881,-0.526481718501613,-0.526481718502016,NaN,NaN,NaN,NaN,NaN,NaN,0.38722596426738,NaN,NaN,NaN,NaN,NaN
366.1824,1.1497759767889,-0.897218767975483,0.629122157876845,1.6272829656416,-2.18476192269592,-2.18476192269529,NaN,0.865590674432017,0.149697074281929,0.980195907737346,0.497583546759089,0.980195907737961,NaN,NaN,NaN,NaN,NaN,0.539337029126329,NaN,NaN,NaN,NaN,NaN,NaN,NaN,NaN,NaN,NaN,NaN,-0.54115780744229,0.75802429436858,0.0416537405727544,1.34148288759489,-0.698043396000477,0.755541780921562,-0.438187186916181,0.20813909766372,-0.525048598180682,-0.525048598181085,NaN,NaN,NaN,NaN,NaN,NaN,0.368741882198477,NaN,NaN,NaN,NaN,NaN
366.2848,1.14408251564128,-0.90813183084223,0.617889511164253,1.64026273015136,-2.1678289558082,-2.1678289558076,NaN,0.865179594036805,0.167553152116284,1.0211469754909,0.500705277544571,1.02114697549151,NaN,NaN,NaN,NaN,NaN,0.54618945378364,NaN,NaN,NaN,NaN,NaN,NaN,NaN,NaN,NaN,NaN,NaN,-0.560297229147824,0.71136996281844,0.085708875539709,1.32987035740768,-0.745753885173728,0.797015031430837,-0.482221238392406,0.178136755675825,-0.523092853991628,-0.523092853992032,NaN,NaN,NaN,NaN,NaN,NaN,0.350321945125294,NaN,NaN,NaN,NaN,NaN
366.3872,1.13771847223516,-0.919291791151086,0.605882813397238,1.65290792158882,-2.14972376123348,-2.14972376123291,NaN,0.864527985943885,0.185586928721597,1.06255623092298,0.503755611203752,1.06255623092358,NaN,NaN,NaN,NaN,NaN,0.552748807129436,NaN,NaN,NaN,NaN,NaN,NaN,NaN,NaN,NaN,NaN,NaN,-0.579070065461115,0.665017822033318,0.129246886977448,1.31798030143936,-0.793051991740884,0.837782540187376,-0.52635575235773,0.148819438902701,-0.520593911890713,-0.52059391189112,NaN,NaN,NaN,NaN,NaN,NaN,0.331991401308655,NaN,NaN,NaN,NaN,NaN
366.4896,1.13065156639494,-0.93067885497813,0.593081549628282,1.66520748369033,-2.13043192422721,-2.13043192422667,NaN,0.86365698446499,0.203786294170325,1.10436141241878,0.506672611798275,1.10436141241937,NaN,NaN,NaN,NaN,NaN,0.55899699930042,NaN,NaN,NaN,NaN,NaN,NaN,NaN,NaN,NaN,NaN,NaN,-0.597412969429421,0.619024282419088,0.172216543755372,1.30582986011643,-0.839862675065338,0.877768339627512,-0.570536344479671,0.120254668445011,-0.517532482248359,-0.517532482248774,NaN,NaN,NaN,NaN,NaN,NaN,0.313775220655037,NaN,NaN,NaN,NaN,NaN
366.592,1.12285223394285,-0.942272268808148,0.579468318624608,1.67715142548997,-2.10994382252639,-2.10994382252587,NaN,0.86258824916444,0.222139315165724,1.14649996819961,0.509393111614962,1.1464999682002,NaN,NaN,NaN,NaN,NaN,0.564917644937792,NaN,NaN,NaN,NaN,NaN,NaN,NaN,NaN,NaN,NaN,NaN,-0.615263063947712,0.573443606832763,0.214569676201684,1.29343721235843,-0.886113720121625,0.916900794216087,-0.614708639770384,0.0925077079943587,-0.513890771358375,-0.513890771358796,NaN,NaN,NaN,NaN,NaN,NaN,0.295698043668432,NaN,NaN,NaN,NaN,NaN
366.6944,1.11429378562352,-0.954050195221148,0.565029051097184,1.68873077445382,-2.08825483636132,-2.08825483636083,NaN,0.861343699143721,0.240634204341425,1.18890914238641,0.511853143163384,1.188909142387,NaN,NaN,NaN,NaN,NaN,0.570496189544817,NaN,NaN,NaN,NaN,NaN,NaN,NaN,NaN,NaN,NaN,NaN,-0.632558283386705,0.52832786025445,0.256261184032709,1.28082150278915,-0.931735791435588,0.955112654740167,-0.658818312112015,0.0656413493455314,-0.509652674463252,-0.50965267446368,NaN,NaN,NaN,NaN,NaN,NaN,0.277784131281337,NaN,NaN,NaN,NaN,NaN
366.7968,1.10495253048633,-0.965989598414903,0.549753188621486,1.69993753345043,-2.06536552489515,-2.06536552489469,NaN,0.859945267664307,0.259259286200187,1.23152603937453,0.513988361778555,1.2315260393751,NaN,NaN,NaN,NaN,NaN,0.575720005413744,NaN,NaN,NaN,NaN,NaN,NaN,NaN,NaN,NaN,NaN,NaN,-0.649237690201079,0.483726880823967,0.297249011826926,1.26800275557445,-0.976662448944158,0.99234107345128,-0.702811097016204,0.0397157223536354,-0.504803948435637,-0.504803948436076,NaN,NaN,NaN,NaN,NaN,NaN,0.260057304017454,NaN,NaN,NaN,NaN,NaN
366.8992,1.09480786170797,-0.978066141987153,0.53363382003263,1.71076464404214,-2.04128176312322,-2.04128176312279,NaN,0.858414667755592,0.278002962751449,1.27428767386814,0.51573446299854,1.27428767386872,NaN,NaN,NaN,NaN,NaN,0.580578465502413,NaN,NaN,NaN,NaN,NaN,NaN,NaN,NaN,NaN,NaN,NaN,-0.665241768757044,0.439688274495325,0.337494093159384,1.25500178038403,-1.0208301368342,1.02852759114549,-0.746632785780642,0.0147881222829887,-0.499332360520532,-0.499332360520979,NaN,NaN,NaN,NaN,NaN,NaN,0.242540865416502,NaN,NaN,NaN,NaN,NaN
367.0016,1.08384230897811,-0.990254103088879,0.516667777078174,1.72120595792261,-2.01601483619044,-2.01601483619004,NaN,0.856773162422134,0.296853684544996,1.31713101357282,0.517027589412196,1.3171310135734,NaN,NaN,NaN,NaN,NaN,0.585062994225305,NaN,NaN,NaN,NaN,NaN,NaN,NaN,NaN,NaN,NaN,NaN,-0.680512700187542,0.396257433172103,0.3769602666672,1.24184007522386,-1.06417815297795,1.06361810155036,-0.790229209808495,-0.00908715161329998,-0.493227813306773,-0.493227813307228,NaN,NaN,NaN,NaN,NaN,NaN,0.225257512392068,NaN,NaN,NaN,NaN,NaN
367.104,1.07204156234,-1.00252631123281,0.498855689643883,1.73125621883809,-1.98958148970006,-1.98958148969969,NaN,0.855041343285017,0.315799932328541,1.35999301916158,0.517804725861703,1.35999301916216,NaN,NaN,NaN,NaN,NaN,0.589167083711099,NaN,NaN,NaN,NaN,NaN,NaN,NaN,NaN,NaN,NaN,NaN,-0.694994622059266,0.353477573121256,0.415614166777975,1.22853972489753,-1.10664859942404,1.0975627920247,-0.833546217444287,-0.0318589467768976,-0.486482447482588,-0.48648244748305,NaN,NaN,NaN,NaN,NaN,NaN,0.208229240154136,NaN,NaN,NaN,NaN,NaN
367.2064,1.05939446970108,-1.01485411962978,0.480201998516807,1.74091105432816,-1.96200393745964,-1.9620039374593,NaN,0.853238921463327,0.334830211732194,1.40281068633963,0.518004088642371,1.4028106863402,NaN,NaN,NaN,NaN,NaN,0.592886267349017,NaN,NaN,NaN,NaN,NaN,NaN,NaN,NaN,NaN,NaN,NaN,-0.708633875046894,0.311389789126142,0.453425091060183,1.21512329042472,-1.14818630952759,1.13031605526396,-0.876529641283365,-0.0534793962035743,-0.479090720051293,-0.479090720051766,NaN,NaN,NaN,NaN,NaN,NaN,0.191477249465198,NaN,NaN,NaN,NaN,NaN
367.3088,1.0458930095208,-1.02720741108767,0.460714926056295,1.75016697282165,-1.93330982939447,-1.93330982939416,NaN,0.851384530752378,0.353933057821904,1.44552109592078,0.517565512007408,1.44552109592135,NaN,NaN,NaN,NaN,NaN,0.596218052027419,NaN,NaN,NaN,NaN,NaN,NaN,NaN,NaN,NaN,NaN,NaN,-0.721379234868952,0.270033119951742,0.490364847113661,1.20161368639361,-1.18873874962887,1.16183636654351,-0.91912525908285,-0.0739040471679675,-0.471049455005703,-0.471049455006187,NaN,NaN,NaN,NaN,NaN,NaN,0.1750218601935,NaN,NaN,NaN,NaN,NaN
367.4112,1.03153224243018,-1.03955463862447,0.440406408296175,1.75902136213913,-1.90353217955195,-1.90353217955168,NaN,0.84949554905014,0.373097043698479,1.48806147611552,0.516430831060421,1.4880614761161,NaN,NaN,NaN,NaN,NaN,0.599161816334785,NaN,NaN,NaN,NaN,NaN,NaN,NaN,NaN,NaN,NaN,NaN,-0.733182127443169,0.229444621212894,0.526407581880808,1.18803404404038,-1.22825590322309,1.19208612948922,-0.961278761027584,-0.0930919809027512,-0.462357867735091,-0.46235786773558,NaN,NaN,NaN,NaN,NaN,NaN,0.15888242799409,NaN,NaN,NaN,NaN,NaN
367.5136,1.01631024595566,-1.05186290218501,0.419291991747507,1.76747248380602,-1.87270925058602,-1.87270925058578,NaN,0.847587949150439,0.392310791300175,1.5303692737789,0.5145442567602,1.53036927377948,NaN,NaN,NaN,NaN,NaN,0.601718689643345,NaN,NaN,NaN,NaN,NaN,NaN,NaN,NaN,NaN,NaN,NaN,-0.743996834453244,0.189659444022899,0.561529594217344,1.17440755859647,-1.26669015612251,1.22103150832274,-1.00293573784325,-0.111005919768624,-0.453017567234889,-0.453017567235389,NaN,NaN,NaN,NaN,NaN,NaN,0.143077254256741,NaN,NaN,NaN,NaN,NaN
367.616,1.00022803577959,-1.06409805760568,0.397390700234453,1.77551945170512,-1.84088439168726,-1.84088439168705,NaN,0.84567618414217,0.411562983948106,1.57238221985829,0.51185273218665,1.57238221985888,NaN,NaN,NaN,NaN,NaN,0.603891436205195,NaN,NaN,NaN,NaN,NaN,NaN,NaN,NaN,NaN,NaN,NaN,-0.75378070141628,0.150710921202977,0.595709130967681,1.16075732427875,-1.30399619641511,1.2486422685121,-1.04404168873992,-0.127612312971848,-0.443032538792879,-0.443032538793387,NaN,NaN,NaN,NaN,NaN,NaN,0.127623481305463,NaN,NaN,NaN,NaN,NaN
367.7184,0.983289480307136,-1.07622484629472,0.374724884355711,1.78316218554044,-1.80810583208224,-1.80810583208207,NaN,0.843773103584585,0.430842371600767,1.6140383709897,0.508306258907636,1.61403837099029,NaN,NaN,NaN,NaN,NaN,0.605684365090035,NaN,NaN,NaN,NaN,NaN,NaN,NaN,NaN,NaN,NaN,NaN,-0.762494346991344,0.112630664346615,0.628926169757806,1.14710616736633,-1.34013092121663,1.27489163245208,-1.08454202298549,-0.142881390077396,-0.43240910828388,-0.432409108284401,NaN,NaN,NaN,NaN,NaN,NaN,0.112536974544218,NaN,NaN,NaN,NaN,NaN
367.8208,0.965501216793771,-1.08820703375399,0.351320067770053,1.79040134400947,-1.77442643660486,-1.77442643660472,NaN,0.841889892809459,0.45013775612987,1.65527612394311,0.503858193334723,1.65527612394371,NaN,NaN,NaN,NaN,NaN,0.607103269168864,NaN,NaN,NaN,NaN,NaN,NaN,NaN,NaN,NaN,NaN,NaN,-0.770101858900979,0.0754486731327506,0.661162196226668,1.13347649146551,-1.37505332647498,1.29975614016983,-1.12438201846786,-0.156787178789251,-0.421155892383556,-0.421155892384085,NaN,NaN,NaN,NaN,NaN,NaN,0.0978322003386519,NaN,NaN,NaN,NaN,NaN
367.9232,0.946872569668727,-1.10000754975953,0.327204794712297,1.79723825564909,-1.73990343166862,-1.73990343166852,NaN,0.840036028938203,0.46943795699424,1.6960342200397,0.498465514672559,1.69603422004031,NaN,NaN,NaN,NaN,NaN,0.608155383351357,NaN,NaN,NaN,NaN,NaN,NaN,NaN,NaN,NaN,NaN,NaN,-0.776570969184125,0.0391934523582423,0.692399986616309,1.11989014394584,-1.40872436261305,1.32321550309672,-1.16350671719628,-0.169307494588734,-0.409283746328967,-0.409283746329508,NaN,NaN,NaN,NaN,NaN,NaN,0.0835221098365143,NaN,NaN,NaN,NaN,NaN
368.0256,0.92741546601896,-1.11158862863229,0.302410474736663,1.80367486347853,-1.7045981111238,-1.70459811112373,NaN,0.838219251900134,0.488731771325686,1.73625176511384,0.492089050938968,1.73625176511447,NaN,NaN,NaN,NaN,NaN,0.608849355498282,NaN,NaN,NaN,NaN,NaN,NaN,NaN,NaN,NaN,NaN,NaN,-0.781873213685469,0.00389212681147751,0.722623406197554,1.10636830283731,-1.4411067601142,1.34525244776809,-1.20186077081996,-0.180423914333334,-0.396805722965768,-0.396805722966318,NaN,NaN,NaN,NaN,NaN,NaN,0.0696180396904659,NaN,NaN,NaN,NaN,NaN
368.128,0.90714434962275,-1.12291195405516,0.276971223665047,1.80971368549372,-1.66857552595953,-1.6685755259595,NaN,0.836445553387306,0.508007941547034,1.7758682852251,0.484693644065824,1.77586828522575,NaN,NaN,NaN,NaN,NaN,0.609195231869965,NaN,NaN,NaN,NaN,NaN,NaN,NaN,NaN,NaN,NaN,NaN,-0.785984077634014,-0.030429453328335,0.751817229767222,1.09293138134513,-1.47216485037498,1.36585255523353,-1.23938828202106,-0.19012174153271,-0.383737044488764,-0.383737044489324,NaN,NaN,NaN,NaN,NaN,NaN,0.0561296404912407,NaN,NaN,NaN,NaN,NaN
368.2304,0.886076101540639,-1.13393881348096,0.250923705758208,1.81535777695248,-1.63190414786237,-1.63190414786238,NaN,0.834719183056687,0.527255133393497,1.81482382066308,0.476248247743116,1.81482382066374,NaN,NaN,NaN,NaN,NaN,0.609204460058321,NaN,NaN,NaN,NaN,NaN,NaN,NaN,NaN,NaN,NaN,NaN,-0.78888312463264,-0.06374661741379,0.77996698619451,1.07959895156292,-1.50186441541892,1.3850041046345,-1.27603270152646,-0.198389961552118,-0.370095071380236,-0.370095071380807,NaN,NaN,NaN,NaN,NaN,NaN,0.0430648382505449,NaN,NaN,NaN,NaN,NaN
368.3328,0.864229971047787,-1.14463026246785,0.224306980563554,1.82061066972538,-1.59465548822069,-1.59465548822075,NaN,0.833042661567074,0.546461916969074,1.85305903976454,0.466725962745615,1.85305903976521,NaN,NaN,NaN,NaN,NaN,0.608889909967272,NaN,NaN,NaN,NaN,NaN,NaN,NaN,NaN,NaN,NaN,NaN,-0.790554112152758,-0.0960357894905357,0.807058827157238,1.06638968773885,-1.53017259140499,1.40269792520686,-1.31173682787643,-0.205221179085218,-0.355899252614993,-0.355899252615577,NaN,NaN,NaN,NaN,NaN,NaN,0.0304298237360445,NaN,NaN,NaN,NaN,NaN
368.4352,0.841627513194458,-1.15494729949641,0.197162350582966,1.82547626678425,-1.55690365950695,-1.55690365950705,NaN,0.83141678955578,0.565616739729143,1.89051535277289,0.456104019776263,1.89051535277357,NaN,NaN,NaN,NaN,NaN,0.608265915436898,NaN,NaN,NaN,NaN,NaN,NaN,NaN,NaN,NaN,NaN,NaN,-0.790985095866599,-0.12727441586866,0.833079419282452,1.05332132423789,-1.55705783141573,1.4189272520024,-1.34644292813686,-0.210611535845686,-0.341171056746157,-0.341171056746751,NaN,NaN,NaN,NaN,NaN,NaN,0.0182290560568368,NaN,NaN,NaN,NaN,NaN
368.5376,0.818292527569352,-1.16485105510311,0.169533202527097,1.82995868926658,-1.51872487747365,-1.51872487747379,NaN,0.829840652370859,0.584707884770543,1.92713502586628,0.444363724202915,1.92713502586697,NaN,NaN,NaN,NaN,NaN,0.607348339322408,NaN,NaN,NaN,NaN,NaN,NaN,NaN,NaN,NaN,NaN,NaN,-0.790168516133195,-0.15744090588715,0.858015857737263,1.04041062390597,-1.58248991360129,1.43368757552131,-1.38009296352452,-0.214560615216995,-0.325933893982211,-0.325933893982818,NaN,NaN,NaN,NaN,NaN,NaN,0.00646526891565279,NaN,NaN,NaN,NaN,NaN
368.64,0.794250995902289,-1.1743029972503,0.141464838873003,1.83406209441464,-1.4801969110173,-1.48019691101747,NaN,0.828311627107948,0.603723415888129,1.96286130705362,0.43149037496276,1.96286130705434,NaN,NaN,NaN,NaN,NaN,0.60615465741163,NaN,NaN,NaN,NaN,NaN,NaN,NaN,NaN,NaN,NaN,NaN,-0.788101262379008,-0.18651458423095,0.881855598892298,1.0276733559834,-1.60643997594903,1.44697648295757,-1.41262888328648,-0.2170713396871,-0.310213036196735,-0.310213036197347,NaN,NaN,NaN,NaN,NaN,NaN,-0.00486052283455683,NaN,NaN,NaN,NaN,NaN
368.7424,0.769531017037967,-1.18326515225518,0.113004298674106,1.8377904869367,-1.4413984885615,-1.44139848856173,NaN,0.826825395644094,0.622651118438765,1.99763856709056,0.417473162327332,1.99763856709128,NaN,NaN,NaN,NaN,NaN,0.60470404955336,NaN,NaN,NaN,NaN,NaN,NaN,NaN,NaN,NaN,NaN,NaN,-0.784784721061756,-0.214475654495833,0.904586411895893,1.01512428383502,-1.62888057331195,1.45879350069473,-1.4439929641951,-0.218149860898214,-0.294035535302011,-0.294035535302626,NaN,NaN,NaN,NaN,NaN,NaN,-0.0157490136329516,NaN,NaN,NaN,NaN,NaN
368.8448,0.744162732780647,-1.19170034025563,0.0842001619249283,1.84114753924161,-1.40240866888899,-1.40240866888925,NaN,0.825375962968941,0.641478448694401,2.0314124517441,0.40230504405064,2.03141245174483,NaN,NaN,NaN,NaN,NaN,0.603017483619201,NaN,NaN,NaN,NaN,NaN,NaN,NaN,NaN,NaN,NaN,NaN,-0.780224814701502,-0.241305176463059,0.926196352694355,1.0027771637267,-1.64978577147509,1.4691399539383,-1.47412820508815,-0.217805440156319,-0.277430138093189,-0.277430138093806,NaN,NaN,NaN,NaN,NaN,NaN,-0.0262025918875594,NaN,NaN,NaN,NaN,NaN
368.9472,0.718178235041221,-1.19957242075787,0.0551023306528713,1.84413643099324,-1.36330618774659,-1.3633061877469,NaN,0.823955678102339,0.66019249941127,2.06413004792918,0.385982597427613,2.06413004792992,NaN,NaN,NaN,NaN,NaN,0.601117779464452,NaN,NaN,NaN,NaN,NaN,NaN,NaN,NaN,NaN,NaN,NaN,-0.774432036233688,-0.266985059866374,0.946673763955533,0.99064475521833,-1.66913129658503,1.47801886003566,-1.50297879250656,-0.216050318358782,-0.260427196049732,-0.26042719605035,NaN,NaN,NaN,NaN,NaN,NaN,-0.0362253150089618,NaN,NaN,NaN,NaN,NaN
369.0496,0.69161145207247,-1.20684653823912,0.0257617899124524,1.84675971386709,-1.32416880182732,-1.32416880182767,NaN,0.822555255088365,0.678779977492346,2.09574006995184,0.36850584896727,2.09574006995259,NaN,NaN,NaN,NaN,NaN,0.599029650724805,NaN,NaN,NaN,NaN,NaN,NaN,NaN,NaN,NaN,NaN,NaN,-0.767421477434825,-0.291498074230698,0.96600729791894,0.978738839352069,-1.68689473776901,1.48543486260962,-1.53049062293499,-0.212899575594827,-0.243058570611192,-0.243058570611811,NaN,NaN,NaN,NaN,NaN,NaN,-0.0458228715796108,NaN,NaN,NaN,NaN,NaN
369.152,0.664498022039758,-1.21348935573728,-0.00376963702395826,1.84901920030662,-1.2850726605069,-1.2850726605073,NaN,0.821163796424797,0.697227180914284,2.1261930627768,0.349878098107857,2.12619306277756,NaN,NaN,NaN,NaN,NaN,0.596779735005707,NaN,NaN,NaN,NaN,NaN,NaN,NaN,NaN,NaN,NaN,NaN,-0.759212839170212,-0.314827868276118,0.984185950413515,0.967070237709486,-1.70305577477298,1.49139419618388,-1.55661183602044,-0.208370980329409,-0.225357537792833,-0.225357537793448,NaN,NaN,NaN,NaN,NaN,NaN,-0.0550025334583457,NaN,NaN,NaN,NaN,NaN
369.2544,0.636875163807269,-1.21946926771438,-0.0334395251914106,1.85091587181416,-1.24609173056522,-1.24609173056566,NaN,0.819768827396918,0.715519965108854,2.15544160377631,0.330105760824797,2.15544160377709,NaN,NaN,NaN,NaN,NaN,0.594396624140425,NaN,NaN,NaN,NaN,NaN,NaN,NaN,NaN,NaN,NaN,NaN,-0.74983040521693,-0.336958988485139,1.00119909050473,0.955648826227522,-1.71759639697759,1.4959046615381,-1.58129331458763,-0.202484826227029,-0.20735869743945,-0.207358697440061,NaN,NaN,NaN,NaN,NaN,NaN,-0.0637731049020021,NaN,NaN,NaN,NaN,NaN
369.3568,0.608781548712704,-1.22475658944793,-0.0631950711013702,1.85244980548486,-1.20729728280451,-1.207297282805,NaN,0.818356349645164,0.733643702279652,2.18344047839299,0.309198245268445,2.18344047839378,NaN,NaN,NaN,NaN,NaN,0.591910897193005,NaN,NaN,NaN,NaN,NaN,NaN,NaN,NaN,NaN,NaN,NaN,-0.739302969355159,-0.357876889251886,1.01703647471419,0.944483539727869,-1.73050109343525,1.49897559623745,-1.60448912969679,-0.195263756389006,-0.189097887967789,-0.189097887968391,NaN,NaN,NaN,NaN,NaN,NaN,-0.0721448725022666,NaN,NaN,NaN,NaN,NaN
369.4592,0.580257170741074,-1.22932372466396,-0.0929833059452309,1.85362011974854,-1.1687574379292,-1.16875743792973,NaN,0.816910917551652,0.75158324894084,2.21014682085105,0.287167849371187,2.21014682085184,NaN,NaN,NaN,NaN,NaN,0.58935514855455,NaN,NaN,NaN,NaN,NaN,NaN,NaN,NaN,NaN,NaN,NaN,-0.727663716949006,-0.377567932295647,1.03168824307224,0.933582366897977,-1.7417570092406,1.50061783618392,-1.62615692652603,-0.186732581790446,-0.170612099749615,-0.170612099750211,NaN,NaN,NaN,NaN,NaN,NaN,-0.0801295545875683,NaN,NaN,NaN,NaN,NaN
369.5616,0.551343209717286,-1.23314531566894,-0.122751306246196,1.85442493684763,-1.13053676747901,-1.13053676747958,NaN,0.815415738160543,0.769322935237826,2.23552023446141,0.264029662933984,2.23552023446221,NaN,NaN,NaN,NaN,NaN,0.586763997359456,NaN,NaN,NaN,NaN,NaN,NaN,NaN,NaN,NaN,NaN,NaN,-0.71495006610735,-0.396019374728933,1.04514490013925,0.922952341524344,-1.75135407435633,1.50084367549185,-1.64625825398396,-0.17691810578067,-0.151939378665897,-0.151939378666488,NaN,NaN,NaN,NaN,NaN,NaN,-0.0877402472631494,NaN,NaN,NaN,NaN,NaN
369.664,0.522081885676679,-1.2361983812741,-0.152446406524272,1.85486135767003,-1.09269594684351,-1.09269594684412,NaN,0.813852794792294,0.786846576694461,2.25952290847036,0.239801462057804,2.25952290847116,NaN,NaN,NaN,NaN,NaN,0.584174065598673,NaN,NaN,NaN,NaN,NaN,NaN,NaN,NaN,NaN,NaN,NaN,-0.701203471333733,-0.413219343404579,1.05739728424894,0.91259953893477,-1.75928511262893,1.49966683362582,-1.66475884212339,-0.165848963050343,-0.133118716805229,-0.133118716805811,NaN,NaN,NaN,NaN,NaN,NaN,-0.0949913627710647,NaN,NaN,NaN,NaN,NaN
369.7664,0.492516311218573,-1.23846244548958,-0.182016409017687,1.85492544967513,-1.05529145837464,-1.05529145837529,NaN,0.812202992443812,0.804137499847757,2.28211973169432,0.214503592402457,2.28211973169513,NaN,NaN,NaN,NaN,NaN,0.581623917557776,NaN,NaN,NaN,NaN,NaN,NaN,NaN,NaN,NaN,NaN,NaN,-0.686469192162953,-0.429156792191591,1.06843652476108,0.902529082974769,-1.76554593165393,1.49710242889642,-1.68162883001216,-0.153555473190015,-0.114189931658017,-0.114189931658594,NaN,NaN,NaN,NaN,NaN,NaN,-0.101898551552564,NaN,NaN,NaN,NaN,NaN
369.8688,0.462690353121862,-1.2399196548854,-0.211409778524941,1.8546122536158,-1.01837534434031,-1.01837534434099,NaN,0.810446319202884,0.82117857495058,2.30327839347496,0.188158849491075,2.30327839347578,NaN,NaN,NaN,NaN,NaN,0.5791539569175,NaN,NaN,NaN,NaN,NaN,NaN,NaN,NaN,NaN,NaN,NaN,-0.670796032758321,-0.443821442456985,1.07825398652134,0.892745161829767,-1.77013538951818,1.49316695026235,-1.6968429467644,-0.140069505907221,-0.0951935370702128,-0.0951935370707802,NaN,NaN,NaN,NaN,NaN,NaN,-0.108478598361521,NaN,NaN,NaN,NaN,NaN
369.9712,0.432648508527318,-1.24055487883475,-0.240575814218977,1.85391581268042,-0.98199500887341,-0.981995008874139,NaN,0.808562015972774,0.83795225309513,2.32296946638327,0.160792374029911,2.32296946638409,NaN,NaN,NaN,NaN,NaN,0.576806277538316,NaN,NaN,NaN,NaN,NaN,NaN,NaN,NaN,NaN,NaN,NaN,-0.654236059566135,-0.457203714769956,1.08684120577257,0.883251045636449,-1.77305543779039,1.48787822306296,-1.71038065045719,-0.125424358315569,-0.0761706108293171,-0.0761706108298736,NaN,NaN,NaN,NaN,NaN,NaN,-0.114749290254375,NaN,NaN,NaN,NaN,NaN
370.0736,0.402435790132503,-1.240355788346,-0.269464801493866,1.85282922124666,-0.946193063900266,-0.946193063901031,NaN,0.806528747960172,0.854440604810205,2.34116646931602,0.132431577633275,2.34116646931686,NaN,NaN,NaN,NaN,NaN,0.574624461119051,NaN,NaN,NaN,NaN,NaN,NaN,NaN,NaN,NaN,NaN,NaN,-0.636844299785181,-0.469294669014825,1.09418982991687,0.874049095777141,-1.77431114307404,1.48125536997386,-1.72222622806384,-0.109654645363323,-0.057162662324133,-0.0571626623246764,NaN,NaN,NaN,NaN,NaN,NaN,-0.120729265069533,NaN,NaN,NaN,NaN,NaN
370.176,0.372097609527535,-1.23931291313995,-0.298028154095829,1.85134468577288,-0.911007213373003,-0.911007213373802,NaN,0.804324773122243,0.870625356484931,2.35784590830951,0.10310610201005,2.35784590831035,NaN,NaN,NaN,NaN,NaN,0.57265331806731,NaN,NaN,NaN,NaN,NaN,NaN,NaN,NaN,NaN,NaN,NaN,-0.618678416538463,-0.480085974402178,1.10029157816275,0.865140755549721,-1.7739106874427,1.47331876995449,-1.73236885324915,-0.0927962021862423,-0.0382114992555545,-0.0382114992560856,NaN,NaN,NaN,NaN,NaN,NaN,-0.12643785363846,NaN,NaN,NaN,NaN,NaN
370.2784,0.341679652473547,-1.2374196753926,-0.326218551651627,1.84945359173546,-0.876470177597904,-0.876470177598741,NaN,0.801928102703559,0.886487921756385,2.37298729404919,0.0728478060886794,2.37298729405005,NaN,NaN,NaN,NaN,NaN,0.57093858017974,NaN,NaN,NaN,NaN,NaN,NaN,NaN,NaN,NaN,NaN,NaN,-0.599798351322148,-0.489569919364153,1.10513823143064,0.856526518120009,-1.7718653471211,1.46409001795108,-1.74080259684419,-0.0748859991964106,-0.019359089933285,-0.0193590899337994,NaN,NaN,NaN,NaN,NaN,NaN,-0.131894924256411,NaN,NaN,NaN,NaN,NaN
370.3808,0.311227747480043,-1.23467239323004,-0.353990067638351,1.84714657626927,-0.842609667265391,-0.842609667266266,NaN,0.799316649155925,0.902009424845335,2.38657314618094,0.0416907747235589,2.38657314618181,NaN,NaN,NaN,NaN,NaN,0.569526562010259,NaN,NaN,NaN,NaN,NaN,NaN,NaN,NaN,NaN,NaN,NaN,-0.580265924415303,-0.497739447102457,1.1087216398881,0.848205878053359,-1.76818945032808,1.45359188689113,-1.7475263898213,-0.0559620725823975,-0.000647419859253193,-0.000647419859749642,NaN,NaN,NaN,NaN,NaN,NaN,-0.137120728725014,NaN,NaN,NaN,NaN,NaN
370.4832,0.280787729384023,-1.2310702479886,-0.381298282995599,1.84441360773912,-0.809448415133266,-0.809448415134177,NaN,0.796468362987496,0.917170715144404,2.39858900358006,0.0096713414352948,2.39858900358094,NaN,NaN,NaN,NaN,NaN,0.568463804692355,NaN,NaN,NaN,NaN,NaN,NaN,NaN,NaN,NaN,NaN,NaN,-0.560144387861505,-0.504588190716223,1.11103372623692,0.840177277089233,-1.76290031492508,1.4418482916146,-1.75254394063007,-0.0360634670290234,0.0178816549779983,0.0178816549775189,NaN,NaN,NaN,NaN,NaN,NaN,-0.142135743166449,NaN,NaN,NaN,NaN,NaN
370.5856,0.250405294606351,-1.2266152183916,-0.408100390236462,1.84124406722208,-0.777004263913023,-0.777004263913971,NaN,0.79336136950179,0.931952378419656,2.40902345301437,-0.0231718861140455,2.40902345301526,NaN,NaN,NaN,NaN,NaN,0.56779671187513,NaN,NaN,NaN,NaN,NaN,NaN,NaN,NaN,NaN,NaN,NaN,-0.539497928891371,-0.510110496983945,1.11206647563096,0.832438048698317,-1.75601816499639,1.42888425523089,-1.75586360435811,-0.0152301787842548,0.036186555075144,0.0361865550746807,NaN,NaN,NaN,NaN,NaN,NaN,-0.146960497339384,NaN,NaN,NaN,NaN,NaN
370.688,0.220125843743908,-1.22131199203018,-0.434355297714501,1.83762682206768,-0.745290301822498,-0.745290301823484,NaN,0.789974116922696,0.946334752504019,2.41786817593227,-0.0567980100658674,2.41786817593315,NaN,NaN,NaN,NaN,NaN,0.567571188001385,NaN,NaN,NaN,NaN,NaN,NaN,NaN,NaN,NaN,NaN,NaN,-0.518391124224051,-0.514301448601798,1.11181192085668,0.824984358032388,-1.74756602596575,1.41472588089508,-1.75749819872847,0.00649691453981463,0.0542261227660988,0.0542261227656497,NaN,NaN,NaN,NaN,NaN,NaN,-0.151615390519238,NaN,NaN,NaN,NaN,NaN
370.7904,0.189994312770609,-1.21516786398471,-0.460023738024805,1.83355028609268,-0.71431503742047,-0.714315037421492,NaN,0.786285537478598,0.960297951275091,2.42511801065454,-0.0911638443729714,2.42511801065542,NaN,NaN,NaN,NaN,NaN,0.567832288695487,NaN,NaN,NaN,NaN,NaN,NaN,NaN,NaN,NaN,NaN,NaN,-0.496888353050674,-0.517156893431799,1.11026213076601,0.817811135004845,-1.73756959952822,1.39940033222816,-1.75746476518751,0.0290761422548682,0.0719597632381147,0.0719597632376842,NaN,NaN,NaN,NaN,NaN,NaN,-0.156120497124967,NaN,NaN,NaN,NaN,NaN
370.8928,0.160055000565365,-1.20819262868169,-0.485068376354168,1.82900246642621,-0.684082606556632,-0.684082606557689,NaN,0.782275212821188,0.9738218952857,2.43077102797489,-0.126223937671815,2.43077102797576,NaN,NaN,NaN,NaN,NaN,0.568623887022159,NaN,NaN,NaN,NaN,NaN,NaN,NaN,NaN,NaN,NaN,NaN,-0.47505320007653,-0.518673474351413,1.10740919905856,0.810912006888951,-1.72605711834221,1.38293582026281,-1.75578427790006,0.0524651391615582,0.089347579932287,0.0893475799318722,NaN,NaN,NaN,NaN,NaN,NaN,-0.160495371434092,NaN,NaN,NaN,NaN,NaN
370.9952,0.130351401723789,-1.200398469573,-0.509453912609431,1.82397099612115,-0.654593000162672,-0.654593000163761,NaN,0.777923532205536,0.986886348226495,2.43482861030841,-0.161930615971353,2.43482861030928,NaN,NaN,NaN,NaN,NaN,0.569988343412324,NaN,NaN,NaN,NaN,NaN,NaN,NaN,NaN,NaN,NaN,NaN,-0.45294791070225,-0.518848652387717,1.10324523414319,0.804279243881537,-1.7130591765289,1.3653615850017,-1.7524813087472,0.0766209403341444,0.106350509667514,0.106350509667115,NaN,NaN,NaN,NaN,NaN,NaN,-0.164758865305194,NaN,NaN,NaN,NaN,NaN
371.0976,0.10092605013143,-1.191799851871,-0.533147174833752,1.8184431543718,-0.625842297970782,-0.625842297971904,NaN,0.773211837323856,0.999470967354412,2.4372955177353,-0.198234044770575,2.43729551773618,NaN,NaN,NaN,NaN,NaN,0.571966147655616,NaN,NaN,NaN,NaN,NaN,NaN,NaN,NaN,NaN,NaN,NaN,-0.430632955067268,-0.517680730503229,1.09776236825269,0.797903732870446,-1.6986085350364,1.34670785678377,-1.74758366682956,0.101500060079593,0.122930466439807,0.122930466439422,NaN,NaN,NaN,NaN,NaN,NaN,-0.168928971308857,NaN,NaN,NaN,NaN,NaN
371.2,0.0718203739873658,-1.18241342246635,-0.556117205431118,1.81240588681447,-0.59782289798311,-0.597822897984263,NaN,0.768122555702359,1.01155538020448,2.43817992671315,-0.235082309334822,2.43817992671403,NaN,NaN,NaN,NaN,NaN,0.574595504841482,NaN,NaN,NaN,NaN,NaN,NaN,NaN,NaN,NaN,NaN,NaN,-0.408166709358681,-0.515168894613848,1.09095281036108,0.791774988813251,-1.68273991317569,1.32700579224388,-1.74112204375201,0.127058550649042,0.13905049742711,0.139050497426736,NaN,NaN,NaN,NaN,NaN,NaN,-0.17302269782706,NaN,NaN,NaN,NaN,NaN
371.3024,0.0430745589289631,-1.17225791812177,-0.57833534399126,1.80584584235192,-0.570523739785365,-0.570523739786547,NaN,0.762639326935499,1.02311928974157,2.43749343264997,-0.272421508199564,2.43749343265086,NaN,NaN,NaN,NaN,NaN,0.577911867902811,NaN,NaN,NaN,NaN,NaN,NaN,NaN,NaN,NaN,NaN,NaN,-0.385605230714833,-0.511313283831211,1.08280895450102,0.785881201158384,-1.66548978437793,1.30628738781513,-1.7331296989972,0.153252046857826,0.154674945999262,0.154674945998896,NaN,NaN,NaN,NaN,NaN,NaN,-0.177055977837056,NaN,NaN,NaN,NaN,NaN
371.4048,0.0147274144470799,-1.16135408227762,-0.599775311509143,1.79874943443967,-0.543930523337083,-0.543930523338295,NaN,0.756747122174669,1.03414259970883,2.43525101734504,-0.310195857106329,2.43525101734594,NaN,NaN,NaN,NaN,NaN,0.581947441505015,NaN,NaN,NaN,NaN,NaN,NaN,NaN,NaN,NaN,NaN,NaN,-0.363002117758567,-0.5061150920147,1.07332354068948,0.780209307543333,-1.64689618563266,1.28458537069961,-1.72364220561283,0.180035808506967,0.169769613821411,0.169769613821054,NaN,NaN,NaN,NaN,NaN,NaN,-0.181043611117455,NaN,NaN,NaN,NaN,NaN
371.5072,-0.0131837598239258,-1.14972459148641,-0.620413299814589,1.7911029255453,-0.518025925104512,-0.518025925105753,NaN,0.750432352060758,1.0446055529588,2.43147099663737,-0.348347804969852,2.43147099663828,NaN,NaN,NaN,NaN,NaN,0.586730675956161,NaN,NaN,NaN,NaN,NaN,NaN,NaN,NaN,NaN,NaN,NaN,-0.340408469398827,-0.499576698358786,1.06248986218972,0.774745089059464,-1.62699853845913,1.26193306494602,-1.71269725491545,0.207364768269377,0.184301919183133,0.184301919182783,NaN,NaN,NaN,NaN,NaN,NaN,-0.184999238364125,NaN,NaN,NaN,NaN,NaN
371.6096,-0.0406233058562462,-1.13739399111779,-0.640228064021524,1.78289252985495,-0.492789815805623,-0.492789815806893,NaN,0.743682957004689,1.05448887838569,2.42617496793505,-0.386818157837132,2.42617496793596,NaN,NaN,NaN,NaN,NaN,0.592285758860511,NaN,NaN,NaN,NaN,NaN,NaN,NaN,NaN,NaN,NaN,NaN,-0.317872938426269,-0.491701827979022,1.05030201320765,0.769473276476131,-1.60583748019085,1.23836424053432,-1.70033450667182,0.235193583785925,0.198241053967665,0.198241053967321,NaN,NaN,NaN,NaN,NaN,NaN,-0.188935342652591,NaN,NaN,NaN,NaN,NaN
371.712,-0.0675573269185931,-1.12438863611277,-0.659201006072619,1.7741045273868,-0.4681994867386,-0.468199486739896,NaN,0.736488479905259,1.06377393951997,2.41938776610773,-0.425546197994482,2.41938776610867,NaN,NaN,NaN,NaN,NaN,0.598632115968967,NaN,NaN,NaN,NaN,NaN,NaN,NaN,NaN,NaN,NaN,NaN,-0.295441845713938,-0.482495742551678,1.03675516670369,0.764377651626959,-1.58345471109585,1.2139129650119,-1.68659546943037,0.263476686028519,0.211558141454734,0.211558141454396,NaN,NaN,NaN,NaN,NaN,NaN,-0.192863269993868,NaN,NaN,NaN,NaN,NaN
371.8144,-0.0939537841015499,-1.11073662768588,-0.677316233911594,1.76472538322075,-0.4442298875632,-0.444229887564525,NaN,0.72884012876105,1.07244287466558,2.4111374218583,-0.464469789071158,2.41113742185925,NaN,NaN,NaN,NaN,NaN,0.605783940015156,NaN,NaN,NaN,NaN,NaN,NaN,NaN,NaN,NaN,NaN,NaN,-0.273159317693226,-0.471965452783655,1.02184586713531,0.759441134712302,-1.55989285986866,1.18861347315001,-1.67152339496828,0.292168315129341,0.224226393346251,0.224226393345921,NaN,NaN,NaN,NaN,NaN,NaN,-0.196793259073763,NaN,NaN,NaN,NaN,NaN
371.9168,-0.11978256484484,-1.09646773796812,-0.694560587411897,1.75474187032321,-0.420853869761218,-0.420853869762569,NaN,0.72073083517691,1.0804787196751,2.40145511161854,-0.503525469645807,2.40145511161951,NaN,NaN,NaN,NaN,NaN,0.613749762992129,NaN,NaN,NaN,NaN,NaN,NaN,NaN,NaN,NaN,NaN,NaN,-0.251067429939504,-0.46011994112631,1.00557232480996,0.75464585678078,-1.53519536053089,1.16250005529126,-1.65516317111382,0.321222539078555,0.236221261537965,0.23622126153764,NaN,NaN,NaN,NaN,NaN,NaN,-0.20073447182429,NaN,NaN,NaN,NaN,NaN
372.0192,-0.145015522179584,-1.08161332633987,-0.710923631808673,1.74414119626503,-0.398042427839867,-0.39804242784124,NaN,0.712155309213561,1.08786551118465,2.39037509278518,-0.542648543607185,2.39037509278616,NaN,NaN,NaN,NaN,NaN,0.62253207851048,NaN,NaN,NaN,NaN,NaN,NaN,NaN,NaN,NaN,NaN,NaN,-0.22920635448668,-0.446970385406246,0.98793470444713,0.7499732218512,-1.50940633056733,1.13560695595717,-1.63756120298363,0.350593254598048,0.247520580739976,0.247520580739657,NaN,NaN,NaN,NaN,NaN,NaN,-0.204695020273887,NaN,NaN,NaN,NaN,NaN
372.1216,-0.16962648640702,-1.06620626237389,-0.726397628173025,1.73291113087335,-0.375764936806017,-0.375764936807413,NaN,0.703110091760783,1.09458837476878,2.37793462390526,-0.581773173380537,2.37793462390627,NaN,NaN,NaN,NaN,NaN,0.632127017665072,NaN,NaN,NaN,NaN,NaN,NaN,NaN,NaN,NaN,NaN,NaN,-0.207614511882783,-0.432530377256291,0.968935408058924,0.745403969154775,-1.48257044582728,1.10796827622653,-1.61876528211572,0.380234172932555,0.258104699209144,0.258104699208829,NaN,NaN,NaN,NaN,NaN,NaN,-0.208681986328565,NaN,NaN,NaN,NaN,NaN
372.224,-0.193591258073731,-1.05028086727824,-0.740977495716406,1.72104013001653,-0.353989390951274,-0.353989390952691,NaN,0.693593608869966,1.10063360399114,2.36417387093183,-0.620832477233223,2.36417387093285,NaN,NaN,NaN,NaN,NaN,0.642524082628845,NaN,NaN,NaN,NaN,NaN,NaN,NaN,NaN,NaN,NaN,NaN,-0.186328728540475,-0.416816136001234,0.948579359784921,0.740918246015275,-1.45473281504064,1.07961788006987,-1.59882444930249,0.410098798360531,0.267956595558423,0.267956595558111,NaN,NaN,NaN,NaN,NaN,NaN,-0.212701428843215,NaN,NaN,NaN,NaN,NaN
372.3264,-0.216887592557011,-1.03387287297279,-0.754660775364918,1.70851744927825,-0.332682649340303,-0.332682649341739,NaN,0.683606231187286,1.10598873598852,2.34913580046068,-0.659758628525484,2.34913580046172,NaN,NaN,NaN,NaN,NaN,0.653705938130856,NaN,NaN,NaN,NaN,NaN,NaN,NaN,NaN,NaN,NaN,NaN,-0.165384397534722,-0.399846722842073,0.926874297797686,0.736495690987172,-1.42593885794135,1.05058930805113,-1.5777888548915,0.440140407061869,0.277061984568623,0.277061984568314,NaN,NaN,NaN,NaN,NaN,NaN,-0.216758373463134,NaN,NaN,NaN,NaN,NaN
372.4288,-0.239495178978793,-1.01701939057322,-0.767447592863836,1.69533323997926,-0.311810688518832,-0.311810688520288,NaN,0.673150338746455,1.11064262680671,2.33286606205967,-0.698482955629807,2.33286606206074,NaN,NaN,NaN,NaN,NaN,0.665648253727047,NaN,NaN,NaN,NaN,NaN,NaN,NaN,NaN,NaN,NaN,NaN,-0.144815636609962,-0.381644254051044,0.903831065314761,0.732115517301776,-1.39623418789628,1.02091570044736,-1.55570961562324,0.470312027136905,0.285409418824345,0.28540941882404,NaN,NaN,NaN,NaN,NaN,NaN,-0.220856787396186,NaN,NaN,NaN,NaN,NaN
372.5312,-0.261395612815527,-0.999758882605216,-0.779340617804143,1.68147862607169,-0.291338857062369,-0.29133885706384,NaN,0.662230390863063,1.11458552382457,2.31541286481242,-0.736936044891387,2.31541286481351,NaN,NaN,NaN,NaN,NaN,0.678319588692361,NaN,NaN,NaN,NaN,NaN,NaN,NaN,NaN,NaN,NaN,NaN,-0.124655435166554,-0.362234101232668,0.879463884043307,0.727756591384204,-1.36566449861699,0.990629727846681,-1.53263866979416,0.50056641802814,0.292990386819837,0.292990386819535,NaN,NaN,NaN,NaN,NaN,NaN,-0.224999548432998,NaN,NaN,NaN,NaN,NaN
372.6336,-0.282572364946055,-0.98213113728893,-0.790345020325104,1.66694576912298,-0.271232122921426,-0.271232122922911,NaN,0.650853000985412,1.11780913014773,2.29682685538529,-0.775047850942725,2.29682685538639,NaN,NaN,NaN,NaN,NaN,0.691681317449325,NaN,NaN,NaN,NaN,NaN,NaN,NaN,NaN,NaN,NaN,NaN,-0.104935784813489,-0.341645062464481,0.853790595838961,0.723397512092669,-1.33427545436978,0.959763523028756,-1.50862863808437,0.53085605202656,0.299799399972636,0.299799399972338,NaN,NaN,NaN,NaN,NaN,NaN,-0.229188420604826,NaN,NaN,NaN,NaN,NaN
372.736,-0.303010747193368,-0.964177241703478,-0.800468423860105,1.65172792658593,-0.251455302687744,-0.251455302689241,NaN,0.639027012922466,1.12030665773303,2.27716100255014,-0.812747818371336,2.27716100255126,NaN,NaN,NaN,NaN,NaN,0.705687601063547,NaN,NaN,NaN,NaN,NaN,NaN,NaN,NaN,NaN,NaN,NaN,-0.0856877902391487,-0.31990949513707,0.826832866386897,0.719016696734917,-1.30211258392441,0.928348611320557,-1.48373269445009,0.561133102346274,0.305834060802936,0.305834060802641,NaN,NaN,NaN,NaN,NaN,NaN,-0.233424045532977,NaN,NaN,NaN,NaN,NaN
372.8384,-0.322697866591274,-0.945939544034085,-0.809720841291045,1.63581949713256,-0.231973260252927,-0.231973260254439,NaN,0.626763567516824,1.12207286595163,2.25647048688113,-0.84996501844263,2.25647048688226,NaN,NaN,NaN,NaN,NaN,0.720285413632284,NaN,NaN,NaN,NaN,NaN,NaN,NaN,NaN,NaN,NaN,NaN,-0.0669417569974696,-0.29706341412452,0.798616351827818,0.714592469143811,-1.26922118077686,0.896415846677933,-1.45800444242995,0.59134943820703,0.311095109045457,0.311095109045166,NaN,NaN,NaN,NaN,NaN,NaN,-0.237705951726,NaN,NaN,NaN,NaN,NaN
372.9408,-0.341622561180446,-0.92746159044961,-0.818114579966291,1.61921603899474,-0.212751064929746,-0.212751064931271,NaN,0.614076145671758,1.12310408068026,2.23481258917209,-0.88662830255869,2.23481258917323,NaN,NaN,NaN,NaN,NaN,0.735414628653568,NaN,NaN,NaN,NaN,NaN,NaN,NaN,NaN,NaN,NaN,NaN,-0.0487272550202549,-0.273146568347066,0.769170832865199,0.710103134693028,-1.23564621145489,0.86399536327563,-1.43149778716085,0.621456627199575,0.31558644559255,0.315586445592261,NaN,NaN,NaN,NaN,NaN,NaN,-0.242032579210781,NaN,NaN,NaN,NaN,NaN
373.0432,-0.359775319462357,-0.908788027287334,-0.825664112696503,1.60191424885787,-0.193754109676546,-0.193754109678083,NaN,0.600980579932306,1.12339818857185,2.21224656898997,-0.922666470382886,2.21224656899113,NaN,NaN,NaN,NaN,NaN,0.751008166612197,NaN,NaN,NaN,NaN,NaN,NaN,NaN,NaN,NaN,NaN,NaN,-0.0310731583003541,-0.248202508249502,0.73853032062368,0.705527027635777,-1.2014322302947,0.831116545755547,-1.40426679531169,0.65140595141185,0.319315133838198,0.319315133837908,NaN,NaN,NaN,NaN,NaN,NaN,-0.246401313043168,NaN,NaN,NaN,NaN,NaN
373.1456,-0.377148193359703,-0.88996446944465,-0.832385924655316,1.5839118977838,-0.174948198787666,-0.174948198789216,NaN,0.587495033230783,1.12295460392709,2.18883352277155,-0.958008449396503,2.18883352277272,NaN,NaN,NaN,NaN,NaN,0.766992207230256,NaN,NaN,NaN,NaN,NaN,NaN,NaN,NaN,NaN,NaN,NaN,-0.0140076596392042,-0.222278646658495,0.70673313438223,0.700842526801645,-1.16662329747391,0.797808015479908,-1.37636553977225,0.681148444265411,0.322291377713449,0.322291377713158,NaN,NaN,NaN,NaN,NaN,NaN,-0.250808516412795,NaN,NaN,NaN,NaN,NaN
373.248,-0.393734714781393,-0.871037339110864,-0.838298348060563,1.56520773360914,-0.156299612446131,-0.156299612447692,NaN,0.573639941594549,1.12177421211395,2.16463621039569,-0.99258348549993,2.16463621039686,NaN,NaN,NaN,NaN,NaN,0.783286469936582,NaN,NaN,NaN,NaN,NaN,NaN,NaN,NaN,NaN,NaN,NaN,0.00244173721034109,-0.195426307866998,0.673821948707145,0.696028044571163,-1.13126289528375,0.764097625505721,-1.34784792851541,0.710634949638582,0.324528480028388,0.324528480028094,NaN,NaN,NaN,NaN,NaN,NaN,-0.255249559049865,NaN,NaN,NaN,NaN,NaN
373.3504,-0.409529819125713,-0.852053675608796,-0.843421388242073,1.54580136573653,-0.137775151848478,-0.13777515185005,NaN,0.559437914736187,1.11985929364131,2.13971884773728,-1.02632135052178,2.13971884773846,NaN,NaN,NaN,NaN,NaN,0.799804558051959,NaN,NaN,NaN,NaN,NaN,NaN,NaN,NaN,NaN,NaN,NaN,0.0182482393084819,-0.167700760168133,0.63984381001782,0.691061997233652,-1.09539383475389,0.730012453466273,-1.31876751583735,0.739816204767709,0.326042787099288,0.326042787098994,NaN,NaN,NaN,NaN,NaN,NaN,-0.259718847479984,NaN,NaN,NaN,NaN,NaN
373.4528,-0.424529773660351,-0.833060914781866,-0.847776538290925,1.52569313802561,-0.119342169343117,-0.119342169344701,NaN,0.544913592275021,1.117213421538,2.11414687723848,-1.05915257780607,2.11414687723966,NaN,NaN,NaN,NaN,NaN,0.816454358039348,NaN,NaN,NaN,NaN,NaN,NaN,NaN,NaN,NaN,NaN,NaN,0.0333857959562676,-0.13916122700262,0.604850121678827,0.685922763502496,-1.0590581463776,0.695578786023353,-1.28917729145415,0.768642950908746,0.326853617846439,0.32685361784614,NaN,NaN,NaN,NaN,NaN,NaN,-0.264209867854306,NaN,NaN,NaN,NaN,NaN
373.5552,-0.438732113378286,-0.814106634343725,-0.851386582890389,1.5048839798746,-0.10096858515188,-0.100968585153474,NaN,0.53009346033327,1.11384131917328,2.08798673346347,-1.09100873383789,2.08798673346464,NaN,NaN,NaN,NaN,NaN,0.833138494780732,NaN,NaN,NaN,NaN,NaN,NaN,NaN,NaN,NaN,NaN,NaN,0.0478291468952831,-0.109870872059197,0.568896589828938,0.680588627190771,-1.02229695499412,0.660822097080693,-1.25912944454128,0.797066073796189,0.326983167169471,0.326983167169167,NaN,NaN,NaN,NaN,NaN,NaN,-0.268715246816306,NaN,NaN,NaN,NaN,NaN
373.6576,-0.452135594035503,-0.795238261400942,-0.854275398639863,1.4833752269862,-0.0826228876056359,-0.0826228876072411,NaN,0.515005639340703,1.10974867732764,2.06130561133414,-1.121822725498,2.0613056113353,NaN,NaN,NaN,NaN,NaN,0.849754854721434,NaN,NaN,NaN,NaN,NaN,NaN,NaN,NaN,NaN,NaN,NaN,0.061553897645747,-0.0798967589925348,0.532043122718977,0.675037691925929,-0.985150345778477,0.625767025187195,-1.2286751099798,0.825036772028006,0.326456376190882,0.326456376190572,NaN,NaN,NaN,NaN,NaN,NaN,-0.273226829055994,NaN,NaN,NaN,NaN,NaN
373.76,-0.464740166895252,-0.776502749665823,-0.856467759187659,1.46116842548989,-0.0642741209562785,-0.0642741209578942,NaN,0.499679659348697,1.1049419435114,2.03417123563165,-1.15152913797634,2.03417123563281,NaN,NaN,NaN,NaN,NaN,0.866197182160427,NaN,NaN,NaN,NaN,NaN,NaN,NaN,NaN,NaN,NaN,NaN,0.0745366279114531,-0.0493097893290291,0.494353689301862,0.669247770624721,-0.947657237985752,0.590437359429853,-1.19786411933663,0.852506747772805,0.325300768343594,0.32530076834328,NaN,NaN,NaN,NaN,NaN,NaN,-0.277735766714114,NaN,NaN,NaN,NaN,NaN
373.8624,-0.476546965571589,-0.757946251315848,-0.857989149145264,1.43826515333725,-0.0458918793227959,-0.0458918793244211,NaN,0.484146241216403,1.09942810087719,2.00665163145898,-1.1800645932366,2.00665163146014,NaN,NaN,NaN,NaN,NaN,0.882355731335379,NaN,NaN,NaN,NaN,NaN,NaN,NaN,NaN,NaN,NaN,NaN,0.0867550349516758,-0.0181846227274293,0.455896156013965,0.66319627152726,-0.909855292449264,0.554856052471883,-1.16674478603997,0.879428409424248,0.323546252540307,0.323546252539985,NaN,NaN,NaN,NaN,NaN,NaN,-0.282232616177948,NaN,NaN,NaN,NaN,NaN
373.9648,-0.487558290667734,-0.739613810594089,-0.858865587377919,1.41466688810942,-0.027446327075127,-0.0274463270767638,NaN,0.468437097932418,1.09321445100482,1.97881489891653,-1.20736810832438,1.97881489891769,NaN,NaN,NaN,NaN,NaN,0.89811794084564,NaN,NaN,NaN,NaN,NaN,NaN,NaN,NaN,NaN,NaN,NaN,0.0981881122124464,0.0134004085051667,0.416742123967472,0.656860094542489,-0.871780873042825,0.519045280637938,-1.13536374016947,0.905755072223317,0.321224898818467,0.321224898818134,NaN,NaN,NaN,NaN,NaN,NaN,-0.286707439946982,NaN,NaN,NaN,NaN,NaN
374.0672,-0.497777589031161,-0.721549088051834,-0.859123461326981,1.39037493013416,-0.00890825477391041,-0.0089082547755579,NaN,0.452584762691737,1.08630840774024,1.95072899582046,-1.23338142839707,1.95072899582161,NaN,NaN,NaN,NaN,NaN,0.913369104429991,NaN,NaN,NaN,NaN,NaN,NaN,NaN,NaN,NaN,NaN,NaN,0.108816360922095,0.0453633784900528,0.376966777959975,0.650215534775895,-0.833469062081951,0.483026556039547,-1.103765805891,0.931441145545195,0.318370696892889,0.31837069689254,NaN,NaN,NaN,NaN,NaN,NaN,-0.291149910800925,NaN,NaN,NaN,NaN,NaN
374.1696,-0.507209437420226,-0.703794104486357,-0.858789375977042,1.36539037884649,0.00975082727977056,0.00975082727810923,NaN,0.436622441244133,1.07871730197355,1.92246153458801,-1.25804931852678,1.92246153458915,NaN,NaN,NaN,NaN,NaN,0.927993031491748,NaN,NaN,NaN,NaN,NaN,NaN,NaN,NaN,NaN,NaN,NaN,0.118622023427854,0.0776188520021108,0.336648736620612,0.6432381964677,-0.794953715958398,0.446820877609651,-1.07199391057264,0.956442303934066,0.315019305994647,0.315019305994281,NaN,NaN,NaN,NaN,NaN,NaN,-0.29554941273393,NaN,NaN,NaN,NaN,NaN
374.272,-0.515859540057795,-0.68638899078122,-0.857890019270132,1.33971415736252,0.0285585578354983,0.028558557833827,NaN,0.420583877827799,1.07044819623679,1.8940796008317,-1.2813198099945,1.89407960083283,NaN,NaN,NaN,NaN,NaN,0.941872698249126,NaN,NaN,NaN,NaN,NaN,NaN,NaN,NaN,NaN,NaN,NaN,0.127589316179839,0.110078002616434,0.29586988289799,0.635902934206129,-0.756267548412305,0.410448902031771,-1.04008902512973,0.980715643895043,0.311207801101681,0.311207801101294,NaN,NaN,NaN,NaN,NaN,NaN,-0.299895133547414,NaN,NaN,NaN,NaN,NaN
374.3744,-0.523734738818949,-0.669371742223143,-0.856452042010864,1.31334707337426,0.0475415617435103,0.0475415617418284,NaN,0.404503222205717,1.06150771377441,1.86564959523936,-1.3031444035232,1.86564959524049,NaN,NaN,NaN,NaN,NaN,0.954890885121844,NaN,NaN,NaN,NaN,NaN,NaN,NaN,NaN,NaN,NaN,NaN,0.135704639043548,0.142648773163476,0.254715172318971,0.628183831644189,-0.717442236320572,0.373931124339006,-1.00809013886924,1.00421982560202,0.306974423688541,0.306974423688136,NaN,NaN,NaN,NaN,NaN,NaN,-0.304176149337848,NaN,NaN,NaN,NaN,NaN
374.4768,-0.5308430296702,-0.652777985508036,-0.854501950478617,1.28628990036467,0.0667252676366232,0.0667252676349313,NaN,0.388414889012546,1.051901891045,1.83723708960504,-1.3234782377976,1.83723708960617,NaN,NaN,NaN,NaN,NaN,0.966930796151342,NaN,NaN,NaN,NaN,NaN,NaN,NaN,NaN,NaN,NaN,NaN,0.142956746433626,0.175236056587676,0.213272437331255,0.620054208657979,-0.678508550799501,0.337288070853695,-0.976034271085599,1.02691519658177,0.302358346402962,0.302358346402535,NaN,NaN,NaN,NaN,NaN,NaN,-0.308381507539695,NaN,NaN,NaN,NaN,NaN
374.5792,-0.537193582662548,-0.636640766848589,-0.852066013604852,1.25854346869348,0.0861337179592568,0.0861337179575555,NaN,0.372353405323884,1.04163606067424,1.80890668159003,-1.34228023516588,1.80890668159116,NaN,NaN,NaN,NaN,NaN,0.977876665138723,NaN,NaN,NaN,NaN,NaN,NaN,NaN,NaN,NaN,NaN,NaN,0.149336877880544,0.207741874632954,0.171632199971586,0.611486637512212,-0.639496519155413,0.300540511357233,-0.943956521634785,1.04876389794096,0.297399456181125,0.297399456180675,NaN,NaN,NaN,NaN,NaN,NaN,-0.312500317665995,NaN,NaN,NaN,NaN,NaN
374.6816,-0.54279676368229,-0.620990367840567,-0.849170186510924,1.23010876509968,0.105789377061985,0.105789377060274,NaN,0.356353250060808,1.03071476939833,1.78072183763331,-1.35951323365834,1.78072183763443,NaN,NaN,NaN,NaN,NaN,0.987614355212467,NaN,NaN,NaN,NaN,NaN,NaN,NaN,NaN,NaN,NaN,NaN,0.154838856301769,0.24006555680587,0.129887483811844,0.602452958394875,-0.600435615217983,0.263709689286175,-0.911890156910563,1.06972995475526,0.292138157738631,0.29213815773816,NaN,NaN,NaN,NaN,NaN,NaN,-0.31652185233516,NaN,NaN,NaN,NaN,NaN
374.784,-0.547664153963117,-0.60585415147578,-0.84584004783345,1.20098704586551,0.125712940082491,0.125712940080769,NaN,0.340448697063568,1.01914173531198,1.75274472234226,-1.37514411039489,1.75274472234337,NaN,NaN,NaN,NaN,NaN,0.996031949676914,NaN,NaN,NaN,NaN,NaN,NaN,NaN,NaN,NaN,NaN,NaN,0.15945916665924,0.272103942560157,0.0881336085747295,0.592924307728691,-0.561354961411668,0.226817554058956,-0.879866717837651,1.08977934768036,0.286615199506202,0.28661519950571,NaN,NaN,NaN,NaN,NaN,NaN,-0.320435647331051,NaN,NaN,NaN,NaN,NaN
374.8864,-0.551808564743838,-0.591256432711598,-0.842100745372038,1.17117996961226,0.145923147418574,0.145923147416841,NaN,0.324673673623121,1.00691984484587,1.72503601523076,-1.38914389948527,1.72503601523187,NaN,NaN,NaN,NaN,NaN,1.00302032814855,NaN,NaN,NaN,NaN,NaN,NaN,NaN,NaN,NaN,NaN,NaN,0.163197027188733,0.303751628221807,0.0464679611218014,0.582871185958186,-0.522283517216757,0.189886971470383,-0.847916129296223,1.10888006167162,0.280871520267465,0.280871520266955,NaN,NaN,NaN,NaN,NaN,NaN,-0.324231582546666,NaN,NaN,NaN,NaN,NaN
374.9888,-0.555244045328836,-0.577218366478591,-0.83797694462386,1.14068974738808,0.166436609109263,0.166436609107521,NaN,0.309061638493714,0.994051183587211,1.69765471734606,-1.40148790404481,1.69765471734716,NaN,NaN,NaN,NaN,NaN,1.00847372884143,NaN,NaN,NaN,NaN,NaN,NaN,NaN,NaN,NaN,NaN,NaN,0.16605446396085,0.334901264205584,0.00498974730556095,0.5722635810078,-0.483250233933183,0.152941897273915,-0.816066788863476,1.1270021133516,0.274948111894299,0.274948111893772,NaN,NaN,NaN,NaN,NaN,NaN,-0.327899934961945,NaN,NaN,NaN,NaN,NaN
375.0912,-0.557985881406838,-0.563757852472785,-0.833492776842021,1.10951929841026,0.187267638055054,0.187267638053302,NaN,0.293645474666209,0.980537095522454,1.67065795621272,-1.41215579721054,1.67065795621383,NaN,NaN,NaN,NaN,NaN,1.01229030097101,NaN,NaN,NaN,NaN,NaN,NaN,NaN,NaN,NaN,NaN,NaN,0.16803639203349,0.365443892930747,-0.0362002700833147,0.561071139199322,-0.444284172075488,0.116007516620691,-0.784345623365016,1.14411756367755,0.268885897009484,0.268885897008942,NaN,NaN,NaN,NaN,NaN,NaN,-0.331431409026202,NaN,NaN,NaN,NaN,NaN
375.1936,-0.560050581957942,-0.550889459302362,-0.828671786373465,1.07767240315541,0.208428086728607,0.208428086726845,NaN,0.278457386636747,0.96637826937832,1.64410080038234,-1.42113170621868,1.64410080038344,NaN,NaN,NaN,NaN,NaN,1.01437264682089,NaN,NaN,NaN,NaN,NaN,NaN,NaN,NaN,NaN,NaN,NaN,0.169150690516276,0.395269317033947,-0.0770000498453534,0.549263362175922,-0.405414590494598,0.0791103587735343,-0.752778119536716,1.16020052310654,0.262725621612252,0.262725621611693,NaN,NaN,NaN,NaN,NaN,NaN,-0.334817155273256,NaN,NaN,NaN,NaN,NaN
375.296,-0.561455855692191,-0.538624368427374,-0.823536878413496,1.04515385692336,0.229927184153811,0.229927184152038,NaN,0.263528791886162,0.95157484552041,1.61803609379305,-1.42840427816012,1.61803609379416,NaN,NaN,NaN,NaN,NaN,1.01462835221606,NaN,NaN,NaN,NaN,NaN,NaN,NaN,NaN,NaN,NaN,NaN,0.16940824424665,0.424266500870387,-0.117306576646069,0.53680982077073,-0.366671013980404,0.0422783897759308,-0.721388339451166,1.17522715641917,0.256507755608457,0.256507755607883,NaN,NaN,NaN,NaN,NaN,NaN,-0.33804878528294,NaN,NaN,NaN,NaN,NaN
375.3984,-0.562220578681614,-0.526970336100597,-0.818110267824614,1.01196962835848,0.251771380327099,0.251771380325316,NaN,0.248890199752824,0.936126526239663,1.59251431712151,-1.43396673136474,1.59251431712262,NaN,NaN,NaN,NaN,NaN,1.0129705051619,NaN,NaN,NaN,NaN,NaN,NaN,NaN,NaN,NaN,NaN,NaN,0.168822924632857,0.452324009061579,-0.15701619154416,0.523680391380603,-0.328083277378482,0.00554108017884715,-0.690198920538671,1.18917569625229,0.250272388052496,0.250272388051908,NaN,NaN,NaN,NaN,NaN,NaN,-0.341118385429009,NaN,NaN,NaN,NaN,NaN
375.5008,-0.562364756554377,-0.515931668763225,-0.812413429849195,0.978127018860075,0.27396421314689,0.273964213145098,NaN,0.234571074165541,0.920032674658111,1.56758347260357,-1.43781689571634,1.56758347260469,NaN,NaN,NaN,NaN,NaN,1.00931819587295,NaN,NaN,NaN,NaN,NaN,NaN,NaN,NaN,NaN,NaN,NaN,0.16741150467499,0.479330463685464,-0.196024932022324,0.509845509309726,-0.289681547198233,-0.0310705487648251,-0.6592310575581,1.20202647286792,0.244059109073661,0.24405910907306,NaN,NaN,NaN,NaN,NaN,NaN,-0.344018528024125,NaN,NaN,NaN,NaN,NaN
375.6032,-0.561909487507444,-0.505509204838482,-0.806467054989692,0.943634816367698,0.296506205784681,0.296506205782878,NaN,0.220599678333456,0.903292403103142,1.54328897541078,-1.43995723819343,1.5432889754119,NaN,NaN,NaN,NaN,NaN,1.003596982635,NaN,NaN,NaN,NaN,NaN,NaN,NaN,NaN,NaN,NaN,NaN,0.165193528895572,0.505174995151449,-0.234228867670731,0.495276418081979,-0.251496332472058,-0.0675238901084386,-0.628504477222092,1.21376195949993,0.237906882041629,0.237906882041016,NaN,NaN,NaN,NaN,NaN,NaN,-0.346742279900487,NaN,NaN,NaN,NaN,NaN
375.7056,-0.560876932182929,-0.495700298541287,-0.800291011541446,0.908503441710998,0.319394791898833,0.319394791897017,NaN,0.207002899215438,0.885904661956644,1.51967353328355,-1.44039486821689,1.51967353328469,NaN,NaN,NaN,NaN,NaN,0.995739310333698,NaN,NaN,NaN,NaN,NaN,NaN,NaN,NaN,NaN,NaN,NaN,0.162191156539341,0.529747692392677,-0.27152444276264,0.479945407112529,-0.213558492870225,-0.103784727632178,-0.598037422794238,1.22436682628146,0.231853914998768,0.231853914998148,NaN,NaN,NaN,NaN,NaN,NaN,-0.349283209206317,NaN,NaN,NaN,NaN,NaN
375.808,-0.55929029068999,-0.486498810036767,-0.793904318338932,0.872745086209299,0.342624266981756,0.342624266979924,NaN,0.193806051420913,0.867868337311611,1.49677700636169,-1.43914152803595,1.49677700636283,NaN,NaN,NaN,NaN,NaN,0.985684884413741,NaN,NaN,NaN,NaN,NaN,NaN,NaN,NaN,NaN,NaN,NaN,0.158428981598404,0.552940085012965,-0.307808851020116,0.463826054265326,-0.175899234222788,-0.13981724050141,-0.567846651016759,1.23382799837392,0.225937537341267,0.225937537340641,NaN,NaN,NaN,NaN,NaN,NaN,-0.351635385591623,NaN,NaN,NaN,NaN,NaN
375.9104,-0.557173779406012,-0.47789511439804,-0.787325127227771,0.836373834993818,0.366185770244238,0.366185770242391,NaN,0.181032665978425,0.849182357277848,1.47463624703769,-1.43621358006567,1.47463624703883,NaN,NaN,NaN,NaN,NaN,0.973381015826215,NaN,NaN,NaN,NaN,NaN,NaN,NaN,NaN,NaN,NaN,NaN,0.153933837875588,0.57464567387905,-0.342980452619568,0.446893485805686,-0.138550073633329,-0.175584051958705,-0.537947425355299,1.24213471999044,0.220194083077862,0.220194083077229,NaN,NaN,NaN,NaN,NaN,NaN,-0.353793363346957,NaN,NaN,NaN,NaN,NaN
376.0128,-0.554552599212851,-0.469876138974908,-0.780570712335667,0.799405769454217,0.390067304171644,0.39006730416978,NaN,0.168704271874789,0.829845800074242,1.45328491323063,-1.43163198873974,1.45328491323178,NaN,NaN,NaN,NaN,NaN,0.958782945789283,NaN,NaN,NaN,NaN,NaN,NaN,NaN,NaN,NaN,NaN,NaN,0.14873460538596,0.594760490708222,-0.376939221461272,0.429124639180684,-0.101542763933201,-0.211046326781126,-0.508353490309478,1.24927862805869,0.214658780721664,0.214658780721027,NaN,NaN,NaN,NaN,NaN,NaN,-0.35575213859408,NaN,NaN,NaN,NaN,NaN
376.1152,-0.551452895938655,-0.462425424533868,-0.773657464429119,0.761859045535992,0.414253795151996,0.414253795150112,NaN,0.156840174907806,0.809857998590935,1.43275323433971,-1.4254222735234,1.43275323434086,NaN,NaN,NaN,NaN,NaN,0.941854143289461,NaN,NaN,NaN,NaN,NaN,NaN,NaN,NaN,NaN,NaN,NaN,0.142862023523946,0.613183662031818,-0.409587212556707,0.410498502559022,-0.0649091753595876,-0.246163920003816,-0.479077025751501,1.25525383696783,0.209365650935193,0.209365650934554,NaN,NaN,NaN,NaN,NaN,NaN,-0.357507080651528,NaN,NaN,NaN,NaN,NaN
376.2176,-0.547901724798513,-0.455523195391015,-0.766600893861467,0.723753948613967,0.438727189188075,0.438727189186173,NaN,0.145457237272369,0.7892186472828,1.41306771170869,-1.41761440639915,1.41306771170983,NaN,NaN,NaN,NaN,NaN,0.922566562632371,NaN,NaN,NaN,NaN,NaN,NaN,NaN,NaN,NaN,NaN,NaN,0.136348498084106,0.629817979940997,-0.440829058292688,0.390996321856949,-0.0286811334897821,-0.28089558401614,-0.450128589078713,1.26005703280242,0.204347414710772,0.204347414710132,NaN,NaN,NaN,NaN,NaN,NaN,-0.359053849180615,NaN,NaN,NaN,NaN,NaN
376.32,-0.54392703167572,-0.449146430378043,-0.75941565012276,0.685112929707263,0.463466570955176,0.463466570953258,NaN,0.13456966392988,0.767927928772539,1.39425075921925,-1.40824263945084,1.39425075922039,NaN,NaN,NaN,NaN,NaN,0.900900850730078,NaN,NaN,NaN,NaN,NaN,NaN,NaN,NaN,NaN,NaN,NaN,0.129227878262741,0.644570498061426,-0.470572507225649,0.370601785572738,0.00710978887826282,-0.315199242524075,-0.421517052032753,1.2636875733534,0.199635419057303,0.199635419056665,NaN,NaN,NaN,NaN,NaN,NaN,-0.360388312593495,NaN,NaN,NaN,NaN,NaN
376.4224,-0.539557652866473,-0.443268942531834,-0.752115563719831,0.645960630990856,0.488448296039799,0.488448296037867,NaN,0.12418880072251,0.745986675608309,1.37632031214323,-1.39734526448728,1.37632031214437,NaN,NaN,NaN,NaN,NaN,0.876846496244203,NaN,NaN,NaN,NaN,NaN,NaN,NaN,NaN,NaN,NaN,NaN,0.121535184750167,0.657353157465201,-0.498729003331016,0.349301198526558,0.0424325234363101,-0.349032329564464,-0.393249534910601,1.26614758800489,0.195259589930582,0.195259589929943,NaN,NaN,NaN,NaN,NaN,NaN,-0.361506476618007,NaN,NaN,NaN,NaN,NaN
376.5248,-0.534823321319161,-0.437861483449593,-0.744713707327609,0.606323907472816,0.513646127873497,0.513646127871552,NaN,0.114322946146129,0.7233965670366,1.35928943958424,-1.38496432463221,1.35928943958538,NaN,NaN,NaN,NaN,NaN,0.850401921596342,NaN,NaN,NaN,NaN,NaN,NaN,NaN,NaN,NaN,NaN,NaN,0.113306293950415,0.66808342532,-0.525214285453642,0.327083646330996,0.0772567872727978,-0.382352170976302,-0.365331337485783,1.26744207050273,0.191248415834157,0.191248415833517,NaN,NaN,NaN,NaN,NaN,NaN,-0.362404425448732,NaN,NaN,NaN,NaN,NaN
376.6272,-0.529754663966172,-0.432891880218809,-0.737222465611716,0.566231849188834,0.539031370668125,0.539031370666165,NaN,0.10497718161454,0.700160350157428,1.34316598909964,-1.37114530770163,1.34316598910078,NaN,NaN,NaN,NaN,NaN,0.821574533393295,NaN,NaN,NaN,NaN,NaN,NaN,NaN,NaN,NaN,NaN,NaN,0.104577604909412,0.676684922602514,-0.549948980622201,0.303941150761959,0.111553373157741,-0.415116376491881,-0.337765864693044,1.26757896014042,0.187628956303267,0.187628956302625,NaN,NaN,NaN,NaN,NaN,NaN,-0.363078276947134,NaN,NaN,NaN,NaN,NaN
376.7296,-0.524383183648237,-0.428325196709617,-0.729653603143302,0.525715809570619,0.564572991575639,0.564572991573661,NaN,0.096153229505843,0.676282079708369,1.32795227987402,-1.35593684350124,1.32795227987515,NaN,NaN,NaN,NaN,NaN,0.790380750440903,NaN,NaN,NaN,NaN,NaN,NaN,NaN,NaN,NaN,NaN,NaN,0.0953857123882275,0.683088025536562,-0.572859171398271,0.279868820345601,0.145294438183086,-0.447283224932735,-0.310554546259365,1.26656921114311,0.184426868210942,0.184426868210301,NaN,NaN,NaN,NaN,NaN,NaN,-0.363524151618022,NaN,NaN,NaN,NaN,NaN
376.832,-0.518741227000528,-0.424123904156502,-0.722018323752305,0.484809445785574,0.590237729411317,0.590237729409322,NaN,0.0878493469265315,0.651767377430284,1.31364485527674,-1.33939041544971,1.31364485527786,NaN,NaN,NaN,NaN,NaN,0.756846018205541,NaN,NaN,NaN,NaN,NaN,NaN,NaN,NaN,NaN,NaN,NaN,0.0857670943917953,0.687230433961103,-0.593876926356889,0.254865001299015,0.178453789060703,-0.478812040844525,-0.283696751585128,1.26442685088782,0.18166644647745,0.181666446476812,NaN,NaN,NaN,NaN,NaN,NaN,-0.363738151975995,NaN,NaN,NaN,NaN,NaN
376.9344,-0.512861937669552,-0.420248055590759,-0.714327317838667,0.443548770971308,0.615990192501059,0.615990192499047,NaN,0.0800602608149515,0.626623709163224,1.3002343072158,-1.32156009428142,1.30023430721691,NaN,NaN,NaN,NaN,NaN,0.721004808730514,NaN,NaN,NaN,NaN,NaN,NaN,NaN,NaN,NaN,NaN,NaN,0.0757578172746073,0.689057704931325,-0.612940788113889,0.228931434463434,0.211007160277809,-0.509663560046464,-0.257189704461885,1.26116902236331,0.179370676903066,0.179370676902431,NaN,NaN,NaN,NaN,NaN,NaN,-0.363716349440654,NaN,NaN,NaN,NaN,NaN
377.0368,-0.506779192980298,-0.416655470565005,-0.706590799241796,0.401972211832078,0.641792954498946,0.641792954496915,NaN,0.0727771510222754,0.600860670624861,1.28770518253699,-1.30250229867167,1.28770518253809,NaN,NaN,NaN,NaN,NaN,0.68290060032039,NaN,NaN,NaN,NaN,NaN,NaN,NaN,NaN,NaN,NaN,NaN,0.0653932647186275,0.688523752614322,-0.629996216439669,0.202073423764276,0.242932474976669,-0.539800274743199,-0.23102840622603,1.25681600095716,0.177561297391105,0.177561297390469,NaN,NaN,NaN,NaN,NaN,NaN,-0.363454777441196,NaN,NaN,NaN,NaN,NaN
377.1392,-0.500527528365443,-0.413301936306172,-0.698818539049995,0.36012066255757,0.667606659992744,0.667606659990696,NaN,0.0659876877833748,0.574490266425691,1.27603597272009,-1.28227557787795,1.27603597272118,NaN,NaN,NaN,NaN,NaN,0.64258582725026,NaN,NaN,NaN,NaN,NaN,NaN,NaN,NaN,NaN,NaN,NaN,0.0547078982693976,0.685591306782963,-0.644995981311764,0.17430001105584,0.274210076491854,-0.569186747638599,-0.20520557838639,1.25139118122065,0.176258861293575,0.17625886129294,NaN,NaN,NaN,NaN,NaN,NaN,-0.36294942777449,NaN,NaN,NaN,NaN,NaN
377.2416,-0.494142057795355,-0.410141423906996,-0.691019903521514,0.31803752771412,0.693390147696159,0.693390147694093,NaN,0.0596761256921782,0.54752716453712,1.26519917895797,-1.26094040539214,1.26519917895905,NaN,NaN,NaN,NaN,NaN,0.600121790417725,NaN,NaN,NaN,NaN,NaN,NaN,NaN,NaN,NaN,NaN,NaN,0.0437350556350134,0.680232308424349,-0.657900494229561,0.145624138899036,0.304822919232576,-0.597789886451653,-0.179711636875677,1.24492104080815,0.175482794246745,0.175482794246112,NaN,NaN,NaN,NaN,NaN,NaN,-0.362196246326045,NaN,NaN,NaN,NaN,NaN
377.344,-0.487658392063087,-0.407126317067085,-0.683203896581034,0.275768749973096,0.719100591208951,0.71910059120687,NaN,0.0538234502232759,0.519988914475702,1.25516144094801,-1.2385589770346,1.25516144094908,NaN,NaN,NaN,NaN,NaN,0.55557852949977,NaN,NaN,NaN,NaN,NaN,NaN,NaN,NaN,NaN,NaN,NaN,0.0325067924487547,0.672428229474991,-0.668678070861492,0.116062789920339,0.334756709536307,-0.625579171349345,-0.15453470749606,1.23743508930584,0.175251436367008,0.175251436366376,NaN,NaN,NaN,NaN,NaN,NaN,-0.361191127982488,NaN,NaN,NaN,NaN,NaN
377.4464,-0.481112547194039,-0.404207658736301,-0.675379202302482,0.233362818467159,0.74469365150102,0.744693651498921,NaN,0.0484075681478906,0.491896124271872,1.24588371986705,-1.21519501488974,1.24588371986811,NaN,NaN,NaN,NaN,NaN,0.509034666128992,NaN,NaN,NaN,NaN,NaN,NaN,NaN,NaN,NaN,NaN,NaN,0.0210537746943546,0.662170328987252,-0.677305133186864,0.0856371110758404,0.363999991895383,-0.652526827813553,-0.129660681973955,1.2289658021442,0.175582063283564,0.175582063282935,NaN,NaN,NaN,NaN,NaN,NaN,-0.359929914794621,NaN,NaN,NaN,NaN,NaN
377.5488,-0.474540838606852,-0.401335424210621,-0.667554227700935,0.190870754347968,0.77012363795421,0.770123637952091,NaN,0.0434035310218365,0.463272590032756,1.23732153187319,-1.19091358128392,1.23732153187423,NaN,NaN,NaN,NaN,NaN,0.460577224148664,NaN,NaN,NaN,NaN,NaN,NaN,NaN,NaN,NaN,NaN,NaN,0.00940522759705895,0.649459861770182,-0.683766364409206,0.0543725296634663,0.392544182729025,-0.678607941285305,-0.105073304937479,1.21954854000073,0.176490879277204,0.176490879276582,NaN,NaN,NaN,NaN,NaN,NaN,-0.358408400918534,NaN,NaN,NaN,NaN,NaN
377.6512,-0.46797976989581,-0.39845882168327,-0.659737154876181,0.148346075592062,0.795343684940125,0.795343684937988,NaN,0.0387837806189531,0.434145371281822,1.22942523393642,-1.16578090411595,1.22942523393745,NaN,NaN,NaN,NaN,NaN,0.410301420884849,NaN,NaN,NaN,NaN,NaN,NaN,NaN,NaN,NaN,NaN,NaN,-0.00241105998105767,0.634308234627388,-0.688054820805693,0.0222988465214221,0.420383559645049,-0.703800520061953,-0.0807542838886369,1.20922145938291,0.177992978151057,0.177992978150442,NaN,NaN,NaN,NaN,NaN,NaN,-0.356622343259528,NaN,NaN,NaN,NaN,NaN
377.7536,-0.461465926269909,-0.395526615012637,-0.651936009369279,0.105844742053234,0.820305954225545,0.820305954223389,NaN,0.0345184075414933,0.404544813287697,1.22214036512863,-1.13986421145635,1.22214036512964,NaN,NaN,NaN,NaN,NaN,0.358310415222981,NaN,NaN,NaN,NaN,NaN,NaN,NaN,NaN,NaN,NaN,NaN,-0.0143686818995836,0.616737094380122,-0.690171997095503,-0.0105497150462923,0.447515216409723,-0.72808551965779,-0.0566834187345151,1.19802541816128,0.18010227643151,0.180102276430902,NaN,NaN,NaN,NaN,NaN,NaN,-0.354567472318687,NaN,NaN,NaN,NaN,NaN
377.856,-0.455035872448035,-0.392487461805228,-0.644158740891247,0.0634250708316037,0.844961863408719,0.844961863406546,NaN,0.0305754182098944,0.374504527683801,1.21540804565822,-1.1132315729225,1.21540804565919,NaN,NaN,NaN,NaN,NaN,0.304714997776214,NaN,NaN,NaN,NaN,NaN,NaN,NaN,NaN,NaN,NaN,NaN,-0.0264425182118685,0.596778345686751,-0.690127846710352,-0.0441345100758732,0.473938993981155,-0.751446840093621,-0.0328387447333448,1.18600387024472,0.182831433394439,0.182831433393838,NaN,NaN,NaN,NaN,NaN,NaN,-0.352239498903641,NaN,NaN,NaN,NaN,NaN
377.9584,-0.448726051096606,-0.389290257043938,-0.636413307503686,0.0211476081123314,0.869262329321372,0.869262329319183,NaN,0.0269210069681691,0.344061347655184,1.20916543535844,-1.08595174531785,1.2091654353594,NaN,NaN,NaN,NaN,NaN,0.249633211043275,NaN,NaN,NaN,NaN,NaN,NaN,NaN,NaN,NaN,NaN,NaN,-0.0386086033813944,0.574474116598058,-0.687940769761447,-0.0784125117062907,0.499657400237879,-0.773871307494946,-0.009196677750278,1.1732027371091,0.18619177460581,0.186191774605212,NaN,NaN,NaN,NaN,NaN,NaN,-0.349634120980676,NaN,NaN,NaN,NaN,NaN
378.0608,-0.442572680791764,-0.385884472613862,-0.6287077571745,-0.0209250451720298,0.893158012876746,0.893158012874543,NaN,0.0235198306623054,0.313255271259639,1.2033462522051,-1.05809401590316,1.20334625220605,NaN,NaN,NaN,NaN,NaN,0.19318989260534,NaN,NaN,NaN,NaN,NaN,NaN,NaN,NaN,NaN,NaN,NaN,-0.0508439722889258,0.549876692977109,-0.683637584137385,-0.113336377764525,0.524675533276949,-0.795348655749279,0.0142678479977284,1.15967024992238,0.190193230028985,0.190193230028388,NaN,NaN,NaN,NaN,NaN,NaN,-0.346747043082105,NaN,NaN,NaN,NaN,NaN
378.1632,-0.436611655539649,-0.382220488351611,-0.621050306348069,-0.0627284450402673,0.916599556267023,0.916599556264807,NaN,0.0203352866316189,0.282129395884419,1.1978813512182,-1.02972803120002,1.19788135121914,NaN,NaN,NaN,NaN,NaN,0.135516143326989,NaN,NaN,NaN,NaN,NaN,NaN,NaN,NaN,NaN,NaN,NaN,-0.0631264994152678,0.523048428533869,-0.677253484875779,-0.148854540619285,0.549001018077425,-0.815871521222396,0.037581252536585,1.14545676773843,0.194844290295108,0.194844290294514,NaN,NaN,NaN,NaN,NaN,NaN,-0.343574018954822,NaN,NaN,NaN,NaN,NaN
378.2656,-0.430878450087128,-0.37824991586984,-0.613449420253209,-0.104196546644982,0.939537811812585,0.939537811810358,NaN,0.0173297994825511,0.250729838162875,1.1926993642299,-1.00092359918891,1.19269936423084,NaN,NaN,NaN,NaN,NaN,0.0767487284170739,NaN,NaN,NaN,NaN,NaN,NaN,NaN,NaN,NaN,NaN,NaN,-0.0754347404452446,0.494061624696436,-0.668831987149777,-0.184911322954981,0.572643957775774,-0.835435452703332,0.0607711927149871,1.13061457944193,0.200151979847228,0.200151979846631,NaN,NaN,NaN,NaN,NaN,NaN,-0.340110919371144,NaN,NaN,NaN,NaN,NaN
378.368,-0.425408033705182,-0.3739259198905,-0.605913900025163,-0.145261979982966,0.961924070185123,0.961924070182884,NaN,0.014465124830973,0.219105636924495,1.18772739835381,-0.971750457829476,1.18772739835474,NaN,NaN,NaN,NaN,NaN,0.0170294150788202,NaN,NaN,NaN,NaN,NaN,NaN,NaN,NaN,NaN,NaN,NaN,-0.0877477768791865,0.462998375840396,-0.65842484851512,-0.221447080389889,0.595616900050074,-0.854038933214672,0.0838664604859053,1.11519768907729,0.206121845170839,0.206121845170242,NaN,NaN,NaN,NaN,NaN,NaN,-0.336353820473429,NaN,NaN,NaN,NaN,NaN
378.4704,-0.420234794083866,-0.369203538409244,-0.598452978913497,-0.185856365902213,0.983710296228568,0.983710296226317,NaN,0.0117026774850602,0.18730864239264,1.18289178532774,-0.942278008918711,1.18289178532868,NaN,NaN,NaN,NaN,NaN,-0.0434957531098874,NaN,NaN,NaN,NaN,NaN,NaN,NaN,NaN,NaN,NaN,NaN,-0.1000450636762,0.429950381314126,-0.646091969035222,-0.258398366410101,0.617934822163791,-0.871683412963549,0.106896905446293,1.09926157772447,0.212757956377595,0.212757956376997,NaN,NaN,NaN,NaN,NaN,NaN,-0.332299105172829,NaN,NaN,NaN,NaN,NaN
378.5728,-0.415392477641451,-0.364039992008752,-0.59107642850614,-0.225910669983887,1.00484937344332,1.00484937344106,NaN,0.00900388395043591,0.15539339275489,1.17811886073673,-0.912575023422477,1.17811886073766,NaN,NaN,NaN,NaN,NaN,-0.104677231388999,NaN,NaN,NaN,NaN,NaN,NaN,NaN,NaN,NaN,NaN,NaN,-0.112306292088726,0.395018722599317,-0.631901262008994,-0.29569811134664,0.639615133328766,-0.888373354893927,0.129893376760638,1.08286293901371,0.220062916266661,0.220062916266063,NaN,NaN,NaN,NaN,NaN,NaN,-0.32794356752053,NaN,NaN,NaN,NaN,NaN
378.6752,-0.410914152376931,-0.358394968148376,-0.583794673359732,-0.265355580454721,1.02529535296611,1.02529535296383,NaN,0.00633054890359608,0.123416977442569,1.17333573507405,-0.882709334920239,1.17333573507498,NaN,NaN,NaN,NaN,NaN,-0.166362763629773,NaN,NaN,NaN,NaN,NaN,NaN,NaN,NaN,NaN,NaN,NaN,-0.124511294630348,0.358313594380366,-0.615928476650443,-0.333275805938174,0.660677685036856,-0.90411629299297,0.152887664366742,1.06605939638581,0.228037868046187,0.228037868045586,NaN,NaN,NaN,NaN,NaN,NaN,-0.323284509486127,NaN,NaN,NaN,NaN,NaN
378.7776,-0.406832187382713,-0.352230876997113,-0.576618906575625,-0.304121896641716,1.0450037018419,1.04500370183961,NaN,0.00364522003455345,0.0914388854996297,1.16847102177385,-0.852747548476018,1.16847102177479,NaN,NaN,NaN,NaN,NaN,-0.228398151202582,NaN,NaN,NaN,NaN,NaN,NaN,NaN,NaN,NaN,NaN,NaN,-0.136640013800173,0.319953970917193,-0.598256949281275,-0.371057685176612,0.681144776934028,-0.918922896241267,0.175912422881495,1.04890921535031,0.236682495998934,0.236682495998326,NaN,NaN,NaN,NaN,NaN,NaN,-0.318319824238186,NaN,NaN,NaN,NaN,NaN
378.88,-0.40317823283398,-0.345513086798711,-0.569561195013721,-0.342140920289264,1.06393154474696,1.06393154474466,NaN,0.00091153617154226,0.059520827426926,1.16345551412388,-0.822754788636096,1.16345551412481,NaN,NaN,NaN,NaN,NaN,-0.290627989328462,NaN,NaN,NaN,NaN,NaN,NaN,NaN,NaN,NaN,NaN,NaN,-0.148672523525142,0.280067177196739,-0.578977260181077,-0.408966929117547,0.701041140598705,-0.932807014626849,0.199001073352816,1.03147101968592,0.245995016536078,0.245995016535464,NaN,NaN,NaN,NaN,NaN,NaN,-0.31304806591205,NaN,NaN,NaN,NaN,NaN
378.9824,-0.39998318824409,-0.338210144388479,-0.562634565396566,-0.379344845256238,1.08203789550258,1.08203789550027,NaN,-0.0019054502399236,0.0277265103695002,1.15822282149374,-0.792794486758319,1.15822282149467,NaN,NaN,NaN,NaN,NaN,-0.352896379463357,NaN,NaN,NaN,NaN,NaN,NaN,NaN,NaN,NaN,NaN,NaN,-0.160589061642226,0.238788321879192,-0.55818677662984,-0.446923923504417,0.720393876826782,-0.945785672350563,0.222187679269453,1.01380351561758,0.25597215814883,0.25597215814821,NaN,NaN,NaN,NaN,NaN,NaN,-0.307468508854005,NaN,NaN,NaN,NaN,NaN
379.0848,-0.397277158617481,-0.330293976253106,-0.555853068513766,-0.415667148704028,1.09928387938928,1.09928387938696,NaN,-0.00483897570752238,-0.00387864139848695,1.15270997285433,-0.762928187697594,1.15270997285525,NaN,NaN,NaN,NaN,NaN,-0.415047625402986,NaN,NaN,NaN,NaN,NaN,NaN,NaN,NaN,NaN,NaN,NaN,-0.172370039257924,0.196259568150748,-0.535989080105987,-0.484846617383789,0.73923233023586,-0.957878987547935,0.245506791036183,0.995965223544976,0.26660913385823,0.266609133857601,NaN,NaN,NaN,NaN,NaN,NaN,-0.301581200243509,NaN,NaN,NaN,NaN,NaN
379.1872,-0.39508940458011,-0.321740059341571,-0.549231821656839,-0.451042994188504,1.11563294573523,1.11563294573291,NaN,-0.00792028758982339,-0.0352278058970626,1.14685798766751,-0.733215361464557,1.14685798766842,NaN,NaN,NaN,NaN,NaN,-0.476926914616883,NaN,NaN,NaN,NaN,NaN,NaN,NaN,NaN,NaN,NaN,NaN,-0.183996032104518,0.152629266176328,-0.51249329929907,-0.522650970727191,0.757587906355185,-0.969110027479422,0.268993257503511,0.978014210095946,0.277899616590031,0.277899616589394,NaN,NaN,NaN,NaN,NaN,NaN,-0.295387008194212,NaN,NaN,NaN,NaN,NaN
379.2896,-0.393448290272751,-0.312527554344942,-0.542787029067651,-0.485409648608483,1.13105106304055,1.13105106303822,NaN,-0.0111783813804193,-0.0662531018182745,1.14061240629953,-0.703713227241948,1.14061240630045,NaN,NaN,NaN,NaN,NaN,-0.53838098785172,NaN,NaN,NaN,NaN,NaN,NaN,NaN,NaN,NaN,NaN,NaN,-0.195447785352025,0.108050994655969,-0.487813372598944,-0.560251447977032,0.775493847800642,-0.97950462306675,0.292682006783222,0.960007812991033,0.289835725321944,0.289835725321301,NaN,NaN,NaN,NaN,NaN,NaN,-0.288887663250507,NaN,NaN,NaN,NaN,NaN
379.392,-0.392381229331338,-0.302639404139703,-0.536535982135966,-0.518706896603712,1.14550688916939,1.14550688916705,NaN,-0.0146397550233504,-0.0968859375914585,1.13392376571015,-0.674476609497379,1.13392376571106,NaN,NaN,NaN,NaN,NaN,-0.599258801399395,NaN,NaN,NaN,NaN,NaN,NaN,NaN,NaN,NaN,NaN,NaN,-0.206706253346228,0.0626825459889617,-0.462067250660144,-0.597561515470879,0.792984982706176,-0.989091161246077,0.316607798779833,0.942002361150969,0.302408018407459,0.302408018406808,NaN,NaN,NaN,NaN,NaN,NaN,-0.282085788961794,NaN,NaN,NaN,NaN,NaN
379.4944,-0.391914630917003,-0.29206240445773,-0.530497044963291,-0.550877427554504,1.15897192149074,1.1589719214884,NaN,-0.0183281876382312,-0.127057371069658,1.12674801086468,-0.645557837626743,1.12674801086559,NaN,NaN,NaN,NaN,NaN,-0.659412183570536,NaN,NaN,NaN,NaN,NaN,NaN,NaN,NaN,NaN,NaN,NaN,-0.217752672704649,0.0166848749322259,-0.435376050748352,-0.634494127031415,0.810097455512361,-0.997900365395558,0.340804956713833,0.924052899644725,0.315605483934198,0.315605483933542,NaN,NaN,NaN,NaN,NaN,NaN,-0.274984918116103,NaN,NaN,NaN,NaN,NaN
379.5968,-0.392073848566832,-0.280787249355107,-0.524689629311989,-0.581867176743566,1.17142064192331,1.17142064192097,NaN,-0.0222645508330983,-0.156698475363422,1.11904684463797,-0.617006685309753,1.11904684463887,NaN,NaN,NaN,NaN,NaN,-0.718696484220794,NaN,NaN,NaN,NaN,NaN,NaN,NaN,NaN,NaN,NaN,NaN,-0.228568658120925,-0.0297789726090742,-0.407863185873167,-0.670962204680663,0.826868450029596,-1.00596506929998,0.365307091164976,0.906212926316084,0.329415519244496,0.329415519243838,NaN,NaN,NaN,NaN,NaN,NaN,-0.267589494242412,NaN,NaN,NaN,NaN,NaN
379.6992,-0.392883128430522,-0.268808551339888,-0.519134155569395,-0.611625615328681,1.1828306650791,1.18283066507676,NaN,-0.0264666563502559,-0.185740705497439,1.11078802280699,-0.588870341835306,1.11078802280788,NaN,NaN,NaN,NaN,NaN,-0.776971211451927,NaN,NaN,NaN,NaN,NaN,NaN,NaN,NaN,NaN,NaN,NaN,-0.23913631376197,-0.076544934048704,-0.379653493906603,-0.706879124825379,0.843335910423599,-1.01331998472386,0.39014682855026,0.888534142666232,0.343823894410327,0.343823894409668,NaN,NaN,NaN,NaN,NaN,NaN,-0.259904863311754,NaN,NaN,NaN,NaN,NaN
379.8016,-0.394365550842781,-0.25612483801168,-0.513851994900247,-0.640105994756988,1.193182883812,1.19318288380966,NaN,-0.0309491379334806,-0.214116267232615,1.10194559289526,-0.561193413990329,1.10194559289615,NaN,NaN,NaN,NaN,NaN,-0.83410064321853,NaN,NaN,NaN,NaN,NaN,NaN,NaN,NaN,NaN,NaN,NaN,-0.249438357318118,-0.123448991357095,-0.350872384812123,-0.742159209700149,0.859538261509001,-1.0200014599098,0.41535555070113,0.871066221955223,0.358814697143829,0.35881469714317,NaN,NaN,NaN,NaN,NaN,NaN,-0.251937263836059,NaN,NaN,NaN,NaN,NaN
379.904,-0.396542968376422,-0.242738526193592,-0.508865396123903,-0.667265550833786,1.20246160716021,1.20246160715788,NaN,-0.0357233575454355,-0.241758486077329,1.09250007006009,-0.534017960977864,1.09250007006096,NaN,NaN,NaN,NaN,NaN,-0.88995440498733,NaN,NaN,NaN,NaN,NaN,NaN,NaN,NaN,NaN,NaN,NaN,-0.259458255763309,-0.17032820578781,-0.321645015747748,-0.776718216533734,0.8755141305031,-1.02604723011197,0.440963148580271,0.85385659730555,0.374370264214295,0.374370264213633,NaN,NaN,NaN,NaN,NaN,NaN,-0.243693819543969,NaN,NaN,NaN,NaN,NaN
380.0064,-0.399435950061352,-0.228655869400029,-0.504197404413687,-0.693065661649308,1.21065469954913,1.21065469954679,NaN,-0.0407973206626803,-0.26860216063375,1.08243854637578,-0.507383561373457,1.08243854637663,NaN,NaN,NaN,NaN,NaN,-0.944408019268275,NaN,NaN,NaN,NaN,NaN,NaN,NaN,NaN,NaN,NaN,NaN,-0.269180374536667,-0.217021718630936,-0.292095498506526,-0.810473818650463,0.89130207436476,-1.03149616741074,0.46699778887457,0.83695026627118,0.390471109843329,0.390471109842666,NaN,NaN,NaN,NaN,NaN,NaN,-0.235182532308936,NaN,NaN,NaN,NaN,NaN
380.1088,-0.403063735799583,-0.213886871544116,-0.499871771934859,-0.717471948195798,1.21775373598452,1.21775373598219,NaN,-0.0461755924945449,-0.294583882388142,1.07175473187044,-0.481327407773409,1.07175473187127,NaN,NaN,NaN,NaN,NaN,-0.997343440065089,NaN,NaN,NaN,NaN,NaN,NaN,NaN,NaN,NaN,NaN,NaN,-0.278590143769654,-0.263371716290958,-0.26234614099193,-0.843346078219831,0.906940317030069,-1.03638803841669,0.493485690710649,0.82038960133837,0.40709585671865,0.407095856717988,NaN,NaN,NaN,NaN,NaN,NaN,-0.226412271850739,NaN,NaN,NaN,NaN,NaN
380.2112,-0.407444200214562,-0.198445162830355,-0.49591285754694,-0.740454313239748,1.22375417507391,1.22375417507158,NaN,-0.0518592205293912,-0.319642317356431,1.06044892495048,-0.455884426514398,1.0604489249513,NaN,NaN,NaN,NaN,NaN,-1.0486495742362,NaN,NaN,NaN,NaN,NaN,NaN,NaN,NaN,NaN,NaN,NaN,-0.287674241085148,-0.309224359625041,-0.23251672456529,-0.875257913342282,0.922466498979698,-1.04076327287937,0.520450913495382,0.804214158846123,0.424221169291607,0.424221169290944,NaN,NaN,NaN,NaN,NaN,NaN,-0.217392760575844,NaN,NaN,NaN,NaN,NaN
380.3136,-0.412593826627593,-0.18234784047045,-0.492345517629739,-0.76198692240456,1.2286555286127,1.22865552861038,NaN,-0.0578456724576141,-0.343718452985784,1.0485279163706,-0.431087418468506,1.04852791637141,NaN,NaN,NaN,NaN,NaN,-1.09822277522326,NaN,NaN,NaN,NaN,NaN,NaN,NaN,NaN,NaN,NaN,NaN,-0.296420781287654,-0.354430667824229,-0.202723826503067,-0.906135557146357,0.937917436592481,-1.04466273845869,0.547915157035901,0.788460492516134,0.441821693828564,0.441821693827901,NaN,NaN,NaN,NaN,NaN,NaN,-0.208134550567693,NaN,NaN,NaN,NaN,NaN
380.416,-0.418527689417503,-0.165615284061857,-0.489194991560841,-0.782048138636249,1.23246149400947,1.23246149400714,NaN,-0.0641287923746278,-0.366755809931696,1.03600483871388,-0.406967209361272,1.03600483871467,NaN,NaN,NaN,NaN,NaN,-1.14596728542423,NaN,NaN,NaN,NaN,NaN,NaN,NaN,NaN,NaN,NaN,NaN,-0.304819495991434,-0.398847333859291,-0.173080205192261,-0.93590899698364,0.953328884531012,-1.04812751444196,0.575897569569699,0.773161990384559,0.459870018556275,0.459870018555614,NaN,NaN,NaN,NaN,NaN,NaN,-0.198648986717268,NaN,NaN,NaN,NaN,NaN
380.5184,-0.425259436496749,-0.148270960449537,-0.486486781745549,-0.800620429573135,1.23518002763549,1.23518002763317,NaN,-0.0706987743743772,-0.388700617074476,1.02289896737624,-0.383552795782624,1.02289896737702,NaN,NaN,NaN,NaN,NaN,-1.19179560415073,NaN,NaN,NaN,NaN,NaN,NaN,NaN,NaN,NaN,NaN,NaN,-0.312861885432412,-0.442337449263353,-0.143694262289454,-0.964512377894319,0.968735299563096,-1.05119866361417,0.604414561407278,0.758348754676483,0.478336667363922,0.478336667363264,NaN,NaN,NaN,NaN,NaN,NaN,-0.188948150571573,NaN,NaN,NaN,NaN,NaN
380.6208,-0.432801259869091,-0.130341232119438,-0.484246524075948,-0.817690267652734,1.23682335927476,1.23682335927244,NaN,-0.0775421582891391,-0.409501955488258,1.00923546560398,-0.36087147908258,1.00923546560474,NaN,NaN,NaN,NaN,NaN,-1.23562877302064,NaN,NaN,NaN,NaN,NaN,NaN,NaN,NaN,NaN,NaN,NaN,-0.320541331168667,-0.484771128452775,-0.114669584297381,-0.991884357556989,0.984169617267175,-1.05391701092468,0.633479636565615,0.744047534205805,0.497190135725311,0.497190135724652,NaN,NaN,NaN,NaN,NaN,NaN,-0.179044784050486,NaN,NaN,NaN,NaN,NaN
380.7232,-0.441163841582342,-0.111855177250108,-0.482499840940058,-0.833248031288771,1.23740795709481,1.2374079570925,NaN,-0.0846418626889514,-0.429111883868698,0.995045064006186,-0.33894898292856,0.995045064006939,NaN,NaN,NaN,NaN,NaN,-1.2773965944857,NaN,NaN,NaN,NaN,NaN,NaN,NaN,NaN,NaN,NaN,NaN,-0.327853166829092,-0.526026032968499,-0.0861045582138082,-1.01796840523195,0.999663061666691,-1.05632294051792,0.663103269006377,0.730281707420328,0.516396974806654,0.516396974805996,NaN,NaN,NaN,NaN,NaN,NaN,-0.168952198001642,NaN,NaN,NaN,NaN,NaN
380.8256,-0.450356267283939,-0.09284442251971,-0.48127216988307,-0.847287903872624,1.23695444595392,1.23695444595162,NaN,-0.0919772716172821,-0.447485557141342,0.980363675500738,-0.317809548721632,0.980363675501481,NaN,NaN,NaN,NaN,NaN,-1.31703781024604,NaN,NaN,NaN,NaN,NaN,NaN,NaN,NaN,NaN,NaN,NaN,-0.334794707905688,-0.565987802132736,-0.0580920539766618,-1.04271304457493,1.01524500790168,-1.05845621951986,0.693292854626748,0.717071309063645,0.53592192450202,0.53592192450136,NaN,NaN,NaN,NaN,NaN,NaN,-0.158684175111442,NaN,NaN,NaN,NaN,NaN
380.928,-0.460385911136516,-0.0733429836504651,-0.480588568873779,-0.859807763972376,1.23548747357182,1.23548747356953,NaN,-0.0995243792937183,-0.464581342984258,0.965231953153251,-0.297476002884676,0.965231953153979,NaN,NaN,NaN,NaN,NaN,-1.35450025571258,NaN,NaN,NaN,NaN,NaN,NaN,NaN,NaN,NaN,NaN,NaN,-0.341365244652399,-0.604550399896109,-0.0307191666582942,-1.0660720460774,1.03094291012495,-1.06035585183152,0.72405276042287,0.70443309672783,0.555728090771368,0.555728090770708,NaN,NaN,NaN,NaN,NaN,NaN,-0.148254876699239,NaN,NaN,NaN,NaN,NaN
381.0304,-0.471258304123652,-0.053387106483037,-0.480473505911197,-0.870809065878158,1.23303552150979,1.2330355215075,NaN,-0.107255984069893,-0.480360933739616,0.949694794606271,-0.277969793549192,0.949694794606985,NaN,NaN,NaN,NaN,NaN,-1.38974098741861,NaN,NaN,NaN,NaN,NaN,NaN,NaN,NaN,NaN,NaN,NaN,-0.347566007361281,-0.64161638416855,-0.00406701314800676,-1.08800457173768,1.04678228605972,-1.0620599565873,0.755384460011746,0.692380659555126,0.57577716372777,0.575777163727109,NaN,NaN,NaN,NaN,NaN,NaN,-0.137678758748426,NaN,NaN,NaN,NaN,NaN
381.1328,-0.482976997401337,-0.0330151047082677,-0.480950642109711,-0.880296720854541,1.22963066669346,1.22963066669118,NaN,-0.115141921473113,-0.494789450404753,0.933800798138029,-0.259311001038285,0.933800798138734,NaN,NaN,NaN,NaN,NaN,-1.42272636631917,NaN,NaN,NaN,NaN,NaN,NaN,NaN,NaN,NaN,NaN,NaN,-0.353400113391246,-0.677097099128123,0.0217894201387165,-1.10847526752752,1.06278672853579,-1.06360565957402,0.787286708585656,0.680924569369112,0.596029671254443,0.596029671253778,NaN,NaN,NaN,NaN,NaN,NaN,-0.126970498222863,NaN,NaN,NaN,NaN,NaN
381.2352,-0.495543429668898,-0.0122671934315108,-0.482042616438671,-0.88827899261852,1.22530830349556,1.2253083034933,NaN,-0.123149330530038,-0.507835539975824,0.917601688241436,-0.24151833334901,0.917601688242136,NaN,NaN,NaN,NaN,NaN,-1.45343207833429,NaN,NaN,NaN,NaN,NaN,NaN,NaN,NaN,NaN,NaN,NaN,-0.358872499457697,-0.710912793189018,0.0467813829385771,-1.12745430145675,1.07897791684671,-1.06502899068387,0.819755709127039,0.670072563788281,0.616445252705451,0.616445252704785,NaN,NaN,NaN,NaN,NaN,NaN,-0.116144925691858,NaN,NaN,NaN,NaN,NaN
381.3376,-0.508956805936234,0.00881468295475216,-0.483770838389918,-0.894767409294203,1.22010683758457,1.22010683758233,NaN,-0.131242943942998,-0.519471466677194,0.901151736792719,-0.22460911712825,0.901151736793407,NaN,NaN,NaN,NaN,NaN,-1.48184308230033,NaN,NaN,NaN,NaN,NaN,NaN,NaN,NaN,NaN,NaN,NaN,-0.363989838565171,-0.742992672810127,0.0708464267026547,-1.14491735451547,1.09537561960569,-1.06636478816047,0.852785251129744,0.659829744678263,0.636982931998717,0.636982931998045,NaN,NaN,NaN,NaN,NaN,NaN,-0.105216954394453,NaN,NaN,NaN,NaN,NaN
381.44,-0.523213992657491,0.030187030825731,-0.48615529216114,-0.899776682677914,1.21406736370523,1.214067363703,NaN,-0.139385384381868,-0.529673188291765,0.884507199730712,-0.208599287589256,0.884507199731387,NaN,NaN,NaN,NaN,NaN,-1.50795348396914,NaN,NaN,NaN,NaN,NaN,NaN,NaN,NaN,NaN,NaN,NaN,-0.36876044117626,-0.773274904364497,0.0939284360725864,-1.16084557592051,1.1119976898002,-1.06764660942227,0.88636682361451,0.650198779723754,0.657601377959853,0.657601377959174,NaN,NaN,NaN,NaN,NaN,NaN,-0.0942014968606484,NaN,NaN,NaN,NaN,NaN
381.5424,-0.538309431273634,0.0518049977060657,-0.489214353046735,-0.903324626010108,1.20723333766327,1.20723333766105,NaN,-0.147537452453895,-0.538420404091689,0.867725776926954,-0.19350337528935,0.867725776927622,NaN,NaN,NaN,NaN,NaN,-1.53176633890788,NaN,NaN,NaN,NaN,NaN,NaN,NaN,NaN,NaN,NaN,NaN,-0.373194141630856,-0.801706571280339,0.115977628785512,-1.17522551099654,1.12886005015403,-1.06890664439862,0.920489704046434,0.641180099592204,0.678259151109892,0.678259151109207,NaN,NaN,NaN,NaN,NaN,NaN,-0.0831133703877635,NaN,NaN,NaN,NaN,NaN
381.6448,-0.55423507188174,0.0736225773597813,-0.492964615368683,-0.905432067258566,1.19965024977744,1.19965024977524,NaN,-0.155658405279211,-0.545696568463395,0.850866093018704,-0.17933448597675,0.850866093019365,NaN,NaN,NaN,NaN,NaN,-1.55329339355572,NaN,NaN,NaN,NaN,NaN,NaN,NaN,NaN,NaN,NaN,NaN,-0.377302171150729,-0.828243586718542,0.136950522157085,-1.18804900495523,1.1459766661055,-1.07017562903734,0.955141020672556,0.632772081274958,0.698914937789894,0.698914937789201,NaN,NaN,NaN,NaN,NaN,NaN,-0.0719672013205917,NaN,NaN,NaN,NaN,NaN
381.7472,-0.570980330509445,0.0955928359160902,-0.49742073194072,-0.9061227582494,1.1913653039242,1.19136530392201,NaN,-0.163706231166639,-0.551488871708627,0.83398719112177,-0.166104271227432,0.833987191122423,NaN,NaN,NaN,NaN,NaN,-1.57255477935558,NaN,NaN,NaN,NaN,NaN,NaN,NaN,NaN,NaN,NaN,NaN,-0.38109701900237,-0.852850557706165,0.156809862781189,-1.19931308080825,1.1633595056176,-1.07148275903285,0.990305786544233,0.624971205584751,0.71952776823036,0.719527768229664,NaN,NaN,NaN,NaN,NaN,NaN,-0.0607773374411962,NaN,NaN,NaN,NaN,NaN
381.8496,-0.588532071770713,0.117668163971424,-0.50259526415879,-0.905423281854824,1.18242710220398,1.1824271022018,NaN,-0.17163792298593,-0.555788186623749,0.817148030933125,-0.153822889870253,0.817148030933771,NaN,NaN,NaN,NaN,NaN,-1.58957866773353,NaN,NaN,NaN,NaN,NaN,NaN,NaN,NaN,NaN,NaN,NaN,-0.384592284544283,-0.875500598182232,0.175524519137037,-1.20901978759602,1.18101848418478,-1.0728556007715,1.02596690590531,0.617772179877153,0.740057215817269,0.740057215816569,NaN,NaN,NaN,NaN,NaN,NaN,-0.0495577722736518,NaN,NaN,NaN,NaN,NaN
381.952,-0.606874615139811,0.139800554106804,-0.508498541322244,-0.903362961210438,1.17288533394716,1.17288533394499,NaN,-0.179409753447128,-0.558588974487931,0.800406988063458,-0.14249895873077,0.800406988064101,NaN,NaN,NaN,NaN,NaN,-1.6044008772834,NaN,NaN,NaN,NaN,NaN,NaN,NaN,NaN,NaN,NaN,NaN,-0.387802522992101,-0.896175092653329,0.193069339804129,-1.2171760176844,1.19896139154265,-1.07431999251114,1.06210515518894,0.61116802580764,0.760463580366798,0.760463580366088,NaN,NaN,NaN,NaN,NaN,NaN,-0.0383220827157058,NaN,NaN,NaN,NaN,NaN
382.0544,-0.625989765006391,0.161941896495147,-0.515138533214431,-0.899973775621144,1.16279046925473,1.16279046925257,NaN,-0.186977564592828,-0.559889147689961,0.783821358077084,-0.13213948873257,0.78382135807772,NaN,NaN,NaN,NaN,NaN,-1.61706441534386,NaN,NaN,NaN,NaN,NaN,NaN,NaN,NaN,NaN,NaN,NaN,-0.390743086194775,-0.914863412658005,0.209424978991356,-1.22379329423994,1.21719379764785,-1.07589992990457,1.09869914160711,0.605150140768551,0.780708057971478,0.78070805797076,NaN,NaN,NaN,NaN,NaN,NaN,-0.0270833829941544,NaN,NaN,NaN,NaN,NaN
382.1568,-0.645856868348542,0.184044282902414,-0.522520744750334,-0.895290287157703,1.15219345685559,1.15219345685345,NaN,-0.194297088687539,-0.55968989741375,0.767446871967265,-0.122749805445842,0.767446871967896,NaN,NaN,NaN,NaN,NaN,-1.62761893986251,NaN,NaN,NaN,NaN,NaN,NaN,NaN,NaN,NaN,NaN,NaN,-0.39342995880539,-0.931562587325542,0.224577689797805,-1.22888753041595,1.23571894017713,-1.07761743550577,1.13572524461802,0.599708342896208,0.800752892038462,0.800752892037735,NaN,NaN,NaN,NaN,NaN,NaN,-0.0158542956698781,NaN,NaN,NaN,NaN,NaN
382.2592,-0.666452901834694,0.20606031244537,-0.530648137937593,-0.889349578551139,1.14114542463262,1.1411454246305,NaN,-0.201324306908692,-0.557995502293383,0.751337228355491,-0.114333459020785,0.751337228356117,NaN,NaN,NaN,NaN,NaN,-1.63612013712578,NaN,NaN,NaN,NaN,NaN,NaN,NaN,NaN,NaN,NaN,NaN,-0.395879591300644,-0.946276932796779,0.238519087664528,-1.23247876454495,1.25453760128384,-1.07949241720242,1.17315754988243,0.594830903722744,0.820561497001657,0.820561497000921,NaN,NaN,NaN,NaN,NaN,NaN,-0.00464693283373016,NaN,NaN,NaN,NaN,NaN
382.3616,-0.687752585252422,0.2279433941162,-0.539521080811747,-0.882191197403363,1.12969738056482,1.12969738056271,NaN,-0.208015832451071,-0.554813131886112,0.735543645556678,-0.106892130440145,0.735543645557304,NaN,NaN,NaN,NaN,NaN,-1.64262902166007,NaN,NaN,NaN,NaN,NaN,NaN,NaN,NaN,NaN,NaN,NaN,-0.398108733192404,-0.959017650573081,0.251245889276968,-1.23459088030484,1.27364798316294,-1.08154252185722,1.21096778732307,0.590504571324116,0.840098552397687,0.840098552396943,NaN,NaN,NaN,NaN,NaN,NaN,0.00652712093173706,NaN,NaN,NaN,NaN,NaN
382.464,-0.70972851154214,0.249648036113556,-0.549137319281003,-0.873857099843353,1.11789991055854,1.11789991055644,NaN,-0.21432929088963,-0.550152657625767,0.720114439112199,-0.100425539810974,0.72011443911282,NaN,NaN,NaN,NaN,NaN,-1.64721117896679,NaN,NaN,NaN,NaN,NaN,NaN,NaN,NaN,NaN,NaN,NaN,-0.400134269446384,-0.969802406810764,0.262759633304871,-1.23525132240028,1.29304559013865,-1.08378298972178,1.24912528198814,0.58671459418489,0.85933007063136,0.859330070630608,NaN,NaN,NaN,NaN,NaN,NaN,0.0176568241521346,NaN,NaN,NaN,NaN,NaN
382.5664,-0.732351273652667,0.271130107061908,-0.559491960781299,-0.864391590256852,1.10580286999616,1.10580286999407,NaN,-0.220223673597685,-0.544026489768551,0.705094632664021,-0.0949313610948746,0.705094632664643,NaN,NaN,NaN,NaN,NaN,-1.64993598866245,NaN,NaN,NaN,NaN,NaN,NaN,NaN,NaN,NaN,NaN,NaN,-0.401973060155388,-0.978654903504478,0.273066390496052,-1.23449081477125,1.31272312128374,-1.08622651532886,1.28759691834252,0.58344475964878,0.878223440788695,0.878223440787939,NaN,NaN,NaN,NaN,NaN,NaN,0.0287316853377858,NaN,NaN,NaN,NaN,NaN
382.6688,-0.755589566919129,0.292347061551227,-0.570577453301698,-0.853841257035117,1.09345506888184,1.09345506887977,NaN,-0.225659658244604,-0.53644946028029,0.690525604339926,-0.0904051456367206,0.690525604340548,NaN,NaN,NaN,NaN,NaN,-1.65087587128708,NaN,NaN,NaN,NaN,NaN,NaN,NaN,NaN,NaN,NaN,NaN,-0.403641781697142,-0.985604449110139,0.282176471249195,-1.23234308169348,1.33267037243454,-1.08888311928123,1.32634710945035,0.580677453668886,0.896747445306545,0.896747445305785,NaN,NaN,NaN,NaN,NaN,NaN,0.0397417540332381,NaN,NaN,NaN,NaN,NaN
382.7712,-0.779410261868158,0.313258138217035,-0.582383550545312,-0.842254905967768,1.08090395186351,1.08090395186145,NaN,-0.230599904116761,-0.527438760885186,0.676444763494549,-0.0868402523459099,0.67644476349517,NaN,NaN,NaN,NaN,NaN,-1.65010558422251,NaN,NaN,NaN,NaN,NaN,NaN,NaN,NaN,NaN,NaN,NaN,-0.405156770381813,-0.990685532434123,0.290104136774426,-1.22884456892563,1.35287414318467,-1.09176003086119,1.36533776175764,0.578393739646894,0.914872243089528,0.914872243088772,NaN,NaN,NaN,NaN,NaN,NaN,0.050677596107261,NaN,NaN,NaN,NaN,NaN
382.8736,-0.803778459629473,0.333824542737088,-0.594897268371395,-0.829683493729667,1.06819527776766,1.06819527776562,NaN,-0.235009322744662,-0.517013929804984,0.662885256080533,-0.0842277787344165,0.66288525608115,NaN,NaN,NaN,NaN,NaN,-1.64770156108313,NaN,NaN,NaN,NaN,NaN,NaN,NaN,NaN,NaN,NaN,NaN,-0.40653387677311,-0.993937407431014,0.296867319860197,-1.22403416862856,1.37331814425732,-1.09486157707841,1.40452823176192,0.576573452223344,0.932569319048956,0.9325693190482,NaN,NaN,NaN,NaN,NaN,NaN,0.0615302609227105,NaN,NaN,NaN,NaN,NaN
382.976,-0.828657542684711,0.354009616604321,-0.608102844281608,-0.816180060237881,1.05537281339233,1.05537281339029,NaN,-0.238855310490142,-0.505196868522328,0.649875708561312,-0.0825564919192919,0.649875708561924,NaN,NaN,NaN,NaN,NaN,-1.6437412737577,NaN,NaN,NaN,NaN,NaN,NaN,NaN,NaN,NaN,NaN,NaN,-0.407788342078284,-0.995403704020244,0.302487363396518,-1.21795296113015,1.39398290123205,-1.09818907510288,1.44387527023756,0.575195303890943,0.9498114096144,0.949811409613645,NaN,NaN,NaN,NaN,NaN,NaN,0.0722912481848482,NaN,NaN,NaN,NaN,NaN
383.0784,-0.854009224573781,0.373778983866982,-0.621981707552708,-0.801799653446317,1.04247806026693,1.04247806026491,NaN,-0.242107933128294,-0.492011864856416,0.637440024461004,-0.0818127690642339,0.637440024461608,NaN,NaN,NaN,NaN,NaN,-1.63830261061434,NaN,NaN,NaN,NaN,NaN,NaN,NaN,NaN,NaN,NaN,NaN,-0.408934698661464,-0.995132072790859,0.306988778439817,-1.21064398408629,1.41484565458525,-1.10174073328393,1.48333294672604,0.574237000641847,0.966572415058413,0.966572415057658,NaN,NaN,NaN,NaN,NaN,NaN,0.0829524770248119,NaN,NaN,NaN,NaN,NaN
383.1808,-0.879793598366685,0.393100671440237,-0.636512462155019,-0.78659924237224,1.02955002131832,1.02955002131632,NaN,-0.244740068581006,-0.477485604724995,0.62559723856275,-0.0819805598544372,0.625597238563349,NaN,NaN,NaN,NaN,NaN,-1.6314632861761,NaN,NaN,NaN,NaN,NaN,NaN,NaN,NaN,NaN,NaN,NaN,-0.409986684777678,-0.993173853412327,0.310399012166936,-1.20215202656135,1.4358802652405,-1.10551157372046,1.52285255589162,0.57367535876896,0.982827305909336,0.982827305908585,NaN,NaN,NaN,NaN,NaN,NaN,0.0935062589495967,NaN,NaN,NaN,NaN,NaN
383.2832,-0.90596918773265,0.411945203976469,-0.651670885612098,-0.770637620786924,1.01662500116178,1.0166250011598,NaN,-0.24672752070951,-0.46164716873576,0.614361423967853,-0.083041378518223,0.614361423968444,NaN,NaN,NaN,NaN,NaN,-1.62330029853315,NaN,NaN,NaN,NaN,NaN,NaN,NaN,NaN,NaN,NaN,NaN,-0.410957164668244,-0.989583753308289,0.31274821711933,-1.19252343844902,1.45705714097127,-1.1094933878797,1.56238252245129,0.573486417136233,0.998552029755021,0.998552029754275,NaN,NaN,NaN,NaN,NaN,NaN,0.1039452804449,NaN,NaN,NaN,NaN,NaN
383.3856,-0.932493009356995,0.430285674834936,-0.667429951384708,-0.753975305499442,1.00373643241136,1.00373643240939,NaN,-0.248049109767747,-0.444528017169267,0.603741648767819,-0.0849743264595209,0.603741648768404,NaN,NaN,NaN,NaN,NaN,-1.61388943294367,NaN,NaN,NaN,NaN,NaN,NaN,NaN,NaN,NaN,NaN,NaN,-0.411858053621055,-0.984419534660982,0.314069022907813,-1.18180595019449,1.47834319403847,-1.11367472753708,1.60186832361517,0.573645546387232,1.01372342470475,1.01372342470401,NaN,NaN,NaN,NaN,NaN,NaN,0.114262600052915,NaN,NaN,NaN,NaN,NaN
383.488,-0.959320651857882,0.44809779570517,-0.683759878373176,-0.736674430414824,0.990914725648396,0.990914725646445,NaN,-0.248686739073735,-0.42616196685211,0.593741983675451,-0.0877561386779634,0.59374198367603,NaN,NaN,NaN,NaN,NaN,-1.60330480078706,NaN,NaN,NaN,NaN,NaN,NaN,NaN,NaN,NaN,NaN,NaN,-0.412700248728898,-0.977741711348358,0.314396311703447,-1.17004850350156,1.49970182674598,-1.11804092400594,1.64125243172281,0.574127557688631,1.02831914411339,1.02831914411266,NaN,NaN,NaN,NaN,NaN,NaN,0.124451655847588,NaN,NaN,NaN,NaN,NaN
383.5904,-0.986406362326306,0.465359930215605,-0.700628196201184,-0.718798635952965,0.978187142908865,0.978187142906931,NaN,-0.248625440930933,-0.406585166837328,0.584361553183443,-0.0913612390430523,0.584361553184018,NaN,NaN,NaN,NaN,NaN,-1.59161841453305,NaN,NaN,NaN,NaN,NaN,NaN,NaN,NaN,NaN,NaN,NaN,-0.413493561388048,-0.969613250942717,0.313766991720458,-1.15730109362984,1.52109292940684,-1.12257412274481,1.68047426197594,0.57490680905944,1.04231759376762,1.04231759376689,NaN,NaN,NaN,NaN,NaN,NaN,0.134506273555588,NaN,NaN,NaN,NaN,NaN
383.6928,-1.0137031234157,0.482053116153137,-0.717999807450732,-0.700412953004686,0.965577692771143,0.965577692769225,NaN,-0.247853407859315,-0.385836079982635,0.575594609353165,-0.0957617903896182,0.575594609353732,NaN,NaN,NaN,NaN,NaN,-1.57889981097798,NaN,NaN,NaN,NaN,NaN,NaN,NaN,NaN,NaN,NaN,NaN,-0.414246648421939,-0.960099275063301,0.312219762658874,-1.14361462115374,1.54247287779533,-1.12725332101932,1.71947011484644,0.575957305917555,1.0556978789047,1.05569787890399,NaN,NaN,NaN,NaN,NaN,NaN,0.144420669703809,NaN,NaN,NaN,NaN,NaN
383.7952,-1.04116271543106,0.498161080218619,-0.735837039447249,-0.681583679138433,0.953107045480415,0.953107045478513,NaN,-0.246362010180138,-0.363955464619195,0.567430612091212,-0.100927739925952,0.567430612091772,NaN,NaN,NaN,NaN,NaN,-1.56521573201842,NaN,NaN,NaN,NaN,NaN,NaN,NaN,NaN,NaN,NaN,NaN,-0.414966945933129,-0.949266756794427,0.309794873716848,-1.12904075008227,1.56379453486711,-1.1320544071959,1.7581731253022,0.577252793125568,1.06843975898372,1.06843975898302,NaN,NaN,NaN,NaN,NaN,NaN,0.154189450485082,NaN,NaN,NaN,NaN,NaN
383.8976,-1.06873577381733,0.513670252249471,-0.754099691911114,-0.662378241549543,0.9407924725103,0.940792472508415,NaN,-0.244145796485029,-0.340986340162253,0.559854316066521,-0.106826876049224,0.55985431606707,NaN,NaN,NaN,NaN,NaN,-1.55062986736604,NaN,NaN,NaN,NaN,NaN,NaN,NaN,NaN,NaN,NaN,NaN,-0.4156606136326,-0.937184220036575,0.306533880156676,-1.11363177143921,1.58500727360648,-1.13695021326489,1.7965132386469,0.578766834883706,1.08052361378356,1.08052361378287,NaN,NaN,NaN,NaN,NaN,NaN,0.163807608658788,NaN,NaN,NaN,NaN,NaN
384,-1.09637185300065,0.528569783341168,-0.772745088644947,-0.642865039738699,0.928647819743943,0.928647819742075,NaN,-0.241202476390089,-0.316973926398933,0.552845869822119,-0.113424912198223,0.552845869822655,NaN,NaN,NaN,NaN,NaN,-1.53520266097065,NaN,NaN,NaN,NaN,NaN,NaN,NaN,NaN,NaN,NaN,NaN,-0.416332493727817,-0.923921449223151,0.302479406836536,-1.09744047371909,1.60605703090599,-1.14191059323744,1.83441721652667,0.58047287928384,1.09193042819489,1.09193042819422,NaN,NaN,NaN,NaN,NaN,NaN,0.173270520767245,NaN,NaN,NaN,NaN,NaN
384.1024,-1.12401949841612,0.542851562240257,-0.791728137990818,-0.62311326602476,0.916683518839681,0.916683518837827,NaN,-0.237532886241947,-0.291965554368493,0.546380929941354,-0.120685599762467,0.546380929941871,NaN,NaN,NaN,NaN,NaN,-1.51899117218179,NaN,NaN,NaN,NaN,NaN,NaN,NaN,NaN,NaN,NaN,NaN,-0.416986086327512,-0.909549219518077,0.297674928569237,-1.08052002226525,1.62688638983477,-1.14690253046295,1.87180866326027,0.582344306303276,1.1026418025871,1.10264180258644,NaN,NaN,NaN,NaN,NaN,NaN,0.182573949030386,NaN,NaN,NaN,NaN,NaN
384.2048,-1.15162632171097,0.556510219375527,-0.811001402869576,-0.603192709974056,0.904906631897538,0.904906631895698,NaN,-0.233140933111693,-0.266010545567001,0.540430796690671,-0.12857086210487,0.540430796691172,NaN,NaN,NaN,NaN,NaN,-1.50204897074626,NaN,NaN,NaN,NaN,NaN,NaN,NaN,NaN,NaN,NaN,NaN,-0.417623546527834,-0.894139056890346,0.292164574476232,-1.06292385250299,1.6474346842556,-1.15189026891621,1.90860806650284,0.584354458787056,1.11263999558025,1.11263999557961,NaN,NaN,NaN,NaN,NaN,NaN,0.191714053112855,NaN,NaN,NaN,NaN,NaN
384.3072,-1.17913907311092,0.569543111811136,-0.830515178182596,-0.583173555342242,0.893320919987099,0.893320919985273,NaN,-0.228033514267966,-0.239160057422826,0.534962584243772,-0.137040940732991,0.534962584244249,NaN,NaN,NaN,NaN,NaN,-1.48442604579083,NaN,NaN,NaN,NaN,NaN,NaN,NaN,NaN,NaN,NaN,NaN,-0.418245706793545,-0.877763029208617,0.285992952969535,-1.04470558407988,1.66763812258995,-1.15683546243644,1.94473285377154,0.586476656914415,1.12190800491051,1.12190800490988,NaN,NaN,NaN,NaN,NaN,NaN,0.200687411425215,NaN,NaN,NaN,NaN,NaN
384.4096,-1.20650371284785,0.581950287841902,-0.850217578074217,-0.56312617669793,0.881926926830726,0.881926926828914,NaN,-0.222220423018225,-0.211466904305214,0.529939434673042,-0.146054548565931,0.529939434673498,NaN,NaN,NaN,NaN,NaN,-1.46616871970526,NaN,NaN,NaN,NaN,NaN,NaN,NaN,NaN,NaN,NaN,NaN,-0.41885211906409,-0.860493555063378,0.279204983212006,-1.02591895503635,1.68742993052361,-1.16169733827102,1.98009746944399,0.588684197692058,1.13042968318139,1.13042968318077,NaN,NaN,NaN,NaN,NaN,NaN,0.209491043510743,NaN,NaN,NaN,NaN,NaN
384.512,-1.23366549465663,0.593734433742211,-0.870054644210414,-0.543120941876952,0.87072207255382,0.870722072552021,NaN,-0.215714255209239,-0.182985370427082,0.525320772957178,-0.155569032705173,0.525320772957611,NaN,NaN,NaN,NaN,NaN,-1.44731956843517,NaN,NaN,NaN,NaN,NaN,NaN,NaN,NaN,NaN,NaN,NaN,-0.419441107181656,-0.842403211270805,0.271845719465718,-1.0066177645776,1.70674051557587,-1.16643287237377,2.01461348198001,0.590950340880271,1.1381898734797,1.1381898734791,NaN,NaN,NaN,NaN,NaN,NaN,0.218122423986935,NaN,NaN,NaN,NaN,NaN
384.6144,-1.26056907642203,0.604900806078054,-0.889970487744171,-0.523228020445595,0.859700761697175,0.859700761695389,NaN,-0.208530310387349,-0.153771022300148,0.521062601689601,-0.165540555144009,0.521062601690018,NaN,NaN,NaN,NaN,NaN,-1.42791735428613,NaN,NaN,NaN,NaN,NaN,NaN,NaN,NaN,NaN,NaN,NaN,-0.420009829092642,-0.823564533232249,0.263960166533534,-0.986855817355289,1.72549765841763,-1.17099697276417,2.04818973687492,0.593248285788651,1.14517454880049,1.1451745487999,NaN,NaN,NaN,NaN,NaN,NaN,0.22657948521453,NaN,NaN,NaN,NaN,NaN
384.7168,-1.28715866662401,0.615457149875027,-0.909907473112079,-0.503517188059623,0.848854519125551,0.84885451912378,NaN,-0.200686461702198,-0.123880514574059,0.517117849671208,-0.175924298343058,0.517117849671608,NaN,NaN,NaN,NaN,NaN,-1.40799697458408,NaN,NaN,NaN,NaN,NaN,NaN,NaN,NaN,NaN,NaN,NaN,-0.420554357001346,-0.804049819697948,0.255593095460563,-0.96668687477965,1.74362673364369,-1.17534266686882,2.08073256674924,0.595551148647431,1.15137095193513,1.15137095193455,NaN,NaN,NaN,NaN,NaN,NaN,0.234860612229155,NaN,NaN,NaN,NaN,NaN
384.8192,-1.31337820723735,0.625413602296913,-0.929806444474603,-0.484057616107546,0.838172161932519,0.838172161930762,NaN,-0.192202977307881,-0.0933713782929681,0.513436788393436,-0.186674696461945,0.513436788393812,NaN,NaN,NaN,NaN,NaN,-1.38758942879915,NaN,NaN,NaN,NaN,NaN,NaN,NaN,NaN,NaN,NaN,NaN,-0.421069776860521,-0.783930950688869,0.246788866460688,-0.946164617520848,1.76105095903555,-1.17942129219897,2.11214605741982,0.597831947241999,1.15676774587416,1.1567677458736,NaN,NaN,NaN,NaN,NaN,NaN,0.242964636392228,NaN,NaN,NaN,NaN,NaN
384.9216,-1.33917158479714,0.634782586578177,-0.949606984337944,-0.464917645761735,0.827640000713473,0.82764000071173,NaN,-0.183102301496074,-0.0623017850433561,0.509967506238794,-0.197745687552137,0.509967506239149,NaN,NaN,NaN,NaN,NaN,-1.36672181423286,NaN,NaN,NaN,NaN,NaN,NaN,NaN,NaN,NaN,NaN,NaN,-0.421550295468664,-0.7632792115761,0.237591256186618,-0.92534261178182,1.77769167115392,-1.18318269388321,2.14233236048132,0.600063590752353,1.16135518315116,1.16135518315061,NaN,NaN,NaN,NaN,NaN,NaN,0.250890835810446,NaN,NaN,NaN,NaN,NaN
385.024,-1.36448285364799,0.643578703120826,-0.969247685367418,-0.446164548838755,0.817242062324475,0.817242062322745,NaN,-0.173408815068791,-0.0307302891550052,0.506656411799593,-0.209090978532258,0.506656411799927,NaN,NaN,NaN,NaN,NaN,-1.34541736466288,NaN,NaN,NaN,NaN,NaN,NaN,NaN,NaN,NaN,NaN,NaN,-0.421989343954849,-0.742165115665889,0.228043286180786,-0.904274271254293,1.79346862519701,-1.18657543213327,2.17119204374389,0.602218874073994,1.16512528656489,1.16512528656435,NaN,NaN,NaN,NaN,NaN,NaN,0.258638947967223,NaN,NaN,NaN,NaN,NaN
385.1264,-1.38925645600696,0.651818619651096,-0.988666419639918,-0.427864272431239,0.806960335890149,0.806960335888436,NaN,-0.163148588628953,0.00128444352575288,0.503448742873105,-0.22066431331368,0.503448742873422,NaN,NaN,NaN,NaN,NaN,-1.32369554089568,NaN,NaN,NaN,NaN,NaN,NaN,NaN,NaN,NaN,NaN,NaN,-0.422379676771876,-0.720658228334195,0.218187055951209,-0.883012814648377,1.80830031849578,-1.18954700041564,2.19862447711906,0.604270485919466,1.16807202065136,1.16807202065084,NaN,NaN,NaN,NaN,NaN,NaN,0.266209191098274,NaN,NaN,NaN,NaN,NaN
385.2288,-1.41343743317299,0.659520956322479,-1.00780060207141,-0.41008116367402,0.796775045809776,0.796775045808079,NaN,-0.152349136691346,0.0336839134957694,0.500289068931734,-0.232419734974928,0.50028906893204,NaN,NaN,NaN,NaN,NaN,-1.30157217633996,NaN,NaN,NaN,NaN,NaN,NaN,NaN,NaN,NaN,NaN,NaN,-0.422713469377216,-0.698826994438687,0.208063582668108,-0.861611218671662,1.82210434018042,-1.19204405546024,2.22452825777758,0.606191042076566,1.17019143359223,1.17019143359171,NaN,NaN,NaN,NaN,NaN,NaN,0.273602283761591,NaN,NaN,NaN,NaN,NaN
385.3312,-1.43697163169377,0.666706159846933,-1.02658745480513,-0.392877677007002,0.786664951260095,0.786664951258413,NaN,-0.141039177893862,0.0664100684444519,0.497121775818966,-0.244311836353891,0.497121775819262,NaN,NaN,NaN,NaN,NaN,-1.27905967771727,NaN,NaN,NaN,NaN,NaN,NaN,NaN,NaN,NaN,NaN,NaN,-0.422982415867565,-0.676738562690682,0.197712644456695,-0.840122160409275,1.83479774929846,-1.19401265989312,2.24880167833949,0.607953148303377,1.17148175835748,1.17148175835696,NaN,NaN,NaN,NaN,NaN,NaN,0.280819454235444,NaN,NaN,NaN,NaN,NaN
385.4336,-1.45980591090248,0.673396363214879,-1.04496428053237,-0.376314069088303,0.776607671635282,0.776607671633615,NaN,-0.12924840166461,0.099405580667539,0.49389152071541,-0.256295998692481,0.493891520715699,NaN,NaN,NaN,NaN,NaN,-1.2561672764906,NaN,NaN,NaN,NaN,NaN,NaN,NaN,NaN,NaN,NaN,NaN,-0.423177827238462,-0.654458602989002,0.187172626854193,-0.81859794302136,1.84629747811631,-1.19539853376448,2.27134323631005,0.609529493618667,1.17194347260772,1.17194347260721,NaN,NaN,NaN,NaN,NaN,NaN,0.287862439001565,NaN,NaN,NaN,NaN,NaN
385.536,-1.48188835803833,0.67961523112648,-1.06286875064438,-0.360448084792898,0.766580040257573,0.766580040255921,NaN,-0.117007239177067,0.132614112326305,0.490543653078072,-0.268328620681005,0.490543653078355,NaN,NaN,NaN,NaN,NaN,-1.23290132491981,NaN,NaN,NaN,NaN,NaN,NaN,NaN,NaN,NaN,NaN,NaN,-0.423290730119385,-0.632051119007923,0.176480376263349,-0.797090402790193,1.85652075399739,-1.19614730788317,2.29205218052815,0.610892975192305,1.17157932316759,1.17157932316708,NaN,NaN,NaN,NaN,NaN,NaN,0.294733475530488,NaN,NaN,NaN,NaN,NaN
385.6384,-1.5031685165516,0.685387792846503,-1.0802392126852,-0.345334636281281,0.756558489079522,0.756558489077884,NaN,-0.104346640931269,0.165980561920859,0.487024606224405,-0.280367339437407,0.487024606224687,NaN,NaN,NaN,NaN,NaN,-1.20926563675178,NaN,NaN,NaN,NaN,NaN,NaN,NaN,NaN,NaN,NaN,NaN,-0.423311963174192,-0.609578257109622,0.165671061782606,-0.77565079722115,1.86538553833718,-1.19620477677986,2.31082909441102,0.612016854713951,1.1703943203125,1.17039432031199,NaN,NaN,NaN,NaN,NaN,NaN,0.30143529661964,NaN,NaN,NaN,NaN,NaN
385.7408,-1.52359762720908,0.690740265476661,-1.09701501515405,-0.331025476828302,0.746519462816112,0.746519462814489,NaN,-0.0912978673425456,0.199451286663625,0.48328226527729,-0.292371242376304,0.48328226527756,NaN,NaN,NaN,NaN,NaN,-1.18526187647783,NaN,NaN,NaN,NaN,NaN,NaN,NaN,NaN,NaN,NaN,NaN,-0.423232268110697,-0.587100110653438,0.154778043399674,-0.75432967569748,1.87281098810217,-1.19551715772109,2.32757651889835,0.61287494401455,1.16839570686279,1.16839570686227,NaN,NaN,NaN,NaN,NaN,NaN,0.307971132734335,NaN,NaN,NaN,NaN,NaN
385.8432,-1.54312887228225,0.695699874247206,-1.1131368368418,-0.317568872624225,0.736439852778405,0.736439852776796,NaN,-0.0778922938047363,0.232974297105986,0.479266313428225,-0.304301065527529,0.479266313428491,NaN,NaN,NaN,NaN,NaN,-1.1608899915763,NaN,NaN,NaN,NaN,NaN,NaN,NaN,NaN,NaN,NaN,NaN,-0.423042376446117,-0.5646745263787,0.143832748807781,-0.733176740507908,1.87871794195666,-1.1940313625154,2.34219960997715,0.613441816261116,1.16559291322245,1.16559291322193,NaN,NaN,NaN,NaN,NaN,NaN,0.314344726157568,NaN,NaN,NaN,NaN,NaN
385.9456,-1.5617176099908,0.70029467795552,-1.12854700409505,-0.305009278781025,0.726297436038381,0.726297436036786,NaN,-0.0641612218056138,0.266499426819788,0.474928557919492,-0.316119372944733,0.474928557919751,NaN,NaN,NaN,NaN,NaN,-1.13614866751986,NaN,NaN,NaN,NaN,NaN,NaN,NaN,NaN,NaN,NaN,NaN,-0.422733096854017,-0.542356931488926,0.132864569574401,-0.712240713324549,1.88302941894408,-1.1916952804625,2.35460680747555,0.613693035597627,1.16199751396655,1.16199751396602,NaN,NaN,NaN,NaN,NaN,NaN,0.320560356951484,NaN,NaN,NaN,NaN,NaN
386.048,-1.57932159040501,0.704553402268936,-1.14318978612961,-0.293387028235707,0.71607130835113,0.716071308349546,NaN,-0.0501356857846393,0.299978485064769,0.470223238709153,-0.327790715154653,0.470223238709404,NaN,NaN,NaN,NaN,NaN,-1.1110357807079,NaN,NaN,NaN,NaN,NaN,NaN,NaN,NaN,NaN,NaN,NaN,-0.422295404766711,-0.520200199813079,0.121900787668698,-0.691569221362974,1.88567110711005,-1.18845806421607,2.36471047842486,0.613605392793833,1.15762319453256,1.15762319453202,NaN,NaN,NaN,NaN,NaN,NaN,0.326622876354744,NaN,NaN,NaN,NaN,NaN
386.1504,-1.59590114812711,0.708505277693218,-1.15701166559326,-0.282738045910802,0.705742298246685,0.705742298245111,NaN,-0.0358462557977974,0.333365393864294,0.465107320810944,-0.339281766320698,0.465107320811187,NaN,NaN,NaN,NaN,NaN,-1.0855488271921,NaN,NaN,NaN,NaN,NaN,NaN,NaN,NaN,NaN,NaN,NaN,-0.421720528791393,-0.498254558579382,0.110966531934015,-0.671208706442904,1.88657182012095,-1.18427040950126,2.3724275008574,0.613157132890509,1.15248572341703,1.15248572341648,NaN,NaN,NaN,NaN,NaN,NaN,0.332537737579177,NaN,NaN,NaN,NaN,NaN
386.2528,-1.61141936881988,0.712179880103582,-1.16996158267578,-0.273093603302055,0.695293343203809,0.695293343202248,NaN,-0.0213228467643346,0.366616297493165,0.459540768693151,-0.350561437721933,0.45954076869338,NaN,NaN,NaN,NaN,NaN,-1.05968530880685,NaN,NaN,NaN,NaN,NaN,NaN,NaN,NaN,NaN,NaN,NaN,-0.421000026791291,-0.476567521647376,0.100084753724137,-0.651204349493012,1.88566390875003,-1.1790848222418,2.37767976904275,0.612328167094185,1.14660291938069,1.14660291938014,NaN,NaN,NaN,NaN,NaN,NaN,0.338311010147688,NaN,NaN,NaN,NaN,NaN
386.3552,-1.62584222835956,0.715606975189253,-1.18199115087868,-0.264480121478312,0.684709815616749,0.684709815615197,NaN,-0.00659454576375942,0.399689629694261,0.453486803614319,-0.361600966978791,0.45348680361454,NaN,NaN,NaN,NaN,NaN,-1.03344307097309,NaN,NaN,NaN,NaN,NaN,NaN,NaN,NaN,NaN,NaN,NaN,-0.420125849626913,-0.45518383663328,0.0892762126548291,-0.631600003085825,1.88288362663001,-1.17285587264496,2.38039461951044,0.611100269825195,1.13999460819795,1.1399946081974,NaN,NaN,NaN,NaN,NaN,NaN,0.343949368499245,NaN,NaN,NaN,NaN,NaN
386.4576,-1.63913870708267,0.718816368071571,-1.19305484614848,-0.256919015185471,0.673979806189866,0.673979806188325,NaN,0.00831053742607255,0.432546133824775,0.446912149347806,-0.372373988525582,0.44691214934802,NaN,NaN,NaN,NaN,NaN,-1.00682060527938,NaN,NaN,NaN,NaN,NaN,NaN,NaN,NaN,NaN,NaN,NaN,-0.419090395983743,-0.434145445956481,0.0785594717021127,-0.612438133219345,1.87817145932181,-1.16554044095532,2.38050519058201,0.609457265108229,1.13268256901236,1.13268256901179,NaN,NaN,NaN,NaN,NaN,NaN,0.349460055266101,NaN,NaN,NaN,NaN,NaN
386.56,-1.6512808873804,0.72183775841199,-1.2031101771271,-0.250426562915091,0.663094381294992,0.66309438129346,NaN,0.0233653982662937,0.465148839303013,0.439787269249209,-0.382856591838283,0.43978726924942,NaN,NaN,NaN,NaN,NaN,-0.979817335946172,NaN,NaN,NaN,NaN,NaN,NaN,NaN,NaN,NaN,NaN,NaN,-0.417886563874598,-0.413491469470574,0.0679509054057046,-0.593759777546308,1.87147242622617,-1.15709795751088,2.37795073202976,0.607385203092395,1.12469046827616,1.12469046827558,NaN,NaN,NaN,NaN,NaN,NaN,0.354850825230583,NaN,NaN,NaN,NaN,NaN
386.6624,-1.66224404633795,0.724700602182478,-1.21211784712524,-0.245013794342468,0.652047822187441,0.652047822185922,NaN,0.0385442486418363,0.497463002555683,0.432086586497111,-0.393027369439969,0.432086586497316,NaN,NaN,NaN,NaN,NaN,-0.952433899582827,NaN,NaN,NaN,NaN,NaN,NaN,NaN,NaN,NaN,NaN,NaN,-0.41650780395011,-0.393258213801419,0.0574647245680937,-0.575604523527804,1.86273635904007,-1.14749063450693,2.37267687633008,0.604872519195022,1.11604377780154,1.11604377780095,NaN,NaN,NaN,NaN,NaN,NaN,0.360129877213137,NaN,NaN,NaN,NaN,NaN
386.7648,-1.6720067503633,0.727433981313342,-1.2200419138408,-0.240686396899201,0.640837843332357,0.64083784333085,NaN,0.0538226135419902,0.529456027050615,0.423788672487417,-0.402867453169278,0.423788672487609,NaN,NaN,NaN,NaN,NaN,-0.924672416873208,NaN,NaN,NaN,NaN,NaN,NaN,NaN,NaN,NaN,NaN,NaN,-0.414948176943659,-0.373479206438314,0.0471130183241023,-0.558010501885316,1.85191815498591,-1.13668368500192,2.36463587392893,0.601910161496416,1.10676968000051,1.10676967999991,NaN,NaN,NaN,NaN,NaN,NaN,0.365305780840895,NaN,NaN,NaN,NaN,NaN
386.8672,-1.68055094894137,0.730066480221283,-1.22684994460095,-0.237444646016035,0.629465785636249,0.629465785634754,NaN,0.0691774134692514,0.561097379808159,0.41487639455767,-0.412360535926027,0.414876394557852,NaN,NaN,NaN,NaN,NaN,-0.896536750958698,NaN,NaN,NaN,NaN,NaN,NaN,NaN,NaN,NaN,NaN,NaN,-0.41320241411774,-0.35418524857678,0.0369058116201408,-0.54101438821645,1.83897800090997,-1.1246455239382,2.35378679145681,0.598491674906774,1.09689696956061,1.09689696955999,NaN,NaN,NaN,NaN,NaN,NaN,0.370387402477921,NaN,NaN,NaN,NaN,NaN
386.9696,-1.68786206099095,0.732626067478438,-1.23251316178779,-0.235283360782805,0.617936783255613,0.617936783254131,NaN,0.0845870346339979,0.592358516612556,0.405337023409422,-0.421492876517885,0.405337023409597,NaN,NaN,NaN,NaN,NaN,-0.868032748533888,NaN,NaN,NaN,NaN,NaN,NaN,NaN,NaN,NaN,NaN,NaN,-0.411265979508367,-0.335404482275275,0.0268511354584919,-0.52465140931715,1.82388156781011,-1.11134794656844,2.34009567834278,0.594613242065643,1.08645595868573,1.0864559586851,NaN,NaN,NaN,NaN,NaN,NaN,0.375383830450228,NaN,NaN,NaN,NaN,NaN
387.072,-1.69392905208818,0.735139984145045,-1.23700657597633,-0.234191886076951,0.606259897660556,0.606259897659088,NaN,0.100031386428157,0.623212817190652,0.395162301820904,-0.430253288136816,0.395162301821075,NaN,NaN,NaN,NaN,NaN,-0.839168462830844,NaN,NaN,NaN,NaN,NaN,NaN,NaN,NaN,NaN,NaN,NaN,-0.409135134470353,-0.317162467942638,0.0169551070786526,-0.508955351798513,1.80660018411713,-1.09676628758512,2.3235357149665,0.590273692465177,1.0754783873932,1.07547838739256,NaN,NaN,NaN,NaN,NaN,NaN,0.380304297507527,NaN,NaN,NaN,NaN,NaN
387.1744,-1.69874450332754,0.737634643250119,-1.24030910515428,-0.234154103290113,0.594448203550601,0.594448203549147,NaN,0.115491939292985,0.653635522246506,0.384348472867352,-0.438633115372155,0.384348472867518,NaN,NaN,NaN,NaN,NaN,-0.809954359587049,NaN,NaN,NaN,NaN,NaN,NaN,NaN,NaN,NaN,NaN,NaN,-0.40680700239373,-0.299482263360364,0.00722201461487667,-0.493958566478801,1.78711100185386,-1.08087957425876,2.30408735395963,0.585474497131702,1.0639973386986,1.06399733869794,NaN,NaN,NaN,NaN,NaN,NaN,0.385158100447635,NaN,NaN,NaN,NaN,NaN
387.2768,-1.70230466910571,0.740135542611324,-1.24240367626014,-0.235148470667008,0.582518816583226,0.582518816581785,NaN,0.13095173908757,0.68360366551774,0.37289626614064,-0.446626206932065,0.372896266140802,NaN,NaN,NaN,NaN,NaN,-0.780403505056351,NaN,NaN,NaN,NaN,NaN,NaN,NaN,NaN,NaN,NaN,NaN,-0.404279627647067,-0.282384496233406,-0.00234559864914356,-0.479691962477215,1.76539716374083,-1.06367068510227,2.28173845586574,0.580219763382254,1.05204715948806,1.05204715948739,NaN,NaN,NaN,NaN,NaN,NaN,0.389954520042766,NaN,NaN,NaN,NaN,NaN
387.3792,-1.70460951993023,0.742667188279126,-1.24327730673399,-0.237148094142117,0.570492870224146,0.570492870222718,NaN,0.14639540310945,0.713096002368021,0.36081084606519,-0.45422888764857,0.360810846065355,NaN,NaN,NaN,NaN,NaN,-0.750531729154482,NaN,NaN,NaN,NaN,NaN,NaN,NaN,NaN,NaN,NaN,NaN,-0.40155202562497,-0.265887435330377,-0.01174684701008,-0.466184994339773,1.74144796565218,-1.045126512269,2.25648440973737,0.574516234031205,1.03966338561565,1.03966338561496,NaN,NaN,NaN,NaN,NaN,NaN,0.394702743132745,NaN,NaN,NaN,NaN,NaN
387.4816,-1.70566276915933,0.745253025706906,-1.2429211665633,-0.240120833793583,0.55839545422311,0.558395454221696,NaN,0.161809102928578,0.74209293768205,0.348101731141619,-0.461439925284568,0.348101731141782,NaN,NaN,NaN,NaN,NaN,-0.720357750813665,NaN,NaN,NaN,NaN,NaN,NaN,NaN,NaN,NaN,NaN,NaN,-0.398624225756296,-0.250007074751583,-0.0209824022444023,-0.4534656517724,1.71525900177398,-1.02523811535296,2.22832822884916,0.568373287867717,1.02688266539653,1.02688266539582,NaN,NaN,NaN,NaN,NaN,NaN,0.39941178478392,NaN,NaN,NaN,NaN,NaN
387.584,-1.70547188437658,0.747915380190106,-1.24133062068361,-0.244029453357279,0.546255516778535,0.546255516777132,NaN,0.177180533623479,0.77057644984632,0.334782690433431,-0.468260483248259,0.334782690433598,NaN,NaN,NaN,NaN,NaN,-0.689903253345581,NaN,NaN,NaN,NaN,NaN,NaN,NaN,NaN,NaN,NaN,NaN,-0.395497309107852,-0.234757239882006,-0.0300543739652755,-0.441560456193478,1.68683228472851,-1.00400085420587,2.19728062222823,0.561802940169833,1.01374267502087,1.01374267502014,NaN,NaN,NaN,NaN,NaN,NaN,0.404090408750879,NaN,NaN,NaN,NaN,NaN
387.6864,-1.70404808537846,0.75067540814319,-1.23850525280296,-0.248831815757102,0.534105726396413,0.53410572639502,NaN,0.192498871192766,0.798530009666153,0.320871617863494,-0.474694054323964,0.32087161786366,NaN,NaN,NaN,NaN,NaN,-0.659192905777918,NaN,NaN,NaN,NaN,NaN,NaN,NaN,NaN,NaN,NaN,NaN,-0.392173441894073,-0.220149715668794,-0.0389661686389287,-0.430494462447769,1.65617634037667,-0.981414494933267,2.16336004947615,0.55481984578172,1.00028202291308,1.00028202291233,NaN,NaN,NaN,NaN,NaN,NaN,0.408747047242364,NaN,NaN,NaN,NaN,NaN
387.7888,-1.70140633293751,0.753553055792276,-1.23444887645392,-0.254481122294658,0.521982294127645,0.521982294126263,NaN,0.207754726917255,0.825938504619717,0.306390381802086,-0.480746377355205,0.306390381802246,NaN,NaN,NaN,NaN,NaN,-0.62825433377663,NaN,NaN,NaN,NaN,NaN,NaN,NaN,NaN,NaN,NaN,NaN,-0.388655909377157,-0.20619439657129,-0.0477223277189583,-0.420291265280173,1.62330627747402,-0.95748328871985,2.12659275974079,0.547441302948282,0.986540142164001,0.986540142163237,NaN,NaN,NaN,NaN,NaN,NaN,0.41338971935164,NaN,NaN,NaN,NaN,NaN
387.8912,-1.69756531491616,0.756567023814557,-1.22916954035957,-0.260926192213901,0.509924760686923,0.50992476068555,NaN,0.222940104911504,0.852788184806108,0.2913646405472,-0.48642534127503,0.291364640547356,NaN,NaN,NaN,NaN,NaN,-0.597118048408179,NaN,NaN,NaN,NaN,NaN,NaN,NaN,NaN,NaN,NaN,NaN,-0.384949155613902,-0.192899453437796,-0.0563283491820503,-0.410973009086865,1.58824382805023,-0.932216023083422,2.0870128066073,0.539687246208614,0.972557169284705,0.972557169283923,NaN,NaN,NaN,NaN,NaN,NaN,0.418025945082575,NaN,NaN,NaN,NaN,NaN
387.9936,-1.69254743838383,0.759734747543436,-1.22267953133239,-0.268111780477899,0.49797575081377,0.497975750812405,NaN,0.238048358799909,0.879066644462688,0.275823606860924,-0.491740879213858,0.275823606861077,NaN,NaN,NaN,NaN,NaN,-0.565817342695228,NaN,NaN,NaN,NaN,NaN,NaN,NaN,NaN,NaN,NaN,NaN,-0.381058833727067,-0.180271508999183,-0.0647904978601806,-0.402560395143731,1.55101735310644,-0.905626042070515,2.04466203224036,0.531580213862787,0.958373810198971,0.958373810198171,NaN,NaN,NaN,NaN,NaN,NaN,0.422662655042861,NaN,NaN,NaN,NaN,NaN
388.096,-1.68637883499222,0.76307240677362,-1.21499537424956,-0.27597893272304,0.48618069574246,0.486180695741104,NaN,0.253074142784287,0.904762847122577,0.259799757297128,-0.496704853762769,0.259799757297276,NaN,NaN,NaN,NaN,NaN,-0.534388158204415,NaN,NaN,NaN,NaN,NaN,NaN,NaN,NaN,NaN,NaN,NaN,-0.376991872133602,-0.168315821460259,-0.0731156036386551,-0.395072684020529,1.5116618108869,-0.877731230243976,1.99959002207573,0.523145287252856,0.94403120020803,0.944031200207213,NaN,NaN,NaN,NaN,NaN,NaN,0.427306098780162,NaN,NaN,NaN,NaN,NaN
388.1984,-1.67908938064289,0.766594967478663,-1.206137828875,-0.284465376351574,0.474587527648603,0.474587527647254,NaN,0.268013361301642,0.929867188765791,0.243328506114201,-0.501330934171699,0.243328506114346,NaN,NaN,NaN,NaN,NaN,-0.502868912416298,NaN,NaN,NaN,NaN,NaN,NaN,NaN,NaN,NaN,NaN,NaN,-0.372756558382093,-0.157036483831722,-0.081310842853347,-0.388527698964691,1.47021868707119,-0.84855395739114,1.95185403292511,0.514410012768218,0.929570762986159,0.929570762985326,NaN,NaN,NaN,NaN,NaN,NaN,0.431961752569645,NaN,NaN,NaN,NaN,NaN
388.3008,-1.67071272232119,0.770316243858089,-1.19613188281189,-0.293505943012603,0.463246352003991,0.463246352002652,NaN,0.282863126090052,0.954371577658984,0.226447865430715,-0.505634465924228,0.22644786543086,NaN,NaN,NaN,NaN,NaN,-0.471300280142182,NaN,NaN,NaN,NaN,NaN,NaN,NaN,NaN,NaN,NaN,NaN,-0.368362631637441,-0.14643664056184,-0.0893835051533679,-0.382941836332718,1.42673588795612,-0.818120987519518,1.90151889182716,0.505404315354998,0.915034067263302,0.915034067262454,NaN,NaN,NaN,NaN,NaN,NaN,0.436634228330534,NaN,NaN,NaN,NaN,NaN
388.4032,-1.66128629790159,0.774248969687113,-1.18500673279284,-0.303033012815265,0.452209101130201,0.452209101128874,NaN,0.297621728613507,0.97826950864146,0.209198095046961,-0.509632331937338,0.209198095047106,NaN,NaN,NaN,NaN,NaN,-0.439724937441881,NaN,NaN,NaN,NaN,NaN,NaN,NaN,NaN,NaN,NaN,NaN,-0.363821367378414,-0.136518710961971,-0.0973407571855713,-0.378330082639491,1.38126760074916,-0.786463362102014,1.84865686061256,0.496160399578225,0.900462679872375,0.90046267987151,NaN,NaN,NaN,NaN,NaN,NaN,0.441327191857105,NaN,NaN,NaN,NaN,NaN
388.5056,-1.65085133295552,0.778404877198741,-1.17279573991823,-0.312976970951303,0.441529170241973,0.44152917024066,NaN,0.312288631177646,1.0015561201738,0.191621336898265,-0.513342802847667,0.191621336898408,NaN,NaN,NaN,NaN,NaN,-0.408187284786988,NaN,NaN,NaN,NaN,NaN,NaN,NaN,NaN,NaN,NaN,NaN,-0.359145640401561,-0.127284605944022,-0.105189415302193,-0.374706034063838,1.33387412536496,-0.753616265914822,1.79334746396622,0.486712628988317,0.885898014792563,0.885898014791684,NaN,NaN,NaN,NaN,NaN,NaN,0.446043298945554,NaN,NaN,NaN,NaN,NaN
388.608,-1.63945280319847,0.782794783829975,-1.15953634776247,-0.323266672099726,0.431261040608261,0.43126104060696,NaN,0.326864471435096,1.02422823264309,0.173761236666075,-0.516785372930112,0.173761236666214,NaN,NaN,NaN,NaN,NaN,-0.376733160655614,NaN,NaN,NaN,NaN,NaN,NaN,NaN,NaN,NaN,NaN,NaN,-0.354349959822324,-0.118735930521034,-0.112935734100794,-0.372081916045834,1.28462167762898,-0.719618875641295,1.73567728054316,0.477097379843088,0.87138117458223,0.87138117458133,NaN,NaN,NaN,NaN,NaN,NaN,0.450784148403617,NaN,NaN,NaN,NaN,NaN
388.7104,-1.6271393570418,0.787428680844619,-1.14526996120207,-0.333829909166637,0.421459899019638,0.421459899018352,NaN,0.341351069000813,1.04628437425035,0.155662562597188,-0.519980581259096,0.155662562597325,NaN,NaN,NaN,NaN,NaN,-0.345409550025784,NaN,NaN,NaN,NaN,NaN,NaN,NaN,NaN,NaN,NaN,NaN,-0.349450474623492,-0.11087416900265,-0.12058521358341,-0.370468602044054,1.23358216190482,-0.684514187662413,1.67573969787688,0.467352873160819,0.856952782106952,0.85695278210604,NaN,NaN,NaN,NaN,NaN,NaN,0.455550244062098,NaN,NaN,NaN,NaN,NaN
388.8128,-1.61396319841174,0.792315814158917,-1.13004179123489,-0.344593878975984,0.412181262029479,0.412181262028205,NaN,0.355751422426778,1.0677248010427,0.137370829894226,-0.522949823955809,0.13737082989436,NaN,NaN,NaN,NaN,NaN,-0.314264294492954,NaN,NaN,NaN,NaN,NaN,NaN,NaN,NaN,NaN,NaN,NaN,-0.344464950119929,-0.103700848599851,-0.128142426875717,-0.369875627180796,1.18083291897204,-0.648348827865106,1.61363463955299,0.457518994895571,0.842652805997336,0.842652805996406,NaN,NaN,NaN,NaN,NaN,NaN,0.460340961251684,NaN,NaN,NaN,NaN,NaN
388.9152,-1.59997993839951,0.797464753448471,-1.11390067608244,-0.355485636634186,0.403480607265969,0.403480607264708,NaN,0.370069689293003,1.08855150825575,0.118931933981173,-0.525715165197029,0.118931933981302,NaN,NaN,NaN,NaN,NaN,-0.283345814545902,NaN,NaN,NaN,NaN,NaN,NaN,NaN,NaN,NaN,NaN,NaN,-0.339412720276141,-0.0972176768552961,-0.135610869512752,-0.370311190578702,1.12645646628586,-0.611172855175858,1.54946828487027,0.447637114023616,0.828520383736881,0.828520383735935,NaN,NaN,NaN,NaN,NaN,NaN,0.465154519290546,NaN,NaN,NaN,NaN,NaN
389.0176,-1.58524842919856,0.802883455086304,-1.09689888855443,-0.36643253648179,0.395413007939158,0.395413007937909,NaN,0.384311151492588,1.10876822363269,0.100391794759439,-0.528299150853264,0.100391794759556,NaN,NaN,NaN,NaN,NaN,-0.252702850216154,NaN,NaN,NaN,NaN,NaN,NaN,NaN,NaN,NaN,NaN,NaN,-0.334314625561675,-0.0914266538594613,-0.142992829241203,-0.371782146409786,1.07054024649771,-0.573039571724121,1.48335279688939,0.43774990049446,0.814593644449109,0.814593644448144,NaN,NaN,NaN,NaN,NaN,NaN,0.469987963193447,NaN,NaN,NaN,NaN,NaN
389.12,-1.56983058601904,0.808579324532729,-1.07909193216531,-0.377362663183173,0.388032765035707,0.38803276503447,NaN,0.398482171388712,1.12838037536674,0.0817960122568386,-0.530724628005385,0.0817960122569452,NaN,NaN,NaN,NaN,NaN,-0.222384218581126,NaN,NaN,NaN,NaN,NaN,NaN,NaN,NaN,NaN,NaN,NaN,-0.329192940142339,-0.0863301641540748,-0.15028927436959,-0.374293988924843,1.01317638357425,-0.534005346206486,1.41540604835787,0.427901136980491,0.800909533820015,0.800909533819033,NaN,NaN,NaN,NaN,NaN,NaN,0.474837156008837,NaN,NaN,NaN,NaN,NaN
389.2224,-1.55379119104024,0.814559272751067,-1.06053832317117,-0.388205254624539,0.381393035853163,0.381393035851938,NaN,0.412590135195785,1.14739502862155,0.0631895273522501,-0.533014577413555,0.0631895273523513,NaN,NaN,NaN,NaN,NaN,-0.192438582318648,NaN,NaN,NaN,NaN,NaN,NaN,NaN,NaN,NaN,NaN,NaN,-0.324071280410158,-0.081931049250456,-0.157499758822631,-0.377850830221261,0.954461433262367,-0.49412944963887,1.34575131844734,0.418135520083999,0.787503641399837,0.78750364139884,NaN,NaN,NaN,NaN,NaN,NaN,0.479696780929086,NaN,NaN,NaN,NaN,NaN
389.3248,-1.53719767321685,0.820829754825876,-1.0412993588424,-0.398891112795642,0.375545465226842,0.37554546522563,NaN,0.426643372336344,1.16582078539894,0.0446162786459139,-0.535191967824341,0.0446162786460072,NaN,NaN,NaN,NaN,NaN,-0.162914222014622,NaN,NaN,NaN,NaN,NaN,NaN,NaN,NaN,NaN,NaN,NaN,-0.31897448663414,-0.0782326583405059,-0.164622341030092,-0.382455362297507,0.894496119623058,-0.453473898773094,1.2745169492399,0.408498454443945,0.77441002555045,0.774410025549442,NaN,NaN,NaN,NaN,NaN,NaN,0.48456035216167,NaN,NaN,NaN,NaN,NaN
389.4272,-1.52011986410425,0.827396786093353,-1.02143887460979,-0.409352995741212,0.370539830526382,0.37053983052518,NaN,0.440651049077306,1.18366765439485,0.0261188559550901,-0.537279638998457,0.0261188559551757,NaN,NaN,NaN,NaN,NaN,-0.133858806480225,NaN,NaN,NaN,NaN,NaN,NaN,NaN,NaN,NaN,NaN,NaN,-0.313928480850517,-0.0752388793159266,-0.171653513656235,-0.388108802404772,0.833385062148962,-0.412103303359748,1.20183597685679,0.399035845485316,0.761661033372793,0.76166103337177,NaN,NaN,NaN,NaN,NaN,NaN,0.48942023634732,NaN,NaN,NaN,NaN,NaN
389.5296,-1.50262973102776,0.834265941872402,-1.00102298813734,-0.419525983633286,0.36642370742423,0.36642370742304,NaN,0.454623048317031,1.20094691285983,0.0077381632776543,-0.539300214462252,0.00773816327772529,NaN,NaN,NaN,NaN,NaN,-0.105319161628651,NaN,NaN,NaN,NaN,NaN,NaN,NaN,NaN,NaN,NaN,NaN,-0.308960110547194,-0.0729541552012072,-0.17858814608791,-0.394810833223271,0.771236503570481,-0.370084717506667,1.12784575837812,0.38979389132091,0.749287123963165,0.749287123962127,NaN,NaN,NaN,NaN,NaN,NaN,0.494267687133236,NaN,NaN,NaN,NaN,NaN
389.632,-1.48480108603415,0.841442352622261,-0.980119822571616,-0.429347815934684,0.363242152838475,0.363242152837296,NaN,0.468569840078895,1.21767097517566,-0.0104868960691015,-0.541276037963977,-0.0104868960690483,NaN,NaN,NaN,NaN,NaN,-0.0773410487912724,NaN,NaN,NaN,NaN,NaN,NaN,NaN,NaN,NaN,NaN,NaN,-0.304096980561256,-0.0713834833139467,-0.185419449932587,-0.402559548935773,0.708162041805665,-0.327487498866164,1.05268759673176,0.380818867708557,0.737316708187843,0.737316708186788,NaN,NaN,NaN,NaN,NaN,NaN,0.499092890731335,NaN,NaN,NaN,NaN,NaN
389.7344,-1.46670926539932,0.84893070616076,-0.958799197802344,-0.438759203071399,0.361037394981786,0.361037394980618,NaN,0.482502327985298,1.23385325270544,-0.0285197126556458,-0.543229125470153,-0.0285197126556111,NaN,NaN,NaN,NaN,NaN,-0.0499689713423879,NaN,NaN,NaN,NaN,NaN,NaN,NaN,NaN,NaN,NaN,NaN,-0.299367263151436,-0.0705323856056249,-0.192138981243053,-0.411351408605762,0.644276355083298,-0.284383177576014,0.976506337549222,0.372156898091815,0.725776006683075,0.725776006682004,NaN,NaN,NaN,NaN,NaN,NaN,0.503885016067026,NaN,NaN,NaN,NaN,NaN
389.8368,-1.44843077174613,0.856735261589989,-0.937132279652501,-0.44770411767149,0.359848524198704,0.359848524197543,NaN,0.496431657975255,1.24950797215145,-0.0463262535461284,-0.545181125799705,-0.0463262535461125,NaN,NaN,NaN,NaN,NaN,-0.0232460221636275,NaN,NaN,NaN,NaN,NaN,NaN,NaN,NaN,NaN,NaN,NaN,-0.294799473368488,-0.0704068412547456,-0.19873668626317,-0.42118119214761,0.579696899456173,-0.240845327718789,0.899449903803098,0.363853706472634,0.714688914247164,0.71468891424608,NaN,NaN,NaN,NaN,NaN,NaN,0.50863226395972,NaN,NaN,NaN,NaN,NaN
389.9392,-1.43004287449648,0.864859872029409,-0.915191184427172,-0.456130066270762,0.359711183956568,0.359711183955417,NaN,0.510368995054658,1.26464993619698,-0.0638753440072537,-0.547153283320803,-0.0638753440072487,NaN,NaN,NaN,NaN,NaN,0.00278623283137269,NaN,NaN,NaN,NaN,NaN,NaN,NaN,NaN,NaN,NaN,NaN,-0.29042220501414,-0.0710131796612333,-0.205200988513864,-0.432041952448504,0.514543562996466,-0.196949426116866,0.821668755845722,0.355954357412379,0.704076862789557,0.704076862788455,NaN,NaN,NaN,NaN,NaN,NaN,0.513321912864909,NaN,NaN,NaN,NaN,NaN
390.0416,-1.41162317112249,0.873308015040281,-0.893048541776855,-0.46398833960029,0.360657261806746,0.360657261805602,NaN,0.524325281213212,1.27929423578604,-0.0811389520462257,-0.549166397861361,-0.0811389520462348,NaN,NaN,NaN,NaN,NaN,0.0280878454396203,NaN,NaN,NaN,NaN,NaN,NaN,NaN,NaN,NaN,NaN,NaN,-0.286263828443657,-0.0723579316358307,-0.21151891614802,-0.443924958291683,0.448938274374456,-0.152772687719131,0.743315286842425,0.348502985326139,0.693958690990882,0.693958690989762,NaN,NaN,NaN,NaN,NaN,NaN,0.517940363707596,NaN,NaN,NaN,NaN,NaN
390.144,-1.39324911202458,0.882082836922251,-0.870777015321554,-0.471234240138603,0.362714580937733,0.362714580936595,NaN,0.538310977956866,1.29345592868591,-0.0980924765995074,-0.55124078087708,-0.0980924765995271,NaN,NaN,NaN,NaN,NaN,0.0526205500968695,NaN,NaN,NaN,NaN,NaN,NaN,NaN,NaN,NaN,NaN,NaN,-0.282352151524955,-0.0744476346682055,-0.217676274240715,-0.456819628242761,0.383004569921052,-0.108393877735225,0.664543162105852,0.341542508438721,0.684350534344585,0.684350534343454,NaN,NaN,NaN,NaN,NaN,NaN,0.522473191848999,NaN,NaN,NaN,NaN,NaN
390.2464,-1.37499749287645,0.891187217244428,-0.848448781357548,-0.47782728499801,0.365906598582308,0.36590659858117,NaN,0.55233579407468,1.30714969722102,-0.114715037485516,-0.553396209565873,-0.114715037485546,NaN,NaN,NaN,NaN,NaN,0.0763477985230244,NaN,NaN,NaN,NaN,NaN,NaN,NaN,NaN,NaN,NaN,NaN,-0.278714050802287,-0.0772885957777309,-0.223657862005123,-0.470713461392343,0.316867123825719,-0.0638931052104214,0.585506605724578,0.335114322617796,0.675265740393658,0.675265740392515,NaN,NaN,NaN,NaN,NaN,NaN,0.526905214181169,NaN,NaN,NaN,NaN,NaN
390.3488,-1.35694393091896,0.900623849335108,-0.826134983724487,-0.483731379028814,0.370252122825914,0.370252122824775,NaN,0.566408411909152,1.32038950942988,-0.130989756780226,-0.555651881080092,-0.130989756780271,NaN,NaN,NaN,NaN,NaN,0.0992347684875253,NaN,NaN,NaN,NaN,NaN,NaN,NaN,NaN,NaN,NaN,NaN,-0.275375093758486,-0.0808866270937143,-0.229447721077024,-0.485591969403654,0.25065125379695,-0.0193516028778202,0.506359654007263,0.329257980422976,0.666714805860396,0.666714805859241,NaN,NaN,NaN,NaN,NaN,NaN,0.531220572013156,NaN,NaN,NaN,NaN,NaN
390.4512,-1.33916235277514,0.910395321346932,-0.803905199424774,-0.488914953490829,0.375765056609961,0.37576505660882,NaN,0.58053623231198,1.33318831240601,-0.146904011431621,-0.558026367103116,-0.146904011431678,NaN,NaN,NaN,NaN,NaN,0.121248358320594,NaN,NaN,NaN,NaN,NaN,NaN,NaN,NaN,NaN,NaN,NaN,-0.272359180057824,-0.0852467714387472,-0.235029393814347,-0.501438606947172,0.184482424266487,0.0251485009152717,0.427255414681529,0.324010873417883,0.658705329565365,0.658705329564198,NaN,NaN,NaN,NaN,NaN,NaN,0.535402820990952,NaN,NaN,NaN,NaN,NaN
390.5536,-1.32172451413736,0.920504183122792,-0.781826942335565,-0.493351073969252,0.382454168404047,0.382454168402905,NaN,0.594725146402944,1.34555776929882,-0.162449636201635,-0.560537565826205,-0.162449636201702,NaN,NaN,NaN,NaN,NaN,0.142357179815711,NaN,NaN,NaN,NaN,NaN,NaN,NaN,NaN,NaN,NaN,NaN,-0.269688221975084,-0.0903730286119883,-0.240386175587164,-0.518234694169079,0.118485764587946,0.0695244149430808,0.348345364446216,0.319407936692778,0.651241975080303,0.651241975079125,NaN,NaN,NaN,NaN,NaN,NaN,0.539435016715919,NaN,NaN,NaN,NaN,NaN
390.656,-1.30469955683983,0.930952993752172,-0.759965213005782,-0.497017527241444,0.390322885847474,0.390322885846328,NaN,0.608979331781411,1.35750803888357,-0.177623064861746,-0.563202647656843,-0.177623064861831,NaN,NaN,NaN,NaN,NaN,0.162531562676199,NaN,NaN,NaN,NaN,NaN,NaN,NaN,NaN,NaN,NaN,NaN,-0.267381872262778,-0.0962680887723222,-0.245501352764356,-0.535959329361528,0.0527856036967973,0.113692925966611,0.269778692800709,0.315481380723086,0.64432644473372,0.644326444732534,NaN,NaN,NaN,NaN,NaN,NaN,0.543299793174918,NaN,NaN,NaN,NaN,NaN
390.7584,-1.28815360319588,0.941744350982582,-0.738382093806531,-0.499896890049479,0.39936911654502,0.399369116543869,NaN,0.623301077141043,1.36904760275327,-0.192425407113486,-0.566037993247576,-0.192425407113585,NaN,NaN,NaN,NaN,NaN,0.181743579024701,NaN,NaN,NaN,NaN,NaN,NaN,NaN,NaN,NaN,NaN,NaN,-0.265457300806083,-0.102933078956409,-0.250358422234707,-0.554589295675438,-0.0124949872336226,0.157570654145174,0.191701683033585,0.312260443865639,0.637957476903785,0.637957476902589,NaN,NaN,NaN,NaN,NaN,NaN,0.546979441865794,NaN,NaN,NaN,NaN,NaN
390.8608,-1.2721493865604,0.952880902779715,-0.717136388282214,-0.501976572878832,0.409585107130297,0.409585107129142,NaN,0.637690644940482,1.38018315051003,-0.206862462273499,-0.569059123734045,-0.206862462273607,NaN,NaN,NaN,NaN,NaN,0.199967086132179,NaN,NaN,NaN,NaN,NaN,NaN,NaN,NaN,NaN,NaN,NaN,-0.263929018679287,-0.110367328304108,-0.254941289917611,-0.574098967398339,-0.0772346508625154,0.201074325367214,0.114257119358339,0.309771161738176,0.63213087731795,0.632130877316741,NaN,NaN,NaN,NaN,NaN,NaN,0.550456002387838,NaN,NaN,NaN,NaN,NaN
390.9632,-1.2567459131456,0.964365339121043,-0.696283300943451,-0.50324883055604,0.42095734969299,0.420957349691831,NaN,0.652146177364702,1.39091953152541,-0.220944668494497,-0.572280622894644,-0.220944668494617,NaN,NaN,NaN,NaN,NaN,0.2171777818297,NaN,NaN,NaN,NaN,NaN,NaN,NaN,NaN,NaN,NaN,NaN,-0.262808748169529,-0.11856815776317,-0.259234445563694,-0.594460221420276,-0.141314200305277,0.244121058495634,0.0375837135331298,0.308036159592621,0.626839585215114,0.626839585213893,NaN,NaN,NaN,NaN,NaN,NaN,0.553711371134371,NaN,NaN,NaN,NaN,NaN
391.0656,-1.24199814701587,0.976200361066322,-0.675874151315927,-0.503710733304441,0.433466540841033,0.433466540839867,NaN,0.666663650098564,1.40125978447895,-0.234686983554613,-0.575716052797809,-0.234686983554742,NaN,NaN,NaN,NaN,NaN,0.233353271413458,NaN,NaN,NaN,NaN,NaN,NaN,NaN,NaN,NaN,NaN,NaN,-0.26210533990596,-0.12753070142074,-0.26322311007198,-0.615642360196176,-0.20461707918564,0.286628667657149,-0.0381844549720789,0.30707447650649,0.622073772128171,0.622073772126944,NaN,NaN,NaN,NaN,NaN,NaN,0.556727428874694,NaN,NaN,NaN,NaN,NaN
391.168,-1.22795670791521,0.98838862290252,-0.655956114537605,-0.503364093553871,0.447087597411336,0.447087597410163,NaN,0.681236882335116,1.41120526028243,-0.248108695805017,-0.579377866945032,-0.24810869580516,NaN,NaN,NaN,NaN,NaN,0.248473147417384,NaN,NaN,NaN,NaN,NaN,NaN,NaN,NaN,NaN,NaN,NaN,-0.261824740929501,-0.137247766798119,-0.266893350991235,-0.637612051980779,-0.267029835925159,0.32851598710123,-0.112918497827713,0.30690142307225,0.617820977891576,0.617820977890339,NaN,NaN,NaN,NaN,NaN,NaN,0.559486182972171,NaN,NaN,NaN,NaN,NaN
391.2704,-1.2146675706214,1.00093264394796,-0.636571979459651,-0.50221534958503,0.461789726334691,0.46178972633351,NaN,0.695857606837722,1.42075584683079,-0.261233171424886,-0.583277323535984,-0.261233171425046,NaN,NaN,NaN,NaN,NaN,0.262519082242644,NaN,NaN,NaN,NaN,NaN,NaN,NaN,NaN,NaN,NaN,NaN,-0.261970017422875,-0.147709738297494,-0.270232163798933,-0.660333291735923,-0.32844262637826,0.369703229173557,-0.186495291118408,0.30752846697593,0.614066293520834,0.614066293519584,NaN,NaN,NaN,NaN,NaN,NaN,0.561969916392849,NaN,NaN,NaN,NaN,NaN
391.3728,-1.20217176689088,1.01383468863478,-0.61775992600218,-0.500275411135161,0.477536532710479,0.477536532709289,NaN,0.710515593498549,1.42991028568463,-0.274087548958697,-0.58742440061076,-0.274087548958869,NaN,NaN,NaN,NaN,NaN,0.275474931531348,NaN,NaN,NaN,NaN,NaN,NaN,NaN,NaN,NaN,NaN,NaN,-0.26254143152773,-0.158904523005084,-0.273227521478295,-0.683767385204877,-0.388749745634475,0.410112377301901,-0.258798062156986,0.30896314326074,0.610792595051031,0.610792595049772,NaN,NaN,NaN,NaN,NaN,NaN,0.56416133288655,NaN,NaN,NaN,NaN,NaN
391.4752,-1.19050511445342,1.02709661183593,-0.599553346841018,-0.497559469027735,0.494286144947965,0.494286144946767,NaN,0.72519881738163,1.43866655715854,-0.286702391071898,-0.591827719433853,-0.286702391072081,NaN,NaN,NaN,NaN,NaN,0.287326846088864,NaN,NaN,NaN,NaN,NaN,NaN,NaN,NaN,NaN,NaN,NaN,-0.263536564260157,-0.170817536366107,-0.275868398079225,-0.707872960618093,-0.447850169902326,0.449667603666041,-0.329716963548966,0.311208995126925,0.607980821898069,0.607980821896803,NaN,NaN,NaN,NaN,NaN,NaN,0.566043686379,NaN,NaN,NaN,NaN,NaN
391.5776,-1.17969800613416,1.04071966732539,-0.581980746285292,-0.494086769438576,0.511991348928877,0.511991348927669,NaN,0.739893665794285,1.44702230934489,-0.299111303633101,-0.596494484644093,-0.299111303633291,NaN,NaN,NaN,NaN,NaN,0.29806339258248,NaN,NaN,NaN,NaN,NaN,NaN,NaN,NaN,NaN,NaN,NaN,-0.264950470224879,-0.18343172627203,-0.278144770906839,-0.732606012637022,-0.505648082191459,0.48829569641117,-0.399149599573486,0.314265554376597,0.605610286987173,0.605610286985901,NaN,NaN,NaN,NaN,NaN,NaN,0.567600886005236,NaN,NaN,NaN,NaN,NaN
391.68,-1.16977527503819,1.05470428958756,-0.565065726237898,-0.48988035825783,0.53059973929635,0.530599739295129,NaN,0.75458517494049,1.45497530642332,-0.311350535352327,-0.601430442761897,-0.311350535352526,NaN,NaN,NaN,NaN,NaN,0.307675682920364,NaN,NaN,NaN,NaN,NaN,NaN,NaN,NaN,NaN,NaN,NaN,-0.266775848191185,-0.19672763113333,-0.280047605550653,-0.757919977484269,-0.562053359434907,0.525926479499923,-0.467001480740036,0.318128363429263,0.603659003877276,0.603659003875994,NaN,NaN,NaN,NaN,NaN,NaN,0.568817575911393,NaN,NaN,NaN,NaN,NaN
391.7824,-1.16075612885936,1.06904987126097,-0.548827040800174,-0.484966805702228,0.55005389602223,0.550053896020996,NaN,0.769257278779362,1.46252386548944,-0.323458571009659,-0.606639852309866,-0.323458571009858,NaN,NaN,NaN,NaN,NaN,0.316157505889023,NaN,NaN,NaN,NaN,NaN,NaN,NaN,NaN,NaN,NaN,NaN,-0.269003214659879,-0.210683459802113,-0.281568830620472,-0.78376582924824,-0.616982002436999,0.56249320508178,-0.533186394799324,0.322789031031645,0.602104015782318,0.602104015781027,NaN,NaN,NaN,NaN,NaN,NaN,0.569679195270497,NaN,NaN,NaN,NaN,NaN
391.8848,-1.15265413810325,1.0837545541555,-0.533278695441192,-0.479375922585487,0.570291585069697,0.570291585068448,NaN,0.783893056025201,1.46966725380121,-0.335475729287766,-0.612125456694855,-0.335475729287972,NaN,NaN,NaN,NaN,NaN,0.323505449886644,NaN,NaN,NaN,NaN,NaN,NaN,NaN,NaN,NaN,NaN,NaN,-0.271621072598012,-0.225275176297354,-0.28270131052406,-0.810092181305077,-0.670356494551931,0.597932900679525,-0.597626688746381,0.328235309006874,0.600921713662623,0.600921713661325,NaN,NaN,NaN,NaN,NaN,NaN,0.570172026768604,NaN,NaN,NaN,NaN,NaN
391.9872,-1.14547726674389,1.09881503896809,-0.518430077005137,-0.473140478927113,0.591245978669585,0.591245978668321,NaN,0.798474970772081,1.47640603604426,-0.347443777052281,-0.617888453309611,-0.347443777052494,NaN,NaN,NaN,NaN,NaN,0.329719010519885,NaN,NaN,NaN,NaN,NaN,NaN,NaN,NaN,NaN,NaN,NaN,-0.274616070735834,-0.240476576228966,-0.283438822093074,-0.836845379601074,-0.722106082822114,0.632186662864833,-0.66025346001352,0.33445117868856,0.600088134673396,0.600088134672091,NaN,NaN,NaN,NaN,NaN,NaN,0.57028324194155,NaN,NaN,NaN,NaN,NaN
392.0896,-1.13922793649387,1.1142264133509,-0.504286106275098,-0.466295934510367,0.612845889588365,0.612845889587084,NaN,0.812985103074707,1.48274237331872,-0.3594055711489,-0.623928455780931,-0.35940557114912,NaN,NaN,NaN,NaN,NaN,0.334800686388966,NaN,NaN,NaN,NaN,NaN,NaN,NaN,NaN,NaN,NaN,NaN,-0.277973150201756,-0.256259350565283,-0.283776038530047,-0.863969585737475,-0.772166982551237,0.665199898046266,-0.721006658063502,0.341416940351305,0.599579235828052,0.599579235826739,NaN,NaN,NaN,NaN,NaN,NaN,0.57000094687282,NaN,NaN,NaN,NaN,NaN
392.192,-1.13390311513586,1.12998199745925,-0.490847404387732,-0.458880189433154,0.635016008277973,0.635016008276673,NaN,0.827405359396006,1.48868026827765,-0.37140473270489,-0.630243449254052,-0.371404732705123,NaN,NaN,NaN,NaN,NaN,0.338756069296664,NaN,NaN,NaN,NaN,NaN,NaN,NaN,NaN,NaN,NaN,NaN,-0.281675677927794,-0.272593138787028,-0.283708524788254,-0.891406859560506,-0.820482510039533,0.696922515315079,-0.779835099588135,0.349109304665464,0.599371141324411,0.599371141323096,NaN,NaN,NaN,NaN,NaN,NaN,0.569314224237445,NaN,NaN,NaN,NaN,NaN
392.2944,-1.12949442278407,1.14607320364094,-0.47811046897947,-0.450933356258371,0.657677131499434,0.657677131498117,NaN,0.841717650607231,1.49422574328115,-0.383485350381502,-0.636829740041586,-0.383485350381739,NaN,NaN,NaN,NaN,NaN,0.341593928977669,NaN,NaN,NaN,NaN,NaN,NaN,NaN,NaN,NaN,NaN,NaN,-0.285705569611958,-0.289445577956943,-0.283232747372214,-0.919097256812546,-0.867003147160824,0.727309074682719,-0.836696400520836,0.357501492816871,0.599440366184816,0.599440366183498,NaN,NaN,NaN,NaN,NaN,NaN,0.568213166340269,NaN,NaN,NaN,NaN,NaN
392.3968,-1.1259882577997,1.16248940640267,-0.466067863761375,-0.442497544433531,0.680746382375079,0.680746382373743,NaN,0.855904034344,1.49938694825004,-0.395691700806961,-0.643681902228587,-0.395691700807198,NaN,NaN,NaN,NaN,NaN,0.343326284621674,NaN,NaN,NaN,NaN,NaN,NaN,NaN,NaN,NaN,NaN,NaN,-0.290043405949012,-0.306782355353954,-0.282346097638751,-0.946978953340734,-0.911686538227584,0.756318889365353,-0.891556827675075,0.366563357336388,0.599764020190003,0.599764020188683,NaN,NaN,NaN,NaN,NaN,NaN,0.566688898526752,NaN,NaN,NaN,NaN,NaN
392.4992,-1.12336594745617,1.1792178234743,-0.454708425979213,-0.433616643346316,0.704137433224857,0.704137433223503,NaN,0.869946832012387,1.50417420640476,-0.40806797295167,-0.650792725562088,-0.408067972951903,NaN,NaN,NaN,NaN,NaN,0.343968455781394,NaN,NaN,NaN,NaN,NaN,NaN,NaN,NaN,NaN,NaN,NaN,-0.294668543908588,-0.324567266057239,-0.28104692629877,-0.974988394698572,-0.95449742111947,0.783916080965919,-0.944391075803191,0.376261530477246,0.600319992275052,0.600319992273732,NaN,NaN,NaN,NaN,NaN,NaN,0.56473359435789,NaN,NaN,NaN,NaN,NaN
392.6016,-1.1216039262171,1.19624341617838,-0.44401749016749,-0.42433609842573,0.727760742224318,0.727760742222946,NaN,0.883828734207685,1.50860000519161,-0.42065799413416,-0.658153168529177,-0.420657994134392,NaN,NaN,NaN,NaN,NaN,0.34353909656936,NaN,NaN,NaN,NaN,NaN,NaN,NaN,NaN,NaN,NaN,NaN,-0.299559223209092,-0.342762273579163,-0.279334586411915,-1.00306046381401,-0.995407500307787,0.810069592483007,-0.995181979482283,0.386559597052628,0.601087112942436,0.601087112941115,NaN,NaN,NaN,NaN,NaN,NaN,0.562340482545069,NaN,NaN,NaN,NaN,NaN
392.704,-1.12067394391884,1.21354882272981,-0.433977123194766,-0.414702683740768,0.751523809914001,0.75152380991261,NaN,0.897532900858099,1.51267893836087,-0.433504967585187,-0.665752317792792,-0.433504967585419,NaN,NaN,NaN,NaN,NaN,0.342060225302446,NaN,NaN,NaN,NaN,NaN,NaN,NaN,NaN,NaN,NaN,NaN,-0.304692668909071,-0.361327580385998,-0.27720947809825,-1.0311286679423,-1.03439527142422,0.834753167543114,-1.04392016871878,0.397418287007928,0.602045296519273,0.602045296517953,NaN,NaN,NaN,NaN,NaN,NaN,0.559503846686739,NaN,NaN,NaN,NaN,NaN
392.8064,-1.12054330619662,1.23111433389712,-0.424566367859063,-0.404764272956069,0.77533146433273,0.775331464331322,NaN,0.911043053057549,1.51642760838898,-0.446651229234939,-0.673577354148746,-0.446651229235175,NaN,NaN,NaN,NaN,NaN,0.339557251079303,NaN,NaN,NaN,NaN,NaN,NaN,NaN,NaN,NaN,NaN,NaN,-0.310045190919973,-0.380221722107791,-0.274673085499538,-1.05912535376482,-1.07144580401221,0.857945300974899,-1.09060367530168,0.408795686331099,0.603175669684425,0.603175669683103,NaN,NaN,NaN,NaN,NaN,NaN,0.556219022594691,NaN,NaN,NaN,NaN,NaN
392.9088,-1.12117514335483,1.24891790683002,-0.415761493605102,-0.394569604534863,0.799086188381706,0.799086188380282,NaN,0.924343547925195,1.51986449726423,-0.460138020862694,-0.681613525751343,-0.46013802086293,NaN,NaN,NaN,NaN,NaN,0.336058980847662,NaN,NaN,NaN,NaN,NaN,NaN,NaN,NaN,NaN,NaN,NaN,-0.315592277865588,-0.399401692864291,-0.271728001203534,-1.08698195587113,-1.10655048521517,0.879629160686853,-1.13523749581636,0.420647465363209,0.604460690975292,0.604460690973962,NaN,NaN,NaN,NaN,NaN,NaN,0.552482399411853,NaN,NaN,NaN,NaN,NaN
393.0112,-1.12252869453318,1.26693520438076,-0.40753624844412,-0.384168040014157,0.822688496046569,0.822688496045128,NaN,0.937419427745018,1.52300980611426,-0.474005274720274,-0.689844128100808,-0.474005274720509,NaN,NaN,NaN,NaN,NaN,0.331597590698477,NaN,NaN,NaN,NaN,NaN,NaN,NaN,NaN,NaN,NaN,NaN,-0.3213086806695,-0.418823098228205,-0.268377941649221,-1.11462927811296,-1.13970672479806,0.899792479513902,-1.17783311401112,0.432927124442818,0.605884260083764,0.605884260082428,NaN,NaN,NaN,NaN,NaN,NaN,0.548291425146827,NaN,NaN,NaN,NaN,NaN
393.1136,-1.12455959271966,1.28513965056205,-0.399862103156261,-0.373609323459982,0.846037351187971,0.846037351186517,NaN,0.950256438008612,1.52588525473264,-0.488291409604965,-0.698250489878756,-0.488291409605198,NaN,NaN,NaN,NaN,NaN,0.326208560835914,NaN,NaN,NaN,NaN,NaN,NaN,NaN,NaN,NaN,NaN,NaN,-0.327168484480789,-0.438440326995064,-0.264627762394533,-1.14199780645843,-1.1709176217865,0.91842741853265,-1.21840798104331,0.445586257960911,0.60743180848665,0.607431808485304,NaN,NaN,NaN,NaN,NaN,NaN,0.543644606980718,NaN,NaN,NaN,NaN,NaN
393.216,-1.12722014622527,1.30350249730075,-0.3927084861264,-0.362943350589097,0.869030622627705,0.869030622626239,NaN,0.962841014176226,1.52851382894426,-0.503033139892705,-0.706811966938024,-0.503033139892937,NaN,NaN,NaN,NaN,NaN,0.319930580139913,NaN,NaN,NaN,NaN,NaN,NaN,NaN,NaN,NaN,NaN,NaN,-0.333145172030202,-0.458206734574242,-0.260483481679071,-1.169018054065,-1.200191594526,0.935530405588623,-1.2569849522539,0.458574833931554,0.609090358359486,0.609090358358129,NaN,NaN,NaN,NaN,NaN,NaN,0.538541492663725,NaN,NaN,NaN,NaN,NaN
393.3184,-1.13045962348029,1.32199290023765,-0.386043016585569,-0.35221994680055,0.891565581079408,0.891565581077932,NaN,0.975160244033925,1.53091947062588,-0.518265298765894,-0.715505948516206,-0.518265298766114,NaN,NaN,NaN,NaN,NaN,0.312805419545385,NaN,NaN,NaN,NaN,NaN,NaN,NaN,NaN,NaN,NaN,NaN,-0.339211682143409,-0.478074835595472,-0.255952316191456,-1.1956209404655,-1.22754197726968,0.951101951916347,-1.29359168309147,0.471841480534376,0.610848537811063,0.610848537809695,NaN,NaN,NaN,NaN,NaN,NaN,0.532982626278355,NaN,NaN,NaN,NaN,NaN
393.4208,-1.13422455093423,1.3405780079169,-0.379831743349675,-0.341488649803464,0.913539446677112,0.91353944667563,NaN,0.98720181609547,1.53312671228706,-0.534020678638566,-0.724307876640903,-0.534020678638777,NaN,NaN,NaN,NaN,NaN,0.304877772178376,NaN,NaN,NaN,NaN,NaN,NaN,NaN,NaN,NaN,NaN,NaN,-0.345340465401036,-0.497996506289638,-0.251042728183268,-1.22173820450341,-1.25298658803835,0.965146449562931,-1.3282599905215,0.48533376963531,0.612696544332597,0.612696544331218,NaN,NaN,NaN,NaN,NaN,NaN,0.52696948086599,NaN,NaN,NaN,NaN,NaN
393.5232,-1.13845903012105,1.35922307171757,-0.374039390985986,-0.330798496072361,0.93484998218351,0.93484998218202,NaN,0.998953961109148,1.53516026154453,-0.550329891203636,-0.73319127709119,-0.55032989120384,NaN,NaN,NaN,NaN,NaN,0.296195066022383,NaN,NaN,NaN,NaN,NaN,NaN,NaN,NaN,NaN,NaN,NaN,-0.351503537970928,-0.517923199838448,-0.245764476251235,-1.24730284471764,-1.27654727886823,0.977671956368847,-1.36102519420868,0.49899848943436,0.614626054446167,0.61462605444478,NaN,NaN,NaN,NaN,NaN,NaN,0.520504375707956,NaN,NaN,NaN,NaN,NaN
393.6256,-1.14310507605611,1.37789157525584,-0.368629616158456,-0.320197808770848,0.955396109478801,0.955396109477305,NaN,1.01040539046141,1.53704454877841,-0.567221242621466,-0.742127803420958,-0.567221242621665,NaN,NaN,NaN,NaN,NaN,0.286807258768721,NaN,NaN,NaN,NaN,NaN,NaN,NaN,NaN,NaN,NaN,NaN,-0.35767253457253,-0.537806181192828,-0.240128652455311,-1.27224957175677,-1.29824948860886,0.98868997936675,-1.39192546531528,0.512781903077954,0.616630085253051,0.616630085251652,NaN,NaN,NaN,NaN,NaN,NaN,0.513590388710635,NaN,NaN,NaN,NaN,NaN
393.728,-1.14810297682712,1.39654537434008,-0.363565278734008,-0.309733981969854,0.975078520826927,0.975078520825426,NaN,1.02154523439473,1.53880326016747,-0.584720613214516,-0.751087299910129,-0.584720613214707,NaN,NaN,NaN,NaN,NaN,0.276766621671437,NaN,NaN,NaN,NaN,NaN,NaN,NaN,NaN,NaN,NaN,NaN,-0.363818761588901,-0.557596783862173,-0.234147687787342,-1.29651524966867,-1.31812181784891,0.998215265144943,-1.42100121272046,0.526629995396261,0.618702817352139,0.61870281735073,NaN,NaN,NaN,NaN,NaN,NaN,0.506231273056798,NaN,NaN,NaN,NaN,NaN
393.8304,-1.15339167173897,1.41514484353501,-0.358808727200665,-0.299453264047076,0.993800261717276,0.993800261715769,NaN,1.0323629773015,1.54045887680394,-0.602851334167428,-0.76003788846153,-0.602851334167605,NaN,NaN,NaN,NaN,NaN,0.266127516184502,NaN,NaN,NaN,NaN,NaN,NaN,NaN,NaN,NaN,NaN,NaN,-0.369913251388129,-0.577246677471418,-0.227835322985891,-1.3200393026036,-1.33619563246105,1.00626559836258,-1.44829451882341,0.540488708592967,0.620839389166392,0.620839389164975,NaN,NaN,NaN,NaN,NaN,NaN,0.498431383119772,NaN,NaN,NaN,NaN,NaN
393.9328,-1.15890914260007,1.43364903415537,-0.354322090655446,-0.289400551847115,1.01146726918484,1.01146726918333,NaN,1.0428483811778,1.54203223294992,-0.621634059965232,-0.768946080971019,-0.621634059965401,NaN,NaN,NaN,NaN,NaN,0.254946167279282,NaN,NaN,NaN,NaN,NaN,NaN,NaN,NaN,NaN,NaN,NaN,-0.375926820095519,-0.596708122052707,-0.221206558264691,-1.34276406705818,-1.35250468888901,1.01286160256795,-1.47384861840438,0.554304158739115,0.623035674820337,0.623035674818908,NaN,NaN,NaN,NaN,NaN,NaN,0.490195613817504,NaN,NaN,NaN,NaN,NaN
394.0352,-1.16459280697687,1.45201584825476,-0.350067564225702,-0.279619202508837,1.0279888555383,1.02798885553678,NaN,1.05299139247234,1.5435421021881,-0.641086636540166,-0.777776915531042,-0.641086636540319,NaN,NaN,NaN,NaN,NaN,0.24328044043793,NaN,NaN,NaN,NaN,NaN,NaN,NaN,NaN,NaN,NaN,NaN,-0.381830132825086,-0.615934184334348,-0.214277599652786,-1.36463507488692,-1.36708477002004,1.01802653541163,-1.49770740776713,0.568022820666159,0.625288059107886,0.62528805910645,NaN,NaN,NaN,NaN,NaN,NaN,0.481529358324618,NaN,NaN,NaN,NaN,NaN
394.1376,-1.1703798931366,1.47020222337906,-0.346007671226993,-0.270150863697905,1.04327813637456,1.04327813637304,NaN,1.06278203801077,1.54500481729547,-0.661223964214261,-0.786494110839283,-0.661223964214408,NaN,NaN,NaN,NaN,NaN,0.231189628903191,NaN,NaN,NaN,NaN,NaN,NaN,NaN,NaN,NaN,NaN,NaN,-0.387593778894842,-0.634878905960164,-0.207065813456898,-1.38560126762649,-1.37997332656569,1.02178607742472,-1.51991497451227,0.581591676212118,0.627593220238197,0.627593220236746,NaN,NaN,NaN,NaN,NaN,NaN,0.472438483797705,NaN,NaN,NaN,NaN,NaN
394.24,-1.1762077775099,1.4881643146278,-0.342105490775382,-0.261035325829354,1.05725241449895,1.05725241449742,NaN,1.07221032155315,1.54643392591842,-0.682057852028621,-0.795060231408555,-0.682057852028764,NaN,NaN,NaN,NaN,NaN,0.218734247264128,NaN,NaN,NaN,NaN,NaN,NaN,NaN,NaN,NaN,NaN,NaN,-0.393188353453504,-0.653497434827069,-0.199589691768822,-1.40561516544451,-1.39120913118775,1.02416812391492,-1.5405151501022,0.594958330519421,0.629947924333192,0.62994792433173,NaN,NaN,NaN,NaN,NaN,NaN,0.462929317049294,NaN,NaN,NaN,NaN,NaN
394.3424,-1.18201428086925,1.50585766317051,-0.338324852940703,-0.25231039930918,1.06983354080358,1.06983354080205,NaN,1.08126612994294,1.54783988186232,-0.703596856297261,-0.803436858712146,-0.703596856297402,NaN,NaN,NaN,NaN,NaN,0.205975815732222,NaN,NaN,NaN,NaN,NaN,NaN,NaN,NaN,NaN,NaN,NaN,-0.398584536238211,-0.671746143683821,-0.191868824321644,-1.42463302427245,-1.40083196098871,1.0252025912567,-1.55955110282092,0.608071105975521,0.632348827310054,0.632348827308583,NaN,NaN,NaN,NaN,NaN,NaN,0.453008631993441,NaN,NaN,NaN,NaN,NaN
394.4448,-1.18773792928198,1.52323734680075,-0.334630509590195,-0.244011808604736,1.08094826896659,1.08094826896506,NaN,1.08993915055699,1.5492297705281,-0.725846099478675,-0.811584767801617,-0.725846099478814,NaN,NaN,NaN,NaN,NaN,0.192976621708502,NaN,NaN,NaN,NaN,NaN,NaN,NaN,NaN,NaN,NaN,NaN,-0.403753162089419,-0.689582756853148,-0.183923866299579,-1.44261500047664,-1.40888231939106,1.02492124057747,-1.57706499042083,0.620879126972945,0.634792274757921,0.63479227475644,NaN,NaN,NaN,NaN,NaN,NaN,0.442683634748524,NaN,NaN,NaN,NaN,NaN
394.5472,-1.19331818352354,1.5402581087747,-0.33098828644347,-0.236173085365592,1.09052860518716,1.09052860518562,NaN,1.09821879849757,1.55060706661195,-0.748807073913193,-0.819464115486738,-0.748807073913329,NaN,NaN,NaN,NaN,NaN,0.179799457102282,NaN,NaN,NaN,NaN,NaN,NaN,NaN,NaN,NaN,NaN,NaN,-0.408665291434318,-0.706966490703062,-0.175776490223972,-1.45952531447608,-1.41540119560916,1.02335751249174,-1.59309767742879,0.63333240946962,0.637274092899403,0.637274092897909,NaN,NaN,NaN,NaN,NaN,NaN,0.431961941192632,NaN,NaN,NaN,NaN,NaN
394.6496,-1.19869563868477,1.55687446116107,-0.327365219997298,-0.228825447003479,1.09851214420592,1.09851214420439,NaN,1.10609415489462,1.5519714250055,-0.772477437765812,-0.827034651585763,-0.772477437765944,NaN,NaN,NaN,NaN,NaN,0.166507334317974,NaN,NaN,NaN,NaN,NaN,NaN,NaN,NaN,NaN,NaN,NaN,-0.413292295235645,-0.723858203022218,-0.167449312606743,-1.47533239097004,-1.42042985476905,1.0205463657172,-1.60768851226678,0.645381961089988,0.639789371407102,0.639789371405594,NaN,NaN,NaN,NaN,NaN,NaN,0.420851541374584,NaN,NaN,NaN,NaN,NaN
394.752,-1.20381219626757,1.57304076416706,-0.323729680747732,-0.221997660810026,1.1048423865942,1.10484238659267,NaN,1.11355391978808,1.55331851188289,-0.796850811529237,-0.834255960757587,-0.796850811529367,NaN,NaN,NaN,NaN,NaN,0.153163180323145,NaN,NaN,NaN,NaN,NaN,NaN,NaN,NaN,NaN,NaN,NaN,-0.417605959418667,-0.740220550185031,-0.158965790242597,-1.49000896609126,-1.42400965715003,1.01652411916243,-1.62087516150915,0.656979885721558,0.642332245468448,0.642332245466922,NaN,NaN,NaN,NaN,NaN,NaN,0.409360752929274,NaN,NaN,NaN,NaN,NaN
394.8544,-1.20861121124575,1.58871129004771,-0.320051480536527,-0.215715904261736,1.10946903848371,1.10946903848218,NaN,1.1205863824362,1.55463988820186,-0.821916589972223,-0.84108773118311,-0.82191658997235,NaN,NaN,NaN,NaN,NaN,0.139829506634282,NaN,NaN,NaN,NaN,NaN,NaN,NaN,NaN,NaN,NaN,NaN,-0.421578602843614,-0.756018153840426,-0.150350087986611,-1.5035321672184,-1.4261819077946,1.0113283003614,-1.63269349994518,0.668079480231634,0.644895686041276,0.644895686039733,NaN,NaN,NaN,NaN,NaN,NaN,0.397498173107546,NaN,NaN,NaN,NaN,NaN
394.9568,-1.21303761785896,1.60384028469202,-0.316301960716456,-0.210003635334983,1.11234829480493,1.1123482948034,NaN,1.12717941163947,1.55592295531126,-0.847659786608088,-0.847490038722878,-0.84765978660822,NaN,NaN,NaN,NaN,NaN,0.126568053815391,NaN,NaN,NaN,NaN,NaN,NaN,NaN,NaN,NaN,NaN,NaN,-0.425183200984565,-0.771217769665707,-0.141626929002715,-1.51588356959188,-1.42698773420653,1.00499750049266,-1.6431775512667,0.678635310323531,0.647471304632139,0.647471304630579,NaN,NaN,NaN,NaN,NaN,NaN,0.385272637345388,NaN,NaN,NaN,NaN,NaN
395.0592,-1.21703803867303,1.61838203906037,-0.312454059050283,-0.204881484971242,1.11344310429884,1.11344310429731,NaN,1.13332046476677,1.55715095804886,-0.874060917466205,-0.853423635527324,-0.874060917466329,NaN,NaN,NaN,NaN,NaN,0.113439412791708,NaN,NaN,NaN,NaN,NaN,NaN,NaN,NaN,NaN,NaN,NaN,-0.428393510169705,-0.785788441314168,-0.13282144296345,-1.52704922484712,-1.42646798761328,0.997571234910866,-1.65235947124435,0.688603257072526,0.650049174825544,0.650049174823964,NaN,NaN,NaN,NaN,NaN,NaN,0.3726931846925,NaN,NaN,NaN,NaN,NaN
395.1616,-1.22056088078915,1.63229097692458,-0.308482355659209,-0.200367179268646,1.11272341281791,1.11272341281638,NaN,1.1389966056939,1.55830302521025,-0.90109591893605,-0.858850236285017,-0.901095918936179,NaN,NaN,NaN,NaN,NaN,0.100502634703362,NaN,NaN,NaN,NaN,NaN,NaN,NaN,NaN,NaN,NaN,NaN,-0.431184190053065,-0.799701623352976,-0.123959024694305,-1.53701965315925,-1.42466316452318,0.989089810048342,-1.66026956524874,0.697940531720058,0.652617668469313,0.652617668467715,NaN,NaN,NaN,NaN,NaN,NaN,0.359769025166677,NaN,NaN,NaN,NaN,NaN
395.264,-1.22355642150232,1.64552175975593,-0.304363099781257,-0.196475494416941,1.11016638117791,1.11016638117639,NaN,1.14419451951379,1.5593542266254,-0.928736092669912,-0.86373279850322,-0.92873609267004,NaN,NaN,NaN,NaN,NaN,0.0878148468154404,NaN,NaN,NaN,NaN,NaN,NaN,NaN,NaN,NaN,NaN,NaN,-0.43353092443153,-0.812931264427348,-0.115065210244592,-1.54578979484884,-1.42161334741461,0.979594199441656,-1.66693633382719,0.706605654085761,0.655163301392381,0.655163301390767,NaN,NaN,NaN,NaN,NaN,NaN,0.346509505787829,NaN,NaN,NaN,NaN,NaN
395.3664,-1.22597688385749,1.65802940761236,-0.300074218377499,-0.19321824511379,1.10575657437669,1.10575657437518,NaN,1.14890052010748,1.56027563727719,-0.956948075987664,-0.868035794986283,-0.956948075987792,NaN,NaN,NaN,NaN,NaN,0.0754308854314123,NaN,NaN,NaN,NaN,NaN,NaN,NaN,NaN,NaN,NaN,NaN,-0.43541054214396,-0.825453849769829,-0.106165573313916,-1.55335892442072,-1.41735816431565,0.96912593178426,-1.67238654180347,0.714558382149698,0.657670583828653,0.657670583827019,NaN,NaN,NaN,NaN,NaN,NaN,0.332924077974794,NaN,NaN,NaN,NaN,NaN
395.4688,-1.22777650369277,1.66976943472736,-0.29559530879714,-0.190604304925586,1.09948611854854,1.09948611854703,NaN,1.153100557232,1.56103440921524,-0.985693840577359,-0.871725477434234,-0.985693840577497,NaN,NaN,NaN,NaN,NaN,0.063402947235172,NaN,NaN,NaN,NaN,NaN,NaN,NaN,NaN,NaN,NaN,NaN,-0.43680114004543,-0.837248408336839,-0.0972856410699752,-1.55973053447464,-1.41193676572516,0.957726992296702,-1.67664530581619,0.721759585290969,0.660121876024503,0.660121876022845,NaN,NaN,NaN,NaN,NaN,NaN,0.319022272977188,NaN,NaN,NaN,NaN,NaN
395.5712,-1.22891159294605,1.68069799599973,-0.290907622094326,-0.188639652371516,1.09135482178467,1.09135482178316,NaN,1.15678023499258,1.56159385874471,-1.01493072408859,-0.874770128451628,-1.01493072408874,NaN,NaN,NaN,NaN,NaN,0.0517802609493928,NaN,NaN,NaN,NaN,NaN,NaN,NaN,NaN,NaN,NaN,NaN,-0.437682208637818,-0.848296496179679,-0.0884508228333373,-1.56491219912836,-1.40538781520834,0.945439736483458,-1.67973619378567,0.728171076367412,0.662497258541385,0.662497258539708,NaN,NaN,NaN,NaN,NaN,NaN,0.304813691060653,NaN,NaN,NaN,NaN,NaN
395.6736,-1.22934060346526,1.69077203538611,-0.2859940458224,-0.18732743287662,1.08137025772706,1.08137025772556,NaN,1.15992485101456,1.5619135769188,-1.04461150021158,-0.877140296636968,-1.04461150021174,NaN,NaN,NaN,NaN,NaN,0.0406087883703608,NaN,NaN,NaN,NaN,NaN,NaN,NaN,NaN,NaN,NaN,NaN,-0.438034758110455,-0.858582173096445,-0.0796863404934903,-1.56891542874681,-1.39774949030397,0.932306814751204,-1.6816813312689,0.733755436978919,0.664774431217424,0.664774431215723,NaN,NaN,NaN,NaN,NaN,NaN,0.290308005863233,NaN,NaN,NaN,NaN,NaN
395.776,-1.2290241904778,1.69994942451868,-0.280839091668303,-0.186668029346428,1.06954781413478,1.06954781413328,NaN,1.16251945725401,1.56194956335991,-1.07468449162903,-0.878809008947366,-1.0746844916292,NaN,NaN,NaN,NaN,NaN,0.0299309662841459,NaN,NaN,NaN,NaN,NaN,NaN,NaN,NaN,NaN,NaN,NaN,-0.437841439975099,-0.868091987779659,-0.0710171510266143,-1.57175552697476,-1.38905949409944,0.918371108518591,-1.68250151458714,0.738475865481304,0.666928647382421,0.666928647380698,NaN,NaN,NaN,NaN,NaN,NaN,0.275514979989654,NaN,NaN,NaN,NaN,NaN
395.8784,-1.22792527111222,1.7081890830069,-0.275428888020772,-0.186659141268381,1.05591070773291,1.05591070773141,NaN,1.16454893681915,1.56165437908184,-1.10509372607753,-0.879751956069212,-1.10509372607771,NaN,NaN,NaN,NaN,NaN,0.0197854978423217,NaN,NaN,NaN,NaN,NaN,NaN,NaN,NaN,NaN,NaN,NaN,-0.43708665939351,-0.876814975932086,-0.0624678595671936,-1.57345145525825,-1.37935508144064,0.903675681123264,-1.68221633458543,0.742296056489237,0.668932678331994,0.668932678330247,NaN,NaN,NaN,NaN,NaN,NaN,0.260444482948086,NaN,NaN,NaN,NaN,NaN
395.9808,-1.22600907497065,1.71545107771694,-0.269751176022601,-0.187295876210982,1.04048996332594,1.04048996332445,NaN,1.16599809237755,1.56097732276555,-1.1357791320263,-0.879947648613427,-1.1357791320265,NaN,NaN,NaN,NaN,NaN,0.0102071982978061,NaN,NaN,NaN,NaN,NaN,NaN,NaN,NaN,NaN,NaN,NaN,-0.435756676335902,-0.884742665575937,-0.0540626283964283,-1.57402570327997,-1.36867310297506,0.888263746371624,-1.68084431388545,0.745180107743684,0.670756800602138,0.670756800600364,NaN,NaN,NaN,NaN,NaN,NaN,0.245106501652027,NaN,NaN,NaN,NaN,NaN
396.0832,-1.22324318742252,1.7216967032657,-0.263795308568017,-0.188570855041991,1.02332435560085,1.02332435559936,NaN,1.16685174553891,1.55986464254072,-1.16667677003563,-0.879377544757785,-1.16667677003584,NaN,NaN,NaN,NaN,NaN,0.00122689282023181,NaN,NaN,NaN,NaN,NaN,NaN,NaN,NaN,NaN,NaN,NaN,-0.43383969808441,-0.891869083432408,-0.0458250857319452,-1.57350416089708,-1.35705006612811,0.872178654183918,-1.67840305647546,0.747092453396004,0.672368803545275,0.672368803543479,NaN,NaN,NaN,NaN,NaN,NaN,0.229511138949634,NaN,NaN,NaN,NaN,NaN
396.1856,-1.2195975880612,1.72688854853231,-0.257552252049372,-0.190474327194767,1.0044603174024,1.00446031740092,NaN,1.16709484683371,1.55825979004959,-1.19771909819964,-0.878026153967168,-1.19771909819987,NaN,NaN,NaN,NaN,NaN,-0.00712864486756672,NaN,NaN,NaN,NaN,NaN,NaN,NaN,NaN,NaN,NaN,NaN,-0.431325968246642,-0.898190762682683,-0.0377782318947526,-1.57191598841644,-1.34452220934154,0.855463890265452,-1.67490940608038,0.7479978310647,0.673734018166535,0.673734018164718,NaN,NaN,NaN,NaN,NaN,NaN,0.213668601008651,NaN,NaN,NaN,NaN,NaN
396.288,-1.21504468714978,1.73099055260044,-0.251014591761146,-0.192994288769825,0.983951823507711,0.983951823506242,NaN,1.16671259591805,1.55610371730744,-1.2288352732449,-0.87588112540815,-1.22883527324516,NaN,NaN,NaN,NaN,NaN,-0.0148367247181744,NaN,NaN,NaN,NaN,NaN,NaN,NaN,NaN,NaN,NaN,NaN,-0.428207856590617,-0.903706756836995,-0.0299443371303944,-1.5692934844665,-1.33112558559402,0.838163085897508,-1.67037961025746,0.747861293662993,0.674815370205991,0.674815370204155,NaN,NaN,NaN,NaN,NaN,NaN,0.197589175247435,NaN,NaN,NaN,NaN,NaN
396.3904,-1.20955936102764,1.73396805078507,-0.244176541548118,-0.196116597117783,0.961860259981278,0.961860259979824,NaN,1.16569057328856,1.55333521698678,-1.25995148996882,-0.87293333177244,-1.25995148996908,NaN,NaN,NaN,NaN,NaN,-0.0218787481458631,NaN,NaN,NaN,NaN,NaN,NaN,NaN,NaN,NaN,NaN,NaN,-0.424479950878933,-0.908418664097293,-0.0223448262327063,-1.56567195147632,-1.31689615058365,0.820320032580188,-1.66482948768725,0.746648271770525,0.675573461195328,0.675573461193475,NaN,NaN,NaN,NaN,NaN,NaN,0.181283202606143,NaN,NaN,NaN,NaN,NaN
396.4928,-1.20311898117868,1.73578781161604,-0.237033952151226,-0.199825082868218,0.938254285238723,0.938254285237287,NaN,1.1640148841399,1.54989130585226,-1.29099136015094,-0.869176957233458,-1.29099136015121,NaN,NaN,NaN,NaN,NaN,-0.0282401923231546,NaN,NaN,NaN,NaN,NaN,NaN,NaN,NaN,NaN,NaN,NaN,-0.420139149094726,-0.912330663404233,-0.0150001475974036,-1.56108955715802,-1.30186985013566,0.801978695707019,-1.65827459515764,0.744324679957027,0.675966678426903,0.675966678425035,NaN,NaN,NaN,NaN,NaN,NaN,0.164761053908921,NaN,NaN,NaN,NaN,NaN
396.5952,-1.19570342518734,1.73641806662743,-0.229584305974659,-0.204101667220727,0.913209681185776,0.913209681184361,NaN,1.16167231249205,1.54570764674741,-1.32187633199929,-0.864609588605161,-1.32187633199958,NaN,NaN,NaN,NaN,NaN,-0.0339105705382341,NaN,NaN,NaN,NaN,NaN,NaN,NaN,NaN,NaN,NaN,NaN,-0.415184749163617,-0.915449560409989,-0.00792962724517987,-1.55558718984907,-1.28608270499799,0.783183225110791,-1.65073039332587,0.740857053046276,0.675951331792648,0.675951331790764,NaN,NaN,NaN,NaN,NaN,NaN,0.148033119804373,NaN,NaN,NaN,NaN,NaN
396.6976,-1.18729505887071,1.73582853331988,-0.221826687800309,-0.208926490406474,0.886809186330654,0.886809186329261,NaN,1.15865048260673,1.54071900013166,-1.35252615400108,-0.859232295846046,-1.35252615400138,NaN,NaN,NaN,NaN,NaN,-0.0388833637165986,NaN,NaN,NaN,NaN,NaN,NaN,NaN,NaN,NaN,NaN,NaN,-0.409618533337639,-0.917784841136375,-0.00115131086503942,-1.5492083085799,-1.26957089854141,0.763977965800392,-1.64221241839437,0.736212701908753,0.675481814108409,0.675481814106508,NaN,NaN,NaN,NaN,NaN,NaN,0.131109812286773,NaN,NaN,NaN,NaN,NaN
396.8,-1.17787868786337,1.73399042824326,-0.213761731409538,-0.214278053185394,0.859142302342377,0.859142302341003,NaN,1.15493802357044,1.53485969542389,-1.38285938943034,-0.853049685427886,-1.38285938943064,NaN,NaN,NaN,NaN,NaN,-0.043155915139454,NaN,NaN,NaN,NaN,NaN,NaN,NaN,NaN,NaN,NaN,NaN,-0.403444845230976,-0.919348731232101,0.00531820159047918,-1.54199879124626,-1.25237087532239,0.744407473475758,-1.63273647027381,0.730359883462802,0.674510780952397,0.674510780950476,NaN,NaN,NaN,NaN,NaN,NaN,0.11400156470288,NaN,NaN,NaN,NaN,NaN
396.9024,-1.16744148503916,1.73087646302872,-0.205391552029599,-0.220133376338292,0.830305067896834,0.830305067895483,NaN,1.15052473032295,1.52806411707194,-1.41279398975782,-0.846069919987836,-1.41279398975814,NaN,NaN,NaN,NaN,NaN,-0.0467292835597695,NaN,NaN,NaN,NaN,NaN,NaN,NaN,NaN,NaN,NaN,NaN,-0.396670657963937,-0.920156257815426,0.0114639242834181,-1.53400678261553,-1.23451945266165,0.724516536026858,-1.62231882014272,0.72326798192715,0.672989348496713,0.672989348494776,NaN,NaN,NaN,NaN,NaN,NaN,0.0967188169147966,NaN,NaN,NaN,NaN,NaN
397.0048,-1.15597289964044,1.72646081600814,-0.19671967413008,-0.226468188041048,0.800399794432773,0.800399794431446,NaN,1.14540171238877,1.52026720344363,-1.44224793292094,-0.838304709083993,-1.44224793292125,NaN,NaN,NaN,NaN,NaN,-0.0496080578070707,NaN,NaN,NaN,NaN,NaN,NaN,NaN,NaN,NaN,NaN,NaN,-0.389305632194271,-0.920225309317607,0.0172726532251381,-1.52528253994135,-1.21605394115996,0.704350199401045,-1.61097643096634,0.714907699492199,0.670867310372501,0.670867310370546,NaN,NaN,NaN,NaN,NaN,NaN,0.0792719799956194,NaN,NaN,NaN,NaN,NaN
397.1072,-1.14346454812146,1.72071908051469,-0.187750953997705,-0.23325714850555,0.769534759975522,0.769534759974223,NaN,1.13956151919941,1.51140494950664,-1.4711399144036,-0.829769282384718,-1.47113991440391,NaN,NaN,NaN,NaN,NaN,-0.0518001439959835,NaN,NaN,NaN,NaN,NaN,NaN,NaN,NaN,NaN,NaN,NaN,-0.381362164503372,-0.919576684976962,0.0227331282184602,-1.51587826994456,-1.19701227073363,0.68395379758742,-1.59872718405321,0.705251246459777,0.668093368870061,0.668093368868083,NaN,NaN,NaN,NaN,NaN,NaN,0.0616713842957319,NaN,NaN,NaN,NaN,NaN
397.2096,-1.12991008466706,1.71362820208503,-0.178491488672875,-0.240474116399942,0.737823861142879,0.737823861141604,NaN,1.13299822886967,1.50141489299166,-1.49939005403476,-0.820482357113805,-1.49939005403508,NaN,NaN,NaN,NaN,NaN,-0.0533165395742186,NaN,NaN,NaN,NaN,NaN,NaN,NaN,NaN,NaN,NaN,NaN,-0.372855428571855,-0.918234121242607,0.0278361804980232,-1.50584794862877,-1.17743312392727,0.663372990085564,-1.58559011072364,0.694272506641351,0.664615367105023,0.66461536710303,NaN,NaN,NaN,NaN,NaN,NaN,0.0439272215565269,NaN,NaN,NaN,NaN,NaN
397.312,-1.11530505422485,1.70516641869556,-0.168948506501098,-0.248092451243048,0.705386225729543,0.705386225728296,NaN,1.12570749421999,1.49023656561976,-1.52692057665272,-0.81046610523827,-1.52692057665303,NaN,NaN,NaN,NaN,NaN,-0.0541711072110862,NaN,NaN,NaN,NaN,NaN,NaN,NaN,NaN,NaN,NaN,NaN,-0.363803410337785,-0.916224284706962,0.0325748581199159,-1.49524711852574,-1.15735607907845,0.642653810402646,-1.57158562965682,0.681947157016771,0.660380513880297,0.660380513878287,NaN,NaN,NaN,NaN,NaN,NaN,0.0260494917113651,NaN,NaN,NaN,NaN,NaN
397.4144,-1.09964673943173,1.69531321039115,-0.159130246860038,-0.256085326901009,0.67234578482666,0.672345784825436,NaN,1.1176865560982,1.47781190830943,-1.55365643973811,-0.799746116602534,-1.55365643973841,NaN,NaN,NaN,NaN,NaN,-0.0543803618566639,NaN,NaN,NaN,NaN,NaN,NaN,NaN,NaN,NaN,NaN,NaN,-0.354226934750078,-0.913576732365956,0.0369445270370093,-1.48413266785807,-1.13682175636664,0.621842722683904,-1.55673577910622,0.668252747586293,0.655335610325846,0.655335610323823,NaN,NaN,NaN,NaN,NaN,NaN,0.00804796002849285,NaN,NaN,NaN,NaN,NaN
397.5168,-1.08293401833975,1.68404925740657,-0.149045845760909,-0.264426014120944,0.638830796828035,0.638830796826836,NaN,1.10893424472752,1.46408566485275,-1.57952589196027,-0.788351349816644,-1.57952589196057,NaN,NaN,NaN,NaN,NaN,-0.0539632854931964,NaN,NaN,NaN,NaN,NaN,NaN,NaN,NaN,NaN,NaN,NaN,-0.344149680613631,-0.910323851271458,0.0409429518881556,-1.47256260583042,-1.11587194697373,0.60098667534193,-1.54106441734869,0.653168770469064,0.649427296833956,0.649427296831919,NaN,NaN,NaN,NaN,NaN,NaN,-0.0100678724056963,NaN,NaN,NaN,NaN,NaN
397.6192,-1.06516724476108,1.67135640360392,-0.138705240346752,-0.273088096490835,0.604973314830864,0.604973314829688,NaN,1.09945098641328,1.44900577075326,-1.60446095171164,-0.776314065648437,-1.60446095171192,NaN,NaN,NaN,NaN,NaN,-0.0529411761257578,NaN,NaN,NaN,NaN,NaN,NaN,NaN,NaN,NaN,NaN,NaN,-0.33359817987303,-0.906500790175441,0.0445703617952001,-1.46059584723572,-1.09454970445619,0.58013313865232,-1.524597364964,0.636676742152221,0.642602331233824,0.642602331231772,NaN,NaN,NaN,NaN,NaN,NaN,-0.0282887808860297,NaN,NaN,NaN,NaN,NaN
397.7216,-1.04634815050391,1.65721762337886,-0.12811909256496,-0.282045614901763,0.570908597298193,0.570908597297041,NaN,1.08923882357325,1.4325237466379,-1.62839780494306,-0.763669740523145,-1.62839780494333,NaN,NaN,NaN,NaN,NaN,-0.0513375195595487,NaN,NaN,NaN,NaN,NaN,NaN,NaN,NaN,NaN,NaN,NaN,-0.322601794206801,-0.902145385865687,0.0478295024885516,-1.44829200891829,-1.07289938961828,0.559330118566223,-1.50736248115158,0.618760300819712,0.634807894872881,0.634807894870818,NaN,NaN,NaN,NaN,NaN,NaN,-0.0466058098424079,NaN,NaN,NaN,NaN,NaN
397.824,-1.02647976267439,1.64161699575234,-0.117298723500016,-0.291273160588111,0.536774469681863,0.536774469680734,NaN,1.0783014492749,1.414595096662,-1.65127712987734,-0.750456952067398,-1.65127712987759,NaN,NaN,NaN,NaN,NaN,-0.0491778629621228,NaN,NaN,NaN,NaN,NaN,NaN,NaN,NaN,NaN,NaN,NaN,-0.311192659753339,-0.897298078653453,0.0507256714823789,-1.43571121374416,-1.05096667335514,0.538626145637428,-1.48938968511723,0.599405309577936,0.625991916193836,0.625991916191765,NaN,NaN,NaN,NaN,NaN,NaN,-0.0650102516166935,NaN,NaN,NaN,NaN,NaN
397.9264,-1.00556633395645,1.62453969616983,-0.106256050800205,-0.300745935870276,0.502710644270338,0.502710644269234,NaN,1.06664425283989,1.39517970706354,-1.67304435195828,-0.736717215972793,-1.67304435195851,NaN,NaN,NaN,NaN,NaN,-0.0464896803145147,NaN,NaN,NaN,NaN,NaN,NaN,NaN,NaN,NaN,NaN,NaN,-0.299405595036955,-0.892001811602723,0.0532667316113468,-1.42291390009147,-1.02879850640688,0.51807024100379,-1.47071093886163,0.578599961246681,0.616103404467457,0.616103404465377,NaN,NaN,NaN,NaN,NaN,NaN,-0.0834936220626865,NaN,NaN,NaN,NaN,NaN
398.0288,-0.983613288600276,1.60597201619346,-0.0950035264347612,-0.310439788595959,0.468858001719481,0.4688580017184,NaN,1.05427436944889,1.3742422402214,-1.69364982299696,-0.722494746779706,-1.69364982299716,NaN,NaN,NaN,NaN,NaN,-0.0433022363479831,NaN,NaN,NaN,NaN,NaN,NaN,NaN,NaN,NaN,NaN,NaN,-0.287277972718303,-0.886301910763822,0.0554630991637296,-1.409960637976,-1.00644306059152,0.497711860203428,-1.45136020000588,0.556334885917105,0.605092792054211,0.605092792052129,NaN,NaN,NaN,NaN,NaN,NaN,-0.1020476398638,NaN,NaN,NaN,NaN,NaN
398.1312,-0.960627185027764,1.58590141207979,-0.0835540751286135,-0.320331219955685,0.435357836724316,0.435357836723256,NaN,1.04120072654351,1.35175251977707,-1.71304892009027,-0.707836128397242,-1.71304892009047,NaN,NaN,NaN,NaN,NaN,-0.0396464589060717,NaN,NaN,NaN,NaN,NaN,NaN,NaN,NaN,NaN,NaN,NaN,-0.27484955841452,-0.880245944967974,0.0573277056004737,-1.39691195091617,-0.983949643114036,0.477600815549773,-1.43137334704849,0.532603260345351,0.59291228552103,0.592912285518945,NaN,NaN,NaN,NaN,NaN,NaN,-0.120664209594048,NaN,NaN,NaN,NaN,NaN
398.2336,-0.936615693589794,1.5643165749993,-0.0719210358976289,-0.330397366006176,0.40235107618502,0.402351076183978,NaN,1.0274340829662,1.32768589630325,-1.73120207491071,-0.692789906966972,-1.73120207491089,NaN,NaN,NaN,NaN,NaN,-0.0355548232818297,NaN,NaN,NaN,NaN,NaN,NaN,NaN,NaN,NaN,NaN,NaN,-0.262162321225474,-0.87388356713506,0.0588759368214156,-1.38382814080022,-0.961368591615826,0.457787182516106,-1.41078808580623,0.507400914199468,0.579516222593024,0.579516222590935,NaN,NaN,NaN,NaN,NaN,NaN,-0.139335406043014,NaN,NaN,NaN,NaN,NaN
398.336,-0.911587590304075,1.54120751713294,-0.0601181105271314,-0.340615955689618,0.369977490585646,0.369977490584622,NaN,1.01298705882424,1.30202357414783,-1.7480747560905,-0.677406135084228,-1.74807475609066,NaN,NaN,NaN,NaN,NaN,-0.031061247148912,NaN,NaN,NaN,NaN,NaN,NaN,NaN,NaN,NaN,NaN,NaN,-0.249260221125407,-0.867266344075493,0.0601255579013547,-1.3707691154679,-0.938751165717748,0.438321200733345,-1.38964385585862,0.480726430873978,0.564861425734125,0.564861425732036,NaN,NaN,NaN,NaN,NaN,NaN,-0.158053457018076,NaN,NaN,NaN,NaN,NaN
398.4384,-0.885552771195741,1.51656567531857,-0.0481593225451063,-0.350965250703855,0.338374922734095,0.338374922733091,NaN,0.997874153290604,1.27475287701405,-1.763637425273,-0.661735894050702,-1.76363742527315,NaN,NaN,NaN,NaN,NaN,-0.026200993780746,NaN,NaN,NaN,NaN,NaN,NaN,NaN,NaN,NaN,NaN,NaN,-0.236188976740961,-0.860447582928844,0.0610966310019703,-1.35779422100768,-0.916149450119028,0.419253179797784,-1.36798175490995,0.45258124914486,0.548907540796667,0.548907540794581,NaN,NaN,NaN,NaN,NaN,NaN,-0.176810721077399,NaN,NaN,NaN,NaN,NaN
398.5408,-0.858522292409594,1.4903840370652,-0.0360589891037165,-0.361423971908581,0.30767854362544,0.307678543624455,NaN,0.982111746946937,1.24586743684598,-1.77786547907914,-0.645830810555222,-1.77786547907929,NaN,NaN,NaN,NaN,NaN,-0.0210105845906553,NaN,NaN,NaN,NaN,NaN,NaN,NaN,NaN,NaN,NaN,NaN,-0.222995814960772,-0.853482159677853,0.0618114313827324,-1.34496208044631,-0.893616269241162,0.4006334104895,-1.34584448021375,0.422969775747558,0.531617354248353,0.531617354246269,NaN,NaN,NaN,NaN,NaN,NaN,-0.195599656069013,NaN,NaN,NaN,NaN,NaN
398.6432,-0.830508436376691,1.4626572888717,-0.0238317060739653,-0.371971216160432,0.278020133852285,0.278020133851319,NaN,0.965718086466493,1.21536730555567,-1.79073918441588,-0.62974257384947,-1.79073918441602,NaN,NaN,NaN,NaN,NaN,-0.0155277276191908,NaN,NaN,NaN,NaN,NaN,NaN,NaN,NaN,NaN,NaN,NaN,-0.209729203951138,-0.846426353006945,0.0622943642682688,-1.33233044014629,-0.871205091095235,0.382512067931776,-1.32327625823802,0.391899513019092,0.512957090662682,0.512957090660604,NaN,NaN,NaN,NaN,NaN,NaN,-0.214412774193868,NaN,NaN,NaN,NaN,NaN
