time,S1-D1,S1-D8,S1-D9,S1-D15,S2-D1,S2-D2,S2-D3,S2-D9,S3-D1,S3-D2,S3-D16,S4-D2,S4-D3,S4-D5,S5-D3,S5-D4,S5-D5,S6-D2,S6-D5,S6-D17,S7-D6,S7-D7,S8-D6,S8-D7,S8-D18,S9-D3,S9-D4,S9-D9,S9-D11,S9-D19,S10-D8,S10-D9,S10-D10,S10-D11,S11-D8,S11-D10,S11-D20,S12-D10,S12-D11,S12-D12,S13-D4,S13-D11,S13-D12,S14-D10,S14-D12,S14-D21,S15-D13,S15-D14,S16-D13,S16-D14,S16-D22
382.7712,1.80922758940402,-0.532673723255111,0.846149468161403,-0.753774303634424,-0.472369105692279,-0.472369105690147,NaN,-0.499422969968261,1.73342132609152,0.779737472286544,1.2382017698547,0.779737472286091,1.6961491517711,-0.0928599392956058,NaN,NaN,NaN,-0.790615077943459,NaN,-0.273216253233975,-0.100722923183438,NaN,-1.94980770020084,NaN,NaN,-1.32161095973383,NaN,NaN,-1.2235660416767,0.35106726679578,-0.0133086092466754,0.266114842761026,NaN,NaN,-0.530609218159169,0.100532767179435,-0.262406120667676,-1.14125172688031,-1.14125172688136,-2.13265507334334,0.906635660069433,NaN,NaN,-0.914454379654184,1.0619412113215,NaN,NaN,1.91059204402527,NaN,-0.292427514718702,-0.303485012560832
382.8736,1.73740736749923,-0.487569518083166,0.849116464465789,-0.708195458791933,-0.428519149224424,-0.428519149222295,NaN,-0.49016325460806,1.69401558210123,0.726717213586392,1.23000989130312,0.72671721358595,1.59640172562123,-0.0751615601832279,NaN,NaN,NaN,-0.759188813654014,NaN,-0.269255390981832,-0.123928509934859,NaN,-1.91301079108526,NaN,NaN,-1.21937320076512,NaN,NaN,-1.22530225702517,0.285656002903393,-0.0245123997282706,0.280922641626125,NaN,NaN,-0.498879821554188,0.124681492868081,-0.239833996433805,-1.09176723098523,-1.09176723098632,-2.16008538437876,0.970315957781362,NaN,NaN,-0.903356957746559,1.06067641586479,NaN,NaN,1.92812358334453,NaN,-0.285540509285211,-0.277159842303152
382.976,1.66562226901946,-0.442225242507552,0.852481963673639,-0.661967861642103,-0.38430280710426,-0.384302807102137,NaN,-0.480333828328157,1.65509163986881,0.674557690071665,1.22169835096155,0.674557690071232,1.49639435725308,-0.0568905218128299,NaN,NaN,NaN,-0.727717572451916,NaN,-0.266671493247307,-0.146179961107988,NaN,-1.87583238523896,NaN,NaN,-1.11671012840624,NaN,NaN,-1.22645463992223,0.219798016585551,-0.0358515284588952,0.295934153803872,NaN,NaN,-0.466859481292705,0.149613444919464,-0.216960511994513,-1.04137753645842,-1.04137753645955,-2.18525722784972,1.03243976723616,NaN,NaN,-0.890911461210278,1.05875201889342,NaN,NaN,1.94484460248783,NaN,-0.277114512942095,-0.250268560153996
383.0784,1.5939652929627,-0.396711107807774,0.856224109616979,-0.615175110172571,-0.339787419007595,-0.33978741900548,NaN,-0.469969750715781,1.61668912876304,0.623341161915313,1.2132557721175,0.623341161914889,1.39626274381866,-0.038067646249622,NaN,NaN,NaN,-0.69625829267221,NaN,-0.265450045462572,-0.167410647620972,NaN,-1.83831139921862,NaN,NaN,-1.0137982618528,NaN,NaN,-1.22699667972827,0.153614076697008,-0.0473060556064116,0.311134257565653,NaN,NaN,-0.434576648934883,0.175265672471347,-0.193818422443082,-0.990146667574013,-0.990146667575184,-2.20813803234646,1.09296727151255,NaN,NaN,-0.877113713702213,1.05620535591428,NaN,NaN,1.96076191302648,NaN,-0.267174086681719,-0.22281085623377
383.1808,1.52252783135485,-0.351097362187447,0.860319516339857,-0.567902699676035,-0.295041227637863,-0.295041227635755,NaN,-0.459108034422419,1.57884323816151,0.573143768534209,1.20467376459234,0.573143768533793,1.29614348324954,-0.0187180462943142,NaN,NaN,NaN,-0.66486605940933,NaN,-0.265571731572912,-0.187558955035255,NaN,-1.80048937556818,NaN,NaN,-0.91081782325551,NaN,NaN,-1.22690615751456,0.0872277379794048,-0.0588506582786228,0.326511261144241,NaN,NaN,-0.402062789105127,0.201572890883455,-0.170440594383382,-0.938141167091578,-0.938141167092796,-2.22869903461592,1.15186098814694,NaN,NaN,-0.861965530237046,1.05307494327752,NaN,NaN,1.97588247780012,NaN,-0.255747576366403,-0.194788697643401
383.2832,1.45139961513177,-0.305454107715953,0.864743497786269,-0.520237717244151,-0.250133171878526,-0.250133171876427,NaN,-0.44778743593366,1.54158491312892,0.524035413497472,1.19594687426647,0.524035413497062,1.19617389976672,0.00112913648908186,NaN,NaN,NaN,-0.63359401761963,NaN,-0.26701237394639,-0.206568664757423,NaN,-1.76241042075776,NaN,NaN,-0.807951989692533,NaN,NaN,-1.22616513850793,0.0207649832356726,-0.0704551242019821,0.342056538242453,NaN,NaN,-0.369352196075092,0.228467936899587,-0.146859938247817,-0.885429981472313,-0.885429981473578,-2.24691519396243,1.20908564155578,NaN,NaN,-0.845474851019389,1.04940022176155,NaN,NaN,1.99021348159606,NaN,-0.242867041894847,-0.166206564238559
383.3856,1.38066866034697,-0.259851117879498,0.869470296856818,-0.472268503379824,-0.205132686885526,-0.205132686883438,NaN,-0.436048228719708,1.50494111210896,0.476079691637802,1.18707246756943,0.476079691637398,1.09649188600532,0.0214410490027201,NaN,NaN,NaN,-0.602493296613897,NaN,-0.269742856954626,-0.224389329171591,NaN,-1.72412113403475,NaN,NaN,-0.705386092448729,NaN,NaN,-1.22475993163883,-0.0456461989316887,-0.0820849374223719,0.3577641064005,NaN,NaN,-0.336481811482403,0.255882235776786,-0.12310934604375,-0.832084371920224,-0.832084371921539,-2.26276511333343,1.26460801563046,NaN,NaN,-0.827655854566942,1.04522130229253,NaN,NaN,2.00376241648346,NaN,-0.2285681895976,-0.13707168344753
383.488,1.31042119764374,-0.214357637648085,0.874473325797514,-0.424084267919574,-0.160109488538986,-0.160109488536909,NaN,-0.423931948952743,1.46893511672438,0.429333862936317,1.17805055519429,0.42933386293591,0.99723573394808,0.0421814979129865,NaN,NaN,NaN,-0.571612956155097,NaN,-0.273729034042852,-0.240976650151853,NaN,-1.68567052334336,NaN,NaN,-0.603306749776939,NaN,NaN,-1.2226810170378,-0.111876298989763,-0.0937019482580444,0.373630152738867,NaN,NaN,-0.303491034559759,0.283746276994031,-0.0992216268273235,-0.778177829271861,-0.778177829273228,-2.27623095674085,1.31839679261491,NaN,NaN,-0.808529059665107,1.04057872360764,NaN,NaN,2.01653717264825,NaN,-0.212890310631429,-0.107394253880305
383.5904,1.24074157563022,-0.169042160652477,0.879725417585327,-0.375774662849788,-0.115133332731213,-0.115133332729149,NaN,-0.411481117004286,1.43358687381731,0.383848860941775,1.16888357026232,0.383848860941369,0.898543934405154,0.0633113629958429,NaN,NaN,NaN,-0.540999963209655,NaN,-0.27893162672998,-0.256292847529338,NaN,-1.6471099047311,NaN,NaN,-0.501900936769802,NaN,NaN,-1.21992294712964,-0.177794811250188,-0.10526511102591,0.38965252254471,NaN,NaN,-0.270421518628177,0.311990099512434,-0.0752294378709094,-0.723785978992016,-0.723785978993437,-2.28729835368496,1.37042238056907,NaN,NaN,-0.788121412607099,1.03551322680031,NaN,NaN,2.02854612443904,NaN,-0.195876215911872,-0.0771876553692453
383.6928,1.1717121397274,-0.123972194406339,0.885199073065211,-0.327429329677838,-0.0702737590462791,-0.0702737590442296,NaN,-0.398738953732926,1.39891334007481,0.339669314429946,1.15957612930389,0.339669314429539,0.800554934164144,0.084789029437104,NaN,NaN,NaN,-0.510699202977218,NaN,-0.285306130842249,-0.270306986209766,NaN,-1.6084927838532,NaN,NaN,-0.401355023026085,NaN,NaN,-1.21648422285439,-0.243270770970733,-0.116731262601313,0.405830191786377,NaN,NaN,-0.237316948974099,0.340543780074658,-0.051165212588058,-0.668986468541932,-0.66898646854341,-2.29595629338909,1.42065673360068,NaN,NaN,-0.766466347541038,1.03006554827959,NaN,NaN,2.03979820166016,NaN,-0.177572154528646,-0.0464686435570155
383.7952,1.10341309333963,-0.0792140316515747,0.890866682535656,-0.279137446150439,-0.0255998384589492,-0.0255998384569128,NaN,-0.385749115147448,1.36492879557466,0.296833563033967,1.15013480751099,0.296833563033561,0.703406850135947,0.106570810655112,NaN,NaN,NaN,-0.48075352146566,NaN,-0.29280275785136,-0.282995226470659,NaN,-1.56987472106116,NaN,NaN,-0.301853824191981,NaN,NaN,-1.21236714664821,-0.308173283710411,-0.128055905368657,0.422162748408536,NaN,NaN,-0.204222802809085,0.369337910269513,-0.0270610874475089,-0.613858835099955,-0.613858835101489,-2.30219702031105,1.46907317415989,NaN,NaN,-0.743603808206599,1.02427623509152,NaN,NaN,2.05030293863001,NaN,-0.158027712627236,-0.0152575175644475
383.8976,1.03592234510402,-0.0348325408001236,0.896700705432665,-0.230987294609306,0.0188200584487337,0.018820058450758,NaN,-0.372555460550222,1.33164509923337,0.25537365255832,1.14056794642856,0.255373652557913,0.607237151060887,0.128611336948159,NaN,NaN,NaN,-0.451203786650644,NaN,-0.301366453211961,-0.294340970765111,NaN,-1.53131318271154,NaN,NaN,-0.203579704944998,NaN,NaN,-1.20757766396965,-0.37237203672547,-0.139193959602363,0.438649905662729,NaN,NaN,-0.17118610471696,0.398304051390176,-0.00294883202293462,-0.558484362926974,-0.558484362928563,-2.3060159367015,1.5156462273526,NaN,NaN,-0.719580222349665,1.01818548776442,NaN,NaN,2.06007050017127,NaN,-0.137295701412904,0.0164217559117608
384,0.969315343345753,0.00910901985624095,0.902673802017605,-0.183065865447512,0.0629184641930526,0.0629184641950662,NaN,-0.359201857416898,1.29907187725976,0.215315302733551,1.13088548505975,0.215315302733146,0.512182324519135,0.150863895788503,NaN,NaN,NaN,-0.422088946718765,NaN,-0.310937023881783,-0.304334897181249,NaN,-1.49286737911488,NaN,NaN,-0.106711750024054,NaN,NaN,-1.2021252112043,-0.435737792177051,-0.150100464287871,0.455291060988599,NaN,NaN,-0.138255199903199,0.427375164069962,0.0211402112896878,-0.502945949484798,-0.502945949486441,-2.30741150665664,1.56035147247776,NaN,NaN,-0.694448420277901,1.01183303029095,NaN,NaN,2.06911168852825,NaN,-0.115432046270437,0.0485414723410578
384.1024,0.903664901413214,0.0525491640058944,0.908758920190051,-0.135458501060752,0.10662898715687,0.106628987158872,NaN,-0.345732018924117,1.26721665202731,0.176677851517454,1.12109878138929,0.176677851517046,0.418377540600694,0.173280720975606,NaN,NaN,NaN,-0.393446069265421,NaN,-0.321449375509914,-0.312974882046704,NaN,-1.45459808437713,NaN,NaN,-0.0114250028064221,NaN,NaN,-1.19602257750944,-0.498142873460141,-0.160731221096296,0.472084901480959,NaN,NaN,-0.105479558214903,0.456486011206268,0.045175170330351,-0.447327991655894,-0.447327991657593,-2.30638515477987,1.60316541504846,NaN,NaN,-0.668267489112784,1.00525800318237,NaN,NaN,2.07743793067309,NaN,-0.0924956856683067,0.0810701742097256
384.2048,0.839041018492085,0.0954283182363515,0.914929346203678,-0.0882485807567369,0.149886461739003,0.149886461740992,NaN,-0.332189366597957,1.2360849229939,0.139474195050209,1.11122038853722,0.139474195049796,0.325956305997204,0.19581323822971,NaN,NaN,NaN,-0.36531036082836,NaN,-0.332833840143246,-0.32026581815606,NaN,-1.41656742813492,NaN,NaN,0.0821102402792711,NaN,NaN,-1.1892857700632,-0.559461666519859,-0.171043383058463,0.489029052028542,NaN,NaN,-0.0729096001499008,0.485573528699102,0.0691256637792265,-0.391716280638998,-0.391716280640751,-2.30294116581344,1.64406539133198,NaN,NaN,-0.641102556933539,0.998498878182033,NaN,NaN,2.08506123866988,NaN,-0.0685484846381701,0.113972692240442
384.3072,0.775510694451464,0.137688950904856,0.92115873152664,-0.0415172406954991,0.192627090550042,0.192627090552016,NaN,-0.318616908205893,1.20568021091961,0.103710757010874,1.10126376722469,0.103710757010456,0.235050087347662,0.218412285425104,NaN,NaN,NaN,-0.337715174757715,NaN,-0.345016577976035,-0.326219341480884,NaN,-1.37883864671604,NaN,NaN,0.17372910071318,NaN,NaN,-1.18193386141242,-0.619571163468804,-0.180995988146652,0.506119766766796,NaN,NaN,-0.0405965206346968,0.514577156108949,0.0929618003380561,-0.336197877135071,-0.336197877136876,-2.29708660673148,1.68302952995481,NaN,NaN,-0.613024503802538,0.99159339269636,NaN,NaN,2.09199413611447,NaN,-0.0436551678431168,0.147210253774051
384.4096,0.713137729140788,0.179275703407996,0.927421109105178,0.00465688513507405,0.234788596283497,0.234788596285458,NaN,-0.305057120896099,1.17600407633563,0.0693875239292955,1.09124294079849,0.069387523928872,0.145787877846125,0.241028331063771,NaN,NaN,NaN,-0.310692011407257,NaN,-0.357920046018478,-0.330853487124828,NaN,-1.34147578353997,NaN,NaN,0.26327277928807,NaN,NaN,-1.17398879937104,-0.67835157218477,-0.190550435824199,0.523351669880807,NaN,NaN,-0.0085920845353963,0.543439121092412,0.116654165444342,-0.280860936551462,-0.280860936553319,-2.28883129376051,1.72003679527557,NaN,NaN,-0.584109599024261,0.984578496671429,NaN,NaN,2.09824954766084,NaN,-0.0178832801947832,0.180740676823021
384.512,0.651982496954478,0.220135534933037,0.933690907520234,0.0501979185016784,0.27631039466524,0.276310394667186,NaN,-0.291551833499934,1.14705612198644,0.0364981682651811,1.08117211673693,0.0364981682647481,0.0582956910115307,0.263611707172024,NaN,NaN,NaN,-0.284270507049344,NaN,-0.371463530705692,-0.334192293165428,NaN,-1.30454333815351,NaN,NaN,0.350589223702454,NaN,NaN,-1.16547517297122,-0.735686994672529,-0.199670901794141,0.540717555591875,NaN,NaN,0.023051622644779,0.572104675260969,0.140173808618777,-0.225794464231445,-0.225794464233351,-2.27818781393938,1.75506712104395,NaN,NaN,-0.554439066930013,0.977490302356049,NaN,NaN,2.10384065196079,NaN,0.00869682292912461,0.214518661431291
384.6144,0.59210170012651,0.260217876987116,0.93994296056032,0.0950329914242366,0.317133782116922,0.317133782118852,NaN,-0.278142108558355,1.11883399192383,0.00503025789811965,1.0710653043084,0.0050302578976735,-0.0273040067829604,0.286112854714264,NaN,NaN,NaN,-0.258478406582996,NaN,-0.385563728067371,-0.336265365553853,NaN,-1.26810588137396,NaN,NaN,0.435533794671172,NaN,NaN,-1.15641994565797,-0.791466140377022,-0.208324680724557,0.558208261084772,NaN,NaN,0.0542824864630976,0.600522280082534,0.163492241064393,-0.171088002545495,-0.171088002547457,-2.26517159290831,1.78810161931944,NaN,NaN,-0.524098586974574,0.97036402728229,NaN,NaN,2.10878070392762,NaN,0.0360119754172156,0.248496167263973
384.7168,0.533548118402016,0.299474777948705,0.946152498248518,0.139092494787541,0.357202112260657,0.357202112262571,NaN,-0.264868131658789,1.09133338232929,-0.025034471774776,1.0609359587582,-0.0250344717752347,-0.110892885955966,0.308482560863753,NaN,NaN,NaN,-0.233341521597053,NaN,-0.400135330069084,-0.337107419272007,NaN,-1.23222767131132,NaN,NaN,0.5179698962632,NaN,NaN,-1.14685217601222,-0.845583015312935,-0.216482447505269,0.575812621680802,NaN,NaN,0.0850486758152103,0.628643738041292,0.18658144589361,-0.116831274646259,-0.116831274648279,-2.24980098288903,1.81912283074678,NaN,NaN,-0.493177734836677,0.963233919311575,NaN,NaN,2.113082839186,NaN,0.063986231396826,0.282622845355649
384.8192,0.476370375763478,0.337861013303263,0.952295101148111,0.182310307057988,0.396460930619219,0.396460930621119,NaN,-0.251769120160872,1.06454806887602,-0.0537198219414963,1.05079667889222,-0.05371982194196,-0.192357324383253,0.330672158420959,NaN,NaN,NaN,-0.208883681769657,NaN,-0.415091572334535,-0.336757811472039,NaN,-1.19697230473623,NaN,NaN,0.597769525610677,NaN,NaN,-1.1368027420206,-0.897937537767221,-0.224118439148969,0.593517502051714,NaN,NaN,0.115298948966972,0.656424263588117,0.209413898842943,-0.0631138147195342,-0.0631138147216074,-2.23209733586756,1.84811497929099,NaN,NaN,-0.461769365467868,0.956133154423104,NaN,NaN,2.11675987577607,NaN,0.092540969099396,0.316846492151792
384.9216,0.420612737755099,0.375334145547969,0.958346605929478,0.224623990207879,0.434858049893408,0.434858049895292,NaN,-0.238883261179296,1.03846994057225,-0.0810548482361954,1.04065896877036,-0.081054848236668,-0.271588937026726,0.352633663252557,NaN,NaN,NaN,-0.185126686685545,NaN,-0.430344722204113,-0.33526007484112,NaN,-1.16240241968589,NaN,NaN,0.674813710980789,NaN,NaN,-1.12630407752912,-0.948436061947586,-0.231210568410696,0.611307886988824,NaN,NaN,0.144982936112032,0.683822494969087,0.231962596057455,-0.0100246018500944,-0.0100246018522286,-2.21208503259759,1.87506420700107,NaN,NaN,-0.429968934786415,0.94909370569829,NaN,NaN,2.11982412654849,NaN,0.121595088612319,0.351113508910006
385.024,0.36631494426186,0.411854530016853,0.96428296093139,0.265974945045689,0.472343565351795,0.472343565353661,NaN,-0.226247680450265,1.01308902606605,-0.107073614465345,1.03053305216541,-0.107073614465824,-0.348485059642706,0.374319839978376,NaN,NaN,NaN,-0.162090260110653,NaN,-0.445806510136977,-0.332661452011459,NaN,-1.12857944661651,NaN,NaN,0.748992830677839,NaN,NaN,-1.11538992676363,-0.996991813301875,-0.23774047809723,0.629167019152746,NaN,NaN,0.17405139060599,0.710800454747922,0.254201084971222,0.042348297232741,0.0423482972305497,-2.18979145202408,1.89995877869324,NaN,NaN,-0.397873760228363,0.942146187225874,NaN,NaN,2.12228723409302,NaN,0.151065300691857,0.385369360200719
385.1264,0.313512076695597,0.447385271082167,0.970080037554896,0.306308524109662,0.50886981848053,0.508869818482386,NaN,-0.213898437199714,0.98839350382697,-0.13181498725618,1.02042772082173,-0.131814987256658,-0.42294918661675,0.395684199856837,NaN,NaN,NaN,-0.139792006537817,NaN,-0.461388525793961,-0.329012429119086,NaN,-1.09556339740862,NaN,NaN,0.820206819827255,NaN,NaN,-1.10409512179161,-1.04352524867223,-0.243693542033569,0.647076575489826,NaN,NaN,0.202456403182093,0.737323468321542,0.276103494964583,0.0939180725298711,0.0939180725276172,-2.16524688304154,1.92278925512105,NaN,NaN,-0.365582225104244,0.935319674527535,NaN,NaN,2.12416003641197,NaN,0.180866487509041,0.419559028622185
385.2288,0.262234457342535,0.481892138088967,0.975713409707559,0.345574106635888,0.544391320073997,0.544391320075844,NaN,-0.201870538678543,0.964369697418376,-0.155322460579154,1.01035020687939,-0.155322460579634,-0.494891360117852,0.416680949106781,NaN,NaN,NaN,-0.118247372363927,NaN,-0.477002614693476,-0.324366269933881,NaN,-1.06341267925632,NaN,NaN,0.888365279324414,NaN,NaN,-1.0924553842662,-1.08796435765301,-0.249058821072727,0.665016868317418,NaN,NaN,0.230151576357001,0.76336004999944,0.297644567850069,0.144599496713917,0.144599496711601,-2.13848439964414,1.94354864031017,NaN,NaN,-0.333192945502454,0.928641506255745,NaN,NaN,2.12545246645885,NaN,0.210912104778658,0.453627462552589
385.3312,0.212507580530603,0.515343458044237,0.981158126955815,0.383725146042002,0.578864651630566,0.578864651632399,NaN,-0.190197965738638,0.941002070188029,-0.177643980699463,1.00030608072481,-0.177643980699946,-0.564228506600968,0.437264923018488,NaN,NaN,NaN,-0.0974696163934154,NaN,-0.492561304738639,-0.318778560343503,NaN,-1.03218391941932,NaN,NaN,0.953387511168379,NaN,NaN,-1.08050714595646,-1.13024491623633,-0.253828983706645,0.682967051457923,NaN,NaN,0.257092165555555,0.788881766906513,0.318799693569827,0.194309233483169,0.194309233480793,-2.10953973023122,1.96223251441921,NaN,NaN,-0.30080394359452,0.922137087834792,NaN,NaN,2.12617348432117,NaN,0.241114593031245,0.487520012469597
385.4336,0.164352073498371,0.54771001072641,0.986388518604052,0.420719203851996,0.612248372636033,0.612248372637858,NaN,-0.178913695326791,0.918273241864533,-0.198831732670004,0.990299179790253,-0.19883173267049,-0.63088472234981,0.45739154813393,NaN,NaN,NaN,-0.077469790686787,NaN,-0.507978263012812,-0.312306775477917,NaN,-1.00193178879694,NaN,NaN,1.01520251152603,NaN,NaN,-1.06828737632234,-1.17031069088189,-0.258000199311917,0.700905315795636,NaN,NaN,0.283235201458835,0.813863088403434,0.339544960067751,0.242966139578746,0.242966139576314,-2.07845114293963,1.97883916152322,NaN,NaN,-0.268511881043044,0.915829726387844,NaN,NaN,2.12633103408355,NaN,0.271385786822779,0.521182854852713
385.536,0.117783681643239,0.578964946955445,0.991378055465574,0.456517980242229,0.644502954492872,0.644502954494691,NaN,-0.168049706504609,0.896164041982829,-0.2189418656296,0.98033157147293,-0.218941865630095,-0.694791514849409,0.477016857158982,NaN,NaN,NaN,-0.058256728375985,NaN,-0.523168763363276,-0.30500987262119,NaN,-0.972708819868976,NaN,NaN,1.0737489433443,NaN,NaN,-1.05583340705541,-1.20811358219684,-0.261572012830081,0.718809066634673,NaN,NaN,0.308539605269181,0.83828122463363,0.359857222463321,0.290491570314823,0.290491570312334,-2.04525935268439,1.99336969209069,NaN,NaN,-0.236411396079038,0.909740510098139,NaN,NaN,2.12593201174,NaN,0.301637334947848,0.554563402880125
385.6384,0.0728132797166824,0.609083726225274,0.996099264967592,0.491087338690613,0.675590737377674,0.675590737379482,NaN,-0.157636971060979,0.874653593938048,-0.238034170126776,0.970403545528857,-0.238034170127279,-0.755888002845402,0.496097547566537,NaN,NaN,NaN,-0.0398370379020186,NaN,-0.538050148545971,-0.296947903709429,NaN,-0.94456522571428,NaN,NaN,1.1289750864818,NaN,NaN,-1.04318275325655,-1.24361370223597,-0.264547210070916,0.73665508037304,NaN,NaN,0.332966297771195,0.862115957212545,0.379714185529633,0.336809682255605,0.336809682253063,-2.01000744621276,2.00582814969816,NaN,NaN,-0.204594574275252,0.903888220151666,NaN,NaN,2.12498223462294,NaN,0.331781128456638,0.587610684847787
385.7408,0.0294469241614406,0.638044048221525,1.00052367464996,0.524397310951219,0.705475887963784,0.705475887965582,NaN,-0.14770544547702,0.853719409383026,-0.256171743519846,0.960513624703348,-0.256171743520353,-0.814121070459281,0.514591053727203,NaN,NaN,NaN,-0.0222151076539052,NaN,-0.552542269461543,-0.288181643910372,NaN,-0.917548733423716,NaN,NaN,1.18083874602719,NaN,NaN,-1.03037293639815,-1.2767793921513,-0.26693167920063,0.754419640915422,NaN,NaN,0.356478295713946,0.885349465782728,0.399094485044565,0.381847713421729,0.381847713419136,-1.97274081808342,2.01622158840237,NaN,NaN,-0.173150561734302,0.898289253150899,NaN,NaN,2.12348641178068,NaN,0.361729688776662,0.620275651480495
385.8432,-0.0123140361046422,0.665825757701673,1.00462176861072,0.556422070127297,0.734124342078327,0.734124342080116,NaN,-0.138284079901797,0.833337481128029,-0.273420667413282,0.950658584118903,-0.2734206674138,-0.869445469605687,0.532455610034297,NaN,NaN,NaN,-0.00539312458185063,NaN,-0.566567866241831,-0.278772243254413,NaN,-0.89170444208253,NaN,NaN,1.22930710235717,NaN,NaN,-1.01744130935342,-1.30758719291428,-0.268734270906578,0.772078657454014,NaN,NaN,0.37904079113706,0.907966151088341,0.417977755963875,0.425536225387431,0.42553622538479,-1.93350711087891,2.02456011560992,NaN,NaN,-0.142165305982335,0.892957538513742,NaN,NaN,2.12144811845031,NaN,0.391396464934132,0.652511386199038
385.9456,-0.0524727868217405,0.692410724120728,1.00836296234328,0.587139870636667,0.761503735029313,0.761503735031104,NaN,-0.129400845290771,0.813482380367149,-0.28984969259484,0.940833477739598,-0.289849692595364,-0.921823870136703,0.54965030434508,NaN,NaN,NaN,0.0106288910738989,NaN,-0.580052853939905,-0.26878091255113,NaN,-0.867074706916295,NaN,NaN,1.27435650109679,NaN,NaN,-1.00442488082544,-1.33602177804548,-0.269966658816797,0.789607764504644,NaN,NaN,0.40062121528939,0.929952450299519,0.436344685634938,0.46780930684682,0.467809306844135,-1.89235615808213,2.0308569092622,NaN,NaN,-0.111721402230986,0.887904452075041,NaN,NaN,2.11886977770027,NaN,0.420696042145834,0.684273231716164
386.048,-0.0910368256787199,0.717782714169535,1.01171561246056,0.61653296454994,0.787583335456586,0.787583335458374,NaN,-0.121082766834958,0.794127372358337,-0.305529908803733,0.931031677110698,-0.305529908804266,-0.9712268630521,0.566135137595421,NaN,NaN,NaN,0.0258530344772962,NaN,-0.592926505194552,-0.258268648021526,NaN,-0.843699042065995,NaN,NaN,1.31597219552313,NaN,NaN,-0.991360140097346,-1.36207585086836,-0.270643198896035,0.806982405186219,NaN,NaN,0.421189292015744,0.951296639753174,0.454177060835228,0.50860475216099,0.508604752158262,-1.84933993371972,2.03512822690185,NaN,NaN,-0.0818980171672817,0.883138743932652,NaN,NaN,2.1157526519727,NaN,0.449544306939543,0.715518873980496
386.1504,-0.12801770990583,0.741927281007174,1.01464707912151,0.644587509460689,0.812334002605734,0.812334002607523,NaN,-0.113355946818269,0.77524456285451,-0.320534374507857,0.921244929876362,-0.320534374508397,-1.01763292590918,0.581871111169772,NaN,NaN,NaN,0.0402834548671643,NaN,-0.605121554766193,-0.247295987190225,NaN,-0.82161402768415,NaN,NaN,1.35414806425073,NaN,NaN,-0.978282881745282,-1.38575000272246,-0.270780783309687,0.824177900709301,NaN,NaN,0.440717086797967,0.971988625777333,0.471457822405797,0.547864234605128,0.547864234602361,-1.8045125152138,2.03739342336459,NaN,NaN,-0.0527708514162568,0.878666499433433,NaN,NaN,2.11209684589795,NaN,0.477858600892861,0.746208422440313
386.2528,-0.163430790989946,0.764831686007651,1.01712384987497,0.671293480001824,0.835728179096308,0.835728179098095,NaN,-0.106245566015969,0.756805077107328,-0.334937696966468,0.911463441814065,-0.334937696967016,-1.06102835909407,0.59682035460321,NaN,NaN,NaN,0.0539262980564431,NaN,-0.616574259124215,-0.235922779440176,NaN,-0.800853210008594,NaN,NaN,1.3888863256728,NaN,NaN,-0.965228026557247,-1.40705252545182,-0.270398685913845,0.841169509808421,NaN,NaN,0.459179057694995,0.992019730987664,0.488171136197255,0.585533486749768,0.585533486746968,-1.75793006214201,2.03767497950584,NaN,NaN,-0.0244121137411557,0.874491132589322,NaN,NaN,2.1079013208786,NaN,0.505557851593832,0.776304499686492
386.3552,-0.197294939275824,0.786484846004965,1.01911171168258,0.696644581966677,0.857739910036835,0.857739910038618,NaN,-0.0997758691211758,0.738779255931756,-0.348815582755089,0.90167597701205,-0.34881558275565,-1.10140719537022,0.610946282013694,NaN,NaN,NaN,0.0667896618782391,NaN,-0.62722442970649,-0.224207955078277,NaN,-0.781446998391437,NaN,NaN,1.42019725182664,NaN,NaN,-0.952229441279258,-1.42599917763296,-0.269518402445071,0.857932480354571,NaN,NaN,0.476552109139652,1.0113824856282,0.504302474851791,0.621562478767194,0.621562478764356,-1.70965080231683,2.0359985208093,NaN,NaN,0.00310948810895233,0.870613385729863,NaN,NaN,2.10316392204119,NaN,0.532562642789747,0.805772319708428
386.4576,-0.229632248146731,0.806877278709897,1.02057593887587,0.72063815488911,0.878344860697587,0.878344860699368,NaN,-0.0939701529825521,0.721136844408689,-0.362244400339987,0.891869963086544,-0.362244400340549,-1.13877107774049,0.624213744288463,NaN,NaN,NaN,0.0788835609669688,NaN,-0.637015437722276,-0.212209288234013,NaN,-0.763422577549909,NaN,NaN,1.44809886297573,NaN,NaN,-0.939319768188487,-1.44261291611933,-0.268163493422893,0.874442093875056,NaN,NaN,0.492815640664857,1.03007043046314,0.519838692365963,0.655905566004328,0.655905566001457,-1.65973500743553,2.03239279414968,NaN,NaN,0.0297287257143746,0.867031299951986,NaN,NaN,2.09788141729222,NaN,0.558795201406034,0.834579719747131
386.56,-0.260467708700182,0.826001020654966,1.02148146625045,0.743275048212797,0.897520306585404,0.89752030658718,NaN,-0.0888507734211137,0.703847158462707,-0.375300789007456,0.882031589208647,-0.375300789008023,-1.17312909907515,0.636589144874036,NaN,NaN,NaN,0.0902198943875992,NaN,-0.645894179538748,-0.199983164091112,NaN,-0.746803851972237,NaN,NaN,1.47261658086417,NaN,NaN,-0.926530273345349,-1.4569236100154,-0.266359437784564,0.890673702555996,NaN,NaN,0.507951578959833,1.04807793317216,0.534768073376552,0.688521578283617,0.688521578280713,-1.60824494336316,2.02688958261334,NaN,NaN,0.0553838002102307,0.86374014081974,NaN,NaN,2.09204954664175,NaN,0.584179319016597,0.862697129263106
386.6624,-0.289828855962793,0.843849509222581,1.02179303345458,0.764559465918132,0.915245087086674,0.915245087088439,NaN,-0.0844391731671302,0.686879230177876,-0.388061323467173,0.872145892209624,-0.388061323467743,-1.20449760122671,0.648040506078076,NaN,NaN,NaN,0.100812416943895,NaN,-0.65381100005777,-0.187584368067363,NaN,-0.731611425867922,NaN,NaN,1.49378283277971,NaN,NaN,-0.913890714289152,-1.46896775018808,-0.264133499647354,0.906602757203955,NaN,NaN,0.521944386187839,1.06540001751061,0.549080350135378,0.719373841351043,0.719373841348111,-1.55524478942496,2.01952355622333,NaN,NaN,0.0800162797429961,0.860732297370124,NaN,NaN,2.08566307947288,NaN,0.608640243218477,0.890097485588251
386.7648,-0.317745393165142,0.860417436390317,1.02147530634097,0.784498785141227,0.931499532192163,0.931499532193919,NaN,-0.0807559235941142,0.670201940973254,-0.4006022204761,0.862196833180552,-0.400602220476666,-1.23289993713996,0.658537494929236,NaN,NaN,NaN,0.110676716393157,NaN,-0.660719582221808,-0.175065907869249,NaN,-0.717862609966704,NaN,NaN,1.51163661689923,NaN,NaN,-0.90142922309561,-1.47878816124565,-0.261514602819818,0.922204825898202,NaN,NaN,0.534781045279265,1.082032204455,0.562766692861888,0.748430140717802,0.748430140714848,-1.50080053089112,2.01033207180524,NaN,NaN,0.103571040336824,0.857997190717047,NaN,NaN,2.07871588055099,NaN,0.632104563034861,0.916756113392443
386.8672,-0.344248802520646,0.875700593680929,1.02049299727336,0.803103362062415,0.946265384443617,0.946265384445358,NaN,-0.0778207686791554,0.653784154329803,-0.412999057558574,0.852167371322665,-0.412999057559141,-1.258366204679,0.668051435089026,NaN,NaN,NaN,0.119830194256503,NaN,-0.666576812434018,-0.162478866833104,NaN,-0.705571441247041,NaN,NaN,1.5262230531594,NaN,NaN,-0.889172199513795,-1.48643371770585,-0.258533203316134,0.937455606584212,NaN,NaN,0.54645103038485,1.09797036586578,0.575819688007413,0.775662652786246,0.775662652783271,-1.44497984122782,1.99935495103183,NaN,NaN,0.125996225518954,0.855521226506812,NaN,NaN,2.07120099128208,NaN,0.654500108300469,0.942650585501315
386.9696,-0.369371956005061,0.889695735167591,1.01881101298117,0.820386342194473,0.95952574222336,0.959525742225089,NaN,-0.0756526576809116,0.637594859597487,-0.425326467700456,0.842039543683785,-0.425326467701025,-1.28093296442042,0.676555338514054,NaN,NaN,NaN,0.128292050509282,NaN,-0.671342632798013,-0.14987227999069,NaN,-0.694748700489545,NaN,NaN,1.53759294896765,NaN,NaN,-0.87714420879057,-1.49195905911796,-0.255221151307406,0.95233093787558,NaN,NaN,0.556946276867824,1.11321059204817,0.588233322268717,0.801047873789111,0.801047873786124,-1.38785197956404,1.98663427565028,NaN,NaN,0.147243240219797,0.853287815132481,NaN,NaN,2.0631107328215,NaN,0.675755884351041,0.96776058819853
387.072,-0.393148741695783,0.902400478582579,1.01639464628516,0.836363487795905,0.971265040800318,0.971265040802037,NaN,-0.0742697557898341,0.62160333202658,-0.437657789263981,0.831794556815752,-0.437657789264549,-1.30064295219717,0.684023978198876,NaN,NaN,NaN,0.136083278090244,NaN,-0.674979895881142,-0.137293026016109,NaN,-0.685401917239712,NaN,NaN,1.54580240042451,NaN,NaN,-0.865367882229991,-1.49542429233928,-0.251611539883823,0.96680680853428,NaN,NaN,0.566261165564692,1.1277490743473,0.600002984552393,0.824566566406673,0.824566566403673,-1.32948772213718,1.9722142292363,NaN,NaN,0.167266791040364,0.851277464923306,NaN,NaN,2.05443682744652,NaN,0.695802036727274,0.992067808006432
387.1744,-0.415613711889872,0.913813240345222,1.01320979960767,0.851053020577505,0.981469064235467,0.981469064237177,NaN,-0.073689433119298,0.605779301117057,-0.450064686057339,0.821412888155829,-0.450064686057906,-1.31754478866924,0.690433991389797,NaN,NaN,NaN,0.143226666792982,NaN,-0.677454233116237,-0.124785737002451,NaN,-0.67753536589233,NaN,NaN,1.55091242531341,NaN,NaN,-0.853863826399803,-1.49689467238174,-0.247738547400953,0.980859361385306,NaN,NaN,0.574392526496837,1.14158200286482,0.611125482212416,0.846203716924811,0.846203716921801,-1.26995932659401,1.95614098339537,NaN,NaN,0.186024974415337,0.849467926958233,NaN,NaN,2.04517052266245,NaN,0.714569808867559,1.01555583470937
387.2768,-0.436801745010307,0.923933176694918,1.00922320515548,0.864475463219551,0.990124959595731,0.990124959597427,NaN,-0.0739282457951072,0.590093109021795,-0.462616781867068,0.810874386323798,-0.462616781867637,-1.33169267821651,0.695763974002189,NaN,NaN,NaN,0.149746801789175,NaN,-0.678733933398024,-0.112392735856823,NaN,-0.671150070638759,NaN,NaN,1.55298859996357,NaN,NaN,-0.842650551873423,-1.49644026768619,-0.243637286780345,0.994464887098327,NaN,NaN,0.581339654053052,1.15470547942783,0.621599051892502,0.865948471093289,0.865948471090268,-1.20934051015795,1.93846259456956,NaN,NaN,0.203479397898962,0.847834351052357,NaN,NaN,2.0353027019291,NaN,0.73199146422588,1.03821005983957
387.3792,-0.456747707593262,0.932760099611048,1.00440260655837,0.876653461443651,0.997221222632292,0.997221222633974,NaN,-0.0750019270864151,0.574515841637864,-0.475381353890768,0.800158357615553,-0.475381353891347,-1.34314608662819,0.699994525863121,NaN,NaN,NaN,0.155670038251151,NaN,-0.678789823887037,-0.100154006686885,NaN,-0.666243837010514,NaN,NaN,1.55210067086787,NaN,NaN,-0.831744429727081,-1.49413562801022,-0.239343671597096,1.00759980778622,NaN,NaN,0.587104318930008,1.16711544869856,0.631423342778698,0.883794015672731,0.883794015669702,-1.1477064189813,1.91922887309845,NaN,NaN,0.219595303971403,0.846349412865143,NaN,NaN,2.02482397841373,NaN,0.748000177774988,1.06001754905704
387.4816,-0.475486108619867,0.940294350665999,0.998716883341605,0.887611578317476,1.00274763927851,1.00274763928017,NaN,-0.0769253991903617,0.559019424161065,-0.488423106356478,0.789243630932784,-0.488423106357072,-1.35196939232412,0.703108228676524,NaN,NaN,NaN,0.161024444400442,NaN,-0.677595153717484,-0.0881071906780855,NaN,-0.662811316133187,NaN,NaN,1.54832213019439,NaN,NaN,-0.821159676930429,-1.49005947308904,-0.234894298966591,1.02024065459839,NaN,NaN,0.591690763187368,1.178807651763,0.640599360831672,0.899737392141706,0.899737392138673,-1.08513357668862,1.89849120812804,NaN,NaN,0.234341664265252,0.844983390991408,NaN,NaN,2.01372477972909,NaN,0.76252992779208,1.08096687442973
387.584,-0.49305074957223,0.946536635292392,0.992136118919262,0.89737606402257,1.00669518580655,1.0066951858082,NaN,-0.0797128040681735,0.543576683777912,-0.501804017384927,0.778108600524865,-0.501804017385536,-1.35823151367064,0.7050895640152,NaN,NaN,NaN,0.165839718408259,NaN,-0.675125486733328,-0.0762875939435552,NaN,-0.660844096994178,NaN,NaN,1.54172976231141,NaN,NaN,-0.810908363925067,-1.48429441156615,-0.230326342753175,1.03236404372497,NaN,NaN,0.595105669763744,1.18977760214492,0.649129376404086,0.913779250026814,0.913779250023778,-1.0216998123354,1.87630235298082,NaN,NaN,0.247691230645709,0.843704199771971,NaN,NaN,2.00199543028488,NaN,0.775515429871429,1.10104791065027
387.6864,-0.509474382698799,0.951487836133883,0.984631629146125,0.905974612718752,1.00905590477351,1.00905590477514,NaN,-0.083377541154314,0.528161392245222,-0.515583230955852,0.766731252854094,-0.515583230956476,-1.36200552125709,0.705924796271724,NaN,NaN,NaN,0.170147089119781,NaN,-0.67135860866949,-0.064728199053989,NaN,-0.660330816576571,NaN,NaN,1.5324031803394,NaN,NaN,-0.801000432612242,-1.476926689457,-0.225677449056902,1.04394665408121,NaN,NaN,0.597358105035123,1.20002057735622,0.657016808224611,0.925923561170477,0.925923561167442,-0.957484170773815,1.8527161823982,NaN,NaN,0.259620546900444,0.842477402162948,NaN,NaN,1.98962623047907,NaN,0.786892140225445,1.12025162033079
387.7888,-0.524788393143138,0.95514883448496,0.976175981331116,0.913436123655841,1.00982278420742,1.00982278420904,NaN,-0.0879322939124178,0.512748308374067,-0.529816955009108,0.75508918999482,-0.529816955009746,-1.36336824818516,0.705601855458215,NaN,NaN,NaN,0.173979206872569,NaN,-0.666274451262989,-0.0534596772655449,NaN,-0.661257274694628,NaN,NaN,1.52042438144428,NaN,NaN,-0.791443713129626,-1.46804595771623,-0.220985626210465,1.05496521090136,NaN,NaN,0.598459442020222,1.20953161555275,0.664266102999524,0.936177326098084,0.936177326095052,-0.892566806938937,1.82778743840268,NaN,NaN,0.2701099256742,0.84126622951762,NaN,NaN,1.97660752972743,NaN,0.796596317302316,1.13856985894007
387.8912,-0.539022518463434,0.957520371500581,0.96674303964733,0.919790485440369,1.00898967192388,1.00898967192548,NaN,-0.0933890263359557,0.497313241796716,-0.544558325704301,0.743159664192197,-0.544558325704944,-1.3623999136926,0.704110257114403,NaN,NaN,NaN,0.177370027377887,NaN,-0.659855029010525,-0.0425103927776359,NaN,-0.663606538703111,NaN,NaN,1.50587735441464,NaN,NaN,-0.782243930131427,-1.45774503992025,-0.21628912431709,1.06539648088182,NaN,NaN,0.598423279477626,1.2183055084072,0.670882630695447,0.94455030785102,0.944550307847994,-0.827028866879149,1.80157148939807,NaN,NaN,0.279143398925741,0.840031627361847,NaN,NaN,1.96292979170284,NaN,0.804565103815049,1.15599521783448
387.9936,-0.552204613125298,0.958602969000475,0.956308060234745,0.925068395890393,1.00655124590628,1.00655124590788,NaN,-0.0997589375313926,0.481833149489694,-0.559857215086777,0.730919632499511,-0.559857215087434,-1.35918377245917,0.701441082388574,NaN,NaN,NaN,0.180354691977223,NaN,-0.652084382507969,-0.0319063810127923,NaN,-0.667359027527625,NaN,NaN,1.48884776226441,NaN,NaN,-0.773404693059505,-1.44611967923269,-0.211626305607027,1.07521728218071,NaN,NaN,0.597265372113154,1.22633678741593,0.676872607557638,0.951054817300023,0.95105481729701,-0.760952360212687,1.77412412332493,NaN,NaN,0.286708663392141,0.838732334570609,NaN,NaN,1.94858365036046,NaN,0.810736590693187,1.17252090506233
388.096,-0.564360455823164,0.958396901757792,0.944847825587465,0.929301213718977,1.0025030329333,1.00250303293489,NaN,-0.107052379941561,0.466286254990568,-0.575759997499213,0.718345828245899,-0.575759997499872,-1.35380579066848,0.697587007127712,NaN,NaN,NaN,0.18296940474545,NaN,-0.642948531322729,-0.0216712881504573,NaN,-0.672492577942252,NaN,NaN,1.46942269281978,NaN,NaN,-0.764927474303431,-1.43326825466036,-0.207035512823976,1.08440450621049,NaN,NaN,0.595003576984749,1.23361970706759,0.682243042590678,0.955705546364813,0.955705546361815,-0.694420029751361,1.74550137950332,NaN,NaN,0.292797039143124,0.837324989542171,NaN,NaN,1.93355995602461,NaN,0.815049841662628,1.18814064723404
388.1984,-0.575513590429533,0.956902190270053,0.932340779358943,0.932520823685662,0.996841442469914,0.996841442471504,NaN,-0.115278762625465,0.450652163692343,-0.592309320887207,0.705414836900188,-0.592309320887869,-1.3463543376787,0.692542338560492,NaN,NaN,NaN,0.185251300166382,NaN,-0.632435445621471,-0.0118262786472253,NaN,-0.678982509940866,NaN,NaN,1.44769044244531,NaN,NaN,-0.756811589340715,-1.41929147251627,-0.202554944612496,1.09293514257237,NaN,NaN,0.591657808024527,1.24014822854315,0.687001689429697,0.958519421762998,0.958519421760013,-0.627515223150329,1.71575941087635,NaN,NaN,0.297403438126706,0.835764245881477,NaN,NaN,1.91784981189189,NaN,0.817444892760654,1.20284859460954
388.3008,-0.585685194913175,0.95411858646837,0.918767124747471,0.934759497046064,0.989563783800247,0.989563783801843,NaN,-0.124446460294919,0.434911952693049,-0.609543924531718,0.692103165457408,-0.609543924532379,-1.33691988019213,0.686303019507783,NaN,NaN,NaN,0.187238292646758,NaN,-0.620535040856683,-0.00238993165083382,NaN,-0.686801709512066,NaN,NaN,1.42374029690986,NaN,NaN,-0.749054193137717,-1.40429204592363,-0.198222544657785,1.10078629820731,NaN,NaN,0.587249984543463,1.24591600330209,0.691156985473981,0.959515450951323,0.959515450948351,-0.560321767253002,1.6849543664447,NaN,NaN,0.300526328559402,0.834002879883623,NaN,NaN,1.90144460024262,NaN,0.817862775895487,1.21663922935821
388.4032,-0.59489397985166,0.950045545448453,0.904108874418454,0.936049740907198,0.980668255883881,0.980668255885485,NaN,-0.134562736265394,0.419048232442347,-0.627498515159359,0.678387303019759,-0.627498515160021,-1.32559467361776,0.678866587721209,NaN,NaN,NaN,0.188968903904943,NaN,-0.607239188992795,0.00662185313753294,NaN,-0.69592073608223,NaN,NaN,1.39766229492338,NaN,NaN,-0.741650299282627,-1.38837437261705,-0.194075906099949,1.10793520712659,NaN,NaN,0.581803964337157,1.25091635381183,0.694717971638931,0.958714549429146,0.958714549426182,-0.492923843867443,1.65314228982834,NaN,NaN,0.302167681881449,0.831991882191164,NaN,NaN,1.88433599865229,NaN,0.816245611462472,1.2295072907406
388.5056,-0.603156117887623,0.944682193003657,0.888349865648829,0.936424141912332,0.9701539216075,0.970153921609112,NaN,-0.145633676112083,0.403045191336705,-0.646203686056104,0.664243777221716,-0.646203686056772,-1.31247245415723,0.670232107140345,NaN,NaN,NaN,0.19048207241423,NaN,-0.592541733065433,0.015195927760287,NaN,-0.706307947758068,NaN,NaN,1.36954698429021,NaN,NaN,-0.734592822501912,-1.37164421639551,-0.190152185111224,1.11435923477228,NaN,NaN,0.575345462811169,1.25514225143333,0.697694199014194,0.956139358762525,0.956139358759571,-0.425405868565482,1.62037903925968,NaN,NaN,0.302332886390504,0.829680536175672,NaN,NaN,1.86651599318553,NaN,0.812536775474818,1.24144772038366
388.608,-0.610485201347035,0.938027306821426,0.871475770496974,0.935915217289659,0.958020691524321,0.958020691525934,NaN,-0.157664121376407,0.386888638545193,-0.665685849549356,0.649649214203628,-0.665685849550022,-1.29764814022674,0.660400104466538,NaN,NaN,NaN,0.191816955775772,NaN,-0.576438498672991,0.0233219459742296,NaN,-0.717929626358577,NaN,NaN,1.33948519758321,NaN,NaN,-0.727872642299011,-1.35420839139688,-0.186488011068447,1.12003588631708,NaN,NaN,0.567901968600049,1.2585862962734,0.700095637216665,0.951814078513862,0.951814078510923,-0.357852376037889,1.58672024157445,NaN,NaN,0.30103061529076,0.827016493782867,NaN,NaN,1.84797690125338,NaN,0.806681110493185,1.25245561201427
388.7104,-0.616892225744501,0.930079332979949,0.853474136097345,0.934555289313847,0.944269346294835,0.944269346296438,NaN,-0.17065758828566,0.370566059730845,-0.685967150522553,0.6345804109312,-0.685967150523223,-1.28121755299832,0.649372546286318,NaN,NaN,NaN,0.193012740103816,NaN,-0.558927307078928,0.0309924020154068,NaN,-0.730750079200296,NaN,NaN,1.30756787950085,NaN,NaN,-0.721478681516612,-1.33617444063225,-0.183119381453161,1.1249428269869,NaN,NaN,0.559502669524926,1.26124070628844,0.701932601446716,0.945764339052021,0.945764339049099,-0.290347914668788,1.55222129237499,NaN,NaN,0.298272660738103,0.823945870649065,NaN,NaN,1.82871141418546,NaN,0.798625144720491,1.26252615038136
388.8128,-0.622385600909764,0.920836454191748,0.834334478584118,0.932376393982357,0.928901617178692,0.928901617180289,NaN,-0.184616159487561,0.354066694318711,-0.707065341617227,0.619014426452741,-0.707065341617897,-1.26327716199916,0.637152875214598,NaN,NaN,NaN,0.194108469640175,NaN,-0.540007999061793,0.0382026679553931,NaN,-0.744731701321646,NaN,NaN,1.27388598474796,NaN,NaN,-0.715397992711318,-1.31765029604249,-0.180081539175835,1.12905791515388,NaN,NaN,0.550178398902431,1.26309732067453,0.703215708873588,0.938017131481497,0.938017131478597,-0.222976951937151,1.51693740356927,NaN,NaN,0.294073767103643,0.820413385731132,NaN,NaN,1.80871266012514,NaN,0.788317315524012,1.27165454327072
388.9152,-0.626971194361842,0.91029670678865,0.814048421815878,0.929410220666589,0.911920317417581,0.911920317419175,NaN,-0.199540350204983,0.337381627723534,-0.728993631344832,0.602928690668384,-0.72899363134551,-1.2439238524324,0.62374609012184,NaN,NaN,NaN,0.195142902736575,NaN,-0.519682485388781,0.0449510239251064,NaN,-0.759835000469128,NaN,NaN,1.23853043528794,NaN,NaN,-0.709615851595428,-1.29874391262786,-0.17740884136764,1.13235924128286,NaN,NaN,0.539961600976984,1.2641476175587,0.703955860993839,0.928600787239706,0.928600787236831,-0.15582379063677,1.48092368248817,NaN,NaN,0.288451490306886,0.816362555074797,NaN,NaN,1.78797427881092,NaN,0.775708236437854,1.27983596735562
389.0176,-0.630652411014377,0.898458124240698,0.79260984327321,0.925688067404577,0.893329493286314,0.893329493287894,NaN,-0.215428964282426,0.320503877989505,-0.751760542132103,0.586301120797627,-0.751760542132785,-1.22325470302715,0.60915883091565,NaN,NaN,NaN,0.196154390228481,NaN,-0.497954842055086,0.0512386654141403,NaN,-0.776018603277773,NaN,NaN,1.20159210307901,NaN,NaN,-0.704115861661394,-1.2795628807166,-0.175134632440263,1.13482516398696,NaN,NaN,0.528886303623211,1.26438274314928,0.704164236764975,0.917544980749895,0.917544980747041,-0.0889724921787712,1.444235216385,NaN,NaN,0.281426088674318,0.811735928876529,NaN,NaN,1.7664904971334,NaN,0.760751055042492,1.28706554771434
389.12,-0.633430308320811,0.885318885157207,0.770014994299926,0.92124079736621,0.8731345657901,0.873134565791674,NaN,-0.232278956739579,0.303428459366078,-0.775369810758373,0.569110235533166,-0.775369810759064,-1.20136676471659,0.593399436638985,NaN,NaN,NaN,0.1971807667307,NaN,-0.47483144855682,0.0570696776225243,NaN,-0.793239261780531,NaN,NaN,1.16316179032228,NaN,NaN,-0.698880069561181,-1.2602140275794,-0.173291128870017,1.1364343389946,NaN,NaN,0.516988086581537,1.26379355064472,0.703852281650727,0.90488073106062,0.904880731057789,-0.0225067992458557,1.40692714088126,NaN,NaN,0.27302043099106,0.806475351834407,NaN,NaN,1.74425619862711,NaN,0.743401910895925,1.29333837455353
389.2224,-0.635303739695044,0.870877458393779,0.746262590002512,0.916098792345818,0.851342456069076,0.851342456070646,NaN,-0.25008530944915,0.286152420344795,-0.799820337113468,0.551335263613284,-0.799820337114163,-1.17835683865409,0.576477974606551,NaN,NaN,NaN,0.198259246760754,NaN,-0.450321144239138,0.0624509771639053,NaN,-0.811451869474833,NaN,NaN,1.12333020303949,NaN,NaN,-0.693889084296432,-1.2408030180209,-0.171909314628264,1.13716574362301,NaN,NaN,0.50430404195385,1.26237064837038,0.703031688268603,0.890640396453211,0.890640396450401,0.0434899494063955,1.36905468599266,NaN,NaN,0.263259892216996,0.800522227746434,NaN,NaN,1.7212669879556,NaN,0.723620454906864,1.29864954488935
389.3248,-0.636269518219721,0.855132751239485,0.72135388524737,0.910291909312882,0.827961706949504,0.827961706951069,NaN,-0.268840916092643,0.268674864255241,-0.825106164328755,0.532956250296041,-0.825106164329453,-1.15432125910927,0.558406261128154,NaN,NaN,NaN,0.199426325216648,NaN,-0.424435383612034,0.0673922283192376,NaN,-0.830609484536502,NaN,NaN,1.0821879337342,NaN,NaN,-0.689122192308466,-1.22143395673419,-0.171018839366797,1.13699870416486,NaN,NaN,0.490872731054358,1.26010445522203,0.701714376124294,0.874857672330834,0.874857672328049,0.108934912222472,1.33067320926882,NaN,NaN,0.252172212839633,0.79381777961404,NaN,NaN,1.69751925771083,NaN,0.701370375863531,1.30299421394457
389.4272,-0.636322598671941,0.838084273439084,0.695292758023561,0.90384945211116,0.803002621067207,0.803002621068768,NaN,-0.288536465833703,0.250996962791476,-0.851216465206275,0.513954169299822,-0.851216465206979,-1.1293556895257,0.539197901303454,NaN,NaN,NaN,0.200717692739663,NaN,-0.39718840274984,0.0719057459954076,NaN,-0.850663347772262,NaN,NaN,1.03982547786062,NaN,NaN,-0.684557463457206,-1.20220898756156,-0.170647907836917,1.13591293422202,NaN,NaN,0.476734144532049,1.25698526103678,0.699912484947343,0.857567610332343,0.85756761032958,0.173745838874469,1.29183823502339,NaN,NaN,0.239787327224899,0.786303313111809,NaN,NaN,1.67301026487581,NaN,0.676619899223202,1.30636764729895
389.5296,-0.635456281399106,0.819732328672153,0.668085814664552,0.896800169500413,0.776477432162236,0.776477432163789,NaN,-0.30916031414699,0.233121970551549,-0.878135517184327,0.494311047882906,-0.878135517185036,-1.10355493848378,0.518868366709419,NaN,NaN,NaN,0.20216817992082,NaN,-0.368597428043024,0.0760063989350207,NaN,-0.871562881270076,NaN,NaN,0.996333303753421,NaN,NaN,-0.680171848370244,-1.18322788136497,-0.170823151907739,1.13388858848831,NaN,NaN,0.461929671870209,1.25300329230823,0.697638393980086,0.838806673248664,0.838806673245929,0.237841155826886,1.25260551577691,NaN,NaN,0.226137188295763,0.777920498485889,NaN,NaN,1.64773821872606,NaN,0.649342252295184,1.30876527022099
389.632,-0.633662439996285,0.800078233520421,0.639742515187433,0.889172280384009,0.748400509376688,0.748400509378232,NaN,-0.330698337713516,0.215055241294507,-0.905842668783432,0.474010106437194,-0.905842668784152,-1.0770127966798,0.497435107647251,NaN,NaN,NaN,0.203811731008615,NaN,-0.33868294117678,0.0797115216916215,NaN,-0.893255665692885,NaN,NaN,0.951801974588827,NaN,NaN,-0.675941274798546,-1.16458760832257,-0.171569487694524,1.13090633079564,NaN,NaN,0.446502081963467,1.24814878628068,0.694904766743656,0.818612823278382,0.818612823275676,0.301140036995,1.21303111783374,NaN,NaN,0.21125561208161,0.768611675406275,NaN,NaN,1.62170237481304,NaN,0.619516112518869,1.31018271174158
389.7344,-0.630931769396164,0.779124547650547,0.610275297028025,0.880993513658943,0.718788572820346,0.718788572821876,NaN,-0.353133784962833,0.196804235264248,-0.934312323469055,0.453035904600712,-0.934312323469788,-1.04982188898267,0.474917672673474,NaN,NaN,NaN,0.205681387873471,NaN,-0.307468985443093,0.0830408345580053,NaN,-0.915687411017637,NaN,NaN,0.906322296624413,NaN,NaN,-0.671840754237868,-1.14638189951333,-0.172909970824004,1.12694741102776,NaN,NaN,0.430495509457683,1.24241207570152,0.691724606138763,0.797025619892551,0.797025619889876,0.363562460351523,1.17317151612632,NaN,NaN,0.195178146771235,0.758320167992883,NaN,NaN,1.594903124894,NaN,0.587126062969636,1.31061584166388
389.8368,-0.627254049735569,0.756875292066309,0.579699666106719,0.872291145394866,0.68766088954875,0.687660889550264,NaN,-0.37644714198906,0.178378501770768,-0.963513974306168,0.431374482279434,-0.963513974306915,-1.02207353243988,0.451337800537548,NaN,NaN,NaN,0.207809260430715,NaN,-0.274983490512036,0.0860163628319257,NaN,-0.93880194224293,NaN,NaN,0.859985459930243,NaN,NaN,-0.667844506778654,-1.1287008099311,-0.174865663337232,1.12199374518066,NaN,NaN,0.413955436068474,1.23578368342998,0.688111300381132,0.774086296898588,0.774086296895938,0.425029263656056,1.13308367326727,NaN,NaN,0.177941948953569,0.746990589045044,NaN,NaN,1.56734207285509,NaN,0.55216306520858,1.31006080373694
389.9392,-0.622618423754933,0.733336141279114,0.548034235690537,0.863092022700833,0.655039430306114,0.655039430307612,NaN,-0.40061602791676,0.159789629632983,-0.993412306887469,0.409013488559918,-0.993412306888232,-0.993857594284605,0.426719464771275,NaN,NaN,NaN,0.21022647457982,NaN,-0.241258593913542,0.0886623450869769,NaN,-0.962541213284108,NaN,NaN,0.812883150445508,NaN,NaN,-0.663926105900974,-1.11163029642772,-0.17745551902258,1.11602799552231,NaN,NaN,0.396928656815069,1.22825442370792,0.684078647519863,0.74983780134952,0.749837801346901,0.485462219168477,1.09282508082922,NaN,NaN,0.159585646019693,0.734569122941526,NaN,NaN,1.53902209109683,NaN,0.514624939513857,1.30851405447593
390.0416,-0.617013685944484,0.708514591019487,0.515300717165094,0.853422574461411,0.62094898850955,0.620948988511029,NaN,-0.425615121872904,0.141051171257144,-1.02396736203046,0.385942298341367,-1.02396736203124,-0.965262350305554,0.401088876241234,NaN,NaN,NaN,0.212963103720877,NaN,-0.206330937075689,0.0910051252769154,NaN,-0.986845346501462,NaN,NaN,0.765107633935764,NaN,NaN,-0.660058640322666,-1.09525182037849,-0.180696285921369,1.10903365200065,NaN,NaN,0.379463227773304,1.21981550697799,0.679640858024234,0.72432479729636,0.724324797293768,0.544784138194027,1.05245375681778,NaN,NaN,0.140149190672065,0.721003799325363,NaN,NaN,1.50994735885808,NaN,0.474516832152742,1.30597241515669
390.144,-0.610428581205562,0.68242011458498,0.481523884743549,0.843308818116006,0.585417279370441,0.585417279371902,NaN,-0.451416115116005,0.12217855222167,-1.05513473221417,0.362152121490138,-1.05513473221496,-0.936374349367135,0.37447446796057,NaN,NaN,NaN,0.216048092344067,NaN,-0.170241928564113,0.0930730324956331,NaN,-1.01165268264058,NaN,NaN,0.716751831427232,NaN,NaN,-0.65621488549293,-1.07964197825798,-0.184602416706495,1.10099512041551,NaN,NaN,0.361608399924115,1.21045864657972,0.674812545764061,0.697593653024052,0.697593653021491,0.602919000792556,1.01202821024334,NaN,NaN,0.1196737338204,0.706244780616184,NaN,NaN,1.48012339219103,NaN,0.431851638543706,1.30243313451118
390.2464,-0.602852111408964,0.655064326402831,0.446731543942936,0.832776376858068,0.548475044922652,0.548475044924097,NaN,-0.477987677368911,0.103188979709016,-1.08686575872509,0.337636112512186,-1.08686575872591,-0.907278293424301,0.346906895576821,NaN,NaN,NaN,0.219509177666565,NaN,-0.133037985164563,0.0948962590975213,NaN,-1.03689982196509,NaN,NaN,0.66790941556667,NaN,NaN,-0.65236747210672,-1.0648721558923,-0.189185973233257,1.09189782475408,NaN,NaN,0.343414550125421,1.20017616629002,0.669608724465313,0.66969243780572,0.669692437803193,0.659792097425028,0.971607392531536,NaN,NaN,0.0982015293183254,0.69024467647002,NaN,NaN,1.44955707843851,NaN,0.386650340419977,1.29789395139947
390.3488,-0.59427384762707,0.626461170687698,0.410954533148007,0.821850520484089,0.510156189450331,0.51015618945175,NaN,-0.505295424652544,0.0841013648078835,-1.11910769818379,0.312389488595696,-1.11910769818463,-0.878056942639221,0.318419084448252,NaN,NaN,NaN,0.223372814639588,NaN,-0.0947707523823587,0.0965067486625674,NaN,-1.06252164240932,NaN,NaN,0.61867495217949,NaN,NaN,-0.648489038195357,-1.05100819690486,-0.194456517198225,1.08172832839885,NaN,NaN,0.324933122332999,1.18896110742452,0.664044824741521,0.64067095040423,0.640670950401738,0.715330168101577,0.931250656751041,NaN,NaN,0.0757758702339374,0.672958888104388,NaN,NaN,1.41825671905763,NaN,0.338942229855445,1.29235314640244
390.4512,-0.584684244109756,0.596627140778119,0.374226770385628,0.810556232971833,0.470497952885387,0.470497952886779,NaN,-0.533301881050733,0.0649362674743971,-1.1518038476618,0.286409657345548,-1.15180384766265,-0.848791049390961,0.289046332243949,NaN,NaN,NaN,0.22766410667582,NaN,-0.0554972842421946,0.0979380997974131,NaN,-1.08845129324988,NaN,NaN,0.569144088214481,NaN,NaN,-0.644552358377046,-1.03811007651116,-0.200420993223614,1.0704744725695,NaN,NaN,0.306216585134449,1.17680733438793,0.658136733744492,0.610580782197145,0.610580782194688,0.769461527998618,0.891017735812891,NaN,NaN,0.0524410573716493,0.654345982576776,NaN,NaN,1.3862320706811,NaN,0.288765031601383,1.28580957696485
390.5536,-0.57407494830693,0.565581513414207,0.336585326521281,0.798918294744779,0.429541101641554,0.429541101642925,NaN,-0.561966440874426,0.0457158550228824,-1.18489365217357,0.259696345209341,-1.18489365217443,-0.819559314668521,0.258826442057924,NaN,NaN,NaN,0.232406738161492,NaN,-0.0152801575112984,0.0992254801923395,NaN,-1.11462017873446,NaN,NaN,0.519413757598176,NaN,NaN,-0.640530455145192,-1.02623158105575,-0.207083621608477,1.05812552433999,NaN,NaN,0.287318398488488,1.16370963806731,0.651900842908197,0.579475391278666,0.579475391276248,0.822116177146992,0.850968730595062,NaN,NaN,0.0282424012421093,0.634368086316302,NaN,NaN,1.35349437146106,NaN,0.236164966442675,1.27826269825629
390.656,-0.562439100176487,0.533346568763287,0.298070486534159,0.786961358972806,0.387330099366967,0.387330099368312,NaN,-0.591245349499267,0.0264638520256196,-1.21831283726739,0.232251711985656,-1.21831283726828,-0.790438352928022,0.22779984196308,NaN,NaN,NaN,0.237622900377143,NaN,0.0258124936541936,0.100405532349976,NaN,-1.14095795611418,NaN,NaN,0.469582361875357,NaN,NaN,-0.636396705917257,-1.01542000704594,-0.214445816423127,1.04467232506294,NaN,NaN,0.26829297383714,1.14966383731056,0.645354081607049,0.547410151464663,0.547410151462284,0.873225904482174,0.811164082741879,NaN,NaN,0.00322626244472718,0.612991274017589,NaN,NaN,1.32005634813982,NaN,0.181196804456888,1.26971257959128
390.7584,-0.549771617440457,0.499947771432084,0.258725764150095,0.774710005863259,0.343913226088484,0.343913226089811,NaN,-0.621091718462036,0.00720546392737513,-1.2519936001433,0.204080440170525,-1.25199360014421,-0.76150265202804,0.196009654432082,NaN,NaN,NaN,0.243333202408467,NaN,0.0677070145846033,0.101516250399717,NaN,-1.16739256971741,NaN,NaN,0.419749892041152,NaN,NaN,-0.632124961759988,-1.00571590005293,-0.222506134683574,1.03010743320935,NaN,NaN,0.249195611674184,1.13466688095833,0.638513919709574,0.514442349619932,0.514442349617591,0.922724405443663,0.771664504927007,NaN,NaN,-0.0225598633377933,0.590185931039829,NaN,NaN,1.28593220668454,NaN,0.123923937181014,1.26015993134374
390.8608,-0.536069469531895,0.465413902009604,0.218597851364066,0.762188770849134,0.299342633163258,0.29934263316456,NaN,-0.651455577829078,-0.0120327307091718,-1.28586487101779,0.175189796319601,-1.28586487101872,-0.732824520826867,0.163501700281165,NaN,NaN,NaN,0.24955656443858,NaN,0.110324304291326,0.102596820075325,NaN,-1.19385032996198,NaN,NaN,0.370017980298226,NaN,NaN,-0.627689688968217,-0.997152849599272,-0.23126025249693,1.01442526004072,NaN,NaN,0.230082406454284,1.11871695437048,0.631398334359628,0.480631123514145,0.480631123511846,0.970547425820492,0.732530854594868,NaN,NaN,-0.0490672263928472,0.565927078017616,NaN,NaN,1.25113761388434,NaN,0.0644184669593119,1.24960615563244
390.9632,-0.521331942681616,0.429777143506134,0.177736507267481,0.749422153075361,0.253674342344668,0.253674342345944,NaN,-0.682283958530762,-0.0312229133037497,-1.3198526336068,0.14558966954389,-1.31985263360776,-0.704474024234788,0.130324445639243,NaN,NaN,NaN,0.256310101160612,NaN,0.153579893949934,0.103687426601508,NaN,-1.22025603150531,NaN,NaN,0.320489891686483,NaN,NaN,-0.623066134647717,-0.989757346656413,-0.240700958413593,0.99762219986124,NaN,NaN,0.211010118195915,1.10181359178118,0.624025748907193,0.446037349420409,0.44603734941815,1.01663292618052,0.693823960220213,NaN,NaN,-0.0762456939369499,0.540194655202937,NaN,NaN,1.21568968033436,NaN,0.00276129068415663,1.23805342467491
391.0656,-0.505560893519646,0.393073140603415,0.136194415921912,0.736434617391711,0.206968214995872,0.206968214997119,NaN,-0.713520992311029,-0.0503361680522564,-1.35388027133992,0.115292596857308,-1.35388027134089,-0.676518912631974,0.0965289227333052,NaN,NaN,NaN,0.263609007769627,NaN,0.197384030038992,0.104829038111712,NaN,-1.24653309359505,NaN,NaN,0.271270481047358,NaN,NaN,-0.618230505805844,-0.983548700520994,-0.250818152592062,0.979696758720499,NaN,NaN,0.192036020218064,1.08395779139644,0.616414960692897,0.410723502350154,0.41072350234794,1.06092124892477,0.655604427971433,NaN,NaN,-0.104043625836224,0.512973773991968,NaN,NaN,1.17960695089965,NaN,-0.0609578530443542,1.22550478022115
391.168,-0.488760988619565,0.355341057872822,0.0940270555473189,0.723250606290327,0.159287924820713,0.159287924821934,NaN,-0.745108014535927,-0.0693426139517739,-1.38786889378263,0.0843137856595822,-1.38786889378362,-0.649024557320897,0.0621686659970585,NaN,NaN,NaN,0.271466456135726,NaN,0.241641783952951,0.106063173122417,NaN,-1.27260370105528,NaN,NaN,0.222466147881841,NaN,NaN,-0.613160145470691,-0.978539002964107,-0.261598841276653,0.960649685907574,NaN,NaN,0.173217738511068,1.06515212914545,0.60858507746499,0.374753519611545,0.374753519609374,1.10335526993203,0.617932461052821,NaN,NaN,-0.132407760975848,0.48425494949225,NaN,NaN,1.1429094002696,NaN,-0.12664039826863,1.2119642443838
391.2704,-0.47093993008917,0.316623656021102,0.0512926080108562,0.709894573769417,0.110700956421457,0.110700956422648,NaN,-0.776983658273165,-0.0882115125913135,-1.42173761049967,0.0526711394627057,-1.42173761050067,-0.622053901559201,0.0272996915812108,NaN,NaN,NaN,0.279893504130384,NaN,0.286253199407942,0.107431663051613,NaN,-1.29838893047282,NaN,NaN,0.174184811944406,NaN,NaN,-0.607833693733431,-0.974733123014897,-0.273027121276692,0.940484110307201,NaN,NaN,0.154613096686749,1.04540086939265,0.600555476391669,0.33819269200453,0.338192692002402,1.14388052307629,0.580867713857393,NaN,NaN,-0.161283120546797,0.454034321755692,NaN,NaN,1.10561842837533,NaN,-0.194179028909235,1.1974369339545
391.3728,-0.452108665209048,0.276967381630738,0.00805190353237581,0.696391038586346,0.0612786239331137,0.0612786239342713,NaN,-0.809083940854626,-0.106911355409004,-1.45540375655081,0.0203852836414702,-1.45540375655183,-0.595667426984873,-0.00801948729712522,NaN,NaN,NaN,0.288899018365569,NaN,0.331113477544644,0.108976417801572,NaN,-1.32380886483353,NaN,NaN,0.126535902456761,NaN,NaN,-0.602231230788106,-0.972128719953104,-0.285084160638705,0.91920567839713,NaN,NaN,0.136279970427393,1.02471007106076,0.592345783856371,0.301107583422537,0.301107583420449,1.18244529588885,0.544469182792215,NaN,NaN,-0.190612925239069,0.422313861217012,NaN,NaN,1.06775685006219,NaN,-0.263457794566913,1.18192917265602
391.4752,-0.432281574493345,0.236422444278858,-0.0356316340829285,0.682764639392735,0.0110960782304608,0.0110960782315863,NaN,-0.841342358502757,-0.125409948241932,-1.48878310741951,-0.0125204210283627,-1.48878310742055,-0.569923125070252,-0.0437278484745947,NaN,NaN,NaN,0.29848960630247,NaN,0.376113210705154,0.110739195340358,NaN,-1.34878271950956,NaN,NaN,0.0796303237390394,NaN,NaN,-0.596334405192598,-0.970716273349334,-0.297748192257636,0.896822685054415,NaN,NaN,0.118276142967498,1.00308768405709,0.583975858397871,0.263565954957792,0.263565954955748,1.21900070734396,0.50879511459617,NaN,NaN,-0.220338512594617,0.389101549305176,NaN,NaN,1.02934887084052,NaN,-0.334352235569445,1.165448601154
391.5776,-0.411476632268073,0.195042853073767,-0.0796920789332201,0.669040171720756,-0.0397677316291922,-0.0397677316281052,NaN,-0.87369000825325,-0.143674511184521,-1.52179012425124,-0.0460198897779406,-1.52179012425229,-0.54487646060702,-0.0797618939611538,NaN,NaN,NaN,0.308669555055581,NaN,0.421138691967106,0.112761372676688,NaN,-1.37322900632078,NaN,NaN,0.033580356573989,NaN,NaN,-0.590126553014533,-0.970479139811909,-0.310994536488798,0.873346187451574,NaN,NaN,0.10065914782437,0.980543629923286,0.575465756339467,0.225636664504818,0.225636664502818,1.25350078929191,0.473902903083691,NaN,NaN,-0.250399256065987,0.354411526278266,NaN,NaN,0.99042004303337,NaN,-0.406729509405418,1.14800428913895
391.68,-0.389715536158038,0.152886397254709,-0.124061151348714,0.655242595967102,-0.0912301612311483,-0.091230161230098,NaN,-0.906055749623939,-0.161671802235676,-1.55433824908153,-0.0800843561477889,-1.5543382490826,-0.520580318495564,-0.116055749321029,NaN,NaN,NaN,0.319440778233123,NaN,0.466072317841514,0.115083717285495,NaN,-1.39706575072804,NaN,NaN,-0.0115005249679109,NaN,NaN,-0.58359281324696,-0.971393650166845,-0.324795658591375,0.848790097587731,NaN,NaN,0.0834860881524078,0.957089864761139,0.566835669392691,0.187389526326126,0.187389526324171,1.28590259160641,0.439848952904211,NaN,NaN,-0.280732513620786,0.318264196237598,NaN,NaN,0.950997205991483,NaN,-0.48044854078676,1.12960685245475
391.7824,-0.367023804004131,0.110014567857178,-0.168668426278682,0.641397016744502,-0.143205039252806,-0.143205039251794,NaN,-0.938366408481672,-0.179368264650709,-1.58634024781721,-0.114682444937163,-1.58634024781829,-0.497084930581402,-0.152541330187382,NaN,NaN,NaN,0.330802765809615,NaN,0.510793064832026,0.117746162732399,NaN,-1.42021076268047,NaN,NaN,-0.0554979184009198,NaN,NaN,-0.57672024125102,-0.97342925665308,-0.339121255887676,0.823171256327891,NaN,NaN,0.0668134292987736,0.932740426940165,0.558105835924443,0.148895132419305,0.148895132417397,1.31616631455099,0.406688508884538,NaN,NaN,-0.311273637808069,0.280686277563645,NaN,NaN,0.911108421566122,NaN,-0.55536023207753,1.11026857231008
391.8848,-0.343430835929659,0.0664924265197277,-0.213441590374459,0.627528642586969,-0.195602889134044,-0.195602889133072,NaN,-0.970547015848303,-0.196730192205779,-1.61770858400955,-0.149780272069677,-1.61770858401065,-0.474437784267089,-0.189148560835491,NaN,NaN,NaN,0.342752525914252,NaN,0.555176995922234,0.120787595253911,NaN,-1.44258194978733,NaN,NaN,-0.0982968195738961,NaN,NaN,-0.569497916979099,-0.97654873126155,-0.353938362248869,0.796509496734779,NaN,NaN,0.050696769961683,0.907511473882574,0.549296437004193,0.110224652108411,0.110224652106549,1.34425545457559,0.374475468505883,NaN,NaN,-0.341956064761427,0.241710795942027,NaN,NaN,0.870782917379906,NaN,-0.631307767705805,1.09000350374603
391.9872,-0.31896993643904,0.0223884366284842,-0.258306719890562,0.613662740274721,-0.248331179867144,-0.24833117986621,NaN,-1.00252106704416,-0.213723899402442,-1.64835579505951,-0.185341564596451,-1.64835579506062,-0.452683520261497,-0.225805614640278,NaN,NaN,NaN,0.355284518619354,NaN,0.599097774271009,0.124245655601473,NaN,-1.46409765417781,NaN,NaN,-0.13978198220548,NaN,NaN,-0.561917042426066,-0.980708408894965,-0.369211456622133,0.768827704279518,NaN,NaN,0.0351906044344684,0.881421310517983,0.540427493493996,0.0714496354465122,0.0714496354446981,1.3701369457131,0.343262204210098,NaN,NaN,-0.372711478552012,0.201377035850625,NaN,NaN,0.830051046143771,NaN,-0.708127034151554,1.06882755478081
392.0896,-0.293678291433495,-0.022225725167513,-0.303188547198825,0.599824596471328,-0.301294581764066,-0.301294581763172,NaN,-1.03421078620127,-0.230315879731531,-1.67819484278959,-0.221327793337717,-1.67819484279071,-0.431863829292632,-0.262439144752649,NaN,NaN,NaN,0.368390597018106,NaN,0.64242720205919,0.12815655596809,NaN,-1.48467699743851,NaN,NaN,-0.179838287133737,NaN,NaN,-0.55397102557497,-0.985858464822945,-0.384902570301476,0.740151875260937,NaN,NaN,0.0203480883846794,0.854490407537777,0.531518778220395,0.0326418409892745,0.0326418409875114,1.39378128626423,0.31309941565752,NaN,NaN,-0.403470023914599,0.159730474366012,NaN,NaN,0.78894426058583,NaN,-0.785647150763946,1.04675852484847
392.192,-0.267596898710357,-0.0672753723784192,-0.348010707442633,0.586039488354087,-0.354395223998836,-0.35439522399798,NaN,-1.06553739245644,-0.246472945515919,-1.70713943518834,-0.25769831656802,-1.70713943518947,-0.412017350763573,-0.298974499381203,NaN,NaN,NaN,0.382059969163041,NaN,0.685035810146641,0.132554907961954,NaN,-1.50424023182234,NaN,NaN,-0.218351122013203,NaN,NaN,-0.545655553888078,-0.991943217143729,-0.400971400548573,0.710511166352931,NaN,NaN,0.00622081305340572,0.826741406413718,0.522589745533379,-0.0061269136790005,-0.00612691368071558,1.41516265236326,0.284036007206913,NaN,NaN,-0.434160539306314,0.116822698985294,NaN,NaN,0.747495095211296,NaN,-0.863691076883616,1.02381610265156
392.2944,-0.240770450984002,-0.112683043036758,-0.392695988867408,0.572332651542087,-0.407532977620796,-0.407532977619977,NaN,-1.09642138167985,-0.262162361371392,-1.7351043487685,-0.294410542707051,-1.73510434876964,-0.393179564306274,-0.335335949738773,NaN,NaN,NaN,0.396279182384429,NaN,0.726793506316961,0.137473552303554,NaN,-1.52270910973665,NaN,NaN,-0.255206796663605,NaN,NaN,-0.536968663146307,-0.99890145317312,-0.417375446443009,0.679937925221546,NaN,NaN,-0.00714141557589576,0.798199112724612,0.513659466594056,-0.0447849024410266,-0.0447849024426914,1.43425900752427,0.256118963770362,NaN,NaN,-0.464710813649552,0.0727112761408772,NaN,NaN,0.705737143452249,NaN,-0.942076265278124,1.00002182669708
392.3968,-0.213247163826319,-0.1583687885405,-0.437166615772327,0.55872922938384,-0.460605794317364,-0.460605794316572,NaN,-1.12678284553501,-0.277351989542729,-1.76200578775675,-0.331420124058449,-1.76200578775788,-0.375382660134284,-0.371446965561415,NaN,NaN,NaN,0.411032127401955,NaN,0.767570289214377,0.142943378291899,NaN,-1.54000728709641,NaN,NaN,-0.290293022951325,NaN,NaN,-0.527910804536344,-1.00666678831811,-0.434070180845921,0.648467696506603,NaN,NaN,-0.019690799355761,0.768890482549776,0.504746554466196,-0.0832606691772145,-0.0832606691788278,1.45105221423665,0.229393202898815,NaN,NaN,-0.495047893189604,0.0274595289952761,NaN,NaN,0.663705022452164,NaN,-1.02061537470757,0.975399006184275
392.4992,-0.185078536278613,-0.204250531179835,-0.481344574524927,0.545254194224477,-0.513510115966501,-0.51351011596574,NaN,-1.15654184083655,-0.292010455377655,-1.78776179582858,-0.368681189434524,-1.78776179582971,-0.358655379020482,-0.407230553799253,NaN,NaN,NaN,0.426300064220236,NaN,0.807237044282585,0.148993126383442,NaN,-1.55606076997466,NaN,NaN,-0.323499472711577,NaN,NaN,-0.518484906937788,-1.01516806905252,-0.451009263397616,0.616139202151524,NaN,NaN,-0.0313817785919447,0.738844604206769,0.495869070223289,-0.121483249051136,-0.121483249052696,1.46552814747594,0.203901399007217,NaN,NaN,-0.525098447504817,-0.0188637894707862,NaN,NaN,0.621434323369962,NaN,-1.09911709099591,0.949972595277778
392.6016,-0.156319037637613,-0.250244488888588,-0.52515197445492,0.531932241566808,-0.566141350229291,-0.566141350228563,NaN,-1.18561880605356,-0.306107327377105,-1.81229271122862,-0.40614661613123,-1.81229271122976,-0.3430228207181,-0.442609653635309,NaN,NaN,NaN,0.442061675082397,NaN,0.845666434204734,0.155649172342718,NaN,-1.570798403314,NaN,NaN,-0.354718410017392,NaN,NaN,-0.508696424318473,-1.02432982743753,-0.468144790964919,0.582994294933455,NaN,NaN,-0.0421712749084994,0.708092672790539,0.48704441218852,-0.159382432156403,-0.159382432157907,1.47767680841645,0.1796837853959,NaN,NaN,-0.554789173130551,-0.0661849088392186,NaN,NaN,0.578961547080577,NaN,-1.17738710718025,0.92376902150773
392.704,-0.127025723639588,-0.296265650569634,-0.568511421177856,0.518787666842353,-0.618394391750551,-0.618394391749852,NaN,-1.21393500970453,-0.319613295531357,-1.8355216371459,-0.443768335361845,-1.83552163714704,-0.328506226453674,-0.477507563745152,NaN,NaN,NaN,0.458293149762673,NaN,0.882733894628884,0.162935289496888,NaN,-1.58415238967343,NaN,NaN,-0.383845382194019,NaN,NaN,-0.498553353193483,-1.03407278743973,-0.485427578641657,0.549077882511936,NaN,NaN,-0.0520189451255309,0.676667951792866,0.478289199361406,-0.196889055854895,-0.196889055856342,1.48749243488586,0.156777945793614,NaN,NaN,-0.584047208899386,-0.114425507811313,NaN,NaN,0.536324025001778,NaN,-1.25522928332271,0.896815984951444
392.8064,-0.0972577927338671,-0.342228276461687,-0.611346373194098,0.505844239820311,-0.670164161458675,-0.670164161458008,NaN,-1.24141301092418,-0.33250032897578,-1.85737489258983,-0.481497659963522,-1.85737489259097,-0.315122745556193,-0.511848370511333,NaN,NaN,NaN,0.474968307027356,NaN,0.918318737611254,0.170872386492771,NaN,-1.59605882014397,NaN,NaN,-0.410779945830021,NaN,NaN,-0.488066208292925,-1.04431441481359,-0.502807465873427,0.514437819612,NaN,NaN,-0.0608874376643801,0.644605718145195,0.469619164480305,-0.233935304871539,-0.23393530487293,1.49497359845803,0.135218614623188,NaN,NaN,-0.612800557094345,-0.163503212853812,NaN,NaN,0.493559828781704,NaN,-1.33244694982311,0.869142250672318
392.9088,-0.0670761009570409,-0.388046401302148,-0.65358146479456,0.493125091795337,-0.721346143420943,-0.721346143420303,NaN,-1.26797711456479,-0.344741805115122,-1.87778242386923,-0.519285615092225,-1.87778242387036,-0.302885196555596,-0.545557357133419,NaN,NaN,NaN,0.492058752067566,NaN,0.952305317085015,0.179478225956402,NaN,-1.60645820069086,NaN,NaN,-0.435426401747805,NaN,NaN,-0.477247957155432,-1.05496949398728,-0.520233645332689,0.479124764948484,NaN,NaN,-0.0687426390935568,0.611943194507717,0.461049070216201,-0.270455002452163,-0.270455002453498,1.50012327120959,0.115037507088017,NaN,NaN,-0.640978516549669,-0.213332118458229,NaN,NaN,0.45070767703603,NaN,-1.40884425848749,0.840777447361611
393.0112,-0.0365426581086594,-0.433634328584272,-0.695142798233364,0.480652624739464,-0.771836911419714,-0.771836911419106,NaN,-1.29355380854366,-0.356312617200519,-1.89667817893751,-0.557083240319422,-1.89667817893865,-0.291801830065358,-0.578561391947742,NaN,NaN,NaN,0.509534064577054,NaN,0.984584157913322,0.188767131765193,NaN,-1.61529596179673,NaN,NaN,-0.457694517585982,NaN,NaN,-0.466113928920709,-1.0659507129285,-0.537655013498582,0.443191996972405,NaN,NaN,-0.0755538996196285,0.578719478382193,0.452592654572461,-0.306383887389286,-0.306383887390568,1.50294884670159,0.0962631955784235,NaN,NaN,-0.668512118252853,-0.263823319985718,NaN,NaN,0.407806844873289,NaN,-1.48422747776421,0.811751873527172
393.1136,-0.00572012123790903,-0.478907110731694,-0.735958211947677,0.468448442699622,-0.821534640944322,-0.821534640943741,NaN,-1.3180721755497,-0.36718926717862,-1.91400044836711,-0.594841826701656,-1.91400044836826,-0.281876097990183,-0.610789297938133,NaN,NaN,NaN,0.527362008493786,NaN,1.01505295910415,0.198749685300369,NaN,-1.6225229430563,NaN,NaN,-0.477500221932844,NaN,NaN,-0.454681716634996,-1.07716924347144,-0.55502053833936,0.406695186090991,NaN,NaN,-0.0812942300896417,0.54497547666745,0.444262603146695,-0.341659878717036,-0.341659878718265,1.50346211030407,0.078921043867611,NaN,NaN,-0.695334531744347,-0.314885448492922,NaN,NaN,0.364897077310158,NaN,-1.55840618361736,0.782096310570787
393.216,0.025328708637745,-0.52378100940518,-0.775957521426878,0.456533301465507,-0.870339597027271,-0.870339597026721,NaN,-1.34146427257885,-0.377349937841758,-1.92969215955239,-0.632513068513914,-1.92969215955354,-0.273106435056448,-0.642172195342571,NaN,NaN,NaN,0.54550875196652,NaN,1.04361744211519,0.209432409499268,NaN,-1.62809584474642,NaN,NaN,-0.494766253787473,NaN,NaN,-0.44297108176455,-1.08853531449193,-0.57227963202763,0.369692132013708,NaN,NaN,-0.0859404655474864,0.510753849349464,0.436070541932639,-0.376223326525815,-0.376223326526996,1.50167916267693,0.0630332071705818,NaN,NaN,-0.72138141425188,-0.366425198343223,NaN,NaN,0.322018506728595,NaN,-1.63119435364851,0.751841847439012
393.3184,0.056541380016335,-0.568173926662362,-0.815072724592891,0.444927076241496,-0.918154584117739,-0.918154584117221,NaN,-1.36366547133718,-0.38677453443342,-1.94370110457896,-0.670049139309584,-1.9437011045801,-0.265486067049143,-0.672643804299333,NaN,NaN,NaN,0.56393908588452,NaN,1.07019206271224,0.22081745330773,NaN,-1.63197763504817,NaN,NaN,-0.509422748668935,NaN,NaN,-0.431003858837124,-1.09995878078826,-0.589382514500754,0.332242479622424,NaN,NaN,-0.089473390079043,0.47609896021923,0.428027046581549,-0.410017239116137,-0.410017239117269,1.49762030140788,0.0486187004813869,NaN,NaN,-0.746591200934532,-0.418347837000314,NaN,NaN,0.279211574197883,NaN,-1.70241138168477,0.721019724804569
393.4208,0.0878562579066084,-0.61200579619352,-0.853238170552425,0.433648750164769,-0.964885345826116,-0.964885345825627,NaN,-1.38461475374282,-0.395444699026143,-1.95598009973338,-0.707402723353492,-1.95598009973452,-0.259002868332742,-0.702140703897733,NaN,NaN,NaN,0.58261663338202,NaN,1.09470060985395,0.232902301810208,NaN,-1.63413790012396,NaN,NaN,-0.521407748249123,NaN,NaN,-0.418803859831585,-1.11134968566642,-0.606280563395853,0.294407416559588,NaN,NaN,-0.0918778184046399,0.441056827743967,0.420141667842331,-0.442987474282526,-0.44298747428361,1.49130986686235,0.0356935264819427,NaN,NaN,-0.770905352868886,-0.470557683153625,NaN,NaN,0.236516951747205,NaN,-1.77188301341215,0.689661206167429
393.5232,0.119212944802972,-0.655198928518877,-0.890390700300479,0.422716420231799,-1.01044091109431,-1.01044091109385,NaN,-1.40425496236325,-0.403343815359145,-1.96648709693671,-0.744527031019907,-1.96648709693785,-0.25363928468945,-0.730602559271318,NaN,NaN,NaN,0.601504049817101,NaN,1.11707670004726,0.245679528499854,NaN,-1.63455313249901,NaN,NaN,-0.530667636950182,NaN,NaN,-0.406396782371447,-1.12261880033161,-0.622926654854441,0.256249347832066,NaN,NaN,-0.0931426351705944,0.405675068835226,0.412422972529906,-0.475082890768344,-0.475082890769379,1.48277606447223,0.0242708414382475,NaN,NaN,-0.794268573823474,-0.522958543006347,NaN,NaN,0.193975459381747,NaN,-1.83944219341331,0.657797481583417
393.6256,0.150552648650772,-0.69767831226914,-0.926469769021059,0.41214730764134,-1.05473389424038,-1.05473389423996,NaN,-1.4225330125384,-0.410457020848961,-1.97518527123055,-0.78137580311749,-1.97518527123168,-0.249372317801408,-0.757972332308749,NaN,NaN,NaN,0.620563217962335,NaN,1.1372641688758,0.259136588316875,NaN,-1.6332069654981,NaN,NaN,-0.537157520729996,NaN,NaN,-0.393810122808254,-1.13367811171074,-0.639275491667511,0.217831556132135,NaN,NaN,-0.093260799503204,0.370002832427,0.404878595862982,-0.506255468080221,-0.506255468081205,1.47205078233234,0.0143611312505548,NaN,NaN,-0.81662899355697,-0.575454104647902,NaN,NaN,0.151627970945369,NaN,-1.90492981346574,0.625459603982287
393.728,0.181818504678277,-0.739371877877381,-0.961417553335446,0.401957757943551,-1.09768076028212,-1.09768076028172,NaN,-1.4394000748227,-0.416771230228706,-1.98204309534063,-0.817903283527014,-1.98204309534175,-0.246173555108951,-0.784196480824649,NaN,NaN,NaN,0.639755443006148,NaN,1.15521736192583,0.27325565031302,NaN,-1.63009036359847,NaN,NaN,-0.540841558708212,NaN,NaN,-0.381073094058452,-1.14444123661289,-0.655283902436988,0.179217874138003,NaN,NaN,-0.0922293250339141,0.334090722306965,0.397515299165827,-0.536460408533919,-0.536460408534855,1.45916942201173,0.00597237549175884,NaN,NaN,-0.837938314058078,-0.627948298521382,NaN,NaN,0.109515307629437,NaN,-1.96819535801558,0.592678450177983
393.8304,0.212955858971696,-0.780210729698166,-0.995179045455164,0.392163222650271,-1.13920206309927,-1.1392020630989,NaN,-1.45481173360658,-0.422275168105126,-1.98703440212118,-0.854064132425211,-1.98703440212231,-0.24400923495309,-0.809225142623991,NaN,NaN,NaN,0.659041650444339,NaN,1.17090132377717,0.288013481501584,NaN,-1.6252017715257,NaN,NaN,-0.541693249696753,NaN,NaN,-0.36821655272463,-1.15482376093746,-0.670911100292026,0.140472389052523,NaN,NaN,-0.0900492438387419,0.297990705397053,0.390339028454132,-0.565656231159779,-0.565656231160668,1.44417074886941,-0.000889807973454999,NaN,NaN,-0.858151922173987,-0.680345635563273,NaN,NaN,0.0676781225282556,NaN,-2.02909745280944,0.559484698030623
393.9328,0.243912516366045,-0.820129351422861,-1.02770213930964,0.3827782215087,-1.17922265667572,-1.17922265667539,NaN,-1.46872812526615,-0.426959410815872,-1.99013843420388,-0.889813265216775,-1.990138434205,-0.242840353876559,-0.833012303389745,NaN,NaN,NaN,0.678382590719393,NaN,1.18429188158979,0.303381393781055,NaN,-1.61854721980164,NaN,NaN,-0.539695671785777,NaN,NaN,-0.355272936976846,-1.16474352182835,-0.686118901351327,0.101659181966798,NaN,NaN,-0.086725556736009,0.261755998688032,0.383354973268102,-0.593804855856907,-0.593804855857749,1.42709675425031,-0.00622202976057046,NaN,NaN,-0.877228974731382,-0.732551535213785,NaN,NaN,0.0261567812023701,NaN,-2.08750432400184,0.525908816542847
394.0352,0.274638953478342,-0.859065787960174,-1.05893771272601,0.373816290663755,-1.2176718733017,-1.21767187330141,NaN,-1.48111405809507,-0.430816442050813,-1.99133987829522,-0.925105624624786,-1.99133987829633,-0.242622834194118,-0.855515952079239,NaN,NaN,NaN,0.697739051781152,NaN,1.19537562838891,0.319325252443545,NaN,-1.61014038329145,NaN,NaN,-0.53484166896975,NaN,NaN,-0.342276203279958,-1.17412085774097,-0.700871899488666,0.0628421019977297,NaN,NaN,-0.0822671656415506,0.225440931724129,0.376567628283886,-0.620871666203549,-0.620871666204348,1.407992517409,-0.0100229908201547,NaN,NaN,-0.8951324602215,-0.784472650734719,NaN,NaN,-0.0150087582823864,NaN,-2.1432941651784,0.491981068660707
394.1376,0.305088496350626,-0.896961804258712,-1.08883970687678,0.365289926819218,-1.25448366225297,-1.25448366225271,NaN,-1.49193911338969,-0.433840721717257,-1.99062887422272,-0.959895918129712,-1.99062887422381,-0.243307765176264,-0.876698226187029,NaN,NaN,NaN,0.717072072991776,NaN,1.20414982149449,0.335805536569455,NaN,-1.60000258734174,NaN,NaN,-0.527133974134982,NaN,NaN,-0.329261742634242,-1.18287884884588,-0.715137584292515,0.0240845818229095,NaN,NaN,-0.0766867813619705,0.189100788159018,0.369980859740394,-0.646825539379725,-0.646825539380481,1.38690605852664,-0.0122933244662461,NaN,NaN,-0.911829240013585,-0.836017189886316,NaN,NaN,-0.0557790675635316,NaN,-2.19635540625115,0.457731527434043
394.24,0.335217459941882,-0.933763016938329,-1.11736519922052,0.357210539687322,-1.28959668408243,-1.28959668408221,NaN,-1.50117771899271,-0.436028753430305,-1.98800097547513,-0.994138367915863,-1.98800097547622,-0.244841717113366,-0.896525537756767,NaN,NaN,NaN,0.736343150199727,NaN,1.21062220622361,0.352777449990449,NaN,-1.58816274986283,NaN,NaN,-0.516585251593489,NaN,NaN,-0.316266263083829,-1.19094356099124,-0.728886391767265,-0.014550500468492,NaN,NaN,-0.0700007992511167,0.152791634660432,0.363597976571328,-0.671638838741722,-0.671638838742433,1.3638881766006,-0.0130354110488907,NaN,NaN,-0.927290070515504,-0.887095222941561,NaN,NaN,-0.0961153801930157,NaN,-2.24658688544293,0.423190104621472
394.3424,0.364985248232267,-0.969418989556534,-1.14447445707211,0.349588420760841,-1.32295435354125,-1.32295435354108,NaN,-1.50880917893654,-0.437379128209434,-1.98345703187491,-1.02778651094816,-1.98345703187599,-0.247167118528946,-0.91496865845564,NaN,NaN,NaN,0.755514425714135,NaN,1.21481075651419,0.370191096347492,NaN,-1.57465724051801,NaN,NaN,-0.503218039550441,NaN,NaN,-0.303327636117713,-1.1982442897706,-0.742091693605022,-0.0530009226590934,NaN,NaN,-0.0622291324831022,0.116570147195217,0.357421806349456,-0.695287370025087,-0.695287370025762,1.33899226578712,-0.01225316718379,NaN,NaN,-0.941489602958225,-0.937618970647695,NaN,NaN,-0.135979741534597,NaN,-2.29389792991212,0.388386583602644
394.4448,0.394354416320738,-1.00388328442255,-1.17013095972238,0.342432727125473,-1.35450482654963,-1.3545048265495,NaN,-1.51481764859606,-0.437892535645166,-1.97700298707371,-1.06079305887855,-1.97700298707478,-0.250222686873148,-0.932002749967668,NaN,NaN,NaN,0.774548861944773,NaN,1.21674331631561,0.387991731946793,NaN,-1.55952964115263,NaN,NaN,-0.4870645894605,NaN,NaN,-0.290484712363576,-1.20471378527317,-0.754729750122925,-0.0912052118665836,NaN,NaN,-0.0533949939292832,0.0804934399869226,0.351454777876905,-0.717750305488337,-0.717750305488976,1.31227410582302,-0.00995182244248609,NaN,NaN,-0.954406354273393,-0.987503068030257,NaN,NaN,-0.175335179333498,NaN,-2.33820835064341,0.353350643507559
394.5472,0.42329069527402,-1.03711347502698,-1.19430139461888,0.335751471648211,-1.38420093878717,-1.38420093878708,NaN,-1.51919206358846,-0.437571759637802,-1.96864962124042,-1.09310980479441,-1.96864962124148,-0.253943906099682,-0.947607353422367,NaN,NaN,NaN,0.793410399610439,NaN,1.21645713892888,0.406120094130561,NaN,-1.54283040846531,NaN,NaN,-0.46816662715994,NaN,NaN,-0.277777116404629,-1.21028843398632,-0.766779653990179,-0.129102761490258,NaN,NaN,-0.0435246275890521,0.0446188917796499,0.345699011274294,-0.739010084356757,-0.739010084357361,1.28379163199684,-0.00613770780642988,NaN,NaN,-0.966022644242888,-1.03666480369444,NaN,NaN,-0.214145897094506,NaN,-2.37944835639156,0.318111865687297
394.6496,0.451762978574195,-1.06907113245467,-1.21695564906106,0.329551508185069,-1.4120001142544,-1.41200011425435,NaN,-1.52192604455178,-0.436421689546804,-1.95841228523507,-1.12468756094014,-1.9584122852361,-0.258263545750637,-0.961766368876665,NaN,NaN,NaN,0.812064102525538,NaN,1.21399833611907,0.424512792886657,NaN,-1.52461645604528,NaN,NaN,-0.446575071078255,NaN,NaN,-0.265245033276447,-1.21490838346603,-0.778223273611029,-0.166633981377212,NaN,NaN,-0.032647006347384,0.00900395588076176,0.340156411308317,-0.759052303074741,-0.759052303075306,1.25360470457758,-0.000818086184342089,NaN,NaN,-0.976324496297991,-1.08502433815796,NaN,NaN,-0.252377492481309,NaN,-2.41755838753056,0.28269972078662
394.752,0.47974326817786,-1.09972179715516,-1.23806681658678,0.323838502602629,-1.43786426128424,-1.43786426128423,NaN,-1.5230177958681,-0.434449367465875,-1.94631065676673,-1.1554761252132,-1.94631065676775,-0.263112215723717,-0.974468046170576,NaN,NaN,NaN,0.830476293823954,NaN,1.20942124888373,0.443102759135131,NaN,-1.50495067421784,NaN,NaN,-0.422349729716384,NaN,NaN,-0.252928998413336,-1.2185176136174,-0.789045192922335,-0.203740474984421,NaN,NaN,-0.0207935236399423,-0.0262940590127461,0.334828755243567,-0.777865611981136,-0.777865611981667,1.22177489897124,0.00599895382293701,NaN,NaN,-0.985301501207737,-1.13250490555849,NaN,NaN,-0.289997195650133,NaN,-2.45248887191271,0.247143539065427
394.8544,0.50720657888003,-1.12903493735738,-1.25761122121142,0.318616890563234,-1.46175966221503,-1.46175966221505,NaN,-1.52246999981226,-0.4316640679734,-1.93236852216472,-1.18542429193725,-1.93236852216574,-0.268418951705413,-0.985704984797852,NaN,NaN,NaN,0.848614689443991,NaN,1.20278775079515,0.461819748606012,NaN,-1.4839013983471,NaN,NaN,-0.395558978652715,NaN,NaN,-0.240869694916888,-1.22106397661253,-0.799232647072608,-0.240365239500031,NaN,NaN,-0.00799770186642474,-0.0612182419743592,0.329717769117786,-0.795441628406264,-0.795441628406753,1.18836531929825,0.0143045446262135,NaN,NaN,-0.992946648343886,-1.17903300097445,NaN,NaN,-0.326974112622166,NaN,-2.48419991564424,0.211472466749915
394.9568,0.534130799953829,-1.15698388568658,-1.27556844758239,0.313889837400545,-1.4836568497357,-1.48365684973575,NaN,-1.52028969365152,-0.428077388184567,-1.91661356750277,-1.2144799302809,-1.91661356750378,-0.274111830526751,-0.995474122503802,NaN,NaN,NaN,0.86644852703967,NaN,1.19416650216057,0.480590894922987,NaN,-1.4615418295994,NaN,NaN,-0.366279398600206,NaN,NaN,-0.229107749880028,-1.2224992330084,-0.808775452287152,-0.276452884616407,NaN,NaN,0.00570507565836019,-0.0957123624828985,0.324825194310193,-0.811774859630736,-0.811774859631184,1.15344041810056,0.0240890538084384,NaN,NaN,-0.999256135395758,-1.22453855573571,NaN,NaN,-0.363279457387118,NaN,-2.51266094872464,0.175715408296377
395.0592,0.560496510938233,-1.18354574060088,-1.29192135949783,0.309659222045153,-1.50353045656803,-1.50353045656811,NaN,-1.51648811490832,-0.423703323159268,-1.89907715475004,-1.24259014492887,-1.89907715475103,-0.280118618961674,-1.00377668717274,NaN,NaN,NaN,0.883948678335927,NaN,1.18363217399022,0.49934129842223,NaN,-1.43794940602475,NaN,NaN,-0.334595347783126,NaN,NaN,-0.217683516299365,-1.22277910003172,-0.81766592339186,-0.311949861118425,NaN,NaN,0.0202778166448205,-0.12972117331463,0.320152851648047,-0.826862615926889,-0.826862615927299,1.11706580079006,0.0353420952563209,NaN,NaN,-1.00422916752112,-1.26895510490794,NaN,NaN,-0.398886765555881,NaN,-2.53785034112999,0.139900953802838
395.1616,0.586286749160755,-1.20870122210907,-1.30665609292261,0.305925660145145,-1.52135903007104,-1.52135903007116,NaN,-1.51108050836868,-0.418558310486231,-1.87979406550932,-1.26970151642462,-1.87979406551031,-0.28636745518428,-1.01061809293878,NaN,NaN,NaN,0.901087734427693,NaN,1.17126465135014,0.517994635111313,NaN,-1.41320511867526,NaN,NaN,-0.300598450681375,NaN,NaN,-0.206636835637957,-1.22186330825739,-0.825898781913664,-0.346804702888116,NaN,NaN,0.0356821682506025,-0.163190723792975,0.315702709576286,-0.840704895681207,-0.840704895681577,1.07930800433313,0.0480525473403984,NaN,NaN,-1.00786775008508,-1.31221994919971,NaN,NaN,-0.433772092617975,NaN,-2.55975499578508,0.104057291327707
395.264,0.611486735835301,-1.2324344845083,-1.31976202140842,0.302688565834441,-1.53712481809319,-1.53712481809334,NaN,-1.50408590245213,-0.41266124236476,-1.85880221595154,-1.29576040736774,-1.85880221595252,-0.292787548296642,-1.01600777852595,NaN,NaN,NaN,0.91784006591394,NaN,1.1571482213998,0.536473770937084,NaN,-1.38739277717815,NaN,NaN,-0.264387011351397,NaN,NaN,-0.196006788750096,-1.21971565275167,-0.833471075548318,-0.380968308671526,NaN,NaN,0.0518786697542254,-0.196068675487101,0.311476957837023,-0.853304238094973,-0.853304238095303,1.04023425416557,0.0622085659937137,NaN,NaN,-1.0101764728725,-1.35427430791536,NaN,NaN,-0.467914199197951,NaN,-2.5783699189373,0.0682121026671998
395.3664,0.636083578286383,-1.25473290365635,-1.3312317045489,0.299946237994124,-1.55081354507115,-1.55081354507132,NaN,-1.49552687205172,-0.40603345550248,-1.83614236472798,-1.32071331631556,-1.83614236472895,-0.299309871269023,-1.01995900515308,NaN,NaN,NaN,0.934181869498659,NaN,1.14137075499747,0.554701370963746,NaN,-1.36059824730671,NaN,NaN,-0.226065384241095,NaN,NaN,-0.185831445027258,-1.21630403373445,-0.84038213177688,-0.414394287687035,NaN,NaN,0.068827007408686,-0.228304615433117,0.307478082148672,-0.864665549230236,-0.864665549230528,0.999912211540858,0.0777975767942938,NaN,NaN,-1.01116228711043,-1.39506345462704,NaN,NaN,-0.501294716440015,NaN,-2.59369776862097,0.0323924450625837
395.4688,0.660065965230261,-1.27558685635677,-1.34106083076683,0.297695955701663,-1.56241419444486,-1.56241419444506,NaN,-1.48542930122065,-0.398698710714686,-1.81185783620858,-1.34450725669729,-1.81185783620954,-0.305867827122487,-1.02248863749168,NaN,NaN,NaN,0.95009121218429,NaN,1.12402289318187,0.572600500384204,NaN,-1.33290869092941,NaN,NaN,-0.185743335558805,NaN,NaN,-0.1761476126067,-1.21160049698023,-0.846633552041196,-0.447039362041211,NaN,NaN,0.0864862624796924,-0.259850362463976,0.303708933249423,-0.874795906448366,-0.874795906448622,0.958409724775285,0.0948062419984409,NaN,NaN,-1.01083428663355,-1.43453682625771,NaN,NaN,-0.53389828122142,NaN,-2.60574838558544,-0.00337536941177788
395.5712,0.683423862091377,-1.2949894965327,-1.34924815516907,0.295934076678706,-1.57191880032648,-1.5719188003267,NaN,-1.47382214941899,-0.390683167695557,-1.78599426924748,-1.36709013752632,-1.78599426924843,-0.312397880335318,-1.02361692099981,NaN,NaN,NaN,0.965548076156767,NaN,1.1051972500189,0.590095218016266,NaN,-1.30441182965948,NaN,NaN,-0.143535408907652,NaN,NaN,-0.166990587049485,-1.20558128792148,-0.852229235890339,-0.478863793649455,NaN,NaN,0.104815142657054,-0.290660261792553,0.300172786596312,-0.88370434317865,-0.883704343178875,0.915794592919496,0.113220408957549,NaN,NaN,-1.00920350742925,-1.47264810012908,NaN,NaN,-0.565712636669686,NaN,-2.61453831464581,-0.0390658830771078
395.6736,0.706148209510209,-1.31293652498904,-1.35579542469248,0.294656139909847,-1.57932224378055,-1.5793222437808,NaN,-1.46073722140485,-0.382015350737308,-1.75859938388074,-1.38841113146299,-1.75859938388168,-0.318840152810919,-1.02336725339524,NaN,NaN,NaN,0.980534398455129,NaN,1.0849876448696,0.607111161395572,NaN,-1.27519523993358,NaN,NaN,-0.0995602932276431,NaN,NaN,-0.158393893327683,-1.1982269269609,-0.857175416010356,-0.509831800383559,NaN,NaN,0.123772191624503,-0.320691465944745,0.296873392366245,-0.891401617107619,-0.891401617107815,0.872134337940574,0.133025052998905,NaN,NaN,-1.0062827532578,-1.50935523820869,NaN,NaN,-0.596728697779677,NaN,-2.62009032659769,-0.0746545836963925
395.776,0.728230632487997,-1.32942595158722,-1.36070728191996,0.293856973887741,-1.58462204961634,-1.58462204961661,NaN,-1.446208941914,-0.372726093747042,-1.72972274596152,-1.40842102391037,-1.72972274596246,-0.325138984783108,-1.02176593945812,NaN,NaN,NaN,0.995034095537656,NaN,1.06348837906159,0.623576118756917,NaN,-1.24534568175032,NaN,NaN,-0.0539401890705604,NaN,NaN,-0.150389014740946,-1.18952230511483,-0.861480686752592,-0.539911935128864,NaN,NaN,0.143315977237097,-0.349904204431035,0.293815016475367,-0.897899966847369,-0.897899966847541,0.827495971679738,0.154204230981082,NaN,NaN,-1.00208645086459,-1.54462049657625,NaN,NaN,-0.626940581194044,NaN,-2.62243295062746,-0.110117975201509
395.8784,0.749663167074792,-1.34445785106409,-1.36399114311303,0.293530808700501,-1.58781818272646,-1.58781818272675,NaN,-1.43027413659093,-0.362848457653329,-1.69941551971182,-1.42707253610284,-1.69941551971275,-0.331243458620624,-1.01884192308946,NaN,NaN,NaN,1.00903306719734,NaN,1.04079357084804,0.639420576836155,NaN,-1.21494846541641,NaN,NaN,-0.00680017588375831,NaN,NaN,-0.143005107048651,-1.1794567873864,-0.86515601993309,-0.569077413493455,NaN,NaN,0.163405260064437,-0.378262043748602,0.291002474490826,-0.903212864232194,-0.903212864232343,0.781945750476444,0.176741051844187,NaN,NaN,-0.996630538628325,-1.5784103930327,NaN,NaN,-0.656345599328984,NaN,-2.62160002472939,-0.145433626267774
395.9808,0.770438006673596,-1.35803411493483,-1.36565705228332,0.293671386119202,-1.58891284876227,-1.58891284876259,NaN,-1.41297182221515,-0.35241762511453,-1.66773021841327,-1.44432061327651,-1.6677302184142,-0.337107876967495,-1.01462650210368,NaN,NaN,NaN,1.02251918255359,NaN,1.0169965570026,0.654578227465569,NaN,-1.18408686336946,NaN,NaN,0.041732408930812,NaN,NaN,-0.136268704051427,-1.16802429902463,-0.868214770411146,-0.5973063836794,NaN,NaN,0.183999143003387,-0.405732134043643,0.28844116084515,-0.907354773076948,-0.907354773077077,0.735548925370285,0.200617653179378,NaN,NaN,-0.989932387360392,-1.61069562700196,NaN,NaN,-0.684944221566293,NaN,-2.61763026964929,-0.180580194971865
396.0832,0.790547270618587,-1.37015820591442,-1.36571751868339,0.294272058897875,-1.58791031145066,-1.58791031145101,NaN,-1.39434301321129,-0.341470777981595,-1.63472046449293,-1.46012267236052,-1.63472046449386,-0.342692178508812,-1.00915303669567,NaN,NaN,NaN,1.03548225364921,NaN,0.992189360862178,0.668986418240106,NaN,-1.15284157553062,NaN,NaN,0.0915285641653171,NaN,NaN,-0.130203422781963,-1.15522337070456,-0.87067267063794,-0.624582131208609,NaN,NaN,0.205057200806524,-0.432285436928078,0.286137071819108,-0.910340927589864,-0.910340927589977,0.688369501062664,0.225815166364554,NaN,NaN,-0.982010743728453,-1.64145095348237,NaN,NaN,-0.712740003298148,NaN,-2.61056689215415,-0.215537426195423
396.1856,0.809982799744801,-1.38083492459209,-1.36418734824443,0.295325871931766,-1.58481674143105,-1.58481674143142,NaN,-1.3744305518054,-0.330046952646739,-1.60044075606163,-1.47443880961142,-1.60044075606255,-0.347962270838627,-1.00245666059682,NaN,NaN,NaN,1.04791399856138,NaN,0.966462219921939,0.682586541579794,NaN,-1.12129025740523,NaN,NaN,0.142458178675493,NaN,NaN,-0.124829674879017,-1.14105713390571,-0.872547805000562,-0.650893208510528,NaN,NaN,0.226539581065908,-0.457896931801048,0.284096814820768,-0.912187142772693,-0.912187142772795,0.640470015251666,0.252313655146003,NaN,NaN,-0.972885686565543,-1.67065501651107,NaN,NaN,-0.739739482660795,NaN,-2.60045722478542,-0.250286114761054
396.288,0.828735980590597,-1.39007019718394,-1.36108348092125,0.296825622735359,-1.57964010614024,-1.57964010614063,NaN,-1.3532789633385,-0.318186865419388,-1.56494623171242,-1.48723197570022,-1.56494623171335,-0.352890264636944,-0.994574003076713,NaN,NaN,NaN,1.05980799228053,NaN,0.93990316570174,0.695324363937579,NaN,-1.08950711781048,NaN,NaN,0.194390536939058,NaN,NaN,-0.120164394233185,-1.12553327371256,-0.873860551166405,-0.676233482316582,NaN,NaN,0.248407061884559,-0.482545798939498,0.282327595098057,-0.912909665301427,-0.912909665301518,0.591911353287492,0.280092013693796,NaN,NaN,-0.962578592527851,-1.69829014696269,NaN,NaN,-0.765952051040435,NaN,-2.58735240961847,-0.28480802631616
396.3904,0.846797596846266,-1.397870891476,-1.35642484606755,0.298763902311923,-1.57239010168637,-1.57239010168677,NaN,-1.33093433257213,-0.305932710182164,-1.52829243265212,-1.49846812934189,-1.52829243265306,-0.35745460706886,-0.985542931008496,NaN,NaN,NaN,1.07115960190811,NaN,0.912597653291689,0.707150302346571,NaN,-1.05756258737174,NaN,NaN,0.247194776350279,NaN,NaN,-0.116220795549775,-1.10866395702657,-0.874633478498077,-0.700602099724731,NaN,NaN,0.270621061206997,-0.506215573735179,0.280837175097409,-0.912525065371307,-0.912525065371391,0.5427526163401,0.309127816817152,NaN,NaN,-0.951112113480906,-1.7243421321059,NaN,NaN,-0.791389807785791,NaN,-2.57130713184803,-0.319085773139871
396.4928,0.864157708217342,-1.40424466704642,-1.35023224497752,0.301133119504488,-1.56307812108692,-1.56307812108733,NaN,-1.30744419562437,-0.293327941426495,-1.49053506885967,-1.50811637561069,-1.4905350688606,-0.36164012859102,-0.975402316711947,NaN,NaN,NaN,1.08196590377624,NaN,0.884628242087325,0.718019661246867,NaN,-1.02552305288534,NaN,NaN,0.300740307072781,NaN,NaN,-0.113008172294299,-1.09046575983093,-0.874891201255837,-0.724003381275939,NaN,NaN,0.2931436140524,-0.528894261683917,0.279633807348548,-0.911050159716042,-0.911050159716118,0.493051054407488,0.339397130811333,NaN,NaN,-0.938510171963887,-1.74879996890799,NaN,NaN,-0.816067404528781,NaN,-2.55237940406499,-0.353102651060599
396.5952,0.880805558720053,-1.40919986103528,-1.34252826067898,0.303925514862499,-1.55171724902369,-1.55171724902411,NaN,-1.28285744194469,-0.280417056069397,-1.45172979685289,-1.51614908906948,-1.45172979685383,-0.365438026427647,-0.964191827825176,NaN,NaN,NaN,1.09222558627968,NaN,0.856074328313729,0.727892845194348,NaN,-0.993450646479359,NaN,NaN,0.354897215478995,NaN,NaN,-0.110531727036992,-1.07095960965507,-0.874660193800057,-0.746446652455978,NaN,NaN,0.315937345582491,-0.550574402922157,0.278726146194251,-0.908501950236119,-0.908501950236191,0.442862061108004,0.370874305628418,NaN,NaN,-0.924797978926612,-1.77165561375954,NaN,NaN,-0.84000187772111,NaN,-2.53063039387741,-0.38684245135402
396.6976,0.89672951713895,-1.41274540368799,-1.33333718366502,0.307133170823559,-1.53832227232895,-1.53832227232938,NaN,-1.25722422062054,-0.267245378615073,-1.41193201235414,-1.52254202351176,-1.41193201235508,-0.368845801650395,-0.951951726784937,NaN,NaN,NaN,1.10193884795798,NaN,0.827011925743732,0.736735559350667,NaN,-0.961403075321008,NaN,NaN,0.409536672876584,NaN,NaN,-0.108792422263232,-1.05017073461251,-0.873968580055744,-0.767946022450658,NaN,NaN,0.338965460645833,-0.571253078124571,0.278123144882994,-0.904897567507529,-0.904897567507598,0.392239216205273,0.403531768233288,NaN,NaN,-0.9100020677861,-1.79290373825226,NaN,NaN,-0.863212465378578,NaN,-2.50612428072819,-0.420289264679289
396.8,0.911917056247494,-1.4148907589502,-1.32268494030703,0.310748018755251,-1.52290970204238,-1.52290970204283,NaN,-1.23059584917628,-0.253858845285061,-1.37119665704527,-1.52727441437513,-1.3711966570462,-0.371867146127087,-0.93872266924353,NaN,NaN,NaN,1.11110729751994,NaN,0.797513489438846,0.744519000912398,NaN,-0.929433485421743,NaN,NaN,0.464531355396232,NaN,NaN,-0.107786855068566,-1.02812858645248,-0.872845904255215,-0.788520111189295,NaN,NaN,0.362191751992966,-0.590931851499906,0.277833941004306,-0.900254223297307,-0.900254223297379,0.341234362562386,0.437339826990537,NaN,NaN,-0.894150330765298,-1.8125414950103,NaN,NaN,-0.885720402456291,NaN,-2.4789281279726,-0.453427291597429
396.9024,0.92635478089244,-1.41564589355505,-1.31059901993731,0.314761835612401,-1.50549781201468,-1.50549781201514,NaN,-1.2030247278342,-0.240303780627676,-1.32957803953403,-1.53032907533606,-1.32957803953496,-0.374511760245808,-0.924545502989943,NaN,NaN,NaN,1.11973385675078,NaN,0.767647780116516,0.751220035705048,NaN,-0.897590367165569,NaN,NaN,0.51975585955969,NaN,NaN,-0.107507174955576,-1.00486670588146,-0.871322881025247,-0.808191719833934,NaN,NaN,0.385580613548676,-0.609616651216935,0.277867728471691,-0.894589189556232,-0.894589189556308,0.289897717122317,0.47226648452319,NaN,NaN,-0.877272047653162,-1.830568290305,NaN,NaN,-0.907548690858288,NaN,-2.4491117627309,-0.486240666832965
397.0048,0.940028508820424,-1.41502128020961,-1.29710840560019,0.31916622341997,-1.48610670101675,-1.48610670101723,NaN,-1.17456426103821,-0.226626665077006,-1.28712967845572,-1.53169247849095,-1.28712967845665,-0.37679508693906,-0.909461080573733,NaN,NaN,NaN,1.12782266848674,NaN,0.737479769676706,0.756821349305201,NaN,-0.86591751480268,NaN,NaN,0.575087090871259,NaN,NaN,-0.107941061509655,-0.980422521490525,-0.869431126333295,-0.82698744698957,NaN,NaN,0.409097041139454,-0.627317592304482,0.278233614482605,-0.887919821731586,-0.887919821731672,0.238278030359759,0.508277245584879,NaN,NaN,-0.859397908275678,-1.84698555937905,NaN,NaN,-0.928721850916321,NaN,-2.41674766404324,-0.518713296138507
397.1072,0.95292339505415,-1.41302793530122,-1.28224351754229,0.323952572086823,-1.4647583834438,-1.46475838344429,NaN,-1.14526878330792,-0.212873899859508,-1.24390418568026,-1.53135480522955,-1.24390418568119,-0.378737960074076,-0.893510103386141,NaN,NaN,NaN,1.13537901740746,NaN,0.707070588405288,0.761311562857217,NaN,-0.834454045836734,NaN,NaN,0.630404610208331,NaN,NaN,-0.109071766311841,-0.954837097343516,-0.867202885734238,-0.844937269282976,NaN,NaN,0.432706607850123,-0.644048749070885,0.278940464560001,-0.880263634585926,-0.880263634586028,0.186422808273214,0.545334904904809,NaN,NaN,-0.840560035021469,-1.8617965510572,NaN,NaN,-0.949265673166326,NaN,-2.38191086575566,-0.550828699757949
397.2096,0.965024082753544,-1.40967748619203,-1.26603617756398,0.329112011006481,-1.44147691119156,-1.44147691119206,NaN,-1.11519348476696,-0.199091581837634,-1.19995320975842,-1.52930997000887,-1.19995320975935,-0.380366175590027,-0.876733010374666,NaN,NaN,NaN,1.14240927399321,NaN,0.676477513410961,0.764685311037213,NaN,-0.803234480087456,NaN,NaN,0.685590933901415,NaN,NaN,-0.110878214091846,-0.928154857194604,-0.864670781492864,-0.862074110707517,NaN,NaN,0.456375407113022,-0.659827884478995,0.279996741811997,-0.871638427094694,-0.871638427094806,0.134378591719217,0.583399313179546,NaN,NaN,-0.820792007461273,-1.87500613879771,NaN,NaN,-0.969206985902606,NaN,-2.34467888094924,-0.582569858829187
397.312,0.976314862670173,-1.40498225693498,-1.24851959359882,0.334635355009128,-1.41628852059795,-1.41628852059846,NaN,-1.08439433273105,-0.18532530155053,-1.15532744914192,-1.52555563670412,-1.15532744914285,-0.381710006045346,-0.859169909267373,NaN,NaN,NaN,1.14892086781134,NaN,0.645753998797765,0.766943289964804,NaN,-0.772288875318468,NaN,NaN,0.740531795171695,NaN,NaN,-0.11333515242135,-0.900423316038561,-0.861867588321396,-0.878433414282596,NaN,NaN,0.480069961847994,-0.674676147995095,0.281410346666715,-0.862062442379886,-0.862062442380011,0.0821912666008407,0.622427136716535,NaN,NaN,-0.800128884625095,-1.88662067559418,NaN,NaN,-0.988573438250437,NaN,-2.30513165029848,-0.61391906963117
397.4144,0.986779824640709,-1.39895535474084,-1.22972835273847,0.340513050791634,-1.38922178751906,-1.38922178751959,NaN,-1.05292798585614,-0.171619971520572,-1.11007672708354,-1.52009325033597,-1.11007672708447,-0.382803687884269,-0.840860532112741,NaN,NaN,NaN,1.1549222863999,NaN,0.614949749879183,0.76809228726478,NaN,-0.741643012735016,NaN,NaN,0.795116382931527,NaN,NaN,-0.116413336134573,-0.871692842618555,-0.858826035398201,-0.894052719521586,NaN,NaN,0.503757103230651,-0.688617760449101,0.28318846402096,-0.851554542395288,-0.851554542395426,0.0299063682632278,0.662371634850006,NaN,NaN,-0.778607219196522,-1.89664790411931,NaN,NaN,-1.00739329065128,NaN,-2.26335151232532,-0.644857816498168
397.5168,0.996402991761342,-1.39161074131905,-1.20969840705816,0.346735131760146,-1.36030777190597,-1.36030777190652,NaN,-1.0208516948494,-0.158019680781155,-1.06425010733235,-1.51292809222675,-1.06425010733329,-0.383684905534591,-0.821844193627614,NaN,NaN,NaN,1.16042308893987,NaN,0.584110842788944,0.768145201434623,NaN,-0.711318620481528,NaN,NaN,0.84923757296646,NaN,NaN,-0.120079734871561,-0.842016456688589,-0.855578632911151,-0.908971250408537,NaN,NaN,0.527403829999737,-0.701679704550914,0.285337425377341,-0.84013437825664,-0.840134378256796,-0.0224306530226145,0.703182479020577,NaN,NaN,-0.756265062186146,-1.90509692122727,NaN,NaN,-1.02569521026601,NaN,-2.21942318915573,-0.675366672361546
397.6192,1.00516844357022,-1.38296328612109,-1.18846704190787,0.353291185970119,-1.32958014259468,-1.32958014259525,NaN,-0.988223181087383,-0.144567561514315,-1.01789603085972,-1.50406934530828,-1.01789603086066,-0.384394280391489,-0.802159740793031,NaN,NaN,NaN,1.16543392428857,NaN,0.553279886432033,0.767121049639252,NaN,-0.681333620156329,NaN,NaN,0.9027921582452,NaN,NaN,-0.124297761033381,-0.811449636159609,-0.852157528671624,-0.923229520789587,NaN,NaN,0.550977167826142,-0.713891428709139,0.287862590054508,-0.827822543705815,-0.827822543705995,-0.0747742195198427,0.744805628865341,NaN,NaN,-0.733141959278355,-1.91197817764219,NaN,NaN,-1.0435080739157,NaN,-2.17343377662923,-0.705425230808424
397.7216,1.01306044537115,-1.3730288119967,-1.166072826996,0.360170333019236,-1.29707528592218,-1.29707528592277,NaN,-0.95510048706084,-0.131305653213356,-0.971062465015266,-1.49353014836374,-0.971062465016221,-0.384974857144076,-0.781845496230029,NaN,NaN,NaN,1.16996654555881,NaN,0.522496219644797,0.765044956959775,NaN,-0.651702384928758,NaN,NaN,0.955681075767354,NaN,NaN,-0.129027526407078,-0.780050092405863,-0.848594399482239,-0.936868956580819,NaN,NaN,0.574444047516238,-0.72528456053449,0.290768242711098,-0.814640708423692,-0.814640708423898,-0.127078453891857,0.78718326217661,NaN,NaN,-0.709278936108425,-1.91730348663499,NaN,NaN,-1.06086077891587,NaN,-2.12547272787034,-0.735012069105251
397.824,1.02006359302852,-1.36182414523066,-1.1425555599712,0.367361199435435,-1.26283240820751,-1.26283240820811,NaN,-0.92154180001723,-0.118274759968449,-0.92379706663361,-1.48132763038309,-0.923797066634574,-0.385471576771846,-0.760939205559855,NaN,NaN,NaN,1.17403381691983,NaN,0.491796133983711,0.761948118555064,NaN,-0.622436005820572,NaN,NaN,1.00780962454344,NaN,NaN,-0.134226139333469,-0.747877482991446,-0.844920369273395,-0.949931521080038,NaN,NaN,0.597771205714716,-0.735892625398712,0.294057499195929,-0.800611737772799,-0.80061173777303,-0.179297018686563,0.830253735270607,NaN,NaN,-0.684718464184929,-1.92108602930422,NaN,NaN,-1.07778205883089,NaN,-2.07563182458653,-0.764104739086867
397.9264,1.02616296433509,-1.34936717354133,-1.11795621612551,0.374851883755658,-1.22689363970963,-1.22689363971024,NaN,-0.887605257189186,-0.105514307485589,-0.87614736522262,-1.46748293419699,-0.876147365223593,-0.385930736250379,-0.739477998557285,NaN,NaN,NaN,1.17764971466605,NaN,0.461213110180516,0.757867733495321,NaN,-0.593542568280881,NaN,NaN,1.05908767272915,NaN,NaN,-0.139848047112796,-0.714993059897238,-0.841165936485045,-0.962459326376552,NaN,NaN,0.620925095597507,-0.745750770880185,0.297732212159223,-0.785759811636113,-0.785759811636375,-0.231382941594287,0.873951542141054,NaN,NaN,-0.659504399333459,-1.92334036248663,NaN,NaN,-1.09430029916011,NaN,-2.02400513425558,-0.792679783114244
398.0288,1.03134425800204,-1.33567691062042,-1.09231691942726,0.382629910427398,-1.18930414485998,-1.18930414486059,NaN,-0.853348746649773,-0.0930622107631321,-0.828160972304615,-1.45202124443748,-0.828160972305599,-0.386399444687133,-0.717498375311025,NaN,NaN,NaN,1.18082932771718,NaN,0.430778058940679,0.752846915358156,NaN,-0.565027444763968,NaN,NaN,1.10942984724131,NaN,NaN,-0.145845418056642,-0.681459280537433,-0.837360899161374,-0.974494231374215,NaN,NaN,0.643871790489982,-0.754895500698396,0.301792872237805,-0.770110554095041,-0.770110554095337,-0.283288415682045,0.918207249411652,NaN,NaN,-0.633681893194463,-1.92408244093752,NaN,NaN,-1.11044334801918,NaN,-1.97068895772546,-0.820712768504266
398.1312,1.03559390490756,-1.3207735664611,-1.06568094782223,0.390682180136891,-1.15011224245509,-1.15011224245571,NaN,-0.818829720760619,-0.0809547617172737,-0.779885817009922,-1.43497182574015,-0.779885817010917,-0.386925085020808,-0.69503623173478,NaN,NaN,NaN,1.18358885882745,NaN,0.40051956982204,0.746934573061731,NaN,-0.536893611963575,NaN,NaN,1.15875568601386,NaN,NaN,-0.152168551759163,-0.647339426524264,-0.833534279009321,-0.986077451820608,NaN,NaN,0.666576868781462,-0.763364419279583,0.306238507507945,-0.753691178914224,-0.753691178914555,-0.334964576784842,0.962947402484107,NaN,NaN,-0.607297290808483,-1.92332965868653,NaN,NaN,-1.12623832500835,NaN,-1.91578178307841,-0.848178323146591
398.2336,1.03889914626401,-1.30467861923917,-1.0380927712373,0.398994928870533,-1.10936953081423,-1.10936953081485,NaN,-0.784105034278577,-0.0692265412945952,-0.731370394827522,-1.41636806497379,-0.731370394828531,-0.387554788504349,-0.672126930063485,NaN,NaN,NaN,1.18594562375752,NaN,0.37046418749566,0.740185236965814,NaN,-0.509141997205969,NaN,NaN,1.20698973404299,NaN,NaN,-0.158766304227436,-0.612697271430704,-0.829714248308528,-0.997249212169803,NaN,NaN,0.689005276473694,-0.771195984828602,0.311066589655872,-0.736530645879444,-0.736530645879809,-0.386361266721769,1.00809441760008,NaN,NaN,-0.580398032820581,-1.92110090769358,NaN,NaN,-1.14171144517023,NaN,-1.85938426406811,-0.87505015264527
398.336,1.04124808144807,-1.28741487653741,-1.00959810114007,0.407553710087402,-1.06713099866571,-1.06713099866632,NaN,-0.749230808113036,-0.0579103554090056,-0.682664003723614,-1.39624750636739,-0.682664003724637,-0.388334933713394,-0.648805401943956,NaN,NaN,NaN,1.18791804500609,NaN,0.340636739179576,0.732658805069639,NaN,-0.481771848148356,NaN,NaN,1.25406158374266,NaN,NaN,-0.165586513474629,-0.57759681992658,-0.825928055485803,-1.00804845118468,NaN,NaN,0.711121169875495,-0.778429270345094,0.316272959135816,-0.718659813803617,-0.718659813804018,-0.437426797494361,1.05356648878294,NaN,NaN,-0.553032576359432,-1.91741665260766,NaN,NaN,-1.15688788201342,NaN,-1.80159923023177,-0.901301031395294
398.4384,1.04262969214767,-1.26900651311592,-0.980243926028124,0.416343414222331,-1.02345509861502,-1.02345509861562,NaN,-0.714262310429567,-0.0470371900861668,-0.63381694262115,-1.37465186642107,-0.633816942622186,-0.389310687638912,-0.625106264408665,NaN,NaN,NaN,1.18952563800047,NaN,0.311060727741231,0.724420199019323,NaN,-0.454781116533671,NaN,NaN,1.29990587376924,NaN,NaN,-0.172576410827884,-0.542102125486533,-0.822201940900787,-1.01851257905487,NaN,NaN,0.732887747157222,-0.785103738039382,0.321851782802521,-0.700111570852559,-0.700111570852994,-0.48810773822106,1.09927754509957,NaN,NaN,-0.52525034258864,-1.91229902168954,NaN,NaN,-1.17179168751019,NaN,-1.74253172429873,-0.926902772143368
398.5408,1.04303385146681,-1.24947908228227,-0.950078520429218,0.425348333472769,-0.978403771100239,-0.978403771100832,NaN,-0.679253843452609,-0.0366361778642017,-0.584880660445059,-1.35162701231986,-0.58488066044611,-0.390525604260647,-0.601063938175389,NaN,NaN,NaN,1.19078899064886,NaN,0.28175878995197,0.715538930263082,NaN,-0.428166853744303,NaN,NaN,1.34446225549429,NaN,NaN,-0.179683006743565,-0.50627718359497,-0.818561042614199,-1.02867728890083,NaN,NaN,0.754267085174875,-0.79125903570357,0.327795552376276,-0.680920923808837,-0.680920923809305,-0.538348746068909,1.14513729164169,NaN,NaN,-0.497101694624483,-1.90577190843033,NaN,NaN,-1.18644577335845,NaN,-1.68228905705547,-0.95182618208596
398.6432,1.04245132638459,-1.22885950813254,-0.919151430807933,0.434552266951579,-0.932042422178768,-0.932042422179335,NaN,-0.644258628205569,-0.0267345655202536,-0.535907855230038,-1.3272228911963,-0.535907855231105,-0.392021282154062,-0.576712769864722,NaN,NaN,NaN,1.19172973606889,NaN,0.252753206550188,0.706088581865609,NaN,-0.401925621668627,NaN,NaN,1.38767532381278,NaN,NaN,-0.186853449652105,-0.470185880978602,-0.815029306713874,-1.03857643958184,NaN,NaN,0.775220000200534,-0.796934819273998,0.334095119754621,-0.66112503783022,-0.661125037830728,-0.588092453039359,1.19105135291582,NaN,NaN,-0.468637940953206,-1.8978610725718,NaN,NaN,-1.20087194825625,NaN,-1.6209808685479,-0.976041010468955
398.7456,1.04087378198029,-1.20717607157491,-0.887513450366634,0.443938647164706,-0.884439869319824,-0.884439869320372,NaN,-0.609328690240431,-0.017357676837727,-0.486952527164373,-1.3014934100009,-0.486952527165452,-0.393837065084049,-0.552087163907702,NaN,NaN,NaN,1.19237051014069,NaN,0.224066441235761,0.696146223046154,NaN,-0.376053918644883,NaN,NaN,1.42949450142222,NaN,NaN,-0.194035365500297,-0.433891966730274,-0.811629422306343,-1.04824202699764,NaN,NaN,0.795705942265833,-0.80217059921737,0.34073975299073,-0.640763234277521,-0.640763234278069,-0.637279407558142,1.23692151019501,NaN,NaN,-0.439911346305527,-1.88859423176161,NaN,NaN,-1.2150910021152,NaN,-1.55871918551854,-0.999515888868108
398.848,1.03829380084416,-1.18445840620195,-0.855216594949408,0.453490660605462,-0.83566827241274,-0.835668272413272,NaN,-0.57451475832395,-0.0085288737680817,-0.438069993727873,-1.27449627440947,-0.438069993728968,-0.396009762677158,-0.52722172628726,NaN,NaN,NaN,1.19273488037824,NaN,0.195721675776348,0.685791792450778,NaN,-0.350548607979075,NaN,NaN,1.46987386693188,NaN,NaN,-0.20117718501364,-0.397459014954745,-0.808382790001145,-1.05770423790251,NaN,NaN,0.815682921980158,-0.807005605873443,0.34771719411101,-0.619876965008033,-0.619876965008621,-0.685848059745011,1.28264599980434,NaN,NaN,-0.410975125845257,-1.87800114119149,NaN,NaN,-1.22912282071711,NaN,-1.49561846440389,-1.02221826874892
398.9504,1.03470493226149,-1.16073751633373,-0.822314085474743,0.46319134005444,-0.78580306086128,-0.785803060861796,NaN,-0.539866183625237,-0.00026952544047229,-0.389316878842675,-1.2462927949517,-0.389316878843784,-0.398573377610722,-0.502151415393839,NaN,NaN,NaN,1.19284723842474,NaN,0.167743302064115,0.675107495804374,NaN,-0.32540732321153,NaN,NaN,1.50877192714359,NaN,NaN,-0.20822845945932,-0.360950366475959,-0.80530951933814,-1.0669915561644,NaN,NaN,0.835107469342244,-0.811478669922325,0.355013708507967,-0.598509779378816,-0.598509779379442,-0.733734775705538,1.32811983402962,NaN,NaN,-0.381883407099005,-1.86611365919582,NaN,NaN,-1.24298650508222,NaN,-1.4317956093294,-1.04411436851176
399.0528,1.03010177155867,-1.13604581434133,-0.788860332130348,0.473023624158456,-0.734922854327803,-0.734922854328305,NaN,-0.505430873714735,0.00740101071486072,-0.340751083198786,-1.2169476670173,-0.340751083199908,-0.401558842922804,-0.47691168828421,NaN,NaN,NaN,1.19273266217932,NaN,0.140157343558857,0.66417724658176,NaN,-0.300628822078568,NaN,NaN,1.54615134719042,NaN,NaN,-0.215140164579891,-0.324429052174356,-0.802428449474954,-1.07613089262128,NaN,NaN,0.853934632141791,-0.815628116850859,0.362614129070237,-0.576707288108217,-0.576707288108883,-0.780873871776252,1.37323512141947,NaN,NaN,-0.352691159127108,-1.85296579418049,NaN,NaN,-1.25670047261021,NaN,-1.36736996113353,-1.0651691422907
399.1552,1.02448005327812,-1.11041715816428,-0.754910906183838,0.482970398638597,-0.683109362398165,-0.683109362398646,NaN,-0.471255229354842,0.0144654010200894,-0.292431731539539,-1.18652872939656,-0.292431731540673,-0.404993785584784,-0.451538625333538,NaN,NaN,NaN,1.19241676455026,NaN,0.112991806887442,0.653086143711046,NaN,-0.276213272485338,NaN,NaN,1.58197865908093,NaN,NaN,-0.221864993215332,-0.28795770660078,-0.799757191595124,-1.08514772713423,NaN,NaN,0.872118022400893,-0.819491678457541,0.370501908492595,-0.554517114836802,-0.554517114837512,-0.827197673562731,1.41788138607772,NaN,NaN,-0.323454099705703,-1.8385937283423,NaN,NaN,-1.27028253305132,NaN,-1.30246326093645,-1.08534627520699
399.2576,1.0178367439508,-1.08388686611497,-0.720522477507266,0.493014539135013,-0.630447241355924,-0.630447241356381,NaN,-0.437384074623124,0.0209083505465232,-0.244419081635171,-1.15510670058596,-0.244419081636316,-0.408902334829541,-0.426069013080027,NaN,NaN,NaN,1.19192554258876,NaN,0.086276984434328,0.64191995927295,NaN,-0.252162465156483,NaN,NaN,1.61622396936174,NaN,NaN,-0.228357629247161,-0.251598479314509,-0.797312188039087,-1.09406625828753,NaN,NaN,0.889609913597862,-0.823106425673818,0.378659194972067,-0.531988816374746,-0.5319888163755,-0.87263661795361,1.4619459060728,NaN,NaN,-0.294228595684192,-1.82303581439358,NaN,NaN,-1.28374994766536,NaN,-1.23719958857531,-1.10460820552832
399.36,1.01017013694719,-1.05649169149093,-0.685752688870707,0.503138966687667,-0.577023880840637,-0.577023880841063,NaN,-0.403860571777237,0.0267166325118868,-0.196774367316634,-1.12275488750749,-0.19677436731779,-0.413304989454188,-0.400540361588274,NaN,NaN,NaN,1.19128522909667,NaN,0.0600457253667694,0.6307646170703,NaN,-0.228479947179873,NaN,NaN,1.64886069089964,NaN,NaN,-0.234574985461953,-0.21541294093993,-0.795108770938895,-1.10290954701894,NaN,NaN,0.906361392000982,-0.826508720751088,0.387066938690148,-0.509173746173801,-0.509173746174599,-0.917119417491941,1.50531410831838,NaN,NaN,-0.265071566225524,-1.80633253917024,NaN,NaN,-1.297119484772,NaN,-1.17170526289845,-1.12291617858342
399.4624,1.00147996186493,-1.02826974629325,-0.650659939253767,0.513326712105503,-0.522929093191327,-0.522929093191725,NaN,-0.370726110840776,0.0318791435675415,-0.149559541639615,-1.08954885878953,-0.149559541640785,-0.418218552651855,-0.374990833074465,NaN,NaN,NaN,1.19052214607342,NaN,0.0343336764883307,0.619705663114559,NaN,-0.205171063233192,NaN,NaN,1.67986532834991,NaN,NaN,-0.240476393370673,-0.179461963633584,-0.793161195848626,-1.11169963408738,NaN,NaN,0.922322571064793,-0.82973417964002,0.395705024585155,-0.486124838175225,-0.486124838176067,-0.960573295143239,1.54787006376495,NaN,NaN,-0.236040384711766,-1.78852644403208,NaN,NaN,-1.31040747818343,NaN,-1.10610868297841,-1.14023034336595
399.5648,0.991767514485538,-0.999260374255682,-0.615303070955475,0.523560976415,-0.468254697555922,-0.468254697556298,NaN,-0.338020170224632,0.0363869866476606,-0.102836908866116,-1.05556607507159,-0.10283690886729,-0.423656135411906,-0.349459076634221,NaN,NaN,NaN,1.18966256366297,NaN,0.0091794827087377,0.608827737241615,NaN,-0.182242894586357,NaN,NaN,1.70921733105776,NaN,NaN,-0.246023751889433,-0.143805547603139,-0.791482639433714,-1.12045762343124,NaN,NaN,0.937442872743686,-0.832817638252834,0.404552420160458,-0.462896307375548,-0.462896307376431,-1.00292428521811,1.58949710544529,NaN,NaN,-0.207192763573665,-1.76966199316988,NaN,NaN,-1.32362988162383,NaN,-1.0405400961586,-1.15650989914087
399.6672,0.981035799861797,-0.969503989401567,-0.579740992067233,0.533825176461768,-0.41309402686996,-0.413094026870305,NaN,-0.305780160578494,0.0402335655192522,-0.056668681296945,-1.0208854779143,-0.0566686812981264,-0.429627216394881,-0.323983997764697,NaN,NaN,NaN,1.18873256751164,NaN,-0.0153750623545555,0.598214049419512,NaN,-0.159704109243814,NaN,NaN,1.73689899406449,NaN,NaN,-0.251181653930197,-0.108502580601571,-0.790085175918239,-1.12920374383202,NaN,NaN,0.951671359856282,-0.835793124962931,0.413587327401434,-0.439543291923793,-0.439543291924716,-1.0440975855505,1.63007854401152,NaN,NaN,-0.178586605879128,-1.74978539175503,NaN,NaN,-1.33680230455406,NaN,-0.975131285821455,-1.1717132856146
399.7696,0.969289673647092,-0.939041906203632,-0.544032287745325,0.544102971192679,-0.357541411277724,-0.357541411278039,NaN,-0.274041276673025,0.0434146660305978,-0.0111165264744845,-0.985587051703613,-0.0111165264756727,-0.436137731754039,-0.298604513646218,NaN,NaN,NaN,1.18775793599172,NaN,-0.0392849167466464,0.587945862740909,NaN,-0.137564761697606,NaN,NaN,1.76289536970272,NaN,NaN,-0.25591750823724,-0.0736105455536302,-0.788979756144157,-1.1379574070904,NaN,NaN,0.96495708576604,-0.838693841711631,0.422787328769566,-0.41612148004289,-0.41612148004385,-1.08401793049948,1.66949841336396,NaN,NaN,-0.150279817732941,-1.72894436794664,NaN,NaN,-1.34994002055316,NaN,-0.910015164168529,-1.1857983976473
399.872,0.956535966514087,-0.907916182395635,-0.508234866293201,0.554378267511606,-0.301691686566909,-0.301691686567195,NaN,-0.242836379803352,0.0459285053111634,0.0337588423834281,-0.9497513759614,0.03375884238223,-0.443190165730993,-0.273359337479441,NaN,NaN,NaN,1.18676403002271,NaN,-0.0625017403167185,0.578101992804735,NaN,-0.115836082197262,NaN,NaN,1.78719416240772,NaN,NaN,-0.260201666659837,-0.0391852082239523,-0.788176199935486,-1.14673727055529,NaN,NaN,0.977249427296264,-0.841552148607838,0.432129517144042,-0.392686761733819,-0.39268676173481,-1.12260994595538,1.70764217602227,NaN,NaN,-0.122330086407314,-1.70718793579706,NaN,NaN,-1.36305795078498,NaN,-0.845325249948464,-1.19872280184136
399.9744,0.942783579094846,-0.876169481510957,-0.472405662372168,0.564635208384889,-0.245639750138649,-0.245639750138908,NaN,-0.212195919856987,0.0477757455842134,0.0778980149164217,-0.913459176712804,0.0778980149152221,-0.450783626095629,-0.248286807867874,NaN,NaN,NaN,1.18577569367297,NaN,-0.0849739018468246,0.568758336040991,NaN,-0.0945302745394675,NaN,NaN,1.80978560025227,NaN,NaN,-0.26400755491367,-0.00528031477064343,-0.787683199943877,-1.15556130278753,NaN,NaN,0.98849838218752,-0.844399545000408,0.441590605307226,-0.369294923774321,-0.369294923775343,-1.15979846561185,1.74439735234436,NaN,NaN,-0.0947946292071498,-1.68456615197814,NaN,NaN,-1.37617063177415,NaN,-0.781195030376262,-1.21044393870587
400.0768,0.928043540221916,-0.843844949955976,-0.436600396038878,0.574858155693024,-0.189480161457011,-0.189480161457246,NaN,-0.182147892743311,0.0489594847144779,0.121243182863657,-0.87679087413867,0.121243182862443,-0.458913906597137,-0.223424752133206,NaN,NaN,NaN,1.18481715668747,NaN,-0.106646555113684,0.559987432737727,NaN,-0.0736603202088196,NaN,NaN,1.83066229225872,NaN,NaN,-0.267311786886875,0.0280526800786018,-0.787508336258552,-1.16444685135465,NaN,NaN,0.99865483236171,-0.847266646085463,0.451147024201135,-0.346001379923311,-0.346001379924355,-1.19550882173659,1.77965407745795,NaN,NaN,-0.0677299122888518,-1.66112987281279,NaN,NaN,-1.38929217761717,NaN,-0.717757234645373,-1.22091930864971
400.1792,0.912329028427699,-0.810986096515747,-0.400873369182858,0.585031689145942,-0.133306768578291,-0.133306768578509,NaN,-0.152717819315525,0.049485240999966,0.163738416064659,-0.839826121780958,0.163738416063439,-0.46757355114011,-0.198810358442143,NaN,NaN,NaN,1.1839119311997,NaN,-0.127461788282117,0.551858062174723,NaN,-0.0532397776915912,NaN,NaN,1.84981908848145,NaN,NaN,-0.270094234294173,0.0607648429672462,-0.787658104409105,-1.17341071403931,NaN,NaN,1.00767079024375,-0.850183161342652,0.460775030336542,-0.322860909518454,-0.322860909519517,-1.22966714427528,1.81330560978014,NaN,NaN,-0.0411913382786834,-1.63693050741642,NaN,NaN,-1.40243624490459,NaN,-0.655143049868308,-1.23010665252502
400.2816,0.895655362838224,-0.777636658770067,-0.36527727005464,0.595140638110388,-0.0772123335968008,-0.0772123335970043,NaN,-0.123928725444174,0.0493609438026614,0.205329946402813,-0.802643341664851,0.20532994640159,-0.476751940151191,-0.174480031339067,NaN,NaN,NaN,1.18308270196689,NaN,-0.147358845064092,0.544434861773004,NaN,-0.0332825639190221,NaN,NaN,1.86725296306464,NaN,NaN,-0.272338035075374,0.092809953004938,-0.788137952626903,-1.18246921052726,NaN,NaN,1.01549965214806,-0.853177884038488,0.47045083988069,-0.299927372718649,-0.29992737271973,-1.26220069807269,1.84524881799753,NaN,NaN,-0.0152329028660743,-1.61201974565131,NaN,NaN,-1.41561600547726,NaN,-0.593481288316434,-1.23796413640542
400.384,0.878039973164623,-0.743840442453731,-0.329862955677756,0.605170146473416,-0.0212881292544176,-0.0212881292546017,NaN,-0.0958011026489054,0.0485969343058075,0.245966488862308,-0.765319264404383,0.245966488861079,-0.486435416820475,-0.150469213377785,NaN,NaN,NaN,1.18235121566072,NaN,-0.166274422630535,0.537777966647944,NaN,-0.0138027048388175,NaN,NaN,1.88296293781095,NaN,NaN,-0.274029543915277,0.124144674081505,-0.78895231395371,-1.19163824296638,NaN,NaN,1.02209647655202,-0.85627869663062,0.480150792453481,-0.277253381594598,-0.277253381595696,-1.29303826869992,1.87538466726769,NaN,NaN,0.0100931822882266,-1.58644922689382,NaN,NaN,-1.42884412762834,NaN,-0.532897492962502,-1.24445054061209
400.4864,0.859502356967164,-0.70964113217524,-0.294679202229657,0.615105756095371,0.0343765011583077,0.0343765011581392,NaN,-0.0683528404261814,0.0472059746666991,0.285599606763165,-0.727928478781979,0.285599606761935,-0.496607455294914,-0.126812173907753,NaN,NaN,NaN,1.18173817593668,NaN,-0.184143056795372,0.531942681838758,NaN,0.00518594968783681,NaN,NaN,1.89695004785747,NaN,NaN,-0.275158243849398,0.154728732572273,-0.790104621812089,-1.20093333323914,NaN,NaN,1.02741828728301,-0.859512587890357,0.489851533754247,-0.254889933403182,-0.254889933404297,-1.32211058751297,1.90361870687294,NaN,NaN,0.0347369017167976,-1.56027012739059,NaN,NaN,-1.44213276216498,NaN,-0.473512965697898,-1.24952544681372
400.5888,0.840064027424018,-0.675082091591542,-0.259772448040971,0.624933491033971,0.0896945933577087,0.0896945933575507,NaN,-0.0415991424559377,0.0452032554776298,0.324184089346006,-0.690542997092792,0.32418408934477,-0.507248852684836,-0.103541791089817,NaN,NaN,NaN,1.18126314602298,NaN,-0.20089758957918,0.526979204536468,NaN,0.0236700315257583,NaN,NaN,1.90921732664341,NaN,NaN,-0.275716643147666,0.184525107938407,-0.791597314585982,-1.21036963722508,NaN,NaN,1.03142438398086,-0.862905672421781,0.499530199417739,-0.232886041062282,-0.232886041063408,-1.34935077755616,1.92986153915143,NaN,NaN,0.0586508673189837,-1.53353268282896,NaN,NaN,-1.45549352955546,NaN,-0.415443732004023,-1.25314941776521
400.6912,0.819748454660985,-0.640206183918496,-0.225186573526924,0.634639927626623,0.14458197250402,0.144581972503872,NaN,-0.0155524547509152,0.042606384561393,0.361678285891414,-0.653231853061442,0.36167828589018,-0.518337919087454,-0.0806893669417216,NaN,NaN,NaN,1.18094445411035,NaN,-0.216469687323212,0.522932396584146,NaN,0.0416369478235845,NaN,NaN,1.91976977490086,NaN,NaN,-0.275700175591367,0.213500222160043,-0.793431846657263,-1.21996194846864,NaN,NaN,1.03407663764509,-0.866483205271084,0.509164581037675,-0.211288405017621,-0.211288405018758,-1.37469480280541,1.95402924238186,NaN,NaN,0.0817907239095388,-1.50628570469294,NaN,NaN,-1.46893750723387,NaN,-0.358799502546334,-1.25528417155341
400.7936,0.79858100869446,-0.605055642228392,-0.1909627556043,0.644212238454413,0.198957582812986,0.198957582812848,NaN,0.00977756661726973,0.0394353409101452,0.39804434815045,-0.616060752088271,0.39804434814922,-0.529850647063768,-0.0582845094076908,NaN,NaN,NaN,1.18079909451546,NaN,-0.230790370509311,0.519841592650384,NaN,0.0590751301869491,NaN,NaN,1.92861428555421,NaN,NaN,-0.275107112203624,0.241624105327017,-0.79560871950442,-1.22972470322439,NaN,NaN,1.0353397555792,-0.870269587273699,0.51873325708688,-0.190141160434319,-0.190141160435461,-1.39808190279468,1.97604372623278,NaN,NaN,0.104115472306894,-1.47857616393056,NaN,NaN,-1.48247521664093,NaN,-0.303682706384544,-1.25589276134358
400.896,0.776588913408103,-0.569672006902267,-0.157139414455888,0.65363820279,0.252743716734689,0.252743716734566,NaN,0.0343840328951582,0.0357123862288878,0.433248358013599,-0.579091784528597,0.433248358012374,-0.54176085295565,-0.0363550977390313,NaN,NaN,NaN,1.18084262058975,NaN,-0.243790532159134,0.517740434570077,NaN,0.0759742215335815,NaN,NaN,1.93575951301411,NaN,NaN,-0.273938484589407,0.268870517557877,-0.798127535184096,-1.23967199018029,NaN,NaN,1.03518150740889,-0.874288355546425,0.528215677527352,-0.169485716986212,-0.169485716987359,-1.41945499204393,1.9958330062734,NaN,NaN,0.125587676173234,-1.45044889070838,NaN,NaN,-1.4961166078397,NaN,-0.250187650137683,-1.25493977347223
400.9984,0.75380121673341,-0.534096131258559,-0.12375224946037,0.662906184246994,0.305866146292356,0.305866146292242,NaN,0.0582627432829666,0.031461937192174,0.467260343809316,-0.542383201852059,0.467260343808099,-0.554040290860658,-0.0149273260676337,NaN,NaN,NaN,1.18108902989379,NaN,-0.25540143538017,0.5166567344115,NaN,0.0923251994288895,NaN,NaN,1.94121569310161,NaN,NaN,-0.272198015016857,0.295217013923469,-0.800987065112512,-1.24981756065994,NaN,NaN,1.03357290971352,-0.878562151862704,0.537592201061316,-0.1493606901631,-0.149360690164247,-1.4387610107001,2.01333139746607,NaN,NaN,0.146173557091554,-1.42194639399554,NaN,NaN,-1.50987103990512,NaN,-0.198399851986702,-1.2523915530256
401.1008,0.73024877689673,-0.498368241440723,-0.0908343431787205,0.672005084846738,0.35825417634885,0.358254176348748,NaN,0.0814120573234565,0.0267104087938522,0.500054210657546,-0.505989248360694,0.500054210656334,-0.566658746023852,0.00597419869505778,NaN,NaN,NaN,1.18155064550694,NaN,-0.265555184566428,0.5166123709179,NaN,0.108120448897326,NaN,NaN,1.94499443470592,NaN,NaN,-0.269892047105358,0.320644947115319,-0.804185321588255,-1.26017483149621,NaN,NaN,1.03048837418027,-0.883112664697684,0.546844094812939,-0.129801905332983,-0.129801905334132,-1.45595122952849,2.02847964440354,NaN,NaN,0.165843002617392,-1.39310877432566,NaN,NaN,-1.52374725794134,NaN,-0.148395597868877,-1.2482164623128
401.2032,0.705964260215602,-0.462528025641297,-0.0584162995122572,0.68092429060955,0.409840651594933,0.409840651594841,NaN,0.103832735072448,0.0214860442259705,0.531607626748939,-0.469960036308669,0.531607626747731,-0.579584118434098,0.0263263408065641,NaN,NaN,NaN,1.1822380031774,NaN,-0.274185167159549,0.517623217869837,NaN,0.123353806951471,NaN,NaN,1.94710851247155,NaN,NaN,-0.267029471502243,0.345139410781282,-0.807719618026205,-1.27075687266833,NaN,NaN,1.02590583208094,-0.887960547060969,0.555953514468301,-0.110842444126185,-0.110842444127335,-1.47098152510856,2.04122501706419,NaN,NaN,0.184569510788229,-1.36397369726433,NaN,NaN,-1.53775336880334,NaN,-0.100241724943499,-1.24238516835909
401.3056,0.680982143150042,-0.426614722197676,-0.0265263762377786,0.689653626332676,0.460561954150604,0.460561954150521,NaN,0.125527764237126,0.0158187497464405,0.561901914777286,-0.43434145014269,0.561901914776081,-0.592782509758489,0.046107342296548,NaN,NaN,NaN,1.18315976122024,NaN,-0.281226466072844,0.519699102330895,NaN,0.138020602504149,NaN,NaN,1.94757169080933,NaN,NaN,-0.263621639157491,0.368689133820984,-0.811586606139141,-1.28157637463685,NaN,NaN,1.01980685093261,-0.893125317442919,0.564903486525648,-0.0925126994580513,-0.092512699459202,-1.48381264408056,2.05152140256835,NaN,NaN,0.202330089142425,-1.33457639815244,NaN,NaN,-1.5518968142463,NaN,-0.0539955835634395,-1.23487094248876
401.408,0.655338710864405,-0.390667181904352,0.00480941859819204,0.698183333445362,0.510358019404815,0.51035801940474,NaN,0.146502188848982,0.00973994779145825,0.590921985188164,-0.399175069157803,0.590921985186951,-0.606218325201806,0.0652967824710424,NaN,NaN,NaN,1.18432264662963,NaN,-0.286616245085509,0.522843797716401,NaN,0.152117707192177,NaN,NaN,1.94639860075612,NaN,NaN,-0.25968225237095,0.391286341783839,-0.815782285560409,-1.29264559455278,NaN,NaN,1.0121767541721,-0.898625252649237,0.573677909135613,-0.0748404142107988,-0.0748404142119478,-1.49441047216672,2.05932941489193,NaN,NaN,0.219105125487286,-1.30494969426273,NaN,NaN,-1.56618433580536,NaN,-0.00970511541726158,-1.22564995332131
401.5104,0.629072046751293,-0.354723901127944,0.0355672665470744,0.706504071627162,0.559172370402424,0.559172370402358,NaN,0.166762941417617,0.00328244631753861,0.618656310196948,-0.36449810757874,0.618656310195735,-0.619854393180466,0.0838755883515065,NaN,NaN,NaN,1.18573143385221,NaN,-0.290294111165741,0.527055058633358,NaN,0.165643594804385,NaN,NaN,1.94360466787683,NaN,NaN,-0.255227228457898,0.412926601156526,-0.820301993714491,-1.30397628532543,NaN,NaN,1.00300474367881,-0.904477279069938,0.582261571751338,-0.0578507022809066,-0.0578507022820541,-1.5027463145717,2.06461652196168,NaN,NaN,0.23487825094147,-1.27512399568584,NaN,NaN,-1.58062192690151,NaN,0.0325909977578481,-1.21470154589007
401.6128,0.602222012959881,-0.318823047492601,0.0657254817138109,0.714606929137395,0.606952141786406,0.606952141786348,NaN,0.18631866720819,-0.00351969240996536,0.645096897847235,-0.330343381485087,0.645096897846016,-0.633652094117878,0.101826058756787,NaN,NaN,NaN,1.18738893894811,NaN,-0.29220245754157,0.532324696309437,NaN,0.178598389194054,NaN,NaN,1.93920606343844,NaN,NaN,-0.250274545086595,0.433608653636,-0.825140392332677,-1.31557961499537,NaN,NaN,0.99228401358956,-0.910696866194736,0.590640176223872,-0.0415660757378353,-0.0415660757389776,-1.50879717920994,2.06735716588953,NaN,NaN,0.249636216429134,-1.24512732751361,NaN,NaN,-1.59521477096675,NaN,0.0728631420181852,-1.20200851218539
401.7152,0.574830228794592,-0.283002509224048,0.0952644156615826,0.722483421572366,0.653648057117635,0.653648057117587,NaN,0.205179525338452,-0.0106313018449099,0.670239217760842,-0.296739315678725,0.670239217759615,-0.64757148540572,0.119131856773741,NaN,NaN,NaN,1.18929601426513,NaN,-0.292286786826421,0.538638682339156,NaN,0.19098387856067,NaN,NaN,1.93321964547957,NaN,NaN,-0.244844088518759,0.453334237389208,-0.830291463321759,-1.32746608222226,NaN,NaN,0.980011838828584,-0.917297925447147,0.598800337469629,-0.0260065071316079,-0.0260065071327479,-1.51254604122247,2.06753284778844,NaN,NaN,0.263368792420316,-1.21498538603529,NaN,NaN,-1.60996716398009,NaN,0.111090540499108,-1.18755736646485
401.8176,0.546940055063372,-0.247299988476998,0.124166300662204,0.730125466381172,0.699214339854592,0.699214339854552,NaN,0.223356958453417,-0.0180162873879273,0.694082055212236,-0.263709998751564,0.694082055210993,-0.661571414322564,0.135777945163357,NaN,NaN,NaN,1.19145153689883,NaN,-0.290496012706753,0.545977264338972,NaN,0.202803487372269,NaN,NaN,1.92566287163766,NaN,NaN,-0.238957523222974,0.472107888317815,-0.8357485159288,-1.33964542886818,NaN,NaN,0.966189626080971,-0.924292717141983,0.606729551146315,-0.0111895410131013,-0.0111895410142321,-1.51398206668917,2.06513216352067,NaN,NaN,0.276068685370817,-1.18472164354336,NaN,NaN,-1.62488242158118,NaN,0.147260965725197,-1.17133863729211
401.92,0.518596584384048,-0.211753139453644,0.152415030067627,0.73752533248353,0.743608560503008,0.743608560502979,NaN,0.240863433783628,-0.0256378242799311,0.716627300921773,-0.231275285898476,0.716627300920518,-0.675609617651128,0.15175046397819,NaN,NaN,NaN,1.19385238592772,NaN,-0.286782746740646,0.554315086408062,NaN,0.214062211394653,NaN,NaN,1.91655368357477,NaN,NaN,-0.232638185494164,0.489936716856905,-0.841504199610537,-1.35212654882317,NaN,NaN,0.950822923717593,-0.931691767945101,0.614416128862792,0.00286955091345161,0.00286955091233239,-1.51310078589746,2.06015079647899,NaN,NaN,0.287731462330312,-1.15435750046875,NaN,NaN,-1.63996277804835,NaN,0.181370381409455,-1.15334717146564
402.0224,0.489846627024278,-0.176399733456723,0.179995893489539,0.744675574538189,0.786791439803802,0.786791439803773,NaN,0.25771216752766,-0.0334585647790654,0.737879705930188,-0.199450941691945,0.737879705928918,-0.689642813132543,0.167036570105617,NaN,NaN,NaN,1.1964934066923,NaN,-0.281103576564501,0.563621323668607,NaN,0.224766529212615,NaN,NaN,1.90591037648982,NaN,NaN,-0.22591098819234,0.506830161659412,-0.847550514995088,-1.36491739318262,NaN,NaN,0.933921394520788,-0.93950380287162,0.621849112204009,0.016157591378384,0.0161575913772742,-1.50990422032575,2.05259148634359,NaN,NaN,0.298355482072782,-1.12391246920098,NaN,NaN,-1.65520928812861,NaN,0.213422535310569,-1.13358242474808
402.1248,0.460738678577351,-0.141277820196733,0.206895301039466,0.751568968287549,0.828726639841277,0.828726639841252,NaN,0.273916850997042,-0.0414408366517037,0.757846644296342,-0.168248810750974,0.757846644295057,-0.703626794128918,0.181624275332041,NaN,NaN,NaN,1.19936737262909,NaN,-0.273419327717756,0.573859848034212,NaN,0.234924306493917,NaN,NaN,1.89375147866532,NaN,NaN,-0.218802319223122,0.522799728483508,-0.853878815474711,-1.37802487202184,NaN,NaN,0.915498760788433,-0.947735698374412,0.629018184119851,0.0286633247623938,0.0286633247612978,-1.50440097177755,2.04246399334138,NaN,NaN,0.307941824738415,-1.09340436393927,NaN,NaN,-1.67062173779781,NaN,0.243428545549248,-1.11204871037077
402.2272,0.431322859534347,-0.106425852941389,0.233100536969623,0.75819846536346,0.869380578194326,0.869380578194303,NaN,0.289491399678411,-0.0495468148479247,0.776537925774615,-0.137677002678271,0.776537925773301,-0.717516541763741,0.195502324257282,NaN,NaN,NaN,1.20246496362124,NaN,-0.263695300784996,0.58498943660764,NaN,0.244544708611238,NaN,NaN,1.88009567148691,NaN,NaN,-0.211339923048779,0.537858729126345,-0.860479793302158,-1.39145475283415,NaN,NaN,0.895572735996549,-0.956392460611208,0.635913597859285,0.0403772788843849,0.0403772788833007,-1.4966062804519,2.02978507085283,NaN,NaN,0.316494202318394,-1.06284947043523,NaN,NaN,-1.68619856136573,NaN,0.271406505862559,-1.08875538917792
402.3296,0.401650823377979,-0.0718827593916115,0.258599567261083,0.764557179371135,0.908722287290405,0.908722287290385,NaN,0.304449739371603,-0.057738659858626,0.793965677122181,-0.107740080870645,0.793965677120842,-0.731266364010264,0.208660135632755,NaN,NaN,NaN,1.20577477272726,NaN,-0.251901496221956,0.596964023636368,NaN,0.253638132802871,NaN,NaN,1.86496177070326,NaN,NaN,-0.203552765485382,0.552022036661343,-0.86734344899607,-1.40521155630926,NaN,NaN,0.874164956615113,-0.965477224461107,0.642526136124889,0.0512916771637996,0.051291677162733,-1.48654205823104,2.01457845060919,NaN,NaN,0.324018839000033,-1.0322626849958,NaN,NaN,-1.70193675727072,NaN,0.297381102946713,-1.06371700414678
402.432,0.37177563852721,-0.0376879653032684,0.283380895335653,0.770638399924987,0.946723315063513,0.946723315063506,NaN,0.318805626434443,-0.0659786339627243,0.810144274162964,-0.0784392540843603,0.8101442741616,-0.744830059750633,0.221087798083323,NaN,NaN,NaN,1.20928333924587,NaN,-0.238012843484642,0.609732990984374,NaN,0.262216160757076,NaN,NaN,1.84836876360692,NaN,NaN,-0.195470888282073,0.565305865094916,-0.874459051062571,-1.41929845143989,NaN,NaN,0.851300919001743,-0.974991263892405,0.648847098101507,0.0614003934542251,0.0614003934531758,-1.47423690236212,1.99687483326403,NaN,NaN,0.330524320608632,-1.00165763901704,NaN,NaN,-1.71783179762196,NaN,0.321383219473302,-1.03695337622754
402.5344,0.341751655356604,-0.00388139369503673,0.307433441333176,0.776435618612027,0.983357643941853,0.983357643941858,NaN,0.332572486073141,-0.0742292134752648,0.825090287013713,-0.0497725785211973,0.825090287012324,-0.75816109641861,0.232776089576289,NaN,NaN,NaN,1.21297520038272,NaN,-0.222009423758707,0.623241491638863,NaN,0.270291520652391,NaN,NaN,1.83033587385531,NaN,NaN,-0.18712525749104,0.577727570149108,-0.881815098654536,-1.43371715423134,NaN,NaN,0.827009915610275,-0.984934009598376,0.654868300168796,0.0706989247349942,0.0706989247339675,-1.45972609098379,1.97671186850747,NaN,NaN,0.336021413475581,-0.971046841400289,NaN,NaN,-1.73387753412458,NaN,0.343449508014032,-1.00848967678582
402.6368,0.311634365420044,0.0294965436677112,0.330746426026156,0.781942552078947,1.01860160756589,1.01860160756591,NaN,0.345763254778528,-0.0824532067603802,0.838822411174082,-0.0217351789739081,0.838822411172674,-0.771212789881229,0.243716495112439,NaN,NaN,NaN,1.21683295639255,NaN,-0.203876656531111,0.637430800244077,NaN,0.277878044652345,NaN,NaN,1.8108826272224,NaN,NaN,-0.178547606084914,0.589305464064302,-0.889399297684348,-1.44846783567945,NaN,NaN,0.801324961046265,-0.995303077208688,0.660582076618566,0.0791843594219452,0.0791843594209443,-1.44305155710829,1.95413411023045,NaN,NaN,0.340522853504834,-0.940441862492761,NaN,NaN,-1.75006610705101,NaN,0.363621953315418,-0.97835647779972
402.7392,0.281480250221912,0.0624049621405139,0.353309256367127,0.787153158672935,1.05243380010385,1.05243380010387,NaN,0.358390223223476,-0.0906138776360376,0.851361379112484,0.00568050848760243,0.85136137911106,-0.783938482212798,0.253901217725565,NaN,NaN,NaN,1.22083734592524,NaN,-0.183605435619166,0.652238681796816,NaN,0.284990615078871,NaN,NaN,1.79002891168133,NaN,NaN,-0.169770272849909,0.600058640896131,-0.897198552402795,-1.46354904272745,NaN,NaN,0.774282701691878,-1.00609431017694,0.665981276526478,0.0868553350920698,0.0868553350910955,-1.42426183455549,1.92919294007238,NaN,NaN,0.344043114272183,-0.909853561082941,NaN,NaN,-1.76638786061825,NaN,0.381947450885952,-0.946589772827255
402.8416,0.251346610994475,0.09480253860279,0.375111421901621,0.792061655493196,1.08483498798356,1.08483498798359,NaN,0.370464884335545,-0.0986750699318461,0.862729863146371,0.0324844769690846,0.862729863144927,-0.796291720163175,0.263323196213858,NaN,NaN,NaN,1.22496732954612,NaN,-0.161192229141406,0.667599769669013,NaN,0.291645101522524,NaN,NaN,1.76779504424443,NaN,NaN,-0.160826039051901,0.610006813752708,-0.905198965245571,-1.47895763239687,NaN,NaN,0.745923307285583,-1.01730183859837,0.671059263717982,0.0937119960896188,0.093711996088674,-1.40341197289497,1.90194646309305,NaN,NaN,0.3465981770061,-0.879292332690739,NaN,NaN,-1.78283126272576,NaN,0.398477412669351,-0.913230964058967
402.944,0.221291370478608,0.126647581235699,0.396142419485458,0.796662548123672,1.1157880436885,1.11578804368855,NaN,0.38199779764508,-0.10660132668794,0.872952390308229,0.0586888821526934,0.872952390306764,-0.808226440906186,0.271976151979452,NaN,NaN,NaN,1.22920018366644,NaN,-0.136639174456204,0.683445949365519,NaN,0.297858296791531,NaN,NaN,1.74420186614271,NaN,NaN,-0.151747957489136,0.619170170103114,-0.91338583340862,-1.49468871795031,NaN,NaN,0.716290347134504,-1.02891815355999,0.675809933378996,0.0997559723405131,0.0997559723396033,-1.38056342750858,1.87245939036501,NaN,NaN,0.348205328927647,-0.84876834217662,NaN,NaN,-1.79938282636487,NaN,0.413267396518215,-0.878326810456229
403.0464,0.191372840653223,0.157898150558098,0.41639172498933,0.800950684061589,1.14527792100795,1.14527792100801,NaN,0.392998484218534,-0.114357995850561,0.882055290029956,0.0843077785787115,0.882055290028474,-0.81969717099375,0.279854683016544,NaN,NaN,NaN,1.23351161023994,NaN,-0.109954195836309,0.699706750585259,NaN,0.303647861239361,NaN,NaN,1.71927088391094,NaN,NaN,-0.142569166438124,0.627569254312466,-0.921743634764962,-1.51073562778279,NaN,NaN,0.685430655756132,-1.04093419588417,0.680227757157993,0.104990398380216,0.104990398379342,-1.35578393486245,1.84080292439691,NaN,NaN,0.348882994626423,-0.818291712149059,NaN,NaN,-1.81602703567144,NaN,0.426376747291619,-0.841929326394705
403.1488,0.161649456378271,0.18851223426204,0.435848815836143,0.80492133104609,1.17329167495516,1.17329167495524,NaN,0.403475360654192,-0.12191132051101,0.890066676771791,0.109356861623624,0.890066676770291,-0.830659238870278,0.286954402187574,NaN,NaN,NaN,1.23787586673857,NaN,-0.0811511592027022,0.716309750669167,NaN,0.309032279537297,NaN,NaN,1.6930244547999,NaN,NaN,-0.133322690599769,0.635224884789415,-0.930256006651662,-1.52708988104154,NaN,NaN,0.653394188855746,-1.05333945698779,0.684307857096104,0.109419970939408,0.109419970938575,-1.32914737714746,1.80705464759231,NaN,NaN,0.348650579955955,-0.787872664697967,NaN,NaN,-1.83274628550637,NaN,0.437868234805161,-0.804095620316064
403.2512,0.132179481521731,0.218447958517679,0.454503223953499,0.808570268484749,1.19981850682907,1.19981850682916,NaN,0.413435707190886,-0.129228524400055,0.897016441712371,0.133853208403827,0.897016441710849,-0.841068993874664,0.293272091538104,NaN,NaN,NaN,1.24226591854398,NaN,-0.0502500663257847,0.733180984633123,NaN,0.314030821545109,NaN,NaN,1.66548599181427,NaN,NaN,-0.124041239946191,0.642158106249779,-0.938905729931409,-1.54374118569794,NaN,NaN,0.620233863008977,-1.06612208914832,0.688046095270481,0.113051018881359,0.113051018880568,-1.30073363168081,1.77129839681108,NaN,NaN,0.347528313526144,-0.757521627519362,NaN,NaN,-1.84952084152,NaN,0.447807690613187,-0.764887671629485
403.3536,0.103020699368049,0.247663810362728,0.47234459122633,0.811893874904481,1.22484980747513,1.22484980747524,NaN,0.422885655668037,-0.136277906728344,0.902936217948069,0.15781500772646,0.902936217946528,-0.850884022144757,0.298805838769373,NaN,NaN,NaN,1.24665361243625,NaN,-0.0172772718270865,0.750245351844149,NaN,0.318663490546604,NaN,NaN,1.63668015708279,NaN,NaN,-0.114757014045906,0.648390170302188,-0.947674730955365,-1.56067746301816,NaN,NaN,0.586005370178172,-1.07926902347094,0.691439161618819,0.115891554702467,0.115891554701717,-1.27062839451854,1.73362410544243,NaN,NaN,0.345537092709693,-0.727249309515821,NaN,NaN,-1.86632882016968,NaN,0.456263650443718,-0.724372055316922
403.456,0.0742301031744413,0.276118855850561,0.489362718613758,0.814889200251043,1.24837918622151,1.24837918622163,NaN,0.431830185886524,-0.143028948382886,0.907859301388319,0.181261274777283,0.907859301386755,-0.860063354203733,0.303555140940483,NaN,NaN,NaN,1.25100986742558,NaN,0.0177343210022662,0.767427020226988,NaN,0.322950946618507,NaN,NaN,1.60663302702642,NaN,NaN,-0.105501510831424,0.65394253503337,-0.956544107999148,-1.57788489881274,NaN,NaN,0.550766964093188,-1.09276609364157,0.694484648495118,0.117951294348542,0.11795129434784,-1.23892296514544,1.69412760229037,NaN,NaN,0.342698346486035,-0.697066744857717,NaN,NaN,-1.88314618430439,NaN,0.463306978131228,-0.682619631536153
403.5584,0.0458635996316454,0.303772955735766,0.505547623340753,0.817554022507011,1.27040249334259,1.27040249334273,NaN,0.440273130290093,-0.149452418664083,0.911820535446127,0.204211554280763,0.911820535444547,-0.868567664933076,0.307520983779194,NaN,NaN,NaN,1.25530488201221,NaN,0.0547451327926833,0.784649845599001,NaN,0.326914405057561,NaN,NaN,1.57537223238398,NaN,NaN,-0.0963053336744913,0.658836876848107,-0.965494181035484,-1.5953480195541,NaN,NaN,0.514579223193119,-1.10659816162265,0.697181111121853,0.119241653356013,0.119241653355354,-1.20571398134521,1.65291036274837,NaN,NaN,0.339033922452844,-0.666985303884404,NaN,NaN,-1.89994675129822,NaN,0.469010427707137,-0.639705212358832
403.6608,0.0179757225599041,0.330586994745013,0.520889626203065,0.819886897213619,1.29091785594815,1.29091785594831,NaN,0.448217198741401,-0.155520468889555,0.914856184137893,0.226685620687839,0.914856184136293,-0.87635947066731,0.310705917371952,NaN,NaN,NaN,1.25950836223222,NaN,0.093708862097939,0.80183782632045,NaN,0.330575521009946,NaN,NaN,1.54292708782529,NaN,NaN,-0.0871979893895816,0.663095113871789,-0.974504557621699,-1.61304979159432,NaN,NaN,0.477504798902483,-1.12074924150538,0.699528122825253,0.119775739247585,0.119775739246971,-1.17110310004243,1.61007921248027,NaN,NaN,0.334566002434737,-0.637016668427631,NaN,NaN,-1.91670221455764,NaN,0.473448123910154,-0.5957071972729
403.7632,-0.00938066125399124,0.356523146181735,0.535379485578203,0.821887212642381,1.30992574784638,1.30992574784655,NaN,0.455664040109501,-0.161206703306919,0.917003819162039,0.248703184460819,0.917003819160423,-0.883403330349622,0.313114148528857,NaN,NaN,NaN,1.26358977750487,NaN,0.134572495324703,0.81891560251306,NaN,0.333956278482582,NaN,NaN,1.50932873005904,NaN,NaN,-0.0782076728985861,0.666739448310156,-0.983554207687006,-1.63097174341394,NaN,NaN,0.439608157513032,-1.13520261949744,0.701526337457659,0.119568359645407,0.119568359644839,-1.13519662792676,1.56574598893793,NaN,NaN,0.329317047372004,-0.607172770498017,NaN,NaN,-1.9333821848085,NaN,0.476694975741699,-0.550707155055545
403.8656,-0.036154670148161,0.381545182982469,0.549008580371853,0.823555258767757,1.32742910102914,1.32742910102931,NaN,0.46261434994045,-0.166486228321557,0.918302227171229,0.270283609527467,0.918302227169597,-0.889666055554553,0.314751654412916,NaN,NaN,NaN,1.26751865087255,NaN,0.177276332858296,0.835808994047702,NaN,0.33707889950784,NaN,NaN,1.474610276748,NaN,NaN,-0.0693610427611545,0.6697924395587,-0.992621546572214,-1.64909411125813,NaN,NaN,0.400955319194822,-1.14994096761572,0.703177564660514,0.118636051688524,0.118636051688003,-1.09810511002079,1.52002716683092,NaN,NaN,0.323309770458609,-0.577465699175333,NaN,NaN,-1.94995425906399,NaN,0.478826060828023,-0.504789343489059
403.968,-0.0622977474662514,0.405618821269891,0.56176912256882,0.824892306318096,1.34343344337203,1.34343344337221,NaN,0.469068016238255,-0.171335696163034,0.918791312638019,0.291445641513076,0.918791312636363,-0.895116926078247,0.315626296471376,NaN,NaN,NaN,1.27126488390166,NaN,0.221754000268073,0.852445552930055,NaN,0.339965774087967,NaN,NaN,1.4388069981022,NaN,NaN,-0.0606830022597807,0.672277113629716,-1.00168453045204,-1.66739600471254,NaN,NaN,0.361613591783351,-1.16494644685654,0.704484851242715,0.116997117906019,0.116997117905546,-1.05994288065773,1.47304344790222,NaN,NaN,0.316567135294498,-0.547907591644528,NaN,NaN,-1.96638411643254,NaN,0.479916023432083,-0.458040189268592
404.0704,-0.0877640050339823,0.428712063269904,0.573654365516454,0.825900683264026,1.35794703149145,1.35794703149165,NaN,0.47502428107201,-0.175733365042506,0.918511958632653,0.31220714958036,0.918511958630972,-0.899727899711355,0.315747901050673,NaN,NaN,NaN,1.27479910237257,NaN,0.267932431852067,0.868755093360641,NaN,0.342639396545683,NaN,NaN,1.40195647499952,NaN,NaN,-0.0521965067530024,0.674217099848319,-1.01072076435861,-1.68585558199061,NaN,NaN,0.321651295733506,-1.18020079516018,0.705452555058606,0.114671643363142,0.11467164336272,-1.02082757614987,1.42491931264482,NaN,NaN,0.309112366363898,-0.518510535878375,NaN,NaN,-1.98263562930387,NaN,0.480038508893772,-0.410547766724201
404.1728,-0.112510551118133,0.45079550886789,0.58465877858618,0.826583836438913,1.37098095214403,1.37098095214423,NaN,0.480481895252538,-0.179659187112385,0.917505827188904,0.332584897336795,0.917505827187197,-0.903473803248358,0.315128286643642,NaN,NaN,NaN,1.27809299572995,NaN,0.315731825586072,0.884670172602781,NaN,0.345122294821805,NaN,NaN,1.36409872071858,NaN,NaN,-0.0439224138700335,0.675636773860926,-1.0197076136193,-1.70445021809607,NaN,NaN,0.281137481281168,-1.19568539539363,0.706086400108039,0.111681476792106,0.111681476791739,-0.980879610929069,1.37578253793498,NaN,NaN,0.3009689530211,-0.48928650962781,NaN,NaN,-1.9986709785328,NaN,0.479265635877778,-0.362401301260635
404.2752,-0.136497791560763,0.471842620092664,0.594778174608299,0.826946371727228,1.38254918112541,1.38254918112562,NaN,0.485439255267025,-0.183094918929368,0.915815111722725,0.352594361086572,0.915815111720988,-0.906332494470864,0.313781241565098,NaN,NaN,NaN,1.28111962197957,NaN,0.365065571270044,0.900126519184157,NaN,0.347436951120101,NaN,NaN,1.32527626137517,NaN,NaN,-0.0358793805226318,0.676561385139293,-1.02862230218269,-1.72315664529227,NaN,NaN,0.240141642745194,-1.21138131911801,0.70639350739061,0.108050173508275,0.108050173507962,-0.940221624869691,1.32576369073939,NaN,NaN,0.29216063592031,-0.460247362003013,NaN,NaN,-2.01445076940947,NaN,0.477667506158306,-0.31369070120638
404.3776,-0.159689697622887,0.491829936388693,0.604009792744307,0.826994073275134,1.3926686031669,1.39266860316712,NaN,0.489894526530839,-0.186024238598238,0.913482272706693,0.372249596686988,0.913482272704931,-0.908284989958127,0.311722470683411,NaN,NaN,NaN,1.28385365932658,NaN,0.415840163508524,0.915063417044472,NaN,0.349605721120563,NaN,NaN,1.28553418508781,NaN,NaN,-0.0280837973745492,0.677017153442164,-1.03744198387495,-1.74195105178488,NaN,NaN,0.198733435209922,-1.2272693462129,0.706382400875836,0.103802908133703,0.103802908133442,-0.898977913510977,1.27499561059627,NaN,NaN,0.28271137857875,-0.431404827376114,NaN,NaN,-2.02993415121107,NaN,0.475311755820792,-0.264506113679458
404.48,-0.182054035512519,0.510737248666165,0.61235235359469,0.826733908485404,1.40135900864659,1.40135900864682,NaN,0.493845765654122,-0.1884328522864,0.910549792537439,0.391563136728872,0.910549792535653,-0.909315565795227,0.308969534667743,NaN,NaN,NaN,1.28627159809943,NaN,0.467955128281107,0.929424047756067,NaN,0.351650763187063,NaN,NaN,1.24492017772704,NaN,NaN,-0.0205497408511779,0.677031322814074,-1.04614378630928,-1.76080914179437,NaN,NaN,0.156982403783327,-1.24332996656906,0.706062991892043,0.0989663722082854,0.0989663722080776,-0.857273857221901,1.22361289844172,NaN,NaN,0.272645336661388,-0.402770556456061,NaN,NaN,-2.04507894341885,NaN,0.472263152289849,-0.214937505314547
404.5824,-0.203562555459656,0.528547745990185,0.619806109651581,0.826174028656255,1.4086430889895,1.40864308898974,NaN,0.497291053633596,-0.190308579780274,0.907059976346734,0.41054589511153,0.907059976344927,-0.909411851123937,0.305541801740357,NaN,NaN,NaN,1.28835187803591,NaN,0.521302996788618,0.943155781176119,NaN,0.353593989805166,NaN,NaN,1.20348456463002,NaN,NaN,-0.0132889204470373,0.676632167746274,-1.05470483905353,-1.77970617117062,NaN,NaN,0.11495774397494,-1.25954337179586,0.705446549160613,0.0935686758907546,0.0935686758906051,-0.815235365429439,1.17175142774084,NaN,NaN,0.261986843922603,-0.37435615439817,NaN,NaN,-2.05984176966749,NaN,0.468583242316194,-0.165074275039186
404.6848,-0.224191144362798,0.545248146932776,0.626372905751549,0.82532377349247,1.41454644366783,1.41454644366807,NaN,0.500228643927404,-0.191641422958434,0.903054798323194,0.429207065668018,0.903054798321372,-0.908564930417866,0.301460415001933,NaN,NaN,NaN,1.29007498472309,NaN,0.57576934717096,0.956210402095903,NaN,0.355457044495047,NaN,NaN,1.16128036542427,NaN,NaN,-0.00631061550123296,0.675848963510296,-1.0631022960494,-1.79861696746492,NaN,NaN,0.0727281053291731,-1.27588944174741,0.704545663879563,0.0876392640507458,0.087639264050658,-0.772988339723944,1.11954787326775,NaN,NaN,0.250760438167232,-0.346173222589997,NaN,NaN,-2.07417820235053,NaN,0.46433005084495,-0.115004906061597
404.7872,-0.243919951082341,0.560828818477376,0.632056245616538,0.824193680348596,1.41909759184633,1.41909759184658,NaN,0.502657117565707,-0.192423635218733,0.898575762368385,0.447554016761742,0.898575762366542,-0.906769450211809,0.296748254558046,NaN,NaN,NaN,1.29142351854649,NaN,0.631232915810481,0.968544269724342,NaN,0.357261291281086,NaN,NaN,1.11836334500283,NaN,NaN,0.000378378407275429,0.674711949244629,-1.07131335268381,-1.8175159336222,NaN,NaN,0.0303614274299483,-1.2923477281963,0.703374215416872,0.0812088362238794,0.0812088362238491,-0.730658142107414,1.06713922814805,NaN,NaN,0.238990946644177,-0.318233399832315,NaN,NaN,-2.08804292548902,NaN,0.459557819135172,-0.0648166573201107
404.8896,-0.262733488929123,0.575283872854273,0.636861345631943,0.822795489216308,1.42232796680977,1.42232796681003,NaN,0.504575528254324,-0.192649810527511,0.893663736409202,0.465592196940576,0.893663736407348,-0.904023711090945,0.291429863161924,NaN,NaN,NaN,1.29238224059554,NaN,0.687565768309053,0.980118420677685,NaN,0.359027796325081,NaN,NaN,1.07479202847536,NaN,NaN,0.00677376369307547,0.673252307984305,-1.07931525397687,-1.83637703215792,NaN,NaN,-0.0120752177124886,-1.3088974377912,0.70194733410694,0.0743092463491824,0.0743092463492149,-0.688369047625012,1.0146622766743,NaN,NaN,0.226703629552162,-0.290548396258685,NaN,NaN,-2.10138991968597,NaN,0.454316773902955,-0.0145952899503353
404.992,-0.280620708839198,0.588611224293559,0.640795154345143,0.821142130640285,1.42427187033103,1.4242718703313,NaN,0.505983520968691,-0.192316997190069,0.888358733072983,0.483325074794445,0.888358733071112,-0.900329727722665,0.285531314182272,NaN,NaN,NaN,1.29293809352933,NaN,0.744633517145546,0.990898632486218,NaN,0.360777288214175,NaN,NaN,1.03062765359257,NaN,NaN,0.012873697743334,0.671502165687741,-1.08708529706302,-1.8551737528112,NaN,NaN,-0.0545157960927779,-1.32551741479492,0.700281352019799,0.0669733639405614,0.0669733639406538,-0.646243668445008,0.962253010615532,NaN,NaN,0.213924351606957,-0.263130021049398,NaN,NaN,-2.11417265943358,NaN,0.448652942042271,0.0355751726620046
405.0944,-0.297575033873936,0.60081259157077,0.643866324716169,0.819247688409483,1.4249663742994,1.42496637429968,NaN,0.506881416022861,-0.191424829875616,0.882699630196009,0.500754136450099,0.88269963019412,-0.895693251124338,0.279080019612673,NaN,NaN,NaN,1.29308019710747,NaN,0.802295572519451,1.00085545775658,NaN,0.36253009493154,NaN,NaN,0.98593405006379,NaN,NaN,0.0186786928418084,0.669494590303776,-1.09460084072412,-1.87387907679678,NaN,NaN,-0.0968954981320345,-1.34218612093791,0.698393735296813,0.0592348948538385,0.0592348948539883,-0.604402351682484,0.910046001434107,NaN,NaN,0.200679742163008,-0.235990213586376,NaN,NaN,-2.12634430575081,NaN,0.442608033255301,0.0856126519058917
405.1968,-0.313594353975619,0.611893444820166,0.646085137774382,0.817127336080765,1.42445116995434,1.42445116995461,NaN,0.5072702592147,-0.189975671499666,0.87672384347636,0.517878951025694,0.876723843474454,-0.890123757394963,0.272104490668822,NaN,NaN,NaN,1.29279982235401,NaN,0.860405414911258,1.00996422743971,NaN,0.364306063691488,NaN,NaN,0.940777449749377,NaN,NaN,0.0241914747496787,0.667263563452776,-1.10183933721865,-1.89246545710267,NaN,NaN,-0.139150933219325,-1.35888160957191,0.696302997409615,0.0511281727705302,0.0511281727707388,-0.562962566420564,0.858173753537957,NaN,NaN,0.186997325532853,-0.209141083495938,NaN,NaN,-2.13785788424752,NaN,0.436219393488712,0.135437194204475
405.2992,-0.32868098714234,0.621862903384734,0.64746338235779,0.814797252157232,1.42276837333317,1.42276837333343,NaN,0.50715184345264,-0.187974755592889,0.870466978567972,0.534697295076749,0.870466978566048,-0.883634411623902,0.264634069770512,NaN,NaN,NaN,1.29209034694161,NaN,0.918810885134831,1.01820501665018,NaN,0.366124473074154,NaN,NaN,0.89522624332353,NaN,NaN,0.029416826286027,0.664843900613991,-1.10877839276724,-1.91090482737133,NaN,NaN,-0.181220318922521,-1.37558149589256,0.694028595726287,0.0426879378826881,0.0426879378829554,-0.522038300673016,0.806766063323836,NaN,NaN,0.172905626947602,-0.182594954088914,NaN,NaN,-2.14866644995585,NaN,0.429520017348264,0.184971133838048
405.4016,-0.342841612179429,0.63073359344674,0.648014199547597,0.812274522919727,1.41996229886152,1.41996229886177,NaN,0.506528710497497,-0.185430311114999,0.863962504481502,0.551205317881275,0.863962504479562,-0.87624201393211,0.256698655207534,NaN,NaN,NaN,1.29094718517302,NaN,0.977354501917673,1.02556257006839,NaN,0.368003946693125,NaN,NaN,0.849350707221192,NaN,NaN,0.0343614431393036,0.662271107369532,-1.11539584591213,-1.92916863067482,NaN,NaN,-0.223043649669719,-1.39226293130251,0.691590813962164,0.0339491203986108,0.0339491203989384,-0.481739487388896,0.755949404242813,NaN,NaN,0.158434255918597,-0.15636439776445,NaN,NaN,-2.15872324604575,NaN,0.422538604634822,0.234139249282329
405.504,-0.356087173593384,0.638521476297731,0.647751907847429,0.809577042844905,1.41607921333331,1.41607921333356,NaN,0.5054041447157,-0.182353641457808,0.857241497714537,0.567397732111672,0.857241497712577,-0.867966926795002,0.24832844105901,NaN,NaN,NaN,1.28936767824056,NaN,1.03587383082738,1.03202619042447,NaN,0.369962376269834,NaN,NaN,0.803222724573074,NaN,NaN,0.0390338163620549,0.659581179186659,-1.12166984230958,-1.94722784176529,NaN,NaN,-0.264562834625808,-1.40890259165629,0.689010631972545,0.0249466419516479,0.0249466419520288,-0.442171473937184,0.705846351650357,NaN,NaN,0.143613950779271,-0.130462252512449,NaN,NaN,-2.16798186450502,NaN,0.415299640609036,0.282868925956653
405.6064,-0.368432757238953,0.64524565682243,0.646691824989784,0.806723417049713,1.411167076348,1.41116707634824,NaN,0.503782168020148,-0.178759137586824,0.850332484204723,0.583268022525479,0.850332484202749,-0.858832975202353,0.239553684746053,NaN,NaN,NaN,1.28735093648538,NaN,1.09420192247021,1.03758959447906,NaN,0.372016858589886,NaN,NaN,0.756915509759694,NaN,NaN,0.0434441348770072,0.656810372654575,-1.12757889303889,-1.96505296226238,NaN,NaN,-0.305721803547759,-1.42547668201065,0.686309583031441,0.0157152367960103,0.0157152367964464,-0.403434541590394,0.656575049552849,NaN,NaN,0.128476571445299,-0.104901611509124,NaN,NaN,-2.17639641575637,NaN,0.407823488800936,0.331090332547413
405.7088,-0.379897435369509,0.65092817303565,0.64485008888773,0.803732859303187,1.40527526270146,1.4052752627017,NaN,0.501667533223077,-0.174664233461181,0.843261360861784,0.598808673101518,0.843261360859797,-0.848867311787886,0.230404492708693,NaN,NaN,NaN,1.28489764088249,NaN,1.15216782006649,1.04225073338627,NaN,0.374183644110906,NaN,NaN,0.710503324755272,NaN,NaN,0.0476041887045673,0.653994980130993,-1.13310192084662,-1.98261398994276,NaN,NaN,-0.346466584809695,-1.44196095160585,0.683509597563933,0.00628928500998142,0.0062892850104678,-0.365623469571002,0.608248709779042,NaN,NaN,0.113055054485063,-0.0796957796147182,NaN,NaN,-2.18392171099415,NaN,0.400126511163623,0.378736607959198
405.8112,-0.390504076833246,0.655593758910701,0.6422434697931,0.800625071521578,1.39845425659815,1.39845425659838,NaN,0.499065702852148,-0.170089328596045,0.836051354465113,0.614011412278646,0.836051354463115,-0.83810024281994,0.220910602170687,NaN,NaN,NaN,1.28200981899406,NaN,1.20959713846536,1.04601156696505,NaN,0.376478089288279,NaN,NaN,0.664061163935393,NaN,NaN,0.0515272604064562,0.651171124406472,-1.138218308552,-1.99988037838813,NaN,NaN,-0.386745361617684,-1.45833071199195,0.680632831107933,-0.00329735409307565,-0.00329735409253469,-0.328827128124336,0.560975128390481,NaN,NaN,0.097383358051797,-0.0548581952704024,NaN,NaN,-2.19051345579035,NaN,0.392221236168278,0.425744052815845
405.9136,-0.400279114506396,0.659269571587187,0.638889167314835,0.797420093900306,1.39075530932321,1.39075530932344,NaN,0.495982802199821,-0.165057692420451,0.828722987076306,0.62886746720003,0.828722987074295,-0.826565010117388,0.211101143231798,NaN,NaN,NaN,1.27869060521194,NaN,1.26631273351715,1.0488777840894,NaN,0.378914605008942,NaN,NaN,0.617664388488457,NaN,NaN,0.0552280081917215,0.64837457023168,-1.14290796660164,-2.01682100746981,NaN,NaN,-0.426508515376647,-1.4745608561107,0.677701474318558,-0.0130115221308883,-0.0130115221302949,-0.293128082075014,0.514856199622261,NaN,NaN,0.0814964053279126,-0.0304023279712104,NaN,NaN,-2.19612844898153,NaN,0.384116575784928,0.47205232230981
406.016,-0.409252267556388,0.661984881601669,0.634804592434689,0.794138125445251,1.38223005998856,1.38223005998878,NaN,0.492425544422993,-0.159595352405659,0.821294036237911,0.643367811806744,0.821294036235889,-0.814297526810182,0.201004378323786,NaN,NaN,NaN,1.27494398540295,NaN,1.32213547878863,1.05085847383135,NaN,0.381506598253287,NaN,NaN,0.57138830528209,NaN,NaN,0.0587223532704813,0.645640538611007,-1.14715143319159,-2.03340418252855,NaN,NaN,-0.465708665890842,-1.49062587956138,0.674737545559085,-0.0228209654036555,-0.0228209654030151,-0.258602191370707,0.469987408504406,NaN,NaN,0.0654300165146827,-0.00634157039087299,NaN,NaN,-2.20072477940224,NaN,0.375818080367422,0.517604620352967
406.1184,-0.41745622983149,0.663770737920196,0.630007142134871,0.790799324521642,1.37293013308348,1.3729301330837,NaN,0.488401134421609,-0.153730968667233,0.813779490447528,0.657503395738513,0.813779490445499,-0.801336077939685,0.190647428134882,NaN,NaN,NaN,1.27077452298944,NaN,1.37688513871415,1.05196576601406,NaN,0.384266408914008,NaN,NaN,0.525307704399759,NaN,NaN,0.0620273810304455,0.643003512692422,-1.15093000440671,-2.04959766738162,NaN,NaN,-0.50430071179693,-1.506499905869,0.671762672158817,-0.0326945576039456,-0.0326945576032525,-0.225318211727532,0.426457307467298,NaN,NaN,0.049220828347147,0.0173108574251163,NaN,NaN,-2.20426201310881,NaN,0.367328229464486,0.562347893827335
406.2208,-0.424926342834474,0.664659629534094,0.62451398291688,0.787423604953582,1.36290673994885,1.36290673994904,NaN,0.483917165208023,-0.147495699611673,0.806191511293866,0.671265348484238,0.806191511291831,-0.787721007685017,0.180056005560872,NaN,NaN,NaN,1.26618707124126,NaN,1.43038129683642,1.05221446674452,NaN,0.387205248858999,NaN,NaN,0.479496389072036,NaN,NaN,0.0651612551385219,0.640497037413485,-1.15422587237667,-2.06536873946127,NaN,NaN,-0.542241865770588,-1.52215671613476,0.66879787316881,-0.0426025196030946,-0.0426025196023483,-0.193337421065423,0.384347020233643,NaN,NaN,0.0329062150457773,0.0405419809315529,NaN,NaN,-2.20670136411989,NaN,0.358646764836655,0.606233016317964
406.3232,-0.431700267131271,0.664685166773596,0.618341865840745,0.784030445296355,1.35221031551961,1.3522103155198,NaN,0.47898152444791,-0.14092305848781,0.798539422908206,0.684645160862332,0.798539422906169,-0.773494413440564,0.169254187311002,NaN,NaN,NaN,1.26118648903083,NaN,1.48244428692199,1.05162171089271,NaN,0.390333156959224,NaN,NaN,0.434026739179741,NaN,NaN,0.0681431373125737,0.638153526733729,-1.15702224472422,-2.08068424957298,NaN,NaN,-0.57949167420046,-1.53756978134817,0.665863360688567,-0.0525166067351131,-0.0525166067343162,-0.162713305508916,0.343729827893157,NaN,NaN,0.0165242217234622,0.0633391210493299,NaN,NaN,-2.20800584494986,NaN,0.349771054401382,0.649214941434587
406.4256,-0.437817659877932,0.663881800290885,0.611506993430042,0.7806387261916,1.34089021471637,1.34089021471655,NaN,0.473602327940696,-0.134048755749122,0.790829748520809,0.697634849579104,0.790829748518761,-0.758699858795798,0.158264247838687,NaN,NaN,NaN,1.25577738286661,NaN,1.53289608437897,1.05020664278677,NaN,0.393658986333289,NaN,NaN,0.388969339390091,NaN,NaN,0.0709931082717906,0.636004094985427,-1.15930343076152,-2.0955106755547,NaN,NaN,-0.61601201198304,-1.5527122946373,0.662978374198773,-0.0624102407335498,-0.0624102407327024,-0.133491326113841,0.304670865759622,NaN,NaN,0.000113511030971265,0.0856899356338494,NaN,NaN,-2.20814040093925,NaN,0.34069644675228,0.691252809932449
406.528,-0.44331986390929,0.662284583712351,0.604024942606101,0.77726660107558,1.32899447435779,1.32899447435795,NaN,0.467787888964018,-0.126910524780404,0.783066296368489,0.710227108464502,0.783066296366434,-0.743382108409918,0.147106558681213,NaN,NaN,NaN,1.24996389095034,NaN,1.58156113389143,1.04799012302057,NaN,0.397190431843967,NaN,NaN,0.344392679214311,NaN,NaN,0.0737320875999279,0.634078424935395,-1.16105489730902,-2.10981416921989,NaN,NaN,-0.651767050071723,-1.56755720110054,0.660161051316414,-0.0722585830407812,-0.0722585830398839,-0.105708771438253,0.267226926596038,NaN,NaN,-0.0162866806176331,0.107582468690718,NaN,NaN,-2.20707204066492,NaN,0.331416581405326,0.732310008489196
406.6304,-0.448249610077602,0.659928968530332,0.595910624663926,0.773931391484071,1.31656962277308,1.31656962277323,NaN,0.461546718207239,-0.1195479399079,0.775250270869813,0.722415443761954,0.775250270867746,-0.727586878772414,0.135799528788544,NaN,NaN,NaN,1.24374951033286,NaN,1.62826710946362,1.04499444992247,NaN,0.400934091342647,NaN,NaN,0.300362905366889,NaN,NaN,0.0763817472539876,0.632404676542082,-1.16226330786481,-2.12356060351768,NaN,NaN,-0.686723203070048,-1.58207722468188,0.657428324685241,-0.0820385672372862,-0.0820385672363412,-0.0793946905300531,0.231446349144087,NaN,NaN,-0.0326365833594644,0.129005205561841,NaN,NaN,-2.20476997427723,NaN,0.321923664677182,0.772354185623992
406.7328,-0.452650727766415,0.65685060896993,0.587178252972104,0.770649489953519,1.30366050781229,1.30366050781243,NaN,0.454887537308101,-0.112002243943694,0.767380372764496,0.734194286233186,0.767380372762419,-0.711360594341789,0.12435955036042,NaN,NaN,NaN,1.23713695774306,NaN,1.67284562052212,1.04124308858053,NaN,0.404895545036182,NaN,NaN,0.256943594857197,NaN,NaN,0.0789644128553612,0.631009429770421,-1.16291655769135,-2.13671562851825,NaN,NaN,-0.720849068282013,-1.5962448934019,0.654795828490333,-0.0917289153885254,-0.0917289153875284,-0.0545698901259986,0.197368966533228,NaN,NaN,-0.0488959417726396,0.149947113182298,NaN,NaN,-2.20120575897598,NaN,0.312208751486498,0.811357226737959
406.8352,-0.45656785569101,0.653085159881906,0.577841299769149,0.767436257675592,1.29031012309237,1.29031012309251,NaN,0.447819289313683,-0.104316196876554,0.75945286524264,0.745559074377542,0.759452865240553,-0.694750141457765,0.112800927927158,NaN,NaN,NaN,1.23012805569437,NaN,1.71513288324286,1.03676041145312,NaN,0.409079437837274,NaN,NaN,0.214195528093764,NaN,NaN,0.0815029505666858,0.629917648707313,-1.1630038092939,-2.14924474004764,NaN,NaN,-0.754115363344234,-1.61003256362741,0.652277802991296,-0.101310154100481,-0.10131015409943,-0.0312469732453324,0.165026092163995,NaN,NaN,-0.065024085081836,0.170397644053477,NaN,NaN,-2.19635343921805,NaN,0.302262060834605,0.849295187143162
406.9376,-0.46004614885399,0.648668065740675,0.567912442913505,0.764305915203899,1.27655943126119,1.27655943126132,NaN,0.440351139139141,-0.0965339447850241,0.751461608380812,0.756506309263143,0.751461608378722,-0.677802618735905,0.101135791412133,NaN,NaN,NaN,1.22272364254034,NaN,1.75497036839379,1.03157145349683,NaN,0.413489556263647,NaN,NaN,0.172176461566741,NaN,NaN,0.0840206407482429,0.629152655295711,-1.16251552550559,-2.16111335843657,NaN,NaN,-0.786494862507344,-1.62341244220399,0.649886996125678,-0.110764630824329,-0.110764630823224,-0.00943040305040388,0.134440533435648,NaN,NaN,-0.0809800290226794,0.190346697508493,NaN,NaN,-2.19018967123529,NaN,0.29207332119858,0.886148187096586
407.04,-0.463130982949236,0.643634352909823,0.557403519958701,0.761271434579637,1.26244719979091,1.26244719979102,NaN,0.432492467681118,-0.0887008995755911,0.743398084783857,0.767033587763896,0.743398084781764,-0.660565089036084,0.0893740136802287,NaN,NaN,NaN,1.21492350871791,NaN,1.79220542747024,1.0257016763565,NaN,0.41812890197598,NaN,NaN,0.130940916198509,NaN,NaN,0.0865410427095143,0.628736106747508,-1.16144349218288,-2.17228691134681,NaN,NaN,-0.817962326194612,-1.63635660496074,0.647634571523721,-0.120076517238815,-0.120076517237657,0.0108834097983838,0.105626640855829,NaN,NaN,-0.0967226047159484,0.209784546053314,NaN,NaN,-2.18269382998442,NaN,0.281632110850304,0.921900276641773
407.1424,-0.465867662426588,0.638018445854794,0.546325515410341,0.758344446868879,1.24800987369201,1.2480098736921,NaN,0.424252870730616,-0.0808636170495987,0.735251449004011,0.777139624231043,0.735251449001916,-0.643084343085273,0.0775231633213365,NaN,NaN,NaN,1.20672636146002,NaN,1.82669189174431,1.01917674012061,NaN,0.422999774377066,NaN,NaN,0.0905400061476254,NaN,NaN,0.0890878582050008,0.628687977987535,-1.15978081978097,-2.18273091436344,NaN,NaN,-0.848494414817786,-1.64883701059624,0.645530038320855,-0.129231779519167,-0.129231779517958,0.0297059880917325,0.0785904086139685,NaN,NaN,-0.112210598060675,0.228701741941673,NaN,NaN,-2.17384810116224,NaN,0.270928145931718,0.956539276774344
407.2448,-0.468301141584453,0.631854025305444,0.534688600044606,0.755535176806623,1.23328150345095,1.23328150345102,NaN,0.415642174767635,-0.0730696641231832,0.727008625820725,0.78682426845484,0.727008625818631,-0.625406684198818,0.0655885145451299,NaN,NaN,NaN,1.19812981994868,NaN,1.85829063173245,1.01202229292588,NaN,0.428103876709769,NaN,NaN,0.0510213266249166,NaN,NaN,0.0916848017084484,0.629026555496741,-1.1575219172965,-2.19241104605637,NaN,NaN,-0.878069577878641,-1.66082550883166,0.643581215050165,-0.138218101538617,-0.138218101537354,0.047056627321407,0.0533296370861998,NaN,NaN,-0.127402880057055,0.247089022049403,NaN,NaN,-2.16363756282115,NaN,0.259951499634811,0.990056604595811
407.3472,-0.470475763939246,0.625173928675235,0.522502217943308,0.75285240408015,1.21829372413131,1.21829372413136,NaN,0.406670472190365,-0.0653674768387078,0.7186544549416,0.796088519721941,0.718654454939505,-0.607577735728174,0.0535731077662673,NaN,NaN,NaN,1.18913043816527,NaN,1.88687006906668,1.00426378918348,NaN,0.433442449084515,NaN,NaN,0.0124288960335595,NaN,NaN,0.0943554809288875,0.629768448139513,-1.15466244431097,-2.20129322008442,NaN,NaN,-0.906667916852474,-1.67229384243455,0.641794225846679,-0.147024767383288,-0.147024767381974,0.0629621854548729,0.0298341544947404,NaN,NaN,-0.142258516511758,0.264937224174827,NaN,NaN,-2.15205026337848,NaN,0.248692777403072,1.02244708879542
407.4496,-0.472435015892112,0.618010072879958,0.509775194596777,0.750303436939963,1.20307575887591,1.20307575887595,NaN,0.39734816474671,-0.0578062210805191,0.710171850593497,0.804934528169538,0.710171850591398,-0.58964226401885,0.0414778281118518,NaN,NaN,NaN,1.17972374453954,NaN,1.91230665290325,0.995926333466947,NaN,0.439016414786229,NaN,NaN,-0.0251968755537483,NaN,NaN,0.097123283448461,0.630928614140266,-1.15119925813714,-2.20934366139952,NaN,NaN,-0.934271032420702,-1.68321364536461,0.640173511725026,-0.155642530105071,-0.155642530103706,0.0774568207203614,0.00808608215691847,NaN,NaN,-0.156736861275003,0.282237215567417,NaN,NaN,-2.13907730256048,NaN,0.237143277479208,1.05370877456299
407.552,-0.47422128701104,0.610393375457175,0.496515836348232,0.747894080336766,1.18765441605449,1.18765441605451,NaN,0.387685998982917,-0.0504356675310792,0.701541939576461,0.813365572726027,0.701541939574364,-0.571644007077258,0.0293014666442022,NaN,NaN,NaN,1.16990428590399,NaN,1.93448532862182,0.987034532327666,NaN,0.444826517636243,NaN,NaN,-0.06181922313643,NaN,NaN,0.100011259805321,0.632520395831053,-1.14713037303384,-2.21652899247188,NaN,NaN,-0.960861872920302,-1.69355644148201,0.638721835933823,-0.16406349723609,-0.164063497234672,0.0905816864552605,-0.0119398802803527,NaN,NaN,-0.170797644963536,0.298979826130493,NaN,NaN,-2.12471291680933,NaN,0.225295150483093,1.0838427143232
407.6544,-0.475875632370109,0.602353660132698,0.482732004221338,0.7456285885277,1.1720540635617,1.1720540635617,NaN,0.377695084025503,-0.0433060834468767,0.692744159337119,0.82138601050452,0.692744159335018,-0.553625503301934,0.0170407472803905,NaN,NaN,NaN,1.15966566844585,NaN,1.95330001909609,0.977612335437002,NaN,0.450873434469592,NaN,NaN,-0.0974050847628519,NaN,NaN,0.103041994777616,0.634555550193559,-1.14245493802468,-2.22281633016238,NaN,NaN,-0.986424596485729,-1.70329364679335,0.637440271283329,-0.172281050179924,-0.172281050178457,0.10238460167683,-0.0302761713577929,NaN,NaN,-0.184401064342544,0.315155777852788,NaN,NaN,-2.10895456298229,NaN,0.213141567682137,1.11285274199438
407.7568,-0.477437535546842,0.593919544045083,0.468431159158253,0.74350960289426,1.15629658185422,1.15629658185421,NaN,0.367386891662836,-0.0364681364980375,0.683756318198211,0.829001200422984,0.683756318196103,-0.53562792064805,0.00469032313864624,NaN,NaN,NaN,1.14900059309752,NaN,1.96865411163151,0.967682862984153,NaN,0.457157861425093,NaN,NaN,-0.131925176876094,NaN,NaN,0.106237466737996,0.637044264700727,-1.13717322765933,-2.22817338914378,NaN,NaN,-1.0109444501085,-1.71239657363432,0.636328170079654,-0.180289796752559,-0.180289796751044,0.112919710556243,-0.0469620936536095,NaN,NaN,-0.197507870615671,0.330755601575665,NaN,NaN,-2.09180298818683,NaN,0.200676911222227,1.14074522658535
407.8592,-0.478944674439367,0.585118313852842,0.453620387709504,0.741538084440278,1.14040131106007,1.14040131106004,NaN,0.35677324642547,-0.0299728025040762,0.674554636455248,0.836217409479544,0.674554636453131,-0.517690891534331,-0.00775723863583445,NaN,NaN,NaN,1.13790088741518,NaN,1.98046092287447,0.957268232252881,NaN,0.463680586144764,NaN,NaN,-0.165354069001395,NaN,NaN,0.10961890400294,0.639995153642173,-1.13128663333029,-2.23256858655971,NaN,NaN,-1.03440766115036,-1.72083643382621,0.635383127643025,-0.188085541863041,-0.188085541861476,0.122247128418849,-0.062043536903254,NaN,NaN,-0.210079456505168,0.345769533310216,NaN,NaN,-2.07326227534737,NaN,0.187896998764615,1.16752880494275
407.9616,-0.480432699343655,0.575975811296903,0.438306430909217,0.739713256674189,1.12438501702789,1.12438501702785,NaN,0.345866319286446,-0.0238712649560868,0.66511380282308,0.843041712807628,0.665113802820957,-0.499852363581703,-0.0203114525987472,NaN,NaN,NaN,1.12635754194866,NaN,1.98864412150174,0.946389399831051,NaN,0.470442564247795,NaN,NaN,-0.197670231972494,NaN,NaN,0.113206651315064,0.643415239459612,-1.12479764381439,-2.23597114452336,NaN,NaN,-1.05680133155586,-1.72858434330132,0.634600956708232,-0.195665251981878,-0.195665251980269,0.130432560863466,-0.0755726718917311,NaN,NaN,-0.222077943704369,0.360187393280551,NaN,NaN,-2.05333986492647,NaN,0.17479933731814,1.19321410927426
408.064,-0.481935037230464,0.566516357662984,0.422495748480791,0.738032576856231,1.10826190449331,1.10826190449324,NaN,0.334678640770714,-0.018214792465035,0.655407086608227,0.849481899344461,0.655407086606097,-0.482148479787997,-0.0329838556999172,NaN,NaN,NaN,1.11436076299617,NaN,1.99313810867973,0.935066032503404,NaN,0.477445016407975,NaN,NaN,-0.228856031280284,NaN,NaN,0.1170200567033,0.647309933042169,-1.11770980946867,-2.23835118927065,NaN,NaN,-1.07811332165487,-1.73561133409889,0.633975690674087,-0.203026986925692,-0.203026986924038,0.13754688313086,-0.0876075896855271,NaN,NaN,-0.233466271698113,0.373998466813392,NaN,NaN,-2.03204656172852,NaN,0.161383372410205,1.21781351215125
408.1664,-0.483482730719331,0.556762735781088,0.406194639018284,0.736491746740252,1.09204369341788,1.09204369341778,NaN,0.323223142670103,-0.0130545898701104,0.645406524608656,0.855546391423505,0.645406524606514,-0.464613497853677,-0.0457878742234639,NaN,NaN,NaN,1.10190005107189,NaN,1.99388835663336,0.923316415508972,NaN,0.4846895515305,NaN,NaN,-0.258897647595326,NaN,NaN,0.121077380689195,0.651683028649747,-1.11002769173212,-2.23967984737167,NaN,NaN,-1.09833211352864,-1.74188837333313,0.633499625069002,-0.210169784369426,-0.210169784367727,0.14366567901854,-0.0982118833588692,NaN,NaN,-0.244208288282056,0.387191409781473,NaN,NaN,-2.00939653164393,NaN,0.147650697732182,1.24134089600111
408.2688,-0.485104309753733,0.54673621875988,0.389409401491499,0.735084756794974,1.07573974494325,1.07573974494312,NaN,0.311513221223278,-0.00844163814631594,0.63508315716119,0.86124417656675,0.63508315715904,-0.447279745199414,-0.0587386376023275,NaN,NaN,NaN,1.08896430358489,NaN,1.99085168854116,0.911157399460818,NaN,0.492178303984127,NaN,NaN,-0.287784936362874,NaN,NaN,0.125395720602395,0.65653671810851,-1.10175680700733,-2.23992934170296,NaN,NaN,-1.11744665726434,-1.74738638153964,0.633163389441769,-0.217093509137318,-0.217093509135578,0.148868754183225,-0.10745420137697,NaN,NaN,-0.254268838542065,0.399754187939042,NaN,NaN,-1.98540728469147,NaN,0.133605223199203,1.26381143545748
408.3712,-0.48682568517409,0.536456610544443,0.372146494712768,0.733803942533176,1.05935719898106,1.05935719898092,NaN,0.299562799398625,-0.00442654931674966,0.624407256642422,0.866584739795174,0.624407256640276,-0.430177594364978,-0.0718527895985282,NaN,NaN,NaN,1.07554192883768,NaN,1.98399648231046,0.898604379447776,NaN,0.499914061375804,NaN,NaN,-0.315511265804905,NaN,NaN,0.129990936954857,0.661871612501006,-1.09290357752762,-2.23907309061682,NaN,NaN,-1.13544621730894,-1.75207624371017,0.632956027715166,-0.223798702825511,-0.223798702823727,0.15323964515513,-0.115407817172236,NaN,NaN,-0.263613849696229,0.411674043130151,NaN,NaN,-1.96009963948861,NaN,0.119253314346957,1.28524137344367
408.4736,-0.488670049007028,0.525942263972269,0.35441265631249,0.732640031475104,1.0429010891646,1.04290108916443,NaN,0.287386365501685,-0.00105945340677814,0.613348500956067,0.871577984210165,0.613348500953927,-0.413335443462254,-0.0851483396209759,NaN,NaN,NaN,1.06162095847591,NaN,1.97330280344075,0.885671298166154,NaN,0.507900364184215,NaN,NaN,-0.342073370131841,NaN,NaN,0.134877568872891,0.667686752168956,-1.08347529789238,-2.23708581073212,NaN,NaN,-1.1523202372318,-1.75592881120299,0.632865065266015,-0.230286469693469,-0.230286469691645,0.156865139689103,-0.122150247437411,NaN,NaN,-0.272210411816749,0.42293747528698,NaN,NaN,-1.93349766828605,NaN,0.104603897117116,1.30564776896681
408.576,-0.490657771016932,0.515210061489044,0.336214968168352,0.731582171427284,1.02637442354651,1.02637442354632,NaN,0.274998978513615,0.00161008434650409,0.601876078565837,0.876234135016722,0.601876078563717,-0.396779695036922,-0.0986445659770184,NaN,NaN,NaN,1.0471891547373,NaN,1.95876249160223,0.872370667445958,NaN,0.51614157149173,NaN,NaN,-0.367471231836349,NaN,NaN,0.140068732820902,0.673979591024093,-1.07348011871949,-2.23394362120878,NaN,NaN,-1.16805823186585,-1.75891489783408,0.632876552796765,-0.236558414748859,-0.236558414746991,0.15983481250813,-0.127762924401664,NaN,NaN,-0.280026844339016,0.4335302385919,NaN,NaN,-1.90562862607084,NaN,0.089668518431078,1.32504820378246
408.6784,-0.492806293954292,0.504275365819243,0.317560877186725,0.730617943544706,1.00977823958646,1.00977823958625,NaN,0.262416244802734,0.00353313054193468,0.589958742652899,0.880563629859236,0.589958742650805,-0.380534735820804,-0.112361956711811,NaN,NaN,NaN,1.03223411501555,NaN,1.94037922790347,0.858713602237298,NaN,0.524642897033327,NaN,NaN,-0.391707988254327,NaN,NaN,0.145576010314049,0.680745950852741,-1.06292704403665,-2.22962414813842,NaN,NaN,-1.18264970630499,-1.76100527896301,0.632975090330589,-0.242616626608037,-0.242616626606128,0.162240570274811,-0.132330901684873,NaN,NaN,-0.287032736890042,0.443437356019648,NaN,NaN,-1.87652287106516,NaN,0.074461378971556,1.34346046094472
408.7808,-0.495130040569322,0.493151962855835,0.298458193424306,0.729733372175181,0.993111653449113,0.993111653448883,NaN,0.249654278194055,0.00466145178310541,0.577564850105356,0.884577003352836,0.577564850103286,-0.364622926173191,-0.126322159686807,NaN,NaN,NaN,1.01674337692604,NaN,1.9181685971394,0.844709861642007,NaN,0.533410425714378,NaN,NaN,-0.414789846447607,NaN,NaN,0.151409336590286,0.687979949165956,-1.05182593556875,-2.22410662860759,NaN,NaN,-1.19608409561551,-1.76217070466748,0.633143844516726,-0.248463682075762,-0.248463682073808,0.164176195954293,-0.135942561591837,NaN,NaN,-0.293198980443602,0.452643149577066,NaN,NaN,-1.84621378287224,NaN,0.0589993657427434,1.36090220740052
408.8832,-0.497640347988466,0.4818520243891,0.278915093390888,0.728912948224869,0.976371928997957,0.976371928997716,NaN,0.236729657410076,0.00494759768414364,0.564662427130163,0.888284776985496,0.564662427128126,-0.349064611254618,-0.140547908044161,NaN,NaN,NaN,1.00070452628111,NaN,1.8921581353069,0.830367900534789,NaN,0.542451123206694,NaN,NaN,-0.436725982024715,NaN,NaN,0.157576898075257,0.695673910319619,-1.04018751333281,-2.21737201313817,NaN,NaN,-1.20835071723681,-1.76238193586886,0.633364578132159,-0.254102643340281,-0.254102643338286,0.16573688609233,-0.138689297590459,NaN,NaN,-0.298497819796146,0.461131282938885,NaN,NaN,-1.81473767737421,NaN,0.0433020914522379,1.37739071003812
408.9856,-0.500345442445656,0.470386115087575,0.258940153869974,0.728139682842618,0.959554590791269,0.959554590791018,NaN,0.223659395874166,0.00434500972447602,0.551219296980001,0.891697366631206,0.55121929697799,-0.333878165852426,-0.155062891479823,NaN,NaN,NaN,0.984105307552072,NaN,1.86238733467006,0.815694944376675,NaN,0.551772850235292,NaN,NaN,-0.45752839609394,NaN,NaN,0.164085039185975,0.703818276784915,-1.0280233434515,-2.2094030649379,NaN,NaN,-1.21943872887806,-1.76160980901412,0.633617709822322,-0.25953702153141,-0.259537021529375,0.167018778848981,-0.140665159508203,NaN,NaN,-0.302902934902594,0.468884824936391,NaN,NaN,-1.78213371377914,NaN,0.0273919294529916,1.39294260047804
409.088,-0.503250460095376,0.458763255506162,0.23854242897246,0.727395200043223,0.942653593607826,0.942653593607574,NaN,0.210460935355596,0.00280816278758189,0.537203284345736,0.894825015461426,0.537203284343752,-0.319080079685017,-0.169891561792815,NaN,NaN,NaN,0.966933732816397,NaN,1.82890759188472,0.800697096300584,NaN,0.561384387656719,NaN,NaN,-0.477211718470423,NaN,NaN,0.170938177358117,0.712401541463748,-1.01534581490167,-2.20018445709543,NaN,NaN,-1.22933708716021,-1.7598253319566,0.633882411971122,-0.264770693618217,-0.264770693616143,0.168118471060065,-0.141966459007465,NaN,NaN,-0.306389537934048,0.475886342160091,NaN,NaN,-1.74844379492209,NaN,0.0112940318350599,1.40757368979055
409.1904,-0.506357506764406,0.446991031015413,0.217731561553214,0.726659860957692,0.925661538566858,0.925661538566606,NaN,0.197152161225956,0.000292734683301586,0.522582479440134,0.897677749939678,0.522582479438176,-0.304685079494229,-0.185058888929335,NaN,NaN,NaN,0.949178184868425,NaN,1.79178211940352,0.785379472919867,NaN,0.571295466060544,NaN,NaN,-0.495792972431422,NaN,NaN,0.178138726261019,0.721410213556963,-1.0021681181647,-2.18970287303035,NaN,NaN,-1.23803450716378,-1.75699981126889,0.634136739088846,-0.269807780951461,-0.26980778094935,0.169132522744495,-0.142691339381542,NaN,NaN,-0.308934476681262,0.482118014454255,NaN,NaN,-1.71371246775137,NaN,-0.00496369248197412,1.42129882316803
409.2928,-0.509665740217001,0.435075717612703,0.196517899743169,0.72591290006706,0.908569906505426,0.908569906505178,NaN,0.18375142239791,-0.00324421361843909,0.50732552012627,0.900265348804507,0.50732552012434,-0.290706274153316,-0.200590104542659,NaN,NaN,NaN,0.930827510082027,NaN,1.75108584855241,0.769746354560764,NaN,0.581516781386652,NaN,NaN,-0.513291335821056,NaN,NaN,0.185687024335708,0.730828814289933,-0.9885042388606,-2.17794711685175,NaN,NaN,-1.2455194299087,-1.75310500991662,0.63435776917164,-0.27465251399813,-0.274652513995984,0.170156952147884,-0.142939320240364,NaN,NaN,-0.31051633751259,0.487561760840141,NaN,NaN,-1.67798682620624,NaN,-0.0213506745869911,1.43413175857579
409.3952,-0.513171461966847,0.42302239551056,0.174912586078317,0.725132555818717,0.891369279054977,0.891369279054732,NaN,0.170277537834637,-0.00784406466630668,0.491401851131869,0.902597316290041,0.491401851129957,-0.277155306684975,-0.21651046793078,NaN,NaN,NaN,0.911871094472157,NaN,1.7069053238172,0.753801334113517,NaN,0.592059979050478,NaN,NaN,-0.529727927473521,NaN,NaN,0.193581263614691,0.740639890411569,-0.974368970493896,-2.16490823740407,NaN,NaN,-1.25178000873472,-1.74811333276402,0.634521742595977,-0.27930910656892,-0.279309106566743,0.171286731129724,-0.142810829926835,NaN,NaN,-0.311115539058964,0.492199369104734,NaN,NaN,-1.64131640865192,NaN,-0.0378338597037682,1.44608505566353
409.4976,-0.516868215577661,0.410835039044855,0.15292760454822,0.724296190154314,0.874049535046733,0.874049535046485,NaN,0.15674978159108,-0.0135464845186316,0.474781943869795,0.904682857988636,0.474781943867902,-0.264042502052691,-0.232845066417127,NaN,NaN,NaN,0.892298919341589,NaN,1.65933856762495,0.737547457952582,NaN,0.602937602401478,NaN,NaN,-0.545125626372699,NaN,NaN,0.201817418680634,0.750824035809893,-0.95977794225387,-2.15057966543967,NaN,NaN,-1.25680412288002,-1.74199803593638,0.634604193187305,-0.283781647020942,-0.283781647018734,0.172615292435661,-0.142406732107775,NaN,NaN,-0.310714417593444,0.496012631368425,NaN,NaN,-1.60375307962428,NaN,-0.0543779075440865,1.45716997174196
409.6,-0.520746895233353,0.398516591684591,0.130575795496306,0.723380403123123,0.856600029748234,0.856600029747977,NaN,0.143187849285874,-0.020389271002989,0.4574374890045,0.906530864250628,0.457437489002625,-0.251377007017459,-0.249618636207811,NaN,NaN,NaN,0.872101602416584,NaN,1.60849489978461,0.720987362548537,NaN,0.614163013396888,NaN,NaN,-0.559508912434304,NaN,NaN,0.21038918200431,0.761359917130173,-0.944747653632905,-2.13495735986184,NaN,NaN,-1.26057941938248,-1.73473345613612,0.634580077013877,-0.288073996050622,-0.288073996048388,0.174234052881652,-0.141827841636799,NaN,NaN,-0.309297314422493,0.498983494929991,NaN,NaN,-1.56535089164006,NaN,-0.070945362830502,1.46739637369902
409.7024,-0.524795870522619,0.386069046219652,0.107870863553559,0.722361155481576,0.839009777040025,0.839009777039755,NaN,0.129611816787043,-0.0284081995317892,0.439341589546582,0.908149909306192,0.439341589544725,-0.239166925718496,-0.266855374827381,NaN,NaN,NaN,0.851270436982234,NaN,1.55449469827784,0.704123410651212,NaN,0.625750298483414,NaN,NaN,-0.57290370723962,NaN,NaN,0.219287913882477,0.772224305605918,-0.929295505355116,-2.11803995727076,NaN,NaN,-1.26309337760031,-1.72629525669076,0.6344239119327,-0.292189670752751,-0.292189670750499,0.176231944472912,-0.141174416806038,NaN,NaN,-0.306850666121216,0.501094238285296,NaN,NaN,-1.52616592690123,NaN,-0.0874967868466395,1.47677267522097
409.8048,-0.529001131487742,0.373493548716154,0.0848274032561816,0.721213912089107,0.821267655247246,0.821267655246969,NaN,0.116042104677063,-0.037636855945906,0.420468978704439,0.909548273598675,0.420468978702604,-0.22741945890764,-0.284578718589344,NaN,NaN,NaN,0.829797440400255,NaN,1.49746908360018,0.686957825369225,NaN,0.637714173390217,NaN,NaN,-0.585337192073375,NaN,NaN,0.228502614057633,0.783392124804664,-0.913439818327584,-2.09982892092066,NaN,NaN,-1.26433338814781,-1.71666068746511,0.634109940821885,-0.296131698261859,-0.296131698259593,0.178694939517743,-0.140545617287985,NaN,NaN,-0.303363084352894,0.502327677559084,NaN,NaN,-1.48625611846891,NaN,-0.103990888123437,1.48530579550382
409.9072,-0.533346454434265,0.36079053116131,0.0614609494016367,0.719913809861107,0.803362642134501,0.803362642134211,NaN,0.102499456991944,-0.0481064531289694,0.400796265210653,0.910733991431458,0.400796265208851,-0.216141050865812,-0.302811080766125,NaN,NaN,NaN,0.807675415341975,NaN,1.43755951142102,0.669492819003444,NaN,0.65006989391906,NaN,NaN,-0.596837596013091,NaN,NaN,0.238019916736864,0.794836527208299,-0.897199842285535,-2.08032869115133,NaN,NaN,-1.26428684186403,-1.7058088564752,0.633612321316328,-0.299902439981476,-0.299902439979197,0.18170555997091,-0.140038929621756,NaN,NaN,-0.298825414094342,0.502667398329324,NaN,NaN,-1.44568105222069,NaN,-0.120384695080759,1.49300112947723
410.0096,-0.537813587107204,0.34795985918947,0.0377880326580782,0.718435840485883,0.78528406086638,0.785284060866081,NaN,0.0890049312349875,-0.059845641774479,0.380302181373877,0.91171491818442,0.380302181372101,-0.205337537480472,-0.321573577461415,NaN,NaN,NaN,0.784898014924836,NaN,1.37491726303821,0.651730716494022,NaN,0.6628331654327,NaN,NaN,-0.607433973257106,NaN,NaN,0.247824101678749,0.80652900550396,-0.880595765265702,-2.05954684493506,NaN,NaN,-1.26294123276664,-1.69372101197199,0.63290533128673,-0.303503408040383,-0.303503408038096,0.185342372231617,-0.139749577511749,NaN,NaN,-0.293230772905342,0.502097993753575,NaN,NaN,-1.40450175231936,NaN,-0.136633770871726,1.49986253215453
410.112,-0.542382451952722,0.335000972050238,0.0138262067540835,0.716755031310596,0.767021806337044,0.767021806336738,NaN,0.0755798867158108,-0.0728803348607466,0.358967796742069,0.912498807180957,0.358967796740325,-0.195014282697513,-0.340885782641991,NaN,NaN,NaN,0.761459796491513,NaN,1.30970282560739,0.633674073003944,NaN,0.676020034311147,NaN,NaN,-0.617156003396541,NaN,NaN,0.257897110355575,0.818439532380925,-0.863648734130514,-2.03749427202627,NaN,NaN,-1.26028428591914,-1.68038083402587,0.631963573494599,-0.306935102268575,-0.30693510226628,0.189679481078422,-0.139769941958606,NaN,NaN,-0.286574585557142,0.500605285053543,NaN,NaN,-1.36278044974011,NaN,-0.152692427760278,1.50589233312904
410.2144,-0.547031367237912,0.321912999350787,-0.0104059761437227,0.714846612957488,0.748566530061416,0.748566530061107,NaN,0.0622459572857737,-0.0872335604067044,0.336776672752198,0.913093389303937,0.336776672750482,-0.185176294708114,-0.360765539297327,NaN,NaN,NaN,0.737356254030858,NaN,1.24208516210615,0.615325779611914,NaN,0.689646749257376,NaN,NaN,-0.626033837883832,NaN,NaN,0.268218562400225,0.830536717383964,-0.846380888757225,-2.01418536944037,NaN,NaN,-1.25630412109971,-1.6657747339913,0.630762167826126,-0.310196884540302,-0.310196884537994,0.194786041956391,-0.140189010329973,NaN,NaN,-0.278854630309469,0.498176511154277,NaN,NaN,-1.32058033286392,NaN,-0.16851390140366,1.51109139536523
410.3168,-0.551737286726827,0.308694854470265,-0.0348890426609983,0.71268617305636,0.729909781518319,0.729909781518011,NaN,0.0490250010614447,-0.102925345166679,0.313714958834528,0.91350645511579,0.313714958832837,-0.175828321718915,-0.381228826223546,NaN,NaN,NaN,0.712583829832759,NaN,1.17224087902238,0.596689150189805,NaN,0.7037295921246,NaN,NaN,-0.634097992441201,NaN,NaN,0.278765776141329,0.842787973056194,-0.828815405346409,-1.98963824870661,NaN,NaN,-1.25098945559099,-1.64989215914464,0.629276929927061,-0.313286888799644,-0.313286888797324,0.200725804972138,-0.141091859013232,NaN,NaN,-0.270071104110064,0.494800490903924,NaN,NaN,-1.27796528357779,NaN,-0.184050478842291,1.51545922118542
410.4192,-0.55647605874199,0.29534531656179,-0.0596027106337984,0.710249804463714,0.711044121006164,0.711044121005852,NaN,0.0359390294488675,-0.119972623333912,0.289771450861842,0.913745944865043,0.289771450860168,-0.166974933742198,-0.402289658655102,NaN,NaN,NaN,0.687139914503646,NaN,1.10035329869167,0.577767990950049,NaN,0.718284688007464,NaN,NaN,-0.641379265318181,NaN,NaN,0.289513801892761,0.855159689131949,-0.810976539435883,-1.96387494597064,NaN,NaN,-1.2443298391279,-1.63272589924723,0.627484544860792,-0.316201950935501,-0.316201950933172,0.207556691930293,-0.142559161490723,NaN,NaN,-0.260226704011496,0.490467769551404,NaN,NaN,-1.23499960368306,NaN,-0.19925360741256,1.51899409911516
410.5216,-0.561222702846102,0.281863116691765,-0.0845260113700613,0.707514259726196,0.691963226870305,0.691963226869998,NaN,0.0230101273056086,-0.138389159237258,0.264937639192979,0.913820054607664,0.264937639191328,-0.158620600454853,-0.423959994173009,NaN,NaN,NaN,0.661022848014238,NaN,1.02661144568371,0.558566662156739,NaN,0.733327809986111,NaN,NaN,-0.647908653688491,NaN,NaN,0.300435477627562,0.867617420518912,-0.79288966021904,-1.93692162644037,NaN,NaN,-1.23631590734912,-1.61427239211294,0.625362747541702,-0.318937539609189,-0.318937539606853,0.215330397882191,-0.144666707533373,NaN,NaN,-0.24932671852776,0.485170756698558,NaN,NaN,-1.19174773380208,NaN,-0.214074043070583,1.52169327818239
410.624,-0.56595169594879,0.268247035384268,-0.109637403151279,0.704457117872135,0.672662012246815,0.672662012246512,NaN,0.0102603768891076,-0.158185473997972,0.239207760623191,0.913737364260619,0.239207760621571,-0.150769772302445,-0.44624962840164,NaN,NaN,NaN,0.634231932241714,NaN,0.95120897193251,0.53909014156834,NaN,0.748874190942896,NaN,NaN,-0.653717251230302,NaN,NaN,0.311501510982445,0.880126098113503,-0.77458127584918,-1.9088087800008,NaN,NaN,-1.22693964225648,-1.59453202455822,0.622890513988377,-0.321487681532741,-0.3214876815304,0.224092009586293,-0.147484924863554,NaN,NaN,-0.237379118253864,0.47890385615,NaN,NaN,-1.14827396496794,NaN,-0.228462102940848,1.523553148122
410.7264,-0.570637255378562,0.254496003171522,-0.134914877364867,0.701056956926315,0.653136745131403,0.653136745131101,NaN,-0.00228821359587418,-0.179368776016419,0.212578843721653,0.913506984132252,0.212578843720053,-0.143426960087235,-0.469166091456532,NaN,NaN,NaN,0.606767461196372,NaN,0.874343058505795,0.519344096968089,NaN,0.764938340999705,NaN,NaN,-0.65883613444814,NaN,NaN,0.3226805790056,0.892650261351252,-0.756079054639797,-1.8795714079401,NaN,NaN,-1.21619463897088,-1.57350942117176,0.620048254038201,-0.323844896708584,-0.323844896706242,0.233879646927118,-0.151078413680838,NaN,NaN,-0.224394632779803,0.471663585213014,NaN,NaN,-1.10464214314077,NaN,-0.242368037797493,1.52456940445901
410.8288,-0.575253609111657,0.240609189005841,-0.160336071381405,0.69729351798734,0.633385151234389,0.633385151234091,NaN,-0.0146137877534611,-0.201942902290574,0.185050725328155,0.913138706819128,0.185050725326584,-0.1365967971651,-0.492714569332789,NaN,NaN,NaN,0.578630773938162,NaN,0.796213333977327,0.499334974486947,NaN,0.781533855818296,NaN,NaN,-0.663296260303302,NaN,NaN,0.333939427182856,0.905154291888148,-0.737411842269122,-1.84924919837199,NaN,NaN,-1.20407638675994,-1.55121370865182,0.616817989799568,-0.326000170235027,-0.326000170232687,0.244724146472934,-0.155505519145635,NaN,NaN,-0.210386811099891,0.463448678278817,NaN,NaN,-1.06091536965866,NaN,-0.255742476536399,1.52473719083536
410.9312,-0.579775248348118,0.226586070734166,-0.185878392614719,0.693147853042266,0.613406488244523,0.613406488244231,NaN,-0.0266947342581383,-0.225908271150825,0.156626030848128,0.912643151701641,0.156626030846582,-0.130284072188889,-0.516897859764443,NaN,NaN,NaN,0.549824334187198,NaN,0.7170208478388,0.479070099180999,NaN,0.798673202271414,NaN,NaN,-0.667128390401838,NaN,NaN,0.345242952408338,0.917602621054534,-0.718609670784374,-1.81788668549201,NaN,NaN,-1.19058256797588,-1.52765874645487,0.613183511342407,-0.327942974471271,-0.32794297446893,0.256648803540004,-0.160817959510691,NaN,NaN,-0.19537207420911,0.454260169700452,NaN,NaN,-1.01715570449777,NaN,-0.26853688187572,1.52405122291328
411.0336,-0.58417716186204,0.212426495805867,-0.211519140772439,0.688602461734263,0.593201600549621,0.593201600549333,NaN,-0.0385097935939793,-0.251261836106372,0.127310137464167,0.912031898080527,0.127310137462648,-0.124493736199461,-0.541716348778961,NaN,NaN,NaN,0.520351834499643,NaN,0.636967132120494,0.458557764317584,NaN,0.816367481069627,NaN,NaN,-0.670363042466242,NaN,NaN,0.356554271774475,0.929959897329131,-0.699703760527133,-1.78553339075507,NaN,NaN,-1.17571336448109,-1.50286332764405,0.609130514774548,-0.329661332115316,-0.329661332112978,0.269669171498463,-0.167060509624877,NaN,NaN,-0.17936976852865,0.444101458645327,NaN,NaN,-0.973423881598821,NaN,-0.280703987239972,1.52250590473484
411.136,-0.588435057225961,0.198130749403615,-0.237235606745329,0.683641429974585,0.572772975705294,0.572772975705006,NaN,-0.0500381657140809,-0.277997027420925,0.0971111580965494,0.911317606935204,0.0971111580950569,-0.119230900056899,-0.567167982533311,NaN,NaN,NaN,0.490218317071729,NaN,0.556253365050091,0.437807282825402,NaN,0.834626179558743,NaN,NaN,-0.673030458209756,NaN,NaN,0.367834797721132,0.942191115873821,-0.680726519734751,-1.75224394575141,NaN,NaN,-1.15947174865912,-1.47685136263744,0.604646736007735,-0.3311418961801,-0.331141896177765,0.283792901023224,-0.174270731473941,NaN,NaN,-0.162402223818144,0.432978367524534,NaN,NaN,-0.929779047897072,NaN,-0.292198218019622,1.52009545503868
411.2384,-0.592525578403956,0.183699651694486,-0.263005123735545,0.678250582519613,0.55212482616368,0.552124826163396,NaN,-0.0612596003608,-0.306103670941185,0.0660399869160877,0.910514127739919,0.0660399869146208,-0.114500840099698,-0.593248207180197,NaN,NaN,NaN,0.459430303749913,NaN,0.475079622425125,0.416828996241628,NaN,0.853456935875283,NaN,NaN,-0.675160563882203,NaN,NaN,0.379044344059725,0.954261718718287,-0.66171153908672,-1.7180781892833,NaN,NaN,-1.14186373313998,-1.4496520505197,0.599722091894678,-0.332370020853165,-0.33237002085084,0.299019599938247,-0.182478743785772,NaN,NaN,-0.144494815335658,0.420899206393885,NaN,NaN,-0.886278539229719,NaN,-0.302976120182736,1.51681406076339
411.3408,-0.596426525927259,0.169134700943595,-0.288805050776085,0.67241765330338,0.531263212315452,0.531263212315175,NaN,-0.0721544548618748,-0.335567879545917,0.0341104284227324,0.909636586797509,0.0341104284212973,-0.110309023458737,-0.619949857837685,NaN,NaN,NaN,0.427995930933972,NaN,0.393644191009777,0.395634256063254,NaN,0.872865331901637,NaN,NaN,-0.676782896848472,NaN,NaN,0.390141274314415,0.96613767724171,-0.642693570396873,-1.68310122260663,NaN,NaN,-1.12289856455526,-1.42130002789109,0.594348831400138,-0.333329808823033,-0.333329808820713,0.315340705376688,-0.191707024964586,NaN,NaN,-0.125676026267938,0.407874845860835,NaN,NaN,-0.842977699961658,NaN,-0.312996813474229,1.51265606312997
411.4432,-0.600117078302507,0.15443825889219,-0.314612692893638,0.666132463973623,0.51019619992161,0.510196199921336,NaN,-0.0827037186801852,-0.366371925189299,0.00133939156919332,0.908701457995337,0.00133939156779479,-0.106661150376772,-0.647263004770118,NaN,NaN,NaN,0.395925086933996,NaN,0.312142930671552,0.374235396332357,NaN,0.892854714027042,NaN,NaN,-0.677926493486793,NaN,NaN,0.401082682915975,0.977785565727264,-0.623708480846815,-1.64738340886057,NaN,NaN,-1.10258886996015,-1.39183547951079,0.588521687144524,-0.334004146472167,-0.334004146469849,0.332739378865873,-0.201970255594742,NaN,NaN,-0.10597750492434,0.393918783971078,NaN,NaN,-0.799929741329819,NaN,-0.322222457893663,1.5076161702298
411.5456,-0.603578009739534,0.139613751711795,-0.340405194130903,0.659387092194717,0.48893401770628,0.488934017706012,NaN,-0.0928890202266469,-0.398494112381948,-0.0322529059341145,0.907726616823175,-0.0322529059354759,-0.103563195715324,-0.675174796235254,NaN,NaN,NaN,0.363229547863934,NaN,0.230768684897683,0.352645712307162,NaN,0.913426021277698,NaN,NaN,-0.678619764999951,NaN,NaN,0.41182458403174,0.98917262094531,-0.604793183939587,-1.61100031340464,NaN,NaN,-1.08095078496066,-1.36130419934874,0.582238009183884,-0.334374762335074,-0.334374762332764,0.351190450866233,-0.21327522549081,NaN,NaN,-0.0854341123186921,0.379047179033803,NaN,NaN,-0.757185629929376,NaN,-0.330618704138017,1.50168969055796
411.648,-0.60679189701651,0.124665851985381,-0.36615944955771,0.652176012720432,0.467489173417581,0.46748917341732,NaN,-0.102692637315144,-0.431908673329165,-0.0666427777306537,0.906731374949521,-0.0666427777319771,-0.101021426084907,-0.703669343625425,NaN,NaN,NaN,0.329923104813107,NaN,0.149710739186211,0.330879451124557,NaN,0.934577598270938,NaN,NaN,-0.678890399800827,NaN,NaN,0.422322082864636,1.00026677270359,-0.58598555614272,-1.57403259095969,NaN,NaN,-1.05800409350277,-1.32975759803941,0.575497863587015,-0.334422345994669,-0.334422345992371,0.37066043984319,-0.225620833160982,NaN,NaN,-0.0640839558514315,0.363278826763554,NaN,NaN,-0.714794000340862,NaN,-0.33815510382411,1.49487278644265
411.7504,-0.609743305041037,0.109600616413237,-0.391852065303179,0.644496201915691,0.445876503491742,0.445876503491483,NaN,-0.11209752783292,-0.466585693816788,-0.101802976442263,0.90573649304628,-0.101802976443551,-0.0990423752353425,-0.732727672228529,NaN,NaN,NaN,0.296021678230455,NaN,0.06915432034748,0.30895180884316,NaN,0.956304985629169,NaN,NaN,-0.678765317060894,NaN,NaN,0.432529518413258,1.01103663660743,-0.567324346153125,-1.53656582823092,NaN,NaN,-1.03377239162864,-1.29725265740907,0.568304086826093,-0.334126743913076,-0.334126743910786,0.391107653902648,-0.238998187855289,NaN,NaN,-0.041968403334009,0.346635084786567,NaN,NaN,-0.672801080548135,NaN,-0.344805466697734,1.48716274091614
411.8528,-0.612418944243733,0.0944255741975103,-0.417459368014994,0.636347207318955,0.424113158692806,0.424113158692549,NaN,-0.121087384967953,-0.502491069182886,-0.137702660955649,0.904764174091651,-0.137702660956903,-0.0976327768464991,-0.76232773001334,NaN,NaN,NaN,0.261543424251099,NaN,-0.0107198743959705,0.286878916321411,NaN,0.978600700716252,NaN,NaN,-0.678270668051172,NaN,NaN,0.442400584182933,1.02145147174329,-0.548849074272544,-1.4986903460463,NaN,NaN,-1.00828326694931,-1.26385183388596,0.560662299510823,-0.333467219854966,-0.333467219852685,0.412482366332652,-0.253390804393928,NaN,NaN,-0.0191320716805075,0.329139764856197,NaN,NaN,-0.631250614077576,NaN,-0.350548164880578,1.47855822130807
411.9552,-0.614807801699733,0.0791497826103545,-0.442957440300516,0.627731193871764,0.402218551598266,0.402218551598007,NaN,-0.12964670573755,-0.539586484837393,-0.174307400355143,0.903838041173823,-0.174307400356357,-0.096799473628915,-0.792444424987788,NaN,NaN,NaN,0.226508841419941,NaN,-0.0897361250664376,0.264677787788318,NaN,1.00145403505901,NaN,NaN,-0.677431857742577,NaN,NaN,0.451888443009365,1.03148110925885,-0.53059991123439,-1.46050095399845,NaN,NaN,-0.981568474779792,-1.22962291364885,0.552580893047577,-0.332422746902556,-0.332422746900288,0.434727048236612,-0.268774868267905,NaN,NaN,0.0043772123101771,0.31081901023936,NaN,NaN,-0.590183773879192,NaN,-0.3553663950429,1.46905952108403
412.0576,-0.616901250415532,0.0637838758981668,-0.46832214631529,0.618652978695103,0.380214300852469,0.380214300852212,NaN,-0.137760853817311,-0.577829415231876,-0.211579184809314,0.902983100844475,-0.211579184810493,-0.0965493288877727,-0.823049656720878,NaN,NaN,NaN,0.190940885630407,NaN,-0.16772411019504,0.242366215538847,NaN,1.0248508944377,NaN,NaN,-0.67627355142081,NaN,NaN,0.460945851888352,1.04109585593932,-0.512617521923658,-1.42209664242948,NaN,NaN,-0.953664090101282,-1.1946388233004,0.544071002718037,-0.330972295474772,-0.330972295472516,0.457776640430481,-0.285119541680641,NaN,NaN,0.0285084769893232,0.291701166805074,NaN,NaN,-0.549639078299217,NaN,-0.359248407612282,1.45866876973805
412.16,-0.618693139220166,0.0483401304855431,-0.493529114697416,0.609120057969073,0.358124201190329,0.358124201190072,NaN,-0.145416103540685,-0.617173137128124,-0.24947640911743,0.902225693804573,-0.249476409118571,-0.0968891573013358,-0.85411231439706,NaN,NaN,NaN,0.154865103424383,NaN,-0.244519297804369,0.219962622734333,NaN,1.0487736986508,NaN,NaN,-0.674819635681889,NaN,NaN,0.469525313034276,1.05026637965404,-0.494942859784379,-1.38358020065683,NaN,NaN,-0.924610614562621,-1.15897739572961,0.53514647275698,-0.329095090264613,-0.329095090262368,0.481558850900575,-0.302387281077446,NaN,NaN,0.0532076894958918,0.271816654727625,NaN,NaN,-0.509652322556125,NaN,-0.36218770354102,1.44739011256327
412.2624,-0.620179869623674,0.0328325603326748,-0.518553663544167,0.59914262341438,0.335974231911909,0.33597423191165,NaN,-0.152599662411055,-0.657566757600801,-0.287953804731883,0.901593440150866,-0.287953804732983,-0.0978256772408119,-0.885598227903718,NaN,NaN,NaN,0.118309794985914,NaN,-0.319963311592456,0.197485907053871,NaN,1.07320134663235,NaN,NaN,-0.673093114579406,NaN,NaN,0.477579266588151,1.05896358845168,-0.477616903749542,-1.34505775992005,NaN,NaN,-0.894453023201871,-1.12272108313934,0.52582381263894,-0.326770821822077,-0.326770821819844,0.505994474281899,-0.320534149691572,NaN,NaN,0.0784178460137873,0.251197849675612,NaN,NaN,-0.470256532601528,NaN,-0.364183192338485,1.43522987131598
412.3648,-0.621360472490135,0.0172770407509102,-0.543370681797328,0.588733564769934,0.313792591567583,0.313792591567324,NaN,-0.15929967572855,-0.698955266197129,-0.326962330962716,0.901115183504186,-0.32696233096378,-0.099365475034191,-0.917470083184993,NaN,NaN,NaN,0.0813062085988835,NaN,-0.393904281567619,0.174955301439812,NaN,1.09810923665644,NaN,NaN,-0.671115945072477,NaN,NaN,0.48506032405766,1.06715851047015,-0.4606803400154,-1.30663826226148,NaN,NaN,-0.863240753621609,-1.08595660793262,0.516122141603527,-0.32397982000582,-0.323979820003599,0.530997745427755,-0.339510136652713,NaN,NaN,0.104079058599818,0.229878977507438,NaN,NaN,-0.431481940270472,NaN,-0.365239300650976,1.42219669794257
412.4672,-0.62223669342538,0.00169144112355081,-0.567954505031517,0.577908454804789,0.291609725926262,0.291609725925996,NaN,-0.165505219660363,-0.741279627039193,-0.36644906962865,0.900820925935238,-0.366449069629677,-0.101514965904571,-0.949687335939957,NaN,NaN,NaN,0.0438887513814073,NaN,-0.466197183263964,0.152390254997864,NaN,1.12346932018317,NaN,NaN,-0.66890884166888,NaN,NaN,0.491921521660079,1.07482217024362,-0.444173202357449,-1.26843285606322,NaN,NaN,-0.831027657129378,-1.04877454973353,0.506063118131896,-0.320703215681239,-0.320703215679037,0.556476746496797,-0.359259514421684,NaN,NaN,0.130128642702747,0.207896014008021,NaN,NaN,-0.393355971857209,NaN,-0.365366026508378,1.40830172670929
412.5696,-0.622813082856798,-0.0139042599003701,-0.592278822287411,0.566685514594668,0.269458316765099,0.269458316764827,NaN,-0.171206289425077,-0.784476924264086,-0.406357169628955,0.900741738594857,-0.406357169629945,-0.104280341089176,-0.982206159377311,NaN,NaN,NaN,0.00609519328309335,NaN,-0.536704169093911,0.129810320586443,NaN,1.14925017577902,NaN,NaN,-0.666491085511455,NaN,NaN,0.498116572732082,1.08192545217606,-0.428134490377805,-1.23055422302702,NaN,NaN,-0.797871928211637,-1.0112688738079,0.495670852700147,-0.31692311445054,-0.316923114448355,0.582333875444201,-0.379721255715733,NaN,NaN,0.156501225943514,0.185286570635096,NaN,NaN,-0.355903238684545,NaN,-0.364578948532554,1.39355872067724
412.672,-0.623097077496904,-0.0294878954858979,-0.616316630350583,0.555085557667818,0.247373217780854,0.24737321778057,NaN,-0.176393785518418,-0.828480568134496,-0.446625867580991,0.90090963790847,-0.446625867581947,-0.107667502593128,-1.01497944559913,NaN,NaN,NaN,-0.0320331500137135,NaN,-0.605294898621531,0.107235032613531,NaN,1.17541710775656,NaN,NaN,-0.663880356577007,NaN,NaN,0.503600112893087,1.08843894834735,-0.4126017781855,-1.19311584224617,NaN,NaN,-0.763836013004854,-0.973536407685948,0.484971804245014,-0.312622786373692,-0.31262278637153,0.608466370015295,-0.400829505662789,NaN,NaN,0.18312890308828,0.162089746817421,NaN,NaN,-0.319145520861093,NaN,-0.362899201806384,1.37798420075028
412.7744,-0.623099056364521,-0.0450350736581849,-0.640040228733811,0.543131908930425,0.225391344969971,0.225391344969673,NaN,-0.181059495031848,-0.873220560320325,-0.48719058550004,0.901357429897397,-0.487190585500957,-0.111681996197534,-1.04795685986097,NaN,NaN,NaN,-0.0704512574050573,NaN,-0.671846867239807,0.0846837594773752,NaN,1.20193228451855,NaN,NaN,-0.661092587750522,NaN,NaN,0.508327945082751,1.09433280154693,-0.397610812880948,-1.15623119191272,NaN,NaN,-0.728986485359644,-0.935676273800866,0.47399465994902,-0.307786855443995,-0.307786855441853,0.634766880607778,-0.422514090876469,NaN,NaN,0.209941455156109,0.138345941129006,NaN,NaN,-0.283101744726557,NaN,-0.360353418371967,1.36159754331953
412.8768,-0.622832354872446,-0.0605191785165093,-0.66342123444652,0.530850292065145,0.203551539063962,0.203551539063646,NaN,-0.185196062649099,-0.918623803212792,-0.527983081340119,0.902118538901645,-0.527983081341003,-0.116328951191911,-1.08108493207706,NaN,NaN,NaN,-0.109110264434936,NaN,-0.736245719082889,0.0621755210544409,NaN,1.22875492913049,NaN,NaN,-0.658141830791496,NaN,NaN,0.512257296761104,1.09957656754465,-0.383195099092111,-1.12001289521593,NaN,NaN,-0.693393873822886,-0.89778928952612,0.462770195869027,-0.302401462566517,-0.302401462564397,0.661124087437024,-0.444701047819378,NaN,NaN,0.236866639567587,0.114096630157881,NaN,NaN,-0.247787967403781,NaN,-0.356973619050592,1.34442103905372
412.9792,-0.62231322933692,-0.0759114019457904,-0.686430597838386,0.518268683782045,0.181894413722036,0.181894413721702,NaN,-0.188796949132448,-0.964614429828327,-0.568931616794442,0.903226841922998,-0.568931616795288,-0.121613024360948,-1.11430716936944,NaN,NaN,NaN,-0.147957346719108,NaN,-0.798385528755872,0.0397287777478695,NaN,1.25584156411546,NaN,NaN,-0.655040126550484,NaN,NaN,0.51534709220713,1.104139122616,-0.369385474784662,-1.08457183749574,NaN,NaN,-0.657132425144775,-0.85997734922153,0.451331116644239,-0.296454381069268,-0.296454381067165,0.687423355286875,-0.467313162338625,NaN,NaN,0.263830547850259,0.0893841293324541,NaN,NaN,-0.213217390299963,NaN,-0.35279704503919,1.32647991302851
413.0816,-0.621560777785197,-0.0911807989982798,-0.70903861448799,0.505417140428568,0.160462192783677,0.160462192783326,NaN,-0.191856381248367,-1.01111413852788,-0.609961123222647,0.904716523482713,-0.609961123223463,-0.127538339726371,-1.14756418544864,NaN,NaN,NaN,-0.186935624457818,NaN,-0.858169048641561,0.0173612107011446,NaN,1.28314630185753,NaN,NaN,-0.651797376491021,NaN,NaN,0.517558226711444,1.10798863226872,-0.356209689475604,-1.05001629060047,NaN,NaN,-0.620279800018535,-0.822342802738914,0.439711875132044,-0.289935079274721,-0.289935079272645,0.713547418372983,-0.490270521988574,NaN,NaN,0.290758022200311,0.0642513411296334,NaN,NaN,-0.17940041727971,NaN,-0.3478659233012,1.30780230421814
413.184,-0.620596826758278,-0.106294365895653,-0.731214940426171,0.492327603262401,0.139298531712118,0.139298531711748,NaN,-0.194369301984741,-1.05804253189316,-0.650993376652575,0.906621957480357,-0.650993376653367,-0.134108419870975,-1.18079385308836,NaN,NaN,NaN,-0.225984090396878,NaN,-0.9155079271147,-0.00491048685736824,NaN,1.31062116824476,NaN,NaN,-0.648421215287218,NaN,NaN,0.518853826696003,1.11109258543004,-0.343691991466792,-1.01645106351364,NaN,NaN,-0.582916706907287,-0.784987841268786,0.427948473644255,-0.282834737419211,-0.282834737417157,0.739377087926281,-0.513491082364318,NaN,NaN,0.317573119149949,0.0387414907520048,NaN,NaN,-0.146344755669292,NaN,-0.342227160219841,1.2884191950258
413.2864,-0.619445784796881,-0.121217146005681,-0.752928619494285,0.479033683779613,0.118448316922225,0.118448316921839,NaN,-0.196331330720519,-1.10531746287702,-0.691947202952048,0.90897761691232,-0.691947202952803,-0.141326109186838,-1.2139314840014,NaN,NaN,NaN,-0.265037569732966,NaN,-0.970322901105033,-0.0270707907277779,NaN,1.33821645111696,NaN,NaN,-0.644916886203732,NaN,NaN,0.519199492447156,1.11341789347465,-0.331852725240062,-0.983976676962333,NaN,NaN,-0.545126483811294,-0.748013896338967,0.416078245931669,-0.27514622930225,-0.275146229300224,0.764791973403851,-0.536891239940206,NaN,NaN,0.344199602358316,0.0128978578368596,NaN,NaN,-0.114055547608715,NaN,-0.335931958449631,1.26836428228891
413.3888,-0.618134455665194,-0.135912368544528,-0.774148123718213,0.46557042656381,0.0979574418313477,0.0979574418309495,NaN,-0.19773874044616,-1.1528553834617,-0.732738716732132,0.911818007649542,-0.732738716732867,-0.149193488208384,-1.24691002938427,NaN,NaN,NaN,-0.304026722984562,NaN,-1.02254396298556,-0.0491054875500074,NaN,1.36588107147076,NaN,NaN,-0.641287122654244,NaN,NaN,0.518563531598359,1.11493105349237,-0.320707940625605,-0.95268855528799,NaN,NaN,-0.50699463797852,-0.711521054518704,0.404139616117501,-0.266864076223827,-0.26686407622183,0.789671206871815,-0.560386398494438,NaN,NaN,0.370561444342015,-0.0132364797327986,NaN,NaN,-0.0825355253005364,NaN,-0.329035359441727,1.24767379240823
413.4912,-0.616691809281787,-0.150341616959908,-0.794841400190445,0.451974047786762,0.0778725656303683,0.0778725656299547,NaN,-0.198588455803523,-1.20057168802107,-0.773281578344381,0.915177619256166,-0.773281578345088,-0.157711778403802,-1.27966028602952,NaN,NaN,NaN,-0.342878097352624,NaN,-1.07211050318803,-0.0710017767610725,NaN,1.39356297845898,NaN,NaN,-0.637532038649905,NaN,NaN,0.516917192904084,1.11559837408545,-0.310269016462715,-0.922676234925586,NaN,NaN,-0.468608351957322,-0.675607490799292,0.392171832283281,-0.257984377233923,-0.257984377231951,0.81389415972147,-0.583891518104938,NaN,NaN,0.396583324859107,-0.039618879331472,NaN,NaN,-0.0517851940676611,NaN,-0.321595725161542,1.22638625521167
413.5936,-0.615148717118464,-0.164465016109745,-0.814975914050544,0.4382816501196,0.0582408671237194,0.0582408671232935,NaN,-0.19887807156886,-1.24838104990484,-0.813487248548547,0.919090883459694,-0.813487248549229,-0.166881243205337,-1.31211109277923,NaN,NaN,NaN,-0.381514224143556,NaN,-1.11897143564023,-0.0927483422255098,NaN,1.42120956875841,NaN,NaN,-0.633649026309982,NaN,NaN,0.514234907221343,1.11538626115516,-0.300542298367752,-0.894022590606266,NaN,NaN,-0.430055960523422,-0.640368924619497,0.3802146780382,-0.248504715270732,-0.248504715268784,0.837341142566164,-0.607321638714405,NaN,NaN,0.422191124187415,-0.0662073433674132,NaN,NaN,-0.0218030455033393,NaN,-0.313674175868237,1.20454225364266
413.696,-0.613537659578784,-0.178241426785712,-0.834518676980215,0.424530915326423,0.0391098072557552,0.0391098072553129,NaN,-0.198605886797816,-1.29619775758323,-0.853265228815067,0.923592126227074,-0.853265228815722,-0.176701097439281,-1.34418951029079,NaN,NaN,NaN,-0.419853756003764,NaN,-1.16308531770077,-0.11433540349118,NaN,1.44876812781364,NaN,NaN,-0.629632657513319,NaN,NaN,0.510494541931898,1.11426156341153,-0.29152874959886,-0.86680308137927,NaN,NaN,-0.391426400977999,-0.605898102751142,0.368308170375486,-0.238424036501736,-0.238424036499817,0.859894084215055,-0.630592371575571,NaN,NaN,0.447312415344461,-0.0929607084438604,NaN,NaN,0.00741420912546754,NaN,-0.305333993870229,1.18218415975678
413.7984,-0.611892412760568,-0.191628643541481,-0.853436261837651,0.410759777236679,0.0205269035581159,0.0205269035576665,NaN,-0.19777094797064,-1.34393606066167,-0.892523297348844,0.928715491975864,-0.89252329734947,-0.187169435438988,-1.37582099322015,NaN,NaN,NaN,-0.457811638451039,NaN,-1.20442046887102,-0.13575475783352,NaN,1.47618628228065,NaN,NaN,-0.625474598072429,NaN,NaN,0.50567767190659,1.11219197535309,-0.28322362516851,-0.841085032218552,NaN,NaN,-0.352808645522726,-0.572284317920562,0.356492254521181,-0.227742508250456,-0.227742508248566,0.881437189537231,-0.653620356412247,NaN,NaN,0.471876957000826,-0.119838814149111,NaN,NaN,0.0358714023642267,NaN,-0.296640001684912,1.15935586535806
413.9008,-0.610247727934023,-0.204583600291057,-0.871694822468305,0.397006083476623,0.00253950349558659,0.00253950349512554,NaN,-0.196373095387583,-1.39151053383332,-0.931167774644102,0.934494814702248,-0.931167774644704,-0.19828317811029,-1.40692957934692,NaN,NaN,NaN,-0.495299314112989,NaN,-1.24295507425498,-0.156999830405558,NaN,1.50341244273863,NaN,NaN,-0.621163558694712,NaN,NaN,0.499769860508886,1.10914648548144,-0.275616193331215,-0.816926984138322,NaN,NaN,-0.314291136004181,-0.539612979191496,0.344806506700506,-0.216461375075644,-0.21646137507378,0.901857575631993,-0.676323690589975,NaN,NaN,0.495817179093768,-0.146802644768,NaN,NaN,0.0635746833450671,NaN,-0.287657933137611,1.13610252261999
414.0032,-0.608639015504764,-0.217062593178341,-0.889260143980252,0.383307257077843,-0.0148054627058515,-0.014805462706322,NaN,-0.194413009619601,-1.43883645942197,-0.969103852266098,0.940963420191609,-0.969103852266676,-0.21003802966523,-1.43743812030776,NaN,NaN,NaN,-0.532224961649417,NaN,-1.2786772510649,-0.178065745121108,NaN,1.53039621503849,NaN,NaN,-0.616685308647924,NaN,NaN,0.492760936411407,1.10509584706647,-0.268689525450105,-0.794378140670814,NaN,NaN,-0.275961243022905,-0.50796524623519,0.333289852413539,-0.204582834780456,-0.204582834778618,0.921045884480702,-0.698622339362272,NaN,NaN,0.519068646609925,-0.173814437329062,NaN,NaN,0.0905313047699077,NaN,-0.278453817283133,1.11247030958828
414.1056,-0.607102028986863,-0.229021532011072,-0.906097736612055,0.369699963887144,-0.0314617604714088,-0.0314617604718836,NaN,-0.191892257626301,-1.48583021939551,-1.00623598907041,0.94815386292355,-1.00623598907097,-0.222428433557122,-1.46726856119988,NaN,NaN,NaN,-0.568493769202371,NaN,-1.31158506943006,-0.198949411812809,NaN,1.5570887716672,NaN,NaN,-0.612022760831958,NaN,NaN,0.484645255349189,1.10001304176083,-0.262420358070589,-0.7734779154997,NaN,NaN,-0.237904753947496,-0.477417722646715,0.321980301631429,-0.192109939693861,-0.192109939692045,0.938896869234674,-0.720438526320645,NaN,NaN,0.54157049053392,-0.20083776026046,NaN,NaN,0.116749429934081,NaN,-0.269093381058864,1.08850622200154
414.208,-0.605672531851384,-0.240416227511605,-0.922172968548118,0.356219786563981,-0.0473841569418209,-0.0473841569423009,NaN,-0.188813338612235,-1.53240967807947,-1.04246834670361,0.956097614999886,-1.04246834670415,-0.235447521932473,-1.49634225741533,NaN,NaN,NaN,-0.604008236911515,NaN,-1.34168653385498,-0.219649612773086,NaN,1.58344318797525,NaN,NaN,-0.607156117948384,NaN,NaN,0.4754219435844,1.09387370844032,-0.256779021843172,-0.754255574317044,NaN,NaN,-0.200205377132806,-0.448042190874242,0.31091469834971,-0.179046512226535,-0.179046512224746,0.955309949609411,-0.741697091404349,NaN,NaN,0.563265802488827,-0.227837575229266,NaN,NaN,0.142237971195428,NaN,-0.259641467916803,1.06425788426498
414.3104,-0.60438593853389,-0.251202709411762,-0.937451222101781,0.342900907208117,-0.0625287409145221,-0.0625287409150062,NaN,-0.185179728058609,-1.57849453585437,-1.07770523285565,0.96482472674874,-1.07770523285617,-0.249087057254402,-1.52458031415015,NaN,NaN,NaN,-0.638668500052147,NaN,-1.36899953186328,-0.24016707108259,NaN,1.60941474862495,NaN,NaN,-0.602063065602628,NaN,NaN,0.465095117802114,1.08665652791654,-0.251729436778496,-0.736729970062038,NaN,NaN,-0.162944258571663,-0.41990537418965,0.300128482688719,-0.165397066765334,-0.165397066763565,0.970189735481794,-0.762325807410572,NaN,NaN,0.584101993778951,-0.25478029104469,NaN,NaN,0.167006467597867,NaN,-0.250161474758879,1.0397733760447
414.4128,-0.603276942449814,-0.261337557032889,-0.951898057035658,0.329775803602909,-0.0768532386838795,-0.0768532386843667,NaN,-0.180995918004337,-1.62400664808157,-1.11185154593526,0.974363479757824,-1.11185154593576,-0.263337370193126,-1.55190394498628,NaN,NaN,NaN,-0.672372662100996,NaN,-1.39355174659159,-0.260504491333412,NaN,1.63496122170367,NaN,NaN,-0.596719005012557,NaN,NaN,0.453674066182802,1.07834357277947,-0.247229179155363,-0.720909376897794,NaN,NaN,-0.126199529805333,-0.393068721901885,0.289655466369528,-0.151166743061531,-0.151166743059786,0.983446528952978,-0.782255660577712,NaN,NaN,0.60403111685529,-0.281633807916451,NaN,NaN,0.191064994385471,NaN,-0.240714817587337,1.01510107668704
414.5152,-0.602379155966099,-0.270778221167031,-0.965479371572153,0.316874963127796,-0.090317310599061,-0.0903173105995493,NaN,-0.176267454135345,-1.66887031794632,-1.14481323383653,0.984740055057797,-1.144813233837,-0.278187302507654,-1.57823485177431,NaN,NaN,NaN,-0.70501712824647,NaN,-1.41538052396057,-0.280666573279942,NaN,1.66004309290758,NaN,NaN,-0.591097321184374,NaN,NaN,0.441173373686282,1.06892063087299,-0.243229620597763,-0.70679142135173,NaN,NaN,-0.0900459115965585,-0.367588221412403,0.279527623121813,-0.136361261108668,-0.136361261106947,0.994996819988983,-0.801421107971227,NaN,NaN,0.623010141339952,-0.30836754332245,NaN,NaN,0.21442408694418,NaN,-0.231360439032448,0.990289530995644
414.6176,-0.601724780192384,-0.27948332511434,-0.97816155894243,0.304226615364584,-0.102882822837727,-0.102882822838221,NaN,-0.171000973592982,-1.71301256963851,-1.17649777085227,0.995978231524415,-1.17649777085273,-0.293624157542238,-1.60349562033651,NaN,NaN,NaN,-0.736496939924439,NaN,-1.43453268796709,-0.300659999609354,NaN,1.68462375250965,NaN,NaN,-0.585169679728037,NaN,NaN,0.427612986299806,1.05837749916438,-0.239676127597361,-0.694363094451018,NaN,NaN,-0.0545543886427227,-0.343514240021067,0.269774893253157,-0.120986906141885,-0.120986906140191,1.00476377978871,-0.819760322318024,NaN,NaN,0.641001177601727,-0.33495243407237,NaN,NaN,0.237094667816779,NaN,-0.222154365481493,0.965387335893915
414.72,-0.601344309273966,-0.287412942508293,-0.989911660153517,0.291856484140046,-0.114514096094319,-0.114514096094816,NaN,-0.165204246933997,-1.75636339861959,-1.20681463996812,1.00809911651001,-1.20681463996856,-0.309633650462795,-1.6276101187193,NaN,NaN,NaN,-0.766706119910891,NaN,-1.45106430446121,-0.320493392321928,NaN,1.70866963128151,NaN,NaN,-0.578906342943128,NaN,NaN,0.413018220808147,1.04670823579739,-0.236508305059139,-0.683600825589783,NaN,NaN,-0.0197919638525633,-0.320891393945941,0.260424999187841,-0.105050549872213,-0.105050549870547,1.01267774234975,-0.837215431956017,NaN,NaN,0.657971647128247,-0.361360917817502,NaN,NaN,0.259087978184802,NaN,-0.213149312267751,0.940443041338551
414.8224,-0.601266269000615,-0.294528852942325,-1.00069751434947,0.279787562427919,-0.125178130691067,-0.125178130691565,NaN,-0.158886221989204,-1.79885599507675,-1.2356758048833,1.02112090691842,-1.23567580488372,-0.326199853608125,-1.65050388784602,NaN,NaN,NaN,-0.795538036005053,NaN,-1.46504039704269,-0.340177231620763,NaN,1.73215028681164,NaN,NaN,-0.572276495542248,NaN,NaN,0.397419729512576,1.03391135270368,-0.23366027468092,-0.674470611695728,NaN,NaN,0.0141785068552314,-0.29975844029596,0.251503269837989,-0.0885597055848264,-0.0885597055831885,1.0186766609,-0.853732756926201,NaN,NaN,0.673894398782996,-0.387566898406086,NaN,NaN,0.280415518939027,NaN,-0.204394332358471,0.915505058625023
414.9248,-0.601516989829945,-0.300794776177307,-1.01048790804639,0.268039915724913,-0.134844801946902,-0.134844801947407,NaN,-0.152057062274869,-1.84042693999579,-1.2629961592576,1.03505867793429,-1.262996159258,-0.34330514811005,-1.67210451893314,NaN,NaN,NaN,-0.822885789188526,NaN,-1.47653461600316,-0.359723739770609,NaN,1.75503844836575,NaN,NaN,-0.565248569241492,NaN,NaN,0.380853431386891,1.01998993026797,-0.231060987625582,-0.666928207142737,NaN,NaN,0.0472984137834619,-0.280148191657011,0.243032475320503,-0.0715226022980822,-0.0715226022964709,1.02270652529206,-0.869263029319128,NaN,NaN,0.688747765279007,-0.413545692755743,NaN,NaN,0.30108900148665,NaN,-0.195934507452416,0.89062157498617
415.0272,-0.602120413148939,-0.306176583195197,-1.01925271951589,0.256630520145092,-0.143487015929696,-0.143487015930211,NaN,-0.144728171715261,-1.88101637108728,-1.28869393690356,1.0499241856168,-1.28869393690396,-0.360930203819366,-1.69234200736004,NaN,NaN,NaN,-0.848642634765102,NaN,-1.48562885786304,-0.379146740881175,NaN,1.77731003557269,NaN,NaN,-0.557790549207532,NaN,NaN,0.363360425874584,1.00495164264065,-0.228634576067881,-0.660919382545883,NaN,NaN,0.0795134556090057,-0.26208745451527,0.235032676345484,-0.0539482551226868,-0.0539482551211002,1.02472172202221,-0.883761575702713,NaN,NaN,0.702515556880848,-0.439273953618235,NaN,NaN,0.321120306038442,NaN,-0.187810681563983,0.865840476447847
415.1296,-0.603097927594995,-0.310642479818537,-1.02696304887163,0.245573139525398,-0.151080817107245,-0.151080817107769,NaN,-0.136912199674957,-1.92056811354478,-1.31269106601988,1.06572566307059,-1.31269106602026,-0.379054003173245,-1.71114906919584,NaN,NaN,NaN,-0.872702441138256,NaN,-1.49241283547744,-0.398461508907719,NaN,1.79894416612458,NaN,NaN,-0.549870243095428,NaN,NaN,0.344986899044047,0.988808699338661,-0.226300750704981,-0.65638025913425,NaN,NaN,0.110773693216777,-0.245596988408701,0.22752109258249,-0.0358465117057128,-0.035846511704155,1.02468531840133,-0.897188444000446,NaN,NaN,0.715186998046057,-0.464729564420528,NaN,NaN,0.340521447933824,NaN,-0.180059233769706,0.841209278736615
415.232,-0.604468229005678,-0.314163163132397,-1.03359132832333,0.234878238853169,-0.157605450903608,-0.15760545090414,NaN,-0.128623027255775,-1.95902977628197,-1.33491346879961,1.08246760768843,-1.33491346879998,-0.397653903551244,-1.72846141796337,NaN,NaN,NaN,-0.894960179404295,NaN,-1.4969836025338,-0.41768461184925,NaN,1.81992315412488,NaN,NaN,-0.541455511111093,NaN,NaN,0.325784010666837,0.971577729531968,-0.223975249816482,-0.65323772254417,NaN,NaN,0.141033606982128,-0.230691479630551,0.220511991772283,-0.0172280721412373,-0.0172280721397052,1.02256926610687,-0.909508479850417,NaN,NaN,0.726756616905831,-0.489891504225256,NaN,NaN,0.35930455361675,NaN,-0.172711883482695,0.816775061376163
415.3344,-0.606247194550979,-0.316711959283534,-1.03911141702046,0.224552923680255,-0.163043397646428,-0.163043397646968,NaN,-0.119875744431077,-1.99635282560789,-1.35529133589129,1.10015058413453,-1.35529133589165,-0.416705716003659,-1.74421801738007,NaN,NaN,NaN,-0.915312431944614,NaN,-1.49944503487428,-0.436833753900443,NaN,1.84023248466505,NaN,NaN,-0.532514481528384,NaN,NaN,0.305807735007654,0.953279642303569,-0.221570341106547,-0.651409916549008,NaN,NaN,0.170252147538706,-0.217379525803403,0.214016598823662,0.00189549834576383,0.00189549834727003,1.01835453964684,-0.920691380975298,NaN,NaN,0.737224095002663,-0.514739684027016,NaN,NaN,0.37748184535498,NaN,-0.165795521672212,0.792584395413584
415.4368,-0.608447763278267,-0.318264953386987,-1.04349868973324,0.214600894657613,-0.167380395503838,-0.167380395504393,NaN,-0.110686628155463,-2.03249265357147,-1.37375941551856,1.11877107221291,-1.37375941551891,-0.436183779522184,-1.75836133459489,NaN,NaN,NaN,-0.933657912639043,NaN,-1.49990726914072,-0.455927611136329,NaN,1.85986074581385,NaN,NaN,-0.523015783704745,NaN,NaN,0.285118630503743,0.933939482580954,-0.218995371571009,-0.650806812775494,NaN,NaN,0.19839275878885,-0.205663630534339,0.208043023294774,0.0215117379409224,0.0215117379424085,1.01203123370518,-0.930711758301111,NaN,NaN,0.746594080388352,-0.539254760260732,NaN,NaN,0.395065633259363,NaN,-0.15933206494443,0.768683255804803
415.5392,-0.611079818432238,-0.318801119643147,-1.0467301274824,0.205022411160976,-0.170605462238963,-0.170605462239527,NaN,-0.101073124033829,-2.06740864847824,-1.39025733819156,1.1383213681104,-1.39025733819191,-0.456061019860483,-1.77083761363799,NaN,NaN,NaN,-0.94989799672446,NaN,-1.49848610020148,-0.474985654786949,NaN,1.87879950622687,NaN,NaN,-0.512928819465769,NaN,NaN,0.263781526448512,0.913586283028033,-0.216157354275941,-0.651330846354584,NaN,NaN,0.22542335461376,-0.195540207346522,0.202596202883474,0.0416072228504235,0.041607222851888,1.00359863421032,-0.93954921182202,NaN,NaN,0.754875964610985,-0.563417932375,NaN,NaN,0.412068315108386,NaN,-0.153338334317929,0.745116917421849
415.6416,-0.614150068673974,-0.318302456857147,-1.04878441540231,0.195814261908568,-0.172710918572427,-0.172710918573004,NaN,-0.0910538273968661,-2.10106426022647,-1.40472996929262,1.15878952803765,-1.40472996929296,-0.476308990877198,-1.78159717515826,NaN,NaN,NaN,-0.963937261744768,NaN,-1.49530233793059,-0.494027961511854,NaN,1.89704314021903,NaN,NaN,-0.502224077353928,NaN,NaN,0.241865130131838,0.892252899520549,-0.212961580387734,-0.652877604955151,NaN,NaN,0.251316243763478,-0.186999592440914,0.197677859431279,0.0621674686511432,0.0621674686525886,0.993065266665259,-0.947188412081797,NaN,NaN,0.762083623026631,-0.587210727212961,NaN,NaN,0.428502382963828,NaN,-0.147825964230971,0.721929841684204
415.744,-0.617661930040555,-0.316754129127948,-1.049642049171,0.186969743656611,-0.173692408689467,-0.173692408690055,NaN,-0.0806484567609423,-2.13342704911452,-1.41712776462763,1.18015933908472,-1.41712776462796,-0.496897907435118,-1.79059473366876,NaN,NaN,NaN,-0.975684042732652,NaN,-1.49048112171753,-0.51307501558539,NaN,1.91458861569202,NaN,NaN,-0.490873477273859,NaN,NaN,0.219441571260174,0.869975811242163,-0.209312251064703,-0.655336563075842,NaN,NaN,0.276048015666373,-0.18002606891265,0.193286465040641,0.0831768123644403,0.0831768123658665,0.980448921479585,-0.953619174895884,NaN,NaN,0.76823511606868,-0.610614766813944,NaN,NaN,0.444380431160944,NaN,-0.142801348336862,0.699165562455296
415.8464,-0.621615417098508,-0.314144604083932,-1.04928544612663,0.17847865364465,-0.173548905917761,-0.173548905918357,NaN,-0.0698778114700116,-2.16446871100717,-1.42740709704323,1.20241030449737,-1.42740709704356,-0.51779668929589,-1.79778971348403,NaN,NaN,NaN,-0.985051005416923,NaN,-1.48415119258851,-0.532147507454327,NaN,1.93143526275033,NaN,NaN,-0.478850720432069,NaN,NaN,0.196585905448192,0.846794863564905,-0.205113129013862,-0.658591860836923,NaN,NaN,0.299599411721602,-0.17459790948004,0.189417219063939,0.104618297063652,0.104618297065061,0.965776650655091,-0.9588365175503,NaN,NaN,0.773352347902715,-0.633611512775255,NaN,NaN,0.459715161117976,NaN,-0.138265625831513,0.67686657550288
415.9488,-0.626007053803414,-0.310465776828018,-1.04769905264833,0.170327305670695,-0.172282689268919,-0.172282689269521,NaN,-0.058763705676937,-2.19416507270184,-1.4355305180897,1.22551763683353,-1.43553051809002,-0.53897303584553,-1.80314653989686,NaN,NaN,NaN,-0.99195573963614,NaN,-1.47644412956192,-0.551266129107485,NaN,1.94758453371943,NaN,NaN,-0.466131616383015,NaN,NaN,0.173375595087452,0.822752934273465,-0.20026820680756,-0.662523127780838,NaN,NaN,0.321955203058111,-0.170687446958955,0.186062038860907,0.126473581133159,0.12647358113455,0.949084722955123,-0.962840682605351,NaN,NaN,0.777460681223163,-0.656181985272507,NaN,NaN,0.474519384770149,NaN,-0.134214707796661,0.655074231548725
416.0512,-0.63082981135918,-0.305713068860699,-1.04486943811494,0.16249858029239,-0.169899280744444,-0.16989928074505,NaN,-0.0473288743018933,-2.22249604750646,-1.44146691882148,1.24945227152041,-1.44146691882179,-0.560393540061403,-1.80663488133704,NaN,NaN,NaN,-0.996321363577201,NaN,-1.46749356973792,-0.570451362935844,NaN,1.96303976254461,NaN,NaN,-0.452694362917281,NaN,NaN,0.149889982414009,0.797895513069427,-0.194682377990123,-0.667006340087302,NaN,NaN,0.343104084814251,-0.168261177997719,0.183209567048837,0.148722889300468,0.14872288930184,0.930418525730381,-0.965637113672577,NaN,NaN,0.780588510582567,-0.678306465313027,NaN,NaN,0.4888060306673,NaN,-0.130639344505452,0.633828637026306
416.1536,-0.636073073586833,-0.299885497906502,-1.040785369692,0.154972014077732,-0.166407342000105,-0.166407342000714,NaN,-0.0355968533777753,-2.24944553937777,-1.44519156399597,1.27418093627254,-1.44519156399628,-0.582023833022305,-1.80822982419201,NaN,NaN,NaN,-0.998077112861893,NaN,-1.45743444423782,-0.589723257324182,NaN,1.97780593346487,NaN,NaN,-0.438519764385776,NaN,NaN,0.126209767243611,0.772270199746669,-0.188262088686341,-0.671914685664104,NaN,NaN,0.363038591499576,-0.167279896748147,0.180845195462644,0.171345015605898,0.17134501560725,0.909832406920243,-0.96723637029815,NaN,NaN,0.782766799591009,-0.699964193175633,NaN,NaN,0.502588152483778,NaN,-0.127525240173277,0.613168574879406
416.256,-0.641722621365124,-0.292985725387412,-1.0354378704998,0.147723922472044,-0.161818540276827,-0.161818540277441,NaN,-0.0235918439383725,-2.27500129197243,-1.4466859994128,1.29966631266619,-1.4466859994131,-0.603828736664184,-1.80791197978396,NaN,NaN,NaN,-0.99715888893051,NaN,-1.44640225907172,-0.609101181089698,NaN,1.99188946370106,NaN,NaN,-0.423591392403633,NaN,NaN,0.102416491677203,0.74592614263708,-0.180915955828256,-0.677119417156888,NaN,NaN,0.381755036747572,-0.167698847173745,0.178951102185115,0.194317380072708,0.194317380074043,0.887389454601935,-0.967653978444613,NaN,NaN,0.784028591323213,-0.721133072109603,NaN,NaN,0.515878935377743,NaN,-0.124853221532001,0.593131456847599
416.3584,-0.647760624406813,-0.285020094665178,-1.02882027042293,0.14072754420206,-0.156147401140096,-0.156147401140711,NaN,-0.0113385701606233,-2.29915469408136,-1.44593786290768,1.32586729900366,-1.44593786290798,-0.625772401963372,-1.80566754495535,NaN,NaN,NaN,-0.993509758957975,NaN,-1.43453243079708,-0.628603554557681,NaN,2.00529799627859,NaN,NaN,-0.407895710004225,NaN,NaN,0.0785920205442246,0.718913449090709,-0.172555354975061,-0.682490691412484,NaN,NaN,0.399253476308631,-0.169467882964718,0.177506296841134,0.217616131550204,0.217616131551521,0.86316121871109,-0.966910225339009,NaN,NaN,0.784408505183059,-0.741789384470435,NaN,NaN,0.528691693586355,NaN,-0.122599460799969,0.573753310233234
416.4608,-0.654165636022425,-0.275998668335722,-1.02092825821255,0.133953197461834,-0.14941116274185,-0.149411162742472,NaN,0.00113786241297387,-2.32190056038952,-1.44294064175895,1.35273934816883,-1.44294064175923,-0.647818422558936,-1.80148834374806,NaN,NaN,NaN,-0.987080409167679,NaN,-1.42195966973339,-0.648247565179792,NaN,2.01804020176673,NaN,NaN,-0.39142217920371,NaN,NaN,0.0548180094078674,0.691282604861474,-0.163094983925912,-0.687898396934382,NaN,NaN,0.415537687031021,-0.172531633380186,0.176486673016836,0.241216281875308,0.241216281876609,0.837227387129631,-0.965029914707803,NaN,NaN,0.783942237110024,-0.761907533478261,NaN,NaN,0.541039853872743,NaN,-0.120735744947753,0.555068793581225
416.5632,-0.660912594900803,-0.26593526425268,-1.01175993808361,0.127368443214859,-0.14162963727592,-0.141629637276549,NaN,0.0138121084792057,-2.34323689933272,-1.43769340739785,1.38023483358733,-1.43769340739813,-0.669929926544975,-1.79537186268922,NaN,NaN,NaN,-0.977829547200652,NaN,-1.40881739909041,-0.668048880356277,NaN,2.03012559902686,NaN,NaN,-0.374163355693599,NaN,NaN,0.031175372171974,0.663083939590718,-0.15245339765199,-0.693212956850583,NaN,NaN,0.430615153154264,-0.176829682013847,0.175865070559531,0.265091854422342,0.265091854423626,0.809675425686401,-0.962042097415144,NaN,NaN,0.78266608457957,-0.781459830127399,NaN,NaN,0.552936926562008,NaN,-0.119229771110376,0.537111225334828
416.6656,-0.667972839568549,-0.254847486153382,-1.00131588970169,0.120938253943365,-0.132825079002704,-0.13282507900334,NaN,0.0266587252802046,-2.36316466980537,-1.43020054119852,1.40830340426301,-1.43020054119879,-0.692069652132434,-1.78732127480943,NaN,NaN,NaN,-0.965724243895677,NaN,-1.39523720200761,-0.688021367774897,NaN,2.04156440789178,NaN,NaN,-0.356114963298356,NaN,NaN,0.00774377375949973,0.634367160417437,-0.140553504747511,-0.69830609022632,NaN,NaN,0.444497054108579,-0.182296765788425,0.175611351046002,0.289216034356379,0.289216034357646,0.780600181779734,-0.957979786656704,NaN,NaN,0.780616515592207,-0.800416340959973,NaN,NaN,0.564396471730273,NaN,-0.118045444024664,0.519912604310121
416.768,-0.675314143746185,-0.242756741085716,-0.989599227191268,0.114625190885046,-0.123022054732017,-0.123022054732667,NaN,0.0396523157725374,-2.38168752706365,-1.42047145733759,1.4368923157073,-1.42047145733786,-0.714200012792164,-1.77734544316902,NaN,NaN,NaN,-0.950740210953564,NaN,-1.38134829311733,-0.708176836516961,NaN,2.05236743792571,NaN,NaN,-0.337275942383748,NaN,NaN,-0.0153988296230009,0.605180948387353,-0.127323024704655,-0.703051529335702,NaN,NaN,0.457198249330151,-0.188862999009841,0.175692490726205,0.313561315242669,0.313561315243921,0.750103445953113,-0.952879661587245,NaN,NaN,0.777829787025961,-0.818744801047164,NaN,NaN,0.575432062394225,NaN,-0.117143167250425,0.50350361440869
416.8704,-0.68290078674567,-0.229688229489425,-0.976615648550057,0.108389598505487,-0.112247309383759,-0.112247309384419,NaN,0.0527676761464217,-2.39881156096836,-1.40852032711202,1.46594673862598,-1.40852032711229,-0.736283160737347,-1.76545889860388,NaN,NaN,NaN,-0.932862021181222,NaN,-1.36727701498871,-0.72852482169548,NaN,2.06254601055314,NaN,NaN,-0.317648471213192,NaN,NaN,-0.0381765869969999,0.575572598042305,-0.112694919090584,-0.707325708073825,NaN,NaN,0.468737255621636,-0.196454128217622,0.176072698548215,0.33809964217983,0.33809964218107,0.718293464743218,-0.946781760126722,NaN,NaN,0.774341606711235,-0.836410589382084,NaN,NaN,0.58605723703143,NaN,-0.116480140459928,0.487913627400761
416.9728,-0.690693670136183,-0.215670895861815,-0.962373467347092,0.102189823588877,-0.100529621407108,-0.100529621407777,NaN,0.0659799545271329,-2.41454502935665,-1.39436580872343,1.4954100434083,-1.3943658087237,-0.758281057982162,-1.75168178978041,NaN,NaN,NaN,-0.912083282310875,NaN,-1.3531463640161,-0.749072431898958,NaN,2.07211191295467,NaN,NaN,-0.297237961037276,NaN,NaN,-0.0605160780674429,0.545587691312794,-0.0966078121271949,-0.711008437523919,NaN,NaN,0.479136217491798,-0.204991823134702,0.176713566126502,0.362802553072228,0.362802553073458,0.6852843961739,-0.939729158020563,NaN,NaN,0.770186837253985,-0.853376763113033,NaN,NaN,0.596285436273519,NaN,-0.116010675898878,0.473170720382953
417.0752,-0.698650478402613,-0.200737342458755,-0.946883628357753,0.0959824567166408,-0.0878996532353656,-0.0878996532360433,NaN,0.0792648227210524,-2.42889809048613,-1.3780307919476,1.52522405528939,-1.37803079194787,-0.780155557468948,-1.73603980822183,NaN,NaN,NaN,-0.88840677552479,NaN,-1.33907555330508,-0.769824257762898,NaN,2.08107738322718,NaN,NaN,-0.276053028213325,NaN,NaN,-0.0823465745128962,0.51526981790859,-0.0790064052695432,-0.713983568691224,NaN,NaN,0.488420876605403,-0.214394003666967,0.177574248679408,0.387641316863594,0.387641316864816,0.65119570293015,-0.931767630543491,NaN,NaN,0.765399246163044,-0.869604144577962,NaN,NaN,0.60612992912375,NaN,-0.115686531809345,0.459301709275433
417.1776,-0.706725871557009,-0.184923719781675,-0.930159717076942,0.0897225847566927,-0.0743898097891004,-0.0743898097897862,NaN,0.0925986520172275,-2.44188254501249,-1.35954217508279,1.55532928154652,-1.35954217508305,-0.801868489828478,-1.71856409699741,NaN,NaN,NaN,-0.861844569270668,NaN,-1.32517961990169,-0.790782322549597,NaN,2.08945512282603,NaN,NaN,-0.254105452403533,NaN,NaN,-0.103600254876952,0.484660363069433,-0.059841879814772,-0.716139629628285,NaN,NaN,0.496620541973319,-0.224575197683433,0.178611667727665,0.41258706311427,0.412587063115481,0.61615149102188,-0.922945301111938,NaN,NaN,0.760011303247949,-0.885051450775058,NaN,NaN,0.615603738306915,NaN,-0.11545724950267,0.446332188497478
417.28,-0.714871699684861,-0.168269603958744,-0.912217969347811,0.0833640422818678,-0.0600341136328878,-0.0600341136335829,NaN,0.105958678027233,-2.4535116004684,-1.3389306875807,1.58566511558485,-1.33893068758097,-0.823381750455465,-1.69929115189648,NaN,NaN,NaN,-0.832418112525684,NaN,-1.31156908184319,-0.811946054101491,NaN,2.09725832743788,NaN,NaN,-0.231410132915687,NaN,NaN,-0.124212384842799,0.453798369621752,-0.0390722771435215,-0.717370425184336,NaN,NaN,0.503768050063643,-0.235446923372266,0.179780724748613,0.437610895906044,0.437610895907247,0.580279809633509,-0.913312290067977,NaN,NaN,0.754054019965182,-0.899675458668184,NaN,NaN,0.624719572703316,NaN,-0.115270480677655,0.434286566114505
417.3824,-0.723037240591933,-0.150817859410494,-0.893077279718728,0.0768596578748645,-0.0448680949657282,-0.0448680949664303,NaN,0.119323142215064,-2.46379966632228,-1.3162307578831,1.61617001625681,-1.31623075788336,-0.844657385083785,-1.67826271749145,NaN,NaN,NaN,-0.800158300594644,NaN,-1.29834964727351,-0.833312264975861,NaN,2.10450072283099,NaN,NaN,-0.207985049508984,NaN,NaN,-0.144121462284103,0.422720458480591,-0.0166628431772965,-0.717575591277403,NaN,NaN,0.509899695746891,-0.246918092673949,0.181034520211352,0.462683987741501,0.462683987742699,0.543711922977427,-0.902920377626536,NaN,NaN,0.747556826302971,-0.913431213624713,NaN,NaN,0.633489772120887,NaN,-0.115072299432356,0.423188087037715
417.4848,-0.731169474022544,-0.1326144769302,-0.87275920582091,0.0701615010771545,-0.0289286885970724,-0.0289286885977773,NaN,0.132671404175967,-2.47276218579478,-1.29148041902383,1.64678165327046,-1.29148041902408,-0.865657676542705,-1.65552567481033,NaN,NaN,NaN,-0.765105502320558,NaN,-1.28562197266489,-0.854875134838668,NaN,2.11119659101259,NaN,NaN,-0.183851222967851,NaN,NaN,-0.163269322521195,0.391460781204921,0.00741367532971577,-0.716661097023511,NaN,NaN,0.515055118915634,-0.258895435869322,0.182324580045471,0.487777653759986,0.487777653761179,0.506581557318218,-0.891822689915039,NaN,NaN,0.740547484696226,-0.926272299576608,NaN,NaN,0.641926264001386,NaN,-0.114807503481309,0.413058841138657
417.5872,-0.739213409169547,-0.113708377122031,-0.851287968752998,0.0632211398040923,-0.0122541308132507,-0.0122541308139596,NaN,0.145984025600845,-2.48041551248629,-1.26472124743616,1.67743700878267,-1.26472124743641,-0.886345239220969,-1.63113191578053,NaN,NaN,NaN,-0.727309543346848,NaN,-1.27348146285535,-0.876626194475471,NaN,2.11736077892203,NaN,NaN,-0.159032664100542,NaN,NaN,-0.18160120038085,0.360050984541801,0.0331767850570282,-0.714539694632917,NaN,NaN,0.519277146360827,-0.271283948630938,0.183601096608835,0.512863410600811,0.512863410602002,0.469024121580481,-0.880073409780319,NaN,NaN,0.733052041090843,-0.938151186758453,NaN,NaN,0.650040524710147,NaN,-0.114419913283194,0.40391975683007
417.6896,-0.747112476135689,-0.0941511726831409,-0.82869044930754,0.0559899149846981,0.00511614813699523,0.00511614813628301,NaN,0.159242835302086,-2.48677683468974,-1.23599833265824,1.70807242932774,-1.23599833265849,-0.906683129983019,-1.60513819833644,NaN,NaN,NaN,-0.686829649011449,NaN,-1.2620181062272,-0.898554316444326,NaN,2.12300869444534,NaN,NaN,-0.133556300403481,NaN,NaN,-0.199065744752968,0.328520183766028,0.0606380422841619,-0.711131324034368,NaN,NaN,0.522611602652312,-0.283987361333956,0.184813190725901,0.537913024432246,0.537913024433431,0.431175895304507,-0.867727504821379,NaN,NaN,0.725094812458573,-0.949019659072475,NaN,NaN,0.657843536077142,NaN,-0.113852675105167,0.395790583999952
417.792,-0.754808981505499,-0.0739968858641171,-0.804996174592604,0.0484192317772684,0.0231416398818722,0.0231416398811563,NaN,0.172430990109676,-2.4918641396034,-1.20536027415761,1.73862363082626,-1.20536027415787,-0.926634982417303,-1.57760597313844,NaN,NaN,NaN,-0.64373435554796,NaN,-1.25131634317635,-0.92064572354892,NaN,2.12815630308526,NaN,NaN,-0.107451873612191,NaN,NaN,-0.215614983519946,0.296894962127474,0.0898008810352777,-0.706363476567644,NaN,NaN,0.52510710692331,-0.296908627913876,0.185909196293583,0.562898549016465,0.562898549017647,0.393173178840095,-0.854840460199503,NaN,NaN,0.716698410392509,-0.958829308352541,NaN,NaN,0.665345733724963,NaN,-0.113048567313913,0.388689870913927
417.8944,-0.762244612816329,-0.0533016251763196,-0.780237287308665,0.0404608591258227,0.0417808835820046,0.0417808835812857,NaN,0.185533039241504,-2.49569620735983,-1.17285920386971,1.76902567355313,-1.17285920386996,-0.946165162895571,-1.54860117679398,NaN,NaN,NaN,-0.598101393860067,NaN,-1.24145496894925,-0.942884028147507,NaN,2.13282013355213,NaN,NaN,-0.0807518107718543,NaN,NaN,-0.231204248755401,0.265199424095388,0.120660468730662,-0.700171517262978,NaN,NaN,0.526814865260064,-0.309950428833037,0.186836963274634,0.587792351263593,0.58779235126477,0.35515141652732,-0.841468011823101,NaN,NaN,0.707883799511158,-0.967532074132942,NaN,NaN,0.672556953117707,NaN,-0.11195030074001,0.382634934176385
417.9968,-0.769360965633316,-0.0321232374252487,-0.75444849810387,0.0320672276603459,0.0609915951837899,0.0609915951830675,NaN,0.198534985516275,-2.49829263258127,-1.13855083870943,1.79921293265146,-1.13855083870968,-0.965238937150762,-1.51819400129746,NaN,NaN,NaN,-0.550017539435914,NaN,-1.23250706984552,-0.96525031046123,NaN,2.13701728552471,NaN,NaN,-0.0534910848151881,NaN,NaN,-0.245792088234551,0.233455320143666,0.15320358990164,-0.692498966960991,NaN,NaN,0.527788457823305,-0.323015680332119,0.187544172210782,0.612567122043891,0.612567122045071,0.317244327803392,-0.827665893247201,NaN,NaN,0.698670385295614,-0.975080805999025,NaN,NaN,0.679486381579346,NaN,-0.110500802694296,0.377641816711722
418.0992,-0.776100073282819,-0.0105209532023686,-0.727667030385873,0.023191721843303,0.0807307907838077,0.0807307907830814,NaN,0.211424334161862,-2.49967387549048,-1.10249456363616,1.82911908237189,-1.1024945636364,-0.983822633242738,-1.486458659954,NaN,NaN,NaN,-0.499578418605498,NaN,-1.22453998806577,-0.987723240313601,NaN,2.14076542495355,NaN,NaN,-0.0257070845503316,NaN,NaN,-0.259340197203938,0.201682241136894,0.187408564483282,-0.68329774516059,NaN,NaN,0.528083612164137,-0.336008041104055,0.187978654369951,0.637195873627099,0.637195873628272,0.279583093302077,-0.813489620949049,NaN,NaN,0.68907612246391,-0.981429827450795,NaN,NaN,0.686142516913844,NaN,-0.108643485809479,0.373725235621254
418.2016,-0.782404932724613,0.01144496531756,-0.699932565110945,0.0137889679333486,0.100954899858165,0.100954899857435,NaN,0.224190129753298,-2.49986133827529,-1.06475353120349,1.85867709748431,-1.06475353120374,-1.00188379044307,-1.4534731619986,NaN,NaN,NaN,-0.446888270686334,NaN,-1.21761530941264,-1.01027924792009,NaN,2.14408275872114,NaN,NaN,0.00256049615708618,NaN,NaN,-0.271813394996175,0.169897867130026,0.223245212121935,-0.672528367852799,NaN,NaN,0.527757954315454,-0.348832408893904,0.188088713523068,0.661651927872568,0.661651927873743,0.242295627941556,-0.798994334377556,NaN,NaN,0.679117636237973,-0.986535483307427,NaN,NaN,0.692533128687946,NaN,-0.10632251593966,0.370898532023093
418.304,-0.78822002336321,0.0337135727217219,-0.671287184984562,0.00381511851092701,0.121619869737743,0.121619869737012,NaN,0.236822987259088,-2.49887745480822,-1.0253947526569,1.88781926654467,-1.02539475265715,-1.01939129012557,-1.41931908955089,NaN,NaN,NaN,-0.392059672397869,NaN,-1.21178887074922,-1.03289274582991,NaN,2.14698799158066,NaN,NaN,0.0312697541373102,NaN,NaN,-0.283179647364219,0.138118250718736,0.260674871079102,-0.660160092808655,NaN,NaN,0.526870737359731,-0.361395404208094,0.187823445331662,0.685908899136924,0.685908899138096,0.205505939961764,-0.784234685085207,NaN,NaN,0.668810351997779,-0.990356657717323,NaN,NaN,0.698665224055276,NaN,-0.103483092088906,0.36917363391377
418.4064,-0.793491813041292,0.0562235856013314,-0.6417753116439,-0.00677186690677515,0.142681266951015,0.14268126695028,NaN,0.24931511987102,-2.49674578348441,-0.98448915711805,1.91647721121679,-0.984489157118303,-1.03631547497464,-1.38408136039311,NaN,NaN,NaN,-0.335213219771793,NaN,-1.20711078728591,-1.05553639551997,NaN,2.14950027454984,NaN,NaN,0.0603766704776129,NaN,NaN,-0.293410115468136,0.106358114325187,0.299650471851033,-0.646171013846652,NaN,NaN,0.525482555799122,-0.37360584473281,0.187133050848134,0.709940677596169,0.709940677597341,0.169333551041777,-0.769264751449399,NaN,NaN,0.658168628582439,-0.992855255557673,NaN,NaN,0.704545025623728,NaN,-0.100071737039351,0.368561031190085
418.5088,-0.798169246663625,0.0789137273480341,-0.611443627594061,-0.0180119420570734,0.164094385810992,0.164094385810258,NaN,0.261660363654507,-2.49349109936365,-0.942111603933324,1.94458191395583,-0.942111603933583,-1.05262827317709,-1.34784796488912,NaN,NaN,NaN,-0.276477146609855,NaN,-1.20362550060218,-1.07818141024327,NaN,2.15163915279985,NaN,NaN,0.0898352147993749,NaN,NaN,-0.302479210610609,0.0746311464315159,0.340116658278841,-0.630548117993301,NaN,NaN,0.523655058193773,-0.385375216737763,0.185969144562686,0.733721425482289,0.733721425483464,0.133892953185751,-0.754137953298719,NaN,NaN,0.64720588879078,-0.993996645173654,NaN,NaN,0.710177966453305,NaN,-0.0960365851824482,0.369069752112935
418.6112,-0.80220421638399,0.101723074865423,-0.58034097831719,-0.0299426902128862,0.185814372602923,0.185814372602189,NaN,0.273854199115639,-2.48913948534531,-0.898340844841812,1.97206377010003,-0.898340844842077,-1.06830334195409,-1.31070967753288,NaN,NaN,NaN,-0.215986860323679,NaN,-1.20137184903841,-1.10079789175256,NaN,2.15342451174698,NaN,NaN,0.119597462832695,NaN,NaN,-0.310364647845207,0.0429502988311411,0.382009947721226,-0.613287322327002,NaN,NaN,0.521450669667982,-0.396618145642323,0.184285061232261,0.757225600896707,0.75722560089788,0.0992930971568902,-0.738906958121435,NaN,NaN,0.635934744231843,-0.993750066074348,NaN,NaN,0.715568701904043,NaN,-0.0913276529924312,0.370707329630077
418.7136,-0.805552014776771,0.124591405587825,-0.54851825831115,-0.0425990374479505,0.207796361452375,0.207796361451646,NaN,0.285893766490732,-2.48371842546514,-0.853259445008278,1.99885268866497,-0.853259445008551,-1.08331622568,-1.27275975211421,NaN,NaN,NaN,-0.153884391643214,NaN,-1.20038316291318,-1.12335520729374,NaN,2.15487650657267,NaN,NaN,0.14961371438899,NaN,NaN,-0.317047510356493,0.0113281044270228,0.425258929210293,-0.594393495853597,NaN,NaN,0.518932326205463,-0.407252862313699,0.182036165364025,0.780428011185522,0.78042801118669,0.0656369278680918,-0.723623598850362,NaN,NaN,0.624367120045356,-0.99208900879848,NaN,NaN,0.720721135830888,NaN,-0.0858970859155013,0.373479751996192
418.816,-0.808171773289883,0.14745953967072,-0.516028290999699,-0.0560129709511037,0.229995607097392,0.229995607096665,NaN,0.297777866183335,-2.47725690632682,-0.806953678061548,2.02487826398207,-0.806953678061831,-1.09764450730567,-1.23409360796339,NaN,NaN,NaN,-0.0903177686499293,NaN,-1.20068738482294,-1.14582241976972,NaN,2.15601545604931,NaN,NaN,0.179832592539073,NaN,NaN,-0.322512343852371,-0.0202229668209355,0.469784505397489,-0.573880457300773,NaN,NaN,0.5161632101329,-0.417201659603811,0.179180163818654,0.803303880579871,0.803303880581039,0.033020986070828,-0.708338834384363,NaN,NaN,0.612514388393364,-0.98899157146145,NaN,NaN,0.725638459759144,NaN,-0.0796993882048913,0.377391401695066
418.9184,-0.810026885091031,0.170269670075645,-0.482925712803183,-0.0702132725985193,0.252367599807791,0.252367599807069,NaN,0.309506935506675,-2.46978552829556,-0.759513410281546,2.05007003126811,-0.759513410281838,-1.11126793487687,-1.19480850949084,NaN,NaN,NaN,-0.0254403387366084,NaN,-1.20230720984533,-1.16816877651832,NaN,2.15686169365817,NaN,NaN,0.210201114156581,NaN,NaN,-0.32674728790459,-0.051690113751771,0.515500180542821,-0.551770933531868,NaN,NaN,0.513206476129899,-0.426391332030355,0.175677418051581,0.825828912090872,0.825828912092039,0.00153508317986378,-0.693102765380524,NaN,NaN,0.600387513440969,-0.984440792502752,NaN,NaN,0.73032320418066,NaN,-0.0726916513619649,0.382444994045475
419.0208,-0.811085402660933,0.192965669341268,-0.449266869626553,-0.0852252755006975,0.274868153345066,0.274868153344347,NaN,0.321082997977022,-2.46133661741456,-0.711031989781147,2.07435780391018,-0.711031989781446,-1.12416851677972,-1.15500324287515,NaN,NaN,NaN,0.0405899238020277,NaN,-1.20526023199724,-1.19036423934052,NaN,2.15743538651947,NaN,NaN,0.240664735283055,NaN,NaN,-0.329744232100229,-0.0830597831135291,0.562312389947723,-0.528096462268001,NaN,NaN,0.51012496743135,-0.434753587664503,0.171491249216031,0.84797932990502,0.84797932990619,-0.0287379553137242,-0.677964691370984,NaN,NaN,0.587997202016851,-0.978424959077419,NaN,NaN,0.734777298766594,NaN,-0.0648337950011777,0.388641525048082
419.1232,-0.811320392667894,0.215493357840246,-0.415109732943015,-0.101070647452737,0.297453461198787,0.297453461198073,NaN,0.332509586113691,-2.45194432254129,-0.661606156691536,2.09767207290132,-0.661606156691845,-1.13633058564941,-1.11477780118362,NaN,NaN,NaN,0.107611085245932,NaN,-1.2095590758331,-1.21238001811264,NaN,2.15775634045516,NaN,NaN,0.271167379707918,NaN,NaN,-0.331498976537547,-0.114317234048143,0.610120866176602,-0.502897223502765,NaN,NaN,0.506980926810438,-0.442225419104359,0.166588227897828,0.869731894736897,0.869731894738067,-0.0577224850718366,-0.662973181220565,NaN,NaN,0.575354051168809,-0.970937895232988,NaN,NaN,0.739002137098372,NaN,-0.0560888222423133,0.395980228799343
419.2256,-0.810710232577213,0.237800720240055,-0.380513841483724,-0.117767202248186,0.320080120113672,0.320080120112966,NaN,0.343791639890237,-2.441644687367,-0.611335984676412,2.11994444211483,-0.611335984676729,-1.14774083432284,-1.07423309292785,NaN,NaN,NaN,0.175457874763553,NaN,-1.21521149808272,-1.23418906383758,NaN,2.1578438048477,NaN,NaN,0.301651457386098,NaN,NaN,-0.332011381671985,-0.145446100976902,0.658819042810631,-0.476221789147167,NaN,NaN,0.503835701688671,-0.448749423035446,0.16093844150912,0.891063888905852,0.891063888907019,-0.0853501831812474,-0.648176128568292,NaN,NaN,0.562468686620476,-0.961979237295337,NaN,NaN,0.742998646284165,NaN,-0.0464230782585314,0.404458537120894
419.328,-0.809238842648944,0.259838066443261,-0.345540268397303,-0.135328738072422,0.342705125718572,0.342705125717873,NaN,0.35493538303081,-2.43047569595252,-0.560324849639942,2.14110808270481,-0.560324849640277,-1.15838833133056,-1.03347068058685,NaN,NaN,NaN,0.243962264503994,NaN,-1.2222204649547,-1.25576648198041,NaN,2.15771628363855,NaN,NaN,0.332057881012914,NaN,NaN,-0.33128550008481,-0.176427973000269,0.708294503006311,-0.448126786694217,NaN,NaN,0.500749437251815,-0.454274062913664,0.154515735503097,0.911953073845396,0.911953073846555,-0.111560139836365,-0.633620771878266,NaN,NaN,0.549351888883788,-0.951554699627829,NaN,NaN,0.746767368779588,NaN,-0.0358064955841663,0.414072032979759
419.4304,-0.806895854300669,0.281558145046505,-0.310251602508461,-0.153764900061119,0.365285852169753,0.365285852169061,NaN,0.365948182367546,-2.41847729041334,-0.50867940228802,2.16109820419662,-0.508679402288368,-1.16826452630616,-0.992592537490762,NaN,NaN,NaN,0.312954018200657,NaN,-1.23058422462044,-1.27708984184145,NaN,2.15739135891434,NaN,NaN,0.36232609776574,NaN,NaN,-0.329329680568189,-0.207242013632548,0.758429481869372,-0.418676477607529,NaN,NaN,0.497780756172069,-0.458753874956992,0.147297927702513,0.932377630191936,0.932377630193094,-0.136298909411207,-0.619353667720352,NaN,NaN,0.53601470100323,-0.939676323488234,NaN,NaN,0.750308563032397,NaN,-0.0242128171202752,0.424814392456699
419.5328,-0.803676720246489,0.302916224413244,-0.274711925605306,-0.173081061264582,0.38778003264381,0.387780032643124,NaN,0.376838400147585,-2.40569135314039,-0.456509510303779,2.17985254580632,-0.456509510304147,-1.17736325738652,-0.951700798134976,NaN,NaN,NaN,0.382261216688845,NaN,-1.24029638999721,-1.29813937615138,NaN,2.15688553952081,NaN,NaN,0.392394160092433,NaN,NaN,-0.326156628508744,-0.237864646488803,0.809101422155777,-0.387942261595296,NaN,NaN,0.494986434878187,-0.462149625309262,0.139266996434161,0.952316094725067,0.952316094726217,-0.159520528760974,-0.605420613361757,NaN,NaN,0.522468507939392,-0.926362695308689,NaN,NaN,0.753622320157129,NaN,-0.0116197997397126,0.436677311908976
419.6352,-0.799582777260339,0.32387015750567,-0.238986771067562,-0.193278216396466,0.41014575670517,0.41014575670449,NaN,0.387615250822775,-2.39216164254419,-0.403928139159356,2.19731189480179,-0.403928139159745,-1.18568077190182,-0.910897475683924,NaN,NaN,NaN,0.451710771223028,NaN,-1.25134604368408,-1.31889807503748,NaN,2.1562141489426,NaN,NaN,0.422198857673742,NaN,NaN,-0.321783409097403,-0.268269321745242,0.86018356945017,-0.356002128850078,NaN,NaN,0.492421092742037,-0.464428432169402,0.130409242775226,0.971747306693663,0.971747306694806,-0.181186507465422,-0.591866522932598,NaN,NaN,0.50872508313641,-0.911639125275606,NaN,NaN,0.756708684461802,NaN,0.00199059131005727,0.449650417437923
419.7376,-0.794621273835492,0.344380441566614,-0.203143058165579,-0.214352889600753,0.432341491473767,0.432341491473091,NaN,0.398288669464221,-2.37793367416991,-0.351051154685166,2.2134206440046,-0.351051154685576,-1.19321576330039,-0.870284129638418,NaN,NaN,NaN,0.521128940005667,NaN,-1.26371788047765,-1.33935168195641,NaN,2.15539125697781,NaN,NaN,0.451675921157012,NaN,NaN,-0.316231391553859,-0.29842635336152,0.911545591662298,-0.322940077396308,NaN,NaN,0.490136907166892,-0.465563863514686,0.120715425642049,0.990650370473819,0.990650370474955,-0.20126579394491,-0.578735266434594,NaN,NaN,0.494796610831797,-0.895537785515277,NaN,NaN,0.759567765131158,NaN,0.0166319897136454,0.463721156233777
419.84,-0.788805363906841,0.364410270432961,-0.167249006484777,-0.236297068842394,0.454326117992158,0.454326117991486,NaN,0.408869187347532,-2.36305455036518,-0.297997054597844,2.22812739227199,-0.297997054598273,-1.19996941257817,-0.829961487516852,NaN,NaN,NaN,0.590341858483136,NaN,-1.27739238705081,-1.359488606293,NaN,2.15442964221867,NaN,NaN,0.480760286002844,NaN,NaN,-0.309526143973603,-0.328302798844026,0.963054218189304,-0.288845497382967,NaN,NaN,0.488183355412269,-0.465536011458587,0.110180864608967,1.00900463250835,1.00900463250947,-0.219734721438983,-0.56606947991473,NaN,NaN,0.480695698446201,-0.878097808557516,NaN,NaN,0.762199840683222,NaN,0.0323134427130856,0.478874670553008
419.9424,-0.782154052626171,0.383925564442276,-0.131374040575071,-0.259098185424086,0.476058964439142,0.476058964438474,NaN,0.419367799576934,-2.34757275380015,-0.244886658713551,2.24138557114479,-0.244886658713998,-1.20594541611021,-0.790029045587226,NaN,NaN,NaN,0.659176084674686,NaN,-1.29234603000254,-1.37929977288609,NaN,2.15334076209728,NaN,NaN,0.509386386195521,NaN,NaN,-0.301697291065719,-0.357862360128384,1.01457390244469,-0.253812517594374,NaN,NaN,0.486606970772846,-0.464331537801252,0.0988055018396714,1.02678966300865,1.02678966300976,-0.236576931796862,-0.55391035321569,NaN,NaN,0.46643538694047,-0.859365343896574,NaN,NaN,0.764605475144412,NaN,0.0490392483732567,0.495093654370935
420.0448,-0.774692079824243,0.402894966195223,-0.0955886895617368,-0.282739150748313,0.497499825273126,0.497499825272464,NaN,0.429795812296333,-2.33153791943497,-0.191842787555379,2.25315407505406,-0.191842787555836,-1.21114999345507,-0.750584672897151,NaN,NaN,NaN,0.727459161018596,NaN,-1.30855142612146,-1.39877842069093,NaN,2.15213471468478,NaN,NaN,0.53748845493617,NaN,NaN,-0.292778339036224,-0.387065304139032,1.06596751359505,-0.217939310770594,NaN,NaN,0.485451098480154,-0.461943684641579,0.086593917207108,1.04398523659211,1.04398523659322,-0.251783267293042,-0.542297400779354,NaN,NaN,0.452029158307947,-0.839393570763051,NaN,NaN,0.766785660082868,NaN,0.0668088247019632,0.512358196002403
420.1472,-0.766449739971745,0.421289805134641,-0.0599644761107367,-0.307198452559273,0.518608971167908,0.518608971167252,NaN,0.440164668141388,-2.31500059107778,-0.138989938145309,2.26339787982031,-0.138989938145781,-1.21559188262586,-0.711724223415015,NaN,NaN,NaN,0.795020198750078,NaN,-1.32597749879424,-1.41791984852989,NaN,2.15082019223138,NaN,NaN,0.565000832850811,NaN,NaN,-0.282806463945378,-0.415868414414397,1.1170970634708,-0.181327354714925,NaN,NaN,0.484755645311405,-0.458372245483397,0.0735552955308024,1.06057131489608,1.06057131489718,-0.26535161837857,-0.531268221289063,NaN,NaN,0.437490939170868,-0.818242664356175,NaN,NaN,0.768741974171851,NaN,0.085616610931657,0.530645612397632
420.2496,-0.757462645377338,0.439084039469337,-0.0245737879148542,-0.332450309825162,0.539347159955451,0.539347159954801,NaN,0.450485754226022,-2.29801196542985,-0.0864539466959317,2.27208862567909,-0.0864539466964124,-1.21928232603401,-0.673541150419483,NaN,NaN,NaN,0.86169047936649,NaN,-1.34458963737373,-1.43672110746213,NaN,2.14940443417302,NaN,NaN,0.591858290488611,NaN,NaN,-0.271822264159425,-0.444224989082653,1.16782446646596,-0.14408065388512,NaN,NaN,0.484556827253643,-0.453623493923426,0.0597033430859503,1.07652803319323,1.07652803319433,-0.277286714927991,-0.520858258629133,NaN,NaN,0.422835108879608,-0.79597970784258,NaN,NaN,0.770476740514613,NaN,0.105452002508245,0.549930278259285
420.352,-0.747771437157691,0.456254178043076,0.0105102681090966,-0.358464882460084,0.559675652911416,0.559675652910775,NaN,0.460770198890694,-2.28062362539549,-0.0343616211890903,2.27920511968724,-0.0343616211895839,-1.22223503667492,-0.636126123640031,NaN,NaN,NaN,0.927304040693622,NaN,-1.36434986550582,-1.45518065866031,NaN,2.1478931849638,NaN,NaN,0.61799635625979,NaN,NaN,-0.259869486846004,-0.472084903147586,1.21801230646484,-0.106304949408868,NaN,NaN,0.484886929030764,-0.447710070667017,0.0450561482836031,1.09183568525698,1.09183568525807,-0.287599849922008,-0.511100588725449,NaN,NaN,0.40807652817625,-0.772678541256639,NaN,NaN,0.771993166096204,NaN,0.12629931957347,0.570183457952461
420.4544,-0.737421447665422,0.472779184274494,0.0452140287757332,-0.385208521050071,0.579556239611783,0.57955623961115,NaN,0.471028669863297,-2.26288726079325,0.0171596727973061,2.28473371040657,0.0171596727968053,-1.22446613580426,-0.599566655490051,NaN,NaN,NaN,0.991698200670074,NaN,-1.38521701737721,-1.47329802780808,NaN,2.14629065926431,NaN,NaN,0.643351630821478,NaN,NaN,-0.246994736068513,-0.499394753808955,1.26752456479474,-0.0681069634556942,NaN,NaN,0.485774094761724,-0.440650835981625,0.0296359906452442,1.10647470053534,1.10647470053642,-0.296308535631526,-0.502025759786266,NaN,NaN,0.39323059739886,-0.748419544176851,NaN,NaN,0.773295452370021,NaN,0.148137796707196,0.591373162442568
420.5568,-0.726462323434825,0.488640374082289,0.0794634646110283,-0.412644033637378,0.598951282084979,0.598951282084357,NaN,0.481271192228359,-2.24485437423134,0.0679824839671866,2.28866851338046,0.0679824839666801,-1.22599406919785,-0.563946737975827,NaN,NaN,NaN,1.05471398921755,NaN,-1.40714692339906,-1.49107347787942,NaN,2.144599516875,NaN,NaN,0.667862079378665,NaN,NaN,-0.23324715951508,-0.526098096637671,1.31622727633428,-0.0295937078013403,NaN,NaN,0.487242163984128,-0.432470695977933,0.0134691151635598,1.12042561706175,1.12042561706282,-0.3034361088455,-0.493661696385395,NaN,NaN,0.378313336342989,-0.723289353998884,NaN,NaN,0.774388869380407,NaN,0.170941578087974,0.613464058401915
420.6592,-0.714947621169762,0.50382132327303,0.113184408988118,-0.440730956561441,0.617823788214826,0.617823788214216,NaN,0.491506998136722,-2.22657597365681,0.117979803666569,2.29101149341335,0.11797980366605,-1.22683951249509,-0.52934648691713,NaN,NaN,NaN,1.11619649376854,NaN,-1.43009260545818,-1.50850770591289,NaN,2.14282084631846,NaN,NaN,0.691467307591644,NaN,NaN,-0.218678111551816,-0.552135758191084,1.36398911689167,0.00912814993619332,NaN,NaN,0.489310555474666,-0.423200402033096,-0.00341451317426006,1.13366906084115,1.13366906084221,-0.309011309004134,-0.486033651964683,NaN,NaN,0.363341471308912,-0.697380520652771,NaN,NaN,0.775279795283815,NaN,0.19467971653014,0.636417443894256
420.7616,-0.702934383862337,0.518307787094987,0.146302824044245,-0.469425837528929,0.636137508759103,0.636137508758505,NaN,0.501744403618922,-2.20810225606932,0.167025636448177,2.29177242065523,0.167025636447652,-1.22702526095114,-0.495841795100231,NaN,NaN,NaN,1.17599514741808,NaN,-1.45400447522693,-1.52560156170619,NaN,2.14095414955552,NaN,NaN,0.714108825327847,NaN,NaN,-0.203340803941418,-0.577446195925911,1.41068194494977,0.0479528840018991,NaN,NaN,0.491994193453382,-0.412876314906887,-0.0209814764686325,1.14618573842517,1.14618573842621,-0.313067849179592,-0.479164181397407,NaN,NaN,0.348332524723352,-0.67079109550669,NaN,NaN,0.775975734157039,NaN,0.21931619110342,0.66019128517999
420.864,-0.69048269479645,0.532087619665919,0.178745086682979,-0.498682550031282,0.65385704019216,0.653857040191568,NaN,0.511990697495379,-2.18948228962838,0.214995592644218,2.29096871726717,0.214995592643687,-1.22657608917757,-0.463504004025299,NaN,NaN,NaN,1.23396398621817,NaN,-1.47883052561496,-1.54235578496596,NaN,2.13899732019314,NaN,NaN,0.735730293008628,NaN,NaN,-0.187289963712188,-0.601965883177205,1.45618131517319,0.0867762819621223,NaN,NaN,0.495303469290922,-0.401540128540053,-0.0391952053064707,1.15795643866681,1.15795643866785,-0.315643989742132,-0.473073113979469,NaN,NaN,0.333304912866723,-0.643624151945512,NaN,NaN,0.776485326919025,NaN,0.244809962557466,0.684740293703277
420.9664,-0.677655202969768,0.545150679299652,0.21043827926767,-0.528452652025227,0.670947918590155,0.670947918589572,NaN,0.522252030576035,-2.17076370365001,0.261767487156789,2.28862520482698,0.261767487156258,-1.22551857144397,-0.432399603503533,NaN,NaN,NaN,1.28996188823773,NaN,-1.50451650749591,-1.55877075597982,NaN,2.13694661249528,NaN,NaN,0.756277744242424,NaN,NaN,-0.170581509330278,-0.625629718472134,1.50036697120317,0.125496189839048,NaN,NaN,0.499244230657589,-0.389238553266617,-0.0580163246083776,1.16896203344907,1.16896203345009,-0.31678211180269,-0.467777527248734,NaN,NaN,0.318278055287825,-0.615987237308787,NaN,NaN,0.776818364207078,NaN,0.271115080582423,0.710016020870321
421.0688,-0.664516616242597,0.557488714539629,0.241310480469231,-0.558685788850731,0.687376699870423,0.687376699869849,NaN,0.532533301471657,-2.15199239205021,0.307221941067705,2.28477374998411,0.307221941067174,-1.22388085950264,-0.402589960326269,NaN,NaN,NaN,1.34385279813917,NaN,-1.53100608652058,-1.57484625791119,NaN,2.13479659797865,NaN,NaN,0.775699783886347,NaN,NaN,-0.153272240300094,-0.64837147696195,1.5431233216479,0.164013033407954,NaN,NaN,0.503817787524381,-0.376022957780107,-0.0774030464090729,1.1791834701903,1.17918347019133,-0.316528282836607,-0.463291734472578,NaN,NaN,0.303272490050596,-0.587991754941904,NaN,NaN,0.776985801974455,NaN,0.298180848421162,0.735966963029428
421.1712,-0.651133168942182,0.569095238233353,0.271291061288882,-0.589330126657242,0.703111032490196,0.703111032489634,NaN,0.542838043846708,-2.13321222566525,0.351242995287484,2.27945280051407,0.351242995286953,-1.22169242272487,-0.374131068782053,NaN,NaN,NaN,1.39550593557783,NaN,-1.55824097651674,-1.59058125842756,NaN,2.13254010434946,NaN,NaN,0.793947766382571,NaN,NaN,-0.135419525168866,-0.670124322359703,1.58433989903337,0.202230319584405,NaN,NaN,0.509020927852996,-0.361948974398153,-0.0973116021715904,1.18860175992039,1.18860175992141,-0.314931817132609,-0.459627295489691,NaN,NaN,0.288309981336374,-0.559752272352238,NaN,NaN,0.776999769560507,NaN,0.325952040450789,0.762538685494069
421.2736,-0.637572089136615,0.579965411581329,0.300310996602889,-0.620332786694449,0.718119739314594,0.718119739314042,NaN,0.55316833129194,-2.1144647618516,0.393718749096653,2.27270682045764,0.393718749096119,-1.21898377331097,-0.347073310091145,NaN,NaN,NaN,1.44479598137267,NaN,-1.58616105067446,-1.60597372617356,NaN,2.13016814043534,NaN,NaN,0.810975968002688,NaN,NaN,-0.11708097020844,-0.690821376709306,1.62391179597542,0.240055117072158,NaN,NaN,0.514845948188276,-0.347076086752987,-0.117696691181115,1.19719798042449,1.1971979804255,-0.31204484951726,-0.456793048536892,NaN,NaN,0.273413604993593,-0.531385758831089,NaN,NaN,0.776873549121732,NaN,0.35436915402095,0.789673978532069
421.376,-0.623901102383263,0.59009596763711,0.328303203457645,-0.651640240091238,0.732372929912993,0.732372929912447,NaN,0.563524723862134,-2.09578894132587,0.434542029927164,2.26458565653919,0.434542029926631,-1.21578621393235,-0.321461206813281,NaN,NaN,NaN,1.49160323579342,NaN,-1.61470443992936,-1.62102049991843,NaN,2.12766982565871,NaN,NaN,0.826741773389305,NaN,NaN,-0.0983140529380791,-0.710396317595885,1.66174006945526,0.277398509350572,NaN,NaN,0.52128071636511,-0.33146722792234,-0.138511907865996,1.20495332488282,1.20495332488382,-0.307921950492003,-0.454795148920873,NaN,NaN,0.258607805837199,-0.503010772187747,NaN,NaN,0.77662150568916,NaN,0.383368662180382,0.817313052345144
421.4784,-0.610187994337559,0.599485191640936,0.355202912111416,-0.683198633485093,0.745842156321165,0.745842156320627,NaN,0.573906274446076,-2.07722076909101,0.47361109091242,2.25514386767563,0.473611090911893,-1.21213163475406,-0.297333165585524,NaN,NaN,NaN,1.53581374623967,NaN,-1.64380763459515,-1.63571722489494,NaN,2.12503234647579,NaN,NaN,0.841205888979262,NaN,NaN,-0.0791757174056112,-0.728783961474912,1.69773210366778,0.314176010018125,NaN,NaN,0.528308783645632,-0.315188406657384,-0.159710118334175,1.21184921967149,1.21184921967249,-0.302619806016571,-0.453637099230817,NaN,NaN,0.243918437357665,-0.474746620774349,NaN,NaN,0.776258961124391,NaN,0.412883239473918,0.845393769846349
421.5808,-0.596500226753901,0.608132950839225,0.38094806362548,-0.714954048060148,0.758500607064825,0.758500607064291,NaN,0.584310595501248,-2.05879298647913,0.510830322601674,2.24444002511936,0.510830322601149,-1.20805235839439,-0.274721217123388,NaN,NaN,NaN,1.5773194048839,NaN,-1.67340560637395,-1.65005835791333,NaN,2.12224095005645,NaN,NaN,0.854332578126134,NaN,NaN,-0.0597219512755903,-0.745920804699585,1.7318019299228,0.350307937811789,NaN,NaN,0.535909549907855,-0.298308357129366,-0.181243785849075,1.21786751008425,1.21786751008525,-0.296196961490987,-0.453319769976572,NaN,NaN,0.229372806061908,-0.446712517357528,NaN,NaN,0.775802019242649,NaN,0.442841966496476,0.873851912318122
421.6832,-0.582904591163143,0.616040751074934,0.405479713756073,-0.746852720984566,0.77032331811462,0.770323318114088,NaN,0.594733968931411,-2.04053475383008,0.54611095410447,2.23253597133452,0.546110954103948,-1.20358101122405,-0.253650777913276,NaN,NaN,NaN,1.61601802437797,NaN,-1.7034319648797,-1.66403722440681,NaN,2.11927896917239,NaN,NaN,0.866089901827137,NaN,NaN,-0.0400073789028856,-0.761745517353716,1.76387051533506,0.385719761097876,NaN,NaN,0.544058468608904,-0.280898191981714,-0.203065270942896,1.22299068690407,1.22299068690506,-0.28871360348793,-0.453841425695187,NaN,NaN,0.214999733622862,-0.419026729987928,NaN,NaN,0.775267353314093,NaN,0.473170549943015,0.902621477544587
421.7856,-0.56946689216666,0.623211798077093,0.428742416860503,-0.77884125689021,0.781287375272532,0.781287375272001,NaN,0.605171473488731,-2.02247136955747,0.579371712151533,2.2194960311676,0.579371712151012,-1.19875039727497,-0.23414046211037,NaN,NaN,NaN,1.6518134062614,NaN,-1.73381915365557,-1.67764610229555,NaN,2.11612786443153,NaN,NaN,0.87644994626745,NaN,NaN,-0.0200848968091036,-0.776199400997737,1.7938660324228,0.420342420155374,NaN,NaN,0.552727270740616,-0.263031039848693,-0.22512713223346,1.2272021173813,1.22720211738229,-0.280231349748084,-0.455197772438247,NaN,NaN,0.200829631838788,-0.39180573554387,NaN,NaN,0.774671967831173,NaN,0.503791597541529,0.931635013389983
421.888,-0.556251656176936,0.629651048243283,0.450684570439529,-0.81086683799353,0.791372090148757,0.791372090148228,NaN,0.615617107788098,-2.00462404338759,0.610539410499757,2.20538619506753,0.610539410499233,-1.19359336006443,-0.216201961468362,NaN,NaN,NaN,1.68461541108799,NaN,-1.7644986689744,-1.69087631704485,NaN,2.11276727151853,NaN,NaN,0.88538901616625,NaN,NaN,-5.35880646311785e-06,-0.789226821222147,1.82172410666856,0.454112620990239,NaN,NaN,0.561884189769459,-0.244781664729768,-0.247382434431557,1.23048625308945,1.23048625309042,-0.270813034418524,-0.45738203025439,NaN,NaN,0.186894576148835,-0.365163392401427,NaN,NaN,0.77403295022885,NaN,0.534624973739969,0.96082398155231
421.9904,-0.543321859255601,0.635365242158754,0.471258715828737,-0.842877426168872,0.800559145298176,0.800559145297642,NaN,0.626063898056317,-1.98700972565448,0.639549456012924,2.19027331489653,0.639549456012397,-1.18814262998629,-0.19983999303961,NaN,NaN,NaN,1.71434002845792,NaN,-1.79540126641305,-1.70371834538668,NaN,2.10917504669595,NaN,NaN,0.89288777689638,NaN,NaN,0.0201826956958942,-0.800775617873779,1.84738802920288,0.486973087558792,NaN,NaN,0.571494176344768,-0.22622608105901,-0.269785051947675,1.23282880464042,1.23282880464138,-0.260522486403049,-0.460385026306654,NaN,NaN,0.173228355934077,-0.339210157061663,NaN,NaN,0.773367229873389,NaN,0.565588245113528,0.990119135684496
422.0928,-0.530738670524875,0.640362925260369,0.49042180499617,-0.874821944936371,0.808832717264351,0.808832717263813,NaN,0.636503990453025,-1.96964098328746,0.666346277120178,2.17422434860047,0.666346277119655,-1.18243066374783,-0.185052298574376,NaN,NaN,NaN,1.74090944487551,NaN,-1.82645713183402,-1.71616192649598,NaN,2.10532731154293,NaN,NaN,0.898931344938316,NaN,NaN,0.0404332790428995,-0.81079749146908,1.87080892841242,0.518872766432466,NaN,NaN,0.581519099588332,-0.207441180750301,-0.29228995055917,1.23421688966386,1.2342168896648,-0.24942429848792,-0.46419530666696,NaN,NaN,0.159866469481045,-0.314052364496109,NaN,NaN,0.772691355599591,NaN,0.59659720117334,1.01945090086121
422.1952,-0.518561215965825,0.644654471933448,0.508135453884971,-0.906650428157022,0.816179596427213,0.816179596426673,NaN,0.64692873594386,-1.95252590891399,0.690883698720416,2.15730567349792,0.690883698719897,-1.17648948615393,-0.17182966932475,NaN,NaN,NaN,1.76425211667984,NaN,-1.8575960221134,-1.72819617589902,NaN,2.10119850649483,NaN,NaN,0.90350934563854,NaN,NaN,0.0607031646353127,-0.8192483619069,1.89194590600646,0.549766986783935,NaN,NaN,0.591917939695012,-0.188504380843429,-0.314853430323192,1.23463917115258,1.23463917115352,-0.23758358898384,-0.468799262219852,NaN,NaN,0.146846038273996,-0.289791576313856,NaN,NaN,0.772021292106224,NaN,0.627566415754186,1.04874975353395
422.2976,-0.506846373006542,0.648252134764266,0.524366205906767,-0.938314122688069,0.822589326221425,0.822589326220887,NaN,0.657328781653988,-1.93566804855027,0.713125293678599,2.13958247799494,0.713125293678081,-1.17035054605019,-0.16015596780525,NaN,NaN,NaN,1.7843028612554,NaN,-1.88874739422973,-1.73980969879092,NaN,2.09676146626858,NaN,NaN,0.906615965718814,NaN,NaN,0.0809520731984934,-0.826088690263869,1.91076614582892,0.579617580340211,NaN,NaN,0.6026469814854,-0.169493293235995,-0.337433315970807,1.23408600519023,1.23408600519116,-0.225065768338332,-0.474181251559304,NaN,NaN,0.134205643431463,-0.266523990880493,NaN,NaN,0.771372228442231,NaN,0.658409811464953,1.07794660514785
422.4,-0.495648602849995,0.651170129508129,0.539085815325743,-0.969765539484541,0.828054372723863,0.828054372723321,NaN,0.667694180612267,-1.91906633988466,0.73304472357934,2.12111823531219,0.733044723578821,-1.1640445944553,-0.150008133532215,NaN,NaN,NaN,1.8010029723391,NaN,-1.91984053963029,-1.75099069841198,NaN,2.09198752391023,NaN,NaN,0.90825001750619,NaN,NaN,0.101142836752049,-0.831283751155248,1.92724499646468,0.608392962179894,NaN,NaN,0.613660017368909,-0.150485413435419,-0.359989090462566,1.23254960588082,1.23254960588175,-0.211936325407722,-0.48032370362387,NaN,NaN,0.12198511058915,-0.244339912990884,NaN,NaN,0.770758393511663,NaN,0.689041202002908,1.10697318407326
422.5024,-0.485019816333568,0.653424740387424,0.552271530916498,-1.00095846324744,0.832570308806816,0.832570308806275,NaN,0.678014517296441,-1.90271507036642,0.750626046571292,2.10197425230336,0.750626046570776,-1.15760158162804,-0.141356191886659,NaN,NaN,NaN,1.81430034696352,NaN,-1.95080473694317,-1.76172706900198,NaN,2.08684663841576,NaN,NaN,0.908415005368605,NaN,NaN,0.1212415315023,-0.834803849692084,1.94136601989471,0.636068169141309,NaN,NaN,0.624908559816276,-0.131557823639457,-0.382481983066979,1.23002421398332,1.23002421398424,-0.198260636424138,-0.487207204843843,NaN,NaN,0.110225278263478,-0.223323287355443,NaN,NaN,0.770192878108827,NaN,0.719374805041187,1.13576240105207
422.6048,-0.475009260466095,0.65503441162954,0.563906339667417,-1.03184794325771,0.836135976290122,0.836135976289581,NaN,0.688279030366565,-1.88660387773756,0.765863946999855,2.08220927659328,0.76586394699934,-1.1510505601304,-0.134163308450226,NaN,NaN,NaN,1.82414960069231,NaN,-1.98156942799073,-1.77200646570118,NaN,2.08130753288326,NaN,NaN,0.907119163280835,NaN,NaN,0.141217565612427,-0.836624490360071,1.95312099584835,0.662624852533711,NaN,NaN,0.636342053147179,-0.112786907197123,-0.40487503469125,1.2265062399907,1.22650623999162,-0.184103785827857,-0.494810596374621,NaN,NaN,0.0989677877610466,-0.203551302938118,NaN,NaN,0.769687464284573,NaN,0.749325738969214,1.16424868328028
422.7072,-0.465663415224794,0.656019796667883,0.57397913647919,-1.06239028616522,0.838753593717922,0.838753593717384,NaN,0.698476711879103,-1.87071780983804,0.778763851370047,2.06187914497194,0.778763851369535,-1.14441958174913,-0.128385924555307,NaN,NaN,NaN,1.83051215807342,NaN,-2.01206441016104,-1.78181635936932,NaN,2.07533782896029,NaN,NaN,0.904375434273187,NaN,NaN,0.16104371301635,-0.836726513589229,1.96250987568158,0.68805122497222,NaN,NaN,0.647908070925624,-0.0942480733416811,-0.427133161651534,1.22199435536475,1.22199435536567,-0.169530384872354,-0.503111105468705,NaN,NaN,0.0882549214075427,-0.185094076629977,NaN,NaN,0.769252462919071,NaN,0.778810529427594,1.19236827339614
422.8096,-0.457025897499855,0.656403756004917,0.58248480897849,-1.09254305972909,0.840428799109804,0.840428799109269,NaN,0.708596372955598,-1.85503744312726,0.789341925544142,2.04103646398575,0.789341925543635,-1.13773558361399,-0.123973983256723,NaN,NaN,NaN,1.83335632546079,NaN,-2.04222002881301,-1.79114409447297,NaN,2.06890416663642,NaN,NaN,0.900201381259263,NaN,NaN,0.180696094152906,-0.835096214835501,1.96954068677154,0.712341963530645,NaN,NaN,0.659552491233871,-0.0760154911602062,-0.449223227791223,1.21648952298277,1.21648952298369,-0.154604383834732,-0.512084516211514,NaN,NaN,0.0781294865622415,-0.168014421642586,NaN,NaN,0.768896562821702,NaN,0.807747641433217,1.22005950001702
422.912,-0.449137371281253,0.656211310704568,0.5894242489076,-1.12226510553714,0.841170638331622,0.841170638331092,NaN,0.718626678178264,-1.83953904694215,0.797624973684938,2.01973032241264,0.797624973684434,-1.1310242657355,-0.120871229358156,NaN,NaN,NaN,1.83265736283649,NaN,-2.07196735090007,-1.7999769633426,NaN,2.06197230716729,NaN,NaN,0.894619038580434,NaN,NaN,0.200154110581476,-0.831725455256474,1.97422939557306,0.73549807282658,NaN,NaN,0.671219652175791,-0.0581618314793277,-0.471114122303558,1.20999497596446,1.20999497596538,-0.139388887763911,-0.521705365042367,NaN,NaN,0.068634723965364,-0.152367693685211,NaN,NaN,0.768626698514379,NaN,0.836058024636711,1.24726302214132
423.0144,-0.4420354626066,0.655469568609243,0.594804317532039,-1.15151655158499,0.840991523591399,0.840991523590869,NaN,0.72855616022563,-1.82419477569498,0.803650272554509,1.99800604157714,0.803650272554008,-1.12430996745693,-0.119015550550204,NaN,NaN,NaN,1.82839756570653,NaN,-2.1012383052994,-1.80830229968896,NaN,2.05450723046576,NaN,NaN,0.887654727599929,NaN,NaN,0.219400343033982,-0.826611766377193,1.97659974198923,0.757526712935293,NaN,NaN,0.682852496973514,-0.0407580161577211,-0.492776831544012,1.20251616611608,1.20251616611699,-0.123945991688767,-0.531947136395809,NaN,NaN,0.0598142275496083,-0.138201694452494,NaN,NaN,0.7684479449164,NaN,0.863665631529557,1.27392204115779
423.1168,-0.435754678445566,0.654207646888149,0.598637801841,-1.18025881186629,0.839907192683521,0.839907192682995,NaN,0.738373231915009,-1.80897286961816,0.807465379644593,1.9759049732513,0.807465379644096,-1.11761555397512,-0.118339320074719,NaN,NaN,NaN,1.82056635842173,NaN,-2.12996577905327,-1.81610758083297,NaN,2.04647324692839,NaN,NaN,0.879338865319916,NaN,NaN,0.238420427142128,-0.819758444400611,1.97668305711685,0.77844099671051,NaN,NaN,0.694392720255511,-0.0238729762513845,-0.514184489034459,1.19406070860803,1.19406070860894,-0.108336646445972,-0.542782436084746,NaN,NaN,0.0517118800951609,-0.125556608552111,NaN,NaN,0.768363443102328,NaN,0.890497860784961,1.29998247645747
423.2192,-0.430326327773926,0.652456610075428,0.600943392374357,-1.20845456320574,0.837936692670774,0.837936692670249,NaN,0.748066211278458,-1.7938378488455,0.809127944707681,1.95346435380178,0.809127944707196,-1.11096232256998,-0.118769711572278,NaN,NaN,NaN,1.80916039375625,NaN,-2.15808365914059,-1.82338051273811,NaN,2.0378341385719,NaN,NaN,0.869705787541668,NaN,NaN,0.257202924280078,-0.811174624270767,1.97451806940599,0.798259758558855,NaN,NaN,0.705780926941879,-0.00757342167357272,-0.535312391729784,1.18463834333732,1.18463834333824,-0.0926205593487598,-0.55418313068292,NaN,NaN,0.0443718170996154,-0.114464956954788,NaN,NaN,0.768374354868681,NaN,0.916485901482063,1.32539310464163
423.3216,-0.425778440176284,0.650249422288009,0.601745684950998,-1.23606770195958,0.835102387364225,0.835102387363704,NaN,0.757623363100355,-1.77875070035049,0.808705523035562,1.9307172151485,0.808705523035091,-1.10436992946349,-0.120228988193577,NaN,NaN,NaN,1.79418364975226,NaN,-2.18552681353332,-1.83010907247373,NaN,2.02855332839321,NaN,NaN,0.858793585497578,NaN,NaN,0.275739196346497,-0.800875322630739,1.97015069262463,0.817007293119665,NaN,NaN,0.716956811251052,0.0080763766182267,-0.556137984268609,1.17426091224804,1.17426091224895,-0.0768561306817396,-0.566120454126724,NaN,NaN,0.0378384250592646,-0.104951565789916,NaN,NaN,0.768479840042147,NaN,0.941564990209139,1.35010565733232
423.424,-0.422135676980383,0.647620888258986,0.60107517217979,-1.2630632976665,0.8314299587737,0.831429958773182,NaN,0.767032942884725,-1.76366907717968,0.806275350795975,1.90769234250922,0.806275350795514,-1.09785632739627,-0.122634803447004,NaN,NaN,NaN,1.7756475148832,NaN,-2.21223102157637,-1.83628150649352,NaN,2.01859406146394,NaN,NaN,0.846643929684698,NaN,NaN,0.294023277116831,-0.788881445613627,1.96363378143427,0.834713060533554,NaN,NaN,0.727859353637483,0.0230147941815488,-0.576640828402388,1.16294232835036,1.16294232835126,-0.0611004227185988,-0.578565095175796,NaN,NaN,0.0321563588132427,-0.0970335707844931,NaN,NaN,0.768677051391127,NaN,0.965674616273581,1.37407486778511
423.5264,-0.419419236298478,0.644607549928847,0.598968172747695,-1.28940756515296,0.82694836028666,0.826948360286149,NaN,0.776283220251483,-1.74854753954543,0.801924028626718,1.88441426413929,0.801924028626264,-1.09143769955281,-0.125900563912011,NaN,NaN,NaN,1.75357085591664,NaN,-2.23813289165916,-1.84188630800452,NaN,2.00791957656678,NaN,NaN,0.833301846550386,NaN,NaN,0.312051723989321,-0.775219767952652,1.95502684380656,0.851411357008163,NaN,NaN,0.738427022827725,0.0371830542001383,-0.596802579518128,1.15069850508219,1.1506985050831,-0.0454091478866007,-0.591487289437055,NaN,NaN,0.0273705443558809,-0.0907204855892882,NaN,NaN,0.768961144638342,NaN,0.988758720715056,1.39725846639
423.6288,-0.417646762247509,0.641247518205611,0.595466657957478,-1.31506786892977,0.82168969069472,0.82168969069422,NaN,0.785362465379841,-1.73333785801528,0.795747078989806,1.86090326169628,0.795747078989357,-1.08512837992145,-0.12993588737698,NaN,NaN,NaN,1.72798006263004,NaN,-2.26316981764911,-1.84691219941414,NaN,1.99649325371533,NaN,NaN,0.818815426347045,NaN,NaN,0.329823435883943,-0.759922895030026,1.94439570824142,0.867140952507706,NaN,NaN,0.748597967137166,0.0505254237904602,-0.616606984525198,1.13754722644685,1.13754722644775,-0.0298366522843744,-0.604856943234436,NaN,NaN,0.0235261383647517,-0.0860143464349139,NaN,NaN,0.769325302402717,NaN,1.01076593125775,1.41961714553883
423.7312,-0.416832267310164,0.637580239723748,0.59061796703787,-1.34001276220869,0.815688983260708,0.815688983260215,NaN,0.794258896807135,-1.71798937807209,0.787848377755589,1.8371753967626,0.787848377755149,-1.07894075868529,-0.134647158508289,NaN,NaN,NaN,1.69890906174102,NaN,-2.2872800003336,-1.85134812643492,NaN,1.98427873397596,NaN,NaN,0.80323546239952,NaN,NaN,0.347339429395383,-0.743029216646233,1.93181215023387,0.881944699669355,NaN,NaN,0.758310187300556,0.0629894046947268,-0.636039903415725,1.12350795794219,1.12350795794308,-0.0144358725218075,-0.618643805726211,NaN,NaN,0.0206684314866175,-0.0829099275983848,NaN,NaN,0.769760773128536,NaN,1.0316498404919,1.44111451784801
423.8336,-0.416986064682235,0.633646212610297,0.58447443549282,-1.36421205379007,0.808983928384665,0.808983928384179,NaN,0.802960601031804,-1.70244942942648,0.778339488373851,1.81324255546912,0.778339488373414,-1.07288517876848,-0.139938155451583,NaN,NaN,NaN,1.66639929870411,NaN,-2.3104025218135,-1.85518325026475,NaN,1.97124001877988,NaN,NaN,0.786615042653028,NaN,NaN,0.364602573498514,-0.724582854659305,1.91735348689355,0.895869120934435,NaN,NaN,0.767501696273863,0.0745259181510785,-0.655089346369173,1.10860161599834,1.10860161599923,0.000741737775445402,-0.632817678807966,NaN,NaN,0.0188426952237471,-0.0813950180695174,NaN,NaN,0.770256930434302,NaN,1.05136927714196,1.46171706658719
423.936,-0.418114703440479,0.629486672591562,0.577092975610338,-1.38763689011073,0.801614561528404,0.801614561527925,NaN,0.811455441393103,-1.68666375888593,0.767338937470128,1.78911251854755,0.767338937469697,-1.06696983445901,-0.145710706853668,NaN,NaN,NaN,1.63049969555758,NaN,-2.33247745335418,-1.85840692244668,NaN,1.95734156533322,NaN,NaN,0.769009126239595,NaN,NaN,0.381617291261125,-0.704633598172537,1.90110215034133,0.908963982031287,NaN,NaN,0.776110679684046,0.0850894841605365,-0.67374551146634,1.09285032402907,1.09285032402996,0.0156462952265086,-0.647348629929354,NaN,NaN,0.0180939822170886,-0.0814507484336612,NaN,NaN,0.770801360329866,NaN,1.06988849331505,1.48139406755207
424.0384,-0.420220911142813,0.62514327362737,0.568534641806804,-1.41025983765971,0.793622946480441,0.793622946479969,NaN,0.819730976386568,-1.67057696791663,0.754971465665999,1.76478906703397,0.754971465665572,-1.06120068403981,-0.151865343493206,NaN,NaN,NaN,1.59126659304685,NaN,-2.35344600078365,-1.86100863543006,NaN,1.94254839976939,NaN,NaN,0.750474136401913,NaN,NaN,0.398389239173163,-0.683236810219576,1.88314524605411,0.921281855406663,NaN,NaN,0.784075670453094,0.0946383932754784,-0.692000807123548,1.07627718291877,1.07627718291965,0.0302295663342775,-0.662207171933579,NaN,NaN,0.0184668927446736,-0.0830519509045713,NaN,NaN,0.771379979995266,NaN,1.08717722662443,1.50011747516365
424.1408,-0.423303556449233,0.620657779863874,0.558864194883818,-1.43205495704234,0.785052869044535,0.785052869044069,NaN,0.827774401175285,-1.65413294382976,0.741367270005139,1.74027213027023,0.74136727000471,-1.05558138380993,-0.158301928774774,NaN,NaN,NaN,1.54876367593589,NaN,-2.37325070446127,-1.86297794539612,NaN,1.9268262630012,NaN,NaN,0.731067585164798,NaN,NaN,0.414924970305853,-0.660453285592755,1.8635740927285,0.932877669641659,NaN,NaN,0.791335746853415,0.103134867607119,-0.709849850637433,1.05890607109742,1.05890607109831,0.0444450279580183,-0.677364395327451,NaN,NaN,0.0200053215656341,-0.0861675354866491,NaN,NaN,0.771977183084474,NaN,1.10321065066833,1.51786178773503
424.2432,-0.427357633955479,0.616071765782964,0.548149658424273,-1.45299787486821,0.775949533063855,0.7759495330634,NaN,0.835572508413663,-1.63727528735787,0.726661229454247,1.71555797221871,0.72666122945382,-1.05011324160284,-0.164920278713808,NaN,NaN,NaN,1.50306187169467,NaN,-2.39183568934765,-1.86430437060407,NaN,1.91014178551837,NaN,NaN,0.710847718442478,NaN,NaN,0.431231584614039,-0.636349048780544,1.84248373178738,0.94380823659639,NaN,NaN,0.797830757202443,0.110545208095688,-0.727289447625605,1.04076146799463,1.04076146799553,0.0582479095486948,-0.692792064133436,NaN,NaN,0.0227522061314789,-0.0907608795548512,NaN,NaN,0.77257599730467,NaN,1.11796924788222,1.5346039102942
424.3456,-0.432374258857762,0.611426303563123,0.536461846661551,-1.47306587208874,0.766359233034797,0.766359233034359,NaN,0.843111649231368,-1.61994775182567,0.71099208623404,1.69063940242105,0.710992086233618,-1.04479518032407,-0.171620799523471,NaN,NaN,NaN,1.4542392127548,NaN,-2.40914693708521,-1.8649772847093,NaN,1.89246267175704,NaN,NaN,0.689873150787203,NaN,NaN,0.447316372344369,-0.610995097552178,1.81997239378451,0.95413174965376,NaN,NaN,0.803501567274736,0.116839925998481,-0.744318567382099,1.02186827799073,1.02186827799164,0.0715952246336407,-0.708462698559646,NaN,NaN,0.0267493027770366,-0.0967902445359903,NaN,NaN,0.773158239197941,NaN,1.13143863942319,1.55032302449448
424.448,-0.438340658475404,0.606761616786586,0.523873843881102,-1.49223800596545,0.756328978351178,0.756328978350758,NaN,0.850377676911672,-1.60209470980567,0.69450155611487,1.66550599803729,0.694501556114453,-1.03962370206698,-0.17830516804793,NaN,NaN,NaN,1.40238065941045,NaN,-2.4251325584027,-1.86498583139978,NaN,1.87375787588281,NaN,NaN,0.66820246375335,NaN,NaN,0.463186460845993,-0.584467104899238,1.79614091496068,0.963907250862215,NaN,NaN,0.808290322452542,0.121993857264741,-0.76093832847899,1.00225163227508,1.002251632276,0.084445797780141,-0.724349660693699,NaN,NaN,0.0320370162955308,-0.104209234214262,NaN,NaN,0.773704660277478,NaN,1.14360941218742,1.56500046759052
424.5504,-0.44524015760966,0.602116694601121,0.510460429135659,-1.51049527160986,0.745906060137772,0.745906060137368,NaN,0.857355868658228,-1.58366165259138,0.677333358201675,1.6401443315166,0.677333358201262,-1.03459284941349,-0.184877061229051,NaN,NaN,NaN,1.34757788494273,NaN,-2.43974306069083,-1.86431887062305,NaN,1.8539977642496,NaN,NaN,0.645893761777064,NaN,NaN,0.478848477108285,-0.556845086573811,1.77109210351179,0.973194066923976,NaN,NaN,0.812140718756109,0.125986256983908,-0.777151999838729,0.981936659684342,0.981936659685279,0.0967602874793129,-0.740427244128661,NaN,NaN,0.0386542880215665,-0.112967300796057,NaN,NaN,0.77419508634372,NaN,1.15447697450057,1.57861962153247
424.6528,-0.453052162252454,0.597528875986893,0.496297456859921,-1.52782079853979,0.73513756966601,0.73513756966562,NaN,0.864030830960237,-1.56459571587768,0.659632175787311,1.61453820640049,0.659632175786907,-1.02969416741653,-0.19124291916569,NaN,NaN,NaN,1.28992902597336,NaN,-2.45293161124456,-1.86296494312458,NaN,1.83315427191673,NaN,NaN,0.623004196924343,NaN,NaN,0.494308235337769,-0.528213033548201,1.74493005927,0.982051213795483,NaN,NaN,0.814998283036593,0.128800869221125,-0.792965012430158,0.960948232382981,0.960948232383936,0.108501202605672,-0.756670760514116,NaN,NaN,0.0466385095657987,-0.123010301409176,NaN,NaN,0.774608552994416,NaN,1.16404144668424,1.59116581552266
424.7552,-0.461752146711475,0.593033422369003,0.481461216570659,-1.5442000709467,0.724069889943583,0.724069889943211,NaN,0.870386399084519,-1.54484621717646,0.641542575859198,1.58866890802191,0.6415425758588,-1.02491667364817,-0.197312711899555,NaN,NaN,NaN,1.22953840597947,NaN,-2.46465429912236,-1.86091223379514,NaN,1.8112010649198,NaN,NaN,0.599589485121928,NaN,NaN,0.509570451467552,-0.498658504728035,1.71775945596931,0.990536772674432,NaN,NaN,0.816810668157715,0.1304259700005,-0.808384970116852,0.939310702575972,0.939310702576946,0.119632913072999,-0.773056617965315,NaN,NaN,0.0560254178748601,-0.134281100232373,NaN,NaN,0.774923442540057,NaN,1.17230758210139,1.60262624274455
424.8576,-0.471311644682459,0.588663099086135,0.466027802460208,-1.55962115626363,0.712748188148444,0.712748188148086,NaN,0.876405544820242,-1.52436518425847,0.62320792696334,1.56251547840195,0.623207926962951,-1.02024684228859,-0.203000675509133,NaN,NaN,NaN,1.16651624581695,NaN,-2.47487039364185,-1.85814853365337,NaN,1.78811371803404,NaN,NaN,0.575703440669436,NaN,NaN,0.524638482039381,-0.468272177117369,1.68968480652196,0.998707251792127,NaN,NaN,0.817527968789054,0.130854386241346,-0.823421646508961,0.917047652184033,0.917047652185031,0.130121656881413,-0.789562385336981,NaN,NaN,0.0668489585708266,-0.146720193581818,NaN,NaN,0.775117629909428,NaN,1.17928471436117,1.61298988646504
424.96,-0.481698240724366,0.58444778391402,0.450072523900589,-1.57407492651708,0.701215936069006,0.70121593606866,NaN,0.88207030681916,-1.50310785291769,0.604769357986657,1.53605502562037,0.604769357986276,-1.01566860532107,-0.208225988081428,NaN,NaN,NaN,1.10097837560342,NaN,-2.48354257967111,-1.85466122849338,NaN,1.76386991268934,NaN,NaN,0.551397551298653,NaN,NaN,0.539514087845457,-0.437147359308666,1.66080974668661,1.00661696653307,NaN,NaN,0.817103055359914,0.13008349643585,-0.838086958266583,0.89418167657713,0.894181676578154,0.13993554392517,-0.806166829067337,NaN,NaN,0.0791411331273744,-0.160266323606724,NaN,NaN,0.775168640490673,NaN,1.18498671639172,1.62224744994605
425.0624,-0.492875563786883,0.580414116218288,0.433669376057911,-1.58755526148621,0.68951447858026,0.68951447857993,NaN,0.887361751267067,-1.4810331252104,0.586364784349816,1.50926307215881,0.586364784349451,-1.0111633764775,-0.212913368345791,NaN,NaN,NaN,1.03304595914772,NaN,-2.49063714333393,-1.85043735036989,NaN,1.73844965428839,NaN,NaN,0.526720608722116,NaN,NaN,0.554197228521534,-0.405379484996548,1.63123637642509,1.01431747876058,NaN,NaN,0.815491916173348,0.128115218563342,-0.852394911979928,0.870734215998479,0.87073421599953,0.14904455708397,-0.822849908089463,NaN,NaN,0.0929318432248423,-0.174857050860591,NaN,NaN,0.775053814136002,NaN,1.18943195279011,1.63039128742028
425.1648,-0.50480329810831,0.576585197431357,0.416890572889563,-1.60005922649715,0.677682660138214,0.677682660137897,NaN,0.892259961877576,-1.45810399464794,0.568128008859922,1.48211393365835,0.568128008859567,-1.00671010772202,-0.216993591365414,NaN,NaN,NaN,0.962845237796241,NaN,-2.49612410119764,-1.84546370879529,NaN,1.71183550394047,NaN,NaN,0.501718405725816,NaN,NaN,0.568685897619629,-0.373065609131093,1.60106468262528,1.0218571225399,NaN,NaN,0.812654000658851,0.124955987285752,-0.866361525869559,0.846725441557165,0.846725441558245,0.157420551045994,-0.839592720046431,NaN,NaN,0.108248730583546,-0.190429268426701,NaN,NaN,0.774750464077025,NaN,1.19264321441225,1.63741533698488
425.2672,-0.517437235926785,0.572980354599052,0.399806138033677,-1.61158721524977,0.665756513876424,0.665756513876123,NaN,0.896744056757373,-1.43428794329398,0.55018790441799,1.45458111023999,0.550187904417648,-1.00228538564761,-0.220403918629106,NaN,NaN,NaN,0.890507292230235,NaN,-2.49997728962846,-1.83972709613041,NaN,1.68401281716606,NaN,NaN,0.476433510782566,NaN,NaN,0.582976007082725,-0.340303927491519,1.57039204754211,1.02928062236127,NaN,NaN,0.808552564026556,0.120616718353196,-0.880004724880737,0.822174202597435,0.822174202598547,0.165037246377164,-0.856377399760743,NaN,NaN,0.125117002473678,-0.20691965223842,NaN,NaN,0.774236020081311,NaN,1.19464762523257,1.64331506059251
425.3696,-0.530729394700289,0.56961498138225,0.382483554730265,-1.62214304379635,0.653769019908898,0.653769019908614,NaN,0.900792237072894,-1.40955730395221,0.532667694029182,1.42663767493689,0.532667694028855,-0.997863570510432,-0.223088436516651,NaN,NaN,NaN,0.81616780833146,NaN,-2.50217443737995,-1.83321455361739,NaN,1.65496998410497,NaN,NaN,0.450905132397815,NaN,NaN,0.597061325568278,-0.307193329320274,1.53931283684659,1.0366287975399,NaN,NaN,0.803155014598299,0.115112756639614,-0.893344202580157,0.79709804353535,0.797098043536496,0.171870214343522,-0.87318697602126,NaN,NaN,0.143559234893031,-0.224265051999508,NaN,NaN,0.773488150834587,NaN,1.19547650991037,1.64808739664574
425.472,-0.544628211028147,0.566500467538823,0.364987480416539,-1.63173398586838,0.641749940406695,0.641749940406426,NaN,0.904381877028765,-1.38388957587404,0.51568434067416,1.39825665176651,0.515684340673846,-0.993416978701262,-0.22499829683547,NaN,NaN,NaN,0.739966824156592,NaN,-2.50269723578328,-1.82591368193084,NaN,1.62469867086527,NaN,NaN,0.425169080445565,NaN,NaN,0.610933468012022,-0.27383297278077,1.50791805420296,1.04393833868268,NaN,NaN,0.796433262581099,0.108463803042843,-0.906401244706857,0.771513292756257,0.771513292757441,0.177896845081376,-0.890005195244203,NaN,NaN,0.163595153314965,-0.242402830967255,NaN,NaN,0.772484869000998,NaN,1.19516521948661,1.65173072435066
425.5744,-0.559078805200334,0.563644212922443,0.347379525518223,-1.64037075393958,0.629725729670322,0.629725729670065,NaN,0.907489656295954,-1.35726768632455,0.499348046206127,1.36941138208495,0.499348046205825,-0.988916105129578,-0.226091859857654,NaN,NaN,NaN,0.662048435917537,NaN,-2.50153140789703,-1.8178129796763,NaN,1.59319406215323,NaN,NaN,0.399257816832487,NaN,NaN,0.624581927322697,-0.24032185651304,1.47629504959062,1.05124164327495,NaN,NaN,0.78836406591734,0.10069381296424,-0.919198518663607,0.745435215288993,0.745435215290216,0.18309628883061,-0.906816317855118,NaN,NaN,0.1852413992773,-0.261271157087708,NaN,NaN,0.771204631192474,NaN,1.1937529231451,1.65424483342161
425.6768,-0.574023293771947,0.561049705954359,0.329718086578468,-1.64806744247006,0.61771950411728,0.617719504117035,NaN,0.910091724059803,-1.32968019486557,0.483761844376294,1.34007588360188,0.483761844376,-0.984329874255491,-0.226334748131564,NaN,NaN,NaN,0.582560449388587,NaN,-2.49866676680828,-1.80890220336499,NaN,1.56045510004925,NaN,NaN,0.373200575257315,NaN,NaN,0.637994134568017,-0.206758364048377,1.4445272817538,1.05856671447977,NaN,NaN,0.778929361180637,0.0918308603599444,-0.931759841823936,0.71887821127479,0.71887821127605,0.187449367683997,-0.923604889728557,NaN,NaN,0.208511293968138,-0.28080923890219,NaN,NaN,0.769626448869551,NaN,1.19128237297106,1.65563089440833
425.7792,-0.589401127046644,0.558716645556415,0.312058222860421,-1.65484144770259,0.60575105453351,0.605751054533279,NaN,0.912163883195637,-1.30112143752222,0.46902127101201,1.31022521230147,0.469021271011726,-0.979625905484611,-0.225699821175724,NaN,NaN,NaN,0.501653973870817,NaN,-2.49409724773869,-1.79917275322171,NaN,1.52648471075086,NaN,NaN,0.347023530629912,NaN,NaN,0.651155532423376,-0.173239780461482,1.41269414680459,1.06593714088995,NaN,NaN,0.768116560453756,0.0819069678151275,-0.944109941346605,0.691856038205099,0.6918560382064,0.190938469063073,-0.940355492795744,NaN,NaN,0.233414605828584,-0.300957498413791,NaN,NaN,0.767730020620157,NaN,1.18779964232784,1.6558914300741
425.8816,-0.605149441044222,0.556641097221601,0.294451571755909,-1.66071336639667,0.593836892604929,0.593836892604709,NaN,0.913681790703998,-1.27159160909066,0.455214106976326,1.27983583674088,0.455214106976056,-0.974770784942475,-0.224167078465949,NaN,NaN,NaN,0.419482967190838,NaN,-2.48782090262147,-1.78861808486991,NaN,1.4912900142869,NaN,NaN,0.320750006635867,NaN,NaN,0.664049652506385,-0.139861804832078,1.38087088307303,1.07337216804109,NaN,NaN,0.755918799835765,0.0709579094878808,-0.956274210549421,0.6643820403489,0.664382040350241,0.193547433808401,-0.957052481450912,NaN,NaN,0.259957321965282,-0.321657682600194,NaN,NaN,0.76549588301884,NaN,1.18335383953721,1.65503029132202
425.984,-0.621203425919244,0.554815684844297,0.276946303671915,-1.66570686691464,0.581990334606925,0.581990334606717,NaN,0.914621174663138,-1.24109678969647,0.442420199044098,1.24888602349826,0.442420199043836,-0.969730346135695,-0.22172349694053,NaN,NaN,NaN,0.33620375031722,NaN,-2.47983985929133,-1.77723413210069,NaN,1.45488251709145,NaN,NaN,0.294400715926914,NaN,NaN,0.676658199603506,-0.106718093312379,1.34912855166805,1.08088685359157,NaN,NaN,0.742335137566506,0.0590229974999977,-0.968278459386382,0.636469381775128,0.636469381776512,0.195261439910608,-0.973679709059125,NaN,NaN,0.288141419097363,-0.342852930121542,NaN,NaN,0.762905564442195,NaN,1.17799680407588,1.65305264262127
426.0864,-0.637496719528981,0.553229824385702,0.259587117689241,-1.66984852645417,0.57022162888981,0.570221628889618,NaN,0.914958065664692,-1.20964893048143,0.430711357235024,1.21735621940265,0.430711357234774,-0.964469967866233,-0.218362811712626,NaN,NaN,NaN,0.251974515309216,NaN,-2.47016026379004,-1.76501971201625,NaN,1.4172782882223,NaN,NaN,0.267994029464728,NaN,NaN,0.688961154632069,-0.0738998593511745,1.31753408167651,1.08849228306996,NaN,NaN,0.727370706161415,0.0461448629672525,-0.980148655588813,0.608131287518415,0.608131287519845,0.196066871048369,-0.990220246275286,NaN,NaN,0.317964633474833,-0.364487819879554,NaN,NaN,0.75994172508713,NaN,1.17178279294968,1.64996496260873
426.1888,-0.653961832383953,0.551870000557389,0.242415274082939,-1.6731676362777,0.558538127409613,0.558538127409439,NaN,0.914669035781939,-1.1772658144229,0.420151311920571,1.18522941287046,0.420151311920333,-0.958954892867722,-0.214085254270134,NaN,NaN,NaN,0.166954848134172,NaN,-2.45879223085348,-1.75197688050275,NaN,1.37849811544352,NaN,NaN,0.241546268331128,NaN,NaN,0.700936906702034,-0.0414955313755623,1.28615036482445,1.09619582253366,NaN,NaN,0.711036821887426,0.0323692400932915,-0.991910658391746,0.579381291952957,0.579381291954439,0.19595115907132,-1.00665609611923,NaN,NaN,0.349420237445403,-0.38650842295491,NaN,NaN,0.756588278925988,NaN,1.16476816297956,1.64577506258136
426.2912,-0.6705305930775,0.550720072197938,0.22546865184495,-1.67569598687029,0.54694448733986,0.546944487339705,NaN,0.913731434471854,-1.1439710018034,0.410795703222486,1.15249146787804,0.410795703222266,-0.953150556633457,-0.208897267788382,NaN,NaN,NaN,0.0813052762070954,NaN,-2.4457498157444,-1.7381112208476,NaN,1.33856763153207,NaN,NaN,0.215072002998424,NaN,NaN,0.712562415998999,-0.0095904408688466,1.2550363865186,1.10400139585447,NaN,NaN,0.693351053000103,0.0177447586964595,-1.00358995286031,0.550233481459568,0.550233481461098,0.194902605640787,-1.02296791779196,NaN,NaN,0.382496833561083,-0.40886236194192,NaN,NaN,0.752830507894873,NaN,1.15701105658151,1.64049211873253
426.3936,-0.687134583374145,0.549761578897405,0.208781817592745,-1.67746764983752,0.53544288022439,0.535442880224258,NaN,0.912123612415138,-1.10979375939869,0.402692079326272,1.11913143952309,0.402692079326071,-0.947022905132643,-0.202811216632609,NaN,NaN,NaN,-0.00481316760420428,NaN,-2.43105100120472,-1.7234320695855,NaN,1.29751740158134,NaN,NaN,0.188584340114035,NaN,NaN,0.723813401309474,0.0217334928562105,1.22424738283641,1.11190978341018,NaN,NaN,0.674337246795451,0.00232274938250494,-1.01521139536243,0.520702713841747,0.520702713843328,0.192910209705709,-1.03913477643825,NaN,NaN,0.417178172478646,-0.431498868574359,NaN,NaN,0.748655183556526,NaN,1.14857110184619,1.63412670751175
426.496,-0.70370553449457,0.548974027585643,0.192386099486079,-1.67851876930493,0.524033194707508,0.524033194707401,NaN,0.909825130468459,-1.07476896437133,0.395879898486237,1.08514188449698,0.395879898486061,-0.940538685077351,-0.195845095405972,NaN,NaN,NaN,-0.0912393848709785,NaN,-2.41471768473489,-1.70795268895523,NaN,1.25538296928633,NaN,NaN,0.162095183582096,NaN,NaN,0.734664543763032,0.0523980972646519,1.19383501485982,1.11991893964744,NaN,NaN,0.654025512004267,-0.0138429379365209,-1.02679897930537,0.490804804006914,0.490804804008552,0.189963532964002,-1.05513393632811,NaN,NaN,0.453442994536878,-0.454368831635328,NaN,NaN,0.744050705800678,NaN,1.13950913740902,1.62669083034788
426.5984,-0.72017568171075,0.548335157795403,0.176309666831759,-1.67888736663128,0.51271323493819,0.512713234938107,NaN,0.906816953531967,-1.03893697723982,0.390390543573731,1.05051916954152,0.390390543573574,-0.933665709000973,-0.188022232349829,NaN,NaN,NaN,-0.177812673049209,NaN,-2.39677565403653,-1.69169038510122,NaN,1.21220486521294,NaN,NaN,0.135615469118012,NaN,NaN,0.74508970176123,0.0823292913161987,1.16384755573831,1.12802432692746,NaN,NaN,0.632452147967023,-0.0306961104915191,-1.038375625687,0.460556676912608,0.460556676914301,0.186052618011155,-1.07094070814804,NaN,NaN,0.491264891022631,-0.477424835791767,NaN,NaN,0.73900726038495,NaN,1.12988696765018,1.61819791546251
426.7008,-0.736478097472403,0.547821198393143,0.160577616354782,-1.67861315455044,0.501478924040409,0.501478924040347,NaN,0.903081627226735,-1.00234348975078,0.386247358218427,1.01526376628226,0.386247358218292,-0.926373113549888,-0.179370980141559,NaN,NaN,NaN,-0.264373213825109,NaN,-2.37725454295178,-1.67466656421916,NaN,1.16802857840023,NaN,NaN,0.109155379562274,NaN,NaN,0.755062139279675,0.111457417284223,1.13433009165881,1.13621926773157,NaN,NaN,0.609659511469894,-0.0481784201021138,-1.04996299643849,0.429976497547467,0.429976497549219,0.181167951468518,-1.08652834779406,NaN,NaN,0.530612180475924,-0.500621199074107,NaN,NaN,0.733516993016375,NaN,1.11976714724958,1.60866279077454
426.8032,-0.752547028737733,0.547407131448394,0.145212065506371,-1.67773735128157,0.490324521230928,0.490324521230885,NaN,0.898603438736734,-0.965039355458062,0.383465714208717,0.979380513186658,0.383465714208599,-0.91863162956873,-0.169924388440109,NaN,NaN,NaN,-0.350762584533473,NaN,-2.35618776497797,-1.656906723255,NaN,1.12290448898145,NaN,NaN,0.0827245527011811,NaN,NaN,0.764554776887689,0.139717538906513,1.10532474072093,1.14449532111854,NaN,NaN,0.585695818812662,-0.0662295756134255,-1.06158132231493,0.399083792612999,0.399083792614806,0.175300455296434,-1.10186799229354,NaN,NaN,0.571447798681776,-0.523914021677841,NaN,NaN,0.727574192639343,NaN,1.1092127883276,1.59810163073606
426.9056,-0.768318256811691,0.547066978055881,0.130232258630136,-1.67630248187915,0.479242861366717,0.479242861366694,NaN,0.893368572921492,-0.927080398764167,0.382053129195887,0.94287882913954,0.382053129195788,-0.910413870993535,-0.159719848317657,NaN,NaN,NaN,-0.436824290003951,NaN,-2.33361242594309,-1.63844038151461,NaN,1.07688775867916,NaN,NaN,0.0563322967900438,NaN,NaN,0.773540476962519,0.167049694261606,1.07687089092688,1.15284268615052,NaN,NaN,0.560614889417837,-0.0847875842679158,-1.07324923465084,0.367899580032074,0.367899580033936,0.168441493332312,-1.11692861668448,NaN,NaN,0.613729205754308,-0.547261260825445,NaN,NaN,0.721175468065635,NaN,1.09828737881564,1.58653188740918
427.008,-0.783729484082147,0.546774115781895,0.115654696717244,-1.67435215850721,0.46822562514076,0.468225625140754,NaN,0.887365278766175,-0.888527190379271,0.382009452580153,0.905772876041427,0.382009452580074,-0.90169463925435,-0.148798695190985,NaN,NaN,NaN,-0.522404317831418,NaN,-2.30956921869688,-1.61930096508964,NaN,1.03003817821242,NaN,NaN,0.0299878262145252,NaN,NaN,0.781992369541593,0.19339910533529,1.04900545105877,1.1612506270094,NaN,NaN,0.534475841936171,-0.103789016829204,-1.08498359474627,0.336446518316183,0.336446518318102,0.160582889745873,-1.13167700251785,NaN,NaN,0.657408315296022,-0.570622839040388,NaN,NaN,0.714319898624036,NaN,1.08705460244842,1.57397221705439
427.1104,-0.79872073588406,0.546501622291075,0.101493293236538,-1.67193084521628,0.457263637720313,0.457263637720326,NaN,0.880584051960718,-0.849444784828892,0.383327113216876,0.868081681200549,0.383327113216816,-0.892451232693361,-0.137205768550571,NaN,NaN,NaN,-0.607351717825507,NaN,-2.28410230325502,-1.59952565285602,NaN,0.982419972703398,NaN,NaN,0.00370051456281057,NaN,NaN,0.789884213729099,0.218716362354633,1.0217630983936,1.16970790462242,NaN,NaN,0.507342751052575,-0.123169288646419,-1.09679932531897,0.304749074515908,0.304749074517886,0.151716967322002,-1.14607771971286,NaN,NaN,0.70243144863742,-0.593960776579576,NaN,NaN,0.707009146371299,NaN,1.07557816015353,1.56044240862495
427.2128,-0.813234755937138,0.54622262260451,0.0877595413977622,-1.66908362425525,0.446347176772272,0.446347176772304,NaN,0.873017823360388,-0.809902425119553,0.38599140205207,0.829829233532822,0.385991402052025,-0.882663742169698,-0.124988948387118,NaN,NaN,NaN,-0.69151919249706,NaN,-2.25725918050883,-1.57915518800212,NaN,0.934101567084808,NaN,NaN,-0.022519857488644,NaN,NaN,0.797190775678553,0.24295760240188,0.995176501934409,1.17820318883228,NaN,NaN,0.479284266660805,-0.142862949947901,-1.10870925750297,0.272833690890709,0.272833690892743,0.14183661972845,-1.16009313668858,NaN,NaN,0.748739314707458,-0.617239325669692,NaN,NaN,0.699247527056507,NaN,1.06392159924154,1.54596331826743
427.3152,-0.827217376963719,0.545910614153623,0.0744626702933053,-1.66585597738508,0.43546626368653,0.435466263686579,NaN,0.864662134581825,-0.769973218187934,0.389980771023835,0.791044557771041,0.389980771023805,-0.872315310090197,-0.112198697692387,NaN,NaN,NaN,-0.774763673520001,NaN,-2.22909057276362,-1.55823365917075,NaN,0.885155314494303,NaN,NaN,-0.0486628880409294,NaN,NaN,0.803888196971196,0.266084683108723,0.969276506008244,1.1867254221697,NaN,NaN,0.450373195324737,-0.162803979286186,-1.12072400605723,0.240728920698795,0.240728920700888,0.130935427856206,-1.17368348115414,NaN,NaN,0.796267015390787,-0.640425085091968,NaN,NaN,0.691042043143861,NaN,1.05214815446544,1.53055681582238
427.4176,-0.840617858212742,0.545539754922337,0.0616097750644307,-1.66229358238675,0.424610920754964,0.424610920755032,NaN,0.8555152886012,-0.729733777021088,0.395267150706096,0.751761755666396,0.395267150706083,-0.861392337985765,-0.0988876309847897,NaN,NaN,NaN,-0.85694686616025,NaN,-2.19965031966368,-1.53680825741253,NaN,0.835657190906703,NaN,NaN,-0.0747173889132733,NaN,NaN,0.809954333181715,0.288065336581106,0.944092271740622,1.19526411970488,NaN,NaN,0.42068604818689,-0.182926075392857,-1.13285187776227,0.208465511336201,0.208465511338356,0.119007820736842,-1.18680696667089,NaN,NaN,0.844944077062771,-0.663487083216604,NaN,NaN,0.682402386286291,NaN,1.04032059946271,1.51424574780269
427.52,-0.853389186681539,0.545085112554187,0.0492059207938781,-1.65844211569235,0.413771392263892,0.413771392263973,NaN,0.845578475692173,-0.689263817979495,0.40181630139147,0.712019995593984,0.401816301391475,-0.849884640256924,-0.0851101123161546,NaN,NaN,NaN,-0.937935761655269,NaN,-2.16899528229045,-1.51492901766133,NaN,0.785686458983199,NaN,NaN,-0.100671267263415,NaN,NaN,0.815369055428528,0.308873289547945,0.919651380154065,1.20380960625911,NaN,NaN,0.390302563242095,-0.203162945305475,-1.14509881270692,0.176076430066158,0.176076430068371,0.106049276823754,-1.19941998481272,NaN,NaN,0.894694509178001,-0.68639682385185,NaN,NaN,0.673340916990172,NaN,1.0285011045617,1.49705391454304
427.6224,-0.865488338375828,0.544522878588612,0.0372542298342256,-1.65434705075733,0.402938336075993,0.402938336076092,NaN,0.834855877827276,-0.648645700736068,0.409588210392068,0.671863438003232,0.40958821039209,-0.837785544893164,-0.0709218748950612,NaN,NaN,NaN,-1.01760312281296,NaN,-2.13718523622953,-1.49264855392809,NaN,0.735325302543143,NaN,NaN,-0.126511447021776,NaN,NaN,0.820114515364498,0.32848833752932,0.895979896310972,1.21235319292838,NaN,NaN,0.359305205964523,-0.223448587885501,-1.1574683566739,0.143596836740085,0.143596836742361,0.0920565649142423,-1.21147735846605,NaN,NaN,0.945436887304996,-0.709128291620019,NaN,NaN,0.663872622155413,NaN,1.01675109708583,1.47900605472132
427.7248,-0.876876499382461,0.54383055487365,0.0257559635312663,-1.65005344383185,0.392102991387542,0.392102991387659,NaN,0.823354748473366,-0.607963906948806,0.418537535714101,0.631341095580286,0.418537535714141,-0.825091937827592,-0.0563796506648381,NaN,NaN,NaN,-1.09582794030064,NaN,-2.10428273900471,-1.47002178804737,NaN,0.684658428817508,NaN,NaN,-0.152223831494634,NaN,NaN,0.824175376097142,0.346896354129129,0.873102389655784,1.22088728766909,NaN,NaN,0.327778641302711,-0.243717573020109,-1.16996165999103,0.111064003615116,0.111064003617449,0.0770280271855152,-1.22293266218231,NaN,NaN,0.997084450168453,-0.731657918392551,NaN,NaN,0.654015043497437,NaN,1.00513111944317,1.46012783393402
427.8272,-0.887519252635448,0.542987124348132,0.0147106115546649,-1.64560569984777,0.381257328777104,0.381257328777241,NaN,0.811085465484663,-0.567304459015082,0.428614094112312,0.590506632700449,0.428614094112367,-0.811804250107671,-0.041540793728527,NaN,NaN,NaN,-1.17249585402749,NaN,-2.07035297276559,-1.44710565587008,NaN,0.633772635795264,NaN,NaN,-0.177793308737079,NaN,NaN,0.827539016854213,0.364089217449053,0.851041909428491,1.22940543708761,NaN,NaN,0.295809165384186,-0.263905320294118,-1.18257749393592,0.0785171771304504,0.0785171771328438,0.0609638988930915,-1.23373862040558,NaN,NaN,1.04954519629721,-0.753964519618312,NaN,NaN,0.643788171078358,NaN,0.993700679967994,1.44044584015669
427.9296,-0.89738673284418,0.54197322063396,0.00411600860545495,-1.64104731191935,0.370394194205608,0.370394194205763,NaN,0.798061563609838,-0.526754273278498,0.43976340653347,0.54941810701086,0.439763406533538,-0.797926393282967,-0.0264628775982216,NaN,NaN,NaN,-1.24749953903764,NaN,-2.03546357443418,-1.4239587659705,NaN,0.582756348860607,NaN,NaN,-0.20320379070125,NaN,NaN,0.830195723304443,0.380064653671361,0.829819917291422,1.23790230178542,NaN,NaN,0.263484091994137,-0.283948382066644,-1.19531227582149,0.0459973788375792,0.0459973788400316,0.0438666455790406,-1.24384758500143,NaN,NaN,1.10272197466469,-0.776029214143492,NaN,NaN,0.633214304323909,NaN,0.982518097162443,1.41998758845113
428.032,-0.906453739807792,0.540771298477623,-0.00603150942449312,-1.63642057370943,0.359507453824539,0.359507453824713,NaN,0.784299753126502,-0.486400443340136,0.451927309550537,0.508137654130041,0.451927309550616,-0.78346564494459,-0.0112032592508725,NaN,NaN,NaN,-1.32073905958646,NaN,-1.99968446440841,-1.40064098917161,NaN,0.531699133090169,NaN,NaN,-0.228438278430944,NaN,NaN,0.832138867716515,0.394826015321464,0.809456176650907,1.24637356706138,NaN,NaN,0.230891097724348,-0.303784729813897,-1.20816009980328,0.0135471472629541,0.0135471472654642,0.0257412978612861,-1.253212085414,NaN,NaN,1.15651257821853,-0.797835337892019,NaN,NaN,0.622317891347348,NaN,0.971640346908348,1.39878153025761
428.1344,-0.914699795238364,0.53936578887535,-0.0157369208653196,-1.63176627486484,0.348592129642443,0.348592129642638,NaN,0.769819921262504,-0.446329472933632,0.46504460516374,0.466731120163044,0.465044605163828,-0.768432482005562,0.0041813712586988,NaN,NaN,NaN,-1.39212219264368,NaN,-1.96308767433443,-1.37721297138085,NaN,0.480691184997857,NaN,NaN,-0.253478956559926,NaN,NaN,0.83336507085324,0.408382014092685,0.789968601426007,1.25481579572274,NaN,NaN,0.198117541011117,-0.323354033943519,-1.22111277524683,-0.0187897701006298,-0.0187897700980681,0.00659577719984745,-1.26178544074919,NaN,NaN,1.21080985726301,-0.81936835091308,NaN,NaN,0.611125361734119,NaN,0.961122924513005,1.37685705581126
428.2368,-0.92210913562913,0.53774322068258,-0.0250063261790314,-1.62712339740018,0.337644509411088,0.337644509411304,NaN,0.754645107879174,-0.406626504191741,0.479051694568092,0.42526764860404,0.47905169456819,-0.752840368446476,0.0196354251666537,NaN,NaN,NaN,-1.46156471155127,NaN,-1.92574716440288,-1.35373558650471,NaN,0.42982281185482,NaN,NaN,-0.278307318018771,NaN,NaN,0.833874330846034,0.420746423266456,0.771373081260879,1.2632262442429,NaN,NaN,0.165249784864614,-0.342597922841859,-1.23415987343844,-0.0509687525461493,-0.0509687525435342,-0.0135587847447604,-1.26952241106967,NaN,NaN,1.26550187232497,-0.840615729929228,NaN,NaN,0.59966496435493,NaN,0.951019725092663,1.35424447498532
428.3392,-0.92867064204347,0.535892302278519,-0.0338467589790164,-1.6225288314857,0.326662223300306,0.326662223300544,NaN,0.738801447638048,-0.367374591646847,0.493883149094796,0.383819222176406,0.493883149094897,-0.736705514765463,0.0351048113543025,NaN,NaN,NaN,-1.52899060993762,NaN,-1.88773861871533,-1.33026936983391,NaN,0.379183914114007,NaN,NaN,-0.302904309268682,NaN,NaN,0.833670101601623,0.431937760642644,0.753683309461782,1.27160267071676,NaN,NaN,0.132372555773829,-0.361460206926585,-1.24728878306349,-0.0829446415622073,-0.0829446415595394,-0.0347077310468055,-1.27637985241863,NaN,NaN,1.32047210851919,-0.861566841905518,NaN,NaN,0.587966612852148,NaN,0.941382933795222,1.33097496406281
428.4416,-0.934377709084275,0.533803963148099,-0.0422660024412163,-1.61801712798415,0.315644287754083,0.315644287754336,NaN,0.722318070476596,-0.328654054518371,0.509472197608518,0.34246015891811,0.509472197608627,-0.720046621799626,0.0505372842273567,NaN,NaN,NaN,-1.59433224655281,NaN,-1.84913921195269,-1.30687397643103,NaN,0.328863484827983,NaN,NaN,-0.327250486423361,NaN,NaN,0.832759306901457,0.441978959298808,0.736910633795521,1.27994315294935,NaN,NaN,0.0995683568953974,-0.379887056567439,-1.26048478081471,-0.114672058268536,-0.11467205826581,-0.0568325699777803,-1.28231734006971,NaN,NaN,1.37559977245831,-0.882212799124229,NaN,NaN,0.576061735857862,NaN,0.932262914389394,1.30708047472901
428.544,-0.939228054091589,0.531471353466767,-0.0502724149889971,-1.61362030354646,0.304591116790355,0.304591116790624,NaN,0.705226952486549,-0.290541918660718,0.525751132663465,0.301266570920516,0.525751132663582,-0.702884609208362,0.0658827379527144,NaN,NaN,NaN,-1.65753039988934,NaN,-1.81002734600959,-1.28360768899098,NaN,0.278949131438449,NaN,NaN,-0.351326179703138,NaN,NaN,0.831152288520123,0.450897031160719,0.721063939471127,1.28824592002431,NaN,NaN,0.0669169391040143,-0.397827128885201,-1.27373112851252,-0.146105700920288,-0.146105700917504,-0.0799106784030042,-1.28729773131341,NaN,NaN,1.43076018500467,-0.902546293174234,NaN,NaN,0.56398312867806,NaN,0.923708095576906,1.28259360933314
428.6464,-0.943223471038132,0.528889803102913,-0.0578747671912222,-1.60936770605397,0.293504504264046,0.293504504264328,NaN,0.687562715770191,-0.253111447786449,0.542651653466799,0.260315797313586,0.542651653466926,-0.685242325620589,0.081093447916383,NaN,NaN,NaN,-1.71853422623245,NaN,-1.7704823572272,-1.26052697552596,NaN,0.229526621757791,NaN,NaN,-0.375111662247497,NaN,NaN,0.828862700965187,0.458722724545999,0.706149568547058,1.29650919431204,NaN,NaN,0.0344948332989261,-0.415231645692106,-1.28700920338185,-0.177200625053324,-0.177200625050486,-0.103915035178778,-1.29128764408648,NaN,NaN,1.48582527200565,-0.922561398492784,NaN,NaN,0.551764800175669,NaN,0.91576486487948,1.25754746707683
428.7488,-0.946369540485496,0.52605675358613,-0.0650820796204502,-1.60528593299988,0.282387591955667,0.282387591955962,NaN,0.669362387716376,-0.216431753363621,0.560105180678677,0.219685816180988,0.56010518067881,-0.667144245660078,0.0961242746461238,NaN,NaN,NaN,-1.77730111837728,NaN,-1.73058419299097,-1.23768608953238,NaN,0.180679461105877,NaN,NaN,-0.398587308189417,NaN,NaN,0.825907377618331,0.4654901711596,0.692171275542901,1.30473103849568,NaN,NaN,0.00237495807223628,-0.432054431202205,-1.30029865564117,-0.207912499210056,-0.207912499207171,-0.128814010867701,-1.29425783300866,NaN,NaN,1.54066414799697,-0.942253333411127,NaN,NaN,0.539441800499498,NaN,0.908477471950329,1.23197546554996
428.8512,-0.948675305070417,0.522971682925155,-0.0719034400152375,-1.60139878428994,0.271244845028211,0.271244845028518,NaN,0.650665138900914,-0.180567459808254,0.578043187608383,0.179454636164865,0.578043187608526,-0.648616166112252,0.11093285885009,NaN,NaN,NaN,-1.83379647291423,NaN,-1.69041305531876,-1.21513670936154,NaN,0.132488512791191,NaN,NaN,-0.421733718644883,NaN,NaN,0.822306194751383,0.471236521664096,0.679130211619688,1.31290919976037,NaN,NaN,-0.0293736769261958,-0.448251920712382,-1.31357757819081,-0.238197818350921,-0.238197818347989,-0.154571242909523,-1.29618345214791,NaN,NaN,1.59514379317301,-0.96161816908756,NaN,NaN,0.527050014009629,NaN,0.90188792645355,1.20591113930139
428.9536,-0.950152906817771,0.519636033446022,-0.0783477808327263,-1.5977272355202,0.260082047647552,0.260082047647872,NaN,0.631512015985755,-0.145578401059028,0.596397572930329,0.139699669450082,0.596397572930484,-0.629684911054228,0.125479831550995,NaN,NaN,NaN,-1.8879933870961,NaN,-1.6500490094214,-1.19292761596696,NaN,0.0850316696518069,NaN,NaN,-0.44453180224121,NaN,NaN,0.818081943146929,0.476001582314297,0.667024928052644,1.32104095053682,NaN,NaN,-0.0606861601742166,-0.463783146077809,-1.32682267655865,-0.268014060524024,-0.26801406052105,-0.181145610811242,-1.29704420538125,NaN,NaN,1.64912983722701,-0.980652481937232,NaN,NaN,0.514625913769134,NaN,0.896035877857841,1.17938790541074
429.056,-0.950817179674968,0.516053137843711,-0.0844236184691011,-1.59428943218486,0.248906312994036,0.24890631299437,NaN,0.611945673173621,-0.11151934298019,0.615101060047683,0.100497090645508,0.615101060047849,-0.610378049362846,0.139729039481076,NaN,NaN,NaN,-1.9398723137082,NaN,-1.60957155592959,-1.17110441071411,NaN,0.0383835702785286,NaN,NaN,-0.466962814837184,NaN,NaN,0.813260198804651,0.479827469516208,0.655851395055123,1.32912293784916,NaN,NaN,-0.0915017665057258,-0.4786096963322,-1.34000943857656,-0.297319790102871,-0.297319790099859,-0.208491295579139,-1.29682440289622,NaN,NaN,1.70248745815909,-0.999352953591212,NaN,NaN,0.502206287088224,NaN,0.890958484299417,1.15243878409264
429.1584,-0.950685210469162,0.512228132084906,-0.0901387835891046,-1.59110071194518,0.237726086380212,0.237726086380554,NaN,0.592010095107809,-0.078439746526979,0.634087579660515,0.0619211941043863,0.634087579660692,-0.590723624734215,0.153647758993072,NaN,NaN,NaN,-1.98942070639984,NaN,-1.56905917656171,-1.14970928167978,NaN,-0.00738465853190179,NaN,NaN,-0.489008381310934,NaN,NaN,0.8078691840318,0.482758289091185,0.645603032739004,1.33715105158872,NaN,NaN,-0.121763967920706,-0.492695653251387,-1.35311230871958,-0.32607472805195,-0.326074728048899,-0.236557886214609,-1.29551296028972,NaN,NaN,1.75508236276963,-1.01771593605214,NaN,NaN,0.489827945513477,NaN,0.886690288925945,1.1250960868051
429.2608,-0.949775900067461,0.508167845120583,-0.0955001870251,-1.5881736576101,0.226551116715299,0.226551116715651,NaN,0.571750304626242,-0.0463835911488744,0.65329259075012,0.02404376925857,0.653292590750306,-0.570749897545901,0.167206859808448,NaN,NaN,NaN,-2.03663268575731,NaN,-1.52858888194099,-1.12878082939764,NaN,-0.0522056500856339,NaN,NaN,-0.510650529026318,NaN,NaN,0.801939617333472,0.484839836954831,0.636270745928109,1.34512030873352,NaN,NaN,-0.15142039864917,-0.506007508585064,-1.36610487013249,-0.354239814588891,-0.354239814585801,-0.265290499347753,-1.29310338164387,NaN,NaN,1.80678176890604,-1.03573701378729,NaN,NaN,0.47752743151928,NaN,0.883263114555083,1.0973911079938
429.3632,-0.948109550304908,0.503880659277559,-0.100513654040698,-1.58551817860996,0.215392381080646,0.215392381081005,NaN,0.55121205520517,-0.0153892672384515,0.672653314928619,-0.0130664899836032,0.672653314928813,-0.550485097251093,0.18038089066813,NaN,NaN,NaN,-2.08150873779753,NaN,-1.48823578903667,-1.10835395721099,NaN,-0.0960160421022253,NaN,NaN,-0.531871753144536,NaN,NaN,0.795504549226995,0.486119314561519,0.627842953953993,1.35302474586007,NaN,NaN,-0.180422801001803,-0.518514071530613,-1.37896003548247,-0.381777282695019,-0.381777282691895,-0.294629896032843,-1.28959375310207,NaN,NaN,1.85745530730611,-1.05341059928228,NaN,NaN,0.465340733229646,NaN,0.880705972972199,1.0693538501996
429.4656,-0.945707484693419,0.499376342561875,-0.105183832425248,-1.58314161649657,0.20426196356862,0.204261963568986,NaN,0.530441511874312,0.0145104678551195,0.692108886170184,-0.0493445336037741,0.692108886170391,-0.529957185309624,0.193148084691561,NaN,NaN,NaN,-2.12405543247693,NaN,-1.44807272942192,-1.08845982610632,NaN,-0.138756712085897,NaN,NaN,-0.552655116306511,NaN,NaN,0.788599178261364,0.486645051601974,0.6203056124617,1.36085731845494,NaN,NaN,-0.208726964635866,-0.53018637182617,-1.3916502454003,-0.408650747573603,-0.408650747570445,-0.324512597735114,-1.28498674684102,NaN,NaN,1.90697580468929,-1.07072958943714,NaN,NaN,0.453303017246728,NaN,0.879044981659663,1.04101279277148
429.568,-0.942591703273577,0.494665865385888,-0.109514155660501,-1.58104886578031,0.193172905457119,0.193172905457493,NaN,0.509484927511241,0.0432884865467019,0.71160044056135,-0.0847294557151896,0.711600440561564,-0.50919363349807,0.205490307799401,NaN,NaN,NaN,-2.16428514378421,NaN,-1.40816986825502,-1.06912586863919,NaN,-0.180372994224745,NaN,NaN,-0.572984368317117,NaN,NaN,0.781260647554203,0.486466229797387,0.613642231315581,1.3686098106072,NaN,NaN,-0.236292659643463,-0.540997560973242,-1.40414766729396,-0.434825302189476,-0.434825302186288,-0.354871014087923,-1.27928961398097,NaN,NaN,1.95521995532983,-1.08768508953408,NaN,NaN,0.44144838612636,NaN,0.878303288938186,1.01239470557061
429.6704,-0.938784572856219,0.489761224086092,-0.113506828175244,-1.57924249568059,0.182139054628966,0.182139054629346,NaN,0.488388327366229,0.0709232622287424,0.731071183458885,-0.119164938687662,0.731071183459109,-0.488221227819883,0.217392988313498,NaN,NaN,NaN,-2.20221576238254,NaN,-1.36859431671353,-1.05037584332624,NaN,-0.220814865607024,NaN,NaN,-0.592844058354828,NaN,NaN,0.773527833412504,0.48563260759127,0.607833898097859,1.37627275825169,NaN,NaN,-0.263083557649687,-0.550922812441709,-1.41642438092468,-0.46026759740333,-0.460267597400112,-0.385633596633442,-1.27251413870158,NaN,NaN,2.00206890718702,-1.10426618963306,NaN,NaN,0.429809661749088,NaN,0.878501011594565,0.983524506434666
429.7728,-0.934308556946758,0.484675296519699,-0.117162798039921,-1.57772285588743,0.171174943723186,0.171174943723572,NaN,0.467197219883,0.0973988354437513,0.750466471141846,-0.152599632353782,0.750466471142079,-0.467065909713848,0.228845064936845,NaN,NaN,NaN,-2.23787039890959,NaN,-1.329409740299,-1.03222990007958,NaN,-0.260037088615531,NaN,NaN,-0.612219607900395,NaN,NaN,0.765441144461025,0.48419425430478,0.602859316624928,1.3838353864828,NaN,NaN,-0.289067132898237,-0.559939219808339,-1.42845253570294,-0.484945882356347,-0.484945882353101,-0.416725029043598,-1.26467653306543,NaN,NaN,2.04740878537865,-1.12045976833269,NaN,NaN,0.418418191451902,NaN,0.879655185949359,0.954425162392359
429.8752,-0.929185991245754,0.479421744715769,-0.120481699655035,-1.57648815570916,0.160295712821218,0.16029571282161,NaN,0.445956348034915,0.122704784584507,0.769733924815192,-0.184987464357995,0.769733924815434,-0.445752660875377,0.239838970332434,NaN,NaN,NaN,-2.27127708084761,NaN,-1.2906759815796,-1.01470463503794,NaN,-0.297999302309269,NaN,NaN,-0.631097326016831,NaN,NaN,0.757042345127205,0.482201306849558,0.598694861327398,1.39128555949613,NaN,NaN,-0.314214536132167,-0.568025689771335,-1.44020447221413,-0.508829992267088,-0.508829992263814,-0.448066458256946,-1.25579727021409,NaN,NaN,2.09113116233803,-1.13625030677432,NaN,NaN,0.407303671708961,NaN,0.881779729605976,0.925117638368773
429.9776,-0.923438903493443,0.474014953510682,-0.123461782194336,-1.5755345221306,0.14951706442778,0.149517064428179,NaN,0.424709478646023,0.146836190331069,0.788823558962011,-0.216287889030433,0.788823558962259,-0.424305426477771,0.250370633172658,NaN,NaN,NaN,-2.30246845221692,NaN,-1.25244871636943,-0.997813135164308,NaN,-0.334666068516234,NaN,NaN,-0.649464378394541,NaN,NaN,0.748374401939762,0.47970375485407,0.595314638419179,1.39860974111072,NaN,NaN,-0.338500439867548,-0.575162826024992,-1.45165281586218,-0.531891295641398,-0.531891295638103,-0.479575762464744,-1.24590087724468,NaN,NaN,2.13313346953055,-1.15161971851454,NaN,NaN,0.396493985512266,NaN,0.884885397357508,0.895620886914952
430.08,-0.917088865014266,0.468469969826596,-0.126099866132973,-1.57485605705199,0.138855214486673,0.138855214487076,NaN,0.403499209025653,0.169793566438091,0.807687877455882,-0.246466092210151,0.80768787745614,-0.402747061569285,0.260439454661964,NaN,NaN,NaN,-2.33148148460421,NaN,-1.2147791566458,-0.981565033404023,NaN,-0.370006888799803,NaN,NaN,-0.667308746240893,NaN,NaN,0.739481336306221,0.476751245455574,0.592690542927758,1.40579296380769,NaN,NaN,-0.361902863361124,-0.58133280129753,-1.46277056335936,-0.554102634914793,-0.554102634911481,-0.511167843727391,-1.2350157226522,NaN,NaN,2.17331934091067,-1.16654722137277,NaN,NaN,0.386015054376969,NaN,0.88897970322073,0.86595185391116
430.1824,-0.910156860545538,0.462802407236028,-0.128391369506824,-1.57444491420185,0.128326802837158,0.12832680283757,NaN,0.382366767413688,0.191582732122844,0.826281893741503,-0.275493168952177,0.826281893741771,-0.38109928492952,0.270048217088782,NaN,NaN,NaN,-2.35835719867165,NaN,-1.17771381256244,-0.965966601209677,NaN,-0.403996208529133,NaN,NaN,-0.684619211261893,NaN,NaN,0.730408064146667,0.473392891123353,0.590792305374174,1.41281880409472,NaN,NaN,-0.384402992249344,-0.586519218561291,-1.47353118289805,-0.575438295811557,-0.575438295808228,-0.542754930606108,-1.22317382699087,NaN,NaN,2.21159888928085,-1.18100927355608,NaN,NaN,0.375890709959315,NaN,0.894066803618858,0.836125477480071
430.2848,-0.902663172935538,0.457028300892389,-0.13033042353699,-1.57429140459689,0.117948746182534,0.11794874618295,NaN,0.36135179581087,0.212214618579781,0.844563059637811,-0.30334628199482,0.844563059638093,-0.359382632001335,0.279202906852705,NaN,NaN,NaN,-2.3831403893948,NaN,-1.14129432407686,-0.951020891994517,NaN,-0.436613416283757,NaN,NaN,-0.701385384814997,NaN,NaN,0.721200209558102,0.469677066220641,0.589587527384587,1.41966936225538,NaN,NaN,-0.405985006476764,-0.590706965533705,-1.48390873829058,-0.595874023045082,-0.595874023041738,-0.574246879038612,-1.21041070993517,NaN,NaN,2.24788893505737,-1.19497957341238,NaN,NaN,0.366142591520329,NaN,0.90014737292887,0.806154680293531
430.3872,-0.894627286578214,0.451163920066311,-0.13191007011896,-1.57438412694071,0.107738040006964,0.107738040007388,NaN,0.340492117830478,0.23170501931588,0.862491118570903,-0.330008799658837,0.862491118571199,-0.3376164075025,0.287912464208427,NaN,NaN,NaN,-2.40587934986485,NaN,-1.10555735726237,-0.936727926790448,NaN,-0.467842837534357,NaN,NaN,-0.717597778107241,NaN,NaN,0.711903890836429,0.465651183381414,0.589041710177442,1.42632524665597,NaN,NaN,-0.426635922450679,-0.593882066538887,-1.49387803497339,-0.615387078687025,-0.615387078683669,-0.605551466116248,-1.19676527196466,NaN,NaN,2.28211321627186,-1.20842910699249,NaN,NaN,0.356790075676278,NaN,0.907218495303621,0.776050369761414
430.4896,-0.886067812616072,0.445225560445001,-0.13312251014866,-1.57471011052284,0.0977115341849296,0.0977115341853649,NaN,0.319823503207715,0.250074305128388,0.880027920575244,-0.355470405714907,0.880027920575548,-0.315818646188608,0.296188495386617,NaN,NaN,NaN,-2.4266255888601,NaN,-1.07053453827906,-0.923084901290097,NaN,-0.497673714890381,NaN,NaN,-0.733247892198539,NaN,NaN,0.702565490250201,0.461361446664537,0.589118283824307,1.43276556644559,NaN,NaN,-0.44634544649775,-0.596031534929053,-1.50341477609378,-0.633956324424196,-0.633956324420826,-0.636574683909804,-1.1822796916904,NaN,NaN,2.31420260009557,-1.2213262276353,NaN,NaN,0.347850243146809,NaN,0.915273562334292,0.745821454923425
430.592,-0.877002437596214,0.439229344927862,-0.133959360389382,-1.57525495307034,0.0878857162718415,0.0878857162722842,NaN,0.299379445971547,0.267347128824325,0.897137244738677,-0.379727170304392,0.897137244738991,-0.294006094905415,0.304044991982156,NaN,NaN,NaN,-2.44543353480772,NaN,-1.03625240142774,-0.910086398401079,NaN,-0.526100163255174,NaN,NaN,-0.748328296090614,NaN,NaN,0.693231428456751,0.456852586591447,0.589778647903392,1.43896793824113,NaN,NaN,-0.465105831225209,-0.597143230131337,-1.51249571085618,-0.651562301881944,-0.651562301878564,-0.667221051834491,-1.16699930763085,NaN,NaN,2.34409529706675,-1.23363675430057,NaN,NaN,0.339337882354576,NaN,0.924302167350436,0.715474881781058
430.6944,-0.867447900858909,0.433191059700061,-0.134411882857021,-1.57600293607939,0.0782765337437989,0.0782765337442505,NaN,0.279190976733329,0.283552142540687,0.913784669369245,-0.402781571516537,0.913784669369565,-0.272194228523828,0.311498093211744,NaN,NaN,NaN,-2.46236022257509,NaN,-1.00273235863644,-0.897724599313225,NaN,-0.553121087306904,NaN,NaN,-0.762832663360435,NaN,NaN,0.683947962235813,0.452167591852076,0.590982232118042,1.44490851035445,NaN,NaN,-0.482911724925107,-0.597205724294441,-1.52109875736633,-0.668187286520964,-0.668187286517576,-0.697393963577115,-1.1509724594724,NaN,NaN,2.37173706076343,-1.24532407917848,NaN,NaN,0.331265524071905,NaN,0.934290013511371,0.685015693312881
430.7968,-0.857420006642847,0.427126038791875,-0.134471172058129,-1.57693710888044,0.0688992701574044,0.0688992701578669,NaN,0.259286524981071,0.298721740635525,0.929937507715833,-0.424642463489588,0.929937507716158,-0.250397306066536,0.318565901508598,NaN,NaN,NaN,-2.477464972471,NaN,-0.969990711962315,-0.885989489048137,NaN,-0.578740055347689,NaN,NaN,-0.776755754712967,NaN,NaN,0.674761010171464,0.447347457708812,0.592686575880159,1.45056200418323,NaN,NaN,-0.499760006013752,-0.596208182725901,-1.52920309158003,-0.683815302504963,-0.683815302501565,-0.726996072332365,-1.13425028317692,NaN,NaN,2.397081344851,-1.25634928792122,NaN,NaN,0.323643497245834,NaN,0.945218851907407,0.654447120896673
430.8992,-0.846933667885163,0.42104908556789,-0.134128314941871,-1.57803934932822,0.0597684632223423,0.0597684632228145,NaN,0.239691829546745,0.312891822105498,0.945564790442593,-0.445324997517331,0.945564790442924,-0.228628462367213,0.325268330313798,NaN,NaN,NaN,-2.49080908240693,NaN,-0.93803871114996,-0.874869056088783,NaN,-0.602965137925753,NaN,NaN,-0.790093361841947,NaN,NaN,0.665715996852826,0.442430963607871,0.594847415656606,1.45590176906246,NaN,NaN,-0.51564960168328,-0.594140261315204,-1.53678920971733,-0.698432106787879,-0.698432106784474,-0.755929707565578,-1.11688647242813,NaN,NaN,2.42008939387114,-1.26667131148435,NaN,NaN,0.31647999463151,NaN,0.957066440185287,0.623770700345564
431.0016,-0.836002970053859,0.414974401295477,-0.133374558418393,-1.57929042172518,0.0508978321522599,0.0508978321527431,NaN,0.220429877866612,0.326101550292585,0.960637250652346,-0.464850510799361,0.960637250652682,-0.206899821523723,0.331626944335975,NaN,NaN,NaN,-2.50245555329077,NaN,-0.90688263615191,-0.864349489970807,NaN,-0.625808729470556,NaN,NaN,-0.802842249173525,NaN,NaN,0.656857702977925,0.437454476067145,0.597418767335855,1.46089984576501,NaN,NaN,-0.530581300564274,-0.590992024102583,-1.5438389826,-0.712025167233012,-0.712025167229599,-0.784097310996235,-1.09893702740212,NaN,NaN,2.44073025645033,-1.27624713137735,NaN,NaN,0.309781138161196,NaN,0.969806500292006,0.592986398424122
431.104,-0.82464124687925,0.408915495139654,-0.132201516127037,-1.58067005019757,0.0423001835985073,0.0423001835990032,NaN,0.201520853957961,0.338393088302585,0.97512727297504,-0.483246396151866,0.975127272975382,-0.185222618396623,0.337664759468352,NaN,NaN,NaN,-2.51246885614337,NaN,-0.876523890340869,-0.854415377623847,NaN,-0.647287367441208,NaN,NaN,-0.815000126654309,NaN,NaN,0.648230112639177,0.432451763268738,0.600352997747608,1.46552703478732,NaN,NaN,-0.54455757461711,-0.586753883072472,-1.55033571865983,-0.724583659030997,-0.724583659027575,-0.81140188143296,-1.08046000516809,NaN,NaN,2.45898071757686,-1.28503204432905,NaN,NaN,0.303551039182379,NaN,0.983408675488826,0.562092746078163
431.2064,-0.812861171714997,0.402885067516646,-0.130601430184602,-1.58215701295834,0.0339872828122961,0.0339872828128002,NaN,0.182982086585422,0.349811300049832,0.989008790923233,-0.500545956933048,0.98900879092358,-0.163607320921822,0.343405990214976,NaN,NaN,NaN,-2.52091473796276,NaN,-0.846959121793363,-0.845049896437334,NaN,-0.66742155331247,NaN,NaN,-0.826565666009145,NaN,NaN,0.639876252764745,0.427453810219272,0.603600888534473,1.46975296708751,NaN,NaN,-0.557582421739484,-0.581416559527414,-1.5562642414812,-0.736098489817185,-0.736098489813757,-0.837747426075686,-1.06151527000184,NaN,NaN,2.4748251646488,-1.29297996955322,NaN,NaN,0.297791856045122,NaN,0.997838522306326,0.531086988771015
431.3088,-0.800674877336067,0.396894875740718,-0.128567486024536,-1.58372925087693,0.0259696951961413,0.0259696951966575,NaN,0.164828000562808,0.360403419759801,1.00225713985071,-0.516788242944482,1.00225713985106,-0.142063752877492,0.348875753039848,NaN,NaN,NaN,-2.52786005563194,NaN,-0.818180409522782,-0.83623500933385,NaN,-0.686235571374107,NaN,NaN,-0.837538552969576,NaN,NaN,0.631838025513322,0.422488630766268,0.607111700938223,1.47354617681981,NaN,NaN,-0.569661232563911,-0.574971066250382,-1.56161097609152,-0.746562347816947,-0.746562347813511,-0.86303941980196,-1.0421642328499,NaN,NaN,2.48825542696954,-1.30004377269214,NaN,NaN,0.292503853631835,NaN,1.01305757964856,0.499965274246382
431.4112,-0.788094115541644,0.390955604341299,-0.126094156607796,-1.58536397632181,0.0182566199948948,0.0182566199954219,NaN,0.147070082784898,0.370218707032453,1.01484889592593,-0.532017859383255,1.01484889592628,-0.120601222868789,0.354099753320728,NaN,NaN,NaN,-2.53337262001705,NaN,-0.790175530638765,-0.827951673761329,NaN,-0.703757294149688,NaN,NaN,-0.847919553011978,NaN,NaN,0.62415604243369,0.417581081636997,0.610833249956317,1.47687417815191,NaN,NaN,-0.580800677282514,-0.567408713381863,-1.56636403004419,-0.755969753771919,-0.755969753768478,-0.887185271103062,-1.02246956995195,NaN,NaN,2.49927061868842,-1.3061755940613,NaN,NaN,0.28768546714078,NaN,1.02902353054627,0.468722899247787
431.5136,-0.775130456707175,0.385076767916823,-0.123177533619182,-1.58703776551948,0.0108557484506544,0.0108557484511886,NaN,0.129716879377632,0.379308113957389,1.02676174547484,-0.546284740505786,1.0267617454752,-0.0992286698516111,0.359103995898027,NaN,NaN,NaN,-2.53752102945164,NaN,-0.762928288430128,-0.820180070109615,NaN,-0.720017958347542,NaN,NaN,-0.857710557418955,NaN,NaN,0.616869471784581,0.412752692768842,0.61471199382897,1.47970355031967,NaN,NaN,-0.591008601879448,-0.558721141872625,-1.57051325243742,-0.764317089580966,-0.764317089577519,-0.910094790488108,-1.0024949115419,NaN,NaN,2.50787697625441,-1.31132718636454,NaN,NaN,0.283333373252671,NaN,1.04569044517232,0.437354618498693
431.616,-0.761795518567869,0.379266665093654,-0.119815607490462,-1.58872662284502,0.00377317217016261,0.003773172170702,NaN,0.112774036115004,0.3877239842208,1.03797441726825,-0.559643882969138,1.03797441726861,-0.077954833769001,0.363914550772676,NaN,NaN,NaN,-2.54037447897975,NaN,-0.736418866400715,-0.812899844733878,NaN,-0.735051899608464,NaN,NaN,-0.866914580754522,NaN,NaN,0.610015904700395,0.408021531265763,0.618693140855409,1.48200003490828,NaN,NaN,-0.600293920284461,-0.548900383155659,-1.57405025943907,-0.77160258193133,-0.771602581927875,-0.931680656987779,-0.982304493211284,NaN,NaN,2.51408766938424,-1.31545026499957,NaN,NaN,0.27944257055815,NaN,1.06300907036121,0.405854991801597
431.7184,-0.748101209084351,0.373532380223706,-0.116008487496216,-1.59040601942418,-0.00298665724956202,-0.00298665724901989,NaN,0.0962443799888336,0.395519783450605,1.04846667595723,-0.572155042489755,1.0484666759576,-0.0567884494184382,0.368557375465701,NaN,NaN,NaN,-2.5420025439946,NaN,-0.710624176557394,-0.806090363250484,NaN,-0.748896249545769,NaN,NaN,-0.875535706778491,NaN,NaN,0.603631236458578,0.403402109059056,0.622720769228004,1.4837286462618,NaN,NaN,-0.608666493699429,-0.537938939314277,-1.57696842829473,-0.777826238671814,-0.777826238668357,-0.951858879011254,-0.961962771594709,NaN,NaN,2.51792258698264,-1.31849686181404,NaN,NaN,0.2760064631726,NaN,1.08092710814135,0.374218732366822
431.8208,-0.734059967322752,0.367879810959855,-0.111758580544911,-1.59205092127015,-0.00942093860325062,-0.0094209386027007,NaN,0.080128026929695,0.40274984345857,1.05821934639244,-0.58388240569247,1.05821934639281,-0.0357384503031143,0.3730581682889,NaN,NaN,NaN,-2.54247494470514,NaN,-0.685518175002039,-0.799730975286412,NaN,-0.761590613128106,NaN,NaN,-0.88357900693519,NaN,NaN,0.597749553072865,0.398905332576617,0.626737951400867,1.48485379184858,NaN,NaN,-0.616136996973393,-0.525829879186555,-1.57926287356688,-0.782989754893744,-0.782989754890284,-0.970549243504694,-0.941534019992596,NaN,NaN,2.51940811870502,-1.32041967394411,NaN,NaN,0.273016937909793,NaN,1.09938943642345,0.342441026223828
431.9232,-0.719684989090681,0.362313700919712,-0.107070748228678,-1.59363582231818,-0.0155285230676027,-0.0155285230670495,NaN,0.0644225010813377,0.409469105139425,1.0672143400461,-0.594894248589912,1.06721434004647,-0.014814167588995,0.377442226493709,NaN,NaN,NaN,-2.54186130102424,NaN,-0.661072123932095,-0.793801287926465,NaN,-0.773176745433345,NaN,NaN,-0.89105045927919,NaN,NaN,0.592403017575459,0.394538484900801,0.630686876845745,1.48533939832158,NaN,NaN,-0.622716775818522,-0.512566948186259,-1.58093041940517,-0.787096409733968,-0.787096409730503,-0.987675743196252,-0.921081927145722,NaN,NaN,2.51857695233799,-1.32117240986942,NaN,NaN,0.270464430705962,NaN,1.11833827551175,0.310517812974419
432.0256,-0.704990432298664,0.356837672729728,-0.101952444702903,-1.59513478758073,-0.021309913865383,-0.0213099138648272,NaN,0.0491228606066866,0.415732857855783,1.07543467739415,-0.605262585340677,1.07543467739452,0.0059744835058734,0.381734303321414,NaN,NaN,NaN,-2.54023088984225,NaN,-0.637254792118997,-0.7882814357368,NaN,-0.783698235761792,NaN,NaN,-0.897956880865923,NaN,NaN,0.587621761825063,0.390305229405308,0.634508972974609,1.48514904209651,NaN,NaN,-0.628417697714032,-0.49814469022459,-1.58196957213292,-0.790150964628365,-0.790150964624896,-1.00316697560834,-0.900669212394539,NaN,NaN,2.51546788928861,-1.32071013836302,NaN,NaN,0.268337983058062,NaN,1.13771334289699,0.278446043727499
432.128,-0.689991606032806,0.351454271854381,-0.0964138231745873,-1.59652150092355,-0.0267672545552375,-0.0267672545546788,NaN,0.0342218341548816,0.421596482889047,1.08286452068734,-0.615062803172788,1.0828645206877,0.0266168296065129,0.38595847723942,NaN,NaN,NaN,-2.53765241600119,NaN,-0.614032603084097,-0.783152332313442,NaN,-0.793200194495278,NaN,NaN,-0.904305869628943,NaN,NaN,0.583433796009251,0.386205628790361,0.63814502931983,1.48424608682177,NaN,NaN,-0.63325199775774,-0.482558580484226,-1.58238048712903,-0.792159558202964,-0.792159558199491,-1.01695651858521,-0.880357248843763,NaN,NaN,2.51012566106075,-1.31898963566854,NaN,NaN,0.266625291922915,NaN,1.15745203241977,0.246223945439505
432.2304,-0.674705152130576,0.346165038873568,-0.090467792110724,-1.59776930536979,-0.0319042886810495,-0.0319042886804898,NaN,0.0197099782711283,0.427115212958634,1.0894892408821,-0.624373276147238,1.08948924088246,0.0471012720684329,0.390138056038213,NaN,NaN,NaN,-2.53419380224356,NaN,-0.591369753646336,-0.778395889796794,NaN,-0.801728931504817,NaN,NaN,-0.910105738528748,NaN,NaN,0.579864944907282,0.382236183107519,0.641535333474024,1.48259383065246,NaN,NaN,-0.63723211829648,-0.465805167657666,-1.58216491794337,-0.793129580895461,-0.793129580891991,-1.02898329100689,-0.860205675128203,NaN,NaN,2.50260073145874,-1.31596971037969,NaN,NaN,0.265312760209301,NaN,1.1774896257066,0.213851313589054
432.3328,-0.659149227028361,0.340970624096647,-0.0841300070988342,-1.5988512248369,-0.036726276850465,-0.0367262768499026,NaN,0.00557586593880217,0.432343918093609,1.09529553630128,-0.633274953042171,1.09529553630164,0.0674151211977317,0.394295533183665,NaN,NaN,NaN,-2.52992199598409,NaN,-0.569228330098563,-0.773995193566806,NaN,-0.809331618809101,NaN,NaN,-0.91536542277057,NaN,NaN,0.57693881210734,0.378389897556886,0.644619825975555,1.48015566414028,NaN,NaN,-0.640370539309137,-0.447882222338986,-1.58132613746373,-0.7930695138731,-0.793069513869633,-1.03919190218111,-0.840271985552507,NaN,NaN,2.49294908170249,-1.31161148713937,NaN,NaN,0.264385554626241,NaN,1.19775952438458,0.181329836024241
432.4352,-0.643343684145258,0.335870940953169,-0.0774188040339773,-1.59973996712765,-0.0412398751595764,-0.0412398751590153,NaN,-0.00819369322944339,0.437336916454702,1.10027159579124,-0.641850921867751,1.1002715957916,0.0875444322689462,0.398452591157237,NaN,NaN,NaN,-2.52490278771132,NaN,-0.547568442468469,-0.769934624916458,NaN,-0.816055943042994,NaN,NaN,-0.920094357247462,NaN,NaN,0.574676763247696,0.374656389234827,0.647338273218871,1.4768952368597,NaN,NaN,-0.642679599559755,-0.428788886224357,-1.57986883237256,-0.791988734999653,-0.791988734996185,-1.04753298583189,-0.820611109433094,NaN,NaN,2.48123197472333,-1.30587865644186,NaN,NaN,0.263827668921896,NaN,1.21819348833675,0.148663432071726
432.5376,-0.627310246354978,0.330865334933803,-0.0703550994910673,-1.6004079212799,-0.0454529980597251,-0.0454529980591624,NaN,-0.0216134134368693,0.442147795152253,1.10440727367645,-0.650185960537763,1.10440727367679,0.107473852438621,0.40263012275363,NaN,NaN,NaN,-2.51920063759857,NaN,-0.526348379154885,-0.766199937733943,NaN,-0.821949764809552,NaN,NaN,-0.924302343722094,NaN,NaN,0.573097913189967,0.371022033011352,0.64963044921826,1.47277662970697,NaN,NaN,-0.64417131508499,-0.408525817096878,-1.57779898497851,-0.78989731467261,-0.789897314669143,-1.05396350388259,-0.801275012392327,NaN,NaN,2.46751568751048,-1.29873772118396,NaN,NaN,0.263621983088446,NaN,1.23872186994149,0.115858582540391
432.64,-0.611072652112873,0.325952740629072,-0.0629622851015781,-1.60082716595986,-0.0493746910389848,-0.0493746910384221,NaN,-0.0346992913921704,0.446829224656434,1.10769424200754,-0.658366084664154,1.10769424200789,0.127186490785568,0.406848239072646,NaN,NaN,NaN,-2.5128785097629,NaN,-0.505524765391338,-0.762778304310622,NaN,-0.827060803547143,NaN,NaN,-0.927999434142455,NaN,NaN,0.572219106686054,0.3674701374827,0.651436317447878,1.46776453145628,NaN,NaN,-0.644857205484191,-0.387095326484292,-1.57512375930099,-0.786805827804651,-0.786805827801187,-1.05844699709476,-0.78231235917943,NaN,NaN,2.4518712000165,-1.29015826822016,NaN,NaN,0.263750313624931,NaN,1.25927383220656,0.0829246296259041
432.7424,-0.594656762236255,0.321131811502615,-0.0552661274543024,-1.60096949790833,-0.0530150247108431,-0.0530150247102857,NaN,-0.0474683760182063,0.451432760481639,1.11012610514445,-0.666478098941123,1.11012610514478,0.146663819059324,0.41112625110726,NaN,NaN,NaN,-2.50599771701289,NaN,-0.48505270525303,-0.759658342541433,NaN,-0.83143635805398,NaN,NaN,-0.931195844099741,NaN,NaN,0.572054893173507,0.363981139566365,0.652696211204411,1.46182442118802,NaN,NaN,-0.644748136979416,-0.364501508539573,-1.57185140034291,-0.782725195135898,-0.782725195132439,-1.06095376715778,-0.763768257017587,NaN,NaN,2.4343738360786,-1.28011327544246,NaN,NaN,0.264193460488179,NaN,1.27977753287532,0.0498740328209637
432.8448,-0.578090624455408,0.316401023973833,-0.0472946684742328,-1.60080647842813,-0.0563850050957261,-0.0563850050951723,NaN,-0.0599385517358513,0.456008637587505,1.11169848534363,-0.674609152095222,1.11169848534397,0.165885603144634,0.415482633076441,NaN,NaN,NaN,-2.49861778033132,NaN,-0.464885898947921,-0.756830132131178,NaN,-0.835123059100861,NaN,NaN,-0.933901892079432,NaN,NaN,0.572617505114784,0.360532811052754,0.653351017543801,1.45492275967802,NaN,NaN,-0.643854185800815,-0.340750360336485,-1.56799114430167,-0.777666550187455,-0.777666550184004,-1.06146099468487,-0.745684064469826,NaN,NaN,2.41510286149238,-1.26857944867408,NaN,NaN,0.264931260289753,NaN,1.30016026602289,0.0167225777168777
432.9472,-0.561404503494305,0.311758772212616,-0.0390781083667123,-1.60030948715918,-0.0594964813709348,-0.0594964813703871,NaN,-0.0721283275639355,0.460605572297788,1.11240910737985,-0.682846289973364,1.11240910738019,0.18482985906299,0.419934991076134,NaN,NaN,NaN,-2.49079629842233,NaN,-0.444976740122792,-0.754285227607726,NaN,-0.838166639475992,NaN,NaN,-0.936127946155332,NaN,NaN,0.573916851234797,0.35710047789008,0.653342372777078,1.44702719208171,NaN,NaN,-0.642184518533955,-0.315849895542112,-1.56355312825057,-0.771641115348983,-0.771641115345537,-1.05995281344476,-0.728097229546434,NaN,NaN,2.39414104890847,-1.25553756893529,NaN,NaN,0.265942651947995,NaN,1.32034857344547,-0.0165104487909248
433.0496,-0.544630889649101,0.3072034776523,-0.030648646388972,-1.59944976815174,-0.0623620258966323,-0.0623620258960939,NaN,-0.0840566180986129,0.465270590333467,1.1122579176826,-0.691275998635955,1.11225791768294,0.20347282372681,0.424500066896939,NaN,NaN,NaN,-2.48258880915178,NaN,-0.42527640303909,-0.75201667303499,NaN,-0.840611705235828,NaN,NaN,-0.937884352773108,NaN,NaN,0.575960530331819,0.353657260976432,0.65261287631266,1.43810676263727,NaN,NaN,-0.639747280517721,-0.289810253085873,-1.5585482838136,-0.764660065459901,-0.764660065456471,-1.05642036442192,-0.711041121637054,NaN,NaN,2.37157421794052,-1.24097282206104,NaN,NaN,0.267205757514264,NaN,1.34026834709,-0.0498020970066434
433.152,-0.527804495964794,0.30273372891449,-0.0220402647649847,-1.59819845779405,-0.0649947713774802,-0.0649947713769486,NaN,-0.0957425060383593,0.470048890554038,1.11124725626547,-0.69998373225619,1.11124725626581,0.221788932667616,0.429193794682742,NaN,NaN,NaN,-2.47404862758005,NaN,-0.405734932559669,-0.750019015567071,NaN,-0.842501501976605,NaN,NaN,-0.939181329053737,NaN,NaN,0.57875386169777,0.350174350988346,0.651106324146307,1.42813213960156,NaN,NaN,-0.636549484034423,-0.262643798775271,-1.55298820513913,-0.756734366062228,-0.756734366058813,-1.05086184442448,-0.6945448418388,NaN,NaN,2.34749075905552,-1.22487508870669,NaN,NaN,0.268697978057038,NaN,1.35984493087405,-0.0831256010318246
433.2544,-0.510962247014587,0.298348443326278,-0.0132884719552363,-1.59652659875672,-0.0674082182416076,-0.067408218241086,NaN,-0.107204990938608,0.474983733479676,1.10938206031557,-0.709053429979289,1.10938206031592,0.239750806924876,0.434031395188183,NaN,NaN,NaN,-2.46522666709325,NaN,-0.386301357850912,-0.748288312248206,NaN,-0.843877687843711,NaN,NaN,-0.940028825670581,NaN,NaN,0.582299920895834,0.346621322090142,0.648767956188093,1.41707584481397,NaN,NaN,-0.632596898060638,-0.234365214656519,-1.54688499695225,-0.747874596920717,-0.747874596917315,-1.04328254800688,-0.678633027634622,NaN,NaN,2.32198115650134,-1.20723918912818,NaN,NaN,0.270396098951729,NaN,1.37900321204745,-0.11645024424722
433.3568,-0.494143257456315,0.294047019127308,-0.00443005075830896,-1.59440515795449,-0.0696160502634563,-0.0696160502629406,NaN,-0.118462743405946,0.48011632846591,1.1066700460221,-0.718567034373003,1.10667004602245,0.257329261985635,0.439027462356609,NaN,NaN,NaN,-2.4561712677322,NaN,-0.366923857991998,-0.746822129147485,NaN,-0.844780137595692,NaN,NaN,-0.940436393269886,NaN,NaN,0.586599567233566,0.342966474727694,0.645544708098438,1.40491248005682,NaN,NaN,-0.62789395375876,-0.204991571382683,-1.54025112246943,-0.738090793192742,-0.73809079318936,-1.03369488808504,-0.663325690540427,NaN,NaN,2.29513753381944,-1.18806508836564,NaN,NaN,0.272276396419359,NaN,1.39766769913586,-0.149741257205612
433.4592,-0.47738879583883,0.2898294469799,0.00449714501682016,-1.59180506696369,-0.0716319941195409,-0.0716319941190339,NaN,-0.129533884252571,0.485485698070118,1.10312181886638,-0.72860402394781,1.10312181886673,0.274493352870636,0.444195998670352,NaN,NaN,NaN,-2.44692805162068,NaN,-0.347549997821803,-0.745619533740429,NaN,-0.845246796477958,NaN,NaN,-0.94041308560658,NaN,NaN,0.591651450335464,0.339177188987219,0.641385461103796,1.39161894493581,NaN,NaN,-0.622443682279142,-0.174542379988264,-1.53309927172505,-0.727392337140335,-0.72739233713697,-1.02211837917777,-0.648638119564721,NaN,NaN,2.26705323848688,-1.16735806809324,NaN,NaN,0.274314745859877,NaN,1.41576260166418,-0.182959759736754
433.5616,-0.460742224499656,0.285696366251869,0.0134543315352211,-1.5886972927608,-0.0734697342073129,-0.0734697342068137,NaN,-0.140435797646311,0.491128516508686,1.09875089624649,-0.739240966004807,1.09875089624684,0.291210461956562,0.449550385399788,NaN,NaN,NaN,-2.43753980659946,NaN,-0.328127023671607,-0.744681073345584,NaN,-0.845313584459873,NaN,NaN,-0.939967410633904,NaN,NaN,0.59745198989151,0.335220271037257,0.63624128947485,1.37717464703084,NaN,NaN,-0.616247692515742,-0.143039619492453,-1.5254422601754,-0.715787913877527,-0.715787913874179,-1.00857957699048,-0.634580856726046,NaN,NaN,2.23782245955612,-1.14512886858965,NaN,NaN,0.276486744126781,NaN,1.43321191081608,-0.216062762213188
433.664,-0.444248905665686,0.281649069759987,0.0224018882708016,-1.58505293528341,-0.0751428713096142,-0.0751428713091225,NaN,-0.151184977156363,0.497078934316854,1.09357366004413,-0.75055108998787,1.09357366004448,0.307446427511782,0.455103303703425,NaN,NaN,NaN,-2.42804638496542,NaN,-0.308602192149059,-0.74400872262107,NaN,-0.845014337897559,NaN,NaN,-0.939107319185521,NaN,NaN,0.603995335520319,0.331062281467269,0.630065710600019,1.36156171015745,NaN,NaN,-0.609306186314773,-0.110507738046519,-1.51729295468541,-0.703285523680946,-0.703285523677616,-0.993111977718672,-0.621159730578766,NaN,NaN,2.20753985888959,-1.12139380595141,NaN,NaN,0.278767859407939,NaN,1.44993946108136,-0.249003239337443
433.7664,-0.427956075256983,0.277689474226561,0.0312994286397395,-1.58084333997357,-0.0766649033108108,-0.0766649033103273,NaN,-0.161796896282863,0.503368406493142,1.08760927329938,-0.762603876807539,1.08760927329973,0.323165704606788,0.460866637472316,NaN,NaN,NaN,-2.41848460217912,NaN,-0.288923123966566,-0.743605782651896,NaN,-0.844380773974593,NaN,NaN,-0.937840208997107,NaN,NaN,0.611273322525828,0.326669842394433,0.622814945786319,1.34476518708858,NaN,NaN,-0.60161800385751,-0.0769736280001499,-1.50866421417488,-0.689892531835489,-0.689892531832182,-0.975755885076372,-0.608375927507653,NaN,NaN,2.17630020092532,-1.0961748713997,NaN,NaN,0.281133616255566,NaN,1.46586899131146,-0.281730273016389
433.8688,-0.411912698489552,0.273820081543807,0.0401058732972498,-1.57604020865309,-0.0780492038417211,-0.0780492038412482,NaN,-0.17228588961504,0.510025541121776,1.08087959778252,-0.775464656420951,1.08087959778287,0.338331546287137,0.466851392387926,NaN,NaN,NaN,-2.40888812386806,NaN,-0.269038201160517,-0.743476719424395,NaN,-0.843442467031564,NaN,NaN,-0.936172917008337,NaN,NaN,0.619275436232355,0.322009927839036,0.614448201023244,1.3267732795017,NaN,NaN,-0.593180690336752,-0.0424665767759811,-1.49956882731323,-0.675615732894879,-0.675615732891594,-0.95655825908542,-0.596226073950226,NaN,NaN,2.14419797140764,-1.06949981211974,NaN,NaN,0.283559816099424,NaN,1.48092426873312,-0.314189243609734
433.9712,-0.396169318670701,0.270043952537704,0.0487795487477388,-1.57061569469144,-0.0793089795050057,-0.0793089795045443,NaN,-0.182665031566963,0.517075982496518,1.07340914062773,-0.789194207163637,1.07340914062809,0.352906193655718,0.473067658892458,NaN,NaN,NaN,-2.39928733476967,NaN,-0.248897018768026,-0.743626934967563,NaN,-0.842226831000825,NaN,NaN,-0.9341116780863,NaN,NaN,0.627988788856602,0.317050146477083,0.604927972285733,1.30757756365092,NaN,NaN,-0.583990574252484,-0.00701819515579177,-1.49001943352261,-0.66046141033934,-0.660461410336079,-0.935572564634017,-0.584702300120045,NaN,NaN,2.11132697845902,-1.04140218229795,NaN,NaN,0.286022785305102,NaN,1.49502931663069,-0.346322053524144
434.0736,-0.380777898421902,0.266364697060273,0.0572783178120877,-1.56454248106693,-0.0804572042799962,-0.0804572042795434,NaN,-0.192946010794603,0.524542332108725,1.06522503294255,-0.803848358149081,1.06522503294292,0.36685107119695,0.479524623042419,NaN,NaN,NaN,-2.38970919135593,NaN,-0.228450872875256,-0.744062475210912,NaN,-0.840759111549597,NaN,NaN,-0.931662050043278,NaN,NaN,0.637398106814431,0.311759024470342,0.594220368008738,1.2871732167544,NaN,NaN,-0.574042851355111,0.0293376765244623,-1.48002842757027,-0.644435390454627,-0.644435390451392,-0.912858626388751,-0.573792279852593,NaN,NaN,2.07777993897885,-1.01192134911895,NaN,NaN,0.288499636130727,NaN,1.5081087373417,-0.378067384866306
434.176,-0.365791646306569,0.262786461006227,0.0655597187845293,-1.55779385521385,-0.0815065550333394,-0.0815065550328955,NaN,-0.203139013875814,0.532444092455954,1.05635700886731,-0.819477606193547,1.05635700886768,0.380126994922614,0.486230596595539,NaN,NaN,NaN,-2.38017706611922,NaN,-0.207653262479501,-0.744789692087728,NaN,-0.839062402878142,NaN,NaN,-0.928828832045109,NaN,NaN,0.64748572298511,0.306106288049587,0.582295431976013,1.26555923723089,NaN,NaN,-0.563331678834812,0.0665650850575094,-1.46960786368565,-0.627543112252338,-0.627543112249132,-0.888482475339488,-0.563479280675483,NaN,NaN,2.04364806874576,-0.981102440447065,NaN,NaN,0.290968528152763,NaN,1.52008811427748,-0.409361001366343
434.2784,-0.351264823247609,0.259313879994136,0.0735810722574147,-1.55034379985426,-0.0824693836456123,-0.0824693836451764,NaN,-0.213252639248254,0.540797607809329,1.04683733721342,-0.836126762648966,1.0468373372138,0.392694406608676,0.493193022790219,NaN,NaN,NaN,-2.37071059198869,NaN,-0.186460404852015,-0.745814879906904,NaN,-0.837157707969829,NaN,NaN,-0.925616011582439,NaN,NaN,0.658231565574899,0.300063136890438,0.569127452337904,1.24273865370486,NaN,NaN,-0.551850294787219,0.104626104838375,-1.45876938015235,-0.609789742728608,-0.609789742725434,-0.862516162580596,-0.553742271100186,NaN,NaN,2.00902070556358,-0.948996226332441,NaN,NaN,0.293408929183495,NaN,1.53089449704919,-0.440136103862694
434.3808,-0.337252527222149,0.255951980222711,0.0812995272640461,-1.54216711148698,-0.0833577481241278,-0.0833577481237038,NaN,-0.223293855876684,0.549615986549495,1.0367006764878,-0.853834640693887,1.03670067648819,0.404513642458783,0.500418430005681,NaN,NaN,NaN,-2.36132551413038,NaN,-0.16483176987187,-0.747143898359272,NaN,-0.835064052840318,NaN,NaN,-0.922026758949981,NaN,NaN,0.669613136249011,0.293602497562345,0.5546952507509,1.21871872133925,NaN,NaN,-0.539591177954689,0.14348099993,-1.44752415781471,-0.591180353105556,-0.591180353102414,-0.835037524062592,-0.54455610672236,NaN,NaN,1.97398498680624,-0.915658935399686,NaN,NaN,0.29580188264848,NaN,1.54045697751398,-0.470323742976111
434.4832,-0.323810460135885,0.252706032562072,0.088672052407389,-1.53323954558381,-0.0841834961363427,-0.0841834961359301,NaN,-0.233268004351449,0.558909014478155,1.0259838660014,-0.872633785154863,1.0259838660018,0.415545231189754,0.507912338724083,NaN,NaN,NaN,-2.35203355608233,NaN,-0.142730614990557,-0.748781794374433,NaN,-0.832798647929883,NaN,NaN,-0.918063463279591,NaN,NaN,0.681605482057568,0.286699251015907,0.538982450448906,1.19351110502831,NaN,NaN,-0.526546249263647,0.183088399922954,-1.43588291339026,-0.571720147998881,-0.571720147995773,-0.806129895902988,-0.535891779779729,NaN,NaN,1.93862557685297,-0.881152015243186,NaN,NaN,0.298130281014536,NaN,1.54870733286504,-0.499853278120184
434.5856,-0.310994687254746,0.249581392198417,0.0956554117705494,-1.52353797603049,-0.0849583655151915,-0.0849583655147923,NaN,-0.243178820203344,0.568683089500622,1.01472570470495,-0.892550241008716,1.01472570470536,0.425750199942931,0.515679158802153,NaN,NaN,NaN,-2.34284230342027,NaN,-0.120124485060247,-0.750732444755143,NaN,-0.830377070587293,NaN,NaN,-0.913727780834587,NaN,NaN,0.694181185834831,0.279330432729675,0.521977723282789,1.16713204662615,NaN,NaN,-0.512707097627696,0.22340547988787,-1.42385591771567,-0.551414715036929,-0.551414715033852,-0.775881794599796,-0.527716691563318,NaN,NaN,1.9030244229426,-0.845541845734559,NaN,NaN,0.300379128745765,NaN,1.55558066634449,-0.528652856381241
434.688,-0.298861401941584,0.246583367361455,0.102206180337341,-1.51304054937936,-0.085694055188515,-0.0856940551881305,NaN,-0.253028452167558,0.578941213267794,1.0029667810805,-0.913603357800503,1.00296678108093,0.435090358584103,0.523722128321792,NaN,NaN,NaN,-2.33375510121265,NaN,-0.0969856537917355,-0.752998238399026,NaN,-0.827813434249076,NaN,NaN,-0.909020652379679,NaN,NaN,0.70731040924006,0.271475405110538,0.503675014792499,1.13960251115665,NaN,NaN,-0.498065202000172,0.26438814217881,-1.41145302464091,-0.530270248823534,-0.530270248820494,-0.744386583055529,-0.519994903503825,NaN,NaN,1.86726052121874,-0.808899405267544,NaN,NaN,0.302535771724127,NaN,1.5610159656618,-0.55664988591734
434.7904,-0.28746669840248,0.243717144094524,0.108280837578267,-1.50172681933523,-0.086402240121206,-0.0864022401208354,NaN,-0.262817459648814,0.589683062695319,0.990749393204918,-0.935805634843073,0.990749393205352,0.443528549260323,0.532043329916841,NaN,NaN,NaN,-2.32477096257128,NaN,-0.0732914977943008,-0.755579795627249,NaN,-0.825120523820553,NaN,NaN,-0.903942261282211,NaN,NaN,0.720961004480339,0.263116001419398,0.484073741272092,1.11094830621148,NaN,NaN,-0.482612130078392,0.305991207047874,-1.39868370176988,-0.508293718402109,-0.508293718399101,-0.711742137066923,-0.512687345920999,NaN,NaN,1.83140968450448,-0.771299887644954,NaN,NaN,0.304590079543308,NaN,1.56495654727997,-0.583771493708718
434.8928,-0.276866338865815,0.240987757150792,0.113835936520077,-1.48957786421552,-0.0870945447612433,-0.0870945447608865,NaN,-0.272544796392653,0.600905139307361,0.978117550757319,-0.959162617095264,0.978117550757762,0.451028880107008,0.540643778450569,NaN,NaN,NaN,-2.31588449719287,NaN,-0.0490247848882132,-0.758475712534462,NaN,-0.822309907159067,NaN,NaN,-0.898491950681273,NaN,NaN,0.735098675927454,0.254236644021525,0.463178944240986,1.08120016543808,NaN,NaN,-0.466339717176034,0.348168614780468,-1.38555706562628,-0.485492988300653,-0.485492988297678,-0.678050512667198,-0.505751999567733,NaN,NaN,1.7955443139609,-0.732822282859453,NaN,NaN,0.306534581278896,NaN,1.56735041997614,-0.609944964015925
434.9952,-0.267115498088919,0.238400070573507,0.118828308379737,-1.47657640093997,-0.0877825159029436,-0.0877825159026023,NaN,-0.28220780252752,0.612600970165022,0.96511700502152,-0.983672846176501,0.965117005021971,0.457556974469881,0.549523535311847,NaN,NaN,NaN,-2.30708587352606,NaN,-0.0241738522417618,-0.761682330661152,NaN,-0.819392053318897,NaN,NaN,-0.892668155321875,NaN,NaN,0.749687152537334,0.244824447455346,0.441001381488863,1.05039377934636,NaN,NaN,-0.449240245956873,0.390873627913081,-1.37208192722531,-0.461876931795435,-0.461876931792493,-0.643417604808488,-0.499144082339318,NaN,NaN,1.75973318506791,-0.693548949220595,NaN,NaN,0.308364564092834,NaN,1.56815061731082,-0.635098153618774
435.0976,-0.258268477432199,0.235958736442654,0.123215261788773,-1.46270689978519,-0.0884776251420712,-0.08847762514174,NaN,-0.291802224391604,0.624761328267372,0.95179523871516,-1.00932786300024,0.95179523871562,0.463080246337811,0.558681805153838,NaN,NaN,NaN,-2.2983608187471,NaN,0.00126733077510187,-0.765193542265761,NaN,-0.816376478482666,NaN,NaN,-0.886468391592326,NaN,NaN,0.764688341805555,0.234869318866514,0.41755753543268,1.0185697531369,NaN,NaN,-0.431306642823936,0.434059018547691,-1.35826684511336,-0.43745556363251,-0.437455563629601,-0.607952790700677,-0.492816258798586,NaN,NaN,1.72404125897785,-0.653565194624231,NaN,NaN,0.310078147975152,NaN,1.5673155110048,-0.659159896437871
435.2,-0.250378385032583,0.233668123834261,0.126954767652101,-1.44795569153768,-0.0891913007628636,-0.0891913007625442,NaN,-0.301322268173345,0.63737445749271,0.938201378625023,-1.03611226192965,0.938201378625494,0.467568188718115,0.568117006855021,NaN,NaN,NaN,-2.28969065571444,NaN,0.0272991977983248,-0.769000640921907,NaN,-0.813271912578583,NaN,NaN,-0.879889307887462,NaN,NaN,0.780062460332429,0.224364057842871,0.392869529938639,0.985773481830536,NaN,NaN,-0.412532690817231,0.477677236938115,-1.34412017724631,-0.412240188790471,-0.412240188787594,-0.571768560688134,-0.486718866019844,NaN,NaN,1.68852952987323,-0.612958862211779,NaN,NaN,0.311676348765577,NaN,1.56480908339334,-0.682060429667004
435.3024,-0.243496774172369,0.231532226398574,0.130005649714802,-1.43231106065077,-0.0899349721768271,-0.0899349721765216,NaN,-0.310760682911271,0.650426308670112,0.924386041152465,-1.06400380923671,0.924386041152948,0.470992662042511,0.577826840936873,NaN,NaN,NaN,-2.28105238401379,NaN,0.0539166987026664,-0.773092221978708,NaN,-0.810086464896541,NaN,NaN,-0.872926773803575,NaN,NaN,0.795768149699178,0.213304444154054,0.366964961152117,0.952054952162449,NaN,NaN,-0.392913253114447,0.521680567968943,-1.32965012974534,-0.386243549476783,-0.386243549473941,-0.534980144545078,-0.480800140666772,NaN,NaN,1.65325491753862,-0.571819900167022,NaN,NaN,0.313163132543599,NaN,1.56060113699064,-0.703731863600069
435.4048,-0.237673231831436,0.229554560751356,0.132327806788949,-1.41576332565599,-0.0907201127341975,-0.090720112733903,NaN,-0.320108865045798,0.663900801632319,0.910401143342781,-1.0929736442953,0.910401143343279,0.473328182258299,0.587808380119948,NaN,NaN,NaN,-2.27241881600004,NaN,0.0811094817091652,-0.777454126197875,NaN,-0.806827773688241,NaN,NaN,-0.865575987230835,NaN,NaN,0.81176258318854,0.201689298814517,0.339876657303811,0.917468491363694,NaN,NaN,-0.372444505826751,0.566021283741208,-1.31486480838195,-0.359479957303714,-0.359479957300906,-0.497705137985981,-0.47500643775883,NaN,NaN,1.61827020150634,-0.530239888883386,NaN,NaN,0.314545451819939,NaN,1.55466743031717,-0.724108692911658
435.5072,-0.232954920630081,0.227738071123965,0.133882487266712,-1.39830490928039,-0.0915582690784077,-0.0915582690781249,NaN,-0.329356972786638,0.677780126706516,0.896299707686152,-1.12298657113844,0.896299707686666,0.474552207259182,0.598058202755101,NaN,NaN,NaN,-2.26375876992327,NaN,0.108862144419321,-0.782069413608917,NaN,-0.803503133058105,NaN,NaN,-0.857831579317174,NaN,NaN,0.828001561911107,0.189520515684134,0.311642381370051,0.882072478551467,NaN,NaN,-0.351124179826512,0.610651796551982,-1.29977227875651,-0.331965403506755,-0.331965403503984,-0.460063125698659,-0.469282437076365,NaN,NaN,1.5836239784946,-0.488311502008174,NaN,NaN,0.315833245339576,NaN,1.54698973772391,-0.743128339136937
435.6096,-0.229386090545776,0.226085056615435,0.13463262583402,-1.37993040116489,-0.0924610644097909,-0.0924610644095191,NaN,-0.338494034494637,0.69204509236246,0.882135675788962,-1.15400143002143,0.882135675789492,0.474645410939634,0.608572576962975,NaN,NaN,NaN,-2.25503731278825,NaN,0.137154552149873,-0.786918362448291,NaN,-0.800119592232676,NaN,NaN,-0.849687699099536,NaN,NaN,0.844439597525868,0.176803079462631,0.282304482950824,0.845929023831138,NaN,NaN,-0.328951806658307,0.655524811308459,-1.28438063879062,-0.303717645612779,-0.303717645610045,-0.422175290508761,-0.463571337529472,NaN,NaN,1.54936062842863,-0.446127898907373,NaN,NaN,0.317039385380359,NaN,1.53755584656158,-0.760731714782127
435.712,-0.227007581346917,0.224597125064326,0.134543229312212,-1.36063662273249,-0.0934401738059515,-0.093440173805692,NaN,-0.347508043252858,0.706675508067083,0.867963730701118,-1.18597152321225,0.867963730701657,0.47359193848704,0.619347680728594,NaN,NaN,NaN,-2.24621604308534,NaN,0.165962206290588,-0.791978496085496,NaN,-0.796684028888516,NaN,NaN,-0.841138077332985,NaN,NaN,0.861029981622636,0.163545094150775,0.251909505684381,0.809103617052869,NaN,NaN,-0.305928962733154,0.700593473265439,-1.26869810717858,-0.274756280503674,-0.274756280500976,-0.384163997951473,-0.457815050987342,NaN,NaN,1.51552029281446,-0.403782078838564,NaN,NaN,0.318179570911898,NaN,1.52635951823725,-0.776863789959872
435.8144,-0.225856334552156,0.223275162071498,0.133581776882744,-1.34042270809238,-0.094507285507092,-0.0945072855068419,NaN,-0.356386044958525,0.721650570755762,0.853839116192052,-1.21884505729352,0.853839116192607,0.471379650545303,0.630379823066835,NaN,NaN,NaN,-2.23725340487445,NaN,0.195256626387501,-0.797224640432967,NaN,-0.793203209947409,NaN,NaN,-0.832176090904393,NaN,NaN,0.877724843373484,0.149757838248825,0.220507772481608,0.771664761338804,NaN,NaN,-0.282059513075017,0.745811506094488,-1.25273312976708,-0.245102822030161,-0.245102822027502,-0.346152347985373,-0.45195441855343,NaN,NaN,1.48213888289326,-0.361366245803753,NaN,NaN,0.319272178416709,NaN,1.51340043152176,-0.791474129712347
435.9168,-0.225964928182031,0.222119300302009,0.131718599839288,-1.31929020644497,-0.0956740662033203,-0.0956740662030804,NaN,-0.365114232823122,0.736949221295181,0.839817440759287,-1.25256556517547,0.839817440759854,0.468000370446835,0.641665631700515,NaN,NaN,NaN,-2.22810502708124,NaN,0.225005714714436,-0.802629012262835,NaN,-0.789683858506798,NaN,NaN,-0.822794855449071,NaN,NaN,0.894475193363531,0.135455847275452,0.188152986206235,0.733683622794433,NaN,NaN,-0.257349864463972,0.791133335097996,-1.23649450011053,-0.214780798852882,-0.214780798850261,-0.308263690954216,-0.44592946969231,NaN,NaN,1.44924813281762,-0.318971223515976,NaN,NaN,0.320338081745766,NaN,1.4986841103463,-0.804517375170819
436.0192,-0.227361138742377,0.221128879013838,0.128927221458882,-1.29724319756081,-0.0969521434703895,-0.0969521434701577,NaN,-0.373678057778025,0.752550457342613,0.825954463836906,-1.28707229287249,0.825954463837482,0.463450146740194,0.653202189828023,NaN,NaN,NaN,-2.21872408375855,NaN,0.255174104476646,-0.808161338111796,NaN,-0.786132741232294,NaN,NaN,-0.812987364969594,NaN,NaN,0.911230948696786,0.12065700602929,0.154901875609271,0.695233721151359,NaN,NaN,-0.231809238639985,0.83651419288759,-1.21999148734592,-0.183815881326644,-0.183815881324059,-0.270621114532337,-0.439679730991877,NaN,NaN,1.41687569977759,-0.27668593596011,NaN,NaN,0.3214004470334,NaN,1.48222183389536,-0.815953664241769
436.1216,-0.230067528263969,0.220302391677143,0.12518465572739,-1.2742884072273,-0.0983531088039367,-0.0983531088037132,NaN,-0.382062357719801,0.768433612322598,0.812305879007059,-1.32230056164965,0.812305879007643,0.457729535540095,0.664987127241385,NaN,NaN,NaN,-2.20906167363323,NaN,0.285723512754094,-0.813789001166628,NaN,-0.782556779044414,NaN,NaN,-0.802746677485253,NaN,NaN,0.927940941278896,0.105382622463606,0.120813893505231,0.656390661820009,NaN,NaN,-0.205449965269004,0.88191021057943,-1.20323396807713,-0.152236036605616,-0.152236036603068,-0.233346915172466,-0.43314457895686,NaN,NaN,1.38504530253991,-0.234596948854412,NaN,NaN,0.322484508066822,NaN,1.46403052887596,-0.825749003879247
436.224,-0.234101054701295,0.219637431793714,0.120471681900583,-1.25043531458265,-0.0998885286263536,-0.0998885286261349,NaN,-0.390251496816851,0.784578621496085,0.798927125167314,-1.35818212436922,0.798927125167899,0.450843893751167,0.677018690852055,NaN,NaN,NaN,-2.19906722178262,NaN,0.31661310557016,-0.819477207147422,NaN,-0.778963168243668,NaN,NaN,-0.79206612067183,NaN,NaN,0.944552921970329,0.0896574673768659,0.0859509602846697,0.617231898981117,NaN,NaN,-0.178287778614583,0.927278501549948,-1.18623256246726,-0.120071698843661,-0.120071698841151,-0.196562069037495,-0.426263622394711,NaN,NaN,1.35377689076628,-0.192788058756533,NaN,NaN,0.323617325608411,NaN,1.44413264762899,-0.833875605307285
436.3264,-0.239472707922082,0.21913065367253,0.114773118420728,-1.22569624990744,-0.101569942293732,-0.101569942293522,NaN,-0.39822949850862,0.800966291466896,0.78587325002788,-1.39464552701471,0.785873250028465,0.442803665629686,0.68929582143874,NaN,NaN,NaN,-2.18868890688517,NaN,0.347799861631034,-0.825189153414934,NaN,-0.775359490367996,NaN,NaN,-0.780939484614399,NaN,NaN,0.961013574061909,0.0735097923868357,0.0503772420361671,0.577836523555214,NaN,NaN,-0.150342096290823,0.972577243759453,-1.16899877336064,-0.0873559377252876,-0.0873559377228122,-0.160385715233661,-0.418977098318833,NaN,NaN,1.32308684312522,-0.15133991923015,NaN,NaN,0.32482753027288,NaN,1.42255604051351,-0.840312186018333
436.4288,-0.246187175837954,0.218777754613446,0.108078101860844,-1.20008648779776,-0.103408840268937,-0.103408840268732,NaN,-0.405980165501844,0.817578570798363,0.773198815827541,-1.43161647286223,0.773198815828125,0.433624651004412,0.701818240581493,NaN,NaN,NaN,-2.17787410786789,NaN,0.379238917654372,-0.830886188365551,NaN,-0.771753797295431,NaN,NaN,-0.769361192958869,NaN,NaN,0.977268539246943,0.0569713517571321,0.0141589463272913,0.538285064697937,NaN,NaN,-0.12163626799957,1.01776576257208,-1.15154512583954,-0.0541246190086602,-0.0541246190062222,-0.124934652293092,-0.411226278627254,NaN,NaN,1.29298819188006,-0.110329699336445,NaN,NaN,0.326145050229527,NaN,1.39933382839931,-0.845044236877453
436.5312,-0.254242547297516,0.218573469344247,0.10038035085721,-1.17362434480738,-0.105416636091458,-0.105416636091262,NaN,-0.413487196320677,0.834398799239955,0.760957805895065,-1.46901817440211,0.760957805895645,0.423328252163695,0.71458652586341,NaN,NaN,NaN,-2.16656985051431,NaN,0.410883887818175,-0.836527960574621,NaN,-0.768154674658893,NaN,NaN,-0.75732647105849,NaN,NaN,0.993262452521612,0.0400774390452318,-0.0226358861332757,0.498659279653762,NaN,NaN,-0.0921977933077513,1.06280461181613,-1.13388530580899,-0.0204165612671147,-0.0204165612647133,-0.0903228313986644,-0.40295390073648,NaN,NaN,1.26349086516247,-0.0698307726424418,NaN,NaN,0.327600829012234,NaN,1.3745042729953,-0.848064250255907
436.6336,-0.263630062965909,0.218511565652076,0.0916783878649719,-1.14633128684055,-0.10760464723032,-0.107604647230128,NaN,-0.420734310842965,0.851411907880839,0.749203490955701,-1.50677166978566,0.749203490956285,0.411941691803588,0.727602147217865,NaN,NaN,NaN,-2.15472323445856,NaN,0.442687159313618,-0.842072565654164,NaN,-0.764571293956056,NaN,NaN,-0.744831531586972,NaN,NaN,1.00893898737622,0.0228669288899304,-0.0599376087220266,0.45904190732182,NaN,NaN,-0.062058508332562,1.10765564799961,-1.1160342949805,0.0137263103586868,0.0137263103610518,-0.056660826604972,-0.394104630939023,NaN,NaN,1.23460193195755,-0.029912436658634,NaN,NaN,0.329226536228109,NaN,1.34811063954554,-0.84937190134929
436.736,-0.274333928564226,0.218584838912191,0.0819757020528487,-1.11823204177839,-0.109984085753123,-0.10998408575294,NaN,-0.42770538860527,0.868604551891747,0.737988236485144,-1.54479607565025,0.737988236485726,0.399498181306419,0.740867449158554,NaN,NaN,NaN,-2.14228183709053,NaN,0.474600168183285,-0.847476698505205,NaN,-0.761013458557393,NaN,NaN,-0.731873783989808,NaN,NaN,1.02424092186568,0.00538230443197648,-0.0976752156639257,0.419516379233721,NaN,NaN,-0.0312547355774727,1.15228209119046,-1.09800849468815,0.0482588246207129,0.0482588246230423,-0.0240552777575682,-0.384625549258054,NaN,NaN,1.20632583155025,0.00936033680486874,NaN,NaN,0.331054267837908,NaN,1.32020104858668,-0.848974168236469
436.8384,-0.286331200662088,0.218785109028701,0.071280849353326,-1.08935470695465,-0.112566049144513,-0.112566049144336,NaN,-0.434384617568235,0.885965169304199,0.727363255423352,-1.58300875385915,0.727363255423936,0.386037015457904,0.754385578464281,NaN,NaN,NaN,-2.12919410502258,NaN,0.50657365597942,-0.852695816347594,NaN,-0.757491640633921,NaN,NaN,-0.718452062066023,NaN,NaN,1.03911024055064,-0.0123303505816295,-0.135776597233491,0.380166502223707,NaN,NaN,0.000172611484840681,1.1966485664278,-1.07982582971449,0.0831324554142217,0.0831324554165159,0.00739168163287099,-0.374466635382737,NaN,NaN,1.17866457192172,0.0479271228570169,NaN,NaN,0.333116232398519,NaN,1.2908283166391,-0.846885377748775
436.9408,-0.299591746980944,0.219103224455858,0.0596074949966245,-1.05973084250787,-0.115361500638019,-0.115361500637849,NaN,-0.440756650192609,0.903483968908601,0.717378327485856,-1.62132539397167,0.717378327486437,0.371603583056996,0.768160369260628,NaN,NaN,NaN,-2.11540974435637,NaN,0.538557901822571,-0.857684316463981,NaN,-0.754017002634667,NaN,NaN,-0.704566855012419,NaN,NaN,1.0534882830516,-0.030221410907381,-0.174168783900902,0.341076139589228,NaN,NaN,0.0321779735912476,1.24072112242655,-1.06150582943277,0.11829525441225,0.118295254414512,0.0375829936989565,-0.363581243985144,NaN,NaN,1.15161789442272,0.0857322403917454,NaN,NaN,0.335444424965411,NaN,1.260049786598,-0.843127177905943
437.0432,-0.314078278723766,0.219529079196387,0.0469744098032081,-1.02939554312244,-0.118381231032442,-0.118381231032278,NaN,-0.446806761746177,0.921152859884884,0.70808151606033,-1.6596600408179,0.70808151606091,0.35624929827671,0.782196204293596,NaN,NaN,NaN,-2.10088011463199,NaN,0.570502924092453,-0.862395733786334,NaN,-0.750601398918222,NaN,NaN,-0.690220521780098,NaN,NaN,1.06731594038458,-0.0482378256648502,-0.212778156836204,0.30232891906848,NaN,NaN,0.0647111390554609,1.28446722741901,-1.0430696889614,0.153691829330097,0.153691829332327,0.0664272259826912,-0.351926565138909,NaN,NaN,1.12518341736376,0.12272492261406,NaN,NaN,0.338070292884373,NaN,1.22792714741852,-0.83772844819568
437.1456,-0.329746450339017,0.220051650342722,0.0334054359893395,-0.998387479254047,-0.121635794833006,-0.121635794832845,NaN,-0.452521000126665,0.938965345441199,0.699518912852617,-1.69792510641559,0.699518912853191,0.340031462224371,0.796497871527768,NaN,NaN,NaN,-2.08555862515955,NaN,0.602358658134565,-0.866782966501387,NaN,-0.747257354558747,NaN,NaN,-0.675417471077925,NaN,NaN,1.08053389189919,-0.0663232835894006,-0.2515306117164,0.264007985148243,NaN,NaN,0.0977172820282966,1.32785574401201,-1.02454031200811,0.189263372838267,0.189263372840465,0.0938390902438636,-0.339464064600883,NaN,NaN,1.09935677768863,0.158859452833589,NaN,NaN,0.341024395255764,NaN,1.19452624628506,-0.830725158815995
437.248,-0.346545018276943,0.220659060898736,0.0189294374547797,-0.966748901950432,-0.125135417512908,-0.125135417512751,NaN,-0.457886314616842,0.956916404074246,0.691734422143269,-1.73603139668226,0.691734422143837,0.323013065971482,0.811070428115055,NaN,NaN,NaN,-2.06940112930644,NaN,0.6340751264069,-0.870798531177931,NaN,-0.743998016890409,NaN,NaN,-0.660164301331661,NaN,NaN,1.09308286665254,-0.0844184065531073,-0.29035168306414,0.226195794241381,NaN,NaN,0.13113704264254,1.37085688898738,-1.00594233537719,0.224947745036398,0.224947745038561,0.11973993343171,-0.326159907344225,NaN,NaN,1.07413178700122,0.194095260240351,NaN,NaN,0.34433605597465,NaN,1.15991690294066,-0.822160188772185
437.3504,-0.364416050327659,0.221338661254487,0.00358023215214778,-0.93452561375663,-0.128889885160524,-0.128889885160371,NaN,-0.46289066205046,0.975002362791051,0.684769558918277,-1.77388816514768,0.684769558918842,0.305262553007568,0.825919063933716,NaN,NaN,NaN,-2.05236631356938,NaN,0.66560260783545,-0.87439483294826,NaN,-0.740837079553759,NaN,NaN,-0.64446991449852,NaN,NaN,1.10490390444058,-0.102460945475044,-0.329166650554507,0.188973936184737,NaN,NaN,0.164906640372011,1.41344218750639,-0.987302135590533,0.260679599653661,0.260679599655791,0.144058221272899,-0.311985387656235,NaN,NaN,1.0495006093023,0.228396976105372,NaN,NaN,0.348033011737232,NaN,1.12417273488057,-0.81208311436201
437.4528,-0.383295182026503,0.222077111017436,-0.0126035181562478,-0.901766913317804,-0.132908441472206,-0.132908441472057,NaN,-0.467523103574717,0.993220739799314,0.678663206534081,-1.8114031940707,0.678663206534646,0.286853561385502,0.841048935203656,NaN,NaN,NaN,-2.03441607975958,NaN,0.696891797368781,-0.877524429648077,NaN,-0.737788690101191,NaN,NaN,-0.628345632353767,NaN,NaN,1.11593859577099,-0.120385966325317,-0.367900646731534,0.152422962129117,NaN,NaN,0.19895800350387,1.45558442932992,-0.968647818618884,0.29639053234441,0.296390532346506,0.166730038664713,-0.296917396209613,NaN,NaN,1.02545395830146,0.261734450548017,NaN,NaN,0.352141057596551,NaN,1.08737099563974,-0.800549979157716
437.5552,-0.403111916354705,0.222860444203445,-0.0295784832290945,-0.868525521166283,-0.137199712617035,-0.137199712616894,NaN,-0.471773905376322,1.01157003340345,0.673451295226412,-1.84848291041095,0.673451295226971,0.267864659582349,0.85646494062681,NaN,NaN,NaN,-2.01551591570416,NaN,0.727893947919782,-0.880140275875705,NaN,-0.73486735682026,NaN,NaN,-0.611805338041038,NaN,NaN,1.12612929558238,-0.138126034512099,-0.406478775618974,0.116622203605998,NaN,NaN,0.233218897971211,1.49725763154041,-0.950009196629631,0.332009230788644,0.332009230790708,0.18769961956172,-0.280938939694894,NaN,NaN,1.00198130792981,0.294082731030927,NaN,NaN,0.356683690922382,NaN,1.04959242334186,-0.78762305194527
437.6576,-0.423789957815188,0.22367411291832,-0.0472969040146141,-0.834857492369387,-0.141771663795596,-0.141771663795457,NaN,-0.475634645665914,1.0300494591425,0.669166408574661,-1.8850325515964,0.669166408575211,0.248379081523824,0.872171438142991,NaN,NaN,NaN,-1.9956352457121,NaN,0.758560998771005,-0.882195942829518,NaN,-0.732087863211835,NaN,NaN,-0.59486564360315,NaN,NaN,1.13541931708712,-0.155611416140917,-0.444826242299465,0.0816495757345978,NaN,NaN,0.26761305003614,1.53843701051602,-0.931417759085944,0.367461618103841,0.367461618105875,0.2069199017181,-0.264039704041685,NaN,NaN,0.979071109038062,0.325422009123135,NaN,NaN,0.361681753907702,NaN,1.01092109290284,-0.773370572677118
437.76,-0.445247571653582,0.224503015340828,-0.0657068793277475,-0.800822117008369,-0.146631578717461,-0.146631578717328,NaN,-0.479098322676384,1.04865865789776,0.665837360197961,-1.92095638034254,0.665837360198499,0.22848445612282,0.88817192738963,NaN,NaN,NaN,-1.97474775304137,NaN,0.788845696455086,-0.883645816806721,NaN,-0.729465188191979,NaN,NaN,-0.577546063438898,NaN,NaN,1.14375311741442,-0.172770315237003,-0.482868488722374,0.0475813642070068,NaN,NaN,0.302060271757051,1.57909896045994,-0.912906641145452,0.402670994562133,0.402670994564137,0.224353079814908,-0.246216627160631,NaN,NaN,0.956711004564186,0.355737540698479,NaN,NaN,0.367153079783885,NaN,0.971444263189764,-0.757866483753645
437.8624,-0.467397963641884,0.225331519050554,-0.0847526784842485,-0.766481800473535,-0.151786048253656,-0.151786048253528,NaN,-0.482159455250683,1.06739740435929,0.663488794448741,-1.95615792565874,0.663488794449271,0.208272516198064,0.90446873834311,NaN,NaN,NaN,-1.9528316717416,NaN,0.818701708895608,-0.884445282205286,NaN,-0.727014420762965,NaN,NaN,-0.559869163157306,NaN,NaN,1.15107649125031,-0.189529163458245,-0.520531335257236,0.0144919944251727,NaN,NaN,0.33647660759415,1.61922102742255,-0.894510581368944,0.437558191475079,0.437558191477054,0.239971108590581,-0.227474428851381,NaN,NaN,0.934888033973228,0.385019536288798,NaN,NaN,0.373112156155552,NaN,0.931252212043805,-0.74119014768914
437.9648,-0.490149679954977,0.226143492354943,-0.104375060153032,-0.731901909967324,-0.157240954902365,-0.15724095490224,NaN,-0.484814165640052,1.08626534508771,0.662140856561389,-1.99054022963315,0.662140856561914,0.187838770938707,0.921062764454848,NaN,NaN,NaN,-1.92987004750046,NaN,0.848083735697104,-0.884550894883725,NaN,-0.724750652534683,NaN,NaN,-0.541860655457069,NaN,NaN,1.15733678618071,-0.205812965032082,-0.557741135158342,-0.0175462230506729,NaN,NaN,0.370774518599972,1.65878186555888,-0.876265856131581,0.472041750843985,0.47204175084593,0.253756105066707,-0.207826048159411,NaN,NaN,0.913588818638033,0.413263016192898,NaN,NaN,0.379569821815638,NaN,0.89043805837591,-0.723426058441902
438.0672,-0.513407027058622,0.226922351232621,-0.124511585730008,-0.69715058171151,-0.163001448582148,-0.163001448582029,NaN,-0.487060239093352,1.10526178595162,0.661808951246137,-2.02400610387177,0.661808951246652,0.167282143256542,0.937953256559016,NaN,NaN,NaN,-1.90585096469108,NaN,0.876947622876942,-0.883920552368673,NaN,-0.722688840032151,NaN,NaN,-0.523549432528756,NaN,NaN,1.16248313700422,-0.221545672835564,-0.594424950849616,-0.0484633757945569,NaN,NaN,0.404863108072725,1.69776116997862,-0.85821018702812,0.506038132173898,0.506038132175815,0.265700624707247,-0.187292967965887,NaN,NaN,0.892799729116125,0.44046763308426,NaN,NaN,0.386533007109997,NaN,0.849097577269582,-0.704663555689575
438.1696,-0.537070506651062,0.22765111656066,-0.145096930823587,-0.662298499249628,-0.169071924844646,-0.169071924844529,NaN,-0.488897167123228,1.12438552933996,0.662503575705224,-2.0564584164448,0.662503575705733,0.146704595485992,0.955137665721848,NaN,NaN,NaN,-1.88076773441999,NaN,0.905250491022079,-0.882513671584776,NaN,-0.720843649420945,NaN,NaN,-0.504967551071947,NaN,NaN,1.16646669830626,-0.236650558525195,-0.630510759888754,-0.0781922654913625,NaN,NaN,0.438648381218589,1.73613958992931,-0.840382629885851,0.539461932783088,0.539461932784978,0.27580781942938,-0.165905441781163,NaN,NaN,0.872507046045242,0.46663747459808,NaN,NaN,0.394004519764506,NaN,0.807329012149361,-0.684996544786236
438.272,-0.561037253997818,0.228312465992678,-0.166063208013125,-0.627418659043027,-0.175456023684858,-0.175456023684744,NaN,-0.490326187991674,1.14363474585551,0.66423019550977,-2.08780041990213,0.664230195510271,0.126210768624124,0.972611511267467,NaN,NaN,NaN,-1.85461903665928,NaN,0.932950885102845,-0.880291388918756,NaN,-0.719229306930892,NaN,NaN,-0.486150199342702,NaN,NaN,1.1692408534818,-0.251050557859942,-0.665927696623462,-0.106668758313803,NaN,NaN,0.472033531339287,1.77389862886043,-0.82282345493919,0.572226106965795,0.572226106967658,0.2840915006675,-0.143702647835633,NaN,NaN,0.852697122828675,0.491780860455991,NaN,NaN,0.401982876626866,NaN,0.76523288109976,-0.664523214947113
438.3744,-0.585201464247566,0.228888766081041,-0.187340308730558,-0.592586131911927,-0.182156658126191,-0.182156658126074,NaN,-0.491350331660669,1.16300686505292,0.666989140064734,-2.11793610157907,0.66698914006523,0.105907642033723,0.990368258785295,NaN,NaN,NaN,-1.82740900575679,NaN,0.960008949488731,-0.877216789753782,NaN,-0.717859468098462,NaN,NaN,-0.46713566558224,NaN,NaN,1.17076139074833,-0.264668598443899,-0.700606324742961,-0.133832157400564,NaN,NaN,0.504919250347308,1.81102053622825,-0.805574018262922,0.604242180847476,0.604242180849316,0.290576126106793,-0.120732779071809,NaN,NaN,0.83335654452536,0.515910139693461,NaN,NaN,0.410462184762813,NaN,0.722911775079559,-0.64334574606252
438.4768,-0.609454791337629,0.229362077560548,-0.208856260959162,-0.557877820331656,-0.18917606936925,-0.18917606936913,NaN,-0.491974466851976,1.18249847861571,0.670775515532551,-2.14677052053298,0.670775515533038,0.0859042063184779,1.00839920584145,NaN,NaN,NaN,-1.79914724934689,NaN,0.986386617836005,-0.873255152539416,NaN,-0.716747103638949,NaN,NaN,-0.447965309386956,NaN,NaN,1.17098664664938,-0.277427927598578,-0.734478920609038,-0.159625569487653,NaN,NaN,0.537204062173709,1.84748819473267,-0.78867661819067,0.635420467313972,0.635420467315789,0.295296716952515,-0.0970530593064256,NaN,NaN,0.814472270746532,0.539041482119676,NaN,NaN,0.419432076236928,NaN,0.680470153160303,-0.621570002981037
438.5792,-0.633686708740471,0.229714134434907,-0.230537591915501,-0.523372209595395,-0.196515899241494,-0.196515899241368,NaN,-0.492205342753728,1.20210525743404,0.675579152038431,-2.17421011645733,0.67557915203891,0.0663111402816134,1.02669338150084,NaN,NaN,NaN,-1.76984880182697,NaN,1.01204779596645,-0.868374174381627,NaN,-0.715904391989992,NaN,NaN,-0.428683523547484,NaN,NaN,1.16987762292072,-0.289252457101242,-0.767479745155444,-0.183996241905278,NaN,NaN,0.568784677339268,1.88328500672184,-0.772174334444381,0.665670287137682,0.665670287139475,0.298298703961322,-0.0727296693894947,NaN,NaN,0.796031755505819,0.561194658634662,NaN,NaN,0.428877699188957,NaN,0.638014144697152,-0.599305226265591
438.6816,-0.657784831732246,0.229926306347558,-0.252309680955162,-0.489149110223916,-0.204177267296675,-0.204177267296544,NaN,-0.492051614054543,1.22182189219379,0.681384614717979,-2.20016301183771,0.681384614718455,0.0472404824959771,1.04523747236382,NaN,NaN,NaN,-1.73953402162748,NaN,1.03695851790395,-0.862544148397079,NaN,-0.715342607880976,NaN,NaN,-0.409337661531993,NaN,NaN,1.16739808831334,-0.300067134890304,-0.799545291915004,-0.20689586140527,NaN,NaN,0.599556372659677,1.91839478446411,-0.756110854005193,0.694900208050711,0.694900208052481,0.299637697279516,-0.0478375655938304,NaN,NaN,0.778023044665486,0.582392816087281,NaN,NaN,0.43877976381833,NaN,0.595651365996921,-0.576663729210085
438.784,-0.681635214390661,0.229979558355495,-0.274097093270023,-0.455289384094265,-0.212160840753216,-0.212160840753082,NaN,-0.491523837648818,1.24164206878928,0.688171302088845,-2.22453932758435,0.688171302089313,0.0288052841986892,1.06401578490165,NaN,NaN,NaN,-1.70822843641543,NaN,1.0610870630245,-0.855738081837844,NaN,-0.715072005728786,NaN,NaN,-0.389977905752989,NaN,NaN,1.16351467762033,-0.309798339821148,-0.830614505132914,-0.228280811487802,NaN,NaN,0.629413405486999,1.95280164817442,-0.740530284265755,0.723018320842469,0.723018320844217,0.299379173372382,-0.0224601713265674,NaN,NaN,0.760434850979647,0.602662258675888,NaN,NaN,0.449114634538684,NaN,0.553490749574458,-0.553760597365041
438.8864,-0.705122642999374,0.229854415197863,-0.295823903432541,-0.421874643490637,-0.220466897571283,-0.220466897571144,NaN,-0.49063443971271,1.26155847617498,0.695913622171878,-2.24725150110391,0.695913622172337,0.0111192325899073,1.08301023494604,NaN,NaN,NaN,-1.67596253556671,NaN,1.08440403201469,-0.847931763821735,NaN,-0.715101714447987,NaN,NaN,-0.370657075409379,NaN,NaN,1.15819698996915,-0.318374280586778,-0.860628967516568,-0.248112387237284,NaN,NaN,0.658249466523757,1.98648992987948,-0.725476945081643,0.749932567638481,0.749932567640209,0.297598070920649,0.00331106886579115,NaN,NaN,0.743256601328505,0.622032242677711,NaN,NaN,0.459854455981009,NaN,0.511642375507847,-0.530713371572732
438.9888,-0.728130943575646,0.229530925306989,-0.317414032282784,-0.388986918057655,-0.229095397528196,-0.229095397528051,NaN,-0.489397665403006,1.28156282997519,0.704581207151481,-2.2682145910326,0.704581207151931,-0.00570375331762405,1.10220033964995,NaN,NaN,NaN,-1.6427715137273,NaN,1.1068823950546,-0.839103805738358,NaN,-0.715439668638644,NaN,NaN,-0.351430398418752,NaN,NaN,1.15141767752597,-0.325725377713671,-0.889533068608365,-0.266356978712861,NaN,NaN,0.685958165548785,2.01944407645545,-0.710995131462961,0.775551122605992,0.775551122607697,0.294378291005082,0.0293772670387266,NaN,NaN,0.726478454041778,0.640534781857212,NaN,NaN,0.470967307422751,NaN,0.470217294445707,-0.507641696255912
439.0912,-0.750543310085945,0.228988617295178,-0.338791614264915,-0.356708294570693,-0.238046075183911,-0.238046075183758,NaN,-0.487829525147123,1.30164589722933,0.714139133454721,-2.28734657720818,0.714139133455164,-0.0215499427236728,1.12156319505191,NaN,NaN,NaN,-1.60869497500299,NaN,1.12849753395911,-0.829235679500322,NaN,-0.716092590521885,NaN,NaN,-0.33235527107053,NaN,NaN,1.14315251744052,-0.331784620972278,-0.91727416939678,-0.282986241551105,NaN,NaN,0.712433545188552,2.05164854856725,-0.697128848295627,0.799782815905776,0.799782815907461,0.289812104576777,0.0556327847075336,NaN,NaN,0.710091293768999,0.658204457036239,NaN,NaN,0.482417387747055,NaN,0.429327335751127,-0.484666927733284
439.1936,-0.7722426536743,0.22820644964396,-0.359881394402104,-0.325120539715464,-0.247318553499973,-0.24731855349981,NaN,-0.485947742086573,1.32179751725108,0.724548140977933,-2.30456867117486,0.724548140978368,-0.0363062227387174,1.14107344338406,NaN,NaN,NaN,-1.57377660930844,NaN,1.14922728835038,-0.818311765866117,NaN,-0.717066020284703,NaN,NaN,-0.313491008357274,NaN,NaN,1.13338047103018,-0.336487908345879,-0.94380276701216,-0.297977262120117,NaN,NaN,0.737570626538639,2.08308771815154,-0.683921526277199,0.822537593875248,0.822537593876914,0.283999475067909,0.0819660245188242,NaN,NaN,0.694086714659181,0.675078225324603,NaN,NaN,0.494165230655934,NaN,0.38908489726442,-0.461911708082523
439.296,-0.793111973580878,0.227162762237483,-0.380609142345676,-0.294304715647401,-0.256912465222879,-0.256912465222703,NaN,-0.483771697096234,1.34200661816576,0.735764861110805,-2.31980563393405,0.735764861111237,-0.0498605416148664,1.16070324808755,NaN,NaN,NaN,-1.53806385339188,NaN,1.16905199670821,-0.806319407216573,NaN,-0.718364381482156,NaN,NaN,-0.294898572458558,NaN,NaN,1.1220837424829,-0.33977437112828,-0.96907265006979,-0.311312707597377,NaN,NaN,0.761265994165298,2.11374576868032,-0.671415728928482,0.84372701234267,0.843727012344315,0.277047301933592,0.108260305551045,NaN,NaN,0.678457000023087,0.691195226514522,NaN,NaN,0.506167944567224,NaN,0.349602716933362,-0.439499514115221
439.3984,-0.813034751421156,0.225835240131705,-0.400902069174515,-0.26434079736212,-0.266827568780898,-0.266827568780706,NaN,-0.481322366699048,1.36226122746037,0.747742060332619,-2.33298608304785,0.747742060333043,-0.0621023717806849,1.18042229542631,NaN,NaN,NaN,-1.50160755085851,NaN,1.18795451275701,-0.793248948944327,NaN,-0.719991062189644,NaN,NaN,-0.276640266865985,NaN,NaN,1.10924784815933,-0.341586676994267,-0.993041037620765,-0.322980948544205,NaN,NaN,0.783418424768596,2.14360660121131,-0.65965285786774,0.863264760017791,0.863264760019418,0.269068585927183,0.134394805096314,NaN,NaN,0.663195104684433,0.706596584923097,NaN,NaN,0.518379471348204,NaN,0.31099362889028,-0.417554189456702
439.5008,-0.831895370822127,0.224200898680769,-0.420689234857938,-0.235307302609862,-0.277063849848036,-0.277063849847827,NaN,-0.478622252005137,1.38254846834726,0.760428892566572,-2.34404276975366,0.760428892566992,-0.0729231953331578,1.20019783426589,NaN,NaN,NaN,-1.4644616233632,NaN,1.20592018034919,-0.779093756042481,NaN,-0.721948493288692,NaN,NaN,-0.258779393935097,NaN,NaN,1.09486169670658,-0.341871297351619,-1.01566870584213,-0.332976150259239,NaN,NaN,0.803929556126596,2.17265374721617,-0.648672861655508,0.88106720612956,0.881067206131168,0.260181518526662,0.160245547213088,NaN,NaN,0.648294644164953,0.72132520417799,NaN,NaN,0.530750857917425,NaN,0.273370303957058,-0.396199463587792
439.6032,-0.849579565205913,0.222236097093426,-0.439901938148851,-0.207280944257976,-0.287621604243343,-0.287621604243116,NaN,-0.47569529877904,1.40285452735238,0.773771139283102,-2.3529128095637,0.773771139283516,-0.0822170096348721,1.21999475482337,NaN,NaN,NaN,-1.42668275403681,NaN,1.22293676078421,-0.76385020182709,NaN,-0.724238217102747,NaN,NaN,-0.241379884497027,NaN,NaN,1.07891766544579,-0.34057873258154,-1.03692010919938,-0.341298333200727,NaN,NaN,0.82270458156033,2.20087028886312,-0.638513952091449,0.897053960772209,0.897053960773801,0.250508507939582,0.185686417208221,NaN,NaN,0.633749890496096,0.735425548724438,NaN,NaN,0.543230531291282,NaN,0.236844969622687,-0.375558459096864
439.7056,-0.865974895971112,0.219916582469045,-0.458474087843345,-0.180336308695904,-0.2985015039459,-0.298501503945654,NaN,-0.472566808197932,1.42316458250457,0.78771141319232,-2.3595378589185,0.787711413192732,-0.089880843721284,1.23977569731221,NaN,NaN,NaN,-1.38833007429349,NaN,1.23899431600081,-0.747517634036459,NaN,-0.726860954174249,NaN,NaN,-0.224505913362003,NaN,NaN,1.06141165305307,-0.337663695033888,-1.05676349496063,-0.347953397433974,NaN,NaN,0.839652946378708,2.22823879060907,-0.629212329856099,0.911148430600269,0.911148430601846,0.240175162575155,0.210590183838945,NaN,NaN,0.619555771444432,0.748943405333823,NaN,NaN,0.555764565244529,NaN,0.20152910224538,-0.35575318649243
439.808,-0.880971259180254,0.217217560394396,-0.476342559651563,-0.154545558264618,-0.3097046527367,-0.309704652736438,NaN,-0.469263336448462,1.44346269491518,0.802189316039594,-2.3638642497558,0.802189316040009,-0.0958152683578062,1.25950117822751,NaN,NaN,NaN,-1.34946485018695,NaN,1.25408505635154,-0.730098329008437,NaN,-0.729816676736419,NaN,NaN,-0.208221513798712,NaN,NaN,1.04234310047985,-0.333085246321877,-1.07517100132418,-0.352953100698303,NaN,NaN,0.854689022530347,2.25474124734084,-0.620801920545494,0.923278351797113,0.923278351798676,0.229309256719595,0.234829512642468,NaN,NaN,0.605707871645658,0.761925627009382,NaN,NaN,0.568296927692643,NaN,0.167533086011608,-0.336904023775856
439.9104,-0.894461411037579,0.214113785130257,-0.493447540407608,-0.129978155127209,-0.321232637222516,-0.321232637222238,NaN,-0.465812581300619,1.46373167863332,0.817141563480251,-2.36584311176669,0.817141563480668,-0.0999248797398662,1.27912972678201,NaN,NaN,NaN,-1.31015017763756,NaN,1.26820316485104,-0.711597449321423,NaN,-0.733104684918427,NaN,NaN,-0.192590199883237,NaN,NaN,1.02171499202057,-0.326806881347283,-1.09211872699922,-0.356314982604372,NaN,NaN,0.867732745009207,2.28035904999804,-0.613314123028945,0.93337628764702,0.933376287648565,0.218039705065838,0.258277950344301,NaN,NaN,0.592202436625777,0.774419873858293,NaN,NaN,0.580769703112107,NaN,0.134965835643101,-0.319129178612723
440.0128,-0.906341494598534,0.210579662328311,-0.509732854290177,-0.10670060470062,-0.3330875748354,-0.333087574835109,NaN,-0.462243254915302,1.4839529682853,0.832502102409477,-2.36543051692756,0.832502102409897,-0.102118743265489,1.29861803204443,NaN,NaN,NaN,-1.27045070107269,NaN,1.28134461022076,-0.692023015698982,NaN,-0.736723672400036,NaN,NaN,-0.177674599135716,NaN,NaN,0.999533859334649,-0.318796554856838,-1.10758676502941,-0.358062236766806,NaN,NaN,0.878710205387712,2.3050729654995,-0.606777572352697,0.941380087326437,0.941380087327966,0.206495565542493,0.280810862090607,NaN,NaN,0.579036380329918,0.786474368118404,NaN,NaN,0.593123295432833,NaN,0.103934383078498,-0.302544137026498
440.1152,-0.916511547868099,0.206589361381436,-0.525146257279858,-0.0847762165597044,-0.345272154148432,-0.345272154148126,NaN,-0.458584941309928,1.50410650235207,0.848202244933326,-2.36258767827363,0.848202244933747,-0.102310795552392,1.3179211094337,NaN,NaN,NaN,-1.23043236452533,NaN,1.29350696060438,-0.671385889090875,NaN,-0.740671768509054,NaN,NaN,-0.163536089147849,NaN,NaN,0.975809805936779,-0.309026652420703,-1.12155920291767,-0.358223541633571,NaN,NaN,0.887554208401897,2.32886313020913,-0.601217919060755,0.947233310696081,0.947233310697592,0.194805074884699,0.302306314844785,NaN,NaN,0.566207298397846,0.798137669774321,NaN,NaN,0.6052966285072,NaN,0.0745434386206119,-0.287261113112214
440.2176,-0.924875978694169,0.20211694024633,-0.539639682140257,-0.0642648822781384,-0.357789658474093,-0.35778965847377,NaN,-0.454867934989642,1.52417063319623,0.864170832792986,-2.35728122889732,0.864170832793404,-0.10042021076255,1.33699249669883,NaN,NaN,NaN,-1.19016219358568,NaN,1.30468920850717,-0.649699748903466,NaN,-0.744946549881386,NaN,NaN,-0.150234428080704,NaN,NaN,0.950556556263316,-0.297473908535719,-1.13402410018721,-0.356832866258635,NaN,NaN,0.894204800734021,2.35170906185255,-0.5966576275328,0.950885624754568,0.95088562475606,0.183094716702437,0.322645908557631,NaN,NaN,0.553713494251157,0.809458465450358,NaN,NaN,0.61722736409618,NaN,0.0468949471082762,-0.273388519152173
440.32,-0.931344003331013,0.197136484708928,-0.553169428051109,-0.0452228715648819,-0.370643969729724,-0.370643969729383,NaN,-0.451123059804752,1.54412206215235,0.880334425902466,-2.34948358966206,0.88033442590288,-0.0963717356204361,1.35578447673855,NaN,NaN,NaN,-1.14970809529614,NaN,1.31489160872081,-0.62698105861,NaN,-0.749545026583163,NaN,NaN,-0.137827379272846,NaN,NaN,0.923791521681063,-0.28411927047404,-1.14497345606524,-0.35392926503485,NaN,NaN,0.898609774660456,2.37358969594658,-0.593115795219184,0.952293170750799,0.952293170752274,0.171488331575423,0.341715553450122,NaN,NaN,0.541554022819956,0.820485362450657,NaN,NaN,0.628852148488786,NaN,0.021087650375399,-0.261030463826737
440.4224,-0.935830058457691,0.19162225909424,-0.565696308440168,-0.027702646357309,-0.383839560180869,-0.383839560180512,NaN,-0.447381473306947,1.56393578577075,0.896617490877812,-2.33917341183563,0.89661749087822,-0.0900959898884593,1.37424830899961,NaN,NaN,NaN,-1.1091386580109,NaN,1.32411552027773,-0.60324902457337,NaN,-0.754463619800356,NaN,NaN,-0.126370345081219,NaN,NaN,0.89553586754143,-0.26894770603272,-1.15440316892864,-0.349556662441775,NaN,NaN,0.900725135000549,2.39448344893514,-0.590607991131403,0.951418893428453,0.951418893429912,0.160106287119781,0.359406184586947,NaN,NaN,0.529728745856406,0.831266692160065,NaN,NaN,0.640106885542535,NaN,-0.00278335559837943,-0.250286268533096
440.5248,-0.938254201286748,0.185548865490803,-0.577185774903385,-0.0117526903001641,-0.397381479815418,-0.397381479815046,NaN,-0.443674465058382,1.58358504020979,0.912942572522681,-2.32633606996289,0.912942572523084,-0.0815297267617102,1.39233445281865,NaN,NaN,NaN,-1.06852294065418,NaN,1.33236324473895,-0.578525561185458,NaN,-0.759698148295677,NaN,NaN,-0.115916024211666,NaN,NaN,0.865814565133324,-0.251947964314021,-1.16231297572033,-0.343763616053317,NaN,NaN,0.900515508874869,2.41436830663447,-0.589146111187886,0.948232823591629,0.94823282359307,0.1490647221773,0.375614406097927,NaN,NaN,0.518238387664813,0.841850332955152,NaN,NaN,0.650927027279011,NaN,-0.0246270873422589,-0.241249988454793
440.6272,-0.938542505613074,0.178891411975348,-0.587608023670105,0.00258264819397412,-0.411275338484161,-0.411275338483775,NaN,-0.440033256037775,1.60304124382145,0.929230458363411,-2.31096417505913,0.929230458363807,-0.0706160565387855,1.40999278286398,NaN,NaN,NaN,-1.0279302572444,NaN,1.33963786293994,-0.552835266146844,NaN,-0.765243827344689,NaN,NaN,-0.10651409173852,NaN,NaN,0.834656423683197,-0.233112315807608,-1.16870636006912,-0.336603047711888,NaN,NaN,0.897954485851092,2.43322193289763,-0.588738251502589,0.942712313621894,0.942712313623318,0.138474865447294,0.390243069656783,NaN,NaN,0.507084584863365,0.852283554053078,NaN,NaN,0.66124787527377,NaN,-0.0443571645857012,-0.234009936533765
440.7296,-0.936627452263246,0.17162569166757,-0.596938080409546,0.0152633009382343,-0.425527275924919,-0.425527275924518,NaN,-0.436488803334423,1.62227394938613,0.945400364163865,-2.29305806970831,0.945400364164255,-0.0573046484529816,1.42717280947564,NaN,NaN,NaN,-0.987429974576618,NaN,1.34594307792886,-0.526205398841917,NaN,-0.771095269993342,NaN,NaN,-0.0982108916285684,NaN,NaN,0.802094107304672,-0.212436304010306,-1.17359043206423,-0.328131947570989,NaN,NaN,0.89302489050878,2.4510217876144,-0.589388602050482,0.934842234417442,0.934842234418848,0.12844241413148,0.403201803501172,NaN,NaN,0.496269926463011,0.86261287605364,NaN,NaN,0.671004888544139,NaN,-0.0618923041626841,-0.228648220005521
440.832,-0.93244830935059,0.163728374338521,-0.605155856535737,0.0262536151443953,-0.440143912016419,-0.440143912016002,NaN,-0.433071611359523,1.64125081821042,0.961370161137684,-2.27262626434622,0.961370161138073,-0.0415519260308235,1.44382391383765,NaN,NaN,NaN,-0.947091336071322,NaN,1.35128306906102,-0.498665859457064,NaN,-0.777246478612466,NaN,NaN,-0.0910491371433598,NaN,NaN,0.76816413721877,-0.189918526898895,-1.17697579395833,-0.318411067712226,NaN,NaN,0.88571899271468,2.46774524170496,-0.591097361165355,0.924615141942976,0.924615141944366,0.119066956505677,0.414407504009676,NaN,NaN,0.485797977583501,0.872883951940731,NaN,NaN,0.680133990158483,NaN,-0.0771567950155758,-0.225240299662137
440.9344,-0.925951497644702,0.155177209936083,-0.612246173680815,0.0355224765520945,-0.455132274037205,-0.455132274036773,NaN,-0.429811549451336,1.65993761932668,0.977056641932345,-2.24968578386643,0.977056641932737,-0.0233212572975145,1.45989559428584,NaN,NaN,NaN,-0.906983306898524,NaN,1.35566235609796,-0.470249177402061,NaN,-0.783690824903689,NaN,NaN,-0.0850676277158081,NaN,NaN,0.732906869702606,-0.165560445249443,-1.17887640323868,-0.307504617474307,NaN,NaN,0.876038651425082,2.48336968383696,-0.593860671364651,0.912031410121896,0.912031410123272,0.110441441711409,0.423784780245087,NaN,NaN,0.475673279802268,0.883141479955445,NaN,NaN,0.688571860175469,NaN,-0.0900809466360987,-0.223854574542922
441.0368,-0.917090931302717,0.145951237100341,-0.618198757963635,0.0430434120411596,-0.470499705860316,-0.470499705859865,NaN,-0.426737676813232,1.67829824907833,0.992375805368841,-2.22426240941301,0.992375805369231,-0.00258312522206129,1.47533770998057,NaN,NaN,NaN,-0.867174424374694,NaN,1.35908567175864,-0.440990516181505,NaN,-0.790421027653463,NaN,NaN,-0.0803009989413671,NaN,NaN,0.696366439368308,-0.13936620611725,-1.17930943384399,-0.295479956643313,NaN,NaN,0.863995377288521,2.49787262245203,-0.597670579880686,0.897099313224474,0.897099313225835,0.102651723302572,0.431266324496819,NaN,NaN,0.465901325943534,0.893429155055595,NaN,NaN,0.696256207697102,NaN,-0.100601512142216,-0.224551992731579
441.1392,-0.905828317208131,0.136030985341134,-0.623008205975468,0.0487946632513345,-0.486253767030162,-0.486253767029693,NaN,-0.42387807691088,1.69629476812921,1.00724314403124,-2.19639081507335,1.00724314403163,0.0206847367588551,1.49010071186468,NaN,NaN,NaN,-0.827732644721044,NaN,1.36155784671275,-0.410927687619334,NaN,-0.79742913785472,NaN,NaN,-0.0767795170179484,NaN,NaN,0.658590665518248,-0.111342480044863,-1.17829513079142,-0.282407273705594,NaN,NaN,0.8496103008387,2.51123179175398,-0.602515028618863,0.879835040630816,0.879835040632165,0.0957762023564832,0.436793190836999,NaN,NaN,0.456488511504195,0.903789652765707,NaN,NaN,0.703126028261949,NaN,-0.108662082079068,-0.227385696751201
441.2416,-0.892133398500408,0.125398663795966,-0.626673920069215,0.0527592284440276,-0.50240212258106,-0.502402122580565,NaN,-0.421259701693254,1.71388745643216,1.02157393106874,-2.16611460973713,1.02157393106913,0.0464972438435149,1.50413586300203,NaN,NaN,NaN,-0.788725190216375,NaN,1.36308371268498,-0.380101155000586,NaN,-0.804706529105368,NaN,NaN,-0.074528914666727,NaN,NaN,0.619630927466685,-0.0814983274166351,-1.17585665726558,-0.268359242767321,NaN,NaN,0.832914047156608,2.52342527170242,-0.608377875791002,0.86026264240697,0.860262642408304,0.0898855754319509,0.440314987227634,NaN,NaN,0.447442064989829,0.914264627377639,NaN,NaN,0.709121858393886,NaN,-0.114213438828922,-0.2324007177727
441.344,-0.875984141110865,0.114038338246408,-0.629200009305623,0.0549248764996032,-0.518952415385485,-0.518952415384967,NaN,-0.418908221478968,1.73103488514091,1.03528350781197,-2.13348630092821,1.03528350781236,0.0748618795662002,1.51739545659503,NaN,NaN,NaN,-0.750218403951674,NaN,1.36366802373972,-0.348554004677315,NaN,-0.812243880298723,NaN,NaN,-0.0735702555045303,NaN,NaN,0.579542015238994,-0.049845117931302,-1.17201993824183,-0.253410663238989,NaN,NaN,0.813946528823619,2.53443162939764,-0.61523894748772,0.83841391996571,0.838413919967033,0.0850426793275736,0.441789998321273,NaN,NaN,0.438769956376462,0.924894704237581,NaN,NaN,0.714186030845582,NaN,-0.117213866625326,-0.239633725407418
441.4464,-0.857366873122441,0.101936101118604,-0.630595157848041,0.0552841426377858,-0.535912111674971,-0.535912111674424,NaN,-0.416847873959336,1.74769400669602,1.04828757969281,-2.09856719922654,1.0482875796932,0.105778621501284,1.52983303723693,NaN,NaN,NaN,-0.712277614004382,NaN,1.36331539014349,-0.316331878347267,NaN,-0.820031138764127,NaN,NaN,-0.073919813489708,NaN,NaN,0.538381958910058,-0.0163965255238147,-1.16681350295295,-0.237638088676941,NaN,NaN,0.792756669246317,2.54423008341624,-0.623074115295849,0.814328281951501,0.814328281952808,0.0813024198071473,0.441185257215691,NaN,NaN,0.430480780147999,0.93571945549823,NaN,NaN,0.718262927037357,NaN,-0.117629421951819,-0.249112825759347
441.5488,-0.836276386042511,0.0890802357262988,-0.630872467219546,0.0538343176239953,-0.553288316504133,-0.553288316503558,NaN,-0.415101308778913,1.76382027263366,1.06050253849454,-2.06142727482334,1.06050253849494,0.139239864154564,1.54140363058794,NaN,NaN,NaN,-0.674966999087179,NaN,1.36203021944488,-0.283482871554412,NaN,-0.828057457981179,NaN,NaN,-0.0755889562023521,NaN,NaN,0.49621184266128,0.0188313879848526,-1.16026832476587,-0.221119449043423,NaN,NaN,0.769402069209016,2.55280068731249,-0.631855395623543,0.788052584692216,0.788052584693506,0.0787117635826798,0.438476585501891,NaN,NaN,0.422583609013417,0.946777362656074,NaN,NaN,0.721299228538283,NaN,-0.115434171047714,-0.26085739475976
441.6512,-0.81271600117906,0.0754613735816459,-0.630049277140161,0.050577438506258,-0.571087563272868,-0.571087563272265,NaN,-0.413689429931929,1.7793677896182,1.0718458267225,-2.02214496315623,1.0718458267229,0.175230335463271,1.55206398988493,NaN,NaN,NaN,-0.63834943542051,NaN,1.35981666383675,-0.250057410645802,NaN,-0.836311105418258,NaN,NaN,-0.0785840237888589,NaN,NaN,0.453095612768577,0.0558200047537561,-1.15241765883504,-0.203933670612199,NaN,NaN,0.74394863355617,2.56012452622382,-0.641551065459314,0.759640969404362,0.759640969405634,0.0773097733469561,0.433648612552373,NaN,NaN,0.415087815809381,0.958105777503251,NaN,NaN,0.72324417513642,NaN,-0.110610398516654,-0.274877938179508
441.7536,-0.786697601310099,0.0610726435013103,-0.62814696705972,0.0455202808283103,-0.58931558666345,-0.589315586662818,NaN,-0.412631244648867,1.79428951160243,1.08223633760475,-1.98080690286257,1.08223633760516,0.213727008675656,1.56177286281848,NaN,NaN,NaN,-0.602486301715846,NaN,1.35667857773529,-0.216108120853561,NaN,-0.844779338880361,NaN,NaN,-0.0829062059624494,NaN,NaN,0.409099882301968,0.0945479194452418,-1.1432968823863,-0.186160298479299,NaN,NaN,0.716470171539586,2.56618392087396,-0.652125789016545,0.72915469506036,0.729154695061616,0.077127684054313,0.42669476414561,NaN,NaN,0.408002862734904,0.96974089230388,NaN,NaN,0.724049831794583,NaN,-0.103148791211299,-0.291175975868973
441.856,-0.758241626864821,0.0459098107831752,-0.625190740301423,0.0386743455383241,-0.607977088362018,-0.607977088361354,NaN,-0.411943732352642,1.80853745257965,1.0915948254455,-1.93750758614065,1.09159482544591,0.254699014853476,1.57049127019345,NaN,NaN,NaN,-0.567437233994554,NaN,1.35261949198261,-0.181689694164777,NaN,-0.853448258783296,NaN,NaN,-0.0885514315194182,NaN,NaN,0.364293726696593,0.134990666759372,-1.13294334292744,-0.167879127452834,NaN,NaN,0.687047973928592,2.57096263429782,-0.6635407526472,0.696661957101822,0.696661957103067,0.0781890373868776,0.417617196630463,NaN,NaN,0.401338059361215,0.981717725295857,NaN,NaN,0.723671358331427,NaN,-0.0930486008951881,-0.309743952032401
441.9584,-0.727377035565005,0.0299714053428759,-0.621209391546733,0.0300558347385956,-0.627075500017985,-0.627075500017294,NaN,-0.411641744662096,1.8220629041603,1.09984430696982,-1.89234891616067,1.09984430697024,0.298107562546766,1.57818278037168,NaN,NaN,NaN,-0.533259844944046,NaN,1.34764260885371,-0.146858761591544,NaN,-0.86230265203411,NaN,NaN,-0.095510286476973,NaN,NaN,0.318748463552597,0.177120420747371,-1.12139621412109,-0.149169846585703,NaN,NaN,0.65577036151289,2.574446077538,-0.675753809097042,0.662237683432305,0.662237683433539,0.0805098899941513,0.406426659849229,NaN,NaN,0.395102295989045,0.994070123619789,NaN,NaN,0.722067272703534,NaN,-0.0803177848860643,-0.330565174253016
442.0608,-0.694141225305137,0.0132588401835208,-0.616235055363002,0.0196856175207599,-0.646612743916285,-0.646612743915566,NaN,-0.411737936469046,1.83481665349557,1.1069104544186,-1.84543968966248,1.10691045441903,0.343905873626791,1.58481376554125,NaN,NaN,NaN,-0.500009437988537,NaN,1.34175081918927,-0.111673774537362,NaN,-0.871325843892391,NaN,NaN,-0.103767969394854,NaN,NaN,0.272537415103275,0.22090567336482,-1.10869635190048,-0.13011169830228,NaN,NaN,0.622732196492973,2.57662151205071,-0.688719632083031,0.625963303592074,0.6259633035933,0.084099092597809,0.393142290975131,NaN,NaN,0.389303765305052,1.0068307812175,NaN,NaN,0.719199700480913,NaN,-0.0649731214295049,-0.353613782218202
442.1632,-0.658579921014823,-0.00422347613388608,-0.610302930859806,0.00758919187628233,-0.66658899027366,-0.666588990272913,NaN,-0.412242717274344,1.84674920883103,1.11272199556804,-1.79689503130503,1.11272199556848,0.392039143187355,1.59035363625201,NaN,NaN,NaN,-0.467738743077531,NaN,1.33494674454188,-0.0761949021908191,NaN,-0.880499566269598,NaN,NaN,-0.113304281235304,NaN,NaN,0.225735660816964,0.266310897330366,-1.09488614189891,-0.110783148968441,NaN,NaN,0.588034353792554,2.57747824824607,-0.702389879237006,0.587926492230699,0.587926492231914,0.0889586222307675,0.377791354943399,NaN,NaN,0.383949685440952,1.02003126564119,NaN,NaN,0.715034605147714,NaN,-0.0470402996183541,-0.378854745592083
442.2656,-0.62074702719011,-0.0224680287417377,-0.60345097749373,-0.00620335218965962,-0.687002408609216,-0.687002408608441,NaN,-0.413164208810863,1.85781104473669,1.11721113890276,-1.74683579454547,1.11721113890319,0.442444522129236,1.59477506396156,NaN,NaN,NaN,-0.436497683038462,NaN,1.32723280688651,-0.0404839494691443,NaN,-0.889803838015811,NaN,NaN,-0.124093635449393,NaN,NaN,0.178419800843855,0.313296193919661,-1.08000933520917,-0.0912615684356432,NaN,NaN,0.551783164059548,2.57700783948525,-0.71671336016845,0.548220894915948,0.54822089491716,0.095083949016364,0.360408948923229,NaN,NaN,0.379046030263769,1.03370204778374,NaN,NaN,0.709541993368242,NaN,-0.0265539880688032,-0.406243889020653
442.368,-0.58070444926474,-0.0414640833850198,-0.59571957874383,-0.0216573647880801,-0.707848909920206,-0.707848909919407,NaN,-0.414508197671147,1.86795287666196,1.12031403505859,-1.69538793352068,1.12031403505903,0.495051114747736,1.59805420658467,NaN,NaN,NaN,-0.406333164915164,NaN,1.31861132031792,-0.00460429214984536,NaN,-0.899216843770477,NaN,NaN,-0.136105069937746,NaN,NaN,0.130667753877223,0.361816930463825,-1.06411087699229,-0.0716229192485738,NaN,NaN,0.51408984833602,2.57520426955902,-0.731636207501308,0.506945845712997,0.5069458457142,0.102464425493881,0.341037680854806,NaN,NaN,0.374597268371918,1.04787253053823,NaN,NaN,0.702696087823165,NaN,-0.00355788504341595,-0.435727941319532
442.4704,-0.538521887197608,-0.0611975680526715,-0.587151172243753,-0.03873366083765,-0.729121879077264,-0.72912187907644,NaN,-0.416278075736234,1.87712596886269,1.12197127146139,-1.64268185201697,1.12197127146184,0.549779993128608,1.60017094376659,NaN,NaN,NaN,-0.377288889689783,NaN,1.30908459231018,0.0313791788419234,NaN,-0.908714801461338,NaN,NaN,-0.149302253546872,NaN,NaN,0.0825585907798959,0.411823389478522,-1.04723673557804,-0.0519414586015103,NaN,NaN,0.475069952336504,2.57206413237576,-0.747102049905671,0.464206076746809,0.464206076748006,0.111083696049219,0.319727319880374,NaN,NaN,0.370606115721461,1.06257107513845,NaN,NaN,0.69447546106765,NaN,0.0218952533674748,-0.467244607269592
442.5728,-0.494276600333785,-0.0816509521311524,-0.577789849793624,-0.0573885395902378,-0.750811904792655,-0.750811904791803,NaN,-0.418474767605616,1.88528247510707,1.12212838642905,-1.58885173984622,1.12212838642952,0.606544246484729,1.6011091145335,NaN,NaN,NaN,-0.349405178354218,NaN,1.29865502367294,0.0674001129168715,NaN,-0.918271821450132,NaN,NaN,-0.163643499024775,NaN,NaN,0.0341723789816793,0.463260461843202,-1.02943373890537,-0.0322894591505634,NaN,NaN,0.434842771425904,2.56758680448246,-0.763052187265763,0.420111409909342,0.420111409910532,0.120920130414776,0.296534411071573,NaN,NaN,0.367073311243907,1.07782502592669,NaN,NaN,0.684863129322726,NaN,0.0497436139731494,-0.500722662642755
442.6752,-0.448053135384657,-0.102803134953775,-0.567680937891524,-0.0775738091282903,-0.772906522672203,-0.772906522671325,NaN,-0.421096651344804,1.89237581137571,1.12073639065168,-1.53403491075569,1.12073639065216,0.665249087802925,1.60085674288491,NaN,NaN,NaN,-0.322718816317889,NaN,1.28732520016332,0.103390768994024,NaN,-0.927859768629372,NaN,NaN,-0.179081803040057,NaN,NaN,-0.0144099875654345,0.516067407576363,-1.01074942442457,-0.0127369598503589,NaN,NaN,0.393530757857661,2.56177461063124,-0.779425770367084,0.374776420812622,0.374776420813808,0.131947280810432,0.271521854466384,NaN,NaN,0.363997425777023,1.09366073422417,NaN,NaN,0.673846612898401,NaN,0.0799163669153195,-0.536082077505585
442.7776,-0.399943006846078,-0.124629359203366,-0.556870572575898,-0.0992368286292019,-0.795389987597858,-0.795389987596953,NaN,-0.424139482085584,1.89836106111483,1.11775228851997,-1.47837115658897,1.11775228852046,0.72579203048363,1.59940624111048,NaN,NaN,NaN,-0.297262921287571,NaN,1.27509797320004,0.139282114838622,NaN,-0.937448136376933,NaN,NaN,-0.19556492555372,NaN,NaN,-0.0631069808008467,0.570177693483785,-0.991231907909297,0.0066484406226606,NaN,NaN,0.351258912698332,2.55463297944732,-0.796159989109525,0.328320069855764,0.328320069856949,0.144134355670296,0.244758454872719,NaN,NaN,0.361374712026803,1.11010358279895,NaN,NaN,0.661417972546689,NaN,0.112333763852508,-0.57323418170875
442.88,-0.350044324756563,-0.147101159879776,-0.545405280248123,-0.122320576330964,-0.81824308711477,-0.81824308711384,NaN,-0.427596327865406,1.90319541029774,1.11313958905426,-1.42200212061465,1.11313958905477,0.788063137551921,1.59675459028591,NaN,NaN,NaN,-0.273066837159499,NaN,1.26197653477538,0.175003964043358,NaN,-0.947003937436569,NaN,NaN,-0.213035509514118,NaN,NaN,-0.111836650180813,0.625518908870128,-0.970929770798637,0.0258017466615091,NaN,NaN,0.308154167254135,2.54617058199061,-0.813190271673351,0.280865295145267,0.280865295146447,0.157446703854413,0.216318444097425,NaN,NaN,0.359198997017767,1.12717801292071,NaN,NaN,0.64757382511317,NaN,0.146907311054379,-0.612081890667216
442.9824,-0.298461373290976,-0.170186351042313,-0.533331571052394,-0.146763744106827,-0.841443001495327,-0.841443001494371,NaN,-0.431457522830843,1.90683860599143,1.10686879885212,-1.36507067935723,1.10686879885264,0.851945341191606,1.59290350599376,NaN,NaN,NaN,-0.2501560475284,NaN,1.24796449330123,0.210485150000618,NaN,-0.956491616360716,NaN,NaN,-0.231431234281594,NaN,NaN,-0.160516844897767,0.682012754710253,-0.949891954709921,0.0446607034447723,NaN,NaN,0.264344756087974,2.53639944287395,-0.830450494116918,0.232538561810888,0.232538561812065,0.171846304103292,0.186280973657413,NaN,NaN,0.357461612555215,1.14490755301459,NaN,NaN,0.63231533367347,NaN,0.183540020638405,-0.652520000618626
443.0848,-0.24530414991745,-0.193849044686687,-0.520695545126204,-0.172500853793518,-0.864963206583912,-0.864963206582931,NaN,-0.435710633838679,1.90925343468822,1.09891790710017,-1.30772032514522,1.09891790710071,0.917314823217423,1.58785960122774,NaN,NaN,NaN,-0.228552099155805,NaN,1.23306594769435,0.245653739471654,NaN,-0.965872984636315,NaN,NaN,-0.250684986307794,NaN,NaN,-0.209065429794384,0.739575094935225,-0.928167646227879,0.0631659365079236,NaN,NaN,0.219959591162796,2.52533501433666,-0.847873198528467,0.18346937353043,0.183469373531606,0.187292248370903,0.15472958476535,NaN,NaN,0.356151357112286,1.16331484629484,NaN,NaN,0.615648164536815,NaN,0.222126731861111,-0.694435549708554
443.1872,-0.190687876190493,-0.218049693012267,-0.507542508532578,-0.199462385473195,-0.888773406457635,-0.888773406456628,NaN,-0.440340430749364,1.91040622142192,1.08927288849873,-1.25009455106934,1.08927288849929,0.984041437749616,1.58163455647146,NaN,NaN,NaN,-0.208272534060846,NaN,1.21728554919148,0.280437290267394,NaN,-0.975107173215112,NaN,NaN,-0.27072502344357,NaN,NaN,-0.257400474778966,0.798116055151769,-0.90580614050374,0.0812611089905445,NaN,NaN,0.175127661237082,2.51299620942938,-0.865389816420886,0.133789770109721,0.133789770110896,0.203741200964897,0.121751675597425,NaN,NaN,0.35525448281171,1.18242167589303,NaN,NaN,0.597582406674549,NaN,0.262554495323371,-0.73770823661176
443.2896,-0.134732486858695,-0.242745148456515,-0.493916596417758,-0.227574908230443,-0.912839484553739,-0.912839484552706,NaN,-0.445328855230331,1.9102673508521,1.0779282459593,-1.19233623795953,1.07792824595988,1.05198916039262,1.57424530172479,NaN,NaN,NaN,-0.189330838910488,NaN,1.20062854308463,0.314763151791914,NaN,-0.984150596089134,NaN,NaN,-0.291475117082632,NaN,NaN,-0.305440409499182,0.857540163369882,-0.88285667927817,0.098893099574661,NaN,NaN,0.129977482382685,2.49940539649377,-0.882930892683818,0.0836338388813729,0.0836338388825521,0.221147816732952,0.0874379860591376,NaN,NaN,0.354754703267245,1.20224898739526,NaN,NaN,0.578132453637494,NaN,0.304703019631956,-0.782210892512076
443.392,-0.0775620981287122,-0.267888742161129,-0.479860405180067,-0.256761215510831,-0.93712347469078,-0.937123474689723,NaN,-0.450654993747791,1.9088118035691,1.06488759260769,-1.13458703090301,1.0648875926083,1.12101656638885,1.56571420824792,NaN,NaN,NaN,-0.171736424123865,NaN,1.18310079036568,0.348558805649796,NaN,-0.99295692517237,NaN,NaN,-0.312854677794961,NaN,NaN,-0.353104153910579,0.917746546967672,-0.859368259937735,0.116012202379411,NaN,NaN,0.0846366062998397,2.48458835553084,-0.90042630878404,0.0331372488755446,0.0331372488767234,0.239465112109311,0.051882101662346,NaN,NaN,0.354633220014983,1.22281691480369,NaN,NaN,0.557316849028488,NaN,0.348445184902737,-0.827810009028137
443.4944,-0.0193044552117275,-0.293430386305027,-0.46541464205851,-0.28694047982939,-0.961583564120326,-0.961583564119245,NaN,-0.456295067542837,1.90601968821645,1.0501642456438,-1.07698668424788,1.05016424564443,1.19097735153296,1.55606927725053,NaN,NaN,NaN,-0.155494641769716,NaN,1.16470877529647,0.381752244461414,NaN,-1.00147708578902,NaN,NaN,-0.334778888516001,NaN,NaN,-0.400311242923892,0.97862920779037,-0.835389411978927,0.132572350952127,NaN,NaN,0.0392311718550883,2.46857419158467,-0.917805508887279,-0.0175632044132334,-0.017563204412052,0.258644795153112,0.0151799619136071,NaN,NaN,0.354868763412653,1.24414482205739,NaN,NaN,0.535158092700028,NaN,0.393647623687708,-0.87436632385335
443.5968,0.0399096352343813,-0.319316704034001,-0.45061780297892,-0.31802843756806,-0.986174136895442,-0.98617413689434,NaN,-0.462222448825546,1.90187674063967,1.03378178547439,-1.01967236332291,1.03378178547504,1.261720896728,1.54534430153305,NaN,NaN,NaN,-0.140606839339421,NaN,1.1454596064486,0.414272378627302,NaN,-1.00965928596724,NaN,NaN,-0.357158869468343,NaN,NaN,-0.446981955342237,1.0400773798545,-0.810967943535983,0.148531360733723,NaN,NaN,-0.00611451729448609,2.45139520346604,-0.934997730420429,-0.0683300558093162,-0.0683300558081355,0.278637565345572,-0.0225706324821916,NaN,NaN,0.355437640720012,1.26625136450842,NaN,NaN,0.511682402445894,NaN,0.440171356630559,-0.921735453650667
443.6992,0.0999468757998303,-0.345491182963906,-0.435505883492157,-0.349937598718653,-1.01084585247551,-1.01084585247438,NaN,-0.468407703244035,1.89637475902706,1.01577452768874,-0.962777915909469,1.01577452768941,1.33309285411559,1.53357897316195,NaN,NaN,NaN,-0.127070431333898,NaN,1.12536101837896,0.446049450459846,NaN,-1.01744908790598,NaN,NaN,-0.379901885007811,NaN,NaN,-0.493037446023117,1.10197594729789,-0.786150674234506,0.16385116819403,NaN,NaN,-0.0512783949277807,2.43308671658415,-0.951932233970431,-0.119025625405486,-0.119025625404307,0.299393389162867,-0.0612704975396018,NaN,NaN,0.356313783137677,1.28915455978041,NaN,NaN,0.486919432467756,NaN,0.48787246010135,-0.969768553835772
443.8016,0.160672040053163,-0.371894343112489,-0.420112119947098,-0.382577468429344,-1.0355457476641,-1.03554574766295,NaN,-0.474818653767879,1.88951195261127,0.996187867704348,-0.906433145350648,0.996187867705028,1.40493572621391,1.52081892223877,NaN,NaN,NaN,-0.114878966997629,NaN,1.10442138322703,0.477015436172838,NaN,-1.02478951951961,NaN,NaN,-0.402911588890719,NaN,NaN,-0.538399874593485,1.16420588638291,-0.76098318216518,0.178498034155509,NaN,NaN,-0.0961410092053086,2.41368689410811,-0.96853852554924,-0.169512458734945,-0.169512458733769,0.320861747885567,-0.100819504623007,NaN,NaN,0.357468785065574,1.31287185292123,NaN,NaN,0.460901961012576,NaN,0.536602746125243,-1.01831298982537
443.904,0.221948520919436,-0.398463913194538,-0.404466755666986,-0.415854771066586,-1.06021735518218,-1.06021735518101,NaN,-0.481420460265316,1.88129320376854,0.97507848728074,-0.850763122339344,0.975078487281433,1.47708942365791,1.50711569241993,NaN,NaN,NaN,-0.104022185468268,NaN,1.0826497420919,0.507104426091767,NaN,-1.03162121507531,NaN,NaN,-0.426088295421218,NaN,NaN,-0.582992522452465,1.22664470359332,-0.735509590468252,0.19244268765254,NaN,NaN,-0.140585860305813,2.39323653951411,-0.984746567249489,-0.219653741620763,-0.219653741619591,0.342991843474373,-0.141116960980725,NaN,NaN,0.358871935454842,1.33742016396101,NaN,NaN,0.433665566697814,NaN,0.586210445255826,-1.06721301619173
444.0064,0.283638870368263,-0.425135016305433,-0.388596829418602,-0.449673673128524,-1.08480084183171,-1.08480084183051,NaN,-0.48817570797431,1.87173026514355,0.952514436528067,-0.795887572663708,0.952514436528773,1.54939180530356,1.49252666855659,NaN,NaN,NaN,-0.0944860659460472,NaN,1.0600558592777,0.5362529837397,NaN,-1.03788257541604,NaN,NaN,-0.449329262333947,NaN,NaN,-0.626739891941731,1.28916686495253,-0.709772406359939,0.205660404080444,NaN,NaN,-0.18449968151854,2.37177890147127,-1.00048697482137,-0.269313685925514,-0.269313685924343,0.365732741598842,-0.182061919642257,NaN,NaN,0.36049025216607,1.36281590532329,NaN,NaN,0.405248315465324,NaN,0.636540891250965,-1.11631046567568
444.1088,0.345605337661916,-0.451840371677055,-0.372525989724858,-0.483936005331508,-1.10923317671673,-1.10923317671551,NaN,-0.495044500468091,1.86084191183472,0.92857509975525,-0.741920371255479,0.928575099755971,1.62167921410683,1.47711495887165,NaN,NaN,NaN,-0.0862528866557462,NaN,1.0366502947137,0.564400490712388,NaN,-1.04350995201618,NaN,NaN,-0.472528984655847,NaN,NaN,-0.669567790461199,1.35164423258409,-0.683812416391672,0.218131016845379,NaN,NaN,-0.227772658358959,2.34935948842461,-1.01569120213449,-0.318357890576843,-0.318357890575677,0.38903343812266,-0.223553415896632,NaN,NaN,0.362288536170691,1.38907495486166,NaN,NaN,0.375690477053867,NaN,0.687437209877206,-1.16544544886523
444.2112,0.407710408384384,-0.478510521580492,-0.35627434683013,-0.518541489498821,-1.13344834388391,-1.13344834388267,NaN,-0.501984561773359,1.84865404502578,0.903351026724795,-0.688969152938396,0.903351026725532,1.69378702202563,1.46094921328227,NaN,NaN,NaN,-0.0793013046244079,NaN,1.01244449100441,0.591489482486692,NaN,-1.04843787255557,NaN,NaN,-0.495579519184616,NaN,NaN,-0.711403412118221,1.41394653194317,-0.657668639741403,0.229838859664968,NaN,NaN,-0.27029859952501,2.32602589378459,-1.03029171484491,-0.366653691739615,-0.366653691738454,0.412842859620757,-0.265490647927857,NaN,NaN,0.364229457665606,1.41621257511513,NaN,NaN,0.345034277509545,NaN,0.738741012726757,-1.21445706340232
444.3136,0.469817339730124,-0.50507409097803,-0.339858378063738,-0.553387980178177,-1.15737761258323,-1.15737761258197,NaN,-0.508951360203071,1.83519972500681,0.87694359555732,-0.63713502660258,0.876943595558073,1.76555018964358,1.4441033549107,NaN,NaN,NaN,-0.0736064661941733,NaN,0.987450878108122,0.617465972986305,NaN,-1.05259932484518,NaN,NaN,-0.518370865007823,NaN,NaN,-0.752175428799797,1.47594186601849,-0.631378342685653,0.240772638276132,NaN,NaN,-0.311975077632862,2.30182762880031,-1.04422215765193,-0.414070520316639,-0.414070520315485,0.437109830056748,-0.307773134149236,NaN,NaN,0.366273676324983,1.44424327788407,NaN,NaN,0.313323679646015,NaN,0.790293092485725,-1.26318411102851
444.416,0.531790683487395,-0.531458082723443,-0.323290898725822,-0.588371729591273,-1.1809498708183,-1.18094987081702,NaN,-0.515898264857855,1.82051911356922,0.849464484281183,-0.586512367614894,0.849464484281955,1.83680383439571,1.42665621626875,NaN,NaN,NaN,-0.0691401554533722,NaN,0.961682997532013,0.642279765614653,NaN,-1.05592610282697,NaN,NaN,-0.540791410426469,NaN,NaN,-0.791814090921316,1.53749727438408,-0.60497712070313,0.250925230473471,NaN,NaN,-0.352703541679011,2.27681596214526,-1.05741751945795,-0.460480277514866,-0.460480277513713,0.461783029771259,-0.350300868716603,NaN,NaN,0.36837999035485,1.47318063800254,NaN,NaN,0.280604180073857,NaN,0.841934115050141,-1.31146582170408
444.5184,0.59349678455119,-0.557588203416006,-0.306581102181562,-0.623387679167541,-1.20409201539495,-1.20409201539365,NaN,-0.522776738364573,1.80465931471542,0.821034949473804,-0.537188668979941,0.821034949474596,1.90738378936701,1.40869108945012,NaN,NaN,NaN,-0.0658709830344331,NaN,0.935155637979321,0.665884757514676,NaN,-1.05834920529586,NaN,NaN,-0.56272843448626,NaN,NaN,-0.830251325076695,1.59847931383445,-0.578499054334248,0.260293411739471,NaN,NaN,-0.392389386656773,2.25104376771522,-1.06981429953786,-0.505757723980304,-0.505757723979157,0.486810948946762,-0.392974472712832,NaN,NaN,0.370505506235509,1.50303705918149,NaN,NaN,0.246922618365762,NaN,0.893505307406379,-1.35914258479627
444.6208,0.654804239592146,-0.58338920619546,-0.289734662337249,-0.658329775301375,-1.22672937990661,-1.2267293799053,NaN,-0.529536564649521,1.78767410594333,0.791784928273479,-0.489244446713992,0.791784928274287,1.97712712993212,1.39029520979565,NaN,NaN,NaN,-0.0637646135869981,NaN,0.907884969011316,0.688239245077672,NaN,-1.05979927203052,NaN,NaN,-0.584068639232326,NaN,NaN,-0.867420807893119,1.65875462454971,-0.551976934574109,0.268877510786392,NaN,NaN,-0.430941967229449,2.22456538155907,-1.08135067622096,-0.549780866560929,-0.549780866559788,0.512141829108006,-0.435695331044058,NaN,NaN,0.372605821950122,1.53382349214942,NaN,NaN,0.212326998984093,NaN,0.944849139040701,-1.40605668331901
444.7232,0.715584303760754,-0.6087852333839,-0.272753883529734,-0.69309130153821,-1.2487861786902,-1.24878617868887,NaN,-0.536126109639655,1.76962355835759,0.761851997195244,-0.44275320361749,0.761851997196071,2.04587265408655,1.37155919457018,NaN,NaN,NaN,-0.0627840277543001,NaN,0.879888665546789,0.709306224473307,NaN,-1.06020704285254,NaN,NaN,-0.604698693850263,NaN,NaN,-0.903257996990709,1.71819044568299,-0.525442538145317,0.276681013483384,NaN,NaN,-0.468274559837701,2.19743646679704,-1.09196667679121,-0.592431326241565,-0.592431326240427,0.537723596574984,-0.478365714642714,NaN,NaN,0.374635218159128,1.56554910695862,NaN,NaN,0.176866326213286,NaN,0.995809984612046,-1.45205301816277
444.8256,0.77571124314865,-0.633700147375201,-0.255637882219948,-0.727565214773525,-1.27018595099522,-1.27018595099387,NaN,-0.542492611961303,1.75057355954474,0.731380238233337,-0.397781450306444,0.731380238234183,2.11346131885624,1.35257645644743,NaN,NaN,NaN,-0.0628898121642597,NaN,0.851186026048632,0.729053665846744,NaN,-1.05950382986238,NaN,NaN,-0.624505784210638,NaN,NaN,-0.937700115844514,1.77665505552077,-0.498926923960934,0.283710141346367,NaN,NaN,-0.504304293706325,2.16971388189817,-1.10160434405694,-0.633594678005603,-0.63359467800447,0.563503795066467,-0.52088889374138,NaN,NaN,0.37654685216207,1.59822092965867,NaN,NaN,0.140590450530272,NaN,1.04623474678475,-1.49697980357843
444.928,0.835062637512705,-0.658057845661751,-0.238382790087794,-0.761644472491519,-1.29085199856901,-1.29085199856765,NaN,-0.548582497104744,1.73059526740712,0.700519065804183,-0.354388771738753,0.700519065805048,2.17973664699272,1.33344260893426,NaN,NaN,NaN,-0.0640404682644835,NaN,0.821798089523313,0.747454740084677,NaN,-1.05762199612875,NaN,NaN,-0.643378166553676,NaN,NaN,-0.970686112556024,1.83401813308494,-0.472460724325012,0.2899734288794,NaN,NaN,-0.538952073016422,2.14145554415003,-1.11020789341581,-0.673160761841026,-0.673160761839901,0.589429515108478,-0.563169246212001,NaN,NaN,0.378292950474837,1.63184346257784,NaN,NaN,0.103549921305072,NaN,1.0959734200582,-1.54068921790773
445.0304,0.893519636410512,-0.681782558680086,-0.220981973629802,-0.795222344414598,-1.31070781606388,-1.31070781606251,NaN,-0.554341704182316,1.70976452042519,0.669422045885082,-0.312627924880753,0.669422045885964,2.24454511993157,1.314254874805,NaN,NaN,NaN,-0.0661927299974188,NaN,0.791747750513736,0.764487991026577,NaN,-1.05449543268945,NaN,NaN,-0.661205723755901,NaN,NaN,-1.00215662675403,1.89015106391617,-0.446074414265451,0.295481318716193,NaN,NaN,-0.572142504642845,2.1127202801844,-1.11772385489504,-0.711023970811368,-0.711023970810252,0.6154473146209,-0.605112365573481,NaN,NaN,0.379825000268075,1.66641830664595,NaN,NaN,0.065795836165197,NaN,1.14487958756866,-1.58303800170839
445.1328,0.950967168148445,-0.704799129776141,-0.203426269741642,-0.828192712868504,-1.32967751702318,-1.32967751702179,NaN,-0.559716016456269,1.68816121004953,0.638245703313549,-0.272544956279445,0.63824570331445,2.30773656978474,1.2951114964825,NaN,NaN,NaN,-0.0693018857948972,NaN,0.761059866748646,0.780137455550664,NaN,-1.05006002801564,NaN,NaN,-0.677880527983133,NaN,NaN,-1.0320539988303,1.94492722604849,-0.419798551322683,0.30024578698027,NaN,NaN,-0.603803843200761,2.08356765743572,-1.12410119718914,-0.747083524728219,-0.747083524727112,0.641503135667913,-0.646625178701497,NaN,NaN,0.381093943731963,1.7019437943505,NaN,NaN,0.0273796782524021,NaN,1.19281085534719,-1.62388800602763
445.2352,1.00729410015892,-0.727033279074456,-0.185704241276483,-0.86045037379349,-1.34768626015267,-1.34768626015126,NaN,-0.564651395850057,1.66586860409533,0.607148292712039,-0.234179326697441,0.607148292712956,2.36916458071642,1.27611113643954,NaN,NaN,NaN,-0.0733221110455613,NaN,0.729761352546642,0.794392728639201,NaN,-1.04425413471249,NaN,NaN,-0.693297421386659,NaN,NaN,-1.06032234597481,1.9982222852488,-0.393663980023263,0.304280006426212,NaN,NaN,-0.6338679696056,2.05405779103618,-1.12929143484902,-0.781243735362492,-0.781243735361396,0.667542234891318,-0.687616086917276,NaN,NaN,0.382050376380739,1.73841463563106,NaN,NaN,-0.0116468616431629,NaN,1.23962923250423,-1.66310670034262
445.3376,1.06239335228943,-0.748411856799075,-0.167802459684493,-0.891891349576406,-1.36466068204438,-1.36466068204295,NaN,-0.569094327739567,1.64297261296517,0.576288514834678,-0.197564026426366,0.576288514835611,2.4286869094228,1.25735225625545,NaN,NaN,NaN,-0.0782068201127988,NaN,0.697881250036943,0.807248962293199,NaN,-1.0370190454036,NaN,NaN,-0.707354626720532,NaN,NaN,-1.08690771470976,2.04991451308159,-0.367701995535832,0.307598052354805,NaN,NaN,-0.66227041807398,2.02425112109271,-1.13324872296751,-0.813414266877807,-0.813414266876721,0.693509147862026,-0.727995143460932,NaN,NaN,0.382644746769388,1.77582157731945,NaN,NaN,-0.0512320762350662,NaN,1.28520145752486,-1.70056764544333
445.44,1.11616196988769,-0.768863094153504,-0.14970582079129,-0.922413218786041,-1.38052934264156,-1.38052934264011,NaN,-0.572992180334652,1.61956100427448,0.545824178657215,-0.162725669064744,0.545824178658162,2.48616593430032,1.23893247231467,NaN,NaN,NaN,-0.0839090362829159,NaN,0.665450775520569,0.818706790087939,NaN,-1.02829948518369,NaN,NaN,-0.719954395387798,NaN,NaN,-1.11175830864333,2.09988512594252,-0.341944466001144,0.310214650192188,NaN,NaN,-0.688950459312874,1.9942081571827,-1.13592994283688,-0.843510398449226,-0.84351039844815,0.719347699718775,-0.767674276249841,NaN,NaN,0.382827560087,1.81415107028372,NaN,NaN,-0.091324439988245,NaN,1.32939926126613,-1.73615092767734
445.5424,1.16850116731442,-0.788316859111801,-0.131397895185082,-0.951915461842353,-1.39522318670319,-1.39522318670173,NaN,-0.576293577398821,1.59572258010685,0.515910824010711,-0.129684563681049,0.515910824011676,2.54146914064664,1.22094789512697,NaN,NaN,NaN,-0.0903817699604516,NaN,0.632503346143943,0.828772182621169,NaN,-1.01804411994033,NaN,NaN,-0.731003694877472,NaN,NaN,-1.13482478728567,2.14801862999253,-0.316423915820904,0.312144958403648,NaN,NaN,-0.713851244569309,1.96398918997687,-1.13729477938931,-0.871453298852535,-0.871453298851471,0.745001061701499,-0.806567555678066,NaN,NaN,0.382549593922681,1.85338493191195,NaN,NaN,-0.131872806001196,NaN,1.37209956066968,-1.76974355027403
445.6448,1.21931635300824,-0.806704920824841,-0.112861308663687,-0.980299817752231,-1.40867601888839,-1.40867601888691,NaN,-0.578948777704704,1.57154633563344,0.486700329526104,-0.0984547778178406,0.486700329527082,2.59446964233612,1.20349246496848,NaN,NaN,NaN,-0.0975784004176617,NaN,0.599074592630855,0.83745625189539,NaN,-1.00620607661521,NaN,NaN,-0.740414927066223,NaN,NaN,-1.15606062851163,2.19420315376725,-0.2911735680659,0.31340438484468,NaN,NaN,-0.736920011281116,1.93365397339168,-1.13730579059582,-0.897170316692706,-0.897170316691658,0.770411841654757,-0.844591494365467,NaN,NaN,0.381762131450873,1.89349999673815,NaN,NaN,-0.172826596032015,NaN,1.41318459294658,-1.80123978542998
445.7472,1.26851714729788,-0.823961222148875,-0.094078141724739,-1.00747064474155,-1.42082498348573,-1.42082498348424,NaN,-0.580910051110727,1.54712062250885,0.458339539762704,-0.0690442089888817,0.458339539763698,2.64504672938175,1.18665729832244,NaN,NaN,NaN,-0.105453060070733,NaN,0.565202364046218,0.844775023171897,NaN,-0.992743470556901,NaN,NaN,-0.74810665785559,NaN,NaN,-1.17542253824066,2.23833075894544,-0.266227344552645,0.314008438236507,NaN,NaN,-0.758108337676425,1.90326138459692,-1.1359284690809,-0.920595277418071,-0.92059527741704,0.795522190002886,-0.881665355012725,NaN,NaN,0.380417210159064,1.9344677623432,NaN,NaN,-0.214135979737078,NaN,1.45254201393742,-1.8305414974192
445.8496,1.31601740229698,-0.840022156347161,-0.0750303335133956,-1.03333527669815,-1.43161103427632,-1.43161103427481,NaN,-0.582132042087046,1.52253233977557,0.43096894727569,-0.041454676969578,0.430968947276698,2.69308641995115,1.17053005512218,NaN,NaN,NaN,-0.113961010812604,NaN,0.53092673609224,0.850749184137773,NaN,-0.97761993142508,NaN,NaN,-0.754004335559318,NaN,NaN,-1.19287088419546,2.28029773091496,-0.241619833576809,0.313972607152328,NaN,NaN,-0.777372419691397,1.87286907404648,-1.13313129550197,-0.941668769398147,-0.94166876939713,0.82027390396128,-0.917711440370428,NaN,NaN,0.378467880196152,1.97625404921935,NaN,NaN,-0.255752034146863,NaN,1.4900649861776,-1.85755844608725
445.952,1.36173522685504,-0.854826842029979,-0.0557000784463509,-1.05780436928417,-1.44097937903813,-1.44097937903661,NaN,-0.582572116296372,1.49786616624848,0.404721454681597,-0.0156820398951974,0.404721454682619,2.73848199088582,1.1551943287741,NaN,NaN,NaN,-0.123058990270674,NaN,0.49629003421643,0.855403816233196,NaN,-0.960805113847542,NaN,NaN,-0.758040979022924,NaN,NaN,-1.20837013333748,2.32000485692743,-0.217386244366791,0.313312248488545,NaN,NaN,-0.794673342684355,1.84253311995176,-1.1288857843987,-0.960338402173521,-0.960338402172521,0.844608524920284,-0.952655350749558,NaN,NaN,0.37586846660389,2.01881869452503,NaN,NaN,-0.297626871059846,NaN,1.52565227333206,-1.88220857423379
446.0544,1.4055930135701,-0.868317390677928,-0.0360702096288673,-1.08079223472907,-1.44887988742322,-1.44887988742169,NaN,-0.58219068888214,1.4732038401522,0.379721229083616,0.00828366335966124,0.379721229084648,2.78113446536844,1.14072905830774,NaN,NaN,NaN,-0.132705507560994,NaN,0.461336872391825,0.858768114338733,NaN,-0.942275175729766,NaN,NaN,-0.760157819404737,NaN,NaN,-1.22188927715542,2.35735769885199,-0.193562363163084,0.31204247016338,NaN,NaN,-0.809977330316003,1.81230769764471,-1.12316652726051,-0.976559027568464,-0.976559027567482,0.86846743925673,-0.986426211559863,NaN,NaN,0.372574833752242,2.0621152920303,NaN,NaN,-0.339713725310171,NaN,1.55920834546774,-1.90441827599474
446.1568,1.44751746539199,-0.880439163816373,-0.0161245668571434,-1.10221716854508,-1.45526745630463,-1.45526745630308,NaN,-0.580951531989358,1.44862349118736,0.356082657554326,0.0304580364097457,0.356082657555366,2.82095304596125,1.12720796758824,NaN,NaN,NaN,-0.142861077890132,NaN,0.426114198355268,0.860875103037301,NaN,-0.922013206935389,NaN,NaN,-0.760304879174294,NaN,NaN,-1.233402226738,2.39226686025023,-0.170184515340246,0.310178003767049,NaN,NaN,-0.823255961984218,1.78224476868636,-1.11595123985429,-0.990292921704374,-0.990292921703406,0.891791995993785,-1.01895687917205,NaN,NaN,0.368544654268139,2.10609098220533,NaN,NaN,-0.381967004166621,NaN,1.59064349229123,-1.92412264024203
446.2592,1.48743962317491,-0.89114102001141,0.00415165178014398,-1.12200176948836,-1.46010232928546,-1.46010232928391,NaN,-0.578822057125331,1.42419903213231,0.333909413713732,0.0508621085543987,0.33390941371478,2.85785548756026,1.11469904181292,NaN,NaN,NaN,-0.153488388501292,NaN,0.390671333290552,0.861761357200981,NaN,-0.900009595161843,NaN,NaN,-0.758441471265364,NaN,NaN,-1.24288815758481,2.42464823682604,-0.147289529527585,0.307733073037058,NaN,NaN,-0.834486353935945,1.75239379262406,-1.10722081762315,-1.00150992827229,-1.00150992827134,0.914523647425623,-1.05018412766034,NaN,NaN,0.363737682981365,2.15068629307807,NaN,NaN,-0.424342300363598,NaN,1.61987394216892,-1.94126566502608
446.3616,1.52529489551265,-0.900375551931479,0.0247715555509249,-1.14007324787682,-1.46335036719495,-1.46335036719338,NaN,-0.57577356715938,1.39999961620639,0.313293646819569,0.0695220777446762,0.313293646820624,2.89176840439568,1.10326405179263,NaN,NaN,NaN,-0.164552389796185,NaN,0.355059994880459,0.861466733097033,NaN,-0.876262323298493,NaN,NaN,-0.754536602423721,NaN,NaN,-1.25033179062209,2.45442323231233,-0.124914695089536,0.304721270307267,NaN,NaN,-0.843651299528878,1.7228014632013,-1.09695939829494,-1.01018756122673,-1.01018756122579,0.936604113191959,-1.08004881480435,NaN,NaN,0.358116032400861,2.19583503238436,NaN,NaN,-0.466796371220125,NaN,1.64682198758751,-1.95580044212526
446.464,1.56102309075426,-0.908099312154004,0.0457462459009712,-1.15636371373503,-1.46498326783738,-1.46498326783581,NaN,-0.571781472495297,1.37608916804402,0.294315309362213,0.0864690115416815,0.294315309363273,2.92262750573761,1.09295813725281,NaN,NaN,NaN,-0.17602031279083,NaN,0.319334293572409,0.860034114697194,NaN,-0.850777199179136,NaN,NaN,-0.748569267308271,NaN,NaN,-1.25572360584809,2.48151892587833,-0.103097703614869,0.301155454045556,NaN,NaN,-0.850739364988835,1.69351146744079,-1.08515443020953,-1.01631106500147,-1.01631106500054,0.957975566030915,-1.10849602795753,NaN,NaN,0.351644447112553,2.2414642317136,NaN,NaN,-0.509287088244217,NaN,1.67141611649907,-1.9676893108946
446.5664,1.59456845418937,-0.914273026822446,0.067084524552932,-1.17081043726138,-1.46497873629007,-1.46497873628849,NaN,-0.566825465470166,1.35252600368544,0.277041645478855,0.101738502852361,0.277041645479919,2.95037776237471,1.0838294624068,NaN,NaN,NaN,-0.187861617593689,NaN,0.283550692748367,0.857509175065661,NaN,-0.823568020570322,NaN,NaN,-0.7405286233376,NaN,NaN,-1.25905999148149,2.50586819424187,-0.0818765663170298,0.297047678628772,NaN,NaN,-0.855744939628694,1.66456426431894,-1.07179674631135,-1.0198734342,-1.01987343419909,0.978580837022079,-1.13547521453819,NaN,NaN,0.344290578718468,2.28749414452757,NaN,NaN,-0.551773364248018,NaN,1.69359114533312,-1.97690397792591
446.6688,1.6258797172943,-0.918861797011413,0.0887926314190254,-1.18335607985225,-1.4633206068402,-1.46332060683861,NaN,-0.560889646692914,1.32936255639386,0.261526857475178,0.115370280004927,0.261526857476244,2.97497351174456,1.07591895354692,NaN,NaN,NaN,-0.200047874740874,NaN,0.24776792525515,0.853940145982785,NaN,-0.794656673566798,NaN,NaN,-0.730414040966709,NaN,NaN,-1.2603433348201,2.52740981326835,-0.0612895044630838,0.292409162394964,NaN,NaN,-0.858668237705852,1.63599688409998,-1.05688064355524,-1.02087539438234,-1.02087539438145,0.998363638827323,-1.16094030148373,NaN,NaN,0.336025265215486,2.33383830467457,NaN,NaN,-0.594215065167748,NaN,1.71328834955582,-1.98342559635525
446.7712,1.65491016626945,-0.921835288063838,0.110874018554241,-1.1939489051617,-1.45999891582596,-1.45999891582435,NaN,-0.553962602329721,1.30664520904115,0.247811943594985,0.127407779917467,0.247811943596054,2.9963785088613,1.06926011781516,NaN,NaN,NaN,-0.212552584358481,NaN,0.212046864873181,0.849377588542978,NaN,-0.76407315763578,NaN,NaN,-0.718235035117243,NaN,NaN,-1.25958206499422,2.54608857196651,-0.0413748207693501,0.287250288856713,NaN,NaN,-0.859515245487676,1.60784275571139,-1.04040396750174,-1.01932534203003,-1.01932534202917,1.0172688054578,-1.18484980445067,NaN,NaN,0.326822817113174,2.38040365874593,NaN,NaN,-0.636572911334428,NaN,1.73045559345306,-1.98724480223255
446.8736,1.68161773659772,-0.923167910987749,0.13332916008393,-1.20254298875661,-1.4550099298776,-1.45500992987599,NaN,-0.546037443886499,1.28441421376089,0.235924673291228,0.13789771061529,0.235924673292296,3.01456593355096,1.06387893081948,NaN,NaN,NaN,-0.225350949936662,NaN,0.176450362331902,0.843874163143548,NaN,-0.73185553688709,NaN,NaN,-0.704011102123219,NaN,NaN,-1.2567906625926,2.56185542081651,-0.0221707650071466,0.281580628927984,NaN,NaN,-0.858297615804671,1.58013157092691,-1.02236820455847,-1.01523924706116,-1.01523924706031,1.03524254925537,-1.20716692968662,NaN,NaN,0.316661309130967,2.42709078491059,NaN,NaN,-0.678808369903194,NaN,1.74504746512728,-1.98836171465
446.976,1.70596513943187,-0.922839005007893,0.15615538955359,-1.20909844186238,-1.44835614459191,-1.44835614459029,NaN,-0.537111830176032,1.26270367703778,0.22587965964114,0.146889637192302,0.225879659642205,3.02951837438347,1.05979377479056,NaN,NaN,NaN,-0.238419631345834,NaN,0.141043063013269,0.837484400302857,NaN,-0.698049832189551,NaN,NaN,-0.687771500012532,NaN,NaN,-1.25198965211687,2.57466766082093,-0.00371540085687013,0.275408976873546,NaN,NaN,-0.855032529962342,1.55288918984241,-1.00277858705305,-1.00864053456947,-1.00864053456865,1.05223273937184,-1.22785967738792,NaN,NaN,0.305522873892757,2.47379419969839,NaN,NaN,-0.720883537988344,NaN,1.75702541930517,-1.98678591050584
447.0784,1.72792002013663,-0.920833028657557,0.179346753731106,-1.21358165314338,-1.44004627029287,-1.44004627029124,NaN,-0.527187985776982,1.24154159896383,0.217678501341538,0.154435609853216,0.217678501342597,3.04122780923347,1.05701541008924,NaN,NaN,NaN,-0.251736493581928,NaN,0.105891220571552,0.830264469725528,NaN,-0.662709876188127,NaN,NaN,-0.669555005741484,NaN,NaN,-1.2452055877188,2.58448916773452,0.0139535238688436,0.268743396137742,NaN,NaN,-0.849742553005,1.52613758534631,-0.981644215117001,-0.999559968151596,-0.999559968150802,1.06818920583695,-1.2469009549309,NaN,NaN,0.293393991119694,2.52040274631049,NaN,NaN,-0.762761016056713,NaN,1.76635792389764,-1.98253637907626
447.1808,1.74745514002792,-0.917139758581129,0.202893875913678,-1.21596554360044,-1.43009520920162,-1.43009520919998,NaN,-0.516272717911966,1.22094995982507,0.211309981769667,0.160589830015783,0.211309981770721,3.04969558429502,1.05554696824096,NaN,NaN,NaN,-0.265280350036382,NaN,0.0710625118580912,0.822271937713602,NaN,-0.625897145473999,NaN,NaN,-0.649409664237723,NaN,NaN,-1.23647103198617,2.59129063372684,0.0307986996699852,0.261591268166564,NaN,NaN,-0.842455497449352,1.49989481988152,-0.95897819540608,-0.988035546568473,-0.988035546567705,1.08306407409547,-1.26426870242515,NaN,NaN,0.280265762010886,2.56680006231147,NaN,NaN,-0.804403773627094,NaN,1.77302060271283,-1.9756414520752
447.2832,1.76454856734406,-0.91175448840711,0.226783827592164,-1.21622982634187,-1.41852401496228,-1.41852401496063,NaN,-0.504377424580708,1.20094484638217,0.206750323459521,0.165408340654054,0.206750323460568,3.05493237591222,1.05538396375847,NaN,NaN,NaN,-0.27903069483356,NaN,0.0366258526964819,0.813565502176523,NaN,-0.587680570074187,NaN,NaN,-0.627392522975864,NaN,NaN,-1.22582451569974,2.59504980035894,0.0467833696943357,0.253959342743882,NaN,NaN,-0.833204296816278,1.47417505014735,-0.934797794261713,-0.974112407610553,-0.97411240760981,1.09681213867197,-1.27994602619661,NaN,NaN,0.266134158049186,2.61286512830974,NaN,NaN,-0.845775010505828,NaN,1.77699636656435,-1.96613869926433
447.3856,1.77918386704398,-0.904678214477564,0.25100001909421,-1.21436125861601,-1.40535982022349,-1.40535982022183,NaN,-0.491518082445932,1.18153661816303,0.203963508798504,0.168948732594171,0.203963508799544,3.05695811740319,1.05651433747896,NaN,NaN,NaN,-0.292967433464576,NaN,0.00265121438809941,0.80420470447467,NaN,-0.548136311130525,NaN,NaN,-0.603569330148754,NaN,NaN,-1.21331046179051,2.59575165990128,0.0618714479197411,0.245853804372621,NaN,NaN,-0.822026886644111,1.44898856210377,-0.909124600609973,-0.957842721971082,-0.957842721970368,1.10939127804548,-1.29392132342112,NaN,NaN,0.251000233242199,2.6584728900773,NaN,NaN,-0.886838013602861,NaN,1.77827552802169,-1.95407478181083
447.488,1.79135028494654,-0.895917785693958,0.275522139789714,-1.21035386439652,-1.39063571489322,-1.39063571489155,NaN,-0.477715200476871,1.16273012668041,0.202901691138677,0.171269870102865,0.202901691139712,3.05580187627903,1.05891856052393,NaN,NaN,NaN,-0.307070629762336,NaN,-0.0307905547627601,0.79424962765009,NaN,-0.50734749523906,NaN,NaN,-0.578014166205748,NaN,NaN,-1.19897906196414,2.59338861233527,0.0760276639069103,0.237280378834046,NaN,NaN,-0.808966096006939,1.42434184144831,-0.881984687145952,-0.93928555830275,-0.939285558302067,1.12076289544904,-1.30618836566676,NaN,NaN,0.234870281817463,2.70349493414359,NaN,NaN,-0.927556007310277,NaN,1.77685590228381,-1.93950526437698
447.5904,1.80104292274321,-0.885485987937022,0.300326189754483,-1.20420909854719,-1.37439055488518,-1.37439055488351,NaN,-0.462993725530046,1.14452500351955,0.203505724119563,0.172431645381589,0.203505724120587,3.05150166514065,1.0625698319162,NaN,NaN,NaN,-0.321320275465771,NaN,-0.0636278946564482,0.783760590974899,NaN,-0.465403896141109,NaN,NaN,-0.550808979659034,NaN,NaN,-1.18288609930785,2.58796057417257,0.0892177546207256,0.228244497834908,NaN,NaN,-0.794069556501972,1.4002376790741,-0.853408750713349,-0.918506702968418,-0.918506702967767,1.1308923624093,-1.31674630692787,NaN,NaN,0.217755915911572,2.74780019717031,NaN,NaN,-0.967892000411507,NaN,1.77274290277453,-1.92249439546493
447.6928,1.80826289769758,-0.873401539385816,0.325384633342552,-1.19593592705221,-1.3566686851801,-1.35666868517842,NaN,-0.447382890457427,1.12691602806963,0.20570582733912,0.172494767828484,0.205705827340137,3.04410416882927,1.06743439180555,NaN,NaN,NaN,-0.335696072901871,NaN,-0.0957886805076784,0.772797845683751,NaN,-0.422401558205717,NaN,NaN,-0.522043007554945,NaN,NaN,-1.1650927086423,2.5794750434704,0.101408710718492,0.218751526233948,NaN,NaN,-0.77738963138057,1.37667530536643,-0.82343221342158,-0.895578420605007,-0.895578420604388,1.13974944919492,-1.32559959450452,NaN,NaN,0.19967404228028,2.79125570066649,NaN,NaN,-1.00780863902105,NaN,1.76594963692225,-1.90311486405589
447.7952,1.81301748179012,-0.859688990806598,0.350666678907989,-1.18555081477868,-1.33751957345988,-1.33751957345819,NaN,-0.430916003981991,1.10989357840491,0.209422389241129,0.171520585426869,0.209422389242135,3.03366438251811,1.07347195413843,NaN,NaN,NaN,-0.350177220302083,NaN,-0.127200357558529,0.761421274745365,NaN,-0.37844235982185,NaN,NaN,-0.491812076557753,NaN,NaN,-1.1456650699667,2.56794713560237,0.112569070524673,0.208807046193117,NaN,NaN,-0.75898335809827,1.35365055223293,-0.792095277510878,-0.870579146474013,-0.870579146473428,1.1473087344057,-1.33275777561596,NaN,NaN,0.180646736427325,2.83372730894293,NaN,NaN,-1.04726807435023,NaN,1.75649699888554,-1.88144753128993
447.8976,1.81532022313378,-0.844378550369078,0.376138657426424,-1.1730776370298,-1.31699737182392,-1.31699737182223,NaN,-0.413630195668654,1.09344415330239,0.214566881762519,0.169570928324891,0.214566881763514,3.0202451808542,1.08063623744841,NaN,NaN,NaN,-0.364742203016882,NaN,-0.157790073175015,0.749690099542712,NaN,-0.333633521955439,NaN,NaN,-0.46021780750835,NaN,NaN,-1.12467404908552,2.55339960639219,0.122669244066713,0.198417182814386,NaN,NaN,-0.738912392211106,1.33115604854409,-0.759442941623007,-0.843593115627921,-0.843593115627371,1.15354998799977,-1.33823521064828,NaN,NaN,0.160701039891747,2.87508050030911,NaN,NaN,-1.08623184637971,NaN,1.74441375124181,-1.8575811346557
448,1.81519105921524,-0.827505876400054,0.401764442542226,-1.15854754779435,-1.29516044993908,-1.29516044993737,NaN,-0.395566144003686,1.07755093031929,0.221042829439285,0.166707958565541,0.221042829440263,3.00391686103994,1.08887554315579,NaN,NaN,NaN,-0.379368609788379,NaN,-0.187484807634565,0.737662594340134,NaN,-0.288087077008165,NaN,NaN,-0.427366779962309,NaN,NaN,-1.10219482013443,2.53586286605669,0.131681839365687,0.187588940124828,NaN,NaN,-0.717242943378936,1.30918144773935,-0.725524992678505,-0.814709955411074,-0.814709955410563,1.15845852303991,-1.34205072849671,NaN,NaN,0.139868725541763,2.91518112913319,NaN,NaN,-1.12466077561759,NaN,1.72973658516831,-1.8316119694676
448.1024,1.81265642624173,-0.809111885036919,0.427505844310818,-1.14199883139388,-1.272070954747,-1.27207095474529,NaN,-0.376767817935858,1.06219431457857,0.22874676217313,0.162994007289433,0.228746762174091,2.98475670296304,1.09813331888395,NaN,NaN,NaN,-0.394032996693015,NaN,-0.21621149736375,0.725395810613903,NaN,-0.241919317349513,NaN,NaN,-0.39336972694223,NaN,NaN,-1.07830650498421,2.51537497312198,0.139581955857129,0.176330503351254,NaN,NaN,-0.694045699823755,1.28771367211639,-0.690395980935739,-0.784024279923551,-0.784024279923076,1.16202551072481,-1.34422727241768,NaN,NaN,0.118186069114595,2.95389615604314,NaN,NaN,-1.16251485021389,NaN,1.71251014414341,-1.80364355167002
448.2048,1.80774935600935,-0.789242597940738,0.453322930376634,-1.12347674151003,-1.24779443725439,-1.24779443725267,NaN,-0.357282248231417,1.0473524472083,0.237569098244515,0.158491387795895,0.237569098245461,2.96284856757966,1.10834866348894,NaN,NaN,NaN,-0.408710808845978,NaN,-0.243897147630817,0.712945322830475,NaN,-0.195250239416089,NaN,NaN,-0.35834080817485,NaN,NaN,-1.05309184407455,2.49198159434314,0.146347415422132,0.164651469923484,NaN,NaN,-0.669395738875197,1.26673715475775,-0.654115172286375,-0.751635315995596,-0.75163531599516,1.1642482486515,-1.34479157577232,NaN,NaN,0.0956936376790991,2.99109433494945,NaN,NaN,-1.19975309827276,NaN,1.6927869946082,-1.7737862592728
448.3072,1.80050954601496,-0.767949026905085,0.479174266322552,-1.10303331459606,-1.22239955775364,-1.22239955775192,NaN,-0.337159326263599,1.033001667959,0.247394937173097,0.153262183592971,0.247394937174029,2.93828253147238,1.11945676615888,NaN,NaN,NaN,-0.423376351967912,NaN,-0.27046893874463,0.700365014316328,NaN,-0.14820299301684,NaN,NaN,-0.322396969598245,NaN,NaN,-1.02663689113186,2.46573591582384,0.151958920260838,0.152562996664231,NaN,NaN,-0.643372416503215,1.24623407065352,-0.616746464285809,-0.717646567784855,-0.717646567784457,1.16513037388418,-1.34377389265829,NaN,NaN,0.0724360834213591,3.02664685662336,NaN,NaN,-1.23633344543187,NaN,1.67062753031832,-1.742156952159
448.4096,1.79098339473064,-0.74528707530451,0.505017098382659,-1.08072714390368,-1.19595785522441,-1.19595785522268,NaN,-0.316451616390034,1.01911694595765,0.258104775991071,0.147368012159022,0.258104775991985,2.91115454486521,1.13138930108474,NaN,NaN,NaN,-0.438002796623877,NaN,-0.295854331089286,0.687706913777271,NaN,-0.100903338109997,NaN,NaN,-0.28565736619154,NaN,NaN,-0.999030711277097,2.43669848723131,0.156400143621487,0.140077873150984,NaN,NaN,-0.616059222410949,1.22618456038133,-0.578358256490594,-0.682165507075112,-0.682165507074751,1.16468202421706,-1.34120779717784,NaN,NaN,0.0484619276135272,3.06042795624782,NaN,NaN,-1.27221257147826,NaN,1.6460998006261,-1.70887857526633
448.512,1.77922400134112,-0.721317431913548,0.530807515211804,-1.05662310456719,-1.16854355252811,-1.16854355252638,NaN,-0.295214164887036,1.00567229927784,0.269575187231145,0.140869762425718,0.269575187232042,2.88156609709627,1.1440748088347,NaN,NaN,NaN,-0.452562203729245,NaN,-0.319981168468456,0.675021076865962,NaN,-0.0534791037238355,NaN,NaN,-0.248242817658924,NaN,NaN,-0.97036505771125,2.40493698841189,0.159657763725737,0.127210535509733,NaN,NaN,-0.58754358653261,1.20656694916053,-0.539023271798178,-0.645303267094584,-0.645303267094261,1.16291995336141,-1.33713004561992,NaN,NaN,0.0238233227444327,3.09231549900945,NaN,NaN,-1.30734578965927,NaN,1.61927925816493,-1.67407974470997
448.6144,1.765291127743,-0.696105437157553,0.556500617115885,-1.03079201843146,-1.14023337006967,-1.14023337006792,NaN,-0.273504291100594,0.992641217426108,0.281679493088709,0.133827309299207,0.281679493089589,2.84962387236605,1.15743908291514,NaN,NaN,NaN,-0.467025571840862,NaN,-0.342777773615837,0.66235549867205,NaN,-0.00605964102489147,NaN,NaN,-0.210275279620642,NaN,NaN,-0.940734009765037,2.37052592829924,0.161721444195668,0.113977022800461,NaN,NaN,-0.557916631886461,1.18735795330606,-0.498818323766286,-0.607174321953926,-0.607174321953641,1.15986758946868,-1.33158047617897,NaN,NaN,-0.00142422124010522,3.12219155926676,NaN,NaN,-1.3416869705135,NaN,1.59024842977595,-1.63789430596386
448.7168,1.74925111459821,-0.669720915861122,0.582050694271791,-1.00331024855619,-1.11110633817043,-1.11110633816868,NaN,-0.251381356529108,0.979997082459911,0.294288431745784,0.126299216929398,0.294288431746648,2.81543938510968,1.17140555417354,NaN,NaN,NaN,-0.481362911259543,NaN,-0.364173034869081,0.64975604597899,NaN,0.041224732549396,NaN,NaN,-0.171877336549929,NaN,NaN,-0.91023357577691,2.33354630005764,0.162583754869875,0.100394865581514,NaN,NaN,-0.52727288282425,1.16853286139776,-0.457824021895532,-0.567896150087234,-0.567896150086985,1.15555501316879,-1.32460192254714,NaN,NaN,-0.0272221601772171,3.14994299905275,NaN,NaN,-1.37518851472224,NaN,1.55909651811468,-1.600460849505
448.8192,1.73117674088191,-0.642237985236258,0.607411390915793,-0.974259228596621,-1.08124361821069,-1.08124361820894,NaN,-0.228906518652163,0.967713565300763,0.307270774104398,0.118342441750125,0.307270774105243,2.77912859536306,1.18589564947715,NaN,NaN,NaN,-0.495543343995985,NaN,-0.384096497929136,0.637266405850865,NaN,0.0882432954348074,NaN,NaN,-0.133171735613323,NaN,NaN,-0.878961282803944,2.29408521296913,0.162240031656627,0.0864829029584869,NaN,NaN,-0.495709941948797,1.15006568649462,-0.416124413270179,-0.52758889335073,-0.527588893350517,1.15001883746606,-1.31624013096178,NaN,NaN,-0.0535092879339818,3.17546203642602,NaN,NaN,-1.40780135737917,NaN,1.52591893847444,-1.56192217591209
448.9216,1.71114701792026,-0.613734847655686,0.632535832679808,-0.943724948586522,-1.0507283452436,-1.05072834524184,NaN,-0.20614247585132,0.955764972593963,0.320493852038528,0.110012040599415,0.320493852039354,2.74081150721689,1.20082910876247,NaN,NaN,NaN,-0.509535219140647,NaN,-0.40247848418903,0.624928053044558,NaN,0.134865487361847,NaN,NaN,-0.0942809678006254,NaN,NaN,-0.847015774715768,2.25223551148897,0.160688193053023,0.0722610456671008,NaN,NaN,-0.463328138483666,1.13192929700759,-0.373806570103713,-0.486375020567066,-0.486375020566892,1.14330198938858,-1.30654367554881,NaN,NaN,-0.080222139877631,3.19864678993389,NaN,NaN,-1.43947498118309,NaN,1.4908167935986,-1.52242471507613
449.024,1.68924691628084,-0.584293570225778,0.657376712500542,-0.911797417739258,-1.0196454936929,-1.01964549369114,NaN,-0.183153202186379,0.944126537007525,0.333823990602241,0.101360892659956,0.33382399060305,2.70061174952344,1.21612426151726,NaN,NaN,NaN,-0.523306233653088,NaN,-0.41925024591924,0.612780242543496,NaN,0.180961476132756,NaN,NaN,-0.0553268832519237,NaN,NaN,-0.81449642553891,2.20809538445129,0.157928541742636,0.0577500136650271,NaN,NaN,-0.43023014284354,1.11409553659677,-0.330960136875142,-0.444378995421678,-0.444378995421541,1.13545340841196,-1.29556386924584,NaN,NaN,-0.107295410171212,3.21940179659725,NaN,NaN,-1.47015743135121,NaN,1.45389629077901,-1.48211791399621
449.1264,1.6655670380379,-0.553999850781883,0.681886347158957,-0.878570113544302,-0.988081757874044,-0.988081757872277,NaN,-0.160003669883124,0.932774661035663,0.347126864342285,0.0924394523752476,0.347126864343077,2.65865613742677,1.23169827468743,NaN,NaN,NaN,-0.536823562064879,NaN,-0.434344150753832,0.60086003430055,NaN,0.226402722851053,NaN,NaN,-0.016430323397041,NaN,NaN,-0.781502961729882,2.1617679622017,0.153963576380939,0.042971074677766,NaN,NaN,-0.396520545876126,1.09653534064032,-0.287676848076045,-0.401726944334888,-0.401726944334789,1.12652767938486,-1.28335466814676,NaN,NaN,-0.134662380528261,3.23763851259395,NaN,NaN,-1.49979534016857,NaN,1.41526811056419,-1.44115360923289
449.2288,1.64020325603981,-0.522942767888572,0.706016727968819,-0.844139421705278,-0.956125430978762,-0.956125430976991,NaN,-0.136759561069217,0.921687131392639,0.360267818931616,0.0832955458604106,0.360267818932392,2.6150742147625,1.24746739387752,NaN,NaN,NaN,-0.550054005977348,NaN,-0.447693883498055,0.589202348516836,NaN,0.271062543320873,NaN,NaN,0.0222892457807834,NaN,NaN,-0.748135081156737,2.11336089782214,0.148797833096449,0.0279458063279444,NaN,NaN,-0.362305405270113,1.07921885403767,-0.244050026857247,-0.358546314551929,-0.358546314551868,1.1165846079467,-1.26997255645326,NaN,NaN,-0.162255364079455,3.2532758057859,NaN,NaN,-1.52833397540852,NaN,1.37504674631717,-1.3996853947613
449.3312,1.61325633783108,-0.491214507441147,0.729719593096536,-0.808604075001622,-0.923866259775718,-0.923866259773942,NaN,-0.11348697057417,0.910843320134797,0.373112208982195,0.0739742097559217,0.373112208982957,2.56999777853252,1.26334720505183,NaN,NaN,NaN,-0.562964164885311,NaN,-0.459234663715411,0.577840035293529,NaN,0.314816666322461,NaN,NaN,0.0607141151338609,NaN,NaN,-0.714492058594849,2.06298593498861,0.142437767701109,0.0126958951621814,NaN,NaN,-0.327691760991706,1.0621155542485,-0.200174077646798,-0.314965506958449,-0.314965506958426,1.10568873808621,-1.2554763876226,NaN,NaN,-0.190006159018059,3.26624044253823,NaN,NaN,-1.5557173308826,NaN,1.3333498416542,-1.35786798846157
449.4336,1.58483156444548,-0.458910061905804,0.75294653692604,-0.772064604015834,-0.891395258308909,-0.891395258307128,NaN,-0.090252101870048,0.900224379205899,0.385525783207946,0.0645175659758366,0.385525783208692,2.52356039148777,1.27925293023642,NaN,NaN,NaN,-0.575520618558772,NaN,-0.468903485423131,0.566803939118036,NaN,0.357543790420678,NaN,NaN,0.098728735657265,NaN,NaN,-0.680672336840543,2.01075847814335,0.134891675277595,-0.00275703004438496,NaN,NaN,-0.292787121278626,1.04519438482114,-0.156143987217264,-0.271113471310722,-0.27111347131074,1.09390881423268,-1.23992716152623,NaN,NaN,-0.217846497424604,3.27646756738324,NaN,NaN,-1.58188827461115,NaN,1.29029755091515,-1.31585659745025
449.536,1.55503835137426,-0.426126909143252,0.775649152569436,-0.734622814593945,-0.858804479707016,-0.858804479705229,NaN,-0.0671209627644469,0.889813420769067,0.397375112298973,0.0549647246075365,0.397375112299704,2.47589689280607,1.29509974865763,NaN,NaN,NaN,-0.587690109244679,NaN,-0.476639381667733,0.556122950490041,NaN,0.399126139319887,NaN,NaN,0.136220137529193,NaN,NaN,-0.646773110607366,1.95679718712016,0.126169636173942,-0.0183915417490764,NaN,NaN,-0.257698921625062,1.02842390488553,-0.112054847020514,-0.227119261811142,-0.227119261811199,1.08131719681562,-1.22338773323163,NaN,NaN,-0.245708472644781,3.28390116985907,NaN,NaN,-1.60678875189664,NaN,1.2460119414264,-1.27380628768845
449.6384,1.52398987535657,-0.392964681270067,0.797779194916486,-0.696381302375157,-0.826186754010519,-0.826186754008725,NaN,-0.0441590705152928,0.879595668853046,0.408528037003228,0.0453517069078254,0.408528037003947,2.42714291362398,1.31080312883595,NaN,NaN,NaN,-0.599439713848078,NaN,-0.482383711266235,0.545824049032645,NaN,0.439450014502626,NaN,NaN,0.173078356991339,NaN,NaN,-0.61288991256252,1.90122360711199,0.116283483932879,-0.0341865391079226,NaN,NaN,-0.222533962074162,1.01177245722516,-0.0680014056139338,-0.183111560207934,-0.183111560208032,1.06798924308352,-1.20592246267877,NaN,NaN,-0.273524933122668,3.2884945256621,NaN,NaN,-1.63036002089647,NaN,1.20061645245784,-1.23187137137281
449.7408,1.49180270385376,-0.359524828491441,0.819288753817508,-0.657443005080622,-0.793635399007626,-0.793635399005825,NaN,-0.0214311724243639,0.869558573507925,0.418854120171643,0.0357113902297973,0.418854120172349,2.37743440102514,1.32627916502951,NaN,NaN,NaN,-0.610736998097372,NaN,-0.486080463203734,0.535932342985935,NaN,0.478406342066066,NaN,NaN,0.20919686921641,NaN,NaN,-0.579116212406882,1.84416182567174,0.105246795458305,-0.0501213558689835,NaN,NaN,-0.18739783395923,0.995208354936515,-0.024077654318738,-0.139218179593186,-0.139218179593326,1.05400266849901,-1.18759682403245,NaN,NaN,-0.301229840769237,3.29021059863564,NaN,NaN,-1.65254290054966,NaN,1.15423541968333,-1.19020482496694
449.8432,1.45859642055721,-0.325910276354125,0.840130433668919,-0.617910786275759,-0.761243908530637,-0.761243908528831,NaN,0.000999018284511954,0.859691888806004,0.428225101816806,0.026073483684021,0.428225101817498,2.32690715426774,1.34144491739739,NaN,NaN,NaN,-0.621550148828305,NaN,-0.487676571987969,0.526471103945292,NaN,0.515891206343097,NaN,NaN,0.244473023645519,NaN,NaN,-0.545543038007644,1.78573813601335,0.0930748959396789,-0.0661758577209116,NaN,NaN,-0.152394353127371,0.97870008374868,0.0196235561710287,-0.0955655642192488,-0.095565564219429,1.03943690755122,-1.16847700016845,NaN,NaN,-0.328758599261716,3.28902239634363,NaN,NaN,-1.67327802971729,NaN,1.10699366000233,-1.14895773874556
449.9456,1.4244932408456,-0.292225068992286,0.860257545155135,-0.577887042595545,-0.72910561963573,-0.729105619633918,NaN,0.0230690757649375,0.849987723188785,0.436515369506154,0.0164645308262793,0.436515369506835,2.27569637346602,1.35621875885979,NaN,NaN,NaN,-0.631848085281052,NaN,-0.487122236560514,0.517461794213968,NaN,0.551806358763151,NaN,NaN,0.278808473741615,NaN,NaN,-0.512258616878707,1.72608068423744,0.0797848677784101,-0.0823305372124364,NaN,NaN,-0.117625019264698,0.962216511826424,0.0630108740911205,-0.0522782982968894,-0.0522782982971081,1.02437248785612,-1.14862948549749,NaN,NaN,-0.356048354361146,3.28491327237031,NaN,NaN,-1.69250614767797,NaN,1.05901609850692,-1.10827878810999
450.048,1.38961761054578,-0.258573986881154,0.879624320577254,-0.537473326361064,-0.697313356519844,-0.697313356518023,NaN,0.0447181111127862,0.840440573474211,0.443602458443251,0.00690792438506311,0.443602458443922,2.2239362168547,1.37052073467175,NaN,NaN,NaN,-0.641600552946448,NaN,-0.484371240711951,0.508924088585483,NaN,0.586059690566241,NaN,NaN,0.312109597661572,NaN,NaN,-0.47934802923593,1.66531909034782,0.0653955635012176,-0.0985666000490905,NaN,NaN,-0.0831885174852401,0.945727098713034,0.105994786597428,-0.00947863218006782,-0.0094786321803245,1.00889042232803,-1.12812070907974,NaN,NaN,-0.383038261560366,3.27787716455326,NaN,NaN,-1.7101684034027,NaN,1.01042741940171,-1.06831371797145
450.1504,1.35409578234213,-0.225062131132925,0.898186159737032,-0.496769978119656,-0.665959049536923,-0.665959049535093,NaN,0.065887025569295,0.831047352294471,0.449367584199144,-0.00257607282116668,0.449367584199808,2.17175936845477,1.3842729374382,NaN,NaN,NaN,-0.650778205297858,NaN,-0.47938127917961,0.500875894581183,NaN,0.618565661504369,NaN,NaN,0.344287911613527,NaN,NaN,-0.446892874288702,1.60358405693133,0.0499276295273808,-0.114866027365997,NaN,NaN,-0.0491802696201112,0.929202104423229,0.148487945493064,0.0327139694600219,0.0327139694597306,0.993071622849929,-1.10701668088589,NaN,NaN,-0.409669715327546,3.26791876210872,NaN,NaN,-1.72620669319901,NaN,0.96135173368272,-1.0292048390787
450.2528,1.31805537230306,-0.191794479181814,0.915899901244269,-0.455875772241352,-0.635133335233997,-0.635133335232158,NaN,0.0865187690761537,0.821807411487418,0.453696194772495,-0.011970293939355,0.453696194773153,2.11929662998598,1.3973998900565,NaN,NaN,NaN,-0.659352679977302,NaN,-0.472114293991514,0.493333373736879,NaN,0.649245678397814,NaN,NaN,0.375260470896002,NaN,NaN,-0.414970968629123,1.54100699576795,0.0334035436809439,-0.131211604882351,NaN,NaN,-0.0156920363115184,0.912612807463001,0.190405477163736,0.0741832531060727,0.0741832531057487,0.976996347051299,-1.0853826657923,NaN,NaN,-0.43588653631866,3.25505360278789,NaN,NaN,-1.74056401764918,NaN,0.911912267188169,-0.991090541212446
450.3552,1.28162490608039,-0.158875429072855,0.932724101743538,-0.414887587867343,-0.604925152774242,-0.604925152772395,NaN,0.106558596224929,0.812722552917817,0.456478514254096,-0.0212606145148996,0.456478514254749,2.06667655389212,1.4098289198911,NaN,NaN,NaN,-0.667296675530532,NaN,-0.462536823846933,0.486310969878723,NaN,0.678028417470712,NaN,NaN,0.404950244117586,NaN,NaN,-0.383656098050905,1.4777196946596,0.0158476673443195,-0.147586915862001,NaN,NaN,0.0171884282045279,0.895931737412416,0.231665269982218,0.11481656732012,0.114816567319762,0.960743698311816,-1.06328289790669,NaN,NaN,-0.461635113414759,3.23930810189759,NaN,NaN,-1.75318484300381,NaN,0.862231075506373,-0.954104830335727
450.4576,1.2449333598918,-0.12640834886366,0.948619302556068,-0.37390011738198,-0.575421353391609,-0.575421353389756,NaN,0.125954307428886,0.803797013378399,0.457610045776122,-0.0304358782970246,0.457610045776767,2.01402512352067,1.42149050774528,NaN,NaN,NaN,-0.674584031239011,NaN,-0.450620370099969,0.479821455692175,NaN,0.704850087975324,NaN,NaN,0.433286448836438,NaN,NaN,-0.353017830931869,1.41385402342184,-0.00271368642582322,-0.163976295523673,NaN,NaN,0.0493776643444192,0.879132920111427,0.272188231436493,0.15450520881934,0.154505208818947,0.944391194719834,-1.04078034864062,NaN,NaN,-0.486864498139905,3.22071950995008,NaN,NaN,-1.76401545435316,NaN,0.812428786792394,-0.918376893967686
450.56,1.20810969336681,-0.0944951364012975,0.963548273030994,-0.333005615548484,-0.546706330556578,-0.546706330554719,NaN,0.144656468103069,0.795037416818625,0.456992015569447,-0.0394878036310261,0.456992015570085,1.9614654737938,1.43231860459272,NaN,NaN,NaN,-0.681189804920466,NaN,-0.436341781426099,0.47387600300139,NaN,0.729654640014432,NaN,NaN,0.460204846450898,NaN,NaN,-0.32312138914471,1.34954165899305,-0.0222521713407856,-0.180364749178921,NaN,NaN,0.0807967352284168,0.862192129930496,0.31189851160815,0.193144718024328,0.193144718023899,0.928014406726787,-1.01793655177949,NaN,NaN,-0.511526453106915,3.19933579663127,NaN,NaN,-1.77300429475287,NaN,0.762624366430311,-0.884030692676967
450.6624,1.17128237148967,-0.0632357866901262,0.977476232317134,-0.29229368326498,-0.518861668545597,-0.518861668543733,NaN,0.162618606102998,0.786452695900818,0.454531763573615,-0.0484108745369018,0.454531763574246,1.90911764011438,1.44225091823586,NaN,NaN,NaN,-0.687090339078724,NaN,-0.41968365230076,0.468484270678865,NaN,0.752393920717384,NaN,NaN,0.485647998764773,NaN,NaN,-0.294027567387532,1.28491380272532,-0.0427373187910177,-0.196737843379962,NaN,NaN,0.111371395613871,0.845087143506468,0.350723696234691,0.230635126680707,0.230635126680241,0.911686651096303,-0.994811477397911,NaN,NaN,-0.535575461483649,3.17521546476187,NaN,NaN,-1.78010228936042,NaN,0.712934894642931,-0.851184571571268
450.7648,1.13457887751405,-0.0327279639423237,0.990371055711984,-0.25185107514854,-0.491965804052099,-0.49196580405023,NaN,0.179797392097143,0.77805398727359,0.450143098866339,-0.0572022273337915,0.450143098866961,1.85709832213207,1.45122917515443,NaN,NaN,NaN,-0.692263313114234,NaN,-0.400634725228817,0.463654505690796,NaN,0.773027781327909,NaN,NaN,0.509565490853003,NaN,NaN,-0.265792687067408,1.22010086627224,-0.0641364463546995,-0.213081581220428,NaN,NaN,0.14103221117752,0.827797989104507,0.388594977643115,0.266881166791728,0.266881166791225,0.895478725087774,-0.971463440495854,NaN,NaN,-0.558968705112297,3.14842729403815,NaN,NaN,-1.78526315603957,NaN,0.663475349726869,-0.819950888140383
450.8672,1.09812522067072,-0.00306657734190845,1.00220347057028,-0.211761519399575,-0.466093696936117,-0.466093696934243,NaN,0.196152809290043,0.769854503952122,0.44374663697714,-0.0658615479433947,0.443746636977754,1.80552064907606,1.4591993640671,NaN,NaN,NaN,-0.696687789735128,NaN,-0.379190288293409,0.4593936643771,NaN,0.791524138202778,NaN,NaN,0.531914130736882,NaN,NaN,-0.238468564961042,1.15523211458373,-0.0864145670518767,-0.229382268067559,NaN,NaN,0.169714648191573,0.810307184885949,0.425447314073138,0.301792454213875,0.301792454213334,0.879458666427101,-0.947949027900631,NaN,NaN,-0.581666013460956,3.11904999981313,NaN,NaN,-1.78844370497897,NaN,0.614358393641047,-0.790435658468803
450.9696,1.06204544333137,0.0256566400183124,1.01294724687263,-0.172105542130265,-0.441316506524258,-0.441316506522379,NaN,0.211648319301226,0.76186939028658,0.435270132252371,-0.0743909901763379,0.435270132252977,1.75449393610241,1.46611197057473,NaN,NaN,NaN,-0.70034426379682,NaN,-0.35535256342673,0.455707563838359,NaN,0.80785899352478,NaN,NaN,0.552658139963787,NaN,NaN,-0.212102475797778,1.09043527385401,-0.109534302561589,-0.245626367447116,NaN,NaN,0.197359158653116,0.792599960639935,0.4612195862124,0.33528366218729,0.335283662186717,0.863691531144792,-0.924323026125339,NaN,NaN,-0.603629780599276,3.08717178798664,NaN,NaN,-1.78960412899727,NaN,0.565694159800829,-0.762738224984368
451.072,1.02646113318327,0.0533535485931456,1.02257938688571,-0.132960296558188,-0.417701270951755,-0.417701270949875,NaN,0.226251028936453,0.75411556902944,0.424648814670876,-0.0827951141401719,0.424648814671475,1.7041234291204,1.47192221046291,NaN,NaN,NaN,-0.703214715907478,NaN,-0.329131084622746,0.452601064558652,NaN,0.822016423062893,NaN,NaN,0.571769341563353,NaN,NaN,-0.18673709767367,1.0258361290812,-0.133455805715021,-0.261800344782013,NaN,NaN,0.223911279857999,0.774664462400553,0.495854753071795,0.367274695855594,0.367274695854992,0.848239187315622,-0.900638337070773,NaN,NaN,-0.624824848510931,3.05288980325467,NaN,NaN,-1.78870828569863,NaN,0.517590041785618,-0.736950942865208
451.1744,0.991490941949679,0.0799400138627472,1.031080311702,-0.0943994039302362,-0.395310592507856,-0.395310592505976,NaN,0.239931856558972,0.746611587324526,0.411825731228202,-0.0910808354647702,0.411825731228794,1.65451004585922,1.4765902591581,NaN,NaN,NaN,-0.705282671997954,NaN,-0.300543069416143,0.450078275322995,NaN,0.833988534279391,NaN,NaN,0.589227337692883,NaN,NaN,-0.162410447800937,0.961558135150161,-0.158136695300901,-0.277890496431717,NaN,NaN,0.249321750635232,0.756491942124786,0.529300002209901,0.397690866441144,0.397690866440512,0.833160124350006,-0.876945880863245,NaN,NaN,-0.645218359259593,3.01630948565631,NaN,NaN,-1.78572397588404,NaN,0.470150478250094,-0.713158875423111
451.2768,0.957250104001786,0.105336309406601,1.03843403485784,-0.0564928108648129,-0.374202336807049,-0.37420233680517,NaN,0.252665689852431,0.739377458173329,0.39675207969866,-0.0992573745282707,0.396752079699242,1.60575012431742,1.48008146582758,NaN,NaN,NaN,-0.706533272983465,NaN,-0.269613784349799,0.448142764459642,NaN,0.843775389469934,NaN,NaN,0.605019661810698,NaN,NaN,-0.139155827528247,0.897722047270915,-0.183531999523013,-0.293882759986915,NaN,NaN,0.273546627444609,0.738076930626289,0.561506888977557,0.426463052804796,0.426463052804133,0.818509280406833,-0.853294497588153,NaN,NaN,-0.664779581032188,2.97754385047884,NaN,NaN,-1.78062322700838,NaN,0.423476728176682,-0.691439489101199
451.3792,0.923849946408202,0.129467510020892,1.04462831290857,-0.0193066615629492,-0.354429352465402,-0.354429352463525,NaN,0.264431525118393,0.732434488399366,0.379387519087341,-0.107336195525071,0.379387519087918,1.55793518337949,1.48236654229299,NaN,NaN,NaN,-0.706953359043086,NaN,-0.23637689569346,0.446797759473558,NaN,0.85138488577661,NaN,NaN,0.619141893609104,NaN,NaN,-0.11700178674435,0.834445559453268,-0.20959410412898,-0.309762505424173,NaN,NaN,0.296547378681906,0.719417387445741,0.592431463669378,0.453527839629725,0.45352783962903,0.804337895250057,-0.829730861056285,NaN,NaN,-0.683479715627018,2.93671269934894,NaN,NaN,-1.77338258948004,NaN,0.377666632482151,-0.671862344422924
451.4816,0.891397391041875,0.152263871842702,1.04965476889628,0.0170968176307543,-0.336039214105537,-0.336039214103662,NaN,0.275212583082705,0.725805091756762,0.359700454143373,-0.115330922433751,0.359700454143942,1.51115169256478,1.48342172769449,NaN,NaN,NaN,-0.706531570908891,NaN,-0.200874792397891,0.446046319998374,NaN,0.856832593506011,NaN,NaN,0.631597732821503,NaN,NaN,-0.0959720990919456,0.771842934523224,-0.236272707887817,-0.325514316358344,NaN,NaN,0.318290950509556,0.700514820847122,0.622034386109784,0.478827631689411,0.478827631688686,0.790693392018209,-0.806299406267091,NaN,NaN,-0.701291700084225,2.89394177756585,NaN,NaN,-1.76398344536966,NaN,0.332814360085594,-0.654488781758943
451.584,0.85999445846236,0.173661196037474,1.05350899236624,0.0526594216361991,-0.319073987697189,-0.319073987695317,NaN,0.284996403130263,0.71951259943679,0.337668312370496,-0.123257213154845,0.33766831237106,1.46548084479648,1.48322894128051,NaN,NaN,NaN,-0.705258471056626,NaN,-0.163158871168869,0.445891469371849,NaN,0.86014156572864,NaN,NaN,0.642399034724556,NaN,NaN,-0.0760857296778846,0.710024612217005,-0.263514792580357,-0.34112177869308,NaN,NaN,0.338749814817464,0.681374369939577,0.650281025456819,0.502310752912929,0.502310752912177,0.7776192766194,-0.783042254985844,NaN,NaN,-0.718190019487452,2.84936190999908,NaN,NaN,-1.75241232085009,NaN,0.289010137208175,-0.63937159920002
451.6864,0.829737780154812,0.193601178645202,1.05619062592685,0.08732706001632,-0.303570011293909,-0.303570011292035,NaN,0.293774923490627,0.713581085450011,0.313277839374492,-0.13113256934937,0.313277839375056,1.42099832571005,1.4817759389452,NaN,NaN,NaN,-0.703126688539438,NaN,-0.123289776192865,0.446336267136469,NaN,0.861342133247952,NaN,NaN,0.651565813673673,NaN,NaN,-0.0573567812914848,0.649096791941101,-0.291264615482689,-0.356567296326273,NaN,NaN,0.35790201175206,0.66200483947518,0.677141545671298,0.523931544984097,0.523931544983316,0.765155035414389,-0.759999117433327,NaN,NaN,-0.73415054653324,2.80310815150902,NaN,NaN,-1.7386611947264,NaN,0.246339960311252,-0.626554721053792
451.7888,0.800718113537397,0.212031755725528,1.05770344717504,0.121049844808074,-0.289557681317288,-0.289557681315415,NaN,0.301544554936443,0.708035213317486,0.286525419443052,-0.13897606199729,0.286525419443616,1.37777407414858,1.47905647935255,NaN,NaN,NaN,-0.700131086384145,NaN,-0.0813375870455332,0.447383805679774,NaN,0.860471691262464,NaN,NaN,0.65912621679049,NaN,NaN,-0.0397944188582253,0.589161002669951,-0.319463731945115,-0.371831949402836,NaN,NaN,0.375731189670044,0.642418681313996,0.702590981956328,0.543650480201916,0.543650480201106,0.753336024181121,-0.737207165820901,NaN,NaN,-0.749150416854274,2.75531897391628,NaN,NaN,-1.72272780405098,NaN,0.204885296461628,-0.616072859985635
451.8912,0.773019847582046,0.228907448554431,1.05805544209368,0.153782174693992,-0.277061244102444,-0.277061244100569,NaN,0.308306245877694,0.702900089781706,0.257417396760283,-0.146807960343049,0.257417396760848,1.33587203404145,1.47507048672412,NaN,NaN,NaN,-0.696268945007577,NaN,-0.0373819484289594,0.449037118926009,NaN,0.857574473286269,NaN,NaN,0.665116455741736,NaN,NaN,-0.0234027855685989,0.530313680214203,-0.348051053083833,-0.386895401372763,NaN,NaN,0.392226637008963,0.622631921704219,0.726609313282355,0.561434293210234,0.561434293209399,0.742193361219765,-0.714700903114593,NaN,NaN,-0.763167942032164,2.70613549522922,NaN,NaN,-1.70461595325096,NaN,0.164722775412224,-0.607951177230829
451.9936,0.746720496223578,0.244189699332084,1.05725885277399,0.185482811941451,-0.266098608015238,-0.266098608013362,NaN,0.314065525113562,0.698201100463722,0.225970357026796,-0.154649263126609,0.225970357027362,1.29534990734963,1.46982418439871,NaN,NaN,NaN,-0.691540155805848,NaN,0.00848786473792093,0.451298999010191,NaN,0.852701300145606,NaN,NaN,0.669580673491858,NaN,NaN,-0.00818092589365815,0.472645765812676,-0.376962939346306,-0.401735852279041,NaN,NaN,0.407383297687244,0.602664035559561,0.749181530820029,0.577256122523565,0.577256122522705,0.731753844145156,-0.692512058850307,NaN,NaN,-0.776182556479637,2.65570074681728,NaN,NaN,-1.68433582805891,NaN,0.125923876970496,-0.602204945830646
452.096,0.721890199028003,0.257847175840113,1.05533018441722,0.216114943825073,-0.256681196037005,-0.25668119603513,NaN,0.318832507088184,0.693963714108418,0.192211340930351,-0.162521146235264,0.192211340930916,1.25625892421905,1.4633301792438,NaN,NaN,NaN,-0.685947421559896,NaN,0.0561729519402479,0.454171734314295,NaN,0.845909295380362,NaN,NaN,0.672570730546554,NaN,NaN,0.00587727989351583,0.416242335070856,-0.406133328867051,-0.41633003299622,NaN,NaN,0.421201763463741,0.582537769598267,0.770297697071055,0.59109564517841,0.591095645177522,0.722039898409481,-0.670669525305065,NaN,NaN,-0.788174790753719,2.60415897355492,NaN,NaN,-1.66190430118169,NaN,0.0885546243750309,-0.598839231026029
452.1984,0.698591265339782,0.269856023111146,1.05229017135427,0.245646218460758,-0.248813848805623,-0.248813848803747,NaN,0.322621851843639,0.690213263860363,0.156177985220069,-0.170444350360898,0.156177985220636,1.21864364218932,1.45560749646503,NaN,NaN,NaN,-0.679496461362711,NaN,0.105564866053289,0.457656798683635,NaN,0.837261571079169,NaN,NaN,0.674145915055504,NaN,NaN,0.0187831749650154,0.361182267302863,-0.435493900206558,-0.430653237714029,NaN,NaN,0.433688242812339,0.562278916937044,0.789952989877028,0.602939188594003,0.602939188593091,0.713069545608872,-0.649199319949387,NaN,NaN,-0.799126267375736,2.55165497037566,NaN,NaN,-1.63734520603692,NaN,0.0526753036605652,-0.597848613406127
452.3008,0.67687779085842,0.280200051015547,1.04816371169947,0.274048750048288,-0.242494775992393,-0.242494775990517,NaN,0.325452680518868,0.68697472517273,0.11791860325628,-0.178438526166167,0.117918603256853,1.18254177383145,1.44668157774486,NaN,NaN,NaN,-0.67219622002307,NaN,0.156545774117732,0.461754516812323,NaN,0.826826895541461,NaN,NaN,0.674372593752639,NaN,NaN,0.0305533838697116,0.307537959078805,-0.464974266647392,-0.444679391503196,NaN,NaN,0.444854512460383,0.541916045863382,0.80814772938627,0.61277981133033,0.612779811329397,0.704856369701771,-0.628124548471149,NaN,NaN,-0.80901972509802,2.49833346545558,NaN,NaN,-1.61068956256527,NaN,0.0183402238375971,-0.599216975603551
452.4032,0.656795353528763,0.288870857718492,1.04297977687914,0.301299098178257,-0.237715550702451,-0.23771555070058,NaN,0.327348453874926,0.684272505650886,0.0774922145031313,-0.186521551433064,0.0774922145037088,1.1479840378513,1.43658425041108,NaN,NaN,NaN,-0.664059081006181,NaN,0.208988707925516,0.466463716668722,NaN,0.81467934902723,NaN,NaN,0.673323819383081,NaN,NaN,0.0412098651337074,0.255375074597305,-0.494502191691475,-0.458381141910761,NaN,NaN,0.454717856164048,0.521480187472215,0.824887388617064,0.620617352366099,0.620617352365148,0.697409472942467,-0.607465359133512,NaN,NaN,-0.817839080920356,2.44433855713143,NaN,NaN,-1.58197575735963,NaN,-0.0144024805212938,-0.602917357355562
452.5056,0.638380784365365,0.295867891632629,1.03677129602514,0.32737823030859,-0.234461144255794,-0.234461144253927,NaN,0.328336823628213,0.682130252112384,0.0349685216054446,-0.194708851858186,0.0349685216060292,1.11499403898632,1.42535366201747,NaN,NaN,NaN,-0.655101072808136,NaN,0.26275790471721,0.471781384438863,NaN,0.800897967308253,NaN,NaN,0.671078905235432,NaN,NaN,0.0507799457490875,0.204752323998091,-0.524003810410427,-0.471729957486023,NaN,NaN,0.46330098617778,0.501004491738189,0.840182584740271,0.626458449679486,0.626458449678517,0.690733437513825,-0.587238907005993,NaN,NaN,-0.825569528953979,2.38981320472201,NaN,NaN,-1.5512496869235,NaN,-0.0455110026076218,-0.608911880740906
452.608,0.62166201177262,0.301198454117839,1.02957501734959,0.352271473619187,-0.232709997073209,-0.232709997071342,NaN,0.328449464875951,0.680570673788201,-0.00957216942456706,-0.203012769546043,-0.00957216942397695,1.08358818867433,1.41303417102924,NaN,NaN,NaN,-0.645342048465207,NaN,0.317709225784541,0.477702351564202,NaN,0.785566375472357,NaN,NaN,0.667722976657849,NaN,NaN,0.0592963242551865,0.155721269621054,-0.553403848671524,-0.484696224361308,NaN,NaN,0.47063193923219,0.480523864029665,0.854049044309659,0.630316527202032,0.630316527201048,0.68482831752761,-0.567459354958764,NaN,NaN,-0.832197663286587,2.33489876937089,NaN,NaN,-1.51856486454461,NaN,-0.0749499606812579,-0.617151756671055
452.7104,0.606657980591549,0.304877645544649,1.02143135162196,0.375968459192332,-0.232434118930674,-0.232434118928812,NaN,0.327721894812974,0.679615377800571,-0.0560390931449309,-0.211442007782186,-0.0560390931443294,1.05377567224592,1.39967618494004,NaN,NaN,NaN,-0.634805815782727,NaN,0.373690637976041,0.484219036398718,NaN,0.768772416398699,NaN,NaN,0.6633465037018,NaN,NaN,0.0667970344785842,0.108326171516325,-0.582625847278105,-0.497249348247601,NaN,NaN,0.476743941995405,0.460074590319439,0.866507538375155,0.632211749564369,0.632211749563373,0.679689678533448,-0.548137925351936,NaN,NaN,-0.837711611412221,2.27973459771099,NaN,NaN,-1.48398248309511,NaN,-0.10269042800137,-0.627577382633668
452.8128,0.59337864704771,0.306928252893221,1.01238419603599,0.398463058437871,-0.233599220013548,-0.233599220011692,NaN,0.326193277109315,0.679284710600954,-0.104331251547084,-0.220001157111265,-0.10433125154647,1.0255584665174,1.38533593199898,NaN,NaN,NaN,-0.623520201180748,NaN,0.430542756841624,0.491321239163612,NaN,0.750607769583782,NaN,NaN,0.65804480270776,NaN,NaN,0.0733253640861484,0.0626038900340649,-0.611592403579668,-0.50935787324726,NaN,NaN,0.48167523901735,0.439693954293693,0.877583787958401,0.632170940306565,0.632170940305558,0.675308694990148,-0.529283005603571,NaN,NaN,-0.842101171520957,2.22445763834459,NaN,NaN,-1.44757142518691,NaN,-0.128709896128888,-0.640118530007582
452.9152,0.581825052562311,0.307380570293952,1.00248072806993,0.419753305630394,-0.236164886630219,-0.236164886628369,NaN,0.323906204624085,0.679597597945404,-0.154337749079329,-0.228690299667908,-0.154337749078706,0.998931418707075,1.37007515225637,NaN,NaN,NaN,-0.611517037582083,NaN,0.488099462955931,0.498995981094011,NaN,0.731167549784559,NaN,NaN,0.651917485320253,NaN,NaN,0.0789297196342399,0.0185838581606812,-0.640225438272492,-0.520989620950991,NaN,NaN,0.485468870255533,0.419419849133599,0.887308339342124,0.630227450306731,0.630227450305712,0.671672313560005,-0.510900311606262,NaN,NaN,-0.845357950464856,2.16920208262095,NaN,NaN,-1.4094082158047,NaN,-0.15299217846631,-0.654694617662469
453.0176,0.571989479227155,0.306272144947887,0.9917711603701,0.439841296904476,-0.24008481481305,-0.240084814811203,NaN,0.320906453294542,0.680571377120196,-0.205938254107083,-0.237504695591421,-0.205938254106449,0.973882395024487,1.35396070342815,NaN,NaN,NaN,-0.598832072832556,NaN,0.546188599756258,0.507227392466129,NaN,0.710549882243721,NaN,NaN,0.645067843949714,NaN,NaN,0.0836634304079576,-0.023711879589094,-0.668446495734833,-0.532111853319824,NaN,NaN,0.488172388322581,0.399290389998931,0.895716404635757,0.6264209627875,0.626420962786474,0.668763487566288,-0.492993116524146,NaN,NaN,-0.847475498604468,2.11409902446054,NaN,NaN,-1.36957691760021,NaN,-0.175527256031167,-0.671215078439123
453.12,0.563855685782455,0.303647449520512,0.980308457261972,0.458733060252601,-0.245307100761731,-0.245307100759893,NaN,0.317242707677751,0.682221618347438,-0.259003591073829,-0.246434570517957,-0.259003591073182,0.950392492744937,1.33706408757828,NaN,NaN,NaN,-0.585504798908032,NaN,0.604632756273636,0.515996663452692,NaN,0.688855462242158,NaN,NaN,0.637602182121743,NaN,NaN,0.0875844937161201,-0.0642685790755641,-0.696177090104894,-0.542691469456799,NaN,NaN,0.489837518899058,0.379343535068271,0.902847661695129,0.620797234762864,0.620797234761827,0.666561484822356,-0.475562548385211,NaN,NaN,-0.848449437911572,2.05927613502007,NaN,NaN,-1.32816896957662,NaN,-0.196311060501658,-0.68957983120048
453.2224,0.557399220608285,0.299557488131972,0.968148020557721,0.476438398655416,-0.251774575926783,-0.251774575924953,NaN,0.312966263269184,0.684561937149925,-0.313396453345608,-0.255465037158352,-0.313396453344951,0.928436300859196,1.31946091025374,NaN,NaN,NaN,-0.571578205945655,NaN,0.663250144000228,0.525282067012855,NaN,0.666187110789603,NaN,NaN,0.629629111271343,NaN,NaN,0.0907552813569609,-0.103078679018309,-0.723339101996242,-0.552695241759738,NaN,NaN,0.490519779104857,0.359616720548745,0.908746009589614,0.613407787917735,0.613407787916685,0.665042262601787,-0.458607944844687,NaN,NaN,-0.848277582532942,2.00485734856475,NaN,NaN,-1.28528296444988,NaN,-0.215345187065534,-0.709679869679106
453.3248,0.552587809259854,0.29405934227346,0.955347352053506,0.492970714401066,-0.259425176348677,-0.259425176346852,NaN,0.308130707751298,0.687603803803839,-0.368972217514042,-0.264576179256917,-0.368972217513374,0.907982197936769,1.30123028561446,NaN,NaN,NaN,-0.557098471208703,NaN,0.721855575074971,0.535059057970568,NaN,0.642649335567689,NaN,NaN,0.621258836103812,NaN,NaN,0.0932422349092232,-0.140141668656366,-0.749855215578027,-0.562090083571344,NaN,NaN,0.490278069253439,0.340146511691731,0.913459281257501,0.604309564181008,0.604309564179948,0.664178887379249,-0.442127236293841,NaN,NaN,-0.846960053301205,1.95096255577828,NaN,NaN,-1.24102435742371,NaN,-0.232636535721202,-0.731397971079142
453.4272,0.549381814834717,0.287215664102701,0.941965702518479,0.508346824367677,-0.268192340781694,-0.268192340779876,NaN,0.302791583133433,0.691356363125318,-0.42557982786147,-0.273743298864049,-0.425579827860789,0.888992684179121,1.28245420645768,NaN,NaN,NaN,-0.542114599486995,NaN,0.780261522397907,0.545300447479848,NaN,0.618347901904764,NaN,NaN,0.612602445255998,NaN,NaN,0.0951155656709949,-0.175463946978698,-0.77564937101123,-0.57084332901005,NaN,NaN,0.489174247739083,0.320968273377755,0.917038921273579,0.593564558393273,0.593564558392204,0.663941961628135,-0.426117318797535,NaN,NaN,-0.844499383687856,1.89770729961569,NaN,NaN,-1.19550510431302,NaN,-0.248196896402343,-0.754609507684963
453.5296,0.547734766821115,0.279094132193624,0.928063726187699,0.522586772365936,-0.278005430344361,-0.27800543034255,NaN,0.297006039863311,0.695826288740468,-0.48306270316738,-0.282937301687826,-0.483062703166684,0.871424752065694,1.26321690677594,NaN,NaN,NaN,-0.526678032545822,NaN,0.838279213386142,0.555976637282841,NaN,0.593389415384662,NaN,NaN,0.603771222365192,NaN,NaN,0.0964489553439498,-0.209058663934538,-0.800647197356189,-0.578922998739833,NaN,NaN,0.487272694739011,0.30211586938638,0.919539638139941,0.581239437796093,0.581239437795013,0.664300019484765,-0.41057438076339,NaN,NaN,-0.840900605202581,1.84520247017078,NaN,NaN,-1.14884323397243,NaN,-0.262042511271645,-0.77918332198189
453.632,0.547593949041443,0.269766886703628,0.913703158035467,0.535713638753335,-0.288790162583604,-0.288790162581796,NaN,0.290832500212263,0.70101769358854,-0.541259627925516,-0.292125192364675,-0.541259627924807,0.855230304014999,1.243604237841,NaN,NaN,NaN,-0.510842238565228,NaN,0.895719708542191,0.567055884086713,NaN,0.567880913048653,NaN,NaN,0.594875986520554,NaN,NaN,0.0973192419456447,-0.240945516460122,-0.82477639805804,-0.586298029894471,NaN,NaN,0.484639865940854,0.283621401521991,0.921019037040813,0.567405152161038,0.567405152159945,0.665219874294853,-0.395494167040466,NaN,NaN,-0.836171293690589,1.79355399567282,NaN,NaN,-1.10116236213968,NaN,-0.274193650508681,-0.804982622444026
453.7344,0.548901032846419,0.259309951051748,0.898946511957933,0.547753343188617,-0.300469061310356,-0.300469061308548,NaN,0.284330340996648,0.706932093116869,-0.600005633020298,-0.301270658781953,-0.600005633019576,0.840356622472545,1.22370305452646,NaN,NaN,NaN,-0.49466228716872,NaN,0.952394934131992,0.578504566980516,NaN,0.541929455435304,NaN,NaN,0.586026453055362,NaN,NaN,0.0978060735644457,-0.271150472777886,-0.847967083627253,-0.592938463937668,NaN,NaN,0.481343829480811,0.265514994418459,0.921537236463241,0.55213652973929,0.552136529738183,0.666666930093136,-0.380872193778439,NaN,NaN,-0.830321560213376,1.74286252470583,NaN,NaN,-1.05259115220021,NaN,-0.284674223232311,-0.831865875054928
453.8368,0.551592735292001,0.247802639690301,0.883856780644177,0.558734435242778,-0.312961929018925,-0.312961929017122,NaN,0.277559594325748,0.713568391983253,-0.659132901191351,-0.310334714315885,-0.659132901190613,0.826746885308294,1.2036005932868,NaN,NaN,NaN,-0.478194422989926,NaN,1.00811864475914,0.590287442685511,NaN,0.515641713411053,NaN,NaN,0.577330594288519,NaN,NaN,0.097991517777582,-0.29970542033905,-0.870152062351617,-0.598815597073943,NaN,NaN,0.477453775821616,0.247824623273139,0.92115647347669,0.535511850194039,0.535511850192919,0.668605482892639,-0.366703944225088,NaN,NaN,-0.823363981756444,1.69322309816362,NaN,NaN,-1.00326272926684,NaN,-0.293511426676238,-0.859687680332926
453.9392,0.5556014740177,0.235326954757869,0.868497115457948,0.568687871428142,-0.326186344316168,-0.326186344314369,NaN,0.270580661262448,0.720922861734663,-0.718471728715374,-0.319276349271545,-0.718471728714619,0.814340704336957,1.18338382752199,NaN,NaN,NaN,-0.461495659649491,NaN,1.06270729229508,0.602367882553729,NaN,0.489123548780006,NaN,NaN,0.568893989480666,NaN,NaN,0.0979596222329626,-0.326647756474408,-0.891267101042632,-0.603902096904406,NaN,NaN,0.473039495345962,0.2305759774611,0.919940705187949,0.517612387550743,0.517612387549608,0.670999033445862,-0.352985070237556,NaN,NaN,-0.81531348334118,1.64472481511851,NaN,NaN,-0.953314056387126,NaN,-0.300735423609341,-0.888299629560381
454.0416,0.560855992574716,0.221966979587684,0.852930474426554,0.577646783374004,-0.340058179737425,-0.340058179735632,NaN,0.263454034734083,0.728989091158351,-0.777851560360356,-0.32805315121154,-0.777851560359583,0.803074660570139,1.16313879660711,NaN,NaN,NaN,-0.444623404561407,NaN,1.11598079945145,0.614708091269578,NaN,0.462479588172988,NaN,NaN,0.560819169926144,NaN,NaN,0.0977959251812714,-0.352019950323478,-0.911251163472942,-0.608172085193484,NaN,NaN,0.468170823025379,0.213792355579859,0.917955213661697,0.498521920212971,0.498521920211823,0.673810625045147,-0.339711607524073,NaN,NaN,-0.806187195476858,1.59745049434819,NaN,NaN,-0.902885278896581,NaN,-0.306379031652276,-0.917551139985288
454.144,0.567281943408563,0.207808276864491,0.837219238495336,0.585646244155267,-0.35449213256411,-0.354492132562322,NaN,0.256240027918773,0.737757906558368,-0.837102101932002,-0.336621880102657,-0.837102101931209,0.792882820098702,1.14294991304819,NaN,NaN,NaN,-0.427635102175107,NaN,1.16776326468688,0.627269307623837,NaN,0.435812788280952,NaN,NaN,0.553204971624087,NaN,NaN,0.09758691720893,-0.375869100398572,-0.930046630543934,-0.611601187969927,NaN,NaN,0.462917049678995,0.197494591262138,0.915266218421812,0.478326210311755,0.478326210310594,0.677003212141034,-0.326880198634475,NaN,NaN,-0.796004314218165,1.55147633291322,NaN,NaN,-0.85211903730571,NaN,-0.310477414436624,-0.947290273813033
454.2464,0.574802426558684,0.192937295675922,0.821424800749752,0.592723038858668,-0.369402263231176,-0.369402263229392,NaN,0.248998503420158,0.747217267668325,-0.896054499160376,-0.344938998149309,-0.896054499159566,0.783697229671914,1.1228992578952,NaN,NaN,NaN,-0.410587877963175,NaN,1.21788362513378,0.640011984025099,NaN,0.409223992934652,NaN,NaN,0.546145906248552,NaN,NaN,0.0974194628925973,-0.398246503304463,-0.947599502715348,-0.61416655817273,NaN,NaN,0.457346300521082,0.181701009312974,0.911940499478117,0.457112459369363,0.457112459368187,0.680540054794055,-0.314488314041475,NaN,NaN,-0.784785985040302,1.50687157428289,NaN,NaN,-0.801159749179439,NaN,-0.313067781224671,-0.977364544839771
454.3488,0.583338487071136,0.177440792289062,0.805607138722878,0.598915445890222,-0.384702533544461,-0.384702533542676,NaN,0.241788603551633,0.75735215106848,-0.954542550431988,-0.352961155788567,-0.954542550431159,0.775448397458958,1.10306588324835,NaN,NaN,NaN,-0.393538180337039,NaN,1.26617628483767,0.652895944679448,NaN,0.38281148980492,NaN,NaN,0.539731563563949,NaN,NaN,0.0973802003142236,-0.419207242712093,-0.963859581533343,-0.615846876448045,NaN,NaN,0.451524890639926,0.166427410980756,0.90804503637172,0.434968752694442,0.434968752693251,0.684385124448106,-0.302534463587143,NaN,NaN,-0.772555217302008,1.46369820665867,NaN,NaN,-0.750152868165609,NaN,-0.314189107781513,-1.00762171747754
454.4512,0.59280957828795,0.161405279176602,0.789824398517914,0.604263037090251,-0.400307322890744,-0.400307322888964,NaN,0.234668492747693,0.768144443220418,-1.01240389416071,-0.360645633865748,-1.01240389415986,0.768065757359337,1.08352515638207,NaN,NaN,NaN,-0.376541434183185,NaN,1.31248170623899,0.665880530333418,NaN,0.356670584301352,NaN,NaN,0.534046067280332,NaN,NaN,0.0975549448483684,-0.438809802356546,-0.978780625476751,-0.616622335372019,NaN,NaN,0.445516684571956,0.151687086772327,0.903646672024122,0.411983515559597,0.411983515558394,0.688503501134952,-0.291018386993289,NaN,NaN,-0.759336816495686,1.42201071305017,NaN,NaN,-0.699244138603019,NaN,-0.313881876002053,-1.03791059721363
454.5536,0.603133997632832,0.144916528482195,0.774132536775255,0.608806505953837,-0.416131887923198,-0.416131887921422,NaN,0.227695129621378,0.779572872661056,-1.06948109524876,-0.367950737300952,-1.0694810952479,0.761478105425114,1.06434819036891,NaN,NaN,NaN,-0.359651726343773,NaN,1.35664696684697,0.678924736137525,NaN,0.330893212419439,NaN,NaN,0.529167610327428,NaN,NaN,0.0980281272127801,-0.457115698632765,-0.992320477424015,-0.616474615696888,NaN,NaN,0.439382499607277,0.137490851926988,0.898811812633068,0.388245013469389,0.388245013468167,0.692861740054981,-0.279941204925793,NaN,NaN,-0.745157304919316,1.38185589938071,NaN,NaN,-0.648578870185777,NaN,-0.312187810976915,-1.06808178960978
454.656,0.614229294149387,0.128059155402528,0.758585058675609,0.612587531588424,-0.432092738360225,-0.432092738358452,NaN,0.220924082988298,0.791613004859767,-1.12562257133249,-0.374836133854312,-1.1256225713316,0.755613996553452,1.04560139387028,NaN,NaN,NaN,-0.342921539094829,NaN,1.39852628943867,0.691987338955162,NaN,0.30556760578522,NaN,NaN,0.525168085776525,NaN,NaN,0.0988822863623501,-0.474189120223321,-1.00444116657369,-0.615386866024537,NaN,NaN,0.433179585447527,0.123847094533712,0.893606173191948,0.363840922453958,0.363840922452721,0.697428190694157,-0.269305516283565,NaN,NaN,-0.730044805790517,1.34327282318038,NaN,NaN,-0.598301256524976,NaN,-0.309149591878067,-1.09798838948036
454.7584,0.626012642569533,0.110916286298636,0.74323285453359,0.615648676518449,-0.448107929135263,-0.448107929133492,NaN,0.214409393946539,0.80423730263941,-1.18068334869051,-0.381263138797035,-1.1806833486896,0.750402098933386,1.02734613763667,NaN,NaN,NaN,-0.326401539792658,NaN,1.43798155157184,0.705027003599031,NaN,0.280778005814987,NaN,NaN,0.522112807154607,NaN,NaN,0.100197620096851,-0.490096562305626,-1.01510899486859,-0.613343696777302,NaN,NaN,0.426961191350554,0.11076182682569,0.888094567342721,0.338857970802465,0.338857970801215,0.702173264652468,-0.259115447728912,NaN,NaN,-0.714028896834154,1.30629281798472,NaN,NaN,-0.548553755202195,NaN,-0.304810531278048,-1.12748657800853
454.8608,0.638401184303543,0.0935692858317304,0.728124096120654,0.61803330263223,-0.464097299733664,-0.464097299731893,NaN,0.208203468343228,0.81741522929757,-1.23452569190053,-0.387194956442685,-1.23452569189961,0.745771515505721,1.00963849840406,NaN,NaN,NaN,-0.310140430122699,NaN,1.47488276310094,0.718002359694858,NaN,0.256604411196565,NaN,NaN,0.520060288872564,NaN,NaN,0.102051584496165,-0.504906454461888,-1.02429462041062,-0.610331196162949,NaN,NaN,0.420776211806701,0.0982387397922131,0.882340725506606,0.313381627129894,0.313381627128628,0.707069661429469,-0.249376683053207,NaN,NaN,-0.697140461703768,1.27093957806983,NaN,NaN,-0.499476532941033,NaN,-0.299214250251437,-1.15643614333723
454.9632,0.651312344217979,0.0760975011389356,0.713304136787057,0.619785484002257,-0.479982703030002,-0.479982703028233,NaN,0.202356973425932,0.831113359154348,-1.28701967349883,-0.392596893846564,-1.28701967349789,0.741652087117866,0.992529028988977,NaN,NaN,NaN,-0.294184854096269,NaN,1.50910848398573,0.73087205087293,NaN,0.233122341033596,NaN,NaN,0.519062051563918,NaN,NaN,0.104518528801937,-0.518688795045109,-1.0319731443931,-0.606336970137156,NaN,NaN,0.41466889249214,0.0862792712113973,0.876407119537404,0.287495801261748,0.287495801260462,0.712092569535957,-0.240096506979641,NaN,NaN,-0.679411551803805,1.23722926035744,NaN,NaN,-0.451206961703755,NaN,-0.292404394764652,-1.18470096527848
455.0656,0.664664133185207,0.0585779919297396,0.698815377055575,0.620949902340253,-0.495688251638208,-0.49568825163644,NaN,0.196918719748938,0.845295472775091,-1.33804372841486,-0.397436558053449,-1.3380437284139,0.737974687775062,0.976062522193834,NaN,NaN,NaN,-0.278579358678952,NaN,1.54054616591315,0.743594767759278,NaN,0.210402603232921,NaN,NaN,0.519162430781504,NaN,NaN,0.107669349477522,-0.531514808141233,-1.03812420161776,-0.601350204001693,NaN,NaN,0.408678579999408,0.0748826965243259,0.870354778821908,0.261282536905276,0.261282536903976,0.717219860874844,-0.231283887992787,NaN,NaN,-0.660875248056889,1.20517057604576,NaN,NaN,-0.403879144525108,NaN,-0.28442441592188,-1.21214949548787
455.168,0.678375442345239,0.0410852401303377,0.684697091410465,0.621571722786164,-0.511140584330396,-0.511140584328629,NaN,0.191935526101384,0.859922638255648,-1.38748519772357,-0.401684040351374,-1.38748519772259,0.73467151369733,0.960277767237949,NaN,NaN,NaN,-0.263366398298658,NaN,1.56909243471636,0.756129275881337,NaN,0.188511067811087,NaN,NaN,0.52039838752173,NaN,NaN,0.11157115154206,-0.543456632645054,-1.04273205282657,-0.595361742352743,NaN,NaN,0.40283950761341,0.0640462427365249,0.864243094786479,0.234821695140233,0.23482169513892,0.722432286127816,-0.222949602911444,NaN,NaN,-0.641565519850779,1.174764872103,NaN,NaN,-0.357623457691932,NaN,-0.275317413453555,-1.23865523870099
455.2704,0.692366332707412,0.0236908506612201,0.670985237284627,0.621696457375408,-0.526269135980445,-0.526269135978679,NaN,0.187452076644297,0.874953292906201,-1.43524083867527,-0.405312084798556,-1.43524083867427,0.731676361110942,0.945207320342947,NaN,NaN,NaN,-0.248586372051937,NaN,1.5946533417306,0.768434447381156,NaN,0.167508454147948,NaN,NaN,0.522799336450699,NaN,NaN,0.116286919061993,-0.554587044157229,-1.04578567374409,-0.588364181847592,NaN,NaN,0.397180619539799,0.0537652194515088,0.85812962190312,0.208190643762088,0.208190643760758,0.727713663287862,-0.215106381950497,NaN,NaN,-0.621517099279689,1.1460062235017,NaN,NaN,-0.312566105537183,NaN,-0.265126065016446,-1.2640972341008
455.3728,0.706558322428875,0.00646326264497291,0.657712277830967,0.621369829655665,-0.541006385513011,-0.541006385511243,NaN,0.183510783328246,0.890343339525915,-1.48121726904828,-0.40829623498865,-1.48121726904726,0.728924884089722,0.930877320354746,NaN,NaN,NaN,-0.234277675858252,NaN,1.61714458916617,0.780469311816473,NaN,0.14745014832114,NaN,NaN,0.526387019794659,NaN,NaN,0.121875207069891,-0.564979203491818,-1.04727882925981,-0.580351967174411,NaN,NaN,0.39172544255238,0.0440331623028263,0.852069890776871,0.181463977288025,0.181463977286678,0.733051042635046,-0.207769036815136,NaN,NaN,-0.600765390638217,1.11888155846725,NaN,NaN,-0.268828687589676,NaN,-0.25389268599058,-1.28836054671268
455.4752,0.720874669971415,-0.010532503903906,0.644907055052805,0.620637656709572,-0.555288053247204,-0.555288053245432,NaN,0.180151668527915,0.906046272378693,-1.52533131066676,-0.410614951429075,-1.52533131066572,0.726354822219251,0.917307381256022,NaN,NaN,NaN,-0.22047674644943,NaN,1.63649171799972,0.792193142116189,NaN,0.128386069537758,NaN,NaN,0.531175457092154,NaN,NaN,0.128389867349575,-0.574706421518083,-1.04721011931558,-0.571321481599641,NaN,NaN,0.386492016492125,0.0348419862935831,0.846117251281018,0.154713296862562,0.154713296861197,0.73843483190508,-0.200954529958336,NaN,NaN,-0.579346421498244,1.0933708314472,NaN,NaN,-0.226527779569431,NaN,-0.241659432883021,-1.31133677102151
455.5776,0.735240644316154,-0.0272350414415914,0.632594742535133,0.619545761201142,-0.569053226501215,-0.56905322649944,NaN,0.177412281635205,0.922013348156569,-1.56751020253194,-0.41224969414614,-1.56751020253089,0.723906189717025,0.904510583328741,NaN,NaN,NaN,-0.207218081883517,NaN,1.65263025160346,0.803565576433873,NaN,0.110360599233273,NaN,NaN,0.537170988039533,NaN,NaN,0.1358798157494,-0.583841928871135,-1.04558299058701,-0.561271131566266,NaN,NaN,0.381492894281144,0.0261821459863566,0.840322758809083,0.128007072533401,0.12800707253202,0.743858870082124,-0.194681956984642,NaN,NaN,-0.557296829995951,1.06944725175486,NaN,NaN,-0.185774533302709,NaN,-0.228468613515679,-1.33292452131513
455.68,0.74958376918961,-0.0435866823985834,0.620796874833813,0.618139913435294,-0.582244416731911,-0.582244416730129,NaN,0.1753276532981,0.93819380246108,-1.60769168357585,-0.413184973095231,-1.60769168357478,0.721521425222952,0.892493556858253,NaN,NaN,NaN,-0.19453424691502,NaN,1.66550579115968,0.814546761109274,NaN,0.0934125704030851,NaN,NaN,0.544372399361048,NaN,NaN,0.144388841672281,-0.59245864061716,-1.04240572101731,-0.550201433183013,NaN,NaN,0.376735215554344,0.0180427977706077,0.834735103754534,0.101410588305923,0.101410588304527,0.749320445956947,-0.188972445404507,NaN,NaN,-0.534653879313709,1.04707756409746,NaN,NaN,-0.1466743023569,NaN,-0.214363041410957,-1.35302987405454
455.7824,0.763834033633218,-0.0595335810007808,0.609531415706874,0.616465789115687,-0.594807577530175,-0.594807577528391,NaN,0.173930275715731,0.954535090411019,-1.64582398300145,-0.41340837710133,-1.64582398300036,0.719145511399322,0.881256622605905,NaN,NaN,NaN,-0.182455891213911,NaN,1.67507405595926,0.825097497975499,NaN,0.0775752988065898,NaN,NaN,0.552771103495732,NaN,NaN,0.153955453095642,-0.600628911797304,-1.03769139229383,-0.538115110219318,NaN,NaN,0.372220846506977,0.0104119589880577,0.829400570699047,0.0749859472649281,0.0749859472635154,0.754820265447063,-0.183848996750444,NaN,NaN,-0.511455490538139,1.02622236518616,NaN,NaN,-0.109326297431488,NaN,-0.199386368836324,-1.37156674727441
455.8848,0.777924073095177,-0.0750257790291308,0.598812823823879,0.614568924683444,-0.606692117311461,-0.60669211730967,NaN,0.173250089153179,0.970983124200643,-1.68186576692162,-0.412910592924246,-1.68186576692051,0.716726077609211,0.870793948687897,NaN,NaN,NaN,-0.171011802607105,NaN,1.68130086453834,0.835179384914998,NaN,0.0628766364902792,NaN,NaN,0.562351335421217,NaN,NaN,0.16461274891533,-0.608424288824882,-1.03145786138364,-0.525017208376377,NaN,NaN,0.367946570833019,0.00327666048428984,0.824363010251985,0.0487921083671273,0.0487921083656971,0.760362374344536,-0.17933629712961,NaN,NaN,-0.487740278416423,1.00683644340011,NaN,NaN,-0.0738232714465546,NaN,-0.183583344941902,-1.38845722343832
455.9872,0.791789330040482,-0.0900172726244163,0.588652098100591,0.612494660168471,-0.617850924594595,-0.617850924592801,NaN,0.173314459718228,0.987482494365063,-1.71578606769181,-0.411685420709203,-1.71578606769069,0.714213494358527,0.861093704664629,NaN,NaN,NaN,-0.160228996299362,NaN,1.68416206196372,0.844754943919832,NaN,0.0493390389847004,NaN,NaN,0.573090351186018,NaN,NaN,0.176388315902038,-0.615915266944154,-1.02372773284615,-0.510915224888528,NaN,NaN,0.363904318440429,-0.00337690960751702,0.819663813733118,0.0228849374675485,0.0228849374661035,0.765954042048704,-0.175460506105537,NaN,NaN,-0.463547568585835,0.98886914195136,NaN,NaN,-0.0402512326181865,NaN,-0.16699996149748,-1.40363182343728
456.0896,0.805368194206432,-0.104466075932566,0.579056809191141,0.610288070905796,-0.62824040423539,-0.628240404233596,NaN,0.174148146746549,1.00397667975305,-1.7475641902008,-0.409729786046014,-1.74756419019966,0.71156096022445,0.852138219490724,NaN,NaN,NaN,-0.150132827876488,NaN,1.68364340735669,0.853787736374726,NaN,0.0369796478940807,NaN,NaN,0.584958630106127,NaN,NaN,0.189304155438754,-0.623171060924703,-1.01452832890822,-0.495819250428258,NaN,NaN,0.360081425793569,-0.00956327485181972,0.815341891395412,-0.00268272928647639,-0.00268272928793767,0.771605609502417,-0.172249021144762,NaN,NaN,-0.438917391902447,0.972264751353311,NaN,NaN,-0.00868918533388811,NaN,-0.149683460493896,-1.41702971996421
456.192,0.818602112790251,-0.118334261244407,0.5700311392752,0.607993898047053,-0.637820507676197,-0.637820507674405,NaN,0.175773270992284,1.020408262539,-1.77718956706391,-0.40704374368767,-1.77718956706276,0.708724576369945,0.843904166598783,NaN,NaN,NaN,-0.140747114758053,NaN,1.67974043504276,0.862242470852092,NaN,0.0258103964436417,NaN,NaN,0.597920095336405,NaN,NaN,0.203376651101333,-0.630259388236379,-1.00389165290194,-0.479742119579724,NaN,NaN,0.356460928746493,-0.0152975571630704,0.811433663525427,-0.027860998346867,-0.0278609983483455,0.777330299447008,-0.169730206182162,NaN,NaN,-0.41389047586777,0.956962929882485,NaN,NaN,0.0207910990954424,NaN,-0.131682199323502,-1.42859886352568
456.2944,0.831435664798785,-0.131587952013458,0.561575960883418,0.605656491345415,-0.646554730977493,-0.646554730975703,NaN,0.178209300211506,1.03671916714353,-1.80466152883374,-0.403630464042036,-1.80466152883257,0.705663401324059,0.836362805013514,NaN,NaN,NaN,-0.132094249073541,NaN,1.67245829622988,0.870085111037823,NaN,0.015838147818428,NaN,NaN,0.611932376273779,NaN,NaN,0.218616588793424,-0.637246256435377,-0.991854339518739,-0.462699563944417,NaN,NaN,0.353021894679631,-0.0205953822347047,0.807973078057003,-0.0526027892910009,-0.0526027892924951,0.783143981588669,-0.167933067819809,NaN,NaN,-0.388508245961788,0.942899146838505,NaN,NaN,0.04812527874781,NaN,-0.113045406179534,-1.4382960094336
456.3968,0.84381660477045,-0.144197256038171,0.553688978936617,0.603319773513825,-0.654410059992342,-0.654410059990553,NaN,0.181473062757684,1.05285093402482,-1.82998897031029,-0.399496194341179,-1.82998897030911,0.702339479801529,0.82948029620773,NaN,NaN,NaN,-0.124195287267771,NaN,1.66181158616826,0.877282989797431,NaN,0.00706487179484175,NaN,NaN,0.626947132506477,NaN,NaN,0.235029234942037,-0.644195744030561,-0.978457586612442,-0.444710362129662,NaN,NaN,0.349739802344101,-0.025472799902105,0.804991664255334,-0.0768636495280112,-0.076863649529526,0.789064884270177,-0.166886866503725,NaN,NaN,-0.362812823531963,0.930005149472972,NaN,NaN,0.0732566005651681,NaN,-0.0938228830120637,-1.44608666232475
456.4992,0.855695884855814,-0.156136147576763,0.546364930860147,0.601027223020836,-0.661356867633669,-0.661356867631885,NaN,0.185578784226101,1.06874502015236,-1.85318992870074,-0.394650194569093,-1.85318992869955,0.698717845820283,0.823218088982824,NaN,NaN,NaN,-0.117070013644105,NaN,1.64782415707286,0.883804932448623,NaN,-0.000512147086542998,NaN,NaN,0.64291043609398,NaN,NaN,0.252614466850207,-0.651169769609391,-0.963747070411598,-0.425796485796788,NaN,NaN,0.346586969865764,-0.029946214359282,0.802518618571642,-0.10060151992633,-0.100601519927864,0.795113248549017,-0.166620666055282,NaN,NaN,-0.336847003564856,0.91820945328883,NaN,NaN,0.0961360201246278,NaN,-0.0740647035175837,-1.45194496588822
456.6016,0.867027661440798,-0.167382325812733,0.539595808609157,0.5988218600383,-0.667368794868748,-0.667368794866966,NaN,0.190538129250696,1.08434310053271,-1.87429111932669,-0.389104658554663,-1.87429111932548,0.694766509031794,0.817533336627657,NaN,NaN,NaN,-0.110736989801662,NaN,1.63052890569263,0.889621388770033,NaN,-0.00690008813898359,NaN,NaN,0.659763184864717,NaN,NaN,0.271366938972679,-0.65822785371633,-0.947772851646603,-0.405983244644424,NaN,NaN,0.34353301893077,-0.034032321320682,0.800580905419077,-0.123776479148825,-0.123776479150377,0.801310930256035,-0.167162844432299,NaN,NaN,-0.310654205594034,0.907437842502696,NaN,NaN,0.116722284968354,NaN,-0.0538209198202109,-1.45585355925176
456.704,0.8777692895174,-0.17791707702131,0.533371063812599,0.596746219135817,-0.672422649539237,-0.672422649537454,NaN,0.196360232157089,1.09958734651164,-1.89332747187883,-0.382874633458709,-1.8933274718776,0.690456436304313,0.812379307848964,NaN,NaN,NaN,-0.105213606068761,NaN,1.60996752230893,0.894704568145665,NaN,-0.0121103780397846,NaN,NaN,0.67744151709229,NaN,NaN,0.29127626736867,-0.665426884396941,-0.93058927843826,-0.385299431566353,NaN,NaN,0.340545357659346,-0.0377480517558945,0.79920335396165,-0.146350497698911,-0.146350497700483,0.807680968894725,-0.168540599047015,NaN,NaN,-0.284278384004093,0.897613864592947,NaN,NaN,0.134981990151763,NaN,-0.0331412582900676,-1.45780340918181
456.8064,0.887881306926018,-0.187725151988541,0.527677780358027,0.594842301175343,-0.676498337127905,-0.676498337126119,NaN,0.20305171173134,1.11442067288706,-1.91034168171812,-0.375977944560929,-1.91034168171688,0.685761536063432,0.807705774399256,NaN,NaN,NaN,-0.100516139627808,NaN,1.58619019989662,0.899028569769881,NaN,-0.016158486080189,NaN,NaN,0.695877214454299,NaN,NaN,0.312327222129518,-0.672820897849239,-0.912254885680879,-0.363777465257437,NaN,NaN,0.337589668845167,-0.0411105230997657,0.798408741240611,-0.168287218005491,-0.168287218007082,0.81424714851236,-0.170779476509809,NaN,NaN,-0.257763875041542,0.888659315151828,NaN,NaN,0.150889612133059,NaN,-0.0120747765040094,-1.45779361808681
456.9088,0.897327411612153,-0.196794653424343,0.522500825322446,0.593151507279962,-0.679578814188719,-0.679578814186932,NaN,0.21061667593443,1.12878696162917,-1.92538376158371,-0.368435123469546,-1.92538376158245,0.680658644700801,0.803459384473005,NaN,NaN,NaN,-0.0966598058670287,NaN,1.55925531439713,0.90256950586904,NaN,-0.0190637249565766,NaN,NaN,0.714998099517186,NaN,NaN,0.334499927426459,-0.680460881985698,-0.892832284349221,-0.341453524314068,NaN,NaN,0.334630399007485,-0.0441369990380371,0.798217863660116,-0.189551757584565,-0.189551757586173,0.821033567594506,-0.173902939690311,NaN,NaN,-0.2311551665896,0.880494720983971,NaN,NaN,0.164427521169895,NaN,0.00933051952785403,-1.45583120843522
457.0112,0.906074435554247,-0.205116915581796,0.517823008742594,0.59171456587685,-0.68165003815975,-0.681650038157958,NaN,0.219056730047892,1.14263128034697,-1.93851056020567,-0.360269331067806,-1.9385105602044,0.675127506113925,0.799584050807823,NaN,NaN,NaN,-0.0936587794767458,NaN,1.52922909307091,0.90530562540426,NaN,-0.0208490409253189,NaN,NaN,0.734728449311315,NaN,NaN,0.35777007563589,-0.688394603597526,-0.872388030132497,-0.318367665311906,NaN,NaN,0.331631252390597,-0.0468448587840616,0.798649608134057,-0.210110517459002,-0.210110517460628,0.828064222794957,-0.177931963847642,NaN,NaN,-0.204496590973899,0.873039836852364,NaN,NaN,0.175585969687603,NaN,0.0310280536738572,-1.45193088900619
457.1136,0.914092316739061,-0.212686351883427,0.513625290409697,0.59057146792418,-0.682700880580762,-0.682700880578967,NaN,0.228371006436337,1.15590011729897,-1.94978520946682,-0.351506263235266,-1.94978520946554,0.669150730504871,0.796021389520381,NaN,NaN,NaN,-0.0915261660921102,NaN,1.49618528780379,0.907217449684294,NaN,-0.0215407726432546,NaN,NaN,0.754989454273551,NaN,NaN,0.382109162978223,-0.696666450261602,-0.850992461903048,-0.29456391785232,NaN,NaN,0.328555699737767,-0.0492515757281196,0.799721038019262,-0.229930972573827,-0.229930972575469,0.835362605966309,-0.182884644008848,NaN,NaN,-0.177831953928746,0.866214173366811,NaN,NaN,0.184363054280245,NaN,0.0529729844105728,-1.44611481034061
457.216,0.921354066341691,-0.219500254359662,0.509887055792012,0.589761420459345,-0.682722983152207,-0.682722983150412,NaN,0.238556229702425,1.16854164461232,-1.95927647936033,-0.34217403145871,-1.95927647935904,0.662713721943981,0.792711229026797,NaN,NaN,NaN,-0.0902739173296471,NaN,1.46020485744705,0.908287928828452,NaN,-0.0211683641802385,NaN,NaN,0.775699740895177,NaN,NaN,0.407484748299886,-0.70531727264705,-0.828719507790794,-0.270090352659293,NaN,NaN,0.325367510312651,-0.0513747035364925,0.801447502853655,-0.248981431247071,-0.248981431248732,0.842951314601693,-0.188775806110309,NaN,NaN,-0.151204131521435,0.859937558540088,NaN,NaN,0.190764650301281,NaN,0.0751223939168049,-1.43841231375407
457.3184,0.927835725459062,-0.225558552308964,0.506586444598099,0.589322813365957,-0.681710567209005,-0.681710567207212,NaN,0.249606815396002,1.18050599936396,-1.96705805743714,-0.332303022166911,-1.96705805743583,0.655804576405733,0.789592170313413,NaN,NaN,NaN,-0.0899126925042053,NaN,1.4213756455406,0.90850261932835,NaN,-0.0197640344875458,NaN,NaN,0.796775944333087,NaN,NaN,0.433860727734462,-0.714384219249014,-0.805646466234286,-0.244999124414112,NaN,NaN,0.322031304681291,-0.0532318680660865,0.803842765168877,-0.267230775121869,-0.26723077512355,0.850851679757129,-0.195616636971588,NaN,NaN,-0.12465468088889,0.854130708277349,NaN,NaN,0.194804318089479,NaN,0.0974353783489433,-1.42885967000764
457.4208,0.93351631025268,-0.230863559035593,0.503700686903545,0.589293180106362,-0.679660232261757,-0.679660232259967,NaN,0.26151498540293,1.19174555734315,-1.97320779879851,-0.321925748365805,-1.9732077987972,0.648413963349928,0.786602150822384,NaN,NaN,NaN,-0.0904516748715336,NaN,1.37979204296534,0.907849869738949,NaN,-0.0173624215480619,NaN,NaN,0.818133290161429,NaN,NaN,0.461197612327046,-0.723900570048296,-0.781853773899529,-0.219346494638831,NaN,NaN,0.318513113217084,-0.0548407656641209,0.806919123383293,-0.284648211563947,-0.284648211565651,0.859083418312111,-0.203414358691076,NaN,NaN,-0.098223494322947,0.848715769188012,NaN,NaN,0.196503178627518,NaN,0.119873083094275,-1.41749980285765
457.5232,0.938377753145299,-0.235419736624127,0.501206408139085,0.589709132865197,-0.676570776462203,-0.67657077646042,NaN,0.274270881393147,1.20221517917454,-1.97780698944799,-0.31107670607958,-1.97780698944668,0.640535004591826,0.783678969901539,NaN,NaN,NaN,-0.0918983503339072,NaN,1.33555464495348,0.906320992526708,NaN,-0.0140002231821661,NaN,NaN,0.839686148293573,NaN,NaN,0.489452796097828,-0.733895585429786,-0.757424767705795,-0.193192836992826,NaN,NaN,0.314780922959051,-0.0562191681028288,0.810687509137757,-0.301203070720076,-0.301203070721797,0.867664313743315,-0.212171959813822,NaN,NaN,-0.0719484879866309,0.8436168107625,NaN,NaN,0.195889759725304,NaN,0.142398708092854,-1.40438200566622
457.6256,0.942404847576981,-0.239233492741749,0.499079888474613,0.590606263675442,-0.672443051779275,-0.6724430517775,NaN,0.287862667393795,1.21187242329398,-1.98093963965791,-0.299792239865909,-1.98093963965659,0.632163156716298,0.780760760909128,NaN,NaN,NaN,-0.0942582539905751,NaN,1.2887699151211,0.903910401850171,NaN,-0.00971584967094779,NaN,NaN,0.8613485449553,NaN,NaN,0.518580807133572,-0.744394386713817,-0.732445439289864,-0.16660262147439,NaN,NaN,0.310805202061993,-0.0573849320866195,0.815157548681966,-0.316864663777548,-0.316864663779289,0.876609926062292,-0.221887978466556,NaN,NaN,-0.0458653060176675,0.838760261690331,NaN,NaN,0.192999820096116,NaN,0.16497749268105,-1.38956166204427
457.728,0.945585193632991,-0.242313004898973,0.497297281106689,0.592019014887832,-0.667279848965311,-0.667279848963541,NaN,0.30227662514964,1.22067773205255,-1.9826917970109,-0.288110414374634,-1.98269179700959,0.623296096028823,0.77778641798978,NaN,NaN,NaN,-0.0975346866602635,NaN,1.23954985190274,0.900615710154164,NaN,-0.00454909408682988,NaN,NaN,0.883034636572466,NaN,NaN,0.548533542138481,-0.755417878200252,-0.707004174558936,-0.139644371137174,NaN,NaN,0.306559397945509,-0.0583560119557191,0.820337590698301,-0.331602200121514,-0.331602200123276,0.885933328968294,-0.232556325431718,NaN,NaN,-0.0200070497821621,0.83407529287662,NaN,NaN,0.187876156279677,NaN,0.18757670151761,-1.3730999596137
457.8304,0.947909134222011,-0.244668054264905,0.495834807303273,0.593980530220315,-0.661085795515744,-0.66108579551398,NaN,0.317497255424304,1.22859460381893,-1.9831508517221,-0.276070884298646,-1.98315085172078,0.613933600878997,0.774695998550761,NaN,NaN,NaN,-0.101728404208833,NaN,1.18801164235949,0.896437794633854,NaN,0.00145918162600761,NaN,NaN,0.904659160609198,NaN,NaN,0.579260491530319,-0.766982710433433,-0.681191470257747,-0.112390585559743,NaN,NaN,0.302020408834024,-0.05915047760357,0.826234711435755,-0.345384746939064,-0.345384746940843,0.895644866496118,-0.244166130182804,NaN,NaN,0.0055959374169755,0.829494156856457,NaN,NaN,0.180568387533349,NaN,0.210165646504622,-1.35506356706442
457.9328,0.949369672462986,-0.246309847496162,0.494668952507158,0.596522501189101,-0.653867245495139,-0.65386724549338,NaN,0.333507398349696,1.23558976462769,-1.98240480906945,-0.263714753893371,-1.98240480906813,0.604077426537232,0.771431125978668,NaN,NaN,NaN,-0.106837287809112,NaN,1.13427729730455,0.891380852313345,NaN,0.0082673499698033,NaN,NaN,0.926137884147215,NaN,NaN,0.610708961042506,-0.779101273873632,-0.655099623504602,-0.0849176277839457,NaN,NaN,0.297169026100844,-0.0597865391773927,0.832854709829053,-0.358181212320861,-0.358181212322658,0.905751918377398,-0.256701593509041,NaN,NaN,0.0309162130855795,0.824952501377096,NaN,NaN,0.171132712276139,NaN,0.232715763764473,-1.33552425531418
458.0352,0.949962367085549,-0.247250816499294,0.493776675948714,0.599675020164693,-0.645632151968192,-0.645632151966438,NaN,0.350288373593385,1.24163334451343,-1.98054152977294,-0.25108442318455,-1.98054152977162,0.593731176354766,0.767935404470089,NaN,NaN,NaN,-0.112856008780125,NaN,1.07847327589458,0.885452454266328,NaN,0.0158333092366554,NaN,NaN,0.947388060436615,NaN,NaN,0.642824286798132,-0.791781709240255,-0.628822398942393,-0.0573055742335694,NaN,NaN,0.291990335166016,-0.0602825733322422,0.840202098825826,-0.369960346026816,-0.369960346028629,0.916258671243692,-0.270141848199458,NaN,NaN,0.0559293100937796,0.820389669971319,NaN,NaN,0.159631639640881,NaN,0.255200732852018,-1.31455846771771
458.1376,0.949685209619156,-0.247504406726212,0.49313562105682,0.603466439654622,-0.636389936359081,-0.636389936357331,NaN,0.367820125090427,1.24669905155173,-1.97764796941478,-0.238223427129301,-1.97764796941346,0.582900184816438,0.764154835499687,NaN,NaN,NaN,-0.119775705622875,NaN,1.020730111851,0.878663599695865,NaN,0.0241147495594867,NaN,NaN,0.968328879718034,NaN,NaN,0.675550035777535,-0.805027930379729,-0.602454684660905,-0.0296380271011944,NaN,NaN,0.286474053282012,-0.0606571397892296,0.848280088256357,-0.380690771190928,-0.380690771192761,0.927165907120141,-0.28446085469962,NaN,NaN,0.0806137557660231,0.815748984090401,NaN,NaN,0.146133707105123,NaN,0.277596613996296,-1.29224685294394
458.24,0.948538491562087,-0.247084876647053,0.492724299627728,0.607923226104514,-0.626151382430254,-0.626151382428507,NaN,0.386081348151614,1.25076433247223,-1.97380945761951,-0.225176275052112,-1.97380945761819,0.571591430373945,0.760038214343096,NaN,NaN,NaN,-0.127583692997814,NaN,0.961182049894418,0.871028768182627,NaN,0.0330693760570815,NaN,NaN,0.988881887539299,NaN,NaN,0.70882818926538,-0.818839667670511,-0.576092144720484,-0.00200188429613751,NaN,NaN,0.280614781480283,-0.0609289781737771,0.857090547745218,-0.390341069287727,-0.390341069289578,0.938470830224848,-0.299627368045617,NaN,NaN,0.104951047705377,0.81097798764759,NaN,NaN,0.130713193380589,NaN,0.299881989608869,-1.26867376877395
458.3424,0.946524668652376,-0.246007128330416,0.492522225873257,0.613069797461581,-0.614928576924458,-0.614928576922713,NaN,0.405049580504508,1.25381051008099,-1.96910905329311,-0.211988289533373,-1.96910905329179,0.559813486951327,0.755537486532294,NaN,NaN,NaN,-0.136263218363097,NaN,0.899966697793097,0.86256596842641,NaN,0.0426550775172962,NaN,NaN,1.00897134894833,NaN,NaN,0.742599311762809,-0.833212541110514,-0.549830869098244,0.025512939455568,NaN,NaN,0.274412152864748,-0.0611169814720093,0.866633941798749,-0.398879936226595,-0.398879936228464,0.950166949025239,-0.315604996976098,NaN,NaN,0.128925595308169,0.806028636581222,NaN,NaN,0.113449833880585,NaN,0.322038102893157,-1.24392676388705
458.4448,0.943648221061221,-0.24428657974003,0.492509983079591,0.618928347880388,-0.602734906058226,-0.60273490605648,NaN,0.42470124586688,1.25582288439944,-1.96362700819368,-0.198705438689133,-1.96362700819237,0.547576511458522,0.750608045864686,NaN,NaN,NaN,-0.145793267691676,NaN,0.837224687487756,0.853296781182908,NaN,0.0528300387270709,NaN,NaN,1.02852454747901,NaN,NaN,0.776802705432506,-0.848138168444,-0.523767022245665,0.052813835912088,NaN,NaN,0.267870868918964,-0.0612401477255805,0.876909241657238,-0.406276414607608,-0.406276414609498,0.962244013398121,-0.33235235100151,NaN,NaN,0.152524631044419,0.800857426063715,NaN,NaN,0.0944285476564981,NaN,0.34404897655568,-1.21809604880644
458.5472,0.939915498751563,-0.241939076428806,0.492669216551596,0.625518678267019,-0.589585102191863,-0.589585102190115,NaN,0.445011648383229,1.25679078424464,-1.95744035325743,-0.185374159594322,-1.95744035325612,0.534892253730132,0.745208965029245,NaN,NaN,NaN,-0.15614840500297,NaN,0.773099315319589,0.843246393461827,NaN,0.0635528060778831,NaN,NaN,1.04747202256079,NaN,NaN,0.81137655250006,-0.863604317961591,-0.497996496598967,0.0798058507784307,NaN,NaN,0.261000633153562,-0.0613175127529902,0.887913830214469,-0.412500188640568,-0.412500188642486,0.974687988460577,-0.349823255881993,NaN,NaN,0.175738091226468,0.795425453306152,NaN,NaN,0.0737391803285184,NaN,0.365901481703261,-1.19127396775495
458.6496,0.935334544708588,-0.23898082674099,0.492982570399172,0.632858055630567,-0.575495317617707,-0.575495317615953,NaN,0.465954931200401,1.25670757098633,-1.95062258405115,-0.172041174355656,-1.95062258404984,0.521774066562506,0.739303172932775,NaN,NaN,NaN,-0.167298625260906,NaN,0.707736132524385,0.832443619876502,NaN,0.0747823260453544,NaN,NaN,1.06574776568052,NaN,NaN,0.846258057836728,-0.879595120238355,-0.472614578729391,0.106392033087309,NaN,NaN,0.253816010425937,-0.0613680698993605,0.899643419728183,-0.417521911813227,-0.417521911815171,0.987481037905001,-0.367967013171854,NaN,NaN,0.198558461550419,0.789698416844462,NaN,NaN,0.0514762547847053,NaN,0.387585337377344,-1.16355448237219
458.752,0.92991490433695,-0.235428338664149,0.493433609122411,0.640961116791973,-0.560483191844308,-0.560483191842548,NaN,0.487504025126778,1.25557061636778,-1.94324339188105,-0.158753296209356,-1.94324339187975,0.508236892000031,0.732857610197377,NaN,NaN,NaN,-0.179209206740591,NaN,0.641282500040552,0.820920903893159,NaN,0.0864779770100562,NaN,NaN,1.08328939939214,NaN,NaN,0.8813836085524,-0.896091342201431,-0.447715633114309,0.132473777493618,NaN,NaN,0.246336246404623,-0.0614106931059626,0.9120919981898,-0.421313532632457,-0.421313532634423,1.0006014939618,-0.386728677858558,NaN,NaN,0.220980576899624,0.783646566003642,NaN,NaN,0.0277387092480204,NaN,0.409093049297366,-1.13503267626122
458.8544,0.923667434946953,-0.231298338618258,0.494006766838579,0.649839821101678,-0.544567882208242,-0.544567882206473,NaN,0.50963061473094,1.25338128340251,-1.93536838741714,-0.145557216119502,-1.93536838741584,0.494297206824071,0.725843391350177,NaN,NaN,NaN,-0.191840558804347,NaN,0.573887150739189,0.80871428846821,NaN,0.0985996084673152,NaN,NaN,1.10003835479158,NaN,NaN,0.916688964067615,-0.913070703254944,-0.423392804734835,0.157951162974778,NaN,NaN,0.238585071977939,-0.0614640851831964,0.925251812532442,-0.42384859044265,-0.423848590444642,1.01402380530479,-0.406049333580081,NaN,NaN,0.243001365593909,0.777244627749647,NaN,NaN,0.00262959880591225,NaN,0.430419808876332,-1.10580427840288
458.9568,0.916604117209581,-0.226607660186147,0.494687344177647,0.659503446468702,-0.527770042436884,-0.527770042435108,NaN,0.53230513987108,1.25014492638616,-1.92705879105801,-0.132499261482441,-1.92705879105671,0.479972921506116,0.718235983617212,NaN,NaN,NaN,-0.205148068624964,NaN,0.505699773212859,0.795863351582472,NaN,0.111107594274091,NaN,NaN,1.11594005587324,NaN,NaN,0.952109482326368,-0.930508198785272,-0.399737735730845,0.18272329699004,NaN,NaN,0.230590500585431,-0.0615467606011508,0.939113385750318,-0.42510246810821,-0.425102468110226,1.02771846997255,-0.425866359955517,NaN,NaN,0.2646195408411,0.770471730032342,NaN,NaN,-0.0237442539607753,NaN,0.451563369956918,-1.07596519339282
459.0592,0.908737859204204,-0.221373104660817,0.495461541387583,0.669958612033845,-0.510111753609245,-0.510111753607463,NaN,0.555496835481346,1.24587090014665,-1.91837110505431,-0.119625134390927,-1.91837110505302,0.465283237575862,0.710015388369181,NaN,NaN,NaN,-0.219081951394348,NaN,0.436870586667881,0.782411117300822,NaN,0.123962897010958,NaN,NaN,1.13094411425738,NaN,NaN,0.987580375766936,-0.948376409383066,-0.376840281613531,0.20668868028034,NaN,NaN,0.222384610411154,-0.0616770499711546,0.953665551923852,-0.42505260640873,-0.425052606410769,1.04165197415442,-0.446113702205851,NaN,NaN,0.285835254118064,0.763311317457855,NaN,NaN,-0.0512726552585249,NaN,0.47252392061428,-1.04561103354912
459.1616,0.900082286572383,-0.215611288506327,0.496316498667399,0.681209303679009,-0.491616426513002,-0.491616426511213,NaN,0.579173798669246,1.24057255116023,-1.90935681179404,-0.106979653888309,-1.90935681179275,0.450248474251469,0.701166296239124,NaN,NaN,NaN,-0.233587106229612,NaN,0.367549869679482,0.768403960179118,NaN,0.137127129692313,NaN,NaN,1.14500453053455,NaN,NaN,1.02303698144653,-0.966645799933995,-0.354788204491147,0.22974561450438,NaN,NaN,0.214003292724376,-0.0618731029456517,0.968895485862206,-0.423678696833419,-0.42367869683548,1.05578676714468,-0.466722160117948,NaN,NaN,0.306649724826636,0.755751043632101,NaN,NaN,-0.0798424669386899,NaN,0.493303964990704,-1.01483666123503
459.264,0.890651521760418,-0.209338496157779,0.497240318349168,0.69325688353806,-0.472308696055425,-0.472308696053625,NaN,0.603303066629165,1.2342671661904,-1.90006214294726,-0.0946065200957492,-1.90006214294597,0.434889875941657,0.691678189111776,NaN,NaN,NaN,-0.248602979786151,NaN,0.297887427555904,0.753891514682435,NaN,0.150562597889385,NaN,NaN,1.15807989055241,NaN,NaN,1.05841502869801,-0.985285020336061,-0.333666824714572,0.251792671278298,NaN,NaN,0.205485946843445,-0.0621528754820382,0.984788711085033,-0.420962871142022,-0.420962871144106,1.07008129742141,-0.487619706910147,NaN,NaN,0.327064853795948,0.747782628186571,NaN,NaN,-0.109338048664563,NaN,0.513908218650302,-0.983735752282138
459.3664,0.880459962274999,-0.202570550594142,0.498222059057485,0.706100079595583,-0.452214319387135,-0.452214319385325,NaN,0.627850690721768,1.22697586585468,-1.89052794186381,-0.0825480972732116,-1.89052794186253,0.419229409423851,0.681545376857065,NaN,NaN,NaN,-0.264063440176681,NaN,0.228032006808514,0.738926590971472,NaN,0.164232314586296,NaN,NaN,1.1701335417348,NaN,NaN,1.09365089129092,-1.00426121123959,-0.313558628698932,0.272729222900016,NaN,NaN,0.196875113236381,-0.0625341038950561,1.00132908600697,-0.416889899207231,-0.416889899209337,1.08449011290979,-0.508731831062364,NaN,NaN,0.347082824869194,0.739401671135557,NaN,NaN,-0.139641706864705,NaN,0.534343513399856,-0.952400389103368
459.4688,0.869522072427878,-0.195322703006923,0.499251713100827,0.71973496438101,-0.431360075628691,-0.431360075626874,NaN,0.652781798748486,1.21872344390379,-1.88078960796587,-0.0708452097349479,-1.88078960796459,0.403289554448871,0.67076697874758,NaN,NaN,NaN,-0.279896671132541,NaN,0.158130684712142,0.723565089186923,NaN,0.178099995713792,NaN,NaN,1.1811337416636,NaN,NaN,1.128681820569,-1.02354031602316,-0.294542847575559,0.29245601531085,NaN,NaN,0.188216054919424,-0.063034275252418,1.01849877823578,-0.411447391849844,-0.411447391851979,1.09896400785856,-0.529981880063837,NaN,NaN,0.366705702038615,0.730607423049642,NaN,NaN,-0.170634147865621,NaN,0.554618708998082,-0.920920691956762
459.5712,0.857852198994711,-0.187609530143978,0.500320194079329,0.734154937944394,-0.409773655670258,-0.40977365566843,NaN,0.678060649153316,1.2095381710691,-1.87087708472137,-0.0595369578999059,-1.8708770847201,0.387093087979252,0.659346878821666,NaN,NaN,NaN,-0.296025111294746,NaN,0.0883282714656397,0.707865900726715,NaN,0.192130053248168,NaN,NaN,1.19105378368149,NaN,NaN,1.16344616851475,-1.04308739785653,-0.276695032455394,0.310875754695787,NaN,NaN,0.179556312273219,-0.0636705996479204,1.03627823798523,-0.404625991179891,-0.404625991182052,1.11345019417344,-0.551291388984162,NaN,NaN,0.385935035696693,0.721402520562093,NaN,NaN,-0.20219493768646,NaN,0.574744607428858,-0.889384491766056
459.6736,0.845464403835064,-0.179444822378686,0.501419354195734,0.74935073089092,-0.387483535381698,-0.387483535379858,NaN,0.703650689873973,1.19945159239782,-1.86081485786406,-0.0486605684408187,-1.86081485786279,0.370662865027331,0.647293683155252,NaN,NaN,NaN,-0.312365464753029,NaN,0.0187667558713198,0.691890789870384,NaN,0.206287597221504,NaN,NaN,1.19987210668816,NaN,NaN,1.19788361069681,-1.06286694557817,-0.260086657567816,0.327893679560593,NaN,NaN,0.17094525634479,-0.0644599852880611,1.05464618114221,-0.396419531730592,-0.396419531732779,1.12789248270996,-0.572580394166653,NaN,NaN,0.404771492584758,0.71179270398669,NaN,NaN,-0.234202971708166,NaN,0.594733856933228,-0.857877037730317
459.776,0.832372294586922,-0.170841455812738,0.502542024162099,0.765310435293186,-0.3645188418691,-0.364518841867251,NaN,0.729514629059665,1.1884983326563,-1.85062196593794,-0.0382512874855907,-1.85062196593668,0.354021606974865,0.634620683973948,NaN,NaN,NaN,-0.328828789520397,NaN,-0.0504151922133318,0.675704259448362,NaN,0.220538446229539,NaN,NaN,1.20757238408972,NaN,NaN,1.23193536760705,-1.08284314411673,-0.244784777474273,0.343418096705965,NaN,NaN,0.162433650495533,-0.0654190173293132,1.07357959032726,-0.386825172511457,-0.386825172513667,1.14223147140825,-0.593767748024282,NaN,NaN,0.423214518448354,0.701786529108912,NaN,NaN,-0.266536949802172,NaN,0.614600830343218,-0.826480729058924
459.8784,0.818588843339619,-0.161811260664398,0.503682047751494,0.78201956053638,-0.340909235795551,-0.340909235793694,NaN,0.755614509705765,1.17671589918177,-1.84031205828662,-0.0283423164141091,-1.84031205828536,0.337191713786999,0.621345810258425,NaN,NaN,NaN,-0.345320654599479,NaN,-0.119082665491474,0.659373411674196,NaN,0.234849139375042,NaN,NaN,1.21414357099891,NaN,NaN,1.26554441331701,-1.10298010144049,-0.230851753109987,0.35736086540362,NaN,NaN,0.154073210954322,-0.0665639432669567,1.09305373750573,-0.375843518969127,-0.375843518971362,1.15640474746288,-0.614771459970471,NaN,NaN,0.441262035585322,0.691395073458344,NaN,NaN,-0.299075843356228,NaN,0.634361467658277,-0.795274863448569
459.9808,0.804126197307272,-0.152364906307963,0.50483428360854,0.799461110539483,-0.316684831029789,-0.316684831027931,NaN,0.781911774747008,1.16414446401111,-1.82989354029063,-0.0189647835175933,-1.82989354028938,0.320195112916884,0.607491535969736,NaN,NaN,NaN,-0.361741360376257,NaN,-0.187104914029482,0.642967808096436,NaN,0.249186942604359,NaN,NaN,1.21957988376073,NaN,NaN,1.29865566021803,-1.123242044818,-0.218345056454971,0.369637814200748,NaN,NaN,0.145916148499531,-0.0679106695493512,1.11304222935446,-0.363478758619376,-0.363478758621641,1.17034711372838,-0.635509089673377,NaN,NaN,0.458910172878111,0.680631630606777,NaN,NaN,-0.331699341520915,NaN,0.65403307586677,-0.764335397940615
460.0832,0.788995488063847,-0.142511811778481,0.505994566886383,0.8176156852964,-0.291876153690665,-0.291876153688805,NaN,0.808367321043272,1.15082661685694,-1.81936982336329,-0.0101477469144107,-1.81936982336206,0.303053143082429,0.593084730584194,NaN,NaN,NaN,-0.377986232078424,NaN,-0.254355689668478,0.626559315525376,NaN,0.263519849466266,NaN,NaN,1.22388070143689,NaN,NaN,1.33121611705191,-1.14359350252078,-0.207317158643599,0.380169083003162,NaN,NaN,0.138014684525196,-0.0694747746758677,1.13351707782874,-0.349738818519143,-0.349738818521431,1.18399084382068,-0.655898206331599,NaN,NaN,0.476153026744219,0.669511387080854,NaN,NaN,-0.364288275377315,NaN,0.67363408192361,-0.733734722861238
460.1856,0.773206641642242,-0.132260069244278,0.507159651889701,0.836461612671537,-0.266514116570372,-0.266514116568509,NaN,0.834941558116603,1.13680708946703,-1.80873966428987,-0.00191822853437015,-1.80873966428864,0.285786451494573,0.578156462921957,NaN,NaN,NaN,-0.393946001023298,NaN,-0.320713539333608,0.610221919813917,NaN,0.277816590535331,NaN,NaN,1.2270504087942,NaN,NaN,1.36317503065236,-1.16399947962932,-0.197815490342933,0.38887940574294,NaN,NaN,0.130420555004789,-0.0712715408318179,1.15444880078389,-0.334635527457649,-0.334635527459962,1.19726596344646,-0.675856904175791,NaN,NaN,0.492982455754327,0.658051079490551,NaN,NaN,-0.39672503045906,NaN,0.693183743291464,-0.703541457118778
460.288,0.75676819028716,-0.121616352282786,0.508327179421092,0.855975115898554,-0.240629968362171,-0.240629968360311,NaN,0.861594496613297,1.12213245892222,-1.7979975504064,0.00569872255321182,-1.79799755040518,0.26841487160636,0.562741791393432,NaN,NaN,NaN,-0.409507272549178,NaN,-0.386062057212484,0.594031502041026,NaN,0.292046679052401,NaN,NaN,1.2290982231945,NaN,NaN,1.39448403073228,-1.18442563302008,-0.189882449330703,0.395698362877437,NaN,NaN,0.123184527287429,-0.0733159992383693,1.17580655853919,-0.318184748900485,-0.318184748902826,1.21010055440823,-0.695304344389422,NaN,NaN,0.509387910376435,0.646268635241423,NaN,NaN,-0.428893962637716,NaN,0.712701825952832,-0.673820273671459
460.3904,0.73968708818462,-0.110585783225618,0.509495710225574,0.876130518662474,-0.214255182242,-0.214255182240141,NaN,0.888285886149202,1.10685084336486,-1.78713408196396,0.0126799430289552,-1.78713408196276,0.250957255632037,0.54687957448986,NaN,NaN,NaN,-0.424553059077686,NaN,-0.450290113221791,0.578065582185512,NaN,0.306180519202675,NaN,NaN,1.23003804430761,NaN,NaN,1.42509729088282,-1.20483844727443,-0.183555433452157,0.400560623401773,NaN,NaN,0.116355951232699,-0.0756229792086894,1.1975583276191,-0.300406453346914,-0.300406453349287,1.22242108228871,-0.714161290933432,NaN,NaN,0.525356294485523,0.634182809293675,NaN,NaN,-0.460681829480134,NaN,0.732208258380082,-0.644631755961741
460.4928,0.721968534864522,-0.0991717579047833,0.510664830467657,0.896900479994712,-0.187421277731033,-0.187421277729176,NaN,0.914975401709484,1.09101159798407,-1.7761363317798,0.0190040519340709,-1.7761363317786,0.233431260833926,0.530612308345265,NaN,NaN,NaN,-0.438963356315913,NaN,-0.513292070505886,0.56240302981029,NaN,0.320189581782045,NaN,NaN,1.2298883325738,NaN,NaN,1.45497169871748,-1.22520540157913,-0.178866893004849,0.403406174932728,NaN,NaN,0.109982351170554,-0.0782071540025369,1.21967110287514,-0.281324721801926,-0.281324721804325,1.23415275064021,-0.732350625198637,NaN,NaN,0.540871857624549,0.621812832292072,NaN,NaN,-0.491978241486168,NaN,0.751722769395944,-0.616032277261318
460.5952,0.703615809599289,-0.0873757549815608,0.511835290814512,0.918256241336664,-0.160159605559356,-0.160159605557503,NaN,0.941622853057486,1.07466500174972,-1.76498820474387,0.0246513395204634,-1.76498820474268,0.215853113287953,0.513985963446299,NaN,NaN,NaN,-0.452615759991916,NaN,-0.574967995861878,0.547123731048434,NaN,0.334046624511629,NaN,NaN,1.22867198338516,NaN,NaN,1.48406701295755,-1.24549510956835,-0.175844409834926,0.404180526149633,NaN,NaN,0.104109045993235,-0.0810830862510683,1.24211111230108,-0.260967701954322,-0.260967701956749,1.24521987789251,-0.749797847492921,NaN,NaN,0.555916123553099,0.609178075724547,NaN,NaN,-0.522676129229102,NaN,0.771264518257211,-0.588073890485983
460.6976,0.684630116925039,-0.0751971638303945,0.513009127406356,0.940167867741121,-0.13250113727847,-0.132501137276623,NaN,0.96818838310831,1.05786191517186,-1.75367083688518,0.0296036546071122,-1.75367083688401,0.198237377977781,0.497049783495019,NaN,NaN,NaN,-0.465386134195615,NaN,-0.635223861473119,0.532308205430842,NaN,0.347725923031414,NaN,NaN,1.22641615689212,NaN,NaN,1.51234599066239,-1.26567742395017,-0.17451080740912,0.40283487191403,NaN,NaN,0.0987787753056186,-0.0842652799176325,1.26484403022971,-0.239367551329513,-0.239367551331972,1.25554628751867,-0.76643157924334,NaN,NaN,0.570467860349239,0.59629772629434,NaN,NaN,-0.552672216075055,NaN,0.790851723414328,-0.56080422039677
460.8,0.665010440352555,-0.062633146237288,0.514189738742224,0.96260447396726,-0.104476283804375,-0.104476283802536,NaN,0.994632635166479,1.04065340103888,-1.74216305029953,0.0338442903227073,-1.74216305029838,0.180596752636093,0.479856033851506,NaN,NaN,NaN,-0.477149330750276,NaN,-0.693971726830857,0.51803718388532,NaN,0.361203485843491,NaN,NaN,1.22315205432452,NaN,NaN,1.53977448364331,-1.28572351586305,-0.174884279629402,0.399326231882324,NaN,NaN,0.0940313184652368,-0.0877682373039689,1.28783518024344,-0.216560387713648,-0.216560387716142,1.26505570617528,-0.782184063834954,NaN,NaN,0.584503090397519,0.58319045770005,NaN,NaN,-0.581867482080912,NaN,0.810501295807678,-0.534266362041491
460.9024,0.644753404726723,-0.049678526838221,0.515381926644252,0.985534436019887,-0.0761147438973955,-0.0761147438955668,NaN,1.02091688962251,1.02309032329286,-1.73044184193778,0.0373578623171977,-1.73044184193664,0.162941890620187,0.462459716677342,NaN,NaN,NaN,-0.4877799368834,NaN,-0.751129879679856,0.504391172962604,NaN,0.374457238642359,NaN,NaN,1.21891466338364,NaN,NaN,1.56632151188291,-1.3056059459022,-0.176978516035394,0.393617583931552,NaN,NaN,0.0899031115519213,-0.0916065094704045,1.31104972472078,-0.192586243016116,-0.192586243018648,1.27367216892745,-0.796991645108044,NaN,NaN,0.597995133251275,0.569874093875406,NaN,NaN,-0.610167605295483,NaN,0.830228482551295,-0.508498796896166
461.0048,0.62385315580344,-0.0363257024461288,0.516591924188805,1.00892559279436,-0.0474453731013785,-0.047445373099563,NaN,1.04700318232781,1.00522295359512,-1.71848286545381,0.0401301738222654,-1.71848286545268,0.145281251929017,0.444918277378011,NaN,NaN,NaN,-0.497153021916462,NaN,-0.80662292014353,0.49145003175321,NaN,0.387467171599882,NaN,NaN,1.21374249777764,NaN,NaN,1.59195932034412,-1.32529873269642,-0.180802809441668,0.385678002998294,NaN,NaN,0.0864268789548155,-0.0957947299401229,1.33445284139895,-0.167489004424878,-0.167489004427442,1.28132042635304,-0.810795199825333,NaN,NaN,0.610914672835539,0.556365266506979,NaN,NaN,-0.637483371767394,NaN,0.850046524642644,-0.48353533534507
461.1072,0.602301268453559,-0.022564566410002,0.51782742695013,1.03274543975449,-0.018496064653849,-0.0184960646520505,NaN,1.07285441693357,0.987100612352077,-1.70626087515179,0.0421480715819218,-1.70626087515067,0.127620982751042,0.427291313796767,NaN,NaN,NaN,-0.505144861290712,NaN,-0.860381788198822,0.47929257963169,NaN,0.400215446226324,NaN,NaN,1.20767733834537,NaN,NaN,1.61666341683287,-1.34477740621633,-0.186362150233215,0.375482796441618,NaN,NaN,0.0836312948819072,-0.100347628891884,1.35800988672714,-0.141316331709754,-0.141316331712356,1.28792634698399,-0.823540515969875,NaN,NaN,0.623229840208617,0.542679079592666,NaN,NaN,-0.663731050264671,NaN,0.869966330337211,-0.459405087473872
461.2096,0.580086689082108,-0.00838245196704913,0.519097626636818,1.05696131112229,0.0107063585815947,0.0107063585833774,NaN,1.09843447556482,0.968771352555039,-1.6937501286552,0.043399308546627,-1.6937501286541,0.109964831428139,0.40964028212422,NaN,NaN,NaN,-0.511633626987416,NaN,-0.912343742604573,0.467996237048199,NaN,0.412686457805561,NaN,NaN,1.20076396668371,NaN,NaN,1.64041257940401,-1.3640190269411,-0.193657321143231,0.363013617916477,NaN,NaN,0.0815406791777675,-0.105280026641108,1.38168654288132,-0.114119552352754,-0.114119552355392,1.29341731929922,-0.835178626810411,NaN,NaN,0.634906305045859,0.528828800095827,NaN,NaN,-0.688832731760156,NaN,0.8899961635754,-0.436132457794339
461.312,0.557195712075763,0.00623589472553425,0.520413230644217,1.08154054378862,0.0401362323608434,0.040136232362611,NaN,1.12370832270507,0.950281674716209,-1.68092477111802,0.0438724302309676,-1.68092477111693,0.0923141129147156,0.392028183505946,NaN,NaN,NaN,-0.516500046515699,NaN,-0.962452297253682,0.4576366879896,NaN,0.424866848792682,NaN,NaN,1.19304987674831,NaN,NaN,1.66318882308407,-1.38300216363389,-0.20268499756737,0.348258553212699,NaN,NaN,0.0801747200447856,-0.110606803264007,1.40544894360693,-0.0859535465637241,-0.0859535465663969,1.2977226672843,-0.84566611484277,NaN,NaN,0.645907373274036,0.514825591236258,NaN,NaN,-0.712716635643636,NaN,0.910141345620036,-0.413737156274403
461.4144,0.533611993951189,0.0213082971672171,0.521786448442751,1.10645061604943,0.0697691063178414,0.069769106319592,NaN,1.14864209422071,0.931676259243363,-1.66775922782677,0.0435566919967376,-1.6677592278257,0.0746677291317238,0.374519216791721,NaN,NaN,NaN,-0.51962804238036,NaN,-1.01065711980849,0.44828755438691,NaN,0.43674547195604,NaN,NaN,1.18458495492243,NaN,NaN,1.68497732497055,-1.40170683505452,-0.213437843599117,0.331212190214407,NaN,NaN,0.0795482150564476,-0.11634284123789,1.42926377389727,-0.0568766365134407,-0.056876636516152,1.30077409048684,-0.854965391138647,NaN,NaN,0.656194090744594,0.500678300164708,NaN,NaN,-0.73531737813126,NaN,0.930403974215572,-0.392234223442966
461.5168,0.509316620283029,0.036855071237676,0.523230935036981,1.1316592559015,0.0995817563675357,0.0995817563692696,NaN,1.17320316711525,0.912997717162763,-1.65422861219382,0.0424420033780431,-1.65422861219276,0.0570222456078437,0.35717839065201,NaN,NaN,NaN,-0.520905364333504,NaN,-1.0569138993275,0.440020085946876,NaN,0.448313307271957,NaN,NaN,1.17542112562242,NaN,NaN,1.70576631332457,-1.42011442393154,-0.225904592213856,0.311875686859268,NaN,NaN,0.0796708332886479,-0.122502939439981,1.45309833959071,-0.0269504872077772,-0.0269504872105294,1.30250612880581,-0.863044945757524,NaN,NaN,0.665725352713608,0.486393308700562,NaN,NaN,-0.756576187310554,NaN,0.950782673135133,-0.371634076463398
461.6192,0.484288246777744,0.0528988759693003,0.52476169262732,1.15713451704256,0.129552152017649,0.129552152019368,NaN,1.19736021013835,0.894286371405769,-1.64030913259343,0.0405188880435911,-1.64030913259239,0.0393720190244047,0.340071096854537,NaN,NaN,NaN,-0.520224220224374,NaN,-1.10118418824609,0.432902878642402,NaN,0.45956334014461,NaN,NaN,1.16561196385507,NaN,NaN,1.72554693109678,-1.43820757102825,-0.240070106883013,0.290256837243149,NaN,NaN,0.080546913770334,-0.129101699366557,1.47692060623621,0.00375998544941454,0.00375998544662394,1.302856644609,-0.869879560738742,NaN,NaN,0.674458019067683,0.471974449501166,NaN,NaN,-0.776441047355123,NaN,0.971272384342308,-0.351942585291537
461.7216,0.458503327699836,0.0694644914803512,0.52639494122827,1.18284482707426,0.159659388495739,0.159659388497439,NaN,1.22108321969786,0.875580078478306,-1.62597846967413,0.0377784483844482,-1.6259784696731,0.02170936169085,0.323262656517488,NaN,NaN,NaN,-0.517481900196768,NaN,-1.14343521867492,0.427001632255211,NaN,0.470490412300822,NaN,NaN,1.15521228477118,NaN,NaN,1.74431309084317,-1.45597006047299,-0.255915427382483,0.2663701261273,NaN,NaN,0.0821753196782556,-0.136153388197431,1.50069921236994,0.0351867151789572,0.0351867151761256,1.3017673150746,-0.875450477478759,NaN,NaN,0.682347034618768,0.457422981739493,NaN,NaN,-0.794866766401946,NaN,0.991864207270476,-0.333161183993834
461.824,0.431936426760095,0.0865785396631857,0.528147977552978,1.2087590195746,0.189883605904595,0.189883605906276,NaN,1.24434354925477,0.856914090684381,-1.61121609700927,0.0342123317716122,-1.61121609700826,0.00402471981467987,0.306817859129801,NaN,NaN,NaN,-0.512581380631168,NaN,-1.18363968726765,0.422378944401955,NaN,0.481091060075289,NaN,NaN,1.14427772901419,NaN,NaN,1.76206134008965,-1.47338671187407,-0.27341780447908,0.240236759616787,NaN,NaN,0.0845493638197224,-0.143671787923087,1.52440346821236,0.0672586158365521,0.06725861583368,1.2991841304205,-0.879745509619741,NaN,NaN,0.689345549852666,0.442737617556055,NaN,NaN,-0.811814977802733,NaN,1.01254528396225,-0.315287017665452
461.9264,0.404560592505739,0.104269171640311,0.53003904233483,1.2348463626578,0.220205918790556,0.220205918792221,NaN,1.26711394102899,0.838320954176647,-1.59600352972921,0.0298127038764002,-1.59600352972822,-0.0136931579061762,0.290800512343599,NaN,NaN,NaN,-0.505431897161094,NaN,-1.2217755000512,0.419094125168486,NaN,0.491363352405657,NaN,NaN,1.13286435910062,NaN,NaN,1.77879074779,-1.4904432874758,-0.292550732596523,0.211884658815009,NaN,NaN,0.0876568129040991,-0.151670042999974,1.54800335125721,0.0999017591084705,0.0999017591055581,1.295057894018,-0.882759092965801,NaN,NaN,0.695405032958526,0.427914598282917,NaN,NaN,-0.827254091181713,NaN,1.03329872699405,-0.298313120667453
462.0288,0.376347782599067,0.122565738270714,0.532087206613654,1.26107658793282,0.250608367923367,0.250608367925012,NaN,1.28936856611392,0.819830439631405,-1.58032450263125,0.0245722387126355,-1.58032450263027,-0.0314570718725681,0.275273008198163,NaN,NaN,NaN,-0.495949483013462,NaN,-1.25782547095618,0.417203010312869,NaN,0.501306731263283,NaN,NaN,1.12102826826129,NaN,NaN,1.79450280661944,-1.50712640270167,-0.313283993314192,0.181348405289937,NaN,NaN,0.0914799702662416,-0.160160515412793,1.57146950336948,0.133039605226512,0.133039605223554,1.28934472583217,-0.884492272656506,NaN,NaN,0.700475363758193,0.412947833314386,NaN,NaN,-0.841159208020145,NaN,1.05410358548277,-0.282228616386859
462.1312,0.347269332932928,0.141498443664339,0.534312273207196,1.28741991390399,0.281073890405977,0.281073890407605,NaN,1.31108307367736,0.801469501573523,-1.56416509373103,0.0184841356652168,-1.56416509373007,-0.0492812346699329,0.260295894609434,NaN,NaN,NaN,-0.484057471633339,NaN,-1.29177697513283,0.416757754683525,NaN,0.510921845160534,NaN,NaN,1.10882519025598,NaN,NaN,1.80920133280012,-1.5234234177917,-0.335583716962648,0.148669136304289,NaN,NaN,0.0959958278803856,-0.169154646430618,1.5947732263872,0.166593281642629,0.166593281639627,1.28200658368351,-0.884952641147584,NaN,NaN,0.70450490591106,0.397829117664896,NaN,NaN,-0.853512010494137,NaN,1.07493484007347,-0.267018924549506
462.2336,0.317296473234596,0.161097970572679,0.536734677897059,1.31384705772155,0.311586293127469,0.311586293129081,NaN,1.33223464446742,0.783262259132186,-1.54751381515014,0.0115421703641555,-1.5475138151492,-0.0671811256733699,0.245927429810896,NaN,NaN,NaN,-0.469686966776767,NaN,-1.32362156696914,0.417806599395759,NaN,0.52021035951161,NaN,NaN,1.09631009347976,NaN,NaN,1.82289234371386,-1.5393222989394,-0.359412454492249,0.113894401879606,NaN,NaN,0.101176267020224,-0.178662819139823,1.61788647164829,0.200481898740237,0.200481898737188,1.27301182244174,-0.884154246474287,NaN,NaN,0.707440563046241,0.382548428056483,NaN,NaN,-0.864300622432919,NaN,1.09576341626825,-0.252665964350192
462.336,0.286400883119439,0.181395070233598,0.539375373467983,1.34032923703429,0.342130214980595,0.34213021498219,NaN,1.3528020430752,0.765229993902532,-1.53036168536922,0.00374077815163707,-1.53036168536828,-0.085173321437636,0.232223103163523,NaN,NaN,NaN,-0.452777289347741,NaN,-1.35335457779061,0.42039361741755,NaN,0.529174731573617,NaN,NaN,1.08353674932763,NaN,NaN,1.83558390381494,-1.55481145583481,-0.384729240903709,0.0770780048227553,NaN,NaN,0.10698828026527,-0.188694220015052,1.64078182196104,0.234622890746731,0.234622890743636,1.26233579630283,-0.882117484610009,NaN,NaN,0.709227831512329,0.367094276954766,NaN,NaN,-0.873519435007053,NaN,1.11655621239727,-0.239148351315939
462.4384,0.254555268721258,0.202420124914123,0.542255690956826,1.3668381690589,0.372691073664011,0.372691073665591,NaN,1.37276566698393,0.747391169375899,-1.51270227844067,-0.00492484047167939,-1.51270227843975,-0.103275299729484,0.219235130320704,NaN,NaN,NaN,-0.433276409703695,NaN,-1.38097470699784,0.42455844549545,NaN,0.537817951921088,NaN,NaN,1.07055728314755,NaN,NaN,1.84728594528136,-1.56987957596773,-0.411489635605033,0.0382798422537234,NaN,NaN,0.113394194256968,-0.199256705152733,1.66343246716168,0.268932371644065,0.268932371640922,1.24996147985239,-0.878868978033022,NaN,NaN,0.709810862576657,0.351454097621638,NaN,NaN,-0.881168897609903,NaN,1.13727614436744,-0.226441593754537
462.5408,0.221733936102866,0.22420270300119,0.545397186578994,1.39334607234884,0.403255001597493,0.403255001599051,NaN,1.39210759348375,0.729761483787498,-1.49453173116558,-0.0144586079796594,-1.49453173116468,-0.1215052249497,0.207011957974191,NaN,NaN,NaN,-0.411141366609696,NaN,-1.40648361738744,0.430336010301401,NaN,0.54614327061724,NaN,NaN,1.05742173461252,NaN,NaN,1.85801008231986,-1.58451547813294,-0.439645737532431,-0.00243424133248404,NaN,NaN,0.120351888929066,-0.210356679779832,1.6858121747628,0.303325497328442,0.303325497325256,1.2358800616822,-0.874441432904481,NaN,NaN,0.709132543172513,0.335614641291683,NaN,NaN,-0.887255287614182,NaN,1.15788220588313,-0.214518293764502
462.6432,0.187913349533691,0.246771122997474,0.548821488366676,1.41982567172444,0.433808774956027,0.433808774957565,NaN,1.41081162567721,0.712353970556439,-1.47584869050349,-0.0248634654455697,-1.47584869050261,-0.139881720418865,0.195597818970111,NaN,NaN,NaN,-0.386338666632284,NaN,-1.42988554415646,0.437756257804035,NaN,0.554153929874223,NaN,NaN,1.04417765508874,NaN,NaN,1.86776943608807,-1.59870799259574,-0.469146181710201,-0.0449925862728332,NaN,NaN,0.127815019558609,-0.22199899649745,1.70789525636492,0.337716824059705,0.337716824056474,1.22009146789411,-0.868873465147945,NaN,NaN,0.707134602272311,0.319562378986527,NaN,NaN,-0.891790472879708,NaN,1.17832953901446,-0.203348353380575
462.7456,0.153072677280927,0.270152030674012,0.552550151432602,1.44625020223683,0.464339733914821,0.464339733916336,NaN,1.42886333670752,0.695179155595013,-1.45665419962781,-0.0361412826108874,-1.45665419962695,-0.158423623453459,0.18503235792169,NaN,NaN,NaN,-0.358844655945773,NaN,-1.45118692448811,0.446843894469041,NaN,0.561852912812864,NaN,NaN,1.03086975092589,NaN,NaN,1.8765784707969,-1.61244585389346,-0.499936126478834,-0.0893178367879585,NaN,NaN,0.135733245649876,-0.23418687196951,1.72965652957184,0.372020650548597,0.372020650545318,1.20260479552064,-0.862209390349962,NaN,NaN,0.703757749056513,0.303283906234549,NaN,NaN,-0.894791669830955,NaN,1.19856951238372,-0.192899184874762
462.848,0.117194329620648,0.294369985544572,0.556604520323307,1.47259340548381,0.494835688695306,0.494835688696801,NaN,1.44625010835036,0.678245266103497,-1.43695154217145,-0.0482927816979663,-1.43695154217061,-0.177149716875965,0.175350322148517,NaN,NaN,NaN,-0.328645859114289,NaN,-1.47039605043719,0.457618146574748,NaN,0.569242707768704,NaN,NaN,1.0175395647321,NaN,NaN,1.88445282973757,-1.62571758741463,-0.531957241190654,-0.135327053033489,NaN,NaN,0.144052467724848,-0.246921817042451,1.75107127513363,0.406151333819724,0.406151333816398,1.18343865688566,-0.854498978276588,NaN,NaN,0.698941847756438,0.286766344583315,NaN,NaN,-0.896281194289372,NaN,1.21854980796096,-0.183135925033386
462.9504,0.080264485355495,0.31944705315455,0.561005589705707,1.49882951192566,0.525284807453883,0.525284807455355,NaN,1.4629611577049,0.661558469326082,-1.41674607724091,-0.0613174691279194,-1.41674607724009,-0.196078439195575,0.166581303736783,NaN,NaN,NaN,-0.295739279745942,NaN,-1.48752274593989,0.470092542621907,NaN,0.576325090933545,NaN,NaN,1.00422518646487,NaN,NaN,1.8914091671243,-1.63851138617365,-0.565147704994425,-0.18293182565693,NaN,NaN,0.15271507839042,-0.260203573167279,1.77211519005716,0.440023577777979,0.440023577774598,1.16262144408066,-0.845797177607883,NaN,NaN,0.692626133015892,0.269997725003623,NaN,NaN,-0.896286205346284,NaN,1.2382145200878,-0.174021655860332
463.0528,0.0422735975846351,0.345402404413254,0.565773856776637,1.52493320606612,0.555675485687584,0.555675485689033,NaN,1.47898754635292,0.64512311950738,-1.39604509169227,-0.075213564404656,-1.39604509169147,-0.215227582761524,0.158749526897776,NaN,NaN,NaN,-0.26013265453919,NaN,-1.50257806873598,0.484274722670642,NaN,0.583100936331679,NaN,NaN,0.990960994054592,NaN,NaN,1.89746498609455,-1.65081498966154,-0.599442226358804,-0.232038402613618,NaN,NaN,0.161660237993892,-0.274030050260947,1.79276433838175,0.473552698254485,0.473552698251048,1.14019151955126,-0.836163819859131,NaN,NaN,0.68474946580703,0.252967340114131,NaN,NaN,-0.894838444847381,NaN,1.25750427247025,-0.165517637592278
463.1552,0.00321687047512469,0.372251928137545,0.570929167241025,1.55087957677562,0.585996201686068,0.585996201687492,NaN,1.49432217197573,0.628942006402514,-1.37485767519114,-0.0899779136641379,-1.37485767519036,-0.2346139884991,0.151873686842827,NaN,NaN,NaN,-0.221844652499704,NaN,-1.51557403689144,0.500166275988589,NaN,0.589570061524051,NaN,NaN,0.977777428309453,NaN,NaN,1.90263849719013,-1.66261557962345,-0.634772087980979,-0.282547834766042,NaN,NaN,0.170824180246845,-0.288397267276675,1.81299510222901,0.506654867077967,0.506654867074475,1.11619733111819,-0.825663308579202,NaN,NaN,0.675250622675877,0.235666063451044,NaN,NaN,-0.891973974460514,NaN,1.27635635780063,-0.157583559322632
463.2576,-0.036905299465389,0.400007866299273,0.576490563382367,1.57664406003543,0.616235368282856,0.616235368284256,NaN,1.50895974951733,0.613016611481516,-1.35319460303923,-0.105605883542246,-1.35319460303847,-0.254253242746121,0.145966850974286,NaN,NaN,NaN,-0.180905018517286,NaN,-1.52652337858973,0.517762607316149,NaN,0.595731113393161,NaN,NaN,0.964700809842574,NaN,NaN,1.90694850537156,-1.67389970216162,-0.671065213787167,-0.33435614090657,NaN,NaN,0.180140545516701,-0.303299301928044,1.8327841364451,0.539247338338839,0.53924733833529,1.0906974434805,-0.814364290188872,NaN,NaN,0.664068607742356,0.218086638784869,NaN,NaN,-0.88773291139479,NaN,1.29470490023227,-0.150177807415346
463.36,-0.0780869246189885,0.428678482566284,0.582476143960771,1.60220238197428,0.646381194106191,0.646381194107568,NaN,1.52289679084659,0.597347380415423,-1.33106820126475,-0.122091244057564,-1.331068201264,-0.274159380608604,0.141036431940706,NaN,NaN,NaN,-0.137354668677622,NaN,-1.53543930761374,0.537052833516616,NaN,0.601581495655486,NaN,NaN,0.951753209195223,NaN,NaN,1.91041432630408,-1.68465321660554,-0.708246249704526,-0.387354488149437,NaN,NaN,0.189540737887935,-0.318728256092102,1.8521083290046,0.571248663766992,0.571248663763382,1.06376047408532,-0.802339296340747,NaN,NaN,0.651142981288704,0.200223942784578,NaN,NaN,-0.882159162553531,NaN,1.31248103794439,-0.143257746949147
463.4624,-0.120316078570663,0.458267772958633,0.588902941531745,1.62753050528771,0.676421564255774,0.676421564257127,NaN,1.5361315862948,0.581934013218381,-1.30849217530683,-0.139426052308957,-1.3084921753061,-0.294344602194376,0.137084237252569,NaN,NaN,NaN,-0.0912457470878571,NaN,-1.54233533432385,0.558019714028963,NaN,0.607117337658812,NaN,NaN,0.938952380566618,NaN,NaN,1.91305572707231,-1.69486126299761,-0.746236654105348,-0.441429385712232,NaN,NaN,0.198954307767377,-0.334674239283244,1.87094476699778,0.602578904689592,0.602578904685927,1.03546492099898,-0.789664350734847,NaN,NaN,0.63641420516134,0.182075228897497,NaN,NaN,-0.875300157379976,NaN,1.32961312441067,-0.136780009290215
463.5648,-0.163574605164525,0.488775220456318,0.595786814797659,1.65260457557177,0.706343940957424,0.706343940958757,NaN,1.54866418234275,0.566775760895992,-1.285481406969,-0.157600536102146,-1.2854814069683,-0.314819009253671,0.134106589308792,NaN,NaN,NaN,-0.0426416485245342,NaN,-1.54722512314967,0.580639619211415,NaN,0.612333500441671,NaN,NaN,0.926311759223651,NaN,NaN,1.91489288220159,-1.70450823902063,-0.784954803892209,-0.49646289798411,NaN,NaN,0.208309366493427,-0.351125368390405,1.88927070672586,0.633159842705173,0.633159842701457,1.00589887954513,-0.776418541657168,NaN,NaN,0.619824006579742,0.163640360612722,NaN,NaN,-0.867206580936981,NaN,1.34602695008041,-0.130700780414061
463.6672,-0.20783788159425,0.520195585678252,0.603142346451899,1.67740086131911,0.736135275332323,0.736135275333633,NaN,1.56049634482284,0.551871711842018,-1.26205174245977,-0.176602964549832,-1.26205174245908,-0.335590366347277,0.132094498372534,NaN,NaN,NaN,0.00838299972177045,NaN,-1.55012239920526,0.604882539900355,NaN,0.617223613511548,NaN,NaN,0.913840509683635,NaN,NaN,1.91594633594152,-1.71357778495027,-0.824316127580781,-0.552332888527066,NaN,NaN,0.217533037294829,-0.368067780061102,1.90706354597635,0.66291518546458,0.662915185460813,0.975159657938393,-0.762683567554022,NaN,NaN,0.601315758221774,0.144922033611396,NaN,NaN,-0.857932107774802,NaN,1.36164598592654,-0.124976087849484
463.7696,-0.253074627565238,0.552518721479847,0.610982735274261,1.70189568476687,0.76578191972193,0.765781919723218,NaN,1.57163150073473,0.537221058132904,-1.23821978920121,-0.196419500962528,-1.23821978920054,-0.356663887308496,0.131033869233224,NaN,NaN,NaN,0.061742411235992,NaN,-1.55104089756031,0.630712139001593,NaN,0.621780138020244,NaN,NaN,0.901543609619254,NaN,NaN,1.91623696754669,-1.72205278455872,-0.864233274582172,-0.608913305867209,NaN,NaN,0.226551943090545,-0.385485652083742,1.92430079632711,0.691770764267841,0.691770764264022,0.943353304681456,-0.74854326061902,NaN,NaN,0.580834870119499,0.125925979328011,NaN,NaN,-0.847533136890185,NaN,1.37639164724794,-0.119562085666693
463.872,-0.299246752710471,0.585729401755015,0.619319674824149,1.72606534723414,0.795269534746802,0.795269534748064,NaN,1.5820746589457,0.522823343330683,-1.21400272018938,-0.217034053873275,-1.21400272018873,-0.378042046592975,0.130905730137005,NaN,NaN,NaN,0.117339784172802,NaN,-1.54999434614232,0.658085843735594,NaN,0.625994454948521,NaN,NaN,0.889421963029332,NaN,NaN,1.91578596052532,-1.72991539494349,-0.904616323285421,-0.666074514849606,NaN,NaN,0.235292728463817,-0.403361230943069,1.94096005395619,0.719654724366019,0.719654724362152,0.910594052255552,-0.73408308712139,NaN,NaN,0.558329191264929,0.106661142513745,NaN,NaN,-0.836068528608857,NaN,1.39018357645747,-0.114415338327176
463.9744,-0.346309236297096,0.619807159965113,0.628163217367355,1.74988605771146,0.824582990039625,0.82458299004086,NaN,1.59183231395664,0.508678701980773,-1.18941807031841,-0.238428149406684,-1.18941807031779,-0.399724412326497,0.131686483756048,NaN,NaN,NaN,0.175067528951037,NaN,-1.54699647708375,0.686954977234038,NaN,0.629856975878421,NaN,NaN,0.877472545368947,NaN,NaN,1.91461477559189,-1.73714711691581,-0.945373021053592,-0.723683665308098,NaN,NaN,0.243682607517984,-0.421674863398105,1.95701896914737,0.746497711055139,0.746497711051224,0.877003675957932,-0.719389623071816,NaN,NaN,0.533749421734097,0.08713982577306,NaN,NaN,-0.82359934214953,NaN,1.40293994678019,-0.109493105776087
464.0768,-0.394210040900032,0.654726142878463,0.637521629866329,1.77333387577134,0.853706264332911,0.853706264334123,NaN,1.6009123388142,0.494788101485227,-1.16448350604793,-0.260580835830455,-1.16448350604734,-0.421707500114849,0.133348190276912,NaN,NaN,NaN,0.234807591751894,NaN,-1.54206106885563,0.717264927928888,NaN,0.633357276033385,NaN,NaN,0.865688591288738,NaN,NaN,1.91274513095773,-1.74372891108642,-0.986409045068457,-0.781605083171587,NaN,NaN,0.251649929078755,-0.440405029284745,1.97245521785327,0.772233057383865,0.772233057379908,0.842710762806574,-0.70455000418947,NaN,NaN,0.507049536243865,0.0673777904859832,NaN,NaN,-0.810188572678235,NaN,1.41457778789425,-0.104753628793879
464.1792,-0.44289007652846,0.690454998376977,0.64740125568907,1.79638467885189,0.882622361136409,0.882622361137595,NaN,1.60932387560983,0.481153584347712,-1.13921656021404,-0.283468618252498,-1.13921656021347,-0.443984660669812,0.135858896220504,NaN,NaN,NaN,0.296431881528274,NaN,-1.53520202640951,0.748955352135562,NaN,0.636484258829548,NaN,NaN,0.854059842571354,NaN,NaN,1.91019900239321,-1.74964135638307,-1.02762828370616,-0.839700680819078,NaN,NaN,0.259124763154278,-0.459528372566587,1.98724648256106,0.796796985342804,0.796796985338809,0.80784987762702,-0.689651341526088,NaN,NaN,0.478187219589352,0.0473943020404681,NaN,NaN,-0.795900892075054,NaN,1.42501333041081,-0.100156407757245
464.2816,-0.492283240246362,0.726956819703621,0.657806393213769,1.81901415838885,0.911313258525705,0.911313258526866,NaN,1.61707723050828,0.467778489809776,-1.1136343464983,-0.307065421188197,-1.11363434649775,-0.466546024603371,0.139183013779494,NaN,NaN,NaN,0.359802805421615,NaN,-1.52643350361701,0.781960404278484,NaN,0.639226364903364,NaN,NaN,0.842572870027771,NaN,NaN,1.9069986475041,-1.75486483937973,-1.06893315534938,-0.897830405795115,NaN,NaN,0.266039521832046,-0.479019730785925,2.00137045002383,0.820128832362639,0.820128832358607,0.772560613083501,-0.674780093849925,NaN,NaN,0.447124315532697,0.0272121141681736,NaN,NaN,-0.780802401585567,NaN,1.43416236553528,-0.0956624697391251
464.384,-0.542316547193113,0.764189155661957,0.668739191257035,1.84119784035348,0.939759898063725,0.939759898064864,NaN,1.62418377146987,0.454667626933326,-1.08775328641481,-0.331342577819148,-1.08775328641427,-0.489378517129835,0.14328174022674,NaN,NaN,NaN,0.424773914120581,NaN,-1.51577006583247,0.816208993542827,NaN,0.641571826628073,NaN,NaN,0.831211465203974,NaN,NaN,1.90316663314489,-1.75937975689968,-1.11022498477532,-0.955852754851003,NaN,NaN,0.272329616782131,-0.49885216740114,2.01480482750966,0.842171301962424,0.842171301958357,0.736986529413785,-0.660021409404072,NaN,NaN,0.413827291630073,0.00685739876918276,NaN,NaN,-0.764960402101641,NaN,1.4419406198458,-0.0912346274023217
464.4864,-0.592910349297422,0.802104079020561,0.680199552903862,1.86291111918638,0.967942200974243,0.96794220097536,NaN,1.63065581614206,0.441827384779072,-1.06158887723541,-0.356268838750352,-1.06158887723491,-0.512465931312932,0.148113496310621,NaN,NaN,NaN,0.491190642709252,NaN,-1.50322688648214,0.851625069233491,NaN,0.643508949995851,NaN,NaN,0.819957077562791,NaN,NaN,1.89872583153968,-1.76316671269051,-1.15140443649224,-1.01362535879349,NaN,NaN,0.277934131520149,-0.518997012801717,2.02752737182367,0.862870720139919,0.86287072013582,0.701274018532599,-0.645458474327562,NaN,NaN,0.378267721514815,-0.0136403656233597,NaN,NaN,-0.748443179456342,NaN,1.44826414812952,-0.0868377362250169
464.5888,-0.643978625277027,0.840648297238806,0.692185038548579,1.88412929489096,0.995839092486521,0.995839092487621,NaN,1.63650649249052,0.429265785783973,-1.03515551073939,-0.381810389022593,-1.0351555107389,-0.535789031831287,0.153634359354133,NaN,NaN,NaN,0.558891109256397,NaN,-1.48881996963101,0.888127935834035,NaN,0.645026392565686,NaN,NaN,0.808789262075272,NaN,NaN,1.89369936314271,-1.76620669385989,-1.19237197361981,-1.07100560776419,NaN,NaN,0.282796467536929,-0.539423918041942,2.03951592347544,0.882177269769711,0.882177269765582,0.665571141837476,-0.631171906542961,NaN,NaN,0.340422782676576,-0.034248536086031,NaN,NaN,-0.731319791875043,NaN,1.45304974621623,-0.0824389500675958
464.6912,-0.695429331123552,0.879763294409298,0.704690761106463,1.90482761047133,1.0234285191372,1.02342851913828,NaN,1.64174955875965,0.416992495237767,-1.00846634191242,-0.407930867346725,-1.00846634191196,-0.559325663743259,0.159798470674911,NaN,NaN,NaN,0.627706931457232,NaN,-1.47256638971313,0.925632596232709,NaN,0.64611340703284,NaN,NaN,0.79768610710694,NaN,NaN,1.88811048536474,-1.76848122799137,-1.23302829866658,-1.12785127023395,NaN,NaN,0.286864920016485,-0.560100922483568,2.0507484426,0.9000451794677,0.900045179463546,0.630026477194069,-0.617239212998373,NaN,NaN,0.300275761521692,-0.054931476613326,NaN,NaN,-0.713659845317421,NaN,1.45621537893442,-0.0780079652840557
464.7936,-0.747164816745722,0.919385505608493,0.717709270012314,1.92498129493429,1.05068745359389,1.05068745359496,NaN,1.64639917921395,0.405018790317834,-0.981533206324365,-0.434591393332016,-0.981533206323933,-0.583050855428402,0.166558407237743,NaN,NaN,NaN,0.697464046540895,NaN,-1.45448454096146,0.964050120639707,NaN,0.646760033114589,NaN,NaN,0.786624629855223,NaN,NaN,1.88198243796997,-1.7699725400763,-1.27327474782757,-1.18402107477852,NaN,NaN,0.290093150309652,-0.580994533652637,2.06120304831353,0.916432857441277,0.916432857437108,0.594787982124608,-0.603734304862759,NaN,NaN,0.25781655304537,-0.0756507681182309,NaN,NaN,-0.695533253543901,NaN,1.45768060861513,-0.073517236697385
464.896,-0.799082321084064,0.95944653233801,0.73123042596357,1.94456562009529,1.07759188911616,1.07759188911722,NaN,1.65046965995724,0.393357481945797,-0.954366585227396,-0.461750617635481,-0.954366585226986,-0.606936918068166,0.173865518562065,NaN,NaN,NaN,0.767983543712864,NaN,-1.43459439026502,1.00328803907452,NaN,0.646957234945283,NaN,NaN,0.77558114117772,NaN,NaN,1.87533825854048,-1.77066373521842,-1.31301363409198,-1.23937525118181,NaN,NaN,0.292440541630751,-0.602069817066169,2.07085806616882,0.931302973902808,0.931302973898621,0.56000186107101,-0.59072705388316,NaN,NaN,0.21304214419556,-0.096365474271644,NaN,NaN,-0.677009988388559,NaN,1.45736700687878,-0.0689421498886904
464.9984,-0.851074549725401,0.999873405600719,0.745241272699402,1.9635559787891,1.10411682775401,1.10411682775505,NaN,1.65397515239175,0.382022785074604,-0.926975613702214,-0.489364808838072,-0.926975613701828,-0.630953551025675,0.181670237738926,NaN,NaN,NaN,0.839082526655591,NaN,-1.41291772874818,1.04325075707643,NaN,0.646696990822809,NaN,NaN,0.76453158681582,NaN,NaN,1.86820058374595,-1.77053902656174,-1.3521485467632,-1.29377604173677,NaN,NaN,0.293872445136601,-0.623290496610232,2.07969209102028,0.944622501908707,0.944622501904509,0.525811417447518,-0.578282872259797,NaN,NaN,0.165957074989315,-0.117032478978323,NaN,NaN,-0.65815982050492,NaN,1.4551985413722,-0.064261144205976
465.1008,-0.903030327843839,1.04058889660895,0.759725912388859,1.98192799004768,1.13023626452433,1.13023626452536,NaN,1.65692933488548,0.371030145187537,-0.899368121726488,-0.517387983424173,-0.899368121726124,-0.655067961170929,0.189922377002103,NaN,NaN,NaN,0.910575022122856,NaN,-1.38947842376701,1.0838399984091,NaN,0.645972347104861,NaN,NaN,0.753451872901091,NaN,NaN,1.86059145332371,-1.76958401006878,-1.39058461161639,-1.34708818627302,NaN,NaN,0.29436033704372,-0.644619067049178,2.08768407346627,0.956362726588233,0.95636272658402,0.492355869974574,-0.566462300540168,NaN,NaN,0.116573876497897,-0.137606902853026,NaN,NaN,-0.639052042920903,NaN,1.45110194146762,-0.0594557904159833
465.2032,-0.954835311945493,1.08151186566662,0.774665385346894,1.99965763043207,1.15592316323326,1.15592316323428,NaN,1.65934508353865,0.360396034482859,-0.871550701662906,-0.545772078230747,-0.871550701662563,-0.679244992687596,0.198571407631792,NaN,NaN,NaN,0.982272943145551,NaN,-1.36430268033402,1.12495528446822,NaN,0.64477744527025,NaN,NaN,0.742318177427496,NaN,NaN,1.85253212405268,-1.76778596178177,-1.42822870911133,-1.39917937133972,NaN,NaN,0.293881906579042,-0.666016915384143,2.09481343257328,0.966499225938249,0.966499225934027,0.45976912397071,-0.55532059272797,NaN,NaN,0.0649134880739481,-0.158042595220407,NaN,NaN,-0.619755170963832,NaN,1.44500705417921,-0.0545108281726045
465.3056,-1.00637273952131,1.12255763171094,0.790037546514154,2.01672138233931,1.18114941245337,1.18114941245439,NaN,1.66123413521827,0.350137721076552,-0.843528811656822,-0.574467159415549,-0.8435288116565,-0.703447253153845,0.20756670894376,NaN,NaN,NaN,1.05398710630865,NaN,-1.33741932022884,1.1664944641349,NaN,0.643107522007085,NaN,NaN,0.731107237688527,NaN,NaN,1.84404288270552,-1.76513412027149,-1.46498965120433,-1.44992063567288,NaN,NaN,0.292421083664311,-0.687444442794744,2.10106018898801,0.975011817890138,0.975011817885909,0.428178511052974,-0.544907297203822,NaN,NaN,0.0110056537476411,-0.178292691718944,NaN,NaN,-0.600336615764792,NaN,1.43684720311837,-0.0494141666385117
465.408,-1.05752420067965,1.16363834685445,0.805816929412912,2.03309638727184,1.20588575151306,1.20588575151408,NaN,1.66260673860006,0.340273003428238,-0.815306934368123,-0.603421659095669,-0.81530693436782,-0.727635223766739,0.216857771573718,NaN,NaN,NaN,1.12552829813562,NaN,-1.30886007744791,1.20835430356163,NaN,0.640958877388031,NaN,NaN,0.719796602219104,NaN,NaN,1.83514283852494,-1.76161993015876,-1.50077832336874,-1.49918673174055,NaN,NaN,0.289968006345859,-0.708861179688686,2.1064051085058,0.981884468380671,0.98188446837643,0.397703528607609,-0.5352658405938,NaN,NaN,-0.0451107086056923,-0.198310228805268,NaN,NaN,-0.580862328335969,NaN,1.42655956150185,-0.0441568541109362
465.5104,-1.10817041778691,1.20466336601569,0.821974595266589,2.04876059210155,1.23010166438838,1.23010166438939,NaN,1.66347129362619,0.330819909133376,-0.7868887994154,-0.63258262781543,-0.786888799415115,-0.751767349786228,0.226394355096575,NaN,NaN,NaN,1.19670837931856,NaN,-1.27865989641175,1.25043113043869,NaN,0.638328809814471,NaN,NaN,0.708364845343864,NaN,NaN,1.82584968719447,-1.75723724054186,-1.53550779534516,-1.54685643967663,NaN,NaN,0.286518928283187,-0.730225889387479,2.11082984542134,0.987105162331989,0.987105162327739,0.368454620438692,-0.526433126280782,NaN,NaN,-0.103387176232023,-0.218048800795593,NaN,NaN,-0.561396413511019,NaN,1.41408554826522,-0.0387330273141423
465.6128,-1.15819200812151,1.24553960067216,0.838477973468279,2.06369287244636,1.25376524578113,1.25376524578214,NaN,1.6638339913683,0.32179637486523,-0.758277657583562,-0.661895985082394,-0.758277657583299,-0.775800110335298,0.236126609720094,NaN,NaN,NaN,1.26734139974161,NaN,-1.24685721109654,1.29262150988473,NaN,0.635215520973762,NaN,NaN,0.696791747660036,NaN,NaN,1.81617945648269,-1.75198245762909,-1.56909339702778,-1.59281282350176,NaN,NaN,0.28207607181463,-0.751496656789694,2.11431707182291,0.990665743517104,0.990665743512852,0.340532052428419,-0.518439165889533,NaN,NaN,-0.163765542037199,-0.237463222729277,NaN,NaN,-0.542000720802617,NaN,1.39937125609234,-0.0331398527470138
465.7152,-1.20747019709488,1.28617184333014,0.855290702695045,2.07787311618292,1.27684304622591,1.27684304622692,NaN,1.66369847039037,0.313219930733795,-0.729476586751516,-0.691306749072472,-0.72947658675127,-0.799688065868519,0.246005169394624,NaN,NaN,NaN,1.33724468345301,NaN,-1.21349418164143,1.33482292083487,NaN,0.631617993415959,NaN,NaN,0.685058442915914,NaN,NaN,1.80614625234067,-1.74585465527941,-1.60145275652056,-1.63694342463077,NaN,NaN,0.276647431918117,-0.772630959912564,2.11685057759021,0.992561725747929,0.992561725743682,0.314024943645687,-0.511306771278795,NaN,NaN,-0.226177603175471,-0.256510146591439,NaN,NaN,-0.522734426591913,NaN,1.38236791671163,-0.0273774688841288
465.8176,-1.25588745966296,1.32646305438262,0.872372480476926,2.09128226100679,1.29929990393209,1.29929990393309,NaN,1.66306549982397,0.305107404267262,-0.70048881434886,-0.720759237462116,-0.700488814348636,-0.823383882167843,0.255981217968788,NaN,NaN,NaN,1.40623984606277,NaN,-1.17861686858207,1.37693440453267,NaN,0.627535840394321,NaN,NaN,0.673147527808764,NaN,NaN,1.79576202268599,-1.73885565896118,-1.63250580775225,-1.67914040294029,NaN,NaN,0.270246530552582,-0.793585728068962,2.1184153335054,0.992792071999501,0.99279207199526,0.289010496991285,-0.505051337284387,NaN,NaN,-0.290545036814518,-0.275148591719747,NaN,NaN,-0.503653624963849,NaN,1.36303239955622,-0.02144892914336
465.92,-1.3033280840272,1.36631461388778,0.889678930495729,2.10390229459944,1.3210987743302,1.32109877433119,NaN,1.66193269492396,0.297474651799843,-0.671318038625896,-0.750197244714023,-0.671318038625693,-0.846838333455953,0.266006531072113,NaN,NaN,NaN,1.47415372141166,NaN,-1.14227533238074,1.41885716358973,NaN,0.622969129902316,NaN,NaN,0.661043132175099,NaN,NaN,1.78503635348462,-1.73099012520948,-1.66217478532316,-1.71930064784804,NaN,NaN,0.26289212199643,-0.814317397595104,2.11899752147634,0.99135894064768,0.991358940643445,0.265553442934726,-0.499680737342685,NaN,NaN,-0.35677937938243,-0.293340377486934,NaN,NaN,-0.484810945203146,NaN,1.3413277329611,-0.0153601359793617
466.0224,-1.34967866529369,1.40562655293261,0.907161502956848,2.11571623442558,1.3422005753062,1.34220057530719,NaN,1.66029427595845,0.290336325946404,-0.641968718916454,-0.779564204936982,-0.641968718916272,-0.870000294991024,0.27603350476667,NaN,NaN,NaN,1.54081918310949,NaN,-1.10452365621841,1.46049509696514,NaN,0.617918192234337,NaN,NaN,0.648730954443979,NaN,NaN,1.77397631084702,-1.72226563030207,-1.69038422682295,-1.75732588093085,NaN,NaN,0.254607861101467,-0.834781979634603,2.11858454370321,0.988267411067203,0.988267411062979,0.243705688148152,-0.495195342669158,NaN,NaN,-0.424782117339826,-0.311050462449747,NaN,NaN,-0.46625521678559,NaN,1.31722363351752,-0.00911975146417606
466.1248,-1.39482854980752,1.44429778756247,0.924767424102696,2.12670810831892,1.36256406976127,1.36256406976226,NaN,1.65814088930256,0.28370568695874,-0.612446310536428,-0.808803348238712,-0.612446310536269,-0.892816745356077,0.286015185722071,NaN,NaN,NaN,1.60607584881954,NaN,-1.0654199042562,1.50175526553698,NaN,0.612383425096033,NaN,NaN,0.636198273730342,NaN,NaN,1.76258633643185,-1.71269276732709,-1.71706100276047,-1.79312276448733,NaN,NaN,0.245421954240756,-0.854935153111555,2.11716502706318,0.983525210862687,0.983525210858481,0.223506153856746,-0.491588169937688,NaN,NaN,-0.494444891584004,-0.328247197260713,NaN,NaN,-0.448031204279969,NaN,1.2906970225777,-0.00273906863145805
466.2272,-1.43867025438821,1.48222637256964,0.942439699040404,2.13686295193959,1.38214579924415,1.38214579924514,NaN,1.65545950741727,0.277594451827989,-0.582757453329414,-0.837857859891383,-0.582757453329281,-0.915232802824247,0.295905305155881,NaN,NaN,NaN,1.66977066123498,NaN,-1.02502604453833,1.54254829581413,NaN,0.606365108722702,NaN,NaN,0.623433944022637,NaN,NaN,1.75086818907709,-1.70228524001185,-1.74213439384563,-1.82660302752853,NaN,NaN,0.235366807464576,-0.874732391285154,2.11472883677849,0.977142461177248,0.977142461173062,0.204980789930658,-0.488845160432567,NaN,NaN,-0.565649814965679,-0.3449024980912,NaN,NaN,-0.430179424350468,NaN,1.26173250947078,0.003768168872351
466.3296,-1.481099868945,1.51930977178177,0.960117154983862,2.14616681996158,1.40090006557953,1.40090006558052,NaN,1.65223340905048,0.272012656644781,-0.552910154823106,-0.86667104993365,-0.552910154822999,-0.937191811780326,0.305658297302863,NaN,NaN,NaN,1.73175834968451,NaN,-0.983407867706628,1.58278873712932,NaN,0.599863236396461,NaN,NaN,0.610428358853953,NaN,NaN,1.73882091480223,-1.6910599375647,-1.7655362261528,-1.85768361809404,NaN,NaN,0.224478672879233,-0.894129125629084,2.11126710125992,0.969131440112501,0.969131440108339,0.188142752595982,-0.486945585162483,NaN,NaN,-0.638269900780123,-0.360991944196233,NaN,NaN,-0.412736036181561,NaN,1.23032283791281,0.0103860022913662
466.432,-1.52201743220712,1.55544512629852,0.977734506016678,2.15460679052787,1.41877894643332,1.41877894643431,NaN,1.64844222613184,0.266968507873515,-0.522914006161644,-0.895186530720567,-0.522914006161559,-0.958635479728375,0.315229276584915,NaN,NaN,NaN,1.79190178371091,NaN,-0.940634910078075,1.62239537936084,NaN,0.592877358556984,NaN,NaN,0.597173367836056,NaN,NaN,1.72644082967138,-1.67903697662988,-1.78720105523637,-1.88628688158387,NaN,NaN,0.212797285235883,-0.913080946869857,2.10677223750344,0.959506354368036,0.959506354363902,0.172992728958999,-0.48586255046156,NaN,NaN,-0.712169599519027,-0.37649479954998,NaN,NaN,-0.395732782006779,NaN,1.19646930643993,0.0170965433747134
466.5344,-1.56132726877318,1.59052950774138,0.995222430454823,2.16217094127937,1.43573233542695,1.43573233542794,NaN,1.64406204082703,0.26246821868454,-0.492780435554648,-0.92334838703507,-0.492780435554589,-0.97950405508725,0.324573965367338,NaN,NaN,NaN,1.85007223379262,NaN,-0.896780371015906,1.66129152093375,NaN,0.585406440063129,NaN,NaN,0.583662143988344,NaN,NaN,1.713721509921,-1.6662396964206,-1.80706637210061,-1.91234075177485,NaN,NaN,0.200365483885854,-0.931543836304505,2.1012379629957,0.948283112404263,0.948283112400158,0.159519382874319,-0.485563556777095,NaN,NaN,-0.787205432397521,-0.391393964814573,NaN,NaN,-0.379196954227458,NaN,1.16018216685307,0.0238803018096666
466.6368,-1.59893828540481,1.62446015704947,1.01250766352515,2.16884828456998,1.45170800756995,1.45170800757092,NaN,1.63906551878526,0.258515841007711,-0.46252297735835,-0.951101315832833,-0.462522977358311,-0.999736533356445,0.333648585757544,NaN,NaN,NaN,1.90614955659043,NaN,-0.851921022155027,1.69940517223855,NaN,0.57744873700352,NaN,NaN,0.569889023833117,NaN,NaN,1.70065379127288,-1.65269459098025,-1.82507279904767,-1.93577893332524,NaN,NaN,0.187228823292349,-0.94947441306656,2.09465928501785,0.935479098977511,0.93547909897344,0.147699894607941,-0.486011058681499,NaN,NaN,-0.863226694093503,-0.405675881317152,NaN,NaN,-0.363151371837339,NaN,1.12148098621455,0.0307165425336073
466.7392,-1.63476423170936,1.65713471677036,1.02951311277044,2.17462866294651,1.46665171518561,1.46665171518658,NaN,1.63342206783154,0.255113102017743,-0.432157532404294,-0.978390716966216,-0.432157532404273,-1.01927088225224,0.342409737769168,NaN,NaN,NaN,1.96002232194885,NaN,-0.806137114404111,1.73666919174521,NaN,0.569001700379901,NaN,NaN,0.555849347607129,NaN,NaN,1.68722578549401,-1.63843117220238,-1.84116425472801,-1.95654105735777,NaN,NaN,0.173435179026353,-0.96683018384309,2.08703246847208,0.921112955519687,0.921112955515651,0.13750057222285,-0.487162993480928,NaN,NaN,-0.940076198244512,-0.419330416000199,NaN,NaN,-0.347614358560621,NaN,1.08039494713599,0.0375836559194482
466.8416,-1.66872393421641,1.68845147184094,1.04615801080422,2.17950261867565,1.48050732389043,1.48050732389141,NaN,1.62709801996387,0.252259253374336,-0.401702593664939,-1.00516273367608,-0.401702593664934,-1.03804428551784,0.350814290685677,NaN,NaN,NaN,2.01158789381621,NaN,-0.759512276240438,1.773021362537,NaN,0.560061909283811,NaN,NaN,0.541539322857256,NaN,NaN,1.67342293309879,-1.62348177577639,-1.8552880839656,-1.97457280005147,NaN,NaN,0.159034359394239,-0.983569790486449,2.07835499189251,0.905204379281592,0.905204379277594,0.128877516870377,-0.488973270172712,NaN,NaN,-1.01759106157503,-0.432350748706576,NaN,NaN,-0.332599730647215,NaN,1.03696306188966,0.0444595283281441
466.944,-1.70074151107563,1.71830962076411,1.06235813221155,2.183461252607,1.4932170060372,1.49321700603818,NaN,1.62005684447691,0.249950949810633,-0.371179399800211,-1.03136426081209,-0.371179399800218,-1.0559934130348,0.358819319737552,NaN,NaN,NaN,2.0607524686654,NaN,-0.712133385931862,1.8084044160509,NaN,0.550625034869627,NaN,NaN,0.526955934337666,NaN,NaN,1.6592281160382,-1.607881325963,-1.86739515405504,-1.98982595917763,NaN,NaN,0.144077737840421,-0.999653255102306,2.06862549912112,0.887773963003247,0.887773962999301,0.121777327082324,-0.491392219920211,NaN,NaN,-1.09560353656956,-0.444733267391954,NaN,NaN,-0.318116812987475,NaN,0.991234279469269,0.0513219140552152
467.0464,-1.73074656358688,1.74660959337466,1.0780261027784,2.18649607745694,1.50472150825546,1.50472150825644,NaN,1.61225940047153,0.248182176484888,-0.340611982033908,-1.05694294350645,-0.340611982033931,-1.07305472200076,0.366382115388754,NaN,NaN,NaN,2.10743106970684,NaN,-0.664090406386548,1.84276600222216,NaN,0.540685838742448,NaN,NaN,0.512096916910816,NaN,NaN,1.64462183933315,-1.59166706107792,-1.87743991710562,-2.00225848494278,NaN,NaN,0.128617918734086,-1.01504221711462,2.05784374501997,0.868843093199495,0.8688430931956,0.116137837556558,-0.494367010302136,NaN,NaN,-1.17394189571822,-0.45647746096078,NaN,NaN,-0.304170495585336,NaN,0.943267466025189,0.0581488153080103
467.1488,-1.7586743345416,1.7732534120652,1.09307180546279,2.18859886224486,1.51496049043925,1.51496049044023,NaN,1.60366422586709,0.246944231492654,-0.310027103935903,-1.08184717821055,-0.310027103935943,-1.08916478376859,0.373460269723387,NaN,NaN,NaN,2.15154749911172,NaN,-0.615476181379053,1.87605859799304,NaN,0.530238205354836,NaN,NaN,0.496960787125977,NaN,NaN,1.6295824701397,-1.57487821467155,-1.88538044017615,-2.01183446631638,NaN,NaN,0.112708434685842,-1.02970015337823,2.04601053019975,0.848433906945381,0.848433906941539,0.111888900911489,-0.497842032072776,NaN,NaN,-1.25243136250469,-0.467585798064444,NaN,NaN,-0.290761324281955,NaN,0.893131239373021,0.0649188698973113
467.2512,-1.78446583254436,1.79814507414216,1.10740284979946,2.18976146700688,1.52387290670495,1.52387290670593,NaN,1.5942278463607,0.246225747820127,-0.279454139145859,-1.10602611621139,-0.279454139145917,-1.10426062236691,0.380011812928084,NaN,NaN,NaN,2.19303426015767,NaN,-0.566386203049212,1.90823935111446,NaN,0.519275196227525,NaN,NaN,0.481546907706053,NaN,NaN,1.61408651538763,-1.55755565847533,-1.89117841238689,-2.01852408399927,NaN,NaN,0.0964034594775222,-1.04359257532748,2.03312762501248,0.826569286757515,0.826569286753729,0.108953219085584,-0.501759274255617,NaN,NaN,-1.33089508607314,-0.478063599175497,NaN,NaN,-0.277885606541196,NaN,0.84090363905385,0.0716117342270902
467.3536,-1.80806792849196,1.82119092671251,1.12092505543698,2.18997567536005,1.53139738948215,1.53139738948312,NaN,1.58390508432467,0.24601272764224,-0.248924949988753,-1.12942966734085,-0.248924949988826,-1.1182800476505,0.385995358199833,NaN,NaN,NaN,2.23183246370172,NaN,-0.516918369636815,1.93926987194007,NaN,0.507789109225467,NaN,NaN,0.465855557181401,NaN,NaN,1.59810891926248,-1.53974152571639,-1.89479914296898,-2.02230354792127,NaN,NaN,0.0797575219299964,-1.05668719937968,2.01919768943461,0.803272866484323,0.803272866480595,0.107247215737124,-0.506058701016358,NaN,NaN,-1.40915514827,-0.487918924288037,NaN,NaN,-0.2655355147481,NaN,0.786671618529849,0.0782084338677544
467.456,-1.82943342432656,1.84230001513129,1.13354292075614,2.18923303757892,1.5374726139998,1.53747261400076,NaN,1.57264935709854,0.24628857121752,-0.218473806352271,-1.15200850431477,-0.218473806352367,-1.13116196984436,0.39137022879459,NaN,NaN,NaN,2.26789172330231,NaN,-0.46717274642808,1.9691159932536,NaN,0.495771535636178,NaN,NaN,0.449887992286593,NaN,NaN,1.58162336377175,-1.5214788341527,-1.89621156249383,-2.02315503383865,NaN,NaN,0.0628252185723818,-1.06895408693981,2.00422419762993,0.778569032936396,0.778569032932735,0.106681932525349,-0.510678633971136,NaN,NaN,-1.48703356275637,-0.497162486550625,NaN,NaN,-0.253699180982928,NaN,0.730530364826332,0.0846916481071642
467.5584,-1.8485210926374,1.86138440424546,1.14516007671063,2.18752473633428,1.54203764347253,1.54203764347348,NaN,1.56041296642272,0.247034099305859,-0.188137345523557,-1.17371406825048,-0.188137345523671,-1.14284669079091,0.396096567798629,NaN,NaN,NaN,2.30117003302256,NaN,-0.417251333629193,1.99774751531677,NaN,0.483213419084794,NaN,NaN,0.433646505843506,NaN,NaN,1.56460256432113,-1.50281112118833,-1.89538823238523,-2.02106662525302,NaN,NaN,0.0456609309031029,-1.08036575323201,1.98821137612455,0.752482927228252,0.752482927224661,0.107163936404266,-0.515556134591374,NaN,NaN,-1.56435320423671,-0.505807576006173,NaN,NaN,-0.242360787214643,NaN,0.672582483305644,0.0910459173000433
467.6608,-1.86529569572985,1.87835948777757,1.15567974139795,2.18484148619034,1.54503226957504,1.54503226957597,NaN,1.54714738816131,0.248227578213504,-0.157954547661357,-1.19449857262472,-0.157954547661492,-1.1532761750985,0.400135448614475,NaN,NaN,NaN,2.33163362393238,NaN,-0.367257847718164,2.02513794945058,NaN,0.470105125661739,NaN,NaN,0.417134490571541,NaN,NaN,1.5470185638837,-1.48378209550299,-1.89230536001223,-2.01603226163122,NaN,NaN,0.028318553267498,-1.0908972489084,1.97116416599469,0.72504046294664,0.725040462943122,0.108596229518474,-0.520627376713747,NaN,NaN,-1.64093861727694,-0.513869963261566,NaN,NaN,-0.231500659386562,NaN,0.61293710660629,0.097257797038467
467.7632,-1.87972799909319,1.8931443067508,1.1650051935616,2.18117347717998,1.54639736612607,1.54639736612698,NaN,1.53280357394898,0.24984475977652,-0.127966696175683,-1.21431500047075,-0.12796669617584,-1.16239430826831,0.403449006981509,NaN,NaN,NaN,2.35925680510743,NaN,-0.317297525397597,2.05126426597279,NaN,0.456436536475163,NaN,NaN,0.400356521397393,NaN,NaN,1.52884303310959,-1.46443530265936,-1.88694281535298,-2.00805169308225,NaN,NaN,0.0108512364597282,-1.10052621996781,1.95308821869643,0.696268378307739,0.696268378304297,0.110879152740719,-0.525827999607663,NaN,NaN,-1.71661668673983,-0.521367758952865,NaN,NaN,-0.221095376081088,NaN,0.551708981918241,0.103315995618388
467.8656,-1.89179478952421,1.90566188734984,1.17304027147925,2.17651036620581,1.54607526304625,1.54607526304714,NaN,1.51733227265739,0.251858943333088,-0.0982173100250602,-1.23311709271265,-0.0982173100252366,-1.17014714713361,0.406000600523401,NaN,NaN,NaN,2.38402179769205,NaN,-0.267476954647165,2.07610664551658,NaN,0.442197168751637,NaN,NaN,0.383318460244862,NaN,NaN,1.51004757484776,-1.44481379945095,-1.8792841522106,-1.9971304426249,NaN,NaN,-0.0066888506318379,-1.10923294904639,1.93398992617969,0.666194324522095,0.666194324518723,0.11391127411627,-0.531093440854328,NaN,NaN,-1.79121718270236,-0.528321227177867,NaN,NaN,-0.21111790267704,NaN,0.489017585693922,0.109211516948406
467.968,-1.90147889837505,1.91583958754215,1.17968988051906,2.17084130718773,1.54401012636057,1.54401012636144,NaN,1.50068436825297,0.254241052960416,-0.0687520638762249,-1.25085933432391,-0.068752063876416,-1.17648316143976,0.407754976683815,NaN,NaN,NaN,2.40591856193613,NaN,-0.217903929441205,2.09964823317675,NaN,0.427376317773745,NaN,NaN,0.366027567669453,NaN,NaN,1.49060401832979,-1.424959837808,-1.86931664432949,-1.98327977744347,NaN,NaN,-0.0242507456022841,-1.11700037917015,1.91387647260542,0.634846972131255,0.634846972127948,0.117590257499961,-0.536359262998671,NaN,NaN,-1.86457320686015,-0.534752574249056,NaN,NaN,-0.201537757743222,NaN,0.424986325997339,0.114937813030395
468.0704,-1.90876922216311,1.92360942906132,1.18486048078029,2.16415500226028,1.54014831790633,1.54014831790718,NaN,1.48281121967636,0.256959715032999,-0.0396187234556695,-1.26749695218556,-0.039618723455877,-1.18135346046191,0.408678418830453,NaN,NaN,NaN,2.42494461062669,NaN,-0.168687308377546,2.12187489252125,NaN,0.411963201323619,NaN,NaN,0.34849259292543,NaN,NaN,1.47048468743629,-1.40491456977086,-1.85703134624487,-1.96651668897632,NaN,NaN,-0.0417849121474773,-1.12381412253641,1.89275588881859,0.602256108383578,0.602256108380338,0.121813712684276,-0.541561496104613,NaN,NaN,-1.93652156261221,-0.540685737516208,NaN,NaN,-0.192321211900573,NaN,0.359741887151056,0.120490942554683
468.1728,-1.91366073139374,1.92890839691255,1.18846053598726,2.1564397598197,1.5344387163149,1.53443871631574,NaN,1.46366498810564,0.259981327500887,-0.0108671102653121,-1.28298593696154,-0.0108671102655421,-1.18471199998039,0.408738852815252,NaN,NaN,NaN,2.44110480724926,NaN,-0.119936848746386,2.14277494955996,NaN,0.395947091746009,NaN,NaN,0.330723822367254,NaN,NaN,1.44966264097361,-1.38471778989804,-1.8424231805772,-1.94686387971248,NaN,NaN,-0.0592434613733768,-1.12966245764789,1.87063709618768,0.5684527068804,0.568452706877225,0.126480031389186,-0.546637012884204,NaN,NaN,-2.00690306709789,-0.546146183233606,NaN,NaN,-0.183431514866795,NaN,0.293413726819809,0.125869730396266
468.2752,-1.91615446430347,1.93167870234653,1.19040092047,2.14768355607326,1.52683299776224,1.52683299776307,NaN,1.44319894632109,0.263270122145085,0.0174509082725595,-1.29728309267899,0.0174509082723068,-1.18651576972132,0.407905915863282,NaN,NaN,NaN,2.45441115372007,NaN,-0.0717630104103339,2.16233892137588,NaN,0.379317433987158,NaN,NaN,0.312733086546926,NaN,NaN,1.42811189421141,-1.36440772636469,-1.82549104377508,-1.92434975341269,NaN,NaN,-0.0765803757763625,-1.13453631613824,1.8475299378703,0.533468966669288,0.533468966666182,0.131489208111855,-0.551523938552872,NaN,NaN,-2.07556282906961,-0.551160706782029,NaN,NaN,-0.17482914528107,NaN,0.226133689493178,0.131075920138974
468.3776,-1.91625750899494,1.93186801790585,1.19059529417727,2.13787410666792,1.51728589024714,1.51728589024796,NaN,1.42136777670499,0.266788226852847,0.0452814219239889,-1.31034610873973,0.0452814219237182,-1.18672496587312,0.406151004835234,NaN,NaN,NaN,2.46488257315641,NaN,-0.024276751766451,2.18055924102577,NaN,0.362063960235002,NaN,NaN,0.294533743784827,NaN,NaN,1.40580763281416,-1.34402088129172,-1.80623791722065,-1.89900840405355,NaN,NaN,-0.0937517316767234,-1.13842926072357,1.8234452062213,0.497338333890095,0.497338333887053,0.136743635193716,-0.556162082139141,NaN,NaN,-2.14235051064923,-0.555757224322815,NaN,NaN,-0.166472080661387,NaN,0.158035687533855,0.136114311842079
468.48,-1.91398297919496,1.92942970320525,1.18896046939833,2.12699896060733,1.50575542632499,1.5057554263258,NaN,1.39812787335236,0.270495740295921,0.0725685057578406,-1.32213364398437,0.0725685057575504,-1.18530315716907,0.403447332428179,NaN,NaN,NaN,2.47254469379108,NaN,0.0224106659329157,2.19743000058989,NaN,0.344176816937513,NaN,NaN,0.276140666757651,NaN,NaN,1.38272642955048,-1.32359191163256,-1.78467097233536,-1.87087959681596,NaN,NaN,-0.110715911260671,-1.14133745807981,1.79839468089042,0.460095529950951,0.460095529947972,0.142148856656526,-0.560493367639466,NaN,NaN,-2.20712057132645,-0.559964550298985,NaN,NaN,-0.158316088880933,NaN,0.0892554055162929,0.140992882978796
468.5824,-1.90934998508593,1.92432304097204,1.18541679765674,2.11504562665052,1.49220321835682,1.49220321835762,NaN,1.37343766333657,0.27435083261647,0.0992543051091693,-1.33260541363856,0.0992543051088602,-1.18221745396696,0.3997700194441,NaN,NaN,NaN,2.4774296404756,NaN,0.0681878803792617,2.21294672939121,NaN,0.325646716399991,NaN,NaN,0.257570253291463,NaN,NaN,1.35884647315735,-1.30315353998268,-1.76080166544867,-1.84000873460121,NaN,NaN,-0.127433793161521,-1.14325965113138,1.7723911890782,0.421776607057767,0.421776607054844,0.147614264646348,-0.564462246878504,NaN,NaN,-2.26973248896961,-0.563812164311664,NaN,NaN,-0.150315044116633,NaN,0.0199299977535883,0.145722895689035
468.6848,-1.90238359492913,1.9165134873333,1.17988858678513,2.10200173022274,1.47659476002998,1.47659476003077,NaN,1.34725794907178,0.278309875099277,0.125279184837738,-1.34172227839364,0.12527918483741,-1.17743868465859,0.395096227999413,NaN,NaN,NaN,2.47957583197263,NaN,0.112943670187134,2.2271062125419,NaN,0.306465113319825,NaN,NaN,0.238840459534895,NaN,NaN,1.33414781362239,-1.28273649127309,-1.73464582748501,-1.80644680744472,NaN,NaN,-0.143868915624683,-1.14419713453427,1.74544868598051,0.382419030380906,0.382419030378039,0.153053723474472,-0.568016089887915,NaN,NaN,-2.3300509777937,-0.567329980332991,NaN,NaN,-0.142421270431248,NaN,-0.0498022175509156,0.150318991719173
468.7872,-1.89311477997602,1.90597291721397,1.17230452586321,2.08785518451586,1.45889973082155,1.45889973082232,NaN,1.31955225660857,0.28232758496282,0.150581915378682,-1.34944634442748,0.150581915378342,-1.17094157548795,0.389405308123353,NaN,NaN,NaN,2.47902776986199,NaN,0.156567258707852,2.23990634295169,NaN,0.286624392539164,NaN,NaN,0.219970828370972,NaN,NaN,1.30861261870232,-1.26236946157651,-1.70622375798351,-1.7702503262427,NaN,NaN,-0.15998761753089,-1.14415373619343,1.71758233850685,0.342061760829707,0.342061760826896,0.158386112551132,-0.571105563167765,NaN,NaN,-2.38794624543613,-0.570548135654954,NaN,NaN,-0.134585914054202,NaN,-0.119802035091682,0.154799268402392
468.8896,-1.88158033530538,1.89267983484727,1.16259807899868,2.07259435548565,1.43909227031548,1.43909227031624,NaN,1.29028716761649,0.286357164771574,0.175099854324073,-1.35574108535027,0.175099854323715,-1.16270492525909,0.382678918304389,NaN,NaN,NaN,2.47583580331137,NaN,0.198948675977146,2.25134599056818,NaN,0.266118048812591,NaN,NaN,0.200982480849349,NaN,NaN,1.28222542842833,-1.24207913102708,-1.67556032805049,-1.73148124236293,NaN,NaN,-0.175759170004294,-1.14313580691732,1.68880859165516,0.300745306873978,0.300745306871224,0.163535788797557,-0.57368500833443,NaN,NaN,-2.44329431162806,-0.573496810585971,NaN,NaN,-0.126759339553875,NaN,-0.18992957682189,0.159185321604663
468.992,-1.86782277094852,1.87661952775466,1.1507078200971,2.05620820819478,1.41715120201999,1.41715120202073,NaN,1.25943261897239,0.290350424989838,0.198769099209647,-1.36057149164606,0.198769099209278,-1.15271176789357,0.374901096662191,NaN,NaN,NaN,2.47005586633908,NaN,0.239979167195924,2.26142487472893,NaN,0.244940846574461,NaN,NaN,0.181898055045416,NaN,NaN,1.25497339272803,-1.2218902299325,-1.6426850876411,-1.69020685160489,NaN,NaN,-0.191155909248262,-1.14115221947107,1.65914520526927,0.25851173133793,0.258511731335234,0.168432976725519,-0.57571282416218,NaN,NaN,-2.49597736260244,-0.576206079426225,NaN,NaN,-0.11889154083176,NaN,-0.260044436444705,0.163502238084064
469.0944,-1.85189017300301,1.85778415950415,1.1365777017383,2.03868643338136,1.393060204924,1.39306020492472,NaN,1.22696216486479,0.294257890135063,0.221524611616349,-1.36390424559319,0.22152461161597,-1.14094951991242,0.366058283449077,NaN,NaN,NaN,2.46174919665487,NaN,0.27955163576935,2.27014344235521,NaN,0.223088959918064,NaN,NaN,0.162741598157276,NaN,NaN,1.22684648119555,-1.20182565676888,-1.60763236675355,-1.6464996778659,NaN,NaN,-0.206153374795207,-1.13821437317004,1.62861126009145,0.215404618677162,0.215404618674515,0.173014101037898,-0.5771518452612,NaN,NaN,-2.54588409121261,-0.578705787575562,NaN,NaN,-0.110932557821197,NaN,-0.330005789999777,0.167778520631184
469.1968,-1.83383604478456,1.83617281148242,1.12015726456143,2.02001956264497,1.36680794312211,1.36680794312282,NaN,1.19285320637784,0.298028893902519,0.243300326885817,-1.36570791328054,0.243300326885428,-1.12741011301893,0.356139310695977,NaN,NaN,NaN,2.45098204442015,NaN,0.317561094043483,2.27750276693468,NaN,0.20056010090863,NaN,NaN,0.143538431259578,NaN,NaN,1.1978376579244,-1.18190663247076,-1.5704413595093,-1.60043733115438,NaN,NaN,-0.220730451429133,-1.13433618930307,1.59722714024076,0.171469014551827,0.171469014549233,0.177222080951921,-0.577969703191472,NaN,NaN,-2.59290998925049,-0.581025443785866,NaN,NaN,-0.102832891658568,NaN,-0.399672527133727,0.172045939408996
469.2992,-1.81371914527472,1.81179149371332,1.1014018019008,2.00019908630738,1.33838817082991,1.33838817083061,NaN,1.15708720190789,0.301611671188193,0.264029272554215,-1.36595314166141,0.264029272553821,-1.11209011428809,0.345135381881306,NaN,NaN,NaN,2.43782537043336,NaN,0.353905081384858,2.28350447515142,NaN,0.177353646577808,NaN,NaN,0.124315010882047,NaN,NaN,1.16794301499593,-1.16215286537652,-1.53115618177369,-1.55210233579818,NaN,NaN,-0.234869506434332,-1.1295340754778,1.5650145041137,0.126751349260294,0.126751349257747,0.181006600606003,-0.578139147913341,NaN,NaN,-2.63695758682922,-0.583194107639382,NaN,NaN,-0.0945439163385951,NaN,-0.468903420211075,0.176339320468623
469.4016,-1.79160333766363,1.78465314644689,1.08027250108311,1.97921758700223,1.30779983198457,1.30779983198526,NaN,1.11964987424582,0.304953458786595,0.283643722972308,-1.3646128489586,0.283643722971908,-1.09499083889007,0.333040065288853,NaN,NaN,NaN,2.42235453054982,NaN,0.388484023830695,2.28815069810397,NaN,0.153470773735252,NaN,NaN,0.105098807653495,NaN,NaN,1.1371618587487,-1.1425827028275,-1.48982589611593,-1.50158192644676,NaN,NaN,-0.248556508560603,-1.12382684422466,1.53199625568481,0.0812993580077986,0.0812993580052976,0.184324354726132,-0.577638306648892,NaN,NaN,-2.6779366550887,-0.585240254340754,NaN,NaN,-0.0860182938185013,NaN,-0.537557305590606,0.180696292853279
469.504,-1.76755744612004,1.75477764208904,1.05673657770074,1.95706889162163,1.27504716366958,1.27504716367026,NaN,1.08053142104187,0.308000613593236,0.30207540529038,-1.36166240212382,0.302075405289976,-1.07611845930109,0.319849311767738,NaN,NaN,NaN,2.40464894550279,NaN,0.421201545660989,2.29144405053984,NaN,0.128914604000265,NaN,NaN,0.085918206967512,NaN,NaN,1.10549674522395,-1.123213255874,-1.44650450377587,-1.44896781194678,NaN,NaN,-0.261781116603899,-1.11723558826214,1.49819652045395,0.0351620072416286,0.03516200723917,0.187139255466975,-0.576450872316767,NaN,NaN,-2.71576439962397,-0.587191621241341,NaN,NaN,-0.077210404294878,NaN,-0.605493263676436,0.185157005431576
469.6064,-1.74165510247597,1.72219177572247,1.03076740172518,1.93374822918284,1.24013979432165,1.24013979432232,NaN,1.0397267185687,0.310698744146538,0.319255747323863,-1.35707978328666,0.319255747323459,-1.0554841088049,0.305561484954849,NaN,NaN,NaN,2.38479175244178,NaN,0.451964775549532,2.29338764774027,NaN,0.103690349845659,NaN,NaN,0.0668024161696521,NaN,NaN,1.072953464681,-1.10406049567375,-1.40125090805775,-1.39435590915778,NaN,NaN,-0.274536732914103,-1.10978352723835,1.46364061884849,-0.0116105758877436,-0.0116105758901582,0.189422587067248,-0.574566233364293,NaN,NaN,-2.75036566943301,-0.589075061044695,NaN,NaN,-0.0680767972876029,NaN,-0.672570828260977,0.189763802687197
469.7088,-1.71397455867568,1.68692922164327,1.00234460315825,1.90925237462504,1.20309281816499,1.20309281816566,NaN,0.997235499174156,0.312992842829224,0.335116146572883,-1.35084575189138,0.335116146572479,-1.03310397197461,0.290177381071491,NaN,NaN,NaN,2.362869429878,NaN,0.480684701993334,2.29398516156277,NaN,0.0778054448365875,NaN,NaN,0.0477813527942069,NaN,NaN,1.03954098226516,-1.0851393292051,-1.35412885259548,-1.33784604817653,NaN,NaN,-0.286820524626807,-1.10149584343755,1.42835502468215,-0.0589671827387661,-0.0589671827411412,0.191153104890573,-0.571979561849147,NaN,NaN,-2.78167319810461,-0.590916420706561,NaN,NaN,-0.0585766596953006,NaN,-0.738650266756421,0.194560844803047
469.8112,-1.68459845011172,1.64903044158645,0.971454149002818,1.88357976392789,1.16392683396202,1.16392683396268,NaN,0.953062488766658,0.314827412095059,0.349588250291834,-1.34294400670358,0.349588250291429,-1.00899935548957,0.273700224147083,NaN,NaN,NaN,2.33897139057974,NaN,0.507276614952524,2.29324090952101,NaN,0.05126964374164,NaN,NaN,0.0288854959070147,NaN,NaN,1.00527134957794,-1.06646366382137,-1.30520683282911,-1.27954164750616,NaN,NaN,-0.298633418492203,-1.09239952018451,1.39236730074966,-0.106855620031763,-0.106855620034099,0.192317082224555,-0.568691867815688,NaN,NaN,-2.80962788943465,-0.592740447168908,NaN,NaN,-0.0486722940286154,NaN,-0.80359294506731,0.199593675612952
469.9136,-1.65361350755007,1.60854254460252,0.938088393602373,1.85673057744036,1.12266794963329,1.12266794963394,NaN,0.907217502689693,0.316146588350753,0.362604252434276,-1.33336134514445,0.36260425243387,-0.983196736104399,0.25613563866884,NaN,NaN,NaN,2.31318954507017,NaN,0.531660631767374,2.29115997222535,NaN,0.0240950886601588,NaN,NaN,0.0101457002718094,NaN,NaN,0.970159600890636,-1.04804646503595,-1.25455797264422,-1.21954935376946,NaN,NaN,-0.309980072653063,-1.08252318978495,1.355706012607,-0.155222822680051,-0.155222822682349,0.192908307631031,-0.564710017424564,NaN,NaN,-2.83417915193404,-0.594570712933343,NaN,NaN,-0.0383295992304171,NaN,-0.867261773099156,0.204908751647633
470.016,-1.6211102219461,1.56551910841986,0.902246113410418,1.82870679763748,1.07934776449406,1.0793477644947,NaN,0.859715506577348,0.316894272256955,0.374097222305966,-1.32208781118746,0.374097222305561,-0.955727785279801,0.237491614111935,NaN,NaN,NaN,2.28561784625676,NaN,0.553762279211147,2.28774833468348,NaN,-0.00370365131628132,NaN,NaN,-0.00840701155178651,NaN,NaN,0.934223640892367,-1.02989980400179,-1.20225985469343,-1.15797863969273,NaN,NaN,-0.320868824011444,-1.07189699287284,1.31840062942327,-0.204014970586648,-0.204014970588909,0.192928030630022,-0.560046705466153,NaN,NaN,-2.85528526870753,-0.596429550273793,NaN,NaN,-0.0275185428812948,NaN,-0.92952172728158,0.210552940940753
470.1184,-1.58718247098682,1.52001997588125,0.863932538822152,1.79951225116771,1.03400334094629,1.03400334094692,NaN,0.810576653132315,0.317014274709283,0.384001474773245,-1.30911681995517,0.384001474772841,-0.926629370024044,0.217778476231108,NaN,NaN,NaN,2.25635183397724,NaN,0.573513102753165,2.28301304360547,NaN,-0.0321095560317792,NaN,NaN,-0.0267416613323773,NaN,NaN,0.897484128134454,-1.01203488542651,-1.14839430036997,-1.09494136263506,NaN,NaN,-0.331311608763214,-1.0605524499609,1.2804814240205,-0.253177595752392,-0.253177595754614,0.192384850782907,-0.554720373879301,NaN,NaN,-2.87291376829246,-0.598337978997547,NaN,NaN,-0.0162136117636353,NaN,-0.990240429598634,0.216573004675942
470.2208,-1.55192712175209,1.47211103619316,0.823159384729908,1.76915264311645,0.986677166552605,0.986677166553227,NaN,0.759826305555927,0.316450481986519,0.392252970632094,-1.29444525002092,0.39225297063169,-0.895943526922191,0.197008865562779,NaN,NaN,NaN,2.2254882042446,NaN,0.590851276277065,2.27696237385672,NaN,-0.0611031401885603,NaN,NaN,-0.044827523668077,NaN,NaN,0.859964357396657,-0.994462050516637,-1.09304711186624,-1.0305513011938,NaN,NaN,-0.341323857894725,-1.04852234437031,1.24197938139478,-0.302655674901249,-0.302655674903432,0.191294549910307,-0.548755077710441,NaN,NaN,-2.88704175659917,-0.600315618134021,NaN,NaN,-0.00439422835402711,NaN,-1.04928873621785,0.223015084213481
470.3232,-1.51544362679703,1.42186399420466,0.779944868846833,1.73763558831336,0.937417097749194,0.937417097749807,NaN,0.707495052792363,0.315147035277482,0.398789720029047,-1.27807350383475,0.398789720028646,-0.863717404640112,0.175197710002449,NaN,NaN,NaN,2.19312442311916,NaN,0.605722184363365,2.26960600005329,NaN,-0.0906624486276639,NaN,NaN,-0.0626343338040187,NaN,NaN,0.821690139330136,-0.977190764194671,-1.03630779752286,-0.964923695361204,NaN,NaN,-0.350924374457864,-1.03584061361875,1.2029261194942,-0.352393711751046,-0.352393711753192,0.189679872991273,-0.542180309379464,NaN,NaN,-2.89765618674701,-0.602380583288291,NaN,NaN,0.00795487885618878,NaN,-1.10654129140231,0.229924211750458
470.4256,-1.47783362811495,1.36935612843625,0.734313705639183,1.70497064532348,0.886276276740454,0.886276276741055,NaN,0.653618715248567,0.313048519502743,0.403552169718841,-1.2600055459684,0.403552169718443,-0.830003170072792,0.152362180652163,NaN,NaN,NaN,2.15935839049837,NaN,0.618078957578867,2.26095516658008,NaN,-0.120763061639815,NaN,NaN,-0.0801325005631404,NaN,NaN,0.782689672009571,-0.960229607388204,-0.978269295723559,-0.898174810833091,NaN,NaN,-0.360135201443829,-1.02254224862831,1.16335382435518,-0.402335813912671,-0.402335813914781,0.187570259038445,-0.535030791274353,NaN,NaN,-2.90475406297338,-0.604549381032951,NaN,NaN,0.0208433616886544,NaN,-1.16187703166401,0.237343852278528
470.528,-1.43920057736261,1.31467003890624,0.686297069780991,1.67116936158607,0.833313017424912,0.833313017425499,NaN,0.598238337297954,0.310100161690032,0.406483569008956,-1.24024893098752,0.406483569008565,-0.794857874494984,0.128521631091786,NaN,NaN,NaN,2.12428814843724,NaN,0.627882949427518,2.25102284836733,NaN,-0.151378111105034,NaN,NaN,-0.0972933265829207,NaN,NaN,0.742993402053438,-0.943586292577471,-0.919027705056332,-0.830421540413212,NaN,NaN,-0.368981486962212,-1.00866320392019,1.12329520504524,-0.452425766195616,-0.45242576619769,0.185001510938467,-0.52734623623361,NaN,NaN,-2.90834257988696,-0.606836821250697,NaN,NaN,0.0342750024614901,NaN,-1.21517964772406,0.245315479972326
470.6304,-1.3996493736136,1.25789338734885,0.635932531928128,1.63624533612985,0.778590662469305,0.778590662469879,NaN,0.541400167080813,0.306248041660432,0.407530316409903,-1.21881482931727,0.407530316409518,-0.758343283047692,0.103697529686873,NaN,NaN,NaN,2.08801162748763,NaN,0.635104139251,2.23982390463675,NaN,-0.182478304740206,NaN,NaN,-0.114089229724179,NaN,NaN,0.702633879213999,-0.927267708044317,-0.858682025448939,-0.761781048102213,NaN,NaN,-0.377491344511009,-0.994240320100269,1.08278347559366,-0.502607097944454,-0.502607097946492,0.182015389621367,-0.519171065744856,NaN,NaN,-2.90843919667553,-0.609255969699145,NaN,NaN,0.0482475318043901,NaN,-1.2663380123931,0.253878190114278
470.7328,-1.35928600876601,1.1991186329931,0.583263980700852,1.60021429752323,0.722177422184493,0.722177422185053,NaN,0.48315562983232,0.301439320091195,0.406642299459327,-1.19571805551942,0.406642299458948,-0.72052567967406,0.0779134009820119,NaN,NaN,NaN,2.05062642395997,NaN,0.639721446493672,2.22737523877197,NaN,-0.214031950104344,NaN,NaN,-0.130493951027111,NaN,NaN,0.661645611180075,-0.91127997823381,-0.797333907076859,-0.69237044746948,NaN,NaN,-0.385695693712883,-0.979311254536417,1.04185236603616,-0.552823136959526,-0.55282313696153,0.178659131227387,-0.510554074544408,NaN,NaN,-2.90507164545846,-0.611818146440543,NaN,NaN,0.0627525157186098,NaN,-1.31524657425783,0.263068346169275
470.8352,-1.31821720015453,1.13844276149117,0.528341545946297,1.56309418584337,0.664146205285886,0.664146205286431,NaN,0.423561297762462,0.295622491587367,0.403773247049244,-1.17097709801871,0.403773247048872,-0.681475655998211,0.0511947886690807,NaN,NaN,NaN,2.012229598324,NaN,0.641722962746696,2.21369597367725,NaN,-0.246004973107528,NaN,NaN,-0.146482737699389,NaN,NaN,0.620064921299815,-0.895628512596423,-0.735087391933945,-0.622306492212512,NaN,NaN,-0.393628065721993,-0.963914414648106,1.00053615593762,-0.60301704424538,-0.603017044247352,0.174984900845656,-0.501548034160208,NaN,NaN,-2.89827786945845,-0.614532957350843,NaN,NaN,0.0777753125371208,NaN,-1.36180571777703,0.272919263231342
470.9376,-1.27654999302367,1.07596699742062,0.471221524572595,1.52490522617684,0.604574439138941,0.604574439139473,NaN,0.362678849945503,0.288747666518814,0.398881101610674,-1.14461413864359,0.398881101610308,-0.641267877751248,0.0235692374637107,NaN,NaN,NaN,1.97291748854599,NaN,0.641106129110136,2.19880763338478,NaN,-0.27836093740038,NaN,NaN,-0.162032503109271,NaN,NaN,0.577929803208329,-0.880318018747904,-0.672048630824878,-0.551705258634586,NaN,NaN,-0.401324371277102,-0.948088889851569,0.958869718364798,-0.65313183631328,-0.653131836315218,0.171049199477295,-0.492209234160893,NaN,NaN,-2.88810588400591,-0.617408343909189,NaN,NaN,0.0932950969211173,NaN,-1.40592209881551,0.283460931407759
471.04,-1.2343913319735,1.01179649236016,0.411966297562741,1.4856699870804,0.54354386907639,0.543543869076905,NaN,0.30057501306012,0.280766877301655,0.391928401511426,-1.11665504197823,0.391928401511068,-0.599980814518607,-0.00493371987872946,NaN,NaN,NaN,1.93278553998482,NaN,0.637877882959849,2.18273430883695,NaN,-0.311061076857198,NaN,NaN,-0.177121972309914,NaN,NaN,0.535279760203861,-0.865352476307796,-0.608325568200236,-0.480681815217553,NaN,NaN,-0.408822641197915,-0.931874377793795,0.916888563575402,-0.703110411720415,-0.70311041172232,0.166912239235858,-0.482596971390306,NaN,NaN,-2.87461355997271,-0.620450644824081,NaN,NaN,0.109284945366,NaN,-1.4475089672515,0.294719781612317
471.1424,-1.19184761518132,0.946039988008284,0.350644224702044,1.44541342420696,0.481140329988816,0.481140329989316,NaN,0.237321478242809,0.271634398784408,0.382882659450486,-1.08712930153494,0.382882659450134,-0.557696424009657,-0.0342825832812321,NaN,NaN,NaN,1.89192815551996,NaN,0.632054771631556,2.16550279525574,NaN,-0.34406434946798,NaN,NaN,-0.191731817682987,NaN,NaN,0.492155618342657,-0.85073508722439,-0.5440275970173,-0.409349889573164,NaN,NaN,-0.416162749917747,-0.915311099162671,0.874628877462661,-0.752895594416491,-0.752895594418365,0.162637299313372,-0.472773005265186,NaN,NaN,-2.85786833825917,-0.623664673028815,NaN,NaN,0.125711984538771,NaN,-1.48648647973136,0.306718490079703
471.2448,-1.14902424956314,0.878809457811291,0.287329505653489,1.40416291377819,0.417453488601943,0.417453488602427,NaN,0.172994792710493,0.26130706912238,0.371716724286666,-1.05606994550409,0.37171672428632,-0.514499789908247,-0.064443921982891,NaN,NaN,NaN,1.8504385681721,NaN,0.623663005110832,2.14714270366514,NaN,-0.377327514635121,NaN,NaN,-0.205844784791529,NaN,NaN,0.448599309997757,-0.836468227596088,-0.479265188805576,-0.337821548693728,NaN,NaN,-0.42338612901582,-0.898439695770276,0.832127555988133,-0.802430196458036,-0.80243019645988,0.158290066917249,-0.462800989114342,NaN,NaN,-2.83794688736811,-0.627053818586278,NaN,NaN,0.142537610976151,NaN,-1.522781994056,0.319475811680785
471.3472,-1.10602522315727,0.810219731836005,0.222101999676919,1.36194828337535,0.352576556336081,0.352576556336547,NaN,0.107676229022979,0.249744599312207,0.358409116250552,-1.02351341373971,0.358409116250213,-0.470478716190415,-0.0953824295126091,NaN,NaN,NaN,1.80840873805,NaN,0.612738416242531,2.12768654731469,NaN,-0.410805230042463,NaN,NaN,-0.219445804378094,NaN,NaN,0.404653635549335,-0.822553426825221,-0.414149502066924,-0.266206902282486,NaN,NaN,-0.430535474104073,-0.881301108437192,0.789422240419432,-0.851657097546514,-0.851657097548329,0.153937957350044,-0.45274587300549,NaN,NaN,-2.81493471754782,-0.630620184474674,NaN,NaN,0.159717784253123,NaN,-1.55633033360686,0.333006435248443
471.4496,-1.06295270658713,0.740388112288396,0.155047004412714,1.31880184820779,0.286605974704515,0.286605974704959,NaN,0.0414516414464977,0.236909867699819,0.342944333495513,-0.989499419940788,0.342944333495181,-0.425723283879641,-0.127060990466148,NaN,NaN,NaN,1.76592927238214,NaN,0.599326310727929,2.10716979710898,NaN,-0.44445016016149,NaN,NaN,-0.232522081250286,NaN,NaN,0.360362016897571,-0.808991394169636,-0.348791969723702,-0.194613828048994,NaN,NaN,-0.437654445110471,-0.863936434623045,0.746551358408925,-0.900519335970451,-0.900519335972238,0.149649403159088,-0.442673269281364,NaN,NaN,-2.78892576482588,-0.634364753161561,NaN,NaN,0.177203387500552,NaN,-1.58707401567959,0.347320862942035
471.552,-1.01990668692913,0.669433988429034,0.0862550040326112,1.27475845762892,0.219641079929094,0.219641079929519,NaN,-0.0255886799281995,0.222769205037017,0.325313138001696,-0.95407081024892,0.325313138001373,-0.380325380439843,-0.159440746039179,NaN,NaN,NaN,1.72308936478868,NaN,0.583481204421853,2.08563090915732,NaN,-0.478213088011311,NaN,NaN,-0.245063149386688,NaN,NaN,0.315768252281094,-0.795782097340043,-0.28330386786572,-0.123147713226213,NaN,NaN,-0.444787356019018,-0.84638676902635,0.703554173024261,-0.948960201988125,-0.948960201989887,0.14549310776429,-0.432648780260505,NaN,NaN,-2.7600219520528,-0.638287578344673,NaN,NaN,0.194940652598382,NaN,-1.61496344204802,0.362425316743334
471.6544,-0.976984627152713,0.597478456364395,0.0158214013827387,1.22985554883351,0.151783756538539,0.151783756538936,NaN,-0.0933501544149788,0.207292681260277,0.305512831067188,-0.917273418372931,0.305512831066872,-0.334378213933648,-0.192481147674487,NaN,NaN,NaN,1.67997675248925,NaN,0.565266459136111,2.06311134187983,NaN,-0.512043024506058,NaN,NaN,-0.257060887911087,NaN,NaN,0.270916273565104,-0.782924875098241,-0.217795872991599,-0.0519112084372617,NaN,NaN,-0.451978847262445,-0.828693029425054,0.660470835514277,-0.996923326610499,-0.996923326612237,0.141537276670315,-0.422737303803896,NaN,NaN,-2.72833272634952,-0.642387992865507,NaN,NaN,0.212871648095752,NaN,-1.63995705112325,0.378321670164556
471.7568,-0.93428113840114,0.524643942752509,-0.0561537556747316,1.1841331958948,0.0831380871001016,0.0831380871004732,NaN,-0.161734062720292,0.190454402864016,0.283547519666558,-0.879155908442681,0.283547519666246,-0.287975823259638,-0.226139997472764,NaN,NaN,NaN,1.63667769037227,NaN,0.544753840958797,2.03965557825515,NaN,-0.545887314181388,NaN,NaN,-0.268509503186569,NaN,NaN,0.22584990469283,-0.770418554545539,-0.152377621091222,0.0189960053709024,NaN,NaN,-0.459273537813108,-0.810895767279293,0.617342430794356,-1.04435276700928,-1.044352767011,0.137848860242914,-0.413002349675457,NaN,NaN,-2.69397457105611,-0.646664815120777,NaN,NaN,0.230934815705147,NaN,-1.662021431161,0.395007401117016
471.8592,-0.89188765328412,0.451053826850533,-0.12956605137757,1.13763413931947,0.0138099998041855,0.013809999804533,NaN,-0.230637718217766,0.172232818995458,0.25942836342505,-0.839769600840711,0.259428363424743,-0.241212595699598,-0.260373481490367,NaN,NaN,NaN,1.59327693315108,NaN,0.522023030056091,2.01531115045247,NaN,-0.579691739815098,NaN,NaN,-0.27940549215593,NaN,NaN,0.180612626568895,-0.758261555118551,-0.0871572875768677,0.0894774288998956,NaN,NaN,-0.466715663055066,-0.793034965145414,0.574211003984897,-1.09119309515437,-1.09119309515606,0.134492847095825,-0.403505404847373,NaN,NaN,-2.65707049431957,-0.65111653302579,NaN,NaN,0.249065531033722,NaN,-1.68113139420256,0.412475562722319
471.9616,-0.849892098340166,0.376832060199629,-0.204306982023182,1.0904037892195,-0.0560930843247036,-0.0560930843243819,NaN,-0.299954666490775,0.152611026255828,0.23317379348546,-0.799168283609579,0.233173793485157,-0.194182802752435,-0.295136199886511,NaN,NaN,NaN,1.54985770875434,NaN,0.497161107471728,1.99012864579237,NaN,-0.613400629936789,NaN,NaN,-0.289747601534205,NaN,NaN,0.135247361839402,-0.746451981500454,-0.0222412060727903,0.159439922577341,NaN,NaN,-0.474348711519564,-0.775149830167437,0.531119563642231,-1.13738949328224,-1.13738949328391,0.131531630472097,-0.394305374144509,NaN,NaN,-2.61774950063407,-0.655741454047664,NaN,NaN,0.267196663710814,NaN,-1.69727001545994,0.430714772766673
472.064,-0.808378579589722,0.302102796889847,-0.280264231788433,1.0424902084322,-0.126462594806024,-0.126462594805726,NaN,-0.369574913140064,0.131577064131448,0.204809710642159,-0.757408014348903,0.204809710641862,-0.146980164542678,-0.330381187916238,NaN,NaN,NaN,1.50650166832981,NaN,0.470262038682365,1.9641616699993,NaN,-0.646956973093711,NaN,NaN,-0.299536784574704,NaN,NaN,0.0897962928299433,-0.734987722200075,0.0422664659119203,0.228793839602718,NaN,NaN,-0.482215074571074,-0.757278598665346,0.488112065543393,-1.18288785256418,-1.18288785256583,0.129024447340069,-0.385458105006346,NaN,NaN,-2.57614605338426,-0.660537823880653,NaN,NaN,0.285259114497548,NaN,-1.71042865080786,0.449709227205101
472.1664,-0.767427102994437,0.226990054522518,-0.357321933717257,0.993944086737445,-0.197189130075523,-0.197189130075247,NaN,-0.439385172745299,0.109124196767741,0.174369679618159,-0.714546920981224,0.174369679617868,-0.0996974553087516,-0.366059915506217,NaN,NaN,NaN,1.4632888100909,NaN,0.441426165278163,1.93746675759621,NaN,-0.680302539960826,NaN,NaN,-0.308776143120921,NaN,NaN,0.0443007210121875,-0.72386657255221,0.106264035802432,0.297453106175461,NaN,NaN,-0.490355716302109,-0.739458368562806,0.44523338282442,-1.22763486689313,-1.22763486689476,0.127026879883642,-0.377015993309444,NaN,NaN,-2.53239953357953,-0.665503922187346,NaN,NaN,0.303182312610786,NaN,-1.72060694497474,0.469438741676856
472.2688,-0.727113346225597,0.151617417929773,-0.435360912515578,0.944818710051272,-0.268162740291611,-0.26816274029136,NaN,-0.509269130659372,0.0852511755713122,0.141895125420986,-0.670645012366675,0.141895125420704,-0.052426162142063,-0.40212225886682,NaN,NaN,NaN,1.42029738398891,NaN,0.410759703479312,1.9101032356312,NaN,-0.713378009389087,NaN,NaN,-0.317470839790382,NaN,NaN,-0.00119902539026585,-0.71308638542552,0.169652521143965,0.365335243579516,NaN,NaN,-0.498809859785302,-0.721724971609233,0.402529264336755,-1.27157811509895,-1.27157811510057,0.125590412759025,-0.369027663066485,NaN,NaN,-2.48665369391656,-0.670638136665258,NaN,NaN,0.320894665192559,NaN,-1.72781283349671,0.489878819923655
472.3712,-0.6875084859937,0.0761077818589308,-0.514258918838525,0.895169918086326,-0.339273176514862,-0.339273176514635,NaN,-0.579107714065732,0.0599624756778098,0.107435519295727,-0.625764002396963,0.107435519295458,-0.00525619584814688,-0.438516452354766,NaN,NaN,NaN,1.37760378594182,NaN,0.378374236899101,1.88213305111768,NaN,-0.746123094772782,NaN,NaN,-0.32562797690867,NaN,NaN,-0.0466636351518008,-0.702645230276154,0.232335849937664,0.432361331300564,NaN,NaN,-0.507614680428342,-0.704112883536711,0.360046277691357,-1.31466613138223,-1.31466613138382,0.124762045410899,-0.361537713956219,NaN,NaN,-2.43905610332784,-0.675939006494528,NaN,NaN,0.338323956777982,NaN,-1.73206253168561,0.511000747322257
472.4736,-0.648679070190605,0.000583113011306386,-0.593890875135864,0.845056036932137,-0.410410122233453,-0.410410122233249,NaN,-0.648779376430441,0.0332685005431541,0.0710485298400711,-0.579967140909962,0.0710485298398123,0.0417243672821129,-0.475189043725845,NaN,NaN,NaN,1.3352824459472,NaN,0.344386188516844,1.85362056494925,NaN,-0.778476677024477,NaN,NaN,-0.333256458278199,NaN,NaN,-0.0920548222473756,-0.692541530444642,0.294221016628272,0.498455917807584,NaN,NaN,-0.516805000322588,-0.686655156478557,0.317831729856014,-1.35684847257685,-1.35684847257842,0.124583962732258,-0.354586533273024,NaN,NaN,-2.38975757503914,-0.68140522651077,NaN,NaN,0.355397702306598,NaN,-1.7333805005469,0.532771711616249
472.576,-0.610686914137859,-0.074835796962665,-0.674129157399462,0.794537771382984,-0.48146343240452,-0.481463432404342,NaN,-0.718160403327243,0.00518574886728122,0.0328001088826094,-0.533319042537742,0.0328001088823596,0.0884295416145909,-0.512084882916529,NaN,NaN,NaN,1.29340570525341,NaN,0.308916263336791,1.82463230510573,NaN,-0.810376960705763,NaN,NaN,-0.340366862236378,NaN,NaN,-0.137335318243656,-0.682774156283196,0.355218197273662,0.563546890036154,NaN,NaN,-0.526412983834505,-0.669383357436304,0.275933557695167,-1.39807579684569,-1.39807579684725,0.125093272873408,-0.348210170932401,NaN,NaN,-2.33891156912224,-0.687035611077194,NaN,NaN,0.372043464622955,NaN,-1.73179938344539,0.555154956404778
472.6784,-0.573589004600058,-0.15002961113163,-0.754843933868081,0.743678046327754,-0.552323402529548,-0.552323402529395,NaN,-0.787125245999158,-0.024263063705595,-0.0072355167015078,-0.485885505864061,-0.00723551670174949,0.134775704848146,-0.549147170249834,NaN,NaN,NaN,1.25204367054384,NaN,0.27208886213419,1.79523666621856,NaN,-0.841761669973763,NaN,NaN,-0.346971352018482,NaN,NaN,-0.182468862993801,-0.673342470992848,0.415240825598869,0.627565308946788,NaN,NaN,-0.5364678421766,-0.652327506680062,0.234400182264226,-1.43829996799218,-1.43829996799372,0.126321826520604,-0.342440279872733,NaN,NaN,-2.28667356361082,-0.692829018171602,NaN,NaN,0.388189147349547,NaN,-1.72735991436141,0.57810997380001
472.7808,-0.537437406884643,-0.224880769006794,-0.835903570729807,0.692541793947191,-0.622881077620132,-0.622881077620002,NaN,-0.855546887915063,-0.0550489371434357,-0.0489759642474666,-0.43773331522709,-0.0489759642477003,0.180681888945935,-0.586317577002387,NaN,NaN,NaN,1.21126403606777,NaN,0.234031472715322,1.76550354687666,NaN,-0.872568291909458,NaN,NaN,-0.353083637800703,NaN,NaN,-0.227420200543491,-0.664246343235253,0.47420563004039,0.690445213642765,NaN,NaN,-0.546995560875758,-0.635516019627224,0.193280323588144,-1.47747419338242,-1.47747419338394,0.128296130790745,-0.337304127081215,NaN,NaN,-2.2332003987543,-0.698784231683734,NaN,NaN,0.403763265741393,NaN,-1.72011080170518,0.601592740447419
472.8832,-0.502279178158266,-0.299273843417036,-0.917175097158663,0.641195693379416,-0.693028595721547,-0.693028595721438,NaN,-0.923297248731185,-0.087136583424107,-0.0923309272579453,-0.388930020956301,-0.0923309272581705,0.226070076805358,-0.623536435358729,NaN,NaN,NaN,1.17113187605499,NaN,0.194874048560334,1.73550393456868,NaN,-0.902734363527868,NaN,NaN,-0.358718990499493,NaN,NaN,-0.272155084815947,-0.655486146705221,0.532032637794872,0.75212340013766,NaN,NaN,-0.558018665928252,-0.618975661008411,0.152622781063247,-1.5155531937996,-1.5155531938011,0.131037357766107,-0.332824673372986,NaN,NaN,-2.17864961205247,-0.704899807792097,NaN,NaN,0.418695194826843,NaN,-1.71010858650467,0.625555994248285
472.9856,-0.46815629374536,-0.373095910769357,-0.99852470267802,0.589707882509847,-0.76265954768436,-0.76265954768427,NaN,-0.990247624062704,-0.120484491516145,-0.137202507623577,-0.339543701958345,-0.137202507623794,0.270865484661532,-0.660742980439905,NaN,NaN,NaN,1.13170942107768,NaN,0.154748388218207,1.70530946685168,NaN,-0.932197791816428,NaN,NaN,-0.363894294569503,NaN,NaN,-0.316640297810302,-0.647062765286973,0.58864516061929,0.812539189588694,NaN,NaN,-0.569556044015579,-0.602731520637679,0.112476197329937,-1.55249339528478,-1.55249339528626,0.134561428186394,-0.329020705222476,NaN,NaN,-2.12317879215047,-0.711173906124595,NaN,NaN,0.432915398510617,NaN,-1.69741746825114,0.649949542769666
473.088,-0.435105594615838,-0.446236906385525,-1.07981823118185,0.538147666878695,-0.831669329322072,-0.831669329321998,NaN,-1.05626915219241,-0.155045053976175,-0.183485622823066,-0.289642720785323,-0.183485622823272,0.314996812007122,-0.697875617145848,NaN,NaN,NaN,1.09305583454346,NaN,0.113787528936642,1.67499199580728,NaN,-0.960897196992008,NaN,NaN,-0.3686281207361,NaN,NaN,-0.360843676449536,-0.63897761382127,0.643969778626637,0.871634204131335,NaN,NaN,-0.581622828250434,-0.586807017019914,0.0728888280970401,-1.5882531310976,-1.58825313109906,0.138879141917148,-0.325906996113815,NaN,NaN,-2.06694497911872,-0.717604129578228,NaN,NaN,0.446355644142261,NaN,-1.68210909618158,0.674720598013348
473.1904,-0.403158762378399,-0.518589944889097,-1.1609216468503,0.486585239048795,-0.899955468375343,-0.89995546837529,NaN,-1.12123329887036,-0.190764741866762,-0.231068460636123,-0.239295477869645,-0.231068460636321,0.358396450341245,-0.734872186094935,NaN,NaN,NaN,1.05522699745213,NaN,0.0721251591652659,1.64462316751832,NaN,-0.988772274463544,NaN,NaN,-0.372940801753334,NaN,NaN,-0.404734139003676,-0.631232665487595,0.697936334498247,0.929352166171227,NaN,NaN,-0.594230350184058,-0.571223930096058,0.0339083306669472,-1.62279284353547,-1.62279284353691,0.143996335304719,-0.323494483790791,NaN,NaN,-2.01010412019025,-0.724187387686948,NaN,NaN,0.458949203392459,NaN,-1.66426232884068,0.69981413933029
473.2928,-0.372342322725894,-0.590051604226094,-1.24170147066568,0.435091404312202,-0.967417923012032,-0.967417923011998,NaN,-1.18501235828772,-0.227584325258248,-0.27983297250898,-0.188570159933336,-0.279832972509168,0.401000652927875,-0.771670221499566,NaN,NaN,NaN,1.01827530051942,NaN,0.0298950424184451,1.61427402019195,NaN,-1.01576417346238,NaN,NaN,-0.37685450216415,NaN,NaN,-0.448281707274201,-0.623830459723898,0.750477949308882,0.985638734963681,NaN,NaN,-0.607386147290337,-0.556002457191931,-0.00441842898879263,-1.65607527590738,-1.6560752759088,0.149914057868193,-0.321790460876447,NaN,NaN,-1.95281056565467,-0.730919791829851,NaN,NaN,0.47063104291463,NaN,-1.64396295628662,0.725173302020988
473.3952,-0.342677672904895,-0.660522187668657,-1.32202520536308,0.383737301131395,-1.03395936077725,-1.03395936077723,NaN,-1.24747997419593,-0.26543915381243,-0.329655422677058,-0.137534470505432,-0.329655422677237,0.442749673320866,-0.808207217035952,NaN,NaN,NaN,0.982249441516283,NaN,-0.0127695609515431,1.58401460649608,NaN,-1.04181588897937,NaN,NaN,-0.380393282024716,NaN,NaN,-0.491457530569583,-0.616774066227707,0.801531070514089,1.04044139207365,NaN,NaN,-0.621094012368549,-0.54116128109665,-0.0420455555282145,-1.68806564830506,-1.68806564830646,0.156628764399779,-0.320798781163883,NaN,NaN,-1.89521658105447,-0.737796588198326,NaN,NaN,0.481338016834828,NaN,-1.62130336720336,0.750739779705554
473.4976,-0.314181128169034,-0.729905981463859,-1.40176177114282,0.332594106131077,-1.09948543002272,-1.09948543002272,NaN,-1.30851168352794,-0.304259515807863,-0.38040701894608,-0.0862553347645056,-0.380407018946251,0.483587879782918,-0.844420923363985,NaN,NaN,NaN,0.947194232470172,NaN,-0.0557364871965109,1.55391364785436,NaN,-1.06687266234464,NaN,NaN,-0.383583159848532,NaN,NaN,-0.534233920873268,-0.610066995703846,0.851035559087932,1.09370938465029,NaN,NaN,-0.635354076974257,-0.526717642389919,-0.0789282941760015,-1.71873181912214,-1.71873181912353,0.164132516462865,-0.320520084884999,NaN,NaN,-1.83747186133576,-0.744812129504224,NaN,NaN,0.491009076483945,NaN,-1.59638214286304,0.776454228991687
473.6,-0.286863988431024,-0.798111517802842,-1.48078196802098,0.281732716195737,-1.16390503137595,-1.16390503137597,NaN,-1.36798547597012,-0.3439710824186,-0.431954639918911,-0.0347985810800312,-0.431954639919074,0.523463850500529,-0.880249690512741,NaN,NaN,NaN,0.91315043381128,NaN,-0.0988752854597877,1.52403822583636,NaN,-1.09088238403153,NaN,NaN,-0.386452178894302,NaN,NaN,-0.576584404755143,-0.603713060442633,0.898934820376585,1.14539373658184,NaN,NaN,-0.65016292721795,-0.512687414921368,-0.115023195314982,-1.74804443882097,-1.74804443882234,0.172413187920611,-0.320952044940278,NaN,NaN,-1.77972304432294,-0.751959879846252,NaN,NaN,0.499585508038907,NaN,-1.56930356732892,0.802256671213989
473.7024,-0.260732634284371,-0.865051841423182,-1.55895897065288,0.231223404040157,-1.22713058936488,-1.22713058936492,NaN,-1.42578235418255,-0.38449542991884,-0.48416165661249,0.01677138943703,-0.484161656612646,0.562330453257048,-0.915632852135291,NaN,NaN,NaN,0.880154642296986,NaN,-0.142057852865445,1.49445350991111,NaN,-1.11379598955351,NaN,NaN,-0.389030474000718,NaN,NaN,-0.6184837909592,-0.597716192089086,0.945175984780496,1.19544734208819,NaN,NaN,-0.665513752216957,-0.499085185161866,-0.150288277943266,-1.77597709673376,-1.77597709673511,0.181454675376353,-0.322089631503074,NaN,NaN,-1.72211322563674,-0.759232442734622,NaN,NaN,0.507011200263333,NaN,-1.54017705007298,0.828086886984673
473.8048,-0.235788660764968,-0.930644770254432,-1.63616884867176,0.181135450017298,-1.28907831645655,-1.2890783164566,NaN,-1.48178687832401,-0.425750621655987,-0.53688882973914,0.068391931061704,-0.536888829739291,0.600144911104574,-0.950511135173547,NaN,NaN,NaN,0.848239254482195,NaN,-0.185159072907687,1.46522251663374,NaN,-1.13556783864597,NaN,NaN,-0.391350327578459,NaN,NaN,-0.659908246860834,-0.592080225206479,0.989710143727589,1.24382515330035,NaN,NaN,-0.681396522916099,-0.485924333641213,-0.184683195572856,-1.8025064520545,-1.80250645205583,0.19123712169685,-0.323925386630621,NaN,NaN,-1.66478147835651,-0.766621600157085,NaN,NaN,0.513232934606354,NaN,-1.50911646533713,0.853884797396855
473.9072,-0.212029046522368,-0.99481313686826,-1.71229109020673,0.131536761839701,-1.34966845671989,-1.34966845671996,NaN,-1.53588768391816,-0.467651822703193,-0.589995246855848,0.120002465830639,-0.589995246855995,0.636868852266348,-0.984827070035765,NaN,NaN,NaN,0.817432509717152,NaN,-0.228057435610456,1.4364058960008,NaN,-1.15615606784197,NaN,NaN,-0.393446199026691,NaN,NaN,-0.700835373715991,-0.586808660905132,1.03249263357625,1.29048445127628,NaN,NaN,-0.697798193094214,-0.473217115318902,-0.218169404486528,-1.82761233639941,-1.82761233640073,0.20173715983709,-0.326449697986043,NaN,NaN,-1.60786238445804,-0.774118350910806,NaN,NaN,0.518200682102882,NaN,-1.47623942760786,0.879590827214138
474.0096,-0.189446346167682,-1.05748499460428,-1.78720909275403,0.0824935038505269,-1.40882549506262,-1.40882549506271,NaN,-1.58797796654105,-0.510111914763218,-0.643339250300271,0.171544766735276,-0.643339250300412,0.672468339663949,-1.01852537167755,NaN,NaN,NaN,0.787758600968313,NaN,-0.270635613232929,1.40806174549128,NaN,-1.17552290318792,NaN,NaN,-0.395354711861655,NaN,NaN,-0.741244268515126,-0.581904432670323,1.0734833405755,1.33538516024162,NaN,NaN,-0.714702908174611,-0.460974737765789,-0.250710325810858,-1.85127781722589,-1.8512778172272,0.212928171023885,-0.329651059115136,NaN,NaN,-1.55148559103138,-0.781712938924814,NaN,NaN,0.521867890775063,NaN,-1.44166654414956,0.905146247615552
474.112,-0.168028892555053,-1.11859376964416,-1.86081058068471,0.0340697621587959,-1.46647831679244,-1.46647831679255,NaN,-1.63795592634018,-0.553042080921636,-0.696779303958896,0.222963201227492,-0.696779303959034,0.706913873014587,-1.05155325983992,NaN,NaN,NaN,0.759237834947792,NaN,-0.312780966065452,1.38024545757747,NaN,-1.19363491638664,NaN,NaN,-0.397114581550988,NaN,NaN,-0.781115559003593,-0.577369693537737,1.11264699509563,1.37849015742369,NaN,NaN,-0.732092205027643,-0.449207439416164,-0.282271485079144,-1.8734892124456,-1.87348921244689,0.224780535702766,-0.333516295562816,NaN,NaN,-1.49577540536122,-0.789394864791326,NaN,NaN,0.524191752187714,NaN,-1.40552069577087,0.930493495061035
474.2144,-0.147761003310215,-1.17807834411717,-1.93298792141468,-0.0136727349339673,-1.52256030485691,-1.52256030485703,NaN,-1.68572516350721,-0.596352340583398,-0.750174761676417,0.274204931985276,-0.750174761676551,0.740180356288444,-1.08386069529563,NaN,NaN,NaN,0.731886820419676,NaN,-0.354385969470931,1.35300960452878,NaN,-1.21046321232356,NaN,NaN,-0.398766469283001,NaN,NaN,-0.820431401403741,-0.573205628440722,1.14995343544748,1.41976554995461,NaN,NaN,-0.749945189624371,-0.437924570827762,-0.312820614896937,-1.89423604958739,-1.89423604958867,0.23726185281799,-0.338030731390262,NaN,NaN,-1.44085043608747,-0.797152876037223,NaN,NaN,0.525133439949894,NaN,-1.36792637248651,0.955576463209665
474.3168,-0.128623194390097,-1.23588307087288,-2.00363834375991,-0.0606748385636692,-1.57700937803275,-1.5770093780329,NaN,-1.73119502084693,-0.639952032652643,-0.803386534084917,0.325220074897915,-0.80338653408505,0.77224702993451,-1.11540053605368,NaN,NaN,NaN,0.705718662430558,NaN,-0.395348573767676,1.3264038532699,NaN,-1.22598355188884,NaN,NaN,-0.400352764826247,NaN,NaN,-0.859175440120313,-0.56941228452918,1.18537783023651,1.45918090977281,NaN,NaN,-0.768238688377496,-0.427134678358559,-0.342327719500716,-1.91351097600023,-1.9135109760015,0.250337117155441,-0.343178289226372,NaN,NaN,-1.38682327577112,-0.804974935007538,NaN,NaN,0.524658313454167,NaN,-1.32900905048084,0.980340770468694
474.4192,-0.110592404145945,-1.2919577404724,-2.07266409301756,-0.106880156879493,-1.62976799497449,-1.62976799497465,NaN,-1.77428088277512,-0.683750263173894,-0.856277686030853,0.375961810259279,-0.856277686030984,0.803097377939035,-1.14612864725081,NaN,NaN,NaN,0.680743144317753,NaN,-0.43557251312496,1.30047489739593,NaN,-1.24017643083465,NaN,NaN,-0.401917326020511,NaN,NaN,-0.897332740471055,-0.565988415714199,1.21890084834321,1.49670946430279,NaN,NaN,-0.786947378667043,-0.416845585298089,-0.37076511454968,-1.93130964271266,-1.93130964271392,0.263968863512066,-0.348941548484638,NaN,NaN,-1.33380021209936,-0.8128481697146,NaN,NaN,0.522736080803785,NaN,-1.28889458963497,1.00473400822647
474.5216,-0.0936422262954226,-1.34625752917391,-2.13997256521729,-0.152235207449257,-1.68078315555139,-1.68078315555157,NaN,-1.81490444891525,-0.727656340868219,-0.908714008001197,0.426386441124424,-0.908714008001325,0.832719024076417,-1.17600400459814,NaN,NaN,NaN,0.656966889419471,NaN,-0.474967574829584,1.27526640120425,NaN,-1.25302713679814,NaN,NaN,-0.40350520803814,NaN,NaN,-0.934889710282145,-0.562931346655899,1.25050876983708,1.53232824380523,NaN,NaN,-0.806043908451038,-0.407064464396719,-0.398107459482599,-1.94763058782035,-1.9476305878216,0.278117295152194,-0.355301797507692,NaN,NaN,-1.28188096779668,-0.820758826009169,NaN,NaN,0.519340919929651,NaN,-1.24770866254052,1.0287059659955
474.624,-0.0777431469856346,-1.39874294785618,-2.2054764465546,-0.196689555691273,-1.73000641694971,-1.73000641694991,NaN,-1.85299399520987,-0.771580214656298,-0.960564587759577,0.476453397412274,-0.960564587759704,0.861103625866738,-1.20498881164562,NaN,NaN,NaN,0.634393504816217,NaN,-0.51344983924177,1.25081895598811,NaN,-1.26452579262556,NaN,NaN,-0.405162398188585,NaN,NaN,-0.971834022019283,-0.560236864457291,1.28019354138086,1.56601819048714,NaN,NaN,-0.825499012371767,-0.397797897711818,-0.424331792195395,-1.9624751340863,-1.96247513408755,0.292740408827625,-0.362239098054467,NaN,NaN,-1.23115849556706,-0.828692250640477,NaN,NaN,0.514451565789378,NaN,-1.20557626012073,1.05220881685809
474.7264,-0.0628627815471211,-1.44937979427625,-2.2690938576281,-0.240195938760307,-1.77739392032692,-1.77739392032714,NaN,-1.888484621736,-0.815432909342497,-1.01170237860934,0.526125191664994,-1.01170237860947,0.888246765653214,-1.2330486244101,NaN,NaN,NaN,0.613023713940493,NaN,-0.550941899326391,1.22717004282861,NaN,-1.27466738032464,NaN,NaN,-0.406935550575782,NaN,NaN,-1.00815453813486,-0.55789914317977,1.30795278809013,1.59776423638508,NaN,NaN,-0.845281625866545,-0.389051922553959,-0.449417564353874,-1.97584729974864,-1.97584729974988,0.30779411679739,-0.369732355336295,NaN,NaN,-1.18171885371473,-0.836632926174079,NaN,NaN,0.508051378153254,NaN,-1.16262131816669,1.07519724692126
474.8288,-0.0489661111759289,-1.49813909323618,-2.33074847916261,-0.282710365057896,-1.82290640650744,-1.82290640650768,NaN,-1.92131847375624,-0.859126940855287,-1.06200473395821,0.575367338379863,-1.06200473395834,0.91414783170106,-1.26015245712745,NaN,NaN,NaN,0.592855480615814,NaN,-0.587373062913035,1.20435399373849,NaN,-1.28345173327245,NaN,NaN,-0.408871702803793,NaN,NaN,-1.04384123136308,-0.555910700129736,1.33378979574423,1.62755535513081,NaN,NaN,-0.865358993361787,-0.380832065566467,-0.473346666592647,-1.98775370860871,-1.98775370860994,0.323232357523341,-0.377759371788624,NaN,NaN,-1.13364115780463,-0.844564552903847,NaN,NaN,0.500128400446345,NaN,-1.11896645680818,1.09762853401825
474.9312,-0.0360157270208273,-1.54499699927683,-2.39036962734599,-0.32419217566132,-1.86650919339333,-1.86650919339358,NaN,-1.95144491693967,-0.902576687660658,-1.11135386805463,0.624148251350145,-1.11135386805476,0.938809879092692,-1.28627283715082,NaN,NaN,NaN,0.573884119764353,NaN,-0.62267953574188,1.18240195465387,NaN,-1.29088348185508,NaN,NaN,-0.411017954737883,NaN,NaN,-1.07888508602077,-0.554262374309843,1.35771347195664,1.65538458909286,NaN,NaN,-0.885696762971621,-0.3731433684271,-0.496103430335376,-1.99820348087166,-1.99820348087289,0.33900718561755,-0.386296862807068,NaN,NaN,-1.08699759119824,-0.852470155159622,NaN,NaN,0.490675407105465,NaN,-1.07473277243675,1.11946260207696
475.0336,-0.0239720902886065,-1.58993464591165,-2.44789226228441,-0.364604060117937,-1.90817210035878,-1.90817210035904,NaN,-1.97882065494945,-0.945698705731363,-1.15963722223373,0.672439129036567,-1.15963722223386,0.962239463013861,-1.31138579262161,NaN,NaN,NaN,0.55610238853284,NaN,-0.656804580807192,1.16134186470522,NaN,-1.29697194415062,NaN,NaN,-0.413421099611252,NaN,NaN,-1.11327797508272,-0.552943311948636,1.37973828535996,1.68124905073235,NaN,NaN,-0.906259059915301,-0.36599040599496,-0.517674600451114,-2.00720809586193,-2.00720809586315,0.355068834536936,-0.395320424489648,NaN,NaN,-1.04185347357481,-0.860332194253778,NaN,NaN,0.479689928712744,NaN,-1.03003963866542,1.14066206959395
475.136,-0.0127938097786702,-1.63293795233988,-2.50325694756082,-0.40391203514729,-1.94786933323892,-1.9478693332392,NaN,-2.00340979607796,-0.988411997902806,-1.20674775647852,0.720213826929373,-1.20674775647865,0.984446447737914,-1.33547078981488,NaN,NaN,NaN,0.539500552997352,NaN,-0.689698649721643,1.141198458128,NaN,-1.30173097219304,NaN,NaN,-0.416127222806339,NaN,NaN,-1.14701252422532,-0.551940950388147,1.399884174389,1.70514989612971,NaN,NaN,-0.927008537890416,-0.359377294631863,-0.538049287407305,-2.01478123815546,-2.01478123815667,0.371365750375597,-0.404804460384591,NaN,NaN,-0.998267392057139,-0.868132686100543,NaN,NaN,0.467174247382214,NaN,-0.985004523734909,1.1611922879649
475.2384,-0.00243793189143036,-1.6739974183829,-2.55640980326197,-0.442085407773112,-1.98557936442469,-1.98557936442499,NaN,-2.02518388948228,-1.03063826326343,-1.25258421250639,0.767448707513952,-1.25258421250653,1.00544380555874,-1.35851066202735,NaN,NaN,NaN,0.524066423508235,NaN,-0.72131948118178,1.1219932798759,NaN,-1.30517878018174,NaN,NaN,-0.419181306001769,NaN,NaN,-1.18008198153648,-0.55124100634157,1.41817641579793,1.72709226946435,NaN,NaN,-0.947906419463894,-0.353307689276828,-0.557218917866212,-2.02093865321854,-2.02093865321976,0.387844603717595,-0.414722087395258,NaN,NaN,-0.956291382314478,-0.875853328750163,NaN,NaN,0.453135361534534,NaN,-0.939742837495167,1.18102136286887
475.3408,0.00713976301823907,-1.71310793301773,-2.60730248556958,-0.479096741985673,-2.02128483616805,-2.02128483616836,NaN,-2.04412194879483,-1.07230214336831,-1.29705138345207,0.814122460799851,-1.29705138345221,1.02524742055141,-1.38049156522939,NaN,NaN,NaN,0.509785353154903,NaN,-0.751632153695343,1.10374470666982,NaN,-1.3073377766806,NaN,NaN,-0.422626871532296,NaN,NaN,-1.21248010691152,-0.550827483113056,1.43464544685564,1.74708521953626,NaN,NaN,-0.968912542582524,-0.347784770969805,-0.575177200583746,-2.0256980353395,-2.02569803534071,0.404450293151905,-0.425045042287804,NaN,NaN,-0.915971137642898,-0.883475641060152,NaN,NaN,0.437584923189018,NaN,-0.89436779688329,1.20012016439145
475.4432,0.0159844634925903,-1.75026860320931,-2.65589219805221,-0.514921834916476,-2.05497249280574,-2.05497249280607,NaN,-2.06021046973072,-1.11333146498662,-1.34006039426714,0.860215896544212,-1.34006039426729,1.04387590325012,-1.40140296731744,NaN,NaN,NaN,0.49664020691169,NaN,-0.780609077292432,1.08646797351013,NaN,-1.30823440551452,NaN,NaN,-0.426505678549867,NaN,NaN,-1.24420108699464,-0.550682708862146,1.44932664347723,1.7651415924364,NaN,NaN,-0.989985425591367,-0.342811227937863,-0.591920113230332,-2.0290789557944,-2.02907895579562,0.421125952164019,-0.435743602755476,NaN,NaN,-0.877346233680676,-0.890981108863821,NaN,NaN,0.4205391548312,NaN,-0.848990301612057,1.21846233204786
475.5456,0.0241420326619025,-1.78548259445587,-2.70214171822548,-0.549539696111405,-2.08663312957436,-2.0866331295747,NaN,-2.07344343983761,-1.15365747062676,-1.38152897223315,0.905711714877618,-1.3815289722333,1.06135041254362,-1.42123765188549,NaN,NaN,NaN,0.484611323628445,NaN,-0.808229924950691,1.07017520494618,NaN,-1.3078989864407,NaN,NaN,-0.430857459162708,NaN,NaN,-1.27523947347313,-0.550787411335549,1.46226006704895,1.78127790726258,NaN,NaN,-1.01108235306504,-0.338389232302803,-0.607445903614543,-2.03110282397406,-2.03110282397527,0.437812965561524,-0.446786528935412,NaN,NaN,-0.84045036144141,-0.898351329872039,NaN,NaN,0.402018755538283,NaN,-0.803718835209998,1.23602427232303
475.648,0.0316587154926715,-1.81875696251517,-2.74601940922831,-0.582932515637597,-2.11626153378638,-2.11626153378675,NaN,-2.08382232979819,-1.19321502178915,-1.42138167087392,0.950594265065158,-1.42138167087408,1.07769447432155,-1.43999170243398,NaN,NaN,NaN,0.473676493919562,NaN,-0.834481516167269,1.05487544991237,NaN,-1.30636553993061,NaN,NaN,-0.435719668601639,NaN,NaN,-1.30559013346132,-0.551120827038837,1.47349019713991,1.79551422242567,NaN,NaN,-1.03215947575799,-0.334520414120804,-0.621755090764734,-2.03179286179648,-2.03179286179768,0.454450998744743,-0.458141023691686,NaN,NaN,-0.805311552068531,-0.90556813898711,NaN,NaN,0.382048800853775,NaN,-0.758659407512719,1.25278515153128
475.7504,0.0385808412206841,-1.8501024484558,-2.7874991799556,-0.615085604376389,-2.14385638778652,-2.14385638778691,NaN,-2.09135604577658,-1.23194275261923,-1.4595500042574,0.994849304440465,-1.45955000425756,1.09293378360376,-1.4576644308325,NaN,NaN,NaN,0.463810966277895,NaN,-0.85935765446565,1.04057472544158,NaN,-1.30367157820274,NaN,NaN,-0.441127220935548,NaN,NaN,-1.33524819556945,-0.55166083328948,1.48306566006839,1.80787399729502,NaN,NaN,-1.05317191364903,-0.331205835642436,-0.634850450211204,-2.03117406547278,-2.03117406547399,0.470978042407824,-0.469772704600628,NaN,NaN,-0.771952372477691,-0.912613690626328,NaN,NaN,0.360658629608552,NaN,-0.713915530290248,1.2687269011694
475.8528,0.0449545149786009,-1.87953321892235,-2.82656037150648,-0.645987297389908,-2.16942011392243,-2.16942011392284,NaN,-2.09606082437331,-1.26978315787027,-1.4959724675688,1.03846376661965,-1.49597246756897,1.107095981467,-1.47425823261619,NaN,NaN,NaN,0.454987481246597,NaN,-0.882858907652392,1.02727607565273,NaN,-1.29985785163512,NaN,NaN,-0.44711219600047,NaN,NaN,-1.3642089794477,-0.552384085224144,1.49103895018118,1.81838394939061,NaN,NaN,-1.07407385350423,-0.32844596795319,-0.646736976200014,-2.02927313701067,-2.02927313701187,0.487330474964001,-0.481645584101291,NaN,NaN,-0.740390081453797,-0.919470485812199,NaN,NaN,0.337881703221578,NaN,-0.669588201711444,1.28383425035285
475.9552,0.0508253011469419,-1.90706656127961,-2.86318758237607,-0.675628828568706,-2.19295867112053,-2.19295867112096,NaN,-2.09796007205572,-1.30668262251628,-1.53059446147948,1.08142553754527,-1.53059446147965,1.1202104105366,-1.48977838652526,NaN,NaN,NaN,0.447176322866518,NaN,-0.904992317108884,1.0149796427191,NaN,-1.29496805769916,NaN,NaN,-0.453703532263161,NaN,NaN,-1.39246790472277,-0.553266146111086,1.49746613283642,1.8270739035564,NaN,NaN,-1.09481864043348,-0.326240670209907,-0.657421828643202,-2.02611838994476,-2.02611838994596,0.503443146957224,-0.493722067797351,NaN,NaN,-0.710636747202641,-0.926121353756174,NaN,NaN,0.313755425819014,NaN,-0.625775877838079,1.29809478039534
476.0576,0.056237911137976,-1.93272256637291,-2.89737047068741,-0.704004198529812,-2.21448133679715,-2.2144813367976,NaN,-2.09708417129465,-1.3425914201006,-1.56336816858611,1.12372322872578,-1.56336816858629,1.132307863718,-1.5042328395542,NaN,NaN,NaN,0.440345373830426,NaN,-0.925771025837438,1.00368273522157,NaN,-1.2890485356113,NaN,NaN,-0.460926742720107,NaN,NaN,-1.42002038114653,-0.554281614794468,1.502406520917,1.83397662850868,NaN,NaN,-1.11535887106235,-0.324589171375381,-0.666914283203988,-2.02173965210712,-2.02173965210832,0.519249495883444,-0.505962991643405,NaN,NaN,-0.682699329778956,-0.932549410776953,NaN,NaN,0.288320926719225,NaN,-0.582574412524383,1.31149898330238
476.16,0.0612359087392334,-1.95652383014419,-2.92910356909277,-0.731110055166949,-2.23400050609171,-2.23400050609219,NaN,-2.09347027669262,-1.37746370544501,-1.59425242642412,1.16534593886036,-1.5942524264243,1.1434203406169,-1.51763201319221,NaN,NaN,NaN,0.43446017044768,NaN,-0.945213829303565,0.993379875399313,NaN,-1.28214796880639,NaN,NaN,-0.468803686036141,NaN,NaN,-1.44686168790918,-0.5554042635792,1.50592232613977,1.83912765885314,NaN,NaN,-1.13564649896718,-0.323490053986014,-0.675225700301309,-2.0161681881601,-2.0161681881613,0.534681698243792,-0.518327709817029,NaN,NaN,-0.656579730801195,-0.938738015899502,NaN,NaN,0.261622821913454,NaN,-0.540076950217942,1.3240403074495
476.2624,0.0658614379393549,-1.97849518634518,-2.95838612650859,-0.756945592444213,-2.25153151981052,-2.25153151981102,NaN,-2.08716211156596,-1.41125751122956,-1.62321261414179,1.20628300406514,-1.62321261414198,1.15358081750399,-1.52998864189286,NaN,NaN,NaN,0.429483965405013,NaN,-0.963344670300436,0.984062813991555,NaN,-1.27431710164855,NaN,NaN,-0.477352401267035,NaN,NaN,-1.47298685486652,-0.556607198044515,1.50807829514541,1.84256510556546,NaN,NaN,-1.15563295983095,-0.322941238351767,-0.68236951685797,-2.00943665016629,-2.00943665016748,0.549670854528258,-0.530774221155352,NaN,NaN,-0.632274820917787,-0.944670737028769,NaN,NaN,0.233708975811082,NaN,-0.498373774434555,1.3357151804701
476.3648,0.0701549734859002,-1.99866346376996,-2.98522196641844,-0.78151246037708,-2.2670925104494,-2.26709251044992,NaN,-2.07820976310123,-1.44393474229787,-1.65022053992629,1.24652374405094,-1.65022053992649,1.16282302784534,-1.54131762927483,NaN,NaN,NaN,0.425377808757857,NaN,-0.980192099468748,0.975720518128507,NaN,-1.26560846079201,NaN,NaN,-0.486586991577965,NaN,NaN,-1.4983905541188,-0.557863043044146,1.50894134515116,1.84432946239645,NaN,NaN,-1.17526931676727,-0.322939966101928,-0.688361252578719,-2.00157904696516,-2.00157904696635,0.564147194038879,-0.543259306905686,NaN,NaN,-0.609776473391938,-0.950331342035799,NaN,NaN,0.20463027679355,NaN,-0.457552144329633,1.34652300176033
476.4672,0.0741550943080975,-2.01705724906247,-3.00961933271744,-0.804814671855243,-2.28070424092877,-2.28070424092931,NaN,-2.06666946450196,-1.47546115177104,-1.67525429575969,1.28605721531013,-1.67525429575989,1.17118124431674,-1.55163589063731,NaN,NaN,NaN,0.422100654116821,NaN,-0.995788713071115,0.968339154083812,NaN,-1.25607606436216,NaN,NaN,-0.4965175285314,NaN,NaN,-1.52306699962875,-0.559144149356312,1.50858021391407,1.8444634173149,NaN,NaN,-1.19450641968845,-0.323482785017068,-0.693218515103349,-1.9926307105918,-1.99263071059299,0.578040290662142,-0.555738656975343,NaN,NaN,-0.589071638648805,-0.955703821962849,NaN,NaN,0.174440429131448,NaN,-0.417696170563127,1.35646609764998
476.5696,0.0778982765545974,-2.03370663159129,-3.0315906902096,-0.826858490749277,-2.29238990838863,-2.29238990838919,NaN,-2.05260334559229,-1.50580627960389,-1.69829804339582,1.32487198345571,-1.69829804339603,1.17869005082204,-1.5609621491634,NaN,NaN,NaN,0.419609494847385,NaN,-1.01017057521561,0.961902089594329,NaN,-1.24577510531214,NaN,NaN,-0.507149947601465,NaN,NaN,-1.54700984776428,-0.560422804733895,1.50706513217932,1.84301167529242,NaN,NaN,-1.21329506916368,-0.324565539699049,-0.69696098786067,-1.98262823723467,-1.98262823723587,0.5912792901866,-0.568166977086942,NaN,NaN,-0.570142479672636,-0.960772436426695,NaN,NaN,0.143195754387086,NaN,-0.378886774137185,1.36554963815165
476.672,0.081418699761119,-2.04864291679441,-3.05115246495808,-0.847652293742147,-2.30217490059861,-2.3021749005992,NaN,-2.03607913723744,-1.53494334257334,-1.71934171723476,1.36295592202031,-1.71934171723497,1.18538409776102,-1.56931667278587,NaN,NaN,NaN,0.417859532463059,NaN,-1.02337663139716,0.95638992819201,NaN,-1.23476160660469,NaN,NaN,-0.518485922052189,NaN,NaN,-1.57021209510143,-0.561671429325669,1.50446751598319,1.84002079302824,NaN,NaN,-1.23158617563588,-0.326183370559116,-0.69961039308095,-1.97160939346982,-1.97160939347102,0.60379315103909,-0.580498083266427,NaN,NaN,-0.552966568554794,-0.965521763924901,NaN,NaN,0.11095498796227,NaN,-0.341201744058257,1.37378151923175
476.7744,0.0847480646807032,-2.06189831765193,-3.06832474056954,-0.867206413428925,-2.31008651868959,-2.3100865186902,NaN,-2.01716983170671,-1.56284908500065,-1.73838066645076,1.40029603509328,-1.73838066645098,1.19129784552296,-1.57672096974036,NaN,NaN,NaN,0.41680437258015,NaN,-1.03544811911216,0.951780570412575,NaN,-1.22309205927165,NaN,NaN,-0.530522730010126,NaN,NaN,-1.5926659732205,-0.562862745093324,1.50085966952958,1.8355390214519,NaN,NaN,-1.24933091079994,-0.328330719347064,-0.701190435789395,-1.95961299750526,-1.95961299750646,0.61551089294278,-0.592684994654531,NaN,NaN,-0.537517127207797,-0.969936747137453,NaN,NaN,0.0777790567558038,NaN,-0.304715881451011,1.38117221366566
476.8768,0.0879154288424719,-2.07350565093128,-3.0831309455049,-0.885532980276885,-2.31615369637484,-2.31615369637547,NaN,-1.99595331655334,-1.58950361489106,-1.7554152812299,1.43687829550414,-1.75541528123013,1.19646531065505,-1.58319747950295,NaN,NaN,NaN,0.416396236828366,NaN,-1.04642798401178,0.948049284236381,NaN,-1.21082306133538,NaN,NaN,-0.543253147271053,NaN,NaN,-1.6143628434885,-0.563969924279966,1.49631449153922,1.82961615049753,NaN,NaN,-1.26648085758892,-0.331001339104705,-0.701726741905637,-1.94667879625575,-1.94667879625696,0.62636184116252,-0.604680029599984,NaN,NaN,-0.523763279305958,-0.974002727889382,NaN,NaN,0.0437308349296206,NaN,-0.269501197973322,1.38773459580464
476.9792,0.0909470648554281,-2.08349805965762,-3.09559755954927,-0.902645777109486,-2.32040673985227,-2.32040673985292,NaN,-1.97251200022797,-1.61489024665713,-1.77045063820431,1.4726874938819,-1.77045063820455,1.2009198278818,-1.58876928830907,NaN,NaN,NaN,0.416586179457535,NaN,-1.05636031713625,0.945168766900633,NaN,-1.19801097043129,NaN,NaN,-0.556665391139703,NaN,NaN,-1.63529310136983,-0.56496672833029,1.49090518430138,1.82230335250583,NaN,NaN,-1.28298817061855,-0.334188308884938,-0.701246800015847,-1.93284735474396,-1.93284735474518,0.636275854455312,-0.616434902006736,NaN,NaN,-0.511670284942845,-0.977705466062225,NaN,NaN,0.00887488774718325,NaN,-0.235627123969219,1.393483752876
477.0816,0.0938663387619916,-2.09190876323183,-3.10575384408247,-0.918560107479561,-2.32287709259499,-2.32287709259565,NaN,-1.9469324366584,-1.63899535546465,-1.78349616994869,1.50770710107419,-1.78349616994893,1.20469383229677,-1.59345987421156,NaN,NaN,NaN,0.417324304965767,NaN,-1.06528982555844,0.943109191494959,NaN,-1.18471157044804,NaN,NaN,-0.570743118754746,NaN,NaN,-1.65544610032399,-0.565827643217251,1.48470496911008,1.81365302320821,NaN,NaN,-1.29880575522684,-0.337884056156242,-0.699779907049529,-1.91815995901552,-1.91815995901674,0.645183533257787,-0.627900812619036,NaN,NaN,-0.501199765067491,-0.981031145204104,NaN,NaN,-0.0267227832597324,NaN,-0.203160683347894,1.39843680136864
477.184,0.0966936017091894,-2.09877081846897,-3.11363157680086,-0.933292668596174,-2.32359710960031,-2.323597109601,NaN,-1.91930494349429,-1.66180823225264,-1.79456533480771,1.54191915160913,-1.79456533480796,1.20781865773204,-1.59729286288515,NaN,NaN,NaN,0.418559988636722,NaN,-1.07326133489733,0.941838244001632,NaN,-1.17097974316998,NaN,NaN,-0.585465464136027,NaN,NaN,-1.67481009464975,-0.566528008396527,1.47778681403748,1.80371862124103,NaN,NaN,-1.31388746330957,-0.342080391590358,-0.697357109074927,-1.90265851826087,-1.9026585182621,0.653016414633821,-0.639028530185067,NaN,NaN,-0.49230995271078,-0.983966377298786,NaN,NaN,-0.0629949881852205,NaN,-0.172166609136419,1.40261272917822
477.2864,0.099446090073735,-2.10411686952452,-3.11926476173274,-0.946861414724017,-2.32259981656371,-2.32259981656441,NaN,-1.8897232013748,-1.68332092240152,-1.80367525323321,1.57530415788584,-1.80367525323347,1.21032434359823,-1.60029176581543,NaN,NaN,NaN,0.42024209949622,NaN,-1.0803193273014,0.941321161014622,NaN,-1.15686913383963,NaN,NaN,-0.600807087247273,NaN,NaN,-1.69337219259005,-0.5670441298798,1.47022318223391,1.79255450945773,NaN,NaN,-1.32818829419262,-0.346768556836774,-0.694011123514387,-1.88638544522527,-1.88638544522651,0.65970716323585,-0.649768457123665,NaN,NaN,-0.484955991100962,-0.986498214323022,NaN,NaN,-0.0998735908931745,NaN,-0.142707396401227,1.40603227490054
477.3888,0.10213783136682,-2.10797887606654,-3.12268930076215,-0.959285401276298,-2.31991863929643,-2.31991863929715,NaN,-1.85828382507699,-1.70352804067251,-1.81084629443893,1.6078410609472,-1.8108462944392,1.21223944491281,-1.6024796858131,NaN,NaN,NaN,0.422319220824141,NaN,-1.08650754207559,0.941520774106028,NaN,-1.14243180426126,NaN,NaN,-0.616738212302179,NaN,NaN,-1.71111831486344,-0.567353365006415,1.46208580783152,1.78021580214727,NaN,NaN,-1.34166458621151,-0.351939277490225,-0.689776232960896,-1.86938350166496,-1.86938350166621,0.665189762303467,-0.660070679557589,NaN,NaN,-0.479090258303955,-0.988614166065133,NaN,NaN,-0.137289744338255,NaN,-0.114843314584641,1.40871783538545
477.4912,0.104779556731706,-2.11038783072159,-3.12394264274145,-0.970584613658346,-2.3155871135511,-2.31558711355184,NaN,-1.82508591151153,-1.72242657312113,-1.81610163190837,1.63950721412105,-1.81610163190865,1.21359084828325,-1.60387900377476,NaN,NaN,NaN,0.424739863290229,NaN,-1.09186866153807,0.942397558405773,NaN,-1.12771787870197,NaN,NaN,-0.633224656119056,NaN,NaN,-1.72803316163731,-0.56743417098766,1.45344549798065,1.76675821926036,NaN,NaN,-1.35427419296311,-0.357582812126767,-0.684688154040774,-1.85169561517262,-1.85169561517387,0.669399705095288,-0.669885015840018,NaN,NaN,-0.474662681076209,-0.990302224489249,NaN,NaN,-0.175174114180485,NaN,-0.0886324269401859,1.41069337929957
477.5936,0.107378629622799,-2.11137349228571,-3.12306344182131,-0.980779797882639,-2.30963860309033,-2.30963860309109,NaN,-1.7902305822147,-1.74001568600701,-1.81946680824067,1.67027838875094,-1.81946680824096,1.21440360428421,-1.60451107999086,NaN,NaN,NaN,0.427452668760664,NaN,-1.09644406606635,0.943909679277415,NaN,-1.11277519899353,NaN,NaN,-0.650227871522049,NaN,NaN,-1.74410019493125,-0.567266119934702,1.44437195119146,1.75223794574481,NaN,NaN,-1.36597664989027,-0.363688994618284,-0.678783896892794,-1.83336469015682,-1.83336469015807,0.672274192628733,-0.67916109005054,NaN,NaN,-0.471621007764342,-0.991550893796954,NaN,NaN,-0.213457087157182,NaN,-0.0641306695095142,1.41198434441294
477.696,0.109939005484976,-2.11096415792041,-3.12009124683932,-0.989892309855926,-2.30210604909267,-2.30210604909345,NaN,-1.75382053766969,-1.75629655476766,-1.82096934111303,1.70012879339639,-1.82096934111333,1.21470078716153,-1.60439599708134,NaN,NaN,NaN,0.430406607057409,NaN,-1.10027361917274,0.946013035450223,NaN,-1.09764900493072,NaN,NaN,-0.667705032168704,NaN,NaN,-1.75930164180793,-0.566829890475448,1.43493358337458,1.73671149469394,NaN,NaN,-1.37673334164092,-0.370247271645105,-0.672101630627996,-1.81443343533294,-1.81443343533421,0.673752349314167,-0.68784845099418,NaN,NaN,-0.4699110243463,-0.99234922060218,NaN,NaN,-0.252068963226481,NaN,-0.0413920070497549,1.41261750561922
477.7984,0.112461228927887,-2.10918647983647,-3.11506622420807,-0.997943989184105,-2.29302175639896,-2.29302175639976,NaN,-1.71595962992073,-1.77127221189338,-1.82063837500832,1.72903110543201,-1.82063837500863,1.21450338681233,-1.60355235051077,NaN,NaN,NaN,0.433551169300377,NaN,-1.10339545528928,0.948661303448833,NaN,-1.08238164614997,NaN,NaN,-0.685609168860351,NaN,NaN,-1.77361851743571,-0.566107245056009,1.42519735969255,1.72023557444574,NaN,NaN,-1.38650767743307,-0.377246739286643,-0.664680559905318,-1.79494421631762,-1.79494421631889,0.673775459244654,-0.695896731348466,NaN,NaN,-0.46947671802217,-0.992686822831635,NaN,NaN,-0.290940132592233,NaN,-0.0204686278784006,1.41262082156547
477.9008,0.114942461548675,-2.10606531340565,-3.10802890065422,-1.00495705148091,-2.28241720585706,-2.28241720585788,NaN,-1.67675244784975,-1.78494740204813,-1.81850435837538,1.75695652053724,-1.81850435837571,1.21383023059126,-1.60199707221412,NaN,NaN,NaN,0.436836556977958,NaN,-1.10584576276891,0.951805989905171,NaN,-1.0670123220095,NaN,NaN,-0.703889349426195,NaN,NaN,-1.78703066199504,-0.565080996558686,1.41522863546769,1.70286696041833,NaN,NaN,-1.39526527448058,-0.384676183310497,-0.656560806634786,-1.77493892616566,-1.77493892616695,0.672287210398356,-0.703255817158296,NaN,NaN,-0.470260411410631,-0.992553923148135,NaN,NaN,-0.330001241909982,NaN,-0.00141110177806268,1.41202328877774
478.0032,0.117376528870321,-2.10162357405978,-3.09901990183768,-1.01095398614362,-2.27032287221523,-2.27032287221607,NaN,-1.63630390273051,-1.79732842975867,-1.81459871493953,1.7838748292062,-1.81459871493988,1.21269792703736,-1.59974526037524,NaN,NaN,NaN,0.440213864277626,NaN,-1.10765856438243,0.955396495543949,NaN,-1.05157684171985,NaN,NaN,-0.722490880436925,NaN,NaN,-1.7995167853484,-0.563734961817312,1.40509101197094,1.68466237370876,NaN,NaN,-1.4029741414685,-0.392524123927185,-0.647783284408192,-1.75445885617865,-1.75445885617994,0.669233934400989,-0.709876000192811,NaN,NaN,-0.472202888688302,-0.991941388613559,NaN,NaN,-0.369183355792453,NaN,0.0157315694788304,1.41085483118533
478.1056,0.119753979864872,-2.09588208613339,-3.08807966713926,-1.01595744869249,-2.25676803108129,-2.25676803108214,NaN,-1.59471880603722,-1.80842299196758,-1.80895348967693,1.80975452723185,-1.80895348967729,1.21112082353803,-1.59680999415898,NaN,NaN,NaN,0.443635256338481,NaN,-1.10886549898809,0.959380192320884,NaN,-1.03610740091942,NaN,NaN,-0.741355508542808,NaN,NaN,-1.81105451519036,-0.562053895977705,1.39484621082256,1.66567836885482,NaN,NaN,-1.40960485060595,-0.40077885926976,-0.638389556299691,-1.73354455168042,-1.73354455168172,0.664564844207666,-0.715708111471004,NaN,NaN,-0.475243512380901,-0.990840769548491,NaN,NaN,-0.408418119223014,NaN,0.0309120295755832,1.40914623064199
478.208,0.122062161316833,-2.08885942845646,-3.07524814588249,-1.0199901497232,-2.24178056032519,-2.24178056032606,NaN,-1.55210144702768,-1.81824000392826,-1.80160098273002,1.83456295742746,-1.80160098273039,1.2091109771022,-1.59320214019029,NaN,NaN,NaN,0.44705414747219,NaN,-1.1094956051049,0.963702515097426,NaN,-1.02063238257967,NaN,NaN,-0.760421620103697,NaN,NaN,-1.82162044832105,-0.560023404889785,1.384553963184,1.64597123073245,NaN,NaN,-1.41513069304229,-0.409428500284147,-0.628421680038889,-1.71223565610549,-1.71223565610679,0.658232279797519,-0.720703655773398,NaN,NaN,-0.479320311446416,-0.989244331973941,NaN,NaN,-0.447637924254568,NaN,0.044084739694584,1.40692908079367
478.3104,0.124285314867713,-2.08057180361656,-3.06056450887352,-1.02307475588541,-2.22538676425524,-2.22538676425613,NaN,-1.50855519126481,-1.82678944019219,-1.79257341425336,1.85826647057523,-1.79257341425375,1.20667814633519,-1.58893018654976,NaN,NaN,NaN,0.450425378000337,NaN,-1.10957511123379,0.96830706932757,NaN,-1.00517619949961,NaN,NaN,-0.779624462795431,NaN,NaN,-1.83119021359203,-0.557629841541785,1.37427190493246,1.62559687775554,NaN,NaN,-1.41952782352761,-0.418460993115187,-0.617922057196974,-1.69057076768622,-1.69057076768752,0.650191967594919,-0.724814970079612,NaN,NaN,-0.484370025066236,-0.987145086216744,NaN,NaN,-0.486776078083485,NaN,0.0552061975725315,1.40423573828259
478.4128,0.12640470268648,-2.07103296067977,-3.04406691526059,-1.02523381907444,-2.20761125130526,-2.20761125130617,NaN,-1.46418212057818,-1.8340822105835,-1.781902664193,1.88083059387793,-1.78190266419339,1.20382981513212,-1.58400014318274,NaN,NaN,NaN,0.453705384308872,NaN,-1.10912725145073,0.973135755929676,NaN,-0.989759193672033,NaN,NaN,-0.798896416621242,NaN,NaN,-1.83973856112085,-0.554860199301874,1.36405547293854,1.60461076892657,NaN,NaN,-1.42277540524297,-0.427864127462226,-0.606933302873644,-1.66858733663822,-1.66858733663953,0.640403292025582,-0.727995419544803,NaN,NaN,-0.490328104408851,-0.984536816679673,NaN,NaN,-0.52576696198168,NaN,0.064235171733919,1.40109925378327
478.5152,0.128398763066702,-2.06025418459817,-3.02579235370352,-1.02648973982801,-2.18847687793952,-2.18847687794045,NaN,-1.41908272358771,-1.84013007666355,-1.76962010432912,1.90222020259853,-1.76962010432953,1.20057125329214,-1.57841552458595,NaN,NaN,NaN,0.456852357391191,NaN,-1.10817212405068,0.978128913540304,NaN,-0.974397597404003,NaN,NaN,-0.81816732465965,NaN,NaN,-1.84723948601241,-0.551702014495236,1.35395780475668,1.58306781504263,NaN,NaN,-1.42485576177001,-0.437625531084939,-0.595498141858804,-1.64632161563873,-1.64632161564005,0.628829572275554,-0.730199630050425,NaN,NaN,-0.497128696151559,-0.98141411851175,NaN,NaN,-0.564546169958199,NaN,0.0711329321772893,1.39755327989089
478.6176,0.130243294837731,-2.04824434426847,-3.00577654661255,-1.0268647596484,-2.16800474878772,-2.16800474878867,NaN,-1.37335563394729,-1.84494559838258,-1.75575650626405,1.92239969759388,-1.75575650626447,1.19690561130325,-1.57217740114903,NaN,NaN,NaN,0.459826388720257,NaN,-1.10672658861939,0.983225475655068,NaN,-0.959103549298085,NaN,NaN,-0.837364873123213,NaN,NaN,-1.85366638145158,-0.54814328526648,1.3440296478148,1.56102229597507,NaN,NaN,-1.42575453560697,-0.447732654018573,-0.583659325966355,-1.6238086559629,-1.62380865596423,0.615438335440201,-0.731383742602537,NaN,NaN,-0.504704644886895,-0.977772452965578,NaN,NaN,-0.603050623055026,NaN,0.0758634682686358,1.39363196409402
478.72,0.131911666349685,-2.03500997570119,-2.98405388542706,-1.02638096899499,-2.14621424744315,-2.14621424744412,NaN,-1.3270974046422,-1.84854209119752,-1.74034198628997,1.94133319582012,-1.74034198629039,1.19283404002544,-1.56528448530624,NaN,NaN,NaN,0.462589607830127,NaN,-1.1048041830228,0.988363136555101,NaN,-0.943885150927539,NaN,NaN,-0.856414995211109,NaN,NaN,-1.85899220739676,-0.544172406297781,1.33431928518166,1.53852778579575,NaN,NaN,-1.42546084602112,-0.458172747411026,-0.571459559536067,-1.60108232671097,-1.60108232671231,0.600201578166595,-0.731505667155779,NaN,NaN,-0.512987539963557,-0.973608231146004,NaN,NaN,-0.641218662316215,NaN,0.0783937062431965,1.38936984220752
478.8224,0.133375039823536,-2.02055537258223,-2.96065736308466,-1.02506031479148,-2.1231230695163,-2.1231230695173,NaN,-1.28040230185324,-1.85093357398072,-1.72340594575273,1.95898474234477,-1.72340594575316,1.18835582279996,-1.55773321631605,NaN,NaN,NaN,0.465106321021313,NaN,-1.10241505263166,0.993478520204758,NaN,-0.928746551751417,NaN,NaN,-0.875242268332,NaN,NaN,-1.86318966188486,-0.53977811044851,1.32487248241829,1.51563708650568,NaN,NaN,-1.42396743584324,-0.46893283929099,-0.558941418306199,-1.57817533152301,-1.57817533152435,0.583096011700802,-0.730525316459243,NaN,NaN,-0.521907803357271,-0.968918919112546,NaN,NaN,-0.678990127296752,NaN,0.0786937628916363,1.38480174858261
478.9248,0.134602600678696,-2.00488266927095,-2.9356184903865,-1.02292459795676,-2.09874724422522,-2.09874724422624,NaN,-1.23336210620139,-1.85213469945406,-1.70497698822851,1.97531854794673,-1.70497698822895,1.18346851093799,-1.54951782850535,NaN,NaN,NaN,0.467343159084315,NaN,-1.09956590189609,0.998507353287231,NaN,-0.913688058586318,NaN,NaN,-0.893770287726298,NaN,NaN,-1.86623135110461,-0.534949402974947,1.31573245152514,1.49240216873865,NaN,NaN,-1.42127080030892,-0.47999970674704,-0.546147254660283,-1.55511921062119,-1.55511921062254,0.564103291692976,-0.728404818871007,NaN,NaN,-0.53139480197433,-0.963703147657213,NaN,NaN,-0.716306429416395,NaN,0.0767372655604029,1.37996275291838
479.0272,0.135561787988845,-1.9879919276244,-2.90896721716558,-1.01999546718645,-2.07310115900611,-2.07310115900716,NaN,-1.1860659248578,-1.85216067903943,-1.68508283472681,1.99029924598053,-1.68508283472726,1.17816806451674,-1.5406304236142,NaN,NaN,NaN,0.469269232192126,NaN,-1.09625998640295,1.00338464715614,NaN,-0.898706275954561,NaN,NaN,-0.911922028915052,NaN,NaN,-1.86808996542637,-0.52967548125155,1.30693981992184,1.46887411579611,NaN,NaN,-1.41737130111078,-0.491359842893123,-0.533119097231848,-1.53194434049463,-1.531944340496,0.543210241262922,-0.725108733883467,NaN,NaN,-0.541376983778358,-0.957960821759984,NaN,NaN,-0.753110628282355,NaN,0.0725017218270685,1.37488812255145
479.1296,0.136218532290973,-1.96988125913952,-2.88073190060109,-1.01629442755807,-2.04619762163452,-2.04619762163559,NaN,-1.13860003222876,-1.85102722769258,-1.66375028669201,2.00389215412899,-1.66375028669247,1.17244901030477,-1.53106109054623,NaN,NaN,NaN,0.470856279612332,NaN,-1.09249715917028,1.00804488431287,NaN,-0.883794289517906,NaN,NaN,-0.929620231988108,NaN,NaN,-1.86873847195345,-0.523945649379443,1.29853259331993,1.44510306840943,NaN,NaN,-1.41227327692629,-0.502999416102889,-0.519898563704428,-1.50867996033071,-1.50867996033209,0.520409077996639,-0.720604303113328,NaN,NaN,-0.551782054663264,-0.951693240058036,NaN,NaN,-0.789347511828768,NaN,0.0659688737324559,1.36961329552297
479.232,0.136537512823827,-1.95054701025662,-2.85093935208858,-1.01184288018271,-2.01804798749837,-2.01804798749946,NaN,-1.09104775544573,-1.84875054696868,-1.64100527804269,2.01606352825852,-1.64100527804316,1.16630462750764,-1.52079810479854,NaN,NaN,NaN,0.472078798404577,NaN,-1.08827396712112,1.01242219402031,NaN,-0.868941901271211,NaN,NaN,-0.946787832726301,NaN,NaN,-1.86815032900065,-0.517749245818096,1.29054610876084,1.42113817015771,NaN,NaN,-1.40598515933916,-0.514904218217733,-0.506526803778891,-1.48535424928077,-1.48535424928215,0.495697652459938,-0.714861754166009,NaN,NaN,-0.562537204122521,-0.944903232283591,NaN,NaN,-0.824963673804785,NaN,0.0571249636245558,1.36417383938763
479.3344,0.136482444371853,-1.92998401847205,-2.81961496500482,-1.00666219658106,-1.98866235563745,-1.98866235563856,NaN,-1.04348940924195,-1.84534734526478,-1.61687302257541,2.02678080328963,-1.61687302257589,1.15972716265177,-1.50982820824565,NaN,NaN,NaN,0.472914140597201,NaN,-1.08358377479782,1.01645050340286,NaN,-0.85413591314346,NaN,NaN,-0.963348441025306,NaN,NaN,-1.86629972281998,-0.511075598512732,1.28301298131575,1.39702751518203,NaN,NaN,-1.39851959402868,-0.527059599164256,-0.493044477933284,-1.46199445839185,-1.46199445839325,0.469079698335683,-0.707854649827296,NaN,NaN,-0.573569365436401,-0.937595306028183,NaN,NaN,-0.85990757927069,NaN,0.0459608717637314,1.35860537286094
479.4368,0.136016394664464,-1.90818592813461,-2.78678290552128,-1.00077381962804,-1.95804981765055,-1.95804981765167,NaN,-0.996002275284888,-1.84083488204339,-1.59137823324864,2.03601282329176,-1.59137823324913,1.15270806691684,-1.49813694569484,NaN,NaN,NaN,0.473342579425882,NaN,-1.07841689994248,1.02006366396252,NaN,-0.839360444541452,NaN,NaN,-0.979226848117845,NaN,NaN,-1.86316182517509,-0.503914014247249,1.27596305390416,1.37281810042647,NaN,NaN,-1.38989356120159,-0.539450387670389,-0.47949176513659,-1.4386270819061,-1.43862708190752,0.440565084828569,-0.699560258168028,NaN,NaN,-0.584805484880524,-0.929775782315277,NaN,NaN,-0.89412960861249,NaN,0.0324721354372055,1.35294344378412
479.5392,0.135102120620238,-1.88514554183607,-2.75246634044766,-0.994199375258605,-1.92621873374593,-1.92621873374708,NaN,-0.948660614136849,-1.83523101948748,-1.56454537514681,2.04373006850583,-1.56454537514731,1.14523824487663,-1.48570902511108,NaN,NaN,NaN,0.473347356352872,NaN,-1.07276077289317,1.02319556820541,NaN,-0.82459726547891,NaN,NaN,-0.994349535248873,NaN,NaN,-1.85871306437703,-0.496253800280811,1.26942336307189,1.34855578382942,NaN,NaN,-1.38012848742721,-0.552060801548048,-0.465908383400275,-1.41527804184497,-1.4152780418464,0.410170057768208,-0.689959914687937,NaN,NaN,-0.596172772667622,-0.921452900817007,NaN,NaN,-0.927582075849168,NaN,0.0166588975226771,1.34722338093333
479.6416,0.133702404407345,-1.86085517471163,-2.71668766968398,-0.986960775598037,-1.89317700536454,-1.89317700536571,NaN,-0.901535691930408,-1.82855426298194,-1.53639890625188,2.04990488948919,-1.53639890625238,1.13730830054284,-1.47252866521773,NaN,NaN,NaN,0.472914726076113,NaN,-1.06660013807255,1.02578027521543,NaN,-0.809826128604815,NaN,NaN,-1.00864515339558,NaN,NaN,-1.85293139185691,-0.488084306139705,1.26341813083263,1.32428524875786,NaN,NaN,-1.36925033764008,-0.564874355270911,-0.452333602650456,-1.39197285580411,-1.39197285580555,0.3779174580431,-0.679039349584321,NaN,NaN,-0.607598915084788,-0.912636883606075,NaN,NaN,-0.96021922870062,NaN,-0.00147416538815757,1.34148015403915
479.744,0.13178037415863,-1.83530698390598,-2.67946873485076,-0.979080298772174,-1.85893232000032,-1.85893232000151,NaN,-0.854695805275297,-1.82082377594898,-1.50696346816113,2.0545117549298,-1.50696346816164,1.12890876802018,-1.45857990265522,NaN,NaN,NaN,0.472034012160024,NaN,-1.05991729714142,1.0277521560843,NaN,-0.795025090985389,NaN,NaN,-1.02204495136428,NaN,NaN,-1.84579652725041,-0.479394966823231,1.25796878373137,1.30004997426715,NaN,NaN,-1.35728967349532,-0.577873773252662,-0.438806234087453,-1.3687367637967,-1.36873676379815,0.343836909496401,-0.666788961318179,NaN,NaN,-0.619012250711058,-0.903339955317807,NaN,NaN,-0.991997246089894,NaN,-0.0219179091572679,1.3357482696015
479.8464,0.129299804924471,-1.80849327024929,-2.64083100363744,-0.970580645519158,-1.82349236853525,-1.82349236853646,NaN,-0.808206301763149,-1.81205937201181,-1.47626402623341,2.05752751049487,-1.47626402623393,1.12003032432332,-1.44384686154445,NaN,NaN,NaN,0.470697673190517,NaN,-1.05269238511767,1.02904606002447,NaN,-0.780170832022129,NaN,NaN,-1.03448315459444,NaN,NaN,-1.83729018194439,-0.470175333506131,1.25309398971228,1.27589220904971,NaN,NaN,-1.344281670859,-0.591040912808018,-0.425364595476488,-1.34559481103213,-1.3455948110336,0.307964973785013,-0.653204038082601,NaN,NaN,-0.630341930259163,-0.893576326024241,NaN,NaN,-1.0228742453303,NaN,-0.0446587676400513,1.33006170528388
479.9488,0.126225404320643,-1.78040677624624,-2.60079576255869,-0.961484987823712,-1.78686506279838,-1.78686506279961,NaN,-0.762129609970068,-1.80228150663427,-1.44432600114811,2.05893163771135,-1.44432600114864,1.11066399423249,-1.4283140217603,NaN,NaN,NaN,0.468901368296709,NaN,-1.04490368380694,1.02959749651471,NaN,-0.765238987343358,NaN,NaN,-1.0458973230717,NaN,NaN,-1.82739627545624,-0.460415092740221,1.24880969907235,1.25185294519535,NaN,NaN,-1.33026610215345,-0.604356695209459,-0.412046467085218,-1.32257190836168,-1.32257190836316,0.270345276541464,-0.638284949925139,NaN,NaN,-0.641518062431871,-0.883362147391719,NaN,NaN,-1.05281029999155,NaN,-0.0696787546779955,1.32445386764332
480.0512,0.12252309033119,-1.7510410096437,-2.55938435593154,-0.951817026782964,-1.74905878554666,-1.74905878554791,NaN,-0.716525297537138,-1.79151129281174,-1.41117544084705,2.0587065006287,-1.41117544084758,1.10080135938597,-1.41196652528785,NaN,NaN,NaN,0.466644008266005,NaN,-1.03652798464613,1.02934283064911,NaN,-0.750204515143085,NaN,NaN,-1.05622871832757,NaN,NaN,-1.81610115947414,-0.450104087308109,1.24512918138703,1.22797188901982,NaN,NaN,-1.31528729636675,-0.617801041003333,-0.398889055169374,-1.29969289903836,-1.29969289903985,0.231028611320066,-0.622037334237761,NaN,NaN,-0.652471821850802,-0.872715451706336,NaN,NaN,-1.08176745936479,NaN,-0.0969554016265442,1.31895755536529
480.1536,0.118160267037402,-1.72039060516837,-2.51661848499352,-0.941601066668585,-1.71008268593234,-1.71008268593361,NaN,-0.671450167034512,-1.77977055067562,-1.37683925301158,2.05683757362853,-1.37683925301212,1.09043477579475,-1.39479053325185,NaN,NaN,NaN,0.463927783286359,NaN,-1.02754099782707,1.02821949535192,NaN,-0.735042094941807,NaN,NaN,-1.06542268915483,NaN,NaN,-1.80339385716098,-0.439232352668606,1.24206305879339,1.2042874294011,NaN,NaN,-1.29939408627941,-0.631352807957263,-0.38592897046874,-1.27698264548302,-1.27698264548451,0.19007302519811,-0.604472280014999,NaN,NaN,-0.663135499874814,-0.861656082031594,NaN,NaN,-1.10970975823575,NaN,-0.126461626942511,1.31360491502262
480.256,0.113106100686706,-1.68845171537722,-2.47252055112927,-0.930862100075455,-1.66994700921815,-1.66994700921944,NaN,-0.626958385230968,-1.76708188228572,-1.34134548238779,2.05331365090662,-1.34134548238834,1.079557594779,-1.37677361561793,NaN,NaN,NaN,0.460758165809985,NaN,-1.01791778049964,1.02616622325329,NaN,-0.719726545039154,NaN,NaN,-1.07342906462497,NaN,NaN,-1.78926631498295,-0.42779017596596,1.23961934052288,1.18083660607367,NaN,NaN,-1.28263974318582,-0.644989734615612,-0.37320221789362,-1.25446612785526,-1.25446612785675,0.147543887615686,-0.585606501914118,NaN,NaN,-0.673442515905822,-0.850205622852533,NaN,NaN,-1.13660321169108,NaN,-0.15816554925804,1.30842738592361
480.3584,0.107331796351722,-1.65522240574722,-2.42711400502445,-0.919625890736018,-1.62866343168982,-1.62866343169112,NaN,-0.583101629510399,-1.75346874939131,-1.30472359144831,2.04812704330001,-1.30472359144887,1.06816437647934,-1.35790513591874,NaN,NaN,NaN,0.457143891288449,NaN,-1.00763314461102,1.02312328966287,NaN,-0.704233239747366,NaN,NaN,-1.08020252949366,NaN,NaN,-1.77371365347329,-0.415768175184827,1.23780346492655,1.15765508023879,NaN,NaN,-1.2650818901242,-0.658688396201419,-0.360744185080401,-1.23216853077701,-1.23216853077851,0.103513943174973,-0.565462490232965,NaN,NaN,-0.68332743783124,-0.838387337794544,NaN,NaN,-1.16241579799274,NaN,-0.192030261747232,1.30345564073297
480.4608,0.10081087175513,-1.62070302301866,-2.3804236576086,-0.907919037465636,-1.5862453663579,-1.58624536635923,NaN,-0.53992923014192,-1.73895552777938,-1.26700469570694,2.04127377045135,-1.26700469570751,1.05625108270793,-1.33817658990977,NaN,NaN,NaN,0.453096920252041,NaN,-0.996662013174311,1.01903275033919,NaN,-0.688538507783673,NaN,NaN,-1.08570295224733,NaN,NaN,-1.75673439930209,-0.403157386258397,1.23661835303218,1.1347771082282,NaN,NaN,-1.24678238145203,-0.672424180004891,-0.348589614204635,-1.21011529173193,-1.21011529173343,0.0580633472102251,-0.544068623943346,NaN,NaN,-0.692726049050244,-0.826226108869219,NaN,NaN,-1.18711743775074,NaN,-0.228013580098186,1.29871953392981
480.5632,0.0935194181986664,-1.58489651487756,-2.33247592857607,-0.895769007969171,-1.54270821934083,-1.54270821934218,NaN,-0.497488292781451,-1.72356752274753,-1.22822172605602,2.03275375338154,-1.2282217260566,1.04381523949211,-1.31758187591533,NaN,NaN,NaN,0.448632385493016,NaN,-0.984979718594581,1.01383866524369,NaN,-0.672619999036017,NaN,NaN,-1.08989564712615,NaN,NaN,-1.73833068670849,-0.38994934153197,1.23606447076943,1.11223551585317,NaN,NaN,-1.22780714094826,-0.686171283464895,-0.336772547256458,-1.1883320970065,-1.18833209700801,0.0112796776848073,-0.521459239902,NaN,NaN,-0.701575458862759,-0.813748361871262,NaN,NaN,-1.21067997642949,NaN,-0.26606776549961,1.29424806928805
480.6656,0.0854363388075121,-1.54780870428801,-2.28329904651174,-0.883204144938417,-1.49806960654663,-1.49806960654799,NaN,-0.455823801912985,-1.70733095487481,-1.18840953298274,2.02257100354572,-1.18840953298333,1.03085607048502,-1.29611750921749,NaN,NaN,NaN,0.443768524011648,NaN,-0.972562265211241,1.00748731604829,NaN,-0.656457018346887,NaN,NaN,-1.09275157729872,NaN,NaN,-1.71850842672609,-0.376136131222873,1.23613989204355,1.09006166808823,NaN,NaN,-1.20822595828789,-0.69990273154441,-0.325326248181954,-1.16684483285815,-1.16684483285966,-0.0367420883269615,-0.497674662220201,NaN,NaN,-0.709814230412663,-0.800981971679246,NaN,NaN,-1.23307716853394,NaN,-0.30613922737411,1.29006938510531
480.768,0.0765435631760936,-1.5094485450648,-2.23292324203111,-0.870253658494363,-1.45234956240202,-1.45234956240339,NaN,-0.414978721397911,-1.69027294445574,-1.14760497978559,2.01073379685191,-1.14760497978619,1.01737461328188,-1.27378281829168,NaN,NaN,NaN,0.438526583663981,NaN,-0.959386599265985,0.999927432130268,NaN,-0.640030835759524,NaN,NaN,-1.09424752634792,NaN,NaN,-1.69727745120369,-0.361710454210835,1.23684035737436,1.06828542869486,NaN,NaN,-1.18811225088334,-0.713590405658922,-0.314283115379008,-1.14567951557433,-1.14567951557584,-0.0858996440256942,-0.472761205513673,NaN,NaN,-0.71738250929424,-0.787956160143504,NaN,NaN,-1.25428465390501,NaN,-0.348168219293222,1.28621074016251
480.8704,0.0668262418995924,-1.46982838364739,-2.18138096882537,-0.856947617692138,-1.40557076718194,-1.40557076718332,NaN,-0.374994108405742,-1.67242151780698,-1.10584706491634,1.99725482258163,-1.10584706491694,1.00337383152929,-1.25058015598101,NaN,NaN,NaN,0.432930691224238,NaN,-0.945430926436456,0.991110428809172,NaN,-0.623324985311585,NaN,NaN,-1.0943662614726,NaN,NaN,-1.67465164023971,-0.346665670919472,1.23815932788637,1.04693510742366,NaN,NaN,-1.16754280111638,-0.727205078727759,-0.303674596380253,-1.12486222299908,-1.12486222300059,-0.136083472512903,-0.446771164206521,NaN,NaN,-0.724222149150772,-0.774701402720305,NaN,NaN,-1.27427991941549,NaN,-0.392088536459746,1.28269848558428
480.9728,0.0562729231018677,-1.42896422883128,-2.12870715335556,-0.843316942780737,-1.35775879359791,-1.35775879359931,NaN,-0.335909244065716,-1.65380563637921,-1.06317707441816,1.98215130452816,-1.06317707441876,0.988858726217032,-1.22651512842259,NaN,NaN,NaN,0.427007680193214,NaN,-0.930675076451637,0.980990647563876,NaN,-0.606325557062911,NaN,NaN,-1.09309669086869,NaN,NaN,-1.6506490348727,-0.33099586761998,1.24008803716841,1.02603739667909,NaN,NaN,-1.14659747429893,-0.740716457752053,-0.293531106210248,-1.10441903444137,-1.10441903444289,-0.187177018203843,-0.41976278489234,NaN,NaN,-0.730276834051955,-0.761249344814344,NaN,NaN,-1.29304224846738,NaN,-0.437827222679589,1.2795580232811
481.0752,0.0448757135277384,-1.38687600952633,-2.07493944043121,-0.829393388936753,-1.30894234885995,-1.30894234886136,NaN,-0.297761771213999,-1.63445523225426,-1.01963872992351,1.96544509830743,-1.01963872992412,0.973836438225969,-1.20159681314296,NaN,NaN,NaN,0.42078689393606,NaN,-0.915100872200754,0.969525587446841,NaN,-0.589021474255167,NaN,NaN,-1.09043399615158,NaN,NaN,-1.62529192801168,-0.314695935389673,1.24261554625607,1.00561730348855,NaN,NaN,-1.1253589124847,-0.754093238618839,-0.283881940574266,-1.08437596587793,-1.08437596587945,-0.239056914334222,-0.391800200249457,NaN,NaN,-0.735492195645804,-0.74763271306725,NaN,NaN,-1.31055266381567,NaN,-0.485304325715124,1.27681375585597
481.1776,0.0326304271461818,-1.34358779492525,-2.02011839288635,-0.815209506329761,-1.25915348017318,-1.25915348017459,NaN,-0.260587822335176,-1.61440123152568,-0.975278291541243,1.94716277215111,-0.975278291541866,0.958316328549119,-1.17583792718396,NaN,NaN,NaN,0.414299986841152,NaN,-0.898692469336638,0.956676126015695,NaN,-0.571404738114415,NaN,NaN,-1.08637970824902,NaN,NaN,-1.59860692454947,-0.297761659907393,1.24572881009859,0.98569808434855,NaN,NaN,-1.10391219058775,-0.767303172560146,-0.274755170403054,-1.06475887532178,-1.06475887532329,-0.291593275179583,-0.362953296058619,NaN,NaN,-0.739815919876202,-0.733885203672359,NaN,NaN,-1.32679386469292,NaN,-0.534432782849761,1.27448902033099
481.28,0.0195367229907669,-1.29912796249078,-1.9642876215058,-0.800798564886986,-1.2084277230177,-1.20842772301912,NaN,-0.224422122161687,-1.59367555715629,-0.93014459604139,1.92733567562149,-0.930144596042021,0.942310025920017,-1.14925492255242,NaN,NaN,NaN,0.407580737664358,NaN,-0.881436670757313,0.942406731741992,NaN,-0.553470624686043,NaN,NaN,-1.08094170166949,NaN,NaN,-1.57062496750492,-0.280189813625276,1.24941276137293,0.966301187810588,NaN,NaN,-1.08234442083222,-0.780313135940916,-0.266177508985146,-1.04559331983785,-1.04559331983936,-0.344650062602371,-0.33329749500942,NaN,NaN,-0.743197838488263,-0.720041340169634,NaN,NaN,-1.34175015709196,NaN,-0.585118513957506,1.27260598667055
481.3824,0.00559823522899987,-1.25352931977384,-1.9074938516327,-0.786194446041752,-1.15680419643411,-1.15680419643553,NaN,-0.189298062360575,-1.57231111733934,-0.884289041757013,1.90599999074729,-0.884289041757652,0.925831442225299,-1.12186801850422,NaN,NaN,NaN,0.400664874131711,NaN,-0.863323230618697,0.926685662410912,NaN,-0.53521783048109,NaN,NaN,-1.07413410969374,NaN,NaN,-1.54138133524847,-0.261978246214417,1.25365040758769,0.947446203732202,NaN,NaN,-1.06074430190764,-0.793089195333849,-0.258174156279856,-1.0269043694012,-1.0269043694027,-0.398085533073703,-0.302913463467847,NaN,NaN,-0.745590000577946,-0.706136309318339,NaN,NaN,-1.35540738073025,NaN,-0.63726073070531,1.27118550570005
481.4848,-0.00917729784164502,-1.20682920148118,-1.84978695299578,-0.771431516867965,-1.10432566913198,-1.1043256691334,NaN,-0.155247760394419,-1.55034179300697,-0.837765550992195,1.88319675133726,-0.83776555099284,0.908896765440251,-1.09370120284678,NaN,NaN,NaN,0.393589897681706,NaN,-0.844345141460042,0.90948513645565,NaN,-0.516648576201611,NaN,NaN,-1.06597718856739,NaN,NaN,-1.51091561967938,-0.24312597912156,1.25842292902623,0.9291508145692,NaN,NaN,-1.03920162284618,-0.805596667575924,-0.250768636508074,-1.00871640464409,-1.0087164046456,-0.451752767341048,-0.271886760876842,NaN,NaN,-0.74694671976238,-0.692205794838172,NaN,NaN,-1.36775283854795,NaN,-0.690752405159428,1.2702469004854
481.5872,-0.0247778988070172,-1.15906956108567,-1.79121995571712,-0.75654450174568,-1.05103861838667,-1.05103861838809,NaN,-0.122302116252357,-1.52780243287595,-0.790630534932896,1.85897181760696,-0.790630534933547,0.891524439682346,-1.06478222932198,NaN,NaN,NaN,0.386394894594492,NaN,-0.82449888074173,0.890781468517241,NaN,-0.497768681925622,NaN,NaN,-1.05649715807934,NaN,NaN,-1.47927169266137,-0.223633315106286,1.26370976629268,0.911430745170881,NaN,NaN,-1.01780673692415,-0.817800180459678,-0.243982644287246,-0.991052926834593,-0.991052926836088,-0.505500282475654,-0.240307447926212,NaN,NaN,-0.747224608458838,-0.678285828972214,NaN,NaN,-1.37877523083507,NaN,-0.745480835627633,1.26980769920122
481.6896,-0.0411872109815162,-1.11029705986475,-1.73184905765705,-0.741568356321562,-0.996993285809775,-0.996993285811197,NaN,-0.0904908705882099,-1.50472885364561,-0.742942862104115,1.83337580321898,-0.742942862104773,0.873735134338414,-1.035142614653,NaN,NaN,NaN,0.379120322328673,NaN,-0.803784596766386,0.870555171152566,NaN,-0.478587622353177,NaN,NaN,-1.04572602716893,NaN,NaN,-1.44649765891864,-0.20350197044514,1.2694886943177,0.894299709287115,NaN,NaN,-0.996650016579146,-0.829663741477024,-0.237835904482453,-0.973936391105374,-0.973936391106861,-0.559172721642324,-0.20826966046244,NaN,NaN,-0.746382628769276,-0.664412669816346,NaN,NaN,-1.38846459592342,NaN,-0.801328268881701,1.26988331617805
481.792,-0.0583843656134671,-1.06056313700784,-1.67173360962277,-0.726538140166971,-0.942243714334528,-0.942243714335949,NaN,-0.0598426560384034,-1.48115783527938,-0.694763804424929,1.80646396373886,-0.694763804425593,0.855551695867689,-1.0048176165452,NaN,NaN,NaN,0.37180776696576,NaN,-0.782206227704379,0.848791028939231,NaN,-0.459118558653717,NaN,NaN,-1.03370139606141,NaN,NaN,-1.41264578434596,-0.182735227743771,1.27573588787217,0.87776935302585,NaN,NaN,-0.975821293022607,-0.84115082345927,-0.232346042152065,-0.957388053889435,-0.957388053890914,-0.612611609927227,-0.175871151584234,NaN,NaN,-0.744382182467117,-0.650622694443017,NaN,NaN,-1.39681226703781,NaN,-0.85817253397408,1.27048670861996
481.8944,-0.0763438745417054,-1.00992403392825,-1.6109360540391,-0.711488883789204,-0.886847741248383,-0.886847741249805,NaN,-0.0303850267428542,-1.45712709942662,-0.646156924751891,1.7782960616249,-0.646156924752562,0.836999071789228,-0.973846166182473,NaN,NaN,NaN,0.364499676234489,NaN,-0.75977155436676,0.825478149058463,NaN,-0.439378333957428,NaN,NaN,-1.02046621975934,NaN,NaN,-1.37777238731938,-0.161338093316963,1.28242598732127,0.861849201478554,NaN,NaN,-0.955409281582572,-0.852224476391166,-0.227528457700269,-0.941427818310911,-0.941427818312379,-0.665656157523409,-0.143212806434976,NaN,NaN,-0.741187244137496,-0.636952288145718,NaN,NaN,-1.40381086162992,NaN,-0.915887627273115,1.27162805219304
481.9968,-0.0950355623900117,-0.958440756283314,-1.54952180482729,-0.696455451223342,-0.830866936397921,-0.830866936399344,NaN,-0.00214445689137251,-1.43267526651386,-0.597187897703164,1.74893621517376,-0.597187897703843,0.818104202988802,-0.942270745693827,NaN,NaN,NaN,0.357239073420738,NaN,-0.736492190347592,0.800609991201864,NaN,-0.419387428549846,NaN,NaN,-1.00606852787012,NaN,NaN,-1.34193769217241,-0.139317435601057,1.28953217103759,0.846546621291584,NaN,NaN,-0.935501002350952,-0.862847468466606,-0.223396208797191,-0.926074074283218,-0.926074074284676,-0.718144084787701,-0.110398145043209,NaN,NaN,-0.736764533189133,-0.623437714854445,NaN,NaN,-1.40945431369357,NaN,-0.974344200439548,1.27331447177176
482.0992,-0.114424542364601,-0.906178983708302,-1.48755908748621,-0.681472406899352,-0.77436650458434,-0.774366504585762,NaN,0.0248536834228812,-1.40784179936903,-0.547924301181709,1.71845272450468,-0.547924301182396,0.798895895828194,-0.910137230337172,NaN,NaN,NaN,0.350069249492441,NaN,-0.712383525040356,0.77418438408345,NaN,-0.399169890002272,NaN,NaN,-0.990561115379644,NaN,NaN,-1.30520565992756,-0.11668209066649,1.29702623640007,0.831866810705118,NaN,NaN,-0.916181218087662,-0.872982446347529,-0.219959908996038,-0.911343549757542,-0.911343549758991,-0.769912440359496,-0.0775328391582379,NaN,NaN,-0.731083714251697,-0.610114965670807,NaN,NaN,-1.41373793955831,NaN,-1.03340994140843,1.27554983852274
482.2016,-0.134471231729595,-0.853208953771736,-1.42511877622164,-0.666573897511622,-0.717415184652389,-0.71741518465381,NaN,0.0505851564231404,-1.38266694466399,-0.498435430491056,1.68691786323267,-0.498435430491749,0.779404693091632,-0.877494726703052,NaN,NaN,NaN,0.343033429110476,NaN,-0.687464650216732,0.74620354467306,NaN,-0.378753256855285,NaN,NaN,-0.974001225767126,NaN,NaN,-1.26764381577445,-0.0934429399111922,1.30487868846742,0.817812819083313,NaN,NaN,-0.897531911605969,-0.882592095741562,-0.217227654794131,-0.897251193922417,-0.897251193923857,-0.820798387908538,-0.0447242658792408,NaN,NaN,-0.724117607071334,-0.597019594044138,NaN,NaN,-1.41665851153736,NaN,-1.09294987545387,1.27833462161423
482.304,-0.155131402874391,-0.799605340482008,-1.36227425539671,-0.651793552916918,-0.660085165763968,-0.660085165765391,NaN,0.0750268780973102,-1.35719167737898,-0.448792166821531,1.65440762685566,-0.448792166822233,0.759662755585325,-0.844395428071918,NaN,NaN,NaN,0.336174416609237,NaN,-0.661758298339679,0.716674118375787,NaN,-0.358168481841536,NaN,NaN,-0.956450239317277,NaN,NaN,-1.22932308668143,-0.0696129772175441,1.3130588331803,0.804385589680004,NaN,NaN,-0.879631814381262,-0.89163928861574,-0.215204986660731,-0.883810102414829,-0.883810102416259,-0.870639947747608,-0.0120811090315013,NaN,NaN,-0.715842388624588,-0.584186551618217,NaN,NaN,-1.41821431877686,NaN,-1.15282662857685,1.28166577857041
482.4064,-0.176356266821221,-0.745447131189921,-1.29910130827951,-0.637164400198868,-0.602452019976772,-0.602452019978195,NaN,0.0981569352957707,-1.33145764804256,-0.39906690661998,1.62100143003608,-0.399066906620691,0.739703752666539,-0.810894491107603,NaN,NaN,NaN,0.329534235811043,NaN,-0.635290794215055,0.685607242015,NaN,-0.337449847876969,NaN,NaN,-0.93797336912333,NaN,NaN,-1.1903176543169,-0.0452073803482205,1.32153487095586,0.791584019538331,NaN,NaN,-0.862555988449421,-0.900087217123134,-0.213894880189189,-0.871031480331189,-0.871031480332607,-0.919276694360878,0.0202869963573044,NaN,NaN,-0.706237780783925,-0.571650034526602,NaN,NaN,-1.41840520955621,NaN,-1.2129006848538,1.28553667427611
482.5088,-0.198092582910303,-0.690817488938197,-1.23567800758836,-0.622718778460871,-0.544594625978338,-0.544594625979758,NaN,0.119954608094419,-1.30550712727461,-0.349333533141696,1.58678175432005,-0.349333533142416,0.719562744293197,-0.777049916479613,NaN,NaN,NaN,0.323153776911424,NaN,-0.608091995057401,0.653018606310923,NaN,-0.316634858588671,NaN,NaN,-0.918639353444361,NaN,NaN,-1.15070481400307,-0.0202435860878016,1.33027398988289,0.779405034803008,NaN,NaN,-0.846375454429287,-0.907899524200694,-0.213297754946491,-0.858924622304208,-0.858924622305613,-0.966550426448451,0.0522698059106744,NaN,NaN,-0.695287224574635,-0.559443342460567,NaN,NaN,-1.41723261643737,NaN,-1.27303064985592,1.28993701818239
482.6112,-0.220282790206103,-0.635803573370904,-1.17208456272428,-0.608488241522743,-0.486595039840405,-0.486595039841823,NaN,0.140400408190245,-1.27938293423708,-0.29966738426078,1.55183376409506,-0.299667384261512,0.699276026977335,-0.742922394984172,NaN,NaN,NaN,0.317072463985809,NaN,-0.580195193226776,0.618928487908577,NaN,-0.2957640772268,NaN,NaN,-0.898520114854115,NaN,NaN,-1.11056481093359,0.00525864645025338,1.3392424633772,0.767843679543873,NaN,NaN,-0.831156848979714,-0.91504044062357,-0.213411486379975,-0.847496876763441,-0.847496876764833,-1.01230583492298,0.0837568437423053,NaN,NaN,-0.682978046170224,-0.547598749933356,NaN,NaN,-1.41469956777098,NaN,-1.33307352036718,1.29485280874377
482.7136,-0.242865164681581,-0.580496292492255,-1.10840308513007,-0.594503442614174,-0.428538275503219,-0.428538275504634,NaN,0.1594761389035,-1.25312833270948,-0.25014516184048,1.51624491143925,-0.250145161841222,0.678880926637444,-0.708575079433648,NaN,NaN,NaN,0.311327955631163,NaN,-0.55163697465827,0.58336174089232,NaN,-0.274880893966665,NaN,NaN,-0.877690352978372,NaN,NaN,-1.06998062034239,0.0312772033673444,1.34840575890592,0.756893213189071,NaN,NaN,-0.816962095828354,-0.921474929884888,-0.214231415060735,-0.836753569170539,-0.836753569171917,-1.05639118921121,0.114637855136225,NaN,NaN,-0.66930162013988,-0.536147388516322,NaN,NaN,-1.41081069179457,NaN,-1.39288495381036,1.30026628320379
482.816,-0.2657740086654,-0.524989975770801,-1.04471726322095,-0.580794006640186,-0.370511990211214,-0.370511990212628,NaN,0.177164974384501,-1.2267868868355,-0.200844754632917,1.48010453466004,-0.200844754633668,0.658415546982097,-0.674073267909952,NaN,NaN,NaN,0.305955878307523,NaN,-0.522457039466638,0.546347757591652,NaN,-0.254031219173822,NaN,NaN,-0.856227060738433,NaN,NaN,-1.0290376617883,0.0577876282703617,1.3577286600447,0.746545215942047,NaN,NaN,-0.803848089511579,-0.927168834542729,-0.215750361322802,-0.826697885518397,-0.826697885519758,-1.09865904158517,0.144803333891155,NaN,NaN,-0.654253526082468,-0.525119138475122,NaN,NaN,-1.40557221897573,NaN,-1.45231952343804,1.3061558804544
482.9184,-0.288939873731795,-0.469381982591535,-0.981111969333295,-0.56738840421496,-0.312606100130611,-0.312606100132021,NaN,0.193451552433502,-1.20040228291405,-0.151844990071513,1.44350343722514,-0.151844990072274,0.637918496802849,-0.639484018038673,NaN,NaN,NaN,0.300989573847304,NaN,-0.49269798854802,0.50792040574124,NaN,-0.233263116210367,NaN,NaN,-0.834208986411234,NaN,NaN,-0.987823468310956,0.0847631831720524,1.36717539878955,0.736789710190733,NaN,NaN,-0.791866406944898,-0.932089019614274,-0.217958660086624,-0.817330742351623,-0.817330742352971,-1.13896692764856,0.174145091350411,NaN,NaN,-0.637833684812214,-0.51454253081375,NaN,NaN,-1.39899198365515,NaN,-1.51123094191538,1.3124962286449
483.0208,-0.312289818433384,-0.413772269571825,-0.917672835855995,-0.554313841003088,-0.254912358955579,-0.254912358956987,NaN,0.208322075834582,-1.17401813284457,-0.103225353543346,1.40653342869222,-0.103225353544118,0.617428614846376,-0.604875730385904,NaN,NaN,NaN,0.296459837575952,NaN,-0.462405073539993,0.468117938195606,NaN,-0.212626395356076,NaN,NaN,-0.811716077220316,NaN,NaN,-0.946427335440908,0.112174948957441,1.37670979449839,0.727615304938035,NaN,NaN,-0.781063066564598,-0.936203516299107,-0.220844226910839,-0.808650676569758,-0.80865067657109,-1.17717803811842,0.20255683093956,NaN,NaN,-0.620046466186013,-0.504444663618127,NaN,NaN,-1.39107942231708,NaN,-1.56947224477961,1.31925817147938
483.1232,-0.335747709342224,-0.358262933833295,-0.854485834385338,-0.541596167107289,-0.197523923356033,-0.197523923357439,NaN,0.221764416473389,-1.14767777262398,-0.0550657055831295,1.36928681683195,-0.0550657055839125,0.596984700879989,-0.570317732998428,NaN,NaN,NaN,0.292394636002523,NaN,-0.431625912382597,0.426982872961347,NaN,-0.192172188720753,NaN,NaN,-0.788828928283098,NaN,NaN,-0.904939955194083,0.139991948364034,1.3862953986913,0.719009360434994,NaN,NaN,-0.771478348726698,-0.939481670886679,-0.224392657856278,-0.800653777035216,-0.800653777036532,-1.21316184803207,0.22993470672283,NaN,NaN,-0.600900774553017,-0.494851136095927,NaN,NaN,-1.38184556454908,NaN,-1.62689594811776,1.3264088453363
483.2256,-0.359234574585885,-0.30295774066614,-0.791636879199158,-0.52925980153976,-0.140534917688946,-0.14053491769035,NaN,0.233768216429335,-1.12142406310917,-0.00744600779800836,1.33185585155883,-0.00744600779880298,0.576625254627136,-0.535879879548826,NaN,NaN,NaN,0.288818810182262,NaN,-0.400410185927518,0.384561847556372,NaN,-0.171952516910542,NaN,NaN,-0.765628242707715,NaN,NaN,-0.863453026809975,0.16818127055089,1.39589564538484,0.710958164036157,NaN,NaN,-0.763146678686354,-0.941894298952666,-0.228587357611555,-0.793333659787176,-0.793333659788477,-1.24679469886352,0.256177856318605,NaN,NaN,-0.580410120646242,-0.48578600186057,NaN,NaN,-1.37130301312575,NaN,-1.68335421731713,1.33391180868015
483.328,-0.382669010239568,-0.247961640526976,-0.729211462920449,-0.517327662775796,-0.0840400010099326,-0.0840400010113349,NaN,0.24432498420181,-1.0952991984299,0.0395539475164778,1.29433213103944,0.0395539475156727,0.556388216848894,-0.501632155480345,NaN,NaN,NaN,0.285753779241516,NaN,-0.368809339767073,0.340905452691933,NaN,-0.1520198481756,NaN,NaN,-0.742194299462133,NaN,NaN,-0.822058837545367,0.196708173603831,1.40547400390798,0.70344710913725,NaN,NaN,-0.756096557772575,-0.943413842972893,-0.233409684817383,-0.786681470358205,-0.786681470359489,-1.27796033644345,0.281188904606344,NaN,NaN,-0.558592684003383,-0.477271739283162,NaN,NaN,-1.35946591358343,NaN,-1.7386990867239,1.34172721414088
483.4304,-0.405967632027048,-0.193380277423028,-0.667294320582417,-0.505821100290261,-0.0281339327017763,-0.0281339327031777,NaN,0.253428189821975,-1.06934452457964,0.0858548190743495,1.25680598179285,0.0858548190735327,0.536310703273212,-0.467644277352421,NaN,NaN,NaN,0.283217257384726,NaN,-0.336876315751287,0.29606805417062,NaN,-0.132426643578054,NaN,NaN,-0.718606422733443,NaN,NaN,-0.780849811509649,0.225536151827119,1.41499412903259,0.696460871327345,NaN,NaN,-0.750350518584867,-0.944014531906131,-0.238839104584645,-0.780685891539241,-0.78068589154051,-1.30655041361965,0.304874438328278,NaN,NaN,-0.535471368610781,-0.469329229735318,NaN,NaN,-1.34634991877899,NaN,-1.79278275733697,1.34981201370792
483.5328,-0.429045565712126,-0.139319488608269,-0.605969115913116,-0.494759830562383,0.0270888644341155,0.0270888644327143,NaN,0.261073361650464,-1.04360036842229,0.131378017261827,1.21936581202463,0.131378017261001,0.516428732018063,-0.433985277543303,NaN,NaN,NaN,0.281222993454322,NaN,-0.304665331475406,0.250107616280845,NaN,-0.113224882312885,NaN,NaN,-0.69494244959114,NaN,NaN,-0.739918031837881,0.254626979984934,1.42442000267159,0.689983575238334,NaN,NaN,-0.745925088199845,-0.943672538933652,-0.244853346398023,-0.775333148488842,-0.775333148490095,-1.33246496196298,0.32714544754515,NaN,NaN,-0.511073851043636,-0.46197773127267,NaN,NaN,-1.33197215182628,NaN,-1.84545799140793,1.35812019442593
483.6352,-0.451816976383514,-0.0858847992522545,-0.545318155611234,-0.484161887222781,0.0815347334532966,0.081534733451896,NaN,0.267258178138084,-1.01810588683569,0.176046004000666,1.18209742147355,0.176046003999831,0.496776960383979,-0.40072308852518,NaN,NaN,NaN,0.279780538903926,NaN,-0.272231715585586,0.203085529412748,NaN,-0.0944655724315786,NaN,NaN,-0.671278204596914,NaN,NaN,-0.699354750848831,0.283940762105575,1.43371606297994,0.683998943534465,NaN,NaN,-0.742830764480562,-0.942366130976261,-0.251428573136052,-0.770607022496445,-0.770607022497681,-1.355612821539,0.347917717798044,NaN,NaN,-0.485432611628778,-0.455234840474852,NaN,NaN,-1.31635116271434,NaN,-1.89657862256558,1.3666030459123
483.7376,-0.47419563685873,-0.0331809213834535,-0.485422146012508,-0.474043593851074,0.135111189721965,0.135111189720564,NaN,0.271982541133044,-0.992898955043098,0.219782556723233,1.14508325458852,0.219782556722387,0.477388449458537,-0.367924154262279,NaN,NaN,NaN,0.278895050410497,NaN,-0.239631795127192,0.155066427396097,NaN,-0.0761982631737205,NaN,NaN,-0.647686999354259,NaN,NaN,-0.659249903646473,0.313436004822264,1.44284732115966,0.678490420463063,NaN,NaN,-0.741072021762943,-0.940075804902475,-0.258539565671675,-0.766488888416898,-0.766488888418115,-1.37591200998987,0.367112154291345,NaN,NaN,-0.458584936352804,-0.449116442277225,NaN,NaN,-1.29950687112852,NaN,-1.94600019178064,1.37520945946242
483.84,-0.496095520146598,0.0186887314335467,-0.426359995822367,-0.464419560569027,0.187727296415847,0.187727296414447,NaN,0.275248621526535,-0.968016102485539,0.262512980104106,1.10840161750831,0.262512980103252,0.458294464252486,-0.335653084954518,NaN,NaN,NaN,0.278567135959561,NaN,-0.206922816835225,0.106117978747638,NaN,-0.0584705780940223,NaN,NaN,-0.624239173413512,NaN,NaN,-0.619691634829828,0.343069718533008,1.4517794685241,0.673441266347372,NaN,NaN,-0.74064735347802,-0.936784410329818,-0.266159918253556,-0.762957778168547,-0.762957778169748,-1.39329002609279,0.384655040134768,NaN,NaN,-0.430572884914372,-0.443636650947743,NaN,NaN,-1.281460493274,NaN,-1.9935806897218,1.3838862507346
483.9424,-0.517431384515993,0.0696225016513111,-0.368208654439736,-0.455302697902597,0.239294007477394,0.239294007475993,NaN,0.277060875429828,-0.943492484975718,0.304164277754228,1.07212591756961,0.304164277753364,0.439524307523114,-0.303972353218194,NaN,NaN,NaN,0.278792753156281,NaN,-0.174162872777382,0.0563106497109748,NaN,-0.04132778800958,NaN,NaN,-0.601001688262529,NaN,NaN,-0.580765846168304,0.372797536491248,1.46047897528214,0.668834624320569,NaN,NaN,-0.741549347085339,-0.932477264247477,-0.274262232369048,-0.759990463430927,-0.759990463432111,-1.40768410651281,0.400478258271621,NaN,NaN,-0.401443228286647,-0.438807745934767,NaN,NaN,-1.26223445474509,NaN,-2.03918135090875,1.39257848961797
484.0448,-0.538119324895175,0.119520908966656,-0.311042974835222,-0.446704238342802,0.289724477951991,0.289724477950592,NaN,0.277426033059771,-0.919361873740921,0.344665310711012,1.03632398428068,0.344665310710138,0.421105184751672,-0.272942021722337,NaN,NaN,NaN,0.279563166084396,NaN,-0.141410808593902,0.00571745057775751,NaN,-0.0248124383430139,NaN,NaN,-0.578037779137641,NaN,NaN,-0.542555771168337,0.402573836699289,1.46891318735582,0.664653568555164,NaN,NaN,-0.743764785324698,-0.927142263868511,-0.282818298839425,-0.757561553348212,-0.757561553349378,-1.41904146284498,0.414519511421354,NaN,NaN,-0.371247360273403,-0.434640105193283,NaN,NaN,-1.24185228921017,NaN,-2.08266744419224,1.40122982350637
484.1472,-0.558077287047599,0.168287037069041,-0.254935594906075,-0.438633755823062,0.338934345716047,0.338934345714649,NaN,0.276353066131232,-0.895656646004356,0.383946971138652,1.00105749483085,0.383946971137768,0.403062099279787,-0.242619490907004,NaN,NaN,NaN,0.280864964220206,NaN,-0.108726114005016,-0.0455863176536168,NaN,-0.00896403414554862,NaN,NaN,-0.55540665655431,NaN,NaN,-0.505141573501813,0.432351856791616,1.47705043776298,0.660881152057058,NaN,NaN,-0.747274771335885,-0.920770001763403,-0.291799263723601,-0.755643606756605,-0.755643606757752,-1.42731951419975,0.426722554195921,NaN,NaN,-0.340041180868017,-0.431142136119806,NaN,NaN,-1.22033852106093,NaN,-2.1239090368004,1.40978279097962
484.2496,-0.577225554784104,0.215826893950864,-0.199956834446987,-0.431099173297805,0.386841991206759,0.386841991205362,NaN,0.273853141117572,-0.872407771223392,0.421942385718588,0.966381502237409,0.421942385717695,0.385417774210165,-0.213059261062576,NaN,NaN,NaN,0.2826801416229,NaN,-0.0761688019585762,-0.097523303692488,NaN,0.00618122145702169,NaN,NaN,-0.533163245805273,NaN,NaN,-0.46859995996814,0.462083801646122,1.48486018727927,0.6575004701011,NaN,NaN,-0.75205487641134,-0.913353885603078,-0.30117577424534,-0.754207256940195,-0.754207256941326,-1.43248611535103,0.437037431756318,NaN,NaN,-0.307884937266153,-0.428320204951522,NaN,NaN,-1.19771853668982,NaN,-2.16278172747922,1.41817912947982
484.352,-0.59548721338127,0.262049747408029,-0.146174608158601,-0.424106754496291,0.433368775163191,0.433368775161795,NaN,0.269939560715345,-0.84964479435523,0.458587140067387,0.932344068946042,0.458587140066487,0.368192597268567,-0.184312714333703,NaN,NaN,NaN,0.284986228097682,NaN,-0.0437992705680444,-0.150014331065452,NaN,0.020590637641418,NaN,NaN,-0.511357966268884,NaN,NaN,-0.433003805667211,0.491720951780821,1.4923131913977,0.654494740817333,NaN,NaN,-0.758075309750366,-0.90489026312016,-0.310918101518319,-0.753221347310031,-0.753221347311143,-1.43451977222842,0.445420714515072,NaN,NaN,-0.274843005378914,-0.426178571027544,NaN,NaN,-1.17401845588705,NaN,-2.19916734025332,1.42636008312251
484.4544,-0.612788578026161,0.306868429365787,-0.093654354154567,-0.41766108944583,0.478439248343215,0.47843924834182,NaN,0.264627689702465,-0.82739581627345,0.493819508480882,0.898986017775332,0.493819508479977,0.351404591016314,-0.156427924808447,NaN,NaN,NaN,0.287756461610253,NaN,-0.0116781358357217,-0.202978615528063,NaN,0.0342351944528118,NaN,NaN,-0.490036562640119,NaN,NaN,-0.398421801149081,0.52121378891566,1.49938167780333,0.651847392873465,NaN,NaN,-0.765301110748835,-0.895378548854477,-0.320996244007856,-0.752653081164055,-0.752653081165148,-1.4334098331385,0.451835724031262,NaN,NaN,-0.240983608889568,-0.424719333879457,NaN,NaN,-1.14926500931931,NaN,-2.23295457865832,1.434266718712
484.5568,-0.629059571845712,0.350199603668754,-0.0424589719883243,-0.411765091291986,0.521981330782225,0.521981330780831,NaN,0.257934861510461,-0.805687466819157,0.527580685078166,0.866340806773942,0.527580685077256,0.335069416423243,-0.129449497509074,NaN,NaN,NaN,0.290959993370775,NaN,0.020133968802976,-0.256333989681533,NaN,0.0470896499009559,NaN,NaN,-0.4692399946795,NaN,NaN,-0.364918134019876,0.550512156719026,1.50603952286919,0.649542151201247,NaN,NaN,-0.77369236647538,-0.88482134628046,-0.331380021894803,-0.752468192028599,-0.752468192029672,-1.42915664615982,0.456252753801178,NaN,NaN,-0.206378487791908,-0.42394239681117,NaN,NaN,-1.12348541570269,NaN,-2.26403965726804,1.44184025607737
484.6592,-0.644234046712615,0.391963997454153,0.0073512362244382,-0.406420015848421,0.563926463631627,0.563926463630234,NaN,0.249880266333098,-0.784544865612862,0.559815020404263,0.834434518283327,0.559815020403348,0.319200415125001,-0.103418433921822,NaN,NaN,NaN,0.294562120309158,NaN,0.0515766277896805,-0.309997149949569,NaN,0.0591325975829935,NaN,NaN,-0.449004383102173,NaN,NaN,-0.332552210484403,0.579565462528795,1.51226242645585,0.64756312026706,NaN,NaN,-0.783204459664108,-0.87322456057576,-0.342039170882705,-0.752631139874379,-0.752631139875432,-1.42177167858437,0.458649291543831,NaN,NaN,-0.17110252962286,-0.423845450193163,NaN,NaN,-1.09670725034752,NaN,-2.292326926563,1.44902241662303
484.7616,-0.658250053181435,0.432086600675287,0.0557186227301722,-0.401625503275486,0.604209738417903,0.60420973841651,NaN,0.24048482461453,-0.763991569194419,0.590470266776336,0.803285937917024,0.590470266775415,0.303808685747063,-0.0783720235327649,NaN,NaN,NaN,0.29852454401183,NaN,0.0825899266454978,-0.363883932159149,NaN,0.0703464784501519,NaN,NaN,-0.429361004292003,NaN,NaN,-0.301378412894861,0.608322907695666,1.5180280910111,0.645894872682348,NaN,NaN,-0.79378835023162,-0.860597500632493,-0.352943438516131,-0.753105332436381,-0.753105332437413,-1.41127759733597,0.459010245623243,NaN,NaN,-0.135233369183567,-0.424423978814469,NaN,NaN,-1.06895830636338,NaN,-2.3177294955095,1.45575579655725
484.864,-0.671050073974193,0.470496841998952,0.102588248435249,-0.397379632921079,0.642770010535249,0.642770010533857,NaN,0.229771049712041,-0.744049506683221,0.619497838064425,0.772906699089914,0.619497838063501,0.288903181973043,-0.0543437579805163,NaN,NaN,NaN,0.302805660322563,NaN,0.113114799286146,-0.417909609363296,NaN,0.0807175531911263,NaN,NaN,-0.410336321725693,NaN,NaN,-0.271445881731664,0.636733725827242,1.52331641275902,0.644522552524678,NaN,NaN,-0.805390884902412,-0.846952970267644,-0.364062681120468,-0.753853363745509,-0.753853363746521,-1.39770831494066,0.457328178541354,NaN,NaN,-0.0988509542692702,-0.42567129182294,NaN,NaN,-1.04026645543144,NaN,-2.34016985234057,1.46198426987811
484.9664,-0.682581233614944,0.507128749488243,0.147907935858617,-0.393678981105085,0.679550003962063,0.67955000396067,NaN,0.217762902163015,-0.724738908611134,0.646853090003676,0.743301482217712,0.64685309000275,0.27449082201869,-0.0313632606830575,NaN,NaN,NaN,0.307360885532491,NaN,0.143093434240438,-0.471989197676849,NaN,0.0902358435919188,NaN,NaN,-0.391952040333537,NaN,NaN,-0.242798309632386,0.664747417104851,1.52810968727879,0.643431993955019,NaN,NaN,-0.817955123133661,-0.832307348446041,-0.375366956421229,-0.754837260581433,-0.754837260582427,-1.38110901351806,0.453603553535687,NaN,NaN,-0.0620370757852825,-0.427578567122527,NaN,NaN,-1.01065951126131,NaN,-2.35958048367098,1.46765341495844
485.0688,-0.69279548893703,0.541921097309931,0.191628318298899,-0.390518676702861,0.714496406759986,0.714496406758593,NaN,0.204485635248126,-0.706078237474351,0.672495608687374,0.71446827604616,0.672495608686445,0.260576604374646,-0.00945623283041593,NaN,NaN,NaN,0.312143020873557,NaN,0.172469708623845,-0.526037757276466,NaN,0.0988950473055627,NaN,NaN,-0.374225180170114,NaN,NaN,-0.215473743851003,0.692313981491397,1.53239281736253,0.642609841734671,NaN,NaN,-0.831420668018197,-0.816680658319536,-0.386826606423571,-0.756018731362503,-0.756018731363478,-1.36153615274351,0.447844988931144,NaN,NaN,-0.0248748780869282,-0.430134901379225,NaN,NaN,-0.980165097077913,NaN,-2.37590448054678,1.4727109484884
485.1712,-0.701649798399357,0.574817529986803,0.233702874169945,-0.387892455458346,0.747559946768412,0.747559946767018,NaN,0.18996562849465,-0.688084132834069,0.696389469367231,0.686398722300157,0.696389469366299,0.247163726530022,0.0113555687445764,NaN,NaN,NaN,0.317102648481386,NaN,0.201189616270825,-0.579970680995141,NaN,0.106692422736608,NaN,NaN,-0.357168183227869,NaN,NaN,-0.189504407175299,0.719384155492809,1.53615349940994,0.642043654991414,NaN,NaN,-0.845723997116257,-0.800096624584242,-0.398412327077181,-0.757359416983731,-0.757359416984688,-1.33905744657931,0.440069491301465,NaN,NaN,0.0125516176442224,-0.433327358196265,NaN,NaN,-0.948810523651263,NaN,-2.38909610471496,1.47710715067196
485.2736,-0.709106264339486,0.605766654133654,0.27408793653767,-0.38579271655412,0.778695436473694,0.778695436472298,NaN,0.174230209059636,-0.670771379338842,0.718503429820515,0.659078556439833,0.718503429819582,0.234253706416598,0.0310543064834469,NaN,NaN,NaN,0.322188542131273,NaN,0.229201671355426,-0.63370396716426,NaN,0.113628640507398,NaN,NaN,-0.340789072365149,NaN,NaN,-0.164916557555016,0.745909645441677,1.53938236798439,0.641721985209496,NaN,NaN,-0.860798796178102,-0.782582716200051,-0.41009522644688,-0.758821147839864,-0.758821147840803,-1.31375178068731,0.430302626437728,NaN,NaN,0.0501579527261002,-0.437141010573193,NaN,NaN,-0.916622688497803,NaN,-2.39912129061486,1.48079527182177
485.376,-0.715132239994828,0.634722096362823,0.312742683343113,-0.384210585147024,0.807861788640069,0.807861788638669,NaN,0.157307471262828,-0.654152893704341,0.738811054876532,0.632488126885516,0.738811054875599,0.221846508268615,0.0496259937476646,NaN,NaN,NaN,0.327348071443176,NaN,0.256457277839778,-0.687154478566985,NaN,0.119707608797387,NaN,NaN,-0.325091664326863,NaN,NaN,-0.141730404134303,0.771843339475288,1.54207309102397,0.641634432534658,NaN,NaN,-0.876576298696005,-0.76417016775836,-0.421846879762665,-0.760366209730052,-0.760366209730972,-1.28570904799404,0.418578596874298,NaN,NaN,0.0878596366572886,-0.441558983560461,NaN,NaN,-0.883628007229696,NaN,-2.40595807162291,1.4837319147302
485.4784,-0.71970039254831,0.661642535473943,0.349629128710125,-0.383135983908447,0.835022018918939,0.835022018917536,NaN,0.139226110542574,-0.638239719688933,0.757290798924771,0.606602955528011,0.757290798923839,0.209940668554369,0.0670604064633064,NaN,NaN,NaN,0.332527585830586,NaN,0.282911055142121,-0.740240192626847,NaN,0.124936290449914,NaN,NaN,-0.310075815192022,NaN,NaN,-0.119960080658259,0.79713947904868,1.54422241942832,0.641771689604366,NaN,NaN,-0.892985623737473,-0.744893971910028,-0.433639391234856,-0.761957610319327,-0.761957610320228,-1.25502989617606,0.404940218275453,NaN,NaN,0.125572538634726,-0.446562508912761,NaN,NaN,-0.849852386007163,NaN,-2.40959692310075,1.48587738702184
485.5808,-0.722788715921282,0.686491721044588,0.384712139580892,-0.382557713171734,0.860143257530022,0.860143257528617,NaN,0.120015285725551,-0.623041018691022,0.773926085409807,0.581394311824133,0.773926085408873,0.198533410461072,0.0833510048500685,NaN,NaN,NaN,0.337672777301731,NaN,0.308521115442769,-0.792880446483374,NaN,0.129324532213412,NaN,NaN,-0.295737666411684,NaN,NaN,-0.0996136594172758,0.82175377744378,1.54583019847814,0.642125579098737,NaN,NaN,-0.909954097231768,-0.724792839399513,-0.445445466087266,-0.763559328272611,-0.763559328273494,-1.22182540094107,0.389438812714174,NaN,NaN,0.163213274096718,-0.452130993774334,NaN,NaN,-0.815321237012836,NaN,-2.41004101545236,1.48719601865888
485.6832,-0.724380492177239,0.709238492295882,0.417959499890303,-0.382463532707831,0.883196789251306,0.883196789249895,NaN,0.0997045212076524,-0.608564040634209,0.788705418480704,0.556829788495103,0.78870541847977,0.187620736790451,0.098494891487263,NaN,NaN,NaN,0.342729024530557,NaN,0.33324930164004,-0.844996176864758,NaN,0.132884922937199,NaN,NaN,-0.282069864775587,NaN,NaN,-0.0806931852658029,0.845643486899379,1.54689934334175,0.642689084438706,NaN,NaN,-0.927407546970815,-0.703909128359482,-0.457238486865952,-0.765136530287884,-0.765136530288753,-1.18621669078638,0.372134047974234,NaN,NaN,0.200699579059379,-0.458242094059867,NaN,NaN,-0.780059530160705,NaN,-2.40730637384658,1.48765644069252
485.7856,-0.724464205568867,0.729856809055632,0.449342036620446,-0.382840235120927,0.904158130683066,0.90415813068165,NaN,0.0783236586077142,-0.594814064356604,0.801622536996543,0.532873867802316,0.801622536995606,0.177197500819805,0.112492816125897,NaN,NaN,NaN,0.347641717073707,NaN,0.357061398899556,-0.896510145479001,NaN,0.135632687872311,NaN,NaN,-0.26906174399586,NaN,NaN,-0.0631947244368522,0.868767434913092,1.54743577448353,0.643456366734135,NaN,NaN,-0.945270573347398,-0.682288743687045,-0.468992583431616,-0.766655754832473,-0.766655754833327,-1.14833453823064,0.353093738191979,NaN,NaN,0.237950663080027,-0.464871785951834,NaN,NaN,-0.744091871619356,NaN,-2.40142194025255,1.48723181465677
485.888,-0.723033416904317,0.748325796564208,0.478833803360011,-0.383673708189849,0.923007137831077,0.923007137829653,NaN,0.0559028579268333,-0.581794316903878,0.812676584876244,0.509488465200269,0.812676584875305,0.167257465237776,0.125349211770098,NaN,NaN,NaN,0.352356562191757,NaN,0.379927312734698,-0.947347129057,NaN,0.13758561129819,NaN,NaN,-0.256699475916317,NaN,NaN,-0.0471084451765787,0.891086057529003,1.54744830947874,0.644422756284448,NaN,NaN,-0.963466807935666,-0.659981001492972,-0.480682690837324,-0.76808507473861,-0.768085074739448,-1.10831890795238,0.332393597459321,NaN,NaN,0.274887539776367,-0.471994435467047,NaN,NaN,-0.707442602325907,NaN,-2.39242953476021,1.48589999705687
485.9904,-0.720086609215633,0.764629794811254,0.506412297090138,-0.384948994759346,0.939728125364685,0.939728125363254,NaN,0.0324726344664775,-0.569505901596569,0.821872253112596,0.486633445667653,0.821872253111656,0.157793361130776,0.137072227980913,NaN,NaN,NaN,0.356819885304336,NaN,0.401821185412372,-0.997434055998469,NaN,0.138763968328905,NaN,NaN,-0.244966215824397,NaN,NaN,-0.0324187557543793,0.9125614443809,1.54694851270247,0.645584705235108,NaN,NaN,-0.981919176804108,-0.637038452952806,-0.492284599086032,-0.769394255644673,-0.769394255645499,-1.06631843690287,0.310116925784049,NaN,NaN,0.31143334012696,-0.479582865811651,NaN,NaN,-0.670135911234936,NaN,-2.38038372327996,1.48364363229703
486.0928,-0.715627018149103,0.778758400038218,0.532058677025556,-0.386650360493752,0.954309978344758,0.95430997834332,NaN,0.00806391147575623,-0.55794776511512,0.829219856404069,0.464267118089753,0.829219856403129,0.148796952991828,0.147673729618157,NaN,NaN,NaN,0.360978936610169,NaN,0.422721431384571,-1.04670008978062,NaN,0.139190445584627,NaN,NaN,-0.233842267056008,NaN,NaN,-0.0191045136018714,0.933157393255967,1.54595050884277,0.64693969582163,NaN,NaN,-1.00055018479538,-0.613516669604845,-0.503775002738521,-0.770554923969985,-0.7705549239708,-1.02248982399257,0.286354209783653,NaN,NaN,0.3475136139757,-0.487608421335817,NaN,NaN,-0.632195956825168,NaN,-2.36535160472705,1.48045017987818
486.1952,-0.709662458315176,0.790706490042349,0.555757962444842,-0.388761371407272,0.966746244835721,0.966746244834276,NaN,-0.0172919257067838,-0.547116714608863,0.834735330074302,0.442346718514438,0.834735330073363,0.140259110561133,0.1571692477298,NaN,NaN,NaN,0.364782210700292,NaN,0.442610697299524,-1.09507667130849,NaN,0.138890038772432,NaN,NaN,-0.223305276164276,NaN,NaN,-0.00713929948141328,0.952839464729885,1.54447077097203,0.648486115518467,NaN,NaN,-1.01928223030148,-0.58947399930494,-0.515131552800828,-0.771540749341873,-0.771540749342676,-0.976997120184445,0.261202632713261,NaN,NaN,0.383056619668642,-0.49604103145155,NaN,NaN,-0.593646989588438,NaN,-2.34741252506248,1.4763118863303
486.2976,-0.702205149756349,0.800474230783961,0.577499201885127,-0.391264975515115,0.977035208466823,0.977035208465371,NaN,-0.043562977398565,-0.537007474385496,0.838440160480529,0.420828898538235,0.838440160479593,0.132169883991435,0.16557789033814,NaN,NaN,NaN,0.368179780415344,NaN,0.461475762766126,-1.14249753169532,NaN,0.137889927429646,NaN,NaN,-0.213330452445959,NaN,NaN,0.00350826524575439,0.971575025300904,1.54252789763099,0.650223122120813,NaN,NaN,-1.0380379473706,-0.564971302612627,-0.526332906216644,-0.772327633208556,-0.772327633209347,-0.930010923500128,0.234765503461211,NaN,NaN,0.417993595752984,-0.50484928419263,NaN,NaN,-0.554513469212147,NaN,-2.32665771461236,1.47122571233914
486.4,-0.693271541697773,0.808067066259237,0.597275619294988,-0.394143581100822,0.985179949104785,0.985179949103322,NaN,-0.0707167753011792,-0.527612760157131,0.840361282749808,0.399670230298127,0.840361282748875,0.124518571640568,0.172922233005581,NaN,NaN,NaN,0.371123641539379,NaN,0.479307401507989,-1.18889869143255,NaN,0.136219334777082,NaN,NaN,-0.203890794084393,NaN,NaN,0.0128741869898657,0.989333264449323,1.54014239092317,0.652150516754009,NaN,NaN,-1.0567405574545,-0.540071676501799,-0.537358767879003,-0.772893882830959,-0.772893882831738,-0.881707493027734,0.207151625982424,NaN,NaN,0.452259007257776,-0.514000517615628,NaN,NaN,-0.514820171766595,NaN,-2.30318983717027,1.46519322424029
486.5024,-0.682882126649891,0.813495695553336,0.615084749473457,-0.397379124732393,0.991188403923715,0.991188403922243,NaN,-0.0987202191478591,-0.518923347933911,0.84053098339033,0.378827717040031,0.840530983389402,0.117293765029365,0.17922820904047,NaN,NaN,NaN,0.373568056161242,NaN,0.49610023109656,-1.23421847477233,NaN,0.13390938086882,NaN,NaN,-0.194957302189164,NaN,NaN,0.0209987770783049,1.00608517271236,1.53733644078513,0.654268629802321,NaN,NaN,-1.07531420432866,-0.514840170435851,-0.548189923887469,-0.773220344534315,-0.773220344535082,-0.832267802731695,0.178474635235204,NaN,NaN,0.485790763836136,-0.523460927642253,NaN,NaN,-0.474592286825085,NaN,-2.27712243914191,1.45822045532562
486.6048,-0.67106123687378,0.816776038167975,0.630928571790112,-0.400953124099824,0.995073435660424,0.995073435658939,NaN,-0.127539497817568,-0.510928125279981,0.83898682776082,0.35825928113861,0.838986827759897,0.110483362695083,0.184525006562704,NaN,NaN,NaN,0.37546987245887,NaN,0.511852575440724,-1.27839756734363,NaN,0.130992931396082,NaN,NaN,-0.186499177026012,NaN,NaN,0.0279263420304876,1.02180348316995,1.53413371607696,0.656578218391001,NaN,NaN,-1.0936842530571,-0.489343499325988,-0.558808265761137,-0.773290477819656,-0.773290477820411,-0.781876555666779,0.148852316768208,NaN,NaN,0.518530418657406,-0.533195688016885,NaN,NaN,-0.433855512177601,NaN,-2.24857929282521,1.45031773820715
486.7072,-0.657836818365763,0.817929180243582,0.644813635367053,-0.404846716439356,0.996852898598647,0.996852898597149,NaN,-0.157139995859465,-0.503614130917908,0.835771598066596,0.337924208283879,0.835771598065681,0.104074563106826,0.188844957224083,NaN,NaN,NaN,0.376788800911459,NaN,0.526566340198569,-1.3213791247196,NaN,0.127504433658543,NaN,NaN,-0.178484013689901,NaN,NaN,0.0337048684079252,1.03646259987047,1.53055915876377,0.659080370279402,NaN,NaN,-1.11177755796229,-0.463649756041407,-0.569196804621901,-0.773090373948913,-0.773090373949656,-0.730721165584803,0.118405904100789,NaN,NaN,0.550423366601795,-0.543169085863128,NaN,NaN,-0.392636155418682,NaN,-2.21769363668488,1.44149950973224
486.8096,-0.643240182382021,0.816981287950357,0.656751154761186,-0.409040691251503,0.996549680381459,0.996549680379948,NaN,-0.18748619599102,-0.496966599934369,0.830933201899125,0.31778354049628,0.830933201898216,0.0980538599680082,0.192223385912952,NaN,NaN,NaN,0.377487642577602,NaN,0.540246882804904,-1.3631089231281,NaN,0.123479723689836,NaN,NaN,-0.170878027926122,NaN,NaN,0.0383856739433699,1.05003854393395,1.52663877136097,0.661776402423216,NaN,NaN,-1.12952272313373,-0.437828122651735,-0.579339676898475,-0.772608742113822,-0.772608742114556,-0.678990696720161,0.0872593313426709,NaN,NaN,0.581419054356783,-0.553344678422087,NaN,NaN,-0.350961242961722,NaN,-2.18460732254053,1.43178409387885
486.912,-0.627305736299073,0.813963477989921,0.666757059153335,-0.413515530334718,0.994191703997411,0.99419170399589,NaN,-0.218541591002259,-0.490969030697266,0.824524517429007,0.297800414677212,0.824524517428107,0.0924070557202287,0.194698397382109,NaN,NaN,NaN,0.377532476332645,NaN,0.552902861827481,-1.40353554384102,NaN,0.118955794054884,NaN,NaN,-0.163646333042663,NaN,NaN,0.0420230095278285,1.06250893761684,1.52239938744909,0.664667741919963,NaN,NaN,-1.14685037138264,-0.411948578507974,-0.589222146565654,-0.771836882079986,-0.771836882080712,-0.626874752752149,0.0555384264654447,NaN,NaN,0.611471200571963,-0.563685469382777,NaN,NaN,-0.308858627130433,NaN,-2.14946987597289,1.42119346805893
487.0144,-0.610070695381905,0.808911644509009,0.674851992537047,-0.418251466024023,0.989811890611136,0.989811890609603,NaN,-0.250268615191341,-0.485603284871854,0.816603165478133,0.277940345935821,0.81660316547724,0.0871192885546413,0.19631059707274,NaN,NaN,NaN,0.376892811052959,NaN,0.564546059998197,-1.44261058485475,NaN,0.113970525333952,NaN,NaN,-0.156753266657523,NaN,NaN,0.0446736212221553,1.07385303176788,1.51786842252762,0.667755785063052,NaN,NaN,-1.1636934150543,-0.386081606097859,-0.5988306084228,-0.770768642054863,-0.77076864205558,-0.574562319683321,0.0233700506124202,NaN,NaN,0.64053801605341,-0.574154101787178,NaN,NaN,-0.266357076861435,NaN,-2.11243746341944,1.40975301065564
487.1168,-0.591574777973194,0.801866247778515,0.681061270770628,-0.423228561755728,0.983448090952408,0.983448090950865,NaN,-0.282628601984324,-0.480849724156891,0.807231217083553,0.258171462019481,0.807231217082668,0.0821750589723437,0.197102763636354,NaN,NaN,NaN,0.375541703662767,NaN,0.575191177820528,-1.48028888083538,NaN,0.108562393872107,NaN,NaN,-0.150162748057048,NaN,NaN,0.0463962954792534,1.08405177284982,1.5130736146288,0.671041742779362,NaN,NaN,-1.17998730995374,-0.36029789722876,-0.608152594055242,-0.76940035109059,-0.769400351091299,-0.522240580779,-0.00911879727512875,NaN,NaN,0.668582401455705,-0.5847130696362,NaN,NaN,-0.223486335609216,NaN,-2.07367175569052,1.39749122082555
487.2192,-0.571859888823738,0.792872071929035,0.685414802289218,-0.428426811053619,0.975142987870621,0.975142987869064,NaN,-0.315581770652995,-0.476687373307028,0.79647485597716,0.238464697459287,0.796474855976278,0.0775582525263563,0.197119500843487,NaN,NaN,NaN,0.373455839907956,NaN,0.584855596141395,-1.51652869612171,NaN,0.102770170827898,NaN,NaN,-0.143838640370277,NaN,NaN,0.0472514066227175,1.09308790122973,1.50804277556678,0.674526492602589,NaN,NaN,-1.19567027926156,-0.334668060151098,-0.617176780994423,-0.76773072359363,-0.767730723594331,-0.470093733884894,-0.0418018818919487,NaN,NaN,0.695572079189792,-0.595324949321691,NaN,NaN,-0.180277135959091,NaN,-2.03333869468566,1.38443940897448
487.3216,-0.550969799208956,0.781977962789821,0.68794698140567,-0.433826244424796,0.964943969592776,0.964943969591205,NaN,-0.349087237337395,-0.473094089249026,0.784404021211289,0.218793952168131,0.784404021210414,0.0732521676537502,0.196406893578467,NaN,NaN,NaN,0.370615575089481,NaN,0.593559113748722,-1.55129186304538,NaN,0.096632625864957,NaN,NaN,-0.137745097207661,NaN,NaN,0.0473004779464277,1.10094606797518,1.50280357178137,0.678210454416025,NaN,NaN,-1.21068350824348,-0.309262328291865,-0.625893004170695,-0.765760743398337,-0.765760743399032,-0.418301850965823,-0.0745546032417943,NaN,NaN,0.721479623540127,-0.605952641266858,NaN,NaN,-0.136761177622553,NaN,-1.99160719419436,1.3706313776162
487.424,-0.528949836856309,0.769236564005839,0.68869656998844,-0.439407029460922,0.952902981084459,0.952902981082875,NaN,-0.383103036390126,-0.470046717975909,0.771092055371409,0.199136219007251,0.77109205537054,0.0692395561040687,0.195012184163441,NaN,NaN,NaN,0.367004939744418,NaN,0.601323672775393,-1.58454386721973,NaN,0.090188246071472,NaN,NaN,-0.131846881795317,NaN,NaN,0.046605766068034,1.10761295613604,1.49738333932625,0.682093490092922,NaN,NaN,-1.22497131989037,-0.284150274879771,-0.634292263522964,-0.763493533369953,-0.763493533370642,-0.36703981669535,-0.10725480360581,NaN,NaN,0.746282402347162,-0.616559599699536,NaN,NaN,-0.0929710901441688,NaN,-1.94864781708354,1.35610312796905
487.5264,-0.505846598517222,0.75470407343309,0.687706589316931,-0.445149549083519,0.939076371355384,0.939076371353784,NaN,-0.417586135039545,-0.467521226292677,0.756615381435166,0.179471688794424,0.756615381434306,0.0655026746328807,0.192983482768426,NaN,NaN,NaN,0.362611623098788,NaN,0.608173085453383,-1.61625390046396,NaN,0.0834749792045975,NaN,NaN,-0.126109647483442,NaN,NaN,0.045229874964886,1.11307740144782,1.49180892778628,0.68617481784008,NaN,NaN,-1.23848133901242,-0.259400538587736,-0.642366717193837,-0.76093420772743,-0.760934207728111,-0.316476366069023,-0.139783487013917,NaN,NaN,0.769962482246232,-0.627110026947377,NaN,NaN,-0.0489404007966506,NaN,-1.90463147007587,1.34089261956392
487.6288,-0.481707690337059,0.738440034173388,0.685024239301178,-0.451034449672978,0.923524752545724,0.923524752544105,NaN,-0.452492432025664,-0.465492801115384,0.741053221729232,0.159783839932268,0.741053221728381,0.0620233421546051,0.190369522981913,NaN,NaN,NaN,0.35742694521094,NaN,0.61413278317355,-1.64639489738773,NaN,0.0765300080589637,NaN,NaN,-0.120500169659893,NaN,NaN,0.0432353992554501,1.11733051888091,1.4861065655587,0.690452936457415,NaN,NaN,-1.25116464294274,-0.235080562092889,-0.650109654010305,-0.758089702119489,-0.758089702120164,-0.266773222445289,-0.172025447957873,NaN,NaN,0.792506535668246,-0.637569022892794,NaN,NaN,-0.00470351894173137,NaN,-1.85972815176524,1.32503958277919
487.7312,-0.456581488485778,0.720507154134551,0.680700842648201,-0.4570426647594,0.906312867810082,0.906312867808448,NaN,-0.487776746753112,-0.463935921258794,0.724487348840148,0.140059510668184,0.724487348839307,0.0587830003509977,0.187219457100177,NaN,NaN,NaN,0.351445818458851,NaN,0.619229618452946,-1.67494356051603,NaN,0.0693895543360131,NaN,NaN,-0.114986533291941,NaN,NaN,0.040684592690072,1.120365840139,1.48030173752115,0.694925560013048,NaN,NaN,-1.26297589275675,-0.211256342815606,-0.657515450876914,-0.754968587450595,-0.754968587451262,-0.218084327036904,-0.203869824848579,NaN,NaN,0.81390575278804,-0.647902700553946,NaN,NaN,0.0397042608303749,NaN,-1.81410578254719,1.30858535692042
487.8336,-0.430516903482121,0.700971127538632,0.674791788614014,-0.463155431464718,0.887509444607361,0.887509444605709,NaN,-0.523392817952231,-0.462824420948804,0.707001834359545,0.120288943869901,0.707001834358714,0.0557627833906277,0.183582664025548,NaN,NaN,NaN,0.344666689608653,NaN,0.623491732725541,-1.70188037584507,NaN,0.0620886996054686,NaN,NaN,-0.109538296986131,NaN,NaN,0.0376390564802636,1.1221794553653,1.47441906873312,0.699589564358428,NaN,NaN,-1.27387344363732,-0.187992193328465,-0.664579529742583,-0.751580886821154,-0.751580886821816,-0.17055514582587,-0.235210604528682,NaN,NaN,0.834155748848277,-0.658078289269201,NaN,NaN,0.0842467430005431,NaN,-1.7679291450747,1.29157271586659
487.936,-0.403563134522853,0.679900430229619,0.667356445943515,-0.469354315671783,0.867187008484065,0.867187008482394,NaN,-0.5592933280276,-0.462131565537769,0.688682760637927,0.100465795054846,0.688682760637106,0.0529436054215987,0.179508539486691,NaN,NaN,NaN,0.337091453461408,NaN,0.626948468509266,-1.72718962328617,NaN,0.0546612096920792,NaN,NaN,-0.104126654239311,NaN,NaN,0.0341594381188078,1.12277014543073,1.46848221490501,0.704440946496335,NaN,NaN,-1.28381943943326,-0.165350506982291,-0.671298327125034,-0.747937915592805,-0.747937915593458,-0.124322038422994,-0.265947100811874,NaN,NaN,0.853256467177374,-0.668064237919723,NaN,NaN,0.128886813174389,NaN,-1.72135896968298,1.27404565446012
488.0384,-0.375769411618467,0.657366078963864,0.658458032035826,-0.475621250796786,0.845421650267421,0.84542165026573,NaN,-0.595429955631872,-0.461830146493756,0.669617884538487,0.0805871020088746,0.669617884537678,0.0503062698604706,0.175046258027485,NaN,NaN,NaN,0.328725338140871,NaN,0.629630297409095,-1.75085938482676,NaN,0.0471393584499027,NaN,NaN,-0.0987245973902991,NaN,NaN,0.0303051300361845,1.12213949481677,1.46251376508839,0.70947479774996,NaN,NaN,-1.29277989659527,-0.143391525677466,-0.677669279491995,-0.744052151173747,-0.744052151174391,-0.0795116816725006,-0.295984411360629,NaN,NaN,0.871212093663205,-0.67783031148374,NaN,NaN,0.173586426048116,NaN,-1.67455118962012,1.25604913098407
488.1408,-0.347184734706132,0.633441366617413,0.64816344813542,-0.481938583799174,0.822292760280883,0.822292760279169,NaN,-0.631753446560952,-0.46189258769386,0.649896270389958,0.0606532223848992,0.64989627038916,0.0478315970193124,0.170244520552696,NaN,NaN,NaN,0.319576769783946,NaN,0.631568753706024,-1.77288154477364,NaN,0.0395537584253279,NaN,NaN,-0.0933070745444027,NaN,NaN,0.0261339669338424,1.12029198434887,1.45653516219668,0.714685291236387,NaN,NaN,-1.30072477732935,-0.122173112602167,-0.68369081736761,-0.739937121474146,-0.739937121474784,-0.0362405542991107,-0.325233836712985,NaN,NaN,0.888031002849025,-0.68734766428931,NaN,NaN,0.218306601963966,NaN,-1.62765636036104,1.23762878127848
488.2432,-0.317857624697301,0.608201597407826,0.636543103602294,-0.488289115738895,0.797882754529711,0.797882754527976,NaN,-0.668213686059212,-0.462291046918094,0.629607925933215,0.0406677502773887,0.629607925932429,0.0455005615473919,0.165151314161887,NaN,NaN,NaN,0.309657222933974,NaN,0.63279637406549,-1.79325176882749,NaN,0.0319332141047366,NaN,NaN,-0.0878511217331504,NaN,NaN,0.0217019356695048,1.11723507238041,1.45056664523191,0.720065682739703,NaN,NaN,-1.30762804716449,-0.101750537553691,-0.689362354786352,-0.735607289648757,-0.735607289649384,0.00538550531126668,-0.353613239643146,NaN,NaN,0.903725733041796,-0.696588877173763,NaN,NaN,0.263007427045942,NaN,-1.58081921268717,1.2188306322187
488.3456,-0.287835898061448,0.581723842438687,0.623670749609901,-0.494656126061233,0.772276813588651,0.772276813586893,NaN,-0.704759757330712,-0.462997498739726,0.608843470706752,0.0206374211122996,0.60884347070598,0.0432944312201956,0.159813705610654,NaN,NaN,NaN,0.298981058268636,NaN,0.633346640477444,-1.81196945122894,NaN,0.0243046135648318,NaN,NaN,-0.0823359555868517,NaN,NaN,0.0170629173696714,1.11297927645038,1.4446272141785,0.72560832279975,NaN,NaN,-1.3134677112929,-0.0821762808953045,-0.69468426251367,-0.731077917208449,-0.731077917209067,0.045271657461932,-0.381047331975621,NaN,NaN,0.918312952470658,-0.705527958036978,NaN,NaN,0.307648047850447,NaN,-1.53417831011806,1.19970083796689
488.448,-0.257166467731992,0.554086716140968,0.609623320592247,-0.501023381334109,0.745562633616226,0.745562633614445,NaN,-0.741339984411625,-0.463983799265259,0.587693838168148,0.000572006132910718,0.587693838167389,0.0411949044660047,0.154277665072873,NaN,NaN,NaN,0.287565348457097,NaN,0.633253915801788,-1.82903763460635,NaN,0.016692861808985,NaN,NaN,-0.0767430296725182,NaN,NaN,0.0122684717601487,1.10753826111583,1.43873461295908,0.731304676789233,NaN,NaN,-1.31822582706824,-0.0634998563926742,-0.699657824708654,-0.726364909112732,-0.726364909113341,0.0833343259442789,-0.407467888069995,NaN,NaN,0.931813373302977,-0.714140321807117,NaN,NaN,0.352186656294981,NaN,-1.48786578804106,1.18028544570807
488.5504,-0.225895167820598,0.525370153119695,0.594480754479264,-0.507375142260313,0.717830164952501,0.717830164950694,NaN,-0.777901973838643,-0.465221749908984,0.566249980764946,-0.0195158108058071,0.566249980764199,0.0391842517078744,0.148587889873054,NaN,NaN,NaN,0.275429693447959,NaN,0.632553357082116,-1.84446292311884,NaN,0.00912084198103316,NaN,NaN,-0.0710560795938967,NaN,NaN,0.00736765791222828,1.10092892540137,1.43290532025629,0.737145348853889,NaN,NaN,-1.3218884957967,-0.0457676490692033,-0.704285192021403,-0.721484666411995,-0.721484666412597,0.119501362958942,-0.432813893176988,NaN,NaN,0.944251601866798,-0.722402775784156,NaN,NaN,0.396580468886866,NaN,-1.44200714007011,1.16063018914599
488.6528,-0.194066599166178,0.495655159811187,0.578325755394744,-0.513696185713503,0.689171307993222,0.689171307991391,NaN,-0.814392675611022,-0.466683182456553,0.544602539001473,-0.0396105835978775,0.544602539000741,0.0372454680839383,0.14278759378255,NaN,NaN,NaN,0.262596025975718,NaN,0.631280796149119,-1.85825540632028,NaN,0.001609383754657,NaN,NaN,-0.0652611864528931,NaN,NaN,0.00240687756087463,1.09317147399359,1.42715453876367,0.743120107075991,NaN,NaN,-1.32444584152882,-0.0290227634778941,-0.708569348358837,-0.7164539749907,-0.716453974991295,0.153712116396817,-0.457031638438148,NaN,NaN,0.955655941648654,-0.730293530241004,NaN,NaN,0.440785710409638,NaN,-1.39672099959819,1.14078030821946
488.7552,-0.161723993285161,0.465023525886589,0.561243478063142,-0.519971850481651,0.659679550120885,0.65967955011903,NaN,-0.850758477810271,-0.468340079314477,0.52284145211441,-0.0596942859582731,0.522841452113691,0.0353624407159286,0.136918247012118,NaN,NaN,NaN,0.24908840981621,NaN,0.629472584415639,-1.87042859217597,NaN,-0.00582277480509536,NaN,NaN,-0.059346871627354,NaN,NaN,-0.00257027037472927,1.08428945616822,1.42149618075318,0.749217910826843,NaN,NaN,-1.32589198429522,-0.0133048783504159,-0.71251410184772,-0.71128994457008,-0.711289944570669,0.185917408426097,-0.480074770792114,NaN,NaN,0.966058167680679,-0.737792240280043,NaN,NaN,0.484757616118186,NaN,-1.35211887069768,1.12078038626132
488.8576,-0.128909093228168,0.43355749584867,0.543321135977848,-0.526188104438936,0.6294495477665,0.629449547764618,NaN,-0.886945337391641,-0.47016472869057,0.501055511913946,-0.079746521886158,0.501055511913242,0.0335201274037303,0.131019275693334,NaN,NaN,NaN,0.234932836936443,NaN,0.627165402694138,-1.88099933721145,NaN,-0.0131590327462315,NaN,NaN,-0.0533042145672377,NaN,NaN,-0.00752312891042931,1.07430976409565,1.41594285484833,0.755426943214116,NaN,NaN,-1.32622501084033,0.00134989459108109,-0.71612409963638,-0.706009994596508,-0.706009994597093,0.216079434768403,-0.501904299427861,NaN,NaN,0.975493277400355,-0.744880076231341,NaN,NaN,0.528450465983428,NaN,-1.30830480402207,1.10067418783875
488.96,-0.0956620527755896,0.40133941679058,0.524647556382383,-0.532331622290771,0.598576675068737,0.598576675066829,NaN,-0.922898937347733,-0.472129900455019,0.479331884652377,-0.0997447546977751,0.479331884651686,0.0317047391018914,0.125127747101841,NaN,NaN,NaN,0.22015703124633,NaN,0.624396041691057,-1.88998776710146,NaN,-0.020384970899172,NaN,NaN,-0.0471269719314553,NaN,NaN,-0.012414113437734,1.06326259163042,1.41050586121326,0.76173465080728,NaN,NaN,-1.32544694018856,0.0149091455246222,-0.719404856732521,-0.700631869431393,-0.700631869431973,0.244171593201111,-0.522488557096617,NaN,NaN,0.983999208089731,-0.751539814470148,NaN,NaN,0.571817657022306,NaN,-1.26537506152846,1.08050449109004
489.0624,-0.0620213607435042,0.36845139116243,0.505312719868603,-0.538389857765796,0.567156571535817,0.567156571533882,NaN,-0.958564851017873,-0.474209019021337,0.457755644327898,-0.119664542089299,0.457755644327223,0.0299039150489331,0.119278077620504,NaN,NaN,NaN,0.204790266466631,NaN,0.621201165487211,-1.89741718700573,NaN,-0.027488384736144,NaN,NaN,-0.0408116713184227,NaN,NaN,-0.017208824386449,1.05118136243739,1.40519520110426,0.768127791421342,NaN,NaN,-1.32356367676831,0.0273442875882956,-0.722362783240508,-0.695173656351007,-0.695173656351583,0.270178251149476,-0.541803116112524,NaN,NaN,0.991616511008903,-0.757755931469144,NaN,NaN,0.61481180777028,NaN,-1.22341782241598,1.06031293149161
489.1648,-0.0280237991975073,0.334974965125679,0.485407323183995,-0.544351094236501,0.535284720809213,0.535284720807251,NaN,-0.993888691896029,-0.476376309382683,0.436409361950704,-0.13947976637104,0.436409361950044,0.0281068771123178,0.11350179940501,NaN,NaN,NaN,0.188863203369906,NaN,0.617617073924837,-1.90331397784345,NaN,-0.034459293808846,NaN,NaN,-0.0343576544841639,NaN,NaN,-0.0218761308840556,1.03810264225433,1.40001960289302,0.774592489813217,NaN,NaN,-1.32058494252931,0.0386306552027939,-0.725005194808996,-0.689653781731887,-0.68965378173246,0.294094462716468,-0.559830664043559,NaN,NaN,0.998387989397745,-0.763514679998204,NaN,NaN,0.657384879142054,NaN,-1.18251296642707,1.04013987761665
489.2672,0.0062955646310542,0.300990865472182,0.465022385236563,-0.550204467244169,0.50305607629091,0.503056076288922,NaN,-1.02881623688894,-0.478606905053446,0.415372769399208,-0.159162855874302,0.41537276939856,0.0263045536980364,0.107827401204716,NaN,NaN,NaN,0.172407746061796,NaN,0.613679482124581,-1.9077074687066,NaN,-0.0412899197608668,NaN,NaN,-0.0277670575116889,NaN,NaN,-0.0263882214514175,1.02406605003183,1.39498656042593,0.78111430029357,NaN,NaN,-1.31652418225742,0.0487475773020318,-0.72734030094615,-0.68409097604768,-0.684090976048252,0.315925641967975,-0.576560850082532,NaN,NaN,1.00435831779884,-0.768804140307175,NaN,NaN,0.699488295205565,NaN,-1.14273197091425,1.02002433096515
489.3696,0.0409033661938574,0.266578769275713,0.444248884489013,-0.555939969026254,0.470564722049949,0.470564722047934,NaN,-1.06329353080118,-0.480876928517285,0.394722476276791,-0.178685003604257,0.394722476276158,0.024489675667577,0.102280224935499,NaN,NaN,NaN,0.155456912066012,NaN,0.609423335899882,-1.91062977874072,NaN,-0.0479746382631118,NaN,NaN,-0.0210447403838498,NaN,NaN,-0.0307206314261581,1.0091141706427,1.39010237475862,0.787678273192578,NaN,NaN,-1.31139844261334,0.0576784321727005,-0.729377181258174,-0.678504219660123,-0.678504219660692,0.335687194674848,-0.59199011588544,NaN,NaN,1.00957365842743,-0.77361425680535,NaN,NaN,0.74107305666592,NaN,-1.10413794576106,1.00000381639069
489.472,0.0757679258627695,0.23181707352851,0.42317739118477,-0.561548456125318,0.437903537803371,0.437903537801331,NaN,-1.09726699463466,-0.483163569785225,0.374531693573603,-0.198016394837985,0.374531693572985,0.0226568577038416,0.0968823764121251,NaN,NaN,NaN,0.138044709054721,NaN,0.604882669918231,-1.91211563493828,NaN,-0.0545099235467652,NaN,NaN,-0.0141981996983907,NaN,NaN,-0.0348522646777029,0.993292455675242,1.38537219106148,0.794269019731252,NaN,NaN,-1.30522823296804,0.0654106923750211,-0.731125768978632,-0.672912695500413,-0.672912695500981,0.353404111179593,-0.606121525178781,NaN,NaN,1.01408128379642,-0.777936872094282,NaN,NaN,0.782089851317676,NaN,-1.06678578241039,0.980114239228998
489.5744,0.110859229046522,0.196782638750653,0.401897657917589,-0.567021677179682,0.405163839465327,0.405163839463262,NaN,-1.13068355726414,-0.485445184166101,0.35486992574093,-0.21712645169633,0.354869925740326,0.020802678050528,0.0916526134719576,NaN,NaN,NaN,0.120206010251862,NaN,0.600090493909438,-1.91220218262747,NaN,-0.0608943014514631,NaN,NaN,-0.00723749669195931,NaN,NaN,-0.0387654211471354,0.97664909423845,1.38080002703224,0.80087077078525,NaN,NaN,-1.29803737970313,0.0719359626996789,-0.732596857645589,-0.667335773015272,-0.667335773015837,0.369110526437037,-0.61896460427901,NaN,NaN,1.01792919566463,-0.781765765710226,NaN,NaN,0.822489170365997,NaN,-1.03072236185552,0.960389712024007
489.6768,0.146148897939265,0.161550500661289,0.38049815379733,-0.57235232485229,0.372434986048603,0.372434986046515,NaN,-1.16349081522826,-0.48770141342966,0.335802621839334,-0.235984094320364,0.335802621838744,0.018925760601389,0.0866061993204342,NaN,NaN,NaN,0.101976421928691,NaN,0.595078684692959,-1.91092880431172,NaN,-0.0671283114647459,NaN,NaN,-0.000175212605335177,NaN,NaN,-0.0424458277800284,0.959234843818594,1.37638879320734,0.80746742942837,NaN,NaN,-1.28985288308725,0.0772500078733473,-0.733802135281806,-0.661793032499683,-0.661793032500248,0.382849251015989,-0.630535193576502,NaN,NaN,1.02116571914066,-0.78509670597035,NaN,NaN,0.862221436070229,NaN,-0.995986775473264,0.940862370100566
489.7792,0.181610146111699,0.12619356328849,0.359065554563096,-0.577534103915255,0.339803964657855,0.339803964655743,NaN,-1.1956372113192,-0.489913318865446,0.31739080621274,-0.25455801162352,0.317390806212164,0.0170268548569226,0.0817547348186617,NaN,NaN,NaN,0.0833921402547238,NaN,0.589877875387142,-1.90833695225633,NaN,-0.0732144666094747,NaN,NaN,0.00697357756128258,NaN,NaN,-0.0458826592945448,0.941102821523809,1.37214030839783,0.814042620938826,NaN,NaN,-1.28070478046802,0.081352762918078,-0.734754238959247,-0.656304319699765,-0.656304319700327,0.394671269529397,-0.64085529087279,NaN,NaN,1.02383907664034,-0.787927516403124,NaN,NaN,0.901237141228093,NaN,-0.962610528535311,0.921562200419519
489.8816,0.21721771061501,0.0907822994090751,0.337684223261658,-0.582561800103685,0.307354980650541,0.307354980648405,NaN,-1.22707221419688,-0.492063505328396,0.299690729375118,-0.272816930857755,0.299690729374554,0.0151089036252074,0.0771060023280444,NaN,NaN,NaN,0.0644897980008552,NaN,0.584517349956875,-1.90446998948365,NaN,-0.0791571972661361,NaN,NaN,0.0141913364590523,NaN,NaN,-0.049068530752862,0.922308262860344,1.3680553170191,0.82057974551534,NaN,NaN,-1.27062601372377,0.0842483191724725,-0.735466814540775,-0.650889805988816,-0.65088980598938,0.404635199101415,-0.649952856391986,NaN,NaN,1.02599697971986,-0.790258138625878,NaN,NaN,0.939487000678387,NaN,-0.930617705471413,0.902516904883082
489.984,0.25294776327822,0.0553844883657041,0.316435728878068,-0.587431331512013,0.275169087647433,0.275169087645274,NaN,-1.25774647930656,-0.494136212974634,0.282753586851687,-0.290729873534749,0.282753586851137,0.0131770846367315,0.0726638630246247,NaN,NaN,NaN,0.0453063057030872,NaN,0.57902495995429,-1.89937303190326,NaN,-0.0849627651095062,NaN,NaN,0.0214581324627918,NaN,NaN,-0.0519994463467487,0.902908259469193,1.36413351810335,0.827062038936362,NaN,NaN,-1.25965229265701,0.085944883239521,-0.735954562673948,-0.645570023632099,-0.645570023632661,0.412806703337053,-0.657861551797001,NaN,NaN,1.02768627838204,-0.792090657989244,NaN,NaN,0.976922117106336,NaN,-0.900025092310053,0.883751805972247
490.0864,0.288777806977594,0.0200650137696757,0.295398442560255,-0.592139769259956,0.243323884591626,0.243323884589442,NaN,-1.28761197786237,-0.496117360887319,0.266625340365219,-0.308266388016732,0.266625340364682,0.011238813611535,0.0684282398767709,NaN,NaN,NaN,0.0258786986393999,NaN,0.573427081593106,-1.89309279013046,NaN,-0.0906391374981372,NaN,NaN,0.0287517691429164,NaN,NaN,-0.0546746982466803,0.882961489805399,1.36037361196772,0.833472643645483,NaN,NaN,-1.24782194226586,0.0864547104095357,-0.736233256446886,-0.640365852816916,-0.64036585281748,0.419257862879276,-0.664620396963078,NaN,NaN,1.02895269182502,-0.793429261884793,NaN,NaN,1.01349415997467,NaN,-0.87084227956769,0.865289789978331
490.1888,0.324686561181978,-0.0151142777420319,0.274647217166747,-0.596685328623026,0.211893280303828,0.211893280301623,NaN,-1.31662209537947,-0.497994545424128,0.251346640472231,-0.325396758460276,0.251346640471708,0.00930370626819607,0.0643951853306955,NaN,NaN,NaN,0.00624400203007687,NaN,0.56774862350016,-1.88567741533881,NaN,-0.0961958270003474,NaN,NaN,0.036047973574145,NaN,NaN,-0.0570967213284444,0.862527954463565,1.35677335888751,0.839794687149007,NaN,NaN,-1.23517572591915,0.085794014338203,-0.736319729970185,-0.635298458755241,-0.635298458755807,0.424066507448374,-0.670273346863589,NaN,NaN,1.02984063215727,-0.794280128023599,NaN,NaN,1.04915554642399,NaN,-0.843071787894962,0.847151282036181
490.2912,0.360653839712922,-0.0500946789554323,0.254253118868154,-0.601067346331562,0.180947297839501,0.180947297837273,NaN,-1.34473171603003,-0.499757015998384,0.236952813592366,-0.34209219924156,0.236952813591855,0.00738350972966849,0.0605569984325349,NaN,NaN,NaN,-0.0135608838376436,NaN,0.562013078248062,-1.8771763564838,NaN,-0.101643716678032,NaN,NaN,0.0433206122555426,NaN,NaN,-0.0592709186180196,0.841668719198861,1.35332963641539,0.846011360904581,NaN,NaN,-1.22175664643487,0.0839828536430928,-0.736231850950111,-0.630389200098097,-0.630389200098663,0.427315516409694,-0.674868810760192,NaN,NaN,1.03039311569376,-0.794651275782999,NaN,NaN,1.08385960936241,NaN,-0.816709247678199,0.829354249434782
490.3936,0.396660424909886,-0.0848207139071878,0.234283171657865,-0.605286261511408,0.150551886549656,0.150551886547408,NaN,-1.37189731270057,-0.501395655515021,0.223473867620452,-0.358325044428818,0.223473867619956,0.00549201839820359,0.0569023509688509,NaN,NaN,NaN,-0.0334992890410857,NaN,0.556242596962745,-1.86764023546952,NaN,-0.106994892923208,NaN,NaN,0.0505419003447022,NaN,NaN,-0.0612054751057044,0.820445659466815,1.35003848699981,0.852105994861509,NaN,NaN,-1.20760973387368,0.0810449974994628,-0.735988492240974,-0.62565953563428,-0.625659535634847,0.429092098587732,-0.67845914448015,NaN,NaN,1.03065174174636,-0.794552421596533,NaN,NaN,1.11756074876893,NaN,-0.791743631869618,0.811914225476466
490.496,0.432687942218574,-0.119240233142477,0.214800097016981,-0.609343607772146,0.120768728129899,0.12076872812763,NaN,-1.39807705359498,-0.502902979172286,0.210934491532242,-0.374068934874785,0.210934491531759,0.00364498313632269,0.0534164054625815,NaN,NaN,NaN,-0.0535348808216551,NaN,0.550458069555136,-1.8571207408482,NaN,-0.112262495248488,NaN,NaN,0.0576825896693831,NaN,NaN,-0.0629111713510458,0.798921197678935,1.34689515778,0.858062127030577,NaN,NaN,-1.19278182937859,0.0770077729358408,-0.735609508670257,-0.621130943871526,-0.621130943872092,0.429487066244308,-0.681100139888512,NaN,NaN,1.03065672588471,-0.793994850269833,NaN,NaN,1.15021457429138,NaN,-0.768157512211544,0.794844344155943
490.5984,0.46871873645749,-0.153304507624446,0.195862057175367,-0.613242012447215,0.0916550440439725,0.0916550440416826,NaN,-1.42323092274086,-0.504273148168008,0.199354053720487,-0.389298998826429,0.199354053720017,0.00186001343049149,0.0500809343136851,NaN,NaN,NaN,-0.073631769963868,NaN,0.544679201353019,-1.84567053193686,NaN,-0.117460579285793,NaN,NaN,0.064712142698868,NaN,NaN,-0.0644011972946767,0.777158029375437,1.34389414065715,0.863863569624183,NaN,NaN,-1.17732137140801,0.0719018939645605,-0.735115715143452,-0.616824852370008,-0.616824852370572,0.42859411805537,-0.682850520615377,NaN,NaN,1.03044698876399,-0.792991286489871,NaN,NaN,1.18177804835327,NaN,-0.745927305989947,0.778155382029823
490.7008,0.504735748269668,-0.186968304674208,0.17752242596023,-0.616985191059431,0.0632634246289141,0.0632634246266054,NaN,-1.44732084114587,-0.505501985177573,0.188746622038053,-0.403992017838715,0.188746622037595,0.000156466329990648,0.0468744636173523,NaN,NaN,NaN,-0.0937546007353652,NaN,0.538924570292921,-1.83334313951231,NaN,-0.122603980511181,NaN,NaN,0.0715989144447946,NaN,NaN,-0.0656909610496184,0.755218843349945,1.34102922339221,0.869494474145766,NaN,NaN,-1.16127818441947,0.065761271886209,-0.734528854794416,-0.612762560266484,-0.612762560267047,0.426509140933312,-0.683771440625791,NaN,NaN,1.03006029271709,-0.791555752309415,NaN,NaN,1.21220963545166,NaN,-0.725023513223444,0.761855806540208
490.8032,0.540722388991704,-0.22018992606213,0.159829615942763,-0.620577922162984,0.035641704966792,0.0356417049644647,NaN,-1.47031077074246,-0.506586974915564,0.179121032354396,-0.418126567593262,0.179121032353951,-0.00144468628149915,0.0437724678608674,NaN,NaN,NaN,-0.113868609687432,NaN,0.533211646348861,-1.82019285149189,NaN,-0.127708163562888,NaN,NaN,0.0783103695439168,NaN,NaN,-0.0667978890308806,0.733166048859551,1.33829356035453,0.874939397857078,NaN,NaN,-1.14470326199272,0.0586228088184571,-0.733871543865992,-0.608965133649685,-0.608965133650247,0.423329535145686,-0.683925980909394,NaN,NaN,1.02953339712638,-0.789703411705343,NaN,NaN,1.24146945837373,NaN,-0.705410978332511,0.745951825300645
490.9056,0.57666241587236,-0.252931194887079,0.142826984044376,-0.624025993462891,0.00883290599675141,0.00883290599440603,NaN,-1.49216678785027,-0.50752723499697,0.170481023401061,-0.431683126242218,0.170481023400629,-0.00292101797034791,0.0407476321899508,NaN,NaN,NaN,-0.13393965859962,NaN,0.527556783857329,-1.80627458255345,NaN,-0.132789048997358,NaN,NaN,0.0848133498359683,NaN,NaN,-0.0677412166882915,0.711061525347099,1.33567976090564,0.880183371951481,NaN,NaN,-1.12764853392907,0.0505261776879447,-0.733167186205265,-0.605453262615108,-0.605453262615666,0.419153566034554,-0.683378648784344,NaN,NaN,1.02890220191907,-0.787450413018139,NaN,NaN,1.26951945182156,NaN,-0.687049208447252,0.730447429531682
491.008,0.612539814140515,-0.285157394733446,0.12655281623737,-0.627336124288234,-0.0171247618770008,-0.0171247618793631,NaN,-1.51285712705496,-0.508323454150348,0.16282543349506,-0.444644152876268,0.162825433494641,-0.00424883229403193,0.0377701746591465,NaN,NaN,NaN,-0.153934263147541,NaN,0.521975229053067,-1.79164373796455,NaN,-0.137862823615676,NaN,NaN,0.0910743796155806,NaN,NaN,-0.0685417713049646,0.688966402983692,1.33317998153608,0.885211968430346,NaN,NaN,-1.11016661497701,0.0415135894241492,-0.732439862946954,-0.602247086850581,-0.602247086851135,0.414079749137259,-0.682194896062912,NaN,NaN,1.02820186432776,-0.784813742542415,NaN,NaN,1.29632349683945,NaN,-0.669892758116038,0.715344433157174
491.1104,0.64833869353351,-0.316837180521031,0.111040368695382,-0.630515881010085,-0.0421978563289641,-0.0421978563313436,NaN,-1.53235220900862,-0.508977808848156,0.156148433682549,-0.4569941477974,0.156148433682143,-0.00540335864223597,0.0348081974978843,NaN,NaN,NaN,-0.173819634010826,NaN,0.516481181449257,-1.77635608464511,NaN,-0.142945750238185,NaN,NaN,0.0970599744458147,NaN,NaN,-0.0692217513055279,0.666940871146534,1.33078600664692,0.890011361056048,NaN,NaN,-1.09231054436438,0.0316295456145872,-0.731714212236738,-0.599366010004341,-0.599366010004889,0.408206277498746,-0.680440675548833,NaN,NaN,1.02746688717817,-0.78181109578009,NaN,NaN,1.32184752516636,NaN,-0.65389168061052,0.700642517258303
491.2128,0.684043205250339,-0.347942481549538,0.0963179395809868,-0.633573600201372,-0.0663576458195133,-0.0663576458219086,NaN,-1.55062466526503,-0.509493871114939,0.150439771809869,-0.468719705204691,0.150439771809477,-0.00635894571929728,0.0318280364477899,NaN,NaN,NaN,-0.193563733183964,NaN,0.511087920411607,-1.7604676378628,NaN,-0.148053987988128,NaN,NaN,0.102736925744219,NaN,NaN,-0.0698045088854935,0.645044006820248,1.32848931187122,0.894568377593549,NaN,NaN,-1.07413352906252,0.0209205759467456,-0.731015311883911,-0.596828521309786,-0.596828521310327,0.401630496092721,-0.678182045340359,NaN,NaN,1.02673117821749,-0.778460758598771,NaN,NaN,1.34605959545241,NaN,-0.638992047743637,0.686339286123269
491.3152,0.719637480900253,-0.378448406064495,0.0824089586797246,-0.636518322831804,-0.0895800461102249,-0.0895800461126367,NaN,-1.56764936436863,-0.509876513054202,0.145685017366298,-0.479809560205414,0.145685017365917,-0.0070892460817869,0.0287945962412621,NaN,NaN,NaN,-0.213135338958616,NaN,0.505807973985595,-1.7440345647366,NaN,-0.153203421444768,NaN,NaN,0.108072556782353,NaN,NaN,-0.0703143414635585,0.62333361677745,1.32628111485355,0.898870544789404,NaN,NaN,-1.05568869937345,0.00943496347698606,-0.730368567763767,-0.594652030545406,-0.594652030545936,0.394448422438137,-0.67548481627552,NaN,NaN,1.02602806697534,-0.774781486490574,NaN,NaN,1.36892995349438,NaN,-0.625136533206306,0.672430332207381
491.4176,0.755105588272868,-0.408333143489817,0.0693320960181959,-0.639359731540784,-0.111845544104427,-0.111845544106855,NaN,-1.5834034347558,-0.510131807191909,0.141865812301255,-0.490254624674745,0.141865812300887,-0.00756739270219675,0.0256716796786664,NaN,NaN,NaN,-0.232504105382921,NaN,0.500653276281723,-1.72711309334523,NaN,-0.15840948991839,NaN,NaN,0.113034965035093,NaN,NaN,-0.070776292890376,0.601866091508635,1.32415242621352,0.902906131023504,NaN,NaN,-1.03702887838973,-0.00277753591763215,-0.729799600427779,-0.592852710115252,-0.59285271011577,0.386754307443976,-0.672414227756389,NaN,NaN,1.02539025406271,-0.770792383675318,NaN,NaN,1.39043109172871,NaN,-0.61226504847378,0.658909304684208
491.52,0.790431496396188,-0.437577850162153,0.0571014041711758,-0.642108077401465,-0.133139091911471,-0.133139091913914,NaN,-1.59786627386571,-0.510266914655469,0.138960145369798,-0.500048003685869,0.138960145369443,-0.00776617383589587,0.0224223303134829,NaN,NaN,NaN,-0.251640598416467,NaN,0.495635266085944,-1.70975940568062,NaN,-0.163687007808512,NaN,NaN,0.117593274338747,NaN,NaN,-0.0712159606737429,0.580696274502524,1.32209411339932,0.906664191342952,NaN,NaN,-1.01820635884081,-0.0156659721467756,-0.729334117289873,-0.591445331106406,-0.591445331106909,0.37864022622433,-0.669034633605029,NaN,NaN,1.02484967931589,-0.766512796048688,NaN,NaN,1.41053781773487,NaN,-0.600315429759336,0.645767978119971
491.6224,0.825599046259588,-0.466166504693962,0.045726512103315,-0.644774086342514,-0.15344995517176,-0.153449955174215,NaN,-1.61101953426526,-0.510289950820407,0.136942665815874,-0.509184985994144,0.136942665815531,-0.00765821342569505,0.0190092058348665,NaN,NaN,NaN,-0.270516300241054,NaN,0.490764924315986,-1.6920295012676,NaN,-0.169049970815455,NaN,NaN,0.121717912994232,NaN,NaN,-0.0716593036978721,0.559877354743358,1.32009697992545,0.910134615209423,NaN,NaN,-0.999272676811225,-0.029178470943019,-0.728997762280018,-0.59044308357351,-0.590443083573998,0.370195688567224,-0.665409187703726,NaN,NaN,1.02443731951313,-0.761962230139941,NaN,NaN,1.42922733192408,NaN,-0.589224174701897,0.632996319488981
491.7248,0.860591926701358,-0.494085736072909,0.0352128653449882,-0.64736884884626,-0.172771520895517,-0.172771520897984,NaN,-1.62284708988477,-0.510209831717552,0.135785025231161,-0.517663009303801,0.135785025230831,-0.00721615798072401,0.0153949733806702,NaN,NaN,NaN,-0.289103589922038,NaN,0.486052776416506,-1.67397904044345,NaN,-0.174511352694215,NaN,NaN,0.125380908250389,NaN,NaN,-0.0721324492358418,0.539460786421285,1.31815185012195,0.913308171909909,NaN,NaN,-0.98027837901568,-0.0432624921094532,-0.728815948273984,-0.589857387404696,-0.589857387405167,0.361507263150061,-0.661599534221743,NaN,NaN,1.02418293964018,-0.757160303834406,NaN,NaN,1.4464793097703,NaN,-0.578927200240023,0.620582554057453
491.8272,0.895393654333919,-0.521324646096945,0.0255619785129376,-0.649903708936954,-0.191101093610691,-0.191101093613168,NaN,-1.63333499732568,-0.510036121722142,0.135456209599075,-0.525481609420576,0.135456209598755,-0.00641286202656575,0.0115426908340774,NaN,NaN,NaN,-0.307375718861382,NaN,0.48150887632949,-1.65566318611079,NaN,-0.180082907526792,NaN,NaN,0.128556163371017,NaN,NaN,-0.072661505623117,0.519496229201186,1.31624964568505,0.916176546321191,NaN,NaN,-0.961272793908034,-0.0578650758486585,-0.728813689208564,-0.589697716454185,-0.589697716454637,0.352658214730283,-0.657665513985699,NaN,NaN,1.02411482342379,-0.752126729694277,NaN,NaN,1.46227598535441,NaN,-0.56936056263507,0.608513237067733
491.9296,0.92998755458373,-0.547874646310812,0.0167716667267861,-0.652390168003236,-0.20843970804378,-0.208439708046267,NaN,-1.64247146595111,-0.509778900640012,0.135922830412348,-0.532642363665009,0.13592283041204,-0.00522156217557191,0.00741614032982304,NaN,NaN,NaN,-0.325306797721754,NaN,0.477142779139255,-1.63713645299432,NaN,-0.185774992435893,NaN,NaN,0.131219683665139,NaN,NaN,-0.0732723884231871,0.500031495073089,1.31438144471989,0.918732359872748,NaN,NaN,-0.94230382292931,-0.0729330784616479,-0.729015447962251,-0.589971459070551,-0.589971459070984,0.343728157350371,-0.653664892890903,NaN,NaN,1.02425950719311,-0.746881323298616,NaN,NaN,1.47660223433436,NaN,-0.56046107857318,0.596773350461905
492.032,0.964356740782327,-0.573729312602867,0.00883624829262643,-0.654839808257447,-0.224791965283983,-0.224791965286479,NaN,-1.65024684002563,-0.509448650864562,0.137149374654849,-0.539148832892604,0.13714937465455,-0.00361603585720445,0.0029801076995383,NaN,NaN,NaN,-0.342871801684198,NaN,0.472963518244899,-1.61845256011733,NaN,-0.1915964166376,NaN,NaN,0.133349738469112,NaN,NaN,-0.0739906623548818,0.481112489433645,1.31253852091489,0.92096917649263,NaN,NaN,-0.923417761151362,-0.0884133997464673,-0.729445005032714,-0.59068382335098,-0.590683823351391,0.33479272572709,-0.649653107039666,NaN,NaN,1.02464153145075,-0.741444019848504,NaN,NaN,1.48944565375249,NaN,-0.552166823889372,0.585346448549999
492.1344,0.998484091098215,-0.59888424602375,0.001746735913596,-0.657264229488212,-0.240165878391923,-0.240165878394426,NaN,-1.65665358714618,-0.509056152626399,0.13909843826986,-0.545006499691169,0.139098438269572,-0.00157074847482379,-0.00179937164224919,NaN,NaN,NaN,-0.360046589659973,NaN,0.468979609167083,-1.59966427753412,NaN,-0.197554313676117,NaN,NaN,0.134926969361137,NaN,NaN,-0.0748413953594801,0.462783141619411,1.31071236804109,0.92288149815069,NaN,NaN,-0.90465914366115,-0.104253204584843,-0.730125341273635,-0.591837777115748,-0.591837777116136,0.325923262327315,-0.645683009873581,NaN,NaN,1.02528321034404,-0.735834879965757,NaN,NaN,1.5007966354157,NaN,-0.544417536985863,0.574214860750262
492.2368,1.03235222418819,-0.623336920475307,-0.00450895324040361,-0.65967498542398,-0.254572702283897,-0.254572702286407,NaN,-1.66168628167249,-0.508612371018001,0.141730977340336,-0.550222695714376,0.141730977340057,0.000939002135396724,-0.00695476727717144,NaN,NaN,NaN,-0.376807927594591,NaN,0.465199091777931,-1.58082326164081,NaN,-0.203654028244135,NaN,NaN,0.135934470289971,NaN,NaN,-0.0758490167380976,0.445085329086282,1.30889471994514,0.924464756473734,NaN,NaN,-0.886070605673482,-0.120400140274518,-0.73107852099318,-0.593433999749131,-0.593433999749496,0.317186516559256,-0.641804606075157,NaN,NaN,1.02620442333075,-0.73007406781502,NaN,NaN,1.51064842927266,NaN,-0.537154959967134,0.563359942872616
492.3392,1.0659434702987,-0.647086496425713,-0.00994573979793316,-0.662083504273209,-0.26802672342803,-0.268026723430544,NaN,-1.66534156884452,-0.508128318387958,0.14500660658286,-0.554806509208054,0.145006606582591,0.00393693374349709,-0.0125167795360265,NaN,NaN,NaN,-0.393133509348164,NaN,0.461629603481987,-1.56197987965114,NaN,-0.209899007497901,NaN,NaN,0.136357867560151,NaN,NaN,-0.0770371695251025,0.428058807446199,1.30707757330415,0.925715304882127,NaN,NaN,-0.867692745046048,-0.136802550560852,-0.732325561846789,-0.595470821864717,-0.595470821865056,0.308644355723436,-0.638064767489064,NaN,NaN,1.02742245316709,-0.724181788090559,NaN,NaN,1.51899719279918,NaN,-0.53032310502419,0.552762368855571
492.4416,1.09923983367015,-0.670133592608831,-0.0145810683182237,-0.664500985811102,-0.28054500087083,-0.28054500087335,NaN,-1.66761810085607,-0.507614885645069,0.148883951400951,-0.558768668091278,0.148883951400693,0.00744561432967912,-0.0185140288695609,NaN,NaN,NaN,-0.40900197585205,NaN,0.458278463207414,-1.54318302744269,NaN,-0.216290691752947,NaN,NaN,0.136185413320659,NaN,NaN,-0.0784285531859769,0.411741161004225,1.30525321172275,0.926630411721608,NaN,NaN,-0.849563982984449,-0.153409685324433,-0.733886287025602,-0.597944142725785,-0.597944142726102,0.300353490061931,-0.634506941100175,NaN,NaN,1.02895189326758,-0.718178177984218,NaN,NaN,1.52584202101486,NaN,-0.523868409095706,0.542402452034225
492.544,1.1322229505941,-0.692480033225558,-0.0184345600304544,-0.66693828336762,-0.29214707636576,-0.292147076368282,NaN,-1.66851645377394,-0.507082657512781,0.15332102462801,-0.562121404906276,0.153321024627764,0.0114862868787828,-0.0249727325775701,NaN,NaN,NaN,-0.424392939850333,NaN,0.455152750733143,-1.52447994461592,NaN,-0.222828411825744,NaN,NaN,0.13540808051489,NaN,NaN,-0.0800447643809074,0.396167779460572,1.30341422388005,0.927208252205484,NaN,NaN,-0.831720427892897,-0.170171901268874,-0.73577916956681,-0.60084733842356,-0.600847338423852,0.292365216181372,-0.631170868445703,NaN,NaN,1.03080462304102,-0.712083164335827,NaN,NaN,1.53118495176045,NaN,-0.517739774142574,0.532260466952596
492.6464,1.16487405585992,-0.714128605404886,-0.02152767353479,-0.669405790883649,-0.302854688489104,-0.302854688491629,NaN,-1.6680390495781,-0.506541741529097,0.158275578466514,-0.56487831844512,0.15827557846628,0.0160786957726716,-0.0319164108137775,NaN,NaN,NaN,-0.439287027317414,NaN,0.452259382152736,-1.5059160328334,NaN,-0.229509311258467,NaN,NaN,0.134019629073663,NaN,NaN,-0.0819061501184543,0.381371851776651,1.30155350891412,0.927447897074102,NaN,NaN,-0.814195754208579,-0.187040848055521,-0.738021187814775,-0.60417118984186,-0.604171189842127,0.284725186479801,-0.628092335862438,NaN,NaN,1.03298983627459,-0.70591630497675,NaN,NaN,1.53503094628154,NaN,-0.511888532084405,0.522316933629253
492.7488,1.19717396862281,-0.735082855590577,-0.0238834070882557,-0.671913352470885,-0.312691519777782,-0.312691519780309,NaN,-1.66619010408572,-0.506001633102063,0.163705392564055,-0.567054244747876,0.163705392563831,0.0212409258381776,-0.0393656550898698,NaN,NaN,NaN,-0.453665941179296,NaN,0.449605191311976,-1.48753469113977,NaN,-0.236328309891505,NaN,NaN,0.132016617527712,NaN,NaN,-0.0840316845314634,0.367384361607626,1.29966426585959,0.927349297300295,NaN,NaN,-0.797021108574397,-0.203969636529588,-0.740627708563083,-0.607903856590665,-0.607903856590906,0.277473217898687,-0.625302972055405,NaN,NaN,1.03551410922431,-0.699696635031258,NaN,NaN,1.53738785299469,NaN,-0.506268377214557,0.512552841273213
492.8512,1.22910309961799,-0.755346933943518,-0.0255260545800861,-0.674470199611213,-0.321682986169478,-0.321682986172007,NaN,-1.66297560501738,-0.505471120106468,0.16956848757974,-0.568665141599747,0.169568487579527,0.0269892594828532,-0.0473379687646235,NaN,NaN,NaN,-0.467512539455073,NaN,0.447197018700932,-1.46937718529586,NaN,-0.24327811326845,NaN,NaN,0.129398353052044,NaN,NaN,-0.0864388732675955,0.354234072130751,1.29773996866802,0.926913265455824,NaN,NaN,-0.780225050109315,-0.22091298734497,-0.743612403949038,-0.612030906056394,-0.612030906056609,0.270643156558316,-0.622830107376187,NaN,NaN,1.03838149292876,-0.693442533643354,NaN,NaN,1.53826636772921,NaN,-0.500835291525144,0.502949813278191
492.9536,1.26064147311778,-0.774925479563709,-0.0264810102715168,-0.677084909931839,-0.329856060612355,-0.329856060614884,NaN,-1.6584033117897,-0.504958218427919,0.175823278055456,-0.569727983601625,0.175823278055257,0.0333380518826269,-0.0558476686872767,NaN,NaN,NaN,-0.480810912327953,NaN,0.445041788800651,-1.45148255716746,NaN,-0.250349260434024,NaN,NaN,0.126166790577036,NaN,NaN,-0.0891436830366749,0.341947494017005,1.29577433463041,0.92614145550757,NaN,NaN,-0.763833524198536,-0.237827358202121,-0.74698719695373,-0.616535388741669,-0.616535388741858,0.264262806065626,-0.620696699275281,NaN,NaN,1.04159360779748,-0.687171612735167,NaN,NaN,1.53768000609345,NaN,-0.495547474778596,0.493490229942631
493.056,1.29176875391017,-0.793823529938568,-0.0267746058956396,-0.679765374605448,-0.337239111243766,-0.337239111246292,NaN,-1.65248276285442,-0.504470125337231,0.182428692806468,-0.570260660746258,0.18242869280628,0.0402996196124882,-0.0649058245337291,NaN,NaN,NaN,-0.493546445028868,NaN,0.443146542379953,-1.43388756058505,NaN,-0.257530194195868,NaN,NaN,0.122326404314518,NaN,NaN,-0.0921604899796828,0.330548836783681,1.2937612992077,0.925036344103516,NaN,NaN,-0.747869863388924,-0.254671047584857,-0.750762222281138,-0.621397939134129,-0.621397939134292,0.258353910633511,-0.618921310296369,NaN,NaN,1.04514971334404,-0.680900618167161,NaN,NaN,1.53564509983512,NaN,-0.490365281042177,0.4841573244256
493.1584,1.32246427175624,-0.812046431729553,-0.0264339521109593,-0.682518758655782,-0.343861727032857,-0.343861727035383,NaN,-1.64522527223092,-0.504013173200319,0.189344299433227,-0.570281871500009,0.189344299433052,0.047884134082599,-0.074520205133521,NaN,NaN,NaN,-0.50570585660471,NaN,0.441518405987763,-1.4166266002215,NaN,-0.26480733453115,NaN,NaN,0.117884061767496,NaN,NaN,-0.0955020396938968,0.320059952729867,1.29169500790119,0.923601216605499,NaN,NaN,-0.732354804918644,-0.271404275045011,-0.754945786633134,-0.626596876392293,-0.62659687639243,0.252932178448368,-0.61751811699159,NaN,NaN,1.04904672836313,-0.674645333663628,NaN,NaN,1.53218081573467,NaN,-0.485251163597776,0.474935261940875
493.2608,1.35270704090548,-0.82959973309812,-0.0254867563192296,-0.685351443620848,-0.349754508874354,-0.349754508876879,NaN,-1.63664389913372,-0.503592767430761,0.196530463377586,-0.569811004608922,0.196530463377421,0.0560995112677477,-0.0846952080746252,NaN,NaN,NaN,-0.517277208544194,NaN,0.440164518628697,-1.3997316584561,NaN,-0.27216514234758,NaN,NaN,0.112848921793346,NaN,NaN,-0.0991794132073686,0.310500289763444,1.28956982511828,0.921840158080149,NaN,NaN,-0.717306513882783,-0.287989242360489,-0.759544318193508,-0.63210828566069,-0.632108285660801,0.248007340763073,-0.616496939936886,NaN,NaN,1.05327920032983,-0.668420480532959,NaN,NaN,1.52730918058763,NaN,-0.48016965063367,0.465809207531967
493.3632,1.38247577944167,-0.846489059779401,-0.0239611158410532,-0.688268956721752,-0.354948829655797,-0.354948829658319,NaN,-1.62675339089973,-0.503213310239725,0.203948539092513,-0.568868013308953,0.20394853909236,0.0649512969191312,-0.0954317780269628,NaN,NaN,NaN,-0.528249888682768,NaN,0.43909195101008,-1.38323220885031,NaN,-0.279586175012369,NaN,NaN,0.107232351576981,NaN,NaN,-0.103201998281693,0.301886865376311,1.28738035038601,0.919758045229339,NaN,NaN,-0.702740608017296,-0.304390181167184,-0.764562309230959,-0.637906081547777,-0.63790608154786,0.243583253613346,-0.615863303817059,NaN,NaN,1.05783925376213,-0.662239610752803,NaN,NaN,1.52105509314779,NaN,-0.475087391954599,0.456765374941639
493.4656,1.41174893706969,-0.862720003339973,-0.021885321942244,-0.691275904173304,-0.359476595118063,-0.359476595120581,NaN,-1.61557011838209,-0.502878133600763,0.211561051904683,-0.567473294065219,0.211561051904542,0.0744425564500376,-0.106727350784372,NaN,NaN,NaN,-0.538614588949551,NaN,0.438307627208451,-1.36715512122905,NaN,-0.287051145875836,NaN,NaN,0.101047832620391,NaN,NaN,-0.107577474423214,0.294234260046012,1.28512143161315,0.91736053503517,NaN,NaN,-0.688670191404485,-0.320573388861539,-0.770002268321556,-0.643962077083919,-0.643962077083974,0.239658050560777,-0.615618544112722,NaN,NaN,1.06271655327506,-0.656115002278769,NaN,NaN,1.51344631429241,NaN,-0.469973306349278,0.447791035362148
493.568,1.44050473467369,-0.878298053411141,-0.0192877201645747,-0.694375926057327,-0.363370041489979,-0.363370041492492,NaN,-1.60311202579129,-0.502589467790792,0.219331822168016,-0.56564758159687,0.219331822167886,0.0845737817913532,-0.118575864211081,NaN,NaN,NaN,-0.548363296797882,NaN,0.437818226982812,-1.35152456872631,NaN,-0.294539000748199,NaN,NaN,0.0943108259093674,NaN,NaN,-0.112311825608607,0.287554618256053,1.28278817095746,0.914654049298905,NaN,NaN,-0.675105909834375,-0.336507250513478,-0.775864699104779,-0.65024608528206,-0.650246085282089,0.236224347392728,-0.615759967467491,NaN,NaN,1.06789830241067,-0.650057570171081,NaN,NaN,1.50451343782373,NaN,-0.464798832169168,0.438874469631407
493.6704,1.46872121441806,-0.893228585864864,-0.0161966463465425,-0.69757167920475,-0.366661584724931,-0.366661584727437,NaN,-1.58939860514655,-0.502348454435941,0.227226013066986,-0.563411864561075,0.227226013066867,0.0953428220852507,-0.130967851643153,NaN,NaN,NaN,-0.557489308377654,NaN,0.437630056170895,-1.33636195505361,NaN,-0.302027016838998,NaN,NaN,0.0870385866175244,NaN,NaN,-0.117409388965033,0.281857645697516,1.28037592460845,0.911645756707957,NaN,NaN,-0.66205603623271,-0.352162245536713,-0.782148112539535,-0.656726064692562,-0.656726064692564,0.233269493575313,-0.616281058528732,NaN,NaN,1.07336928505282,-0.644076799825297,NaN,NaN,1.49428984791888,NaN,-0.459538265185287,0.43000486228379
493.7728,1.49637630398319,-0.907516896824239,-0.0126404196179107,-0.700864843391272,-0.369383709490277,-0.369383709492777,NaN,-1.57445089269691,-0.502155191988235,0.235210120853279,-0.560787318252393,0.23521012085317,0.106744836489724,-0.14389059971938,NaN,NaN,NaN,-0.565987257691867,NaN,0.437748914642444,-1.32168587800068,NaN,-0.309490918475348,NaN,NaN,0.0792499400641223,NaN,NaN,-0.122872933511636,0.277150596783038,1.2778803008794,0.90834355482886,NaN,NaN,-0.649526585290564,-0.367510942456479,-0.788849068350948,-0.663368299819921,-0.663368299819898,0.230775866660864,-0.617171718605621,NaN,NaN,1.0791119423659,-0.638180706500545,NaN,NaN,1.48281166697416,NaN,-0.454169165010194,0.421172141721183
493.8752,1.52344790077228,-0.921168259191622,-0.00864735143984208,-0.704256138656325,-0.371568869609834,-0.371568869612327,NaN,-1.55829147547294,-0.502008790171546,0.243251947208175,-0.557795245235764,0.24325194720808,0.118772261424654,-0.157328331362288,NaN,NaN,NaN,-0.573853148150445,NaN,0.43818000673363,-1.30751213003137,NaN,-0.316904994435546,NaN,NaN,0.0709650451008853,NaN,NaN,-0.128703752363603,0.273438252973589,1.27529716277161,0.904756054826838,NaN,NaN,-0.637521447972651,-0.382527986759072,-0.79596223336294,-0.670137594341916,-0.670137594341872,0.228721205044669,-0.618418514414192,NaN,NaN,1.08510646988901,-0.632375826847825,NaN,NaN,1.47011769484295,NaN,-0.448672809805432,0.41236677411545
493.9776,1.54991397294563,-0.934187973308038,-0.00424573026136271,-0.707745338316451,-0.373249369668987,-0.373249369671473,NaN,-1.54094448977524,-0.501907410167833,0.251320594832663,-0.55445701306819,0.251320594832579,0.131414783935081,-0.171262372581935,NaN,NaN,NaN,-0.581084372727846,NaN,0.438927911102572,-1.29385372360588,NaN,-0.324242199176318,NaN,NaN,0.0622051767636788,NaN,NaN,-0.134901751540369,0.27072289918054,1.2726226405761,0.900892570702256,NaN,NaN,-0.626042532905804,-0.397190084088572,-0.803480441171264,-0.676997452979993,-0.676997452979929,0.227078966019663,-0.620004907267925,NaN,NaN,1.09133092594115,-0.626667234369224,NaN,NaN,1.45624933842183,NaN,-0.443034665575302,0.403579531234566
494.08,1.57575266428586,-0.946581389545955,0.000536240160812681,-0.711331266948442,-0.374457211050242,-0.37445721105272,NaN,-1.52243559510646,-0.501848277607072,0.25938651058156,-0.550793981990141,0.259386510581492,0.144659317242677,-0.185671280208061,NaN,NaN,NaN,-0.58767971600612,NaN,0.439996595442664,-1.28072092623629,NaN,-0.331474228330148,NaN,NaN,0.0529925498472771,NaN,NaN,-0.141465526714819,0.269004310539467,1.26985315426965,0.896763111054849,NaN,NaN,-0.615089905206548,-0.411475979109341,-0.811394742234428,-0.6839102372285,-0.683910237228416,0.225818693155054,-0.621911442022941,NaN,NaN,1.09776134759667,-0.621058557470163,NaN,NaN,1.44125052765753,NaN,-0.437244826288961,0.394801263303865
494.1824,1.6009423903312,-0.958353901720137,0.00567053896154352,-0.715011785860225,-0.375223912147321,-0.37522391214979,NaN,-1.50279192138775,-0.501827674346902,0.267421567220423,-0.54682742475878,0.267421567220369,0.158489982430988,-0.200530941547692,NaN,NaN,NaN,-0.593639340555263,NaN,0.441389447843976,-1.26812129739941,NaN,-0.338571576592455,NaN,NaN,0.0433501784217173,NaN,NaN,-0.148392431167911,0.268279759319035,1.26698543819974,0.892378366843034,NaN,NaN,-0.604661922684319,-0.425366431192613,-0.819694445723632,-0.690837299624571,-0.690837299624469,0.224906385411128,-0.624115901006394,NaN,NaN,1.10437186340986,-0.615551994414397,NaN,NaN,1.42516761300417,NaN,-0.431298387352329,0.386022701160081
494.2848,1.62546192366024,-0.969510931740027,0.011129429782993,-0.718783780300159,-0.375580332715928,-0.375580332718389,NaN,-1.48204200392699,-0.501840929710874,0.275399148555918,-0.542578448915523,0.275399148555879,0.172888106336026,-0.215814680962103,NaN,NaN,NaN,-0.598964762405769,NaN,0.443109302555812,-1.25605973204213,NaN,-0.34550360001096,NaN,NaN,0.0333017442210098,NaN,NaN,-0.155678646179666,0.268544041441857,1.26401655881371,0.887749687704961,NaN,NaN,-0.594755376623152,-0.438844188719013,-0.82836716506839,-0.697739118794551,-0.697739118794435,0.224304868049142,-0.6265934437329,NaN,NaN,1.11113479232989,-0.610148343006614,NaN,NaN,1.40804924148687,NaN,-0.425195727673674,0.377234293344544
494.3872,1.64929047628791,-0.980057927046325,0.016885540235691,-0.722643162089451,-0.37555652733136,-0.375556527333811,NaN,-1.46021572418054,-0.501882427589696,0.283294208104798,-0.538067931014986,0.283294208104775,0.187832244581861,-0.231493400451926,NaN,NaN,NaN,-0.603658815829412,NaN,0.445158462889551,-1.24453852099786,NaN,-0.35223860185063,NaN,NaN,0.0228714496716663,NaN,NaN,-0.163319261825603,0.269789514054836,1.26094391986886,0.882889043504584,NaN,NaN,-0.58536564352834,-0.451893963067185,-0.837398879062901,-0.704575457460803,-0.704575457460673,0.223974166651339,-0.62931674820535,NaN,NaN,1.11802073192662,-0.604847058577917,NaN,NaN,1.38994621019207,NaN,-0.418942693020982,0.368426073141159
494.4896,1.67240778552207,-0.99000037618058,0.0229119168652849,-0.726584891319971,-0.375181632744239,-0.375181632746679,NaN,-1.43734426571422,-0.501945630699735,0.291083295982395,-0.533316464834534,0.291083295982387,0.203298232571296,-0.247535756227792,NaN,NaN,NaN,-0.607725605434452,NaN,0.447538739889435,-1.23355743032152,NaN,-0.358743948793827,NaN,NaN,0.0120838503217531,NaN,NaN,-0.171308364721894,0.272006136336158,1.25776525457735,0.877808973233953,NaN,NaN,-0.576486850090085,-0.464502403283563,-0.846774012034919,-0.71130554951876,-0.711305549518616,0.223871885439875,-0.632256159973057,NaN,NaN,1.12499865095225,-0.599646331785136,NaN,NaN,1.37091129817746,NaN,-0.412550688896808,0.359587555034043
494.592,1.69479419977045,-0.999343832224328,0.0291820680665479,-0.730603010708505,-0.374483777971751,-0.374483777974179,NaN,-1.41346008409768,-0.502023113257596,0.298744567661818,-0.528344318383791,0.298744567661827,0.219259261673087,-0.263908354994578,NaN,NaN,NaN,-0.61117044550816,NaN,0.450251512121851,-1.22311379419842,NaN,-0.364986213883245,NaN,NaN,0.00096367841040652,NaN,NaN,-0.179639118366344,0.275181511884467,1.25447860923649,0.872522526592722,NaN,NaN,-0.568112050459986,-0.476658073412797,-0.856475527057501,-0.717888305553414,-0.717888305553259,0.223953589897813,-0.635379847226737,NaN,NaN,1.13203600702209,-0.59454316402299,NaN,NaN,1.35099908367374,NaN,-0.406036686194466,0.350707668345244
494.6944,1.71643075591195,-1.00809392631682,0.0356700144006891,-0.734690680587459,-0.373489998254153,-0.373489998256567,NaN,-1.38859688114242,-0.502106589784965,0.306257797733443,-0.5231713909,0.306257797733466,0.235685974552249,-0.280575946124176,NaN,NaN,NaN,-0.613999788154952,NaN,0.453297793087334,-1.21320262103683,NaN,-0.370931335349336,NaN,NaN,-0.0104643211167144,NaN,NaN,-0.188303818760357,0.279300937475629,1.25108232670886,0.867043203779402,NaN,NaN,-0.560233410185297,-0.488351434407569,-0.866485019764748,-0.724282518292065,-0.7242825182919,0.224173190086528,-0.638653951151709,NaN,NaN,1.13909890595968,-0.58953341791226,NaN,NaN,1.33026575795324,NaN,-0.399423126265836,0.341774737112567
494.7968,1.73729924295821,-1.01625635639939,0.04235036414104,-0.738840204132072,-0.372226137320206,-0.372226137322607,NaN,-1.36278957198482,-0.502186930304453,0.313604418529676,-0.517817162960142,0.313604418529717,0.252546573690634,-0.297501591311739,NaN,NaN,NaN,-0.616221144566788,NaN,0.456678288474291,-1.20381671685981,NaN,-0.376544779312067,NaN,NaN,-0.0221755235540567,NaN,NaN,-0.197293918914294,0.284347465858805,1.24757503655068,0.861384896515269,NaN,NaN,-0.552842387788574,-0.499574830033729,-0.876782801778249,-0.730447053774599,-0.730447053774428,0.22448331887984,-0.64204271983211,NaN,NaN,1.1461523023911,-0.584611831973618,NaN,NaN,1.30876894374547,NaN,-0.392737705241569,0.332776510158785
494.8992,1.75738225309779,-1.02383685272455,0.0491984127020483,-0.743043042865081,-0.370716740424352,-0.370716740426736,NaN,-1.33607424289176,-0.502254164246346,0.320767579726201,-0.512300640455686,0.320767579726257,0.269806941767205,-0.314646815527064,NaN,NaN,NaN,-0.617843008069751,NaN,0.46039343155853,-1.19494682610613,NaN,-0.381791703238633,NaN,NaN,-0.0341455261118647,NaN,NaN,-0.206600035757088,0.290301987317642,1.24395565076601,0.855561828900937,NaN,NaN,-0.545929909460036,-0.510322472474271,-0.887347974229797,-0.736341030290158,-0.73634103028998,0.224835704463417,-0.645508630294074,NaN,NaN,1.15316022821908,-0.579772010423096,NaN,NaN,1.28656751797631,NaN,-0.386013023910105,0.323700233681322
495.0016,1.77666322688422,-1.03084114130695,0.0561902398388955,-0.747289834429401,-0.368984960793301,-0.368984960795671,NaN,-1.30848811092716,-0.50229748997971,0.327732195825466,-0.506640300618724,0.327732195825537,0.287430778531754,-0.331971767032249,NaN,NaN,NaN,-0.618874788149,NaN,0.464443394669837,-1.18658178648485,NaN,-0.386637128392002,NaN,NaN,-0.0463502384393373,NaN,NaN,-0.216211964166307,0.297143328375022,1.24022335682098,0.849588493256877,NaN,NaN,-0.539486540659327,-0.520590421977865,-0.898158504715528,-0.741924003540693,-0.741924003540508,0.225181549554732,-0.64901252597246,NaN,NaN,1.16008603661078,-0.575006414018963,NaN,NaN,1.26372143398392,NaN,-0.379286103077941,0.31453274536961
495.104,1.7951264989632,-1.03727493074231,0.0633027716868744,-0.751570427236011,-0.36705250647424,-0.367052506476594,NaN,-1.28006949931005,-0.502305310579626,0.334484942421058,-0.500854049826736,0.334484942421145,0.30537976104321,-0.349435418721362,NaN,NaN,NaN,-0.619326760561591,NaN,0.468828079100229,-1.17870869325549,NaN,-0.391046133085463,NaN,NaN,-0.058765986745325,NaN,NaN,-0.226118715477217,0.304848361029984,1.23637759943644,0.843479576648366,NaN,NaN,-0.533502661581343,-0.530376557373832,-0.909191323707777,-0.747156178317944,-0.747156178317752,0.225471937049922,-0.652513802255287,NaN,NaN,1.16689265638845,-0.570306368832797,NaN,NaN,1.24029153943468,NaN,-0.372597774568162,0.305260571439442
495.2064,1.812757345678,-1.04314393407624,0.0705137910439463,-0.755873939226694,-0.364939641270136,-0.364939641272474,NaN,-1.25085783372123,-0.50226530601864,0.34101418432522,-0.494959198701474,0.341014184325322,0.323613731121374,-0.366995826118482,NaN,NaN,NaN,-0.619210031679843,NaN,0.473547087224622,-1.17131306668984,NaN,-0.394984073685667,NaN,NaN,-0.0713696448199649,NaN,NaN,-0.236308582601657,0.313392113992818,1.23241804844317,0.837249877329716,NaN,NaN,-0.527968649846191,-0.539680537318349,-0.920422448550309,-0.751998655154718,-0.751998655154521,0.225658270472533,-0.655970652814671,NaN,NaN,1.17354286571225,-0.565662088831353,NaN,NaN,1.21633939005536,NaN,-0.365991963838892,0.295870025311352
495.3088,1.82954203386562,-1.04845391882197,0.0778019057957732,-0.76018883802915,-0.362665232895876,-0.362665232898197,NaN,-1.22089365531656,-0.502164534995958,0.347309849531157,-0.488972452656747,0.347309849531273,0.342090907941904,-0.384610432066179,NaN,NaN,NaN,-0.618536507172867,NaN,0.478599691440165,-1.16437901823115,NaN,-0.398416831567363,NaN,NaN,-0.0841387888114436,NaN,NaN,-0.246769224896159,0.322747878584043,1.22834455595226,0.83091421313677,NaN,NaN,-0.52287506815006,-0.548503753893966,-0.931827131949717,-0.756413705595185,-0.756413705594981,0.225692739753649,-0.65934036414861,NaN,NaN,1.17999960697645,-0.561062698967033,NaN,NaN,1.19192706186815,NaN,-0.359514891947137,0.286347318991602
495.4112,1.84546786969403,-1.05321076474031,0.0851465055347325,-0.764503031673412,-0.360246824541422,-0.360246824543724,NaN,-1.19021863962022,-0.501989546485978,0.353363283835545,-0.482909908857356,0.353363283835677,0.360768118182137,-0.402236387904715,NaN,NaN,NaN,-0.617318852851466,NaN,0.483984821318511,-1.15788941196924,NaN,-0.401311075167776,NaN,NaN,-0.0970518583229941,NaN,NaN,-0.25748776320975,0.332887307306646,1.2241571095282,0.824487325333747,NaN,NaN,-0.518212850268709,-0.556849281627602,-0.943380022489424,-0.760365057577144,-0.760365057576936,0.225528796334136,-0.662579634941459,NaN,NaN,1.18622634574737,-0.556496252105083,NaN,NaN,1.16711696261949,NaN,-0.353214233425151,0.276678701178499
495.5136,1.86052324404804,-1.05742050448357,0.092527741160441,-0.768803954408356,-0.357700699978573,-0.357700699980854,NaN,-1.15887560647029,-0.501726479486961,0.359167124736054,-0.476787048066249,0.359167124736199,0.379601032900064,-0.419830854071097,NaN,NaN,NaN,-0.615570441081355,NaN,0.489701075091529,-1.15182601197314,NaN,-0.403634520749521,NaN,NaN,-0.110088296748057,NaN,NaN,-0.268450873248654,0.34378051103411,1.21985578969237,0.817983783263827,NaN,NaN,-0.513973474898055,-0.564721824100591,-0.955055320042994,-0.7638181656101,-0.763818165609886,0.225121625962092,-0.66564489967767,NaN,NaN,1.19218742584409,-0.551949746543974,NaN,NaN,1.14197163941063,NaN,-0.347138262172239,0.26685063081892
495.616,1.87469767198358,-1.06108933054499,0.0999265504525545,-0.773078635241626,-0.355041921019874,-0.355041921022133,NaN,-1.12690850932618,-0.501361139522402,0.364715219185143,-0.470618714540974,0.364715219185303,0.398544401026227,-0.437351254292269,NaN,NaN,NaN,-0.613305281890119,NaN,0.495746745655117,-1.14616960045432,NaN,-0.405356178973294,NaN,NaN,-0.123228646314621,NaN,NaN,-0.279644865615658,0.355396165265206,1.2154407380948,0.811417895486506,NaN,NaN,-0.510149114499574,-0.572127656299383,-0.966826912884748,-0.766740445477602,-0.766740445477381,0.224428614102647,-0.668492646666343,NaN,NaN,1.19784834559309,-0.547409159462114,NaN,NaN,1.11655357870339,NaN,-0.341335013999228,0.256849978438266
495.7184,1.88798182843982,-1.06422357285049,0.107324725005745,-0.777313749862652,-0.352284339225398,-0.352284339227636,NaN,-1.09436240452189,-0.500879056769048,0.370002579935075,-0.464419086874294,0.37000257993525,0.417552276048243,-0.454755486668482,NaN,NaN,NaN,-0.610537941276542,NaN,0.502119854755993,-1.1409000596566,NaN,-0.406446587965246,NaN,NaN,-0.136454596067451,NaN,NaN,-0.291055748920543,0.367701631845411,1.21091213390355,0.804803629084823,NaN,NaN,-0.506732751091085,-0.57907455844149,-0.97866849684437,-0.769101473434559,-0.769101473434334,0.223409801965123,-0.67107973705874,NaN,NaN,1.20317591248871,-0.54285950909343,NaN,NaN,1.09092499489033,NaN,-0.335851490499229,0.246664234825393
495.8208,1.90036758389581,-1.06682967298852,0.114704982243709,-0.781495670912201,-0.349440609196952,-0.34944060919917,NaN,-1.06128341409184,-0.500265545991168,0.375025344169783,-0.458201651259595,0.375025344169975,0.436578243280329,-0.472002124299622,NaN,NaN,NaN,-0.6072834547069,NaN,0.508818191812946,-1.13599643104494,NaN,-0.406878047043163,NaN,NaN,-0.149749009917362,NaN,NaN,-0.30266928462983,0.380663092113696,1.206270167244,0.798154533793618,NaN,NaN,-0.503718262548517,-0.585571737618999,-0.990553691390873,-0.77087317214033,-0.770873172140103,0.22202833005533,-0.673363743252184,NaN,NaN,1.20813829190305,-0.538284952410675,NaN,NaN,1.06514760621406,NaN,-0.330732906957079,0.236281709868916
495.9232,1.91184804136572,-1.06891418777695,0.122050993898117,-0.785610534784919,-0.346522239381445,-0.346522239383641,NaN,-1.02771869999909,-0.499505793582359,0.379780688910214,-0.45197919002155,0.379780688910424,0.455575662293566,-0.489050643263058,NaN,NaN,NaN,-0.603557249640853,NaN,0.515839339532112,-1.13143697912256,NaN,-0.406624866166453,NaN,NaN,-0.163095969812867,NaN,NaN,-0.31447104970551,0.394245678795147,1.20151500085804,0.791483667012546,NaN,NaN,-0.501100492494076,-0.591629733841152,-1.00245617097853,-0.772030011066252,-0.772030011066022,0.22025086457926,-0.675303321666162,NaN,NaN,1.21270500007939,-0.533668918734533,NaN,NaN,1.03928240714568,NaN,-0.326021968620997,0.225691710813355
496.0256,1.92241757467633,-1.07048384308113,0.12934733899036,-0.789644334730298,-0.343539702900248,-0.343539702902424,NaN,-0.993716462314013,-0.498584987196991,0.384266676460371,-0.445763792823741,0.384266676460599,0.474497935668835,-0.505861696495924,NaN,NaN,NaN,-0.599375089044478,NaN,0.523180658758618,-1.12719927793122,NaN,-0.405663635406307,NaN,NaN,-0.176480852888193,NaN,NaN,-0.326446521042797,0.408413592661318,1.19664672132416,0.784803518958203,NaN,NaN,-0.498875317108255,-0.597260307923071,-1.01434982137643,-0.772549237383568,-0.772549237383337,0.21804800158126,-0.676858622720106,NaN,NaN,1.21684688986004,-0.528994268813622,NaN,NaN,1.0133894532506,NaN,-0.321758177136304,0.214884690633693
496.128,1.9320718684274,-1.07154563825862,0.136579381110559,-0.793583038483671,-0.340502607531969,-0.340502607534125,NaN,-0.959325963644996,-0.497488485480129,0.388482034738833,-0.439566891180041,0.388482034739079,0.493298803304499,-0.522397427415345,NaN,NaN,NaN,-0.594753035348351,NaN,0.530839220123679,-1.12326031814685,NaN,-0.403973507120207,NaN,NaN,-0.189890439541109,NaN,NaN,-0.338581185110325,0.423130194686093,1.1916652879983,0.778125940184219,NaN,NaN,-0.497039714394049,-0.602476312362479,-1.02620891872491,-0.772411136557105,-0.772411136556873,0.215394641758764,-0.677991729972079,NaN,NaN,1.22053615496198,-0.524243464246412,NaN,NaN,0.987527665190066,NaN,-0.317977194636045,0.203852361875265
496.2304,1.94080795907061,-1.07210698342031,0.143733096651167,-0.797412719664696,-0.337419903672669,-0.337419903674804,NaN,-0.924597570986624,-0.496202010746937,0.392425903523473,-0.433399311337306,0.392425903523736,0.511932650956919,-0.538621798948302,NaN,NaN,NaN,-0.5897074214878,NaN,0.538811692306831,-1.11959662207134,NaN,-0.401536477098228,NaN,NaN,-0.203313033616162,NaN,NaN,-0.350860661968098,0.438358071132309,1.18657048913609,0.771462074796785,NaN,NaN,-0.495591832712098,-0.607291549561782,-1.03800832006593,-0.771599306874936,-0.771599306874702,0.21227032684759,-0.67866711246795,NaN,NaN,1.22374635780693,-0.519398740956458,NaN,NaN,0.961754645483612,NaN,-0.314710284465912,0.192587782397199
496.3328,1.94862427281796,-1.07217584070262,0.15079489401331,-0.801119686761192,-0.334300097003417,-0.334300097005533,NaN,-0.889582797253018,-0.49471184032406,0.396097590105729,-0.427271335418556,0.396097590106014,0.530354818040284,-0.554500903366551,NaN,NaN,NaN,-0.584254814617178,NaN,0.547094203952198,-1.11618435455365,NaN,-0.398337648355468,NaN,NaN,-0.216738567042023,NaN,NaN,-0.363270823148425,0.454059076299086,1.18136191385361,0.764822302375999,NaN,NaN,-0.494531050996278,-0.611720621674042,-1.04972364918578,-0.770100921598524,-0.77010092159829,0.208659530692328,-0.678852072410379,NaN,NaN,1.22645248345201,-0.51444228562356,NaN,NaN,0.936126501787578,NaN,-0.311983829268419,0.181085428131396
496.4352,1.95552065296281,-1.07176083824089,0.157751464757938,-0.804690592270855,-0.331151430039536,-0.331151430041632,NaN,-0.854334320283005,-0.493004971995444,0.399496375770307,-0.421192757707867,0.399496375770611,0.548521889863334,-0.570003216654357,NaN,NaN,NaN,-0.578411965844819,NaN,0.555682194147355,-1.11299942360277,NaN,-0.394365461216048,NaN,NaN,-0.230158659251649,NaN,NaN,-0.375797885596879,0.47019436574845,1.17603894515842,0.758216191377781,NaN,NaN,-0.493858020779205,-0.615778773624161,-1.06133146137915,-0.767906950356287,-0.767906950356052,0.204551902530876,-0.678517175303738,NaN,NaN,1.2286310282448,-0.509356407177636,NaN,NaN,0.910697676660072,NaN,-0.309818929917752,0.169341263993805
496.5376,1.96149837045876,-1.07087133701328,0.164589691315674,-0.808112511128208,-0.327982009862158,-0.327982009864233,NaN,-0.818905961938098,-0.491069249891235,0.40262139362529,-0.415172927202828,0.402621393625612,0.56639196264627,-0.585099776104908,NaN,NaN,NaN,-0.572195747572096,NaN,0.56457026353927,-1.11001756891033,NaN,-0.389611879697187,NaN,NaN,-0.243566613299155,NaN,NaN,-0.388428480436124,0.486724436618549,1.17060077194467,0.751652466355585,NaN,NaN,-0.493574679177041,-0.619481727152254,-1.07280937802322,-0.765012322352549,-0.765012322352317,0.199942463195611,-0.677636658267701,NaN,NaN,1.23026012330165,-0.504123695580249,NaN,NaN,0.885520782502739,NaN,-0.308231086211534,0.157352809908543
496.64,1.96656011827298,-1.06951745799699,0.171296600374513,-0.811372993431779,-0.324799889650765,-0.324799889652821,NaN,-0.783352627671577,-0.488893459705026,0.405471560372153,-0.409220779218703,0.405471560372495,0.583924878509327,-0.599764293831864,NaN,NaN,NaN,-0.565623088848339,NaN,0.573752032668617,-1.10721443535206,NaN,-0.384072538867909,NaN,NaN,-0.256957359474694,NaN,NaN,-0.401149713578299,0.503609184433653,1.16504641067919,0.745138988433837,NaN,NaN,-0.493684228352928,-0.622845503995648,-1.08413619606749,-0.761416035976984,-0.761416035976753,0.194831758136968,-0.676188820882997,NaN,NaN,1.23131967239888,-0.498727175753539,NaN,NaN,0.860646435792021,NaN,-0.30722994658919,0.145119187630148
496.7424,1.97070999803384,-1.06771010127824,0.177859321479113,-0.81446011090944,-0.321613138057018,-0.321613138059052,NaN,-0.747730225751229,-0.48646741883617,0.408045516277081,-0.403344868271473,0.408045516277442,0.601082436822054,-0.613973247746345,NaN,NaN,NaN,-0.558710926517121,NaN,0.583220012335703,-1.10456563045789,NaN,-0.377746870666964,NaN,NaN,-0.270327382830366,NaN,NaN,-0.413949238953788,0.520807973182717,1.15937472596884,0.738682744895779,NaN,NaN,-0.494191090175866,-0.625886243189485,-1.09529198888663,-0.757121237497074,-0.757121237496846,0.189225973248185,-0.674156402799799,NaN,NaN,1.23179147434426,-0.493150476189185,NaN,NaN,0.836123087928141,NaN,-0.306819121030847,0.132641132389201
496.8448,1.9739535086641,-1.06546098757037,0.184265013260292,-0.81736251621051,-0.318429929755144,-0.318429929757158,NaN,-0.712095587898445,-0.483782081729282,0.41034153406368,-0.397553413010677,0.410341534064058,0.617828589576912,-0.627705988963506,NaN,NaN,NaN,-0.551476188162743,NaN,0.592965497619436,-1.10204677666397,NaN,-0.370638225154272,NaN,NaN,-0.283674669282557,NaN,NaN,-0.426815355203864,0.538279708993238,1.15358444296094,0.732289843828494,NaN,NaN,-0.495100853139939,-0.628620023804113,-1.10625821393881,-0.752135291357285,-0.75213529135706,0.18313701720282,-0.671526941409732,NaN,NaN,1.23165931027212,-0.487378025867048,NaN,NaN,0.811996858213244,NaN,-0.306996066353375,0.11992096157669
496.9472,1.9762975385627,-1.06278273170499,0.190500744134143,-0.820069521903215,-0.315258669733995,-0.315258669735988,NaN,-0.676506400886532,-0.480829663054024,0.412357386335985,-0.39185435538722,0.41235738633638,0.634129624052683,-0.640944879741806,NaN,NaN,NaN,-0.543935812140464,NaN,0.602978496087853,-1.09963357637453,NaN,-0.362753993204857,NaN,NaN,-0.29699868453275,NaN,NaN,-0.439737126454209,0.555982908090616,1.1476741500395,0.725965512692309,NaN,NaN,-0.496420225432255,-0.631062702975346,-1.11701783225119,-0.746469850487242,-0.746469850487022,0.176582570357059,-0.668293098038875,NaN,NaN,1.23090899680882,-0.481395277643572,NaN,NaN,0.788311377679167,NaN,-0.307752042254933,0.106962510137561
497.0496,1.97775035408223,-1.05968893821215,0.196553335901348,-0.822571193893115,-0.312108143847559,-0.31210814384953,NaN,-0.641021144899912,-0.47760376896836,0.414090186819256,-0.386255429415652,0.414090186819669,0.649954332144753,-0.653675453072425,NaN,NaN,NaN,-0.536106796985522,NaN,0.613247683100698,-1.09730189808898,NaN,-0.354105724208662,NaN,NaN,-0.310300381463227,NaN,NaN,-0.452704521482009,0.573875752551354,1.14164229614647,0.719714101832185,NaN,NaN,-0.498156998228377,-0.633229772571375,-1.12755543387507,-0.74014092007712,-0.740140920076909,0.169586098910254,-0.664452946755576,NaN,NaN,1.22952842087228,-0.475188940051073,NaN,NaN,0.76510764958705,NaN,-0.309072115542946,0.0937710579003438
497.152,1.97832157589024,-1.05619429844395,0.202409193881949,-0.824858446334603,-0.30898767488159,-0.308987674883539,NaN,-0.605699025467359,-0.47409952111938,0.415536237257488,-0.380764231848157,0.415536237257918,0.665274162133504,-0.665886569284955,NaN,NaN,NaN,-0.528006261263641,NaN,0.623760365380597,-1.09502787509453,NaN,-0.344709222970385,NaN,NaN,-0.323582217129832,NaN,NaN,-0.465708559426991,0.591916133941554,1.13548719212543,0.713539094548484,NaN,NaN,-0.500320013511055,-0.635136233842953,-1.13785735601109,-0.733168897469499,-0.733168897469292,0.162176830392226,-0.660010216607196,NaN,NaN,1.22750757268217,-0.468747188251389,NaN,NaN,0.742423928049654,NaN,-0.310935198314748,0.0803532731213348
497.2544,1.97802213928344,-1.05231466444673,0.20805415781343,-0.826923121598416,-0.30590725639134,-0.305907256393265,NaN,-0.570599881929211,-0.47031365562832,0.416690918525735,-0.37538828539496,0.416690918526182,0.680063344803861,-0.677570535394679,NaN,NaN,NaN,-0.519651491801957,NaN,0.634502441571858,-1.09278799807649,NaN,-0.33458460688848,NaN,NaN,-0.336848149536801,NaN,NaN,-0.478741445674698,0.610061694374304,1.12920702704269,0.707443125571214,NaN,NaN,-0.502919124022232,-0.636796489444663,-1.1479117772501,-0.725578564824381,-0.72557856482418,0.154389680735926,-0.654974463824788,NaN,NaN,1.22483858366718,-0.462059829621028,NaN,NaN,0.720295613372361,NaN,-0.313314140163566,0.0667171809834853
497.3568,1.97686423993648,-1.04806708096453,0.213473403276432,-0.82875804262541,-0.302877642383495,-0.302877642385397,NaN,-0.535784059428536,-0.466244584632511,0.417548652233967,-0.370135086476832,0.417548652234432,0.694298986238105,-0.688723159561527,NaN,NaN,NaN,-0.511059969586022,NaN,0.645458358136639,-1.09055918398804,NaN,-0.323756310237019,NaN,NaN,-0.350103588555948,NaN,NaN,-0.491796682467774,0.628269879222144,1.12279990619708,0.701428009570569,NaN,NaN,-0.505965132163412,-0.638224251452958,-1.15770877534178,-0.717399015632459,-0.717399015632263,0.146265119808056,-0.649361148410116,NaN,NaN,1.22151575991148,-0.455118420098785,NaN,NaN,0.698755162072757,NaN,-0.316175910447635,0.0528721485688753
497.4592,1.97486127267307,-1.04346977652787,0.218651399150092,-0.830357037890036,-0.299910391899069,-0.299910391900948,NaN,-0.501312245188237,-0.461892423239652,0.418102928993263,-0.365012137169714,0.418102928993745,0.707961126567957,-0.699343739841068,NaN,NaN,NaN,-0.50224937774917,NaN,0.656611063512066,-1.08831881474402,NaN,-0.312253035297609,NaN,NaN,-0.363355299763112,NaN,NaN,-0.504869144708307,0.646498011039889,1.1162639082417,0.695494779378008,NaN,NaN,-0.509469701722311,-0.639432462050796,-1.16724034792754,-0.708663513797883,-0.708663513797695,0.137848966249116,-0.643191607774574,NaN,NaN,1.21753559188984,-0.447916344118242,NaN,NaN,0.677832009792029,NaN,-0.319481885370587,0.0388288677743691
497.5616,1.97202777699604,-1.03854213418969,0.223571902318903,-0.831714952258435,-0.297017887283207,-0.297017887285063,NaN,-0.467245284105149,-0.457258998156487,0.418346374125312,-0.3600269698875,0.418346374125811,0.721032771772955,-0.709435011843806,NaN,NaN,NaN,-0.493237596989912,NaN,0.667941974460078,-1.08604475151411,NaN,-0.300107662676539,NaN,NaN,-0.376611284678043,NaN,NaN,-0.517955120238474,0.664703384691163,1.10959715116265,0.689643731416645,NaN,NaN,-0.513445245687753,-0.640433224146016,-1.17650040748279,-0.699409302086527,-0.699409302086344,0.129192111998199,-0.636492939827427,NaN,NaN,1.21289672957658,-0.440448871735677,NaN,NaN,0.657552506297358,NaN,-0.323188233999543,0.024599314256644
497.664,1.96837940444677,-1.03330466451895,0.228217968950406,-0.832827658591159,-0.294213345219052,-0.294213345220886,NaN,-0.433643990500211,-0.452347852955797,0.418270820729849,-0.355187174144761,0.418270820730365,0.733499907437475,-0.719003080973885,NaN,NaN,NaN,-0.484042685201673,NaN,0.679430980525376,-1.08371533265644,NaN,-0.28735713695776,NaN,NaN,-0.389880663122685,NaN,NaN,-0.53105232185004,0.682843376935835,1.10279785741261,0.683874476175204,NaN,NaN,-0.517904797189362,-0.641237741638423,-1.18548476346743,-0.689677379214706,-0.689677379214528,0.120350184157643,-0.629297811944303,NaN,NaN,1.20759992665416,-0.432713199996134,NaN,NaN,0.637939864760989,NaN,-0.327246404157053,0.0101966626542699
497.7664,1.9639329151893,-1.02777898840414,0.232571977601426,-0.833692076133574,-0.291510825101014,-0.291510825102825,NaN,-0.400568963591573,-0.44716425242262,0.417867379011537,-0.350500427652084,0.417867379012067,0.74535149941298,-0.728057347311086,NaN,NaN,NaN,-0.474682838312449,NaN,0.691056510853766,-1.0813093584652,NaN,-0.274042336905292,NaN,NaN,-0.403173568670686,NaN,NaN,-0.544159879376634,0.70087556318921,1.09586441425946,0.678185992461023,NaN,NaN,-0.522861869892916,-0.64185627212906,-1.19419109720047,-0.679512254006928,-0.67951225400675,0.111383151894024,-0.621644204401281,NaN,NaN,1.20164796546575,-0.424708479120996,NaN,NaN,0.619014129984565,NaN,-0.33160371152005,-0.00436484636105414
497.8688,1.95870619902178,-1.02198781934002,0.236615675510462,-0.834306191478023,-0.288925225181343,-0.288925225183132,NaN,-0.368080404207157,-0.441715176815171,0.417126512913917,-0.345974526344854,0.41712651291446,0.756579480910077,-0.736610413350078,NaN,NaN,NaN,-0.465176335390399,NaN,0.7027956744408,-1.07880606429798,NaN,-0.260207926156322,NaN,NaN,-0.416501052906355,NaN,NaN,-0.557278313750796,0.718757838891466,1.08879543046406,0.672576684049366,NaN,NaN,-0.528330312044402,-0.642298098591297,-1.20261892547658,-0.668961672679357,-0.668961672679182,0.102354882058987,-0.613575087742493,NaN,NaN,1.19504557403258,-0.416435818298664,NaN,NaN,0.600792169539554,NaN,-0.336204014220736,-0.0190700690049623
497.9712,1.95271830822903,-1.0159549265528,0.240330264983924,-0.834669071036818,-0.286472250182373,-0.286472250184141,NaN,-0.336237923866309,-0.436009294005946,0.416038145833025,-0.341617403788329,0.41603814583358,0.767178721836546,-0.744677955931321,NaN,NaN,NaN,-0.455541468125357,NaN,0.714624459778687,-1.07618508473843,NaN,-0.245902169070253,NaN,NaN,-0.429874982303876,NaN,NaN,-0.570409488923771,0.736448549892782,1.08158979498289,0.667044439131461,NaN,NaN,-0.534324153385596,-0.642571525900604,-1.21076954239277,-0.658076307034474,-0.6580763070343,0.0933326439079582,-0.605138027918005,NaN,NaN,1.18779933384035,-0.407898263110716,NaN,NaN,0.583287691208544,NaN,-0.340988444047257,-0.033903129618643
498.0736,1.94598948737318,-1.0097050658922,0.243696536155897,-0.834780853496255,-0.284168338828589,-0.284168338830335,NaN,-0.305100336251224,-0.430056904840237,0.414591806759786,-0.33743713096033,0.414591806760353,0.777146975979166,-0.752278549545863,NaN,NaN,NaN,-0.445796449838264,NaN,0.726517944194416,-1.07342640832678,NaN,-0.23117669690324,NaN,NaN,-0.443307908336428,NaN,NaN,-0.583556539181355,0.753906640921971,1.0742467453446,0.66158669513791,NaN,NaN,-0.540857440425442,-0.642683900631182,-1.21864592948957,-0.646909392411717,-0.646909392411543,0.0843865638750919,-0.596384716765897,NaN,NaN,1.17991756120273,-0.399100739964313,NaN,NaN,0.566511290010708,NaN,-0.345896174103853,-0.0488475962405154
498.176,1.93854118696655,-1.0032638794955,0.246695032616924,-0.834642719320556,-0.282030555648854,-0.282030555650579,NaN,-0.274725427741961,-0.423869868018473,0.4127768043635,-0.33344189349969,0.412776804364078,0.786484805329581,-0.759433448024968,NaN,NaN,NaN,-0.435959307062863,NaN,0.738450457959079,-1.07051032075889,NaN,-0.2160862239085,NaN,NaN,-0.456812906892904,NaN,NaN,-0.596723775946242,0.771091829240653,1.06676594593945,0.656200508418822,NaN,NaN,-0.547944059112819,-0.642641647157562,-1.22625263403993,-0.635516318465033,-0.635516318464859,0.0755890371912508,-0.58737044126945,NaN,NaN,1.17141014220222,-0.390049972496104,NaN,NaN,0.550470521837759,NaN,-0.35086520031189,-0.0638866635375145
498.2784,1.93039605787116,-0.996657777768402,0.249306226351689,-0.834256847241838,-0.280076466317823,-0.280076466319529,NaN,-0.245169714901593,-0.41746151640236,0.410582401486891,-0.329639952360939,0.410582401487478,0.795195486267299,-0.766166349166412,NaN,NaN,NaN,-0.426047767930109,NaN,0.750395699415503,-1.06741734537541,NaN,-0.200688229794319,NaN,NaN,-0.470403407941084,NaN,NaN,-0.609916583096895,0.787964801336018,1.05914756459027,0.650882622931142,NaN,NaN,-0.555597550853293,-0.64245031653426,-1.23359562736536,-0.623954192994624,-0.623954192994447,0.0670141110909184,-0.578153521165084,NaN,NaN,1.16228831141482,-0.380754385566603,NaN,NaN,0.535169992211897,NaN,-0.355833105521913,-0.0790033356000837
498.3808,1.92157793646681,-0.989913822017969,0.251510683217322,-0.833626373548944,-0.278324018302702,-0.278324018304389,NaN,-0.216488203717865,-0.410846575632914,0.407997965351233,-0.326039599151987,0.407997965351828,0.803284905378313,-0.772503167422935,NaN,NaN,NaN,-0.416079160214653,NaN,0.762326845766524,-1.0641282051517,NaN,-0.18504262978902,NaN,NaN,-0.484093045571121,NaN,NaN,-0.623141311162936,0.804487420133089,1.05139233410822,0.645629532781078,NaN,NaN,-0.563830931086182,-0.642114648797225,-1.24068215938658,-0.612281403769661,-0.612281403769478,0.0587368587414678,-0.568794745273811,NaN,NaN,1.15256438369282,-0.371224014684181,NaN,NaN,0.520611451617528,NaN,-0.360737792677206,-0.0941806004876656
498.4832,1.91211183341865,-0.983059621423457,0.253289209845594,-0.832755364268824,-0.276791439592697,-0.276791439594363,NaN,-0.18873416300296,-0.404041090810747,0.405013082264843,-0.322649115764546,0.40501308226545,0.810761451234193,-0.778471826819789,NaN,NaN,NaN,-0.406070323359974,NaN,0.774216693583255,-1.06062382762441,NaN,-0.169211445096777,NaN,NaN,-0.497895545101593,NaN,NaN,-0.636405177928218,0.820622926792142,1.04350159549479,0.640437539255061,NaN,NaN,-0.57265651835032,-0.641638646628757,-1.24752062007352,-0.600557194435361,-0.600557194435171,0.0508327587737736,-0.559356821545148,NaN,NaN,1.14225147186728,-0.361470427799937,NaN,NaN,0.506793900707776,NaN,-0.365518199187772,-0.109401599883154
498.5856,1.9020239299682,-0.976123245995735,0.25462298304801,-0.83164879930926,-0.275497154518167,-0.275497154519814,NaN,-0.161958915542037,-0.397062359188351,0.401617642946409,-0.319476741189799,0.401617642947026,0.817635904350465,-0.784102070564197,NaN,NaN,NaN,-0.396037533610944,NaN,0.786037824005265,-1.05688538873028,NaN,-0.153258474165429,NaN,NaN,-0.511824643762289,NaN,NaN,-0.649716175149028,0.836336125990122,1.03547732938556,0.635302806731497,NaN,NaN,-0.582085777091085,-0.641025654554816,-1.25412040821807,-0.588841256966475,-0.588841256966276,0.0433770824007827,-0.54990383628656,NaN,NaN,1.13136323514503,-0.351506648999353,NaN,NaN,0.493713714987324,NaN,-0.370114995893532,-0.124649796606765
498.688,1.8913415749124,-0.969133144249583,0.25549367266097,-0.830312558572176,-0.274459703176633,-0.274459703178258,NaN,-0.13621164124324,-0.389928859778845,0.397801918409458,-0.316530640240752,0.397801918410085,0.823921323565895,-0.789425272184431,NaN,NaN,NaN,-0.385996437557087,NaN,0.797762762680413,-1.05289436981927,NaN,-0.137248955612669,NaN,NaN,-0.525894027325185,NaN,NaN,-0.663082973231261,0.851593553053375,1.0273221859295,0.630221421103963,NaN,NaN,-0.592129171493658,-0.640278439025457,-1.26049179895886,-0.577193330912064,-0.577193330911858,0.0364442795334505,-0.540500706391865,NaN,NaN,1.11991369314367,-0.341347060962397,NaN,NaN,0.481364796948192,NaN,-0.374471240498614,-0.139909130453863
498.7904,1.88009326969023,-0.962118047912219,0.255883573266638,-0.828753396595294,-0.273697645798942,-0.273697645800546,NaN,-0.111539181473704,-0.382660167640527,0.393556648889914,-0.313818863847361,0.393556648890551,0.829632924396847,-0.794474230019032,NaN,NaN,NaN,-0.375961984594236,NaN,0.80936410115966,-1.04863260873072,NaN,-0.121249210678458,NaN,NaN,-0.54011726023525,NaN,NaN,-0.676514814669526,0.866363631486477,1.01903952025653,0.625189450720481,NaN,NaN,-0.602796024026748,-0.639399267437077,-1.26664579888529,-0.565672794801374,-0.565672794801159,0.0301073587756909,-0.531212610670393,NaN,NaN,1.10791711662642,-0.331007262701055,NaN,NaN,0.469738758444258,NaN,-0.378532943474212,-0.155164148054105
498.8928,1.86830863324933,-0.955106852857756,0.255775753648207,-0.826978898155373,-0.273229441631052,-0.273229441632635,NaN,-0.087985837651987,-0.375276844415655,0.388873156676914,-0.311349294365575,0.388873156677563,0.834787945868798,-0.799282937104402,NaN,NaN,NaN,-0.365948349344831,NaN,0.820814566761799,-1.04408234838487,NaN,-0.105326260449907,NaN,NaN,-0.554507696476289,NaN,NaN,-0.690021392433989,0.880616832999345,1.01063343201158,0.620203005793774,NaN,NaN,-0.614094372320149,-0.638389984259892,-1.27259398454395,-0.554338244023057,-0.554338244022832,0.0244372669021738,-0.522104399336507,NaN,NaN,1.09538797726999,-0.320503874901939,NaN,NaN,0.458825128880206,NaN,-0.382249525020331,-0.170400100883915
498.9952,1.85601835066301,-0.94812848620728,0.255154212454168,-0.824997421719254,-0.273073313518892,-0.273073313520454,NaN,-0.065593170488826,-0.367800310402743,0.383743469517695,-0.309129581184645,0.383743469518354,0.839405508767069,-0.803886341398958,NaN,NaN,NaN,-0.355968844888011,NaN,0.832087052534703,-1.03922629565038,NaN,-0.0895474272002902,NaN,NaN,-0.56907838221277,NaN,NaN,-0.70361271740296,0.894325842865214,1.00210879960487,0.615258290719532,NaN,NaN,-0.626030821436316,-0.637252081083189,-1.27834833325707,-0.543247069359664,-0.543247069359432,0.0195022766568318,-0.513239994176419,NaN,NaN,1.0823409178959,-0.309854312611779,NaN,NaN,0.448611580685375,NaN,-0.385574163660013,-0.185603019150348
499.0976,1.84325411686514,-0.941211787603494,0.2540040077586,-0.822818048776073,-0.273247128170638,-0.273247128172179,NaN,-0.0443998178794398,-0.360252716731767,0.378160419946238,-0.307167081085955,0.37816041994691,0.843506474544239,-0.808320129902401,NaN,NaN,NaN,-0.346035839042811,NaN,0.843154622129639,-1.03404769449096,NaN,-0.073979939147977,NaN,NaN,-0.583841979948527,NaN,NaN,-0.717298985960244,0.907465719080805,0.993471299054822,0.610351645816892,NaN,NaN,-0.638610395692738,-0.635986757663166,-1.28392106415241,-0.532455065344756,-0.532455065344513,0.0153673897488973,-0.504681798602678,NaN,NaN,1.068790709263,-0.299076563132811,NaN,NaN,0.43908416497666,NaN,-0.388464046046623,-0.20075977592122
499.2,1.8300485841632,-0.934385429104,0.252311331161692,-0.820450554277974,-0.273768318411494,-0.273768318413015,NaN,-0.0244413478902882,-0.352656832546721,0.372117690209743,-0.305468815810615,0.372117690210427,0.847113312879105,-0.81262056391877,NaN,NaN,NaN,-0.336160687576678,NaN,0.853990504173642,-1.02853040745294,NaN,-0.0586905572945417,NaN,NaN,-0.598810739037933,NaN,NaN,-0.731090460136107,0.920014028323015,0.984727401281912,0.605479578291909,NaN,NaN,-0.651836400272428,-0.634594973619911,-1.28932450515627,-0.522016094217001,-0.522016094216749,0.0120937633907651,-0.496490134782225,NaN,NaN,1.05475218606554,-0.288188996822457,NaN,NaN,0.430227551746811,NaN,-0.390880529895326,-0.215858150541621
499.3024,1.81643531709596,-0.927677878096191,0.250063522982433,-0.817905401512942,-0.274653851639222,-0.274653851640722,NaN,-0.00575015310629342,-0.345035946010746,0.365609800029773,-0.304041449941967,0.36560980003047,0.850249979370568,-0.816824366701989,NaN,NaN,NaN,-0.326353689267604,NaN,0.864568103670854,-1.02265899979192,NaN,-0.0437452333924686,NaN,NaN,-0.613996516974376,NaN,NaN,-0.744997366131408,0.931950945945547,0.975884346690424,0.600638784245648,NaN,NaN,-0.665710301673753,-0.633077492799478,-1.29457099130494,-0.511981813635166,-0.511981813634904,0.00973817064950901,-0.488722717473308,NaN,NaN,1.04024017758809,-0.277210211239751,NaN,NaN,0.422025269408692,NaN,-0.392789222591729,-0.230886889426607
499.4048,1.80244875416943,-0.921117389493143,0.247249049081414,-0.815193754053931,-0.275920228284586,-0.275920228286065,NaN,0.0116446165948407,-0.337413767013354,0.358632060821758,-0.302891284101447,0.358632060822467,0.852941799690324,-0.820968641744502,NaN,NaN,NaN,-0.316624057355652,NaN,0.874861059518285,-1.01641882640871,NaN,-0.0292087947934125,NaN,NaN,-0.629410837809257,NaN,NaN,-0.759029807441726,0.943259314130673,0.966950101725402,0.59582616458881,NaN,NaN,-0.680231628559361,-0.631434922227144,-1.29967278852621,-0.502401457396498,-0.502401457396225,0.00835250431741818,-0.48143416789252,NaN,NaN,1.02526945694208,-0.26615889172986,NaN,NaN,0.414459941048947,NaN,-0.394159968565671,-0.245835754725633
499.5072,1.78812417231642,-0.914732004103162,0.243857470761177,-0.812327490691318,-0.277583483684584,-0.277583483686042,NaN,0.0277170936794212,-0.329814317393706,0.351180533342894,-0.302024254554672,0.351180533343617,0.855215353792187,-0.825090788918786,NaN,NaN,NaN,-0.306979897689603,NaN,0.884843357493437,-1.0097961224771,NaN,-0.0151446414340878,NaN,NaN,-0.645064961620548,NaN,NaN,-0.773197682048354,0.953924660025553,0.957933307665837,0.591038839223828,NaN,NaN,-0.695397886456604,-0.629667745920182,-1.30464202924333,-0.493321644657541,-0.493321644657256,0.00798333119484214,-0.474675564526482,NaN,NaN,1.00985473605538,-0.255053669618386,NaN,NaN,0.40751351783416,NaN,-0.394966749798165,-0.260695552578977
499.6096,1.77349764817493,-0.908549527158699,0.239879442022362,-0.809319206216224,-0.279659163749361,-0.279659163750798,NaN,0.0424447230120649,-0.322261795142576,0.343252028433948,-0.301445928952966,0.343252028434684,0.857098351882187,-0.829228383553007,NaN,NaN,NaN,-0.297428186531048,NaN,0.894489489618071,-1.00277809242289,NaN,-0.00161443797524008,NaN,NaN,-0.660969932290179,NaN,NaN,-0.78751059092773,0.963935183720179,0.948843233635119,0.586274164789466,NaN,NaN,-0.711204474652294,-0.627776353342118,-1.30949064276007,-0.484786187642602,-0.484786187642301,0.00867149476858763,-0.468494016072124,NaN,NaN,0.994010729598459,-0.243912961322419,NaN,NaN,0.401167511184885,NaN,-0.395187514773745,-0.275458137083544
499.712,1.75860600915092,-0.902597466904226,0.235306758394897,-0.806182185162185,-0.28216225349111,-0.282162253492527,NaN,0.0558082995119607,-0.314780403733647,0.334844177744189,-0.301161490052403,0.334844177744939,0.858619494588381,-0.833418995669546,NaN,NaN,NaN,-0.287974746875711,NaN,0.90377464497028,-0.995352987023701,NaN,0.0113222070108056,NaN,NaN,-0.677136579829815,NaN,NaN,-0.801977728134834,0.973281730703454,0.939689740053058,0.581529758230176,NaN,NaN,-0.727644593834376,-0.625761064001683,-1.31423026726059,-0.476835876869507,-0.476835876869189,0.0104517542233933,-0.462932237120497,NaN,NaN,0.977752289568595,-0.232754779806346,NaN,NaN,0.395403221412003,NaN,-0.394803946449037,-0.290116383527135
499.8144,1.74348676701793,-0.89690293305548,0.23013245098503,-0.802930349396864,-0.28510706301328,-0.285107063014677,NaN,0.0677920158004056,-0.307394152988666,0.32595556732328,-0.301175707617715,0.325955567324044,0.859808316179915,-0.837699957961876,NaN,NaN,NaN,-0.278624229069149,NaN,0.912674916237003,-0.987510160058865,NaN,0.0236080651034905,NaN,NaN,-0.693575481126981,NaN,NaN,-0.816607752293385,0.981957761055125,0.93048324746981,0.576803522285628,NaN,NaN,-0.74470914071096,-0.623622151165206,-1.31887214364837,-0.469508247511629,-0.469508247511296,0.0133524496445109,-0.458028124524946,NaN,NaN,0.961094578660641,-0.221596531015044,NaN,NaN,0.390201953488902,NaN,-0.393801183780148,-0.304664124016547
499.9168,1.72817803240786,-0.891492519988105,0.224350886301046,-0.799578195511467,-0.288507102969073,-0.288507102970449,NaN,0.0783835029957004,-0.300126657635512,0.316585889563911,-0.30149290850161,0.316585889564689,0.860695018868026,-0.842108122761203,NaN,NaN,NaN,-0.269380108033703,NaN,0.921167503831061,-0.97924010043602,NaN,0.035188591520047,NaN,NaN,-0.710296909318707,NaN,NaN,-0.83140865115431,0.989959317187758,0.921234699202163,0.572093666513113,NaN,NaN,-0.762386597430436,-0.621359865499361,-1.32342700663408,-0.462837354838764,-0.462837354838419,0.0173951955894914,-0.453814355400471,NaN,NaN,0.944053226682519,-0.210454824494936,NaN,NaN,0.385545212804098,NaN,-0.392167523049322,-0.319096053768461
500.0192,1.71271841641881,-0.886392207964864,0.217957826743381,-0.796140741647852,-0.292374986754504,-0.292374986755859,NaN,0.0875738423435185,-0.293000964462093,0.30673605988604,-0.30211695692122,0.306736059886829,0.861310309904917,-0.846679652637324,NaN,NaN,NaN,-0.26024471028576,NaN,0.92923090130182,-0.970534440036784,NaN,0.0460121861264123,NaN,NaN,-0.727310805185602,NaN,NaN,-0.846387614710762,0.997284980542457,0.91195550978279,0.567398721061665,NaN,NaN,-0.780662929857954,-0.618974456056498,-1.32790499288388,-0.456853591227111,-0.456853591226754,0.0225946152671334,-0.450318033176149,NaN,NaN,0.926644424368219,-0.199345317714156,NaN,NaN,0.381414885604794,NaN,-0.389894121903492,-0.333407630796086
500.1216,1.69714692612728,-0.881627300886685,0.210950429777664,-0.79263349478877,-0.29672237854037,-0.296722378541706,NaN,0.095357536658389,-0.286039422025966,0.296408270052782,-0.303051250891281,0.296408270053583,0.861685248469993,-0.851449866392616,NaN,NaN,NaN,-0.25121927482373,NaN,0.936845061300001,-0.961385943587341,NaN,0.0560304025672525,NaN,NaN,-0.744626787933207,NaN,NaN,-0.861550924134659,1.00393580522043,0.902657497439394,0.562717544005821,NaN,NaN,-0.79952150598277,-0.616466187588369,-1.33231557810514,-0.451583562524281,-0.451583562523912,0.0289581314777064,-0.447560402208717,NaN,NaN,0.908884949604629,-0.188282591494207,NaN,NaN,0.377793412710376,NaN,-0.386974713252693,-0.347594982383598
500.224,1.68150285517714,-0.877222397821647,0.203327191055557,-0.789072437790175,-0.301559983916797,-0.301559983918114,NaN,0.101732444582885,-0.27926358547159,0.285605984350737,-0.304298733433751,0.285605984351549,0.861851102253478,-0.856453135392107,NaN,NaN,NaN,-0.242304038366945,NaN,0.943991553862082,-0.951788491551841,NaN,0.065198106555286,NaN,NaN,-0.762254203964032,NaN,NaN,-0.876903853701943,1.00991522270207,0.893352803023866,0.558049323265206,NaN,NaN,-0.818943039118816,-0.613835357550332,-1.33666754311173,-0.447050022793627,-0.447050022793245,0.0364858299328293,-0.445556646070466,NaN,NaN,0.890792158301398,-0.177280043825689,NaN,NaN,0.374663957364592,NaN,-0.383405319455142,-0.361654810590039
500.3264,1.66582566725667,-0.873201383063114,0.195087852742824,-0.785474026589776,-0.306897565478098,-0.306897565479397,NaN,0.106699688041538,-0.272694139266434,0.274333905797157,-0.305861912551369,0.27433390579798,0.861839209442093,-0.861722808437107,NaN,NaN,NaN,-0.233498329707285,NaN,0.950653716932983,-0.941737064081318,NaN,0.0734735915931774,NaN,NaN,-0.780202196755629,NaN,NaN,-0.892450581763792,1.01522891905636,0.884053803350583,0.553393574838509,NaN,NaN,-0.83890555432678,-0.611082316039119,-1.34096895919468,-0.443271852422772,-0.443271852422375,0.0451704024273965,-0.444315772462049,NaN,NaN,0.872383984134445,-0.166349788972478,NaN,NaN,0.372010563720566,NaN,-0.37918394942345,-0.375584283686618
500.4288,1.65015487226439,-0.869587414848064,0.186233307188047,-0.781855182920773,-0.312743957684432,-0.312743957685712,NaN,0.110263546221024,-0.266350819688651,0.262597947262243,-0.307742881649797,0.262597947263078,0.861680839430371,-0.867291134551788,NaN,NaN,NaN,-0.224800662030941,NaN,0.956816783229253,-0.931227726358268,NaN,0.0808186680803913,NaN,NaN,-0.798479769085065,NaN,NaN,-0.908194111021913,1.01988469247792,0.874773031563952,0.548750141898301,NaN,NaN,-0.859384370824774,-0.608207488857897,-1.34522717738741,-0.440264055761365,-0.440264055760954,0.0549971623530194,-0.443840566665941,NaN,NaN,0.853678979361162,-0.155502549573027,NaN,NaN,0.369818304841311,NaN,-0.374310273298357,-0.389380914584346
500.5312,1.634529899363,-0.866402893391489,0.176765529297317,-0.77823326771572,-0.319107054336203,-0.319107054337466,NaN,0.112431350367752,-0.260252319980397,0.250405240004719,-0.309943331706681,0.250405240005564,0.86140704429083,-0.873189153088903,NaN,NaN,NaN,-0.216208815121238,NaN,0.962467974786187,-0.920257610848583,NaN,0.0871987459633123,NaN,NaN,-0.817095806319883,NaN,NaN,-0.924136199777553,1.02389230597623,0.865523113942839,0.544119200066116,NaN,NaN,-0.880352089511506,-0.605211402991885,-1.34944880691854,-0.438037753756649,-0.438037753756222,0.0659441167662822,-0.444127586167814,NaN,NaN,0.834696404768986,-0.144747534709037,NaN,NaN,0.368073418277865,NaN,-0.368785296536,-0.403042444211018
500.6336,1.61898997231626,-0.86366939917976,0.166687556380944,-0.774626028196426,-0.325993755754616,-0.32599375575586,NaN,0.113213389318903,-0.254416169395436,0.237764193128202,-0.31246455052559,0.23776419312906,0.861048496705242,-0.879446538760261,NaN,NaN,NaN,-0.207719901794497,NaN,0.967596569793198,-0.908824892295082,NaN,0.0925829230063562,NaN,NaN,-0.836059045617013,NaN,NaN,-0.940277304270219,1.0272633521705,0.856316722119238,0.539501269943562,NaN,NaN,-0.901778577209222,-0.60209471396324,-1.3536396770939,-0.436600159959067,-0.436600159958624,0.0779820859759818,-0.445167185235999,NaN,NaN,0.815456361375366,-0.134092307891494,NaN,NaN,0.366763421410117,NaN,-0.362611073662815,-0.416566748304432
500.736,1.60357398896948,-0.861407611802417,0.156003501493772,-0.771051525722484,-0.333409889149258,-0.333409889150483,NaN,0.112622823806666,-0.248858596835236,0.224684584841749,-0.315307413036593,0.224684584842616,0.860635319899202,-0.886091421366784,NaN,NaN,NaN,-0.199330422862221,NaN,0.972193939168755,-0.896928756209049,NaN,0.0969440720008363,NaN,NaN,-0.855378006530666,NaN,NaN,-0.956616531427822,1.03001113764444,0.84716653201523,0.534897232150751,NaN,NaN,-0.923630949241582,-0.598858233907474,-1.35780478956214,-0.435954549532735,-0.435954549532274,0.0910748707037251,-0.446943579486446,NaN,NaN,0.795979948758797,-0.123542661388474,NaN,NaN,0.365877197599184,NaN,-0.355790489375783,-0.429951768492814
500.8384,1.58832040569797,-0.859637233466379,0.144718564186305,-0.767528060988208,-0.341360132759779,-0.341360132760986,NaN,0.110675596190442,-0.243594405127357,0.211177644368253,-0.31847237200664,0.211177644369133,0.86019692297896,-0.893150219359155,NaN,NaN,NaN,-0.19103632195467,NaN,0.976253537435507,-0.884569367474947,NaN,0.10025890846996,NaN,NaN,-0.875060917605506,NaN,NaN,-0.973151604172566,1.03215058001176,0.838085182628071,0.530308338575165,NaN,NaN,-0.94587356190252,-0.595502958614588,-1.36194827484946,-0.436100243496686,-0.436100243496207,0.105179465865866,-0.449434961464552,NaN,NaN,0.776289414001692,-0.113102520258668,NaN,NaN,0.365405053313004,NaN,-0.348327106369721,-0.443195458952351
500.9408,1.57326713214429,-0.85837693686644,0.132839013527045,-0.764074109555445,-0.34984796596919,-0.349847965970377,NaN,0.107390322246259,-0.238636876391588,0.197256091471606,-0.321959454699073,0.197256091472499,0.859761852727899,-0.900647514522718,NaN,NaN,NaN,-0.182833043530854,NaN,0.979770842806116,-0.87174784545069,NaN,0.102508026429212,NaN,NaN,-0.895115663473198,NaN,NaN,-0.989878845775595,1.03369810549101,0.829085233892962,0.52573621646453,NaN,NaN,-0.96846802670648,-0.59203009193237,-1.36607336362071,-0.437032625538346,-0.43703262553785,0.120246316239229,-0.452613666482537,NaN,NaN,0.75640823653648,-0.102773893087797,NaN,NaN,0.365338756604036,NaN,-0.340225071829737,-0.456295750815685
501.0432,1.55845144265581,-0.85764433892596,0.120372146964946,-0.76070826900581,-0.358875645160106,-0.358875645161276,NaN,0.102788161363322,-0.233997710135455,0.18293412948932,-0.325768263457765,0.182934129490229,0.859357663923684,-0.908605966041556,NaN,NaN,NaN,-0.174715586593495,NaN,0.982743265776313,-0.85846624506604,NaN,0.103675902477122,NaN,NaN,-0.915549752687078,NaN,NaN,-1.00679318862435,1.03467153981553,0.820179126281029,0.521182865344254,NaN,NaN,-0.991373250670563,-0.58844106710157,-1.3701823738454,-0.438743193245476,-0.438743193244959,0.136219611942075,-0.456446382680505,NaN,NaN,0.736361106012754,-0.092556871578038,NaN,NaN,0.365671566800941,NaN,-0.331489085063857,-0.469250542893202
501.1456,1.54390990490422,-0.857455984073456,0.107326250396383,-0.757449208946819,-0.368444186776726,-0.368444186777877,NaN,0.0968926723009347,-0.229686980535231,0.168227415883333,-0.329897973950106,0.168227415884255,0.859010802895936,-0.91704623898017,NaN,NaN,NaN,-0.166678548384476,NaN,0.985170057220485,-0.844727535339111,NaN,0.103750876955908,NaN,NaN,-0.936370288205264,NaN,NaN,-1.02388820495928,1.0350899936639,0.811379146081134,0.516650649272174,NaN,NaN,-1.01454549908114,-0.584737566484824,-1.37427670630489,-0.441219629502909,-0.441219629502375,0.15303762500068,-0.460894397623503,NaN,NaN,0.716173776455087,-0.0824496707553924,NaN,NaN,0.36639825696024,NaN,-0.322124435285187,-0.482057717047839
501.248,1.52967832029519,-0.857827312830397,0.0937105914547155,-0.754315610826389,-0.37855333131034,-0.378553331311474,NaN,0.0897296691691794,-0.225713092838842,0.153153047218794,-0.334347323881724,0.153153047219731,0.85874649625457,-0.925986914521979,NaN,NaN,NaN,-0.158716160146832,NaN,0.987052240509791,-0.830535562425441,NaN,0.10272512630678,NaN,NaN,-0.957583914949197,NaN,NaN,-1.04115615051884,1.03497375183315,0.802697400800054,0.512142288371676,NaN,NaN,-1.03793847271441,-0.580921541644823,-1.37835683646446,-0.444445871167077,-0.444445871166525,0.170633084927376,-0.465913867707514,NaN,NaN,0.695872802633008,-0.0724486975162291,NaN,NaN,0.367515126650867,NaN,-0.312137123022164,-0.49471516776702
501.3504,1.51579166859599,-0.858772599018967,0.0795354645466875,-0.751326088387667,-0.389201470636852,-0.389201470637969,NaN,0.0813270913467061,-0.222082724374818,0.137729582711264,-0.339114587541783,0.137729582712216,0.858588639289149,-0.935444362728712,NaN,NaN,NaN,-0.150822318845008,NaN,0.988392573597253,-0.815894989528018,NaN,0.100594639502512,NaN,NaN,-0.979196727021375,NaN,NaN,-1.05858801239239,1.03434417898556,0.79414580623667,0.507660851419708,NaN,NaN,-1.06150339242801,-0.576995233848651,-1.3824222944128,-0.448402158883471,-0.448402158882898,0.188933586582212,-0.471456098157293,NaN,NaN,0.675485194236931,-0.0625486346538169,NaN,NaN,0.369020004895216,NaN,-0.301534072636845,-0.507220836324861
501.4528,1.50228405047547,-0.860304860329033,0.0648122746231547,-0.748499092090528,-0.400385546918496,-0.400385546919596,NaN,0.0717148881846205,-0.218800754267326,0.121977095560625,-0.344197538842595,0.121977095561592,0.858559686196976,-0.945432590598065,NaN,NaN,NaN,-0.14299061812311,NaN,0.98919552846883,-0.800811220315361,NaN,0.0973591974112475,NaN,NaN,-1.00121414276879,NaN,NaN,-1.07617355667601,1.03322364914036,0.785736080210751,0.503209745747453,NaN,NaN,-1.08518909178628,-0.572961193923317,-1.38647163663867,-0.453065073747886,-0.453065073747295,0.207862025861133,-0.477467838698379,NaN,NaN,0.655038050574023,-0.0527425317327663,NaN,NaN,0.37091224300457,NaN,-0.290323411160491,-0.519572743587422
501.5552,1.48918862564432,-0.862435765865203,0.0495536215233178,-0.745852812596282,-0.41210095373165,-0.412100953732732,NaN,0.0609249049334136,-0.215870202412375,0.105917212772449,-0.349593412203525,0.105917212773432,0.858680551192887,-0.955963103805413,NaN,NaN,NaN,-0.135214384630326,NaN,0.989467270957504,-0.785290323610716,NaN,0.0930223385321346,NaN,NaN,-1.02364077896188,NaN,NaN,-1.09390137435477,1.03163549482938,0.777479733482202,0.498792697378502,NaN,NaN,-1.10894212709627,-0.568822301417285,-1.39050242448381,-0.458407586962592,-0.458407586961978,0.22733706500903,-0.483891614786844,NaN,NaN,0.63455823183855,-0.0430219014484535,NaN,NaN,0.373192692459788,NaN,-0.27851475908353,-0.531769018540968
501.6576,1.47653754813888,-0.865175564438522,0.033773350047846,-0.743405098389892,-0.424341468263619,-0.424341468264686,NaN,0.0489907543185125,-0.213292196706094,0.0895731068310527,-0.355298869855776,0.0895731068320523,0.858970529814158,-0.967044816654072,NaN,NaN,NaN,-0.127486725914035,NaN,0.989215631668455,-0.769338974806758,NaN,0.0875912952523456,NaN,NaN,-1.0464803536898,NaN,NaN,-1.11175892543927,1.02960396424344,0.769388051133967,0.494413717656905,NaN,NaN,-1.13270691530861,-0.564581782666934,-1.39451122397317,-0.464399149342267,-0.464399149341632,0.247273630002871,-0.490666108504339,NaN,NaN,0.614072081257476,-0.0333768278557871,NaN,NaN,0.375863662092779,NaN,-0.266119488218623,-0.543807922794084
501.76,1.46436190282977,-0.868533043537579,0.0174865543445921,-0.741173392878386,-0.437099223462358,-0.437099223463409,NaN,0.0359476675407248,-0.211065973499151,0.0729694278317745,-0.36130997778348,0.0729694278327875,0.859447244787166,-0.978684019931131,NaN,NaN,NaN,-0.119800589697215,NaN,0.988450065349313,-0.752964418296372,NaN,0.0810768989882763,NaN,NaN,-1.0697356267222,NaN,NaN,-1.12973258588824,1.02715417407557,0.761472065627213,0.490077059501695,NaN,NaN,-1.1564259033214,-0.560243224212028,-1.39849363208404,-0.471005830154944,-0.471005830154284,0.267583435017548,-0.497726582990903,NaN,NaN,0.593605175753779,-0.023796096981868,NaN,NaN,0.378928856338581,NaN,-0.253150931437277,-0.555687876213221
501.8624,1.45269164786505,-0.872515513918271,0.000709548646964644,-0.739174685778659,-0.450364709255039,-0.450364709256075,NaN,0.0218323297694683,-0.209188903581152,0.0561321907444448,-0.367622186814537,0.0561321907454726,0.860126614687376,-0.990884391762995,NaN,NaN,NaN,-0.112148828617713,NaN,0.987181596986428,-0.736174446115617,NaN,0.0734934650786916,NaN,NaN,-1.09340836478894,NaN,NaN,-1.14780770739744,1.0243120500944,0.753742530236691,0.485787170451112,NaN,NaN,-1.18003976405196,-0.555810576089509,-1.4024443235502,-0.47819049546273,-0.478190495462045,0.288175520867971,-0.505005325485724,NaN,NaN,0.573182083403477,-0.0142673522017173,NaN,NaN,0.382393304228086,NaN,-0.239624549877875,-0.567407492231833
501.9648,1.44155556414403,-0.877128802635291,-0.0165401684215323,-0.737425466605224,-0.464126780036514,-0.464126780037534,NaN,0.00668271373886175,-0.207656528187601,0.0390886503286468,-0.374230312742685,0.0390886503296882,0.861022838309684,-1.00364702156136,NaN,NaN,NaN,-0.10452426410422,NaN,0.985422756664125,-0.718977383732384,NaN,0.0648586719299352,NaN,NaN,-1.11749930659943,NaN,NaN,-1.16596869753621,1.02110425540642,0.746209903404864,0.481548649257277,NaN,NaN,-1.20348761041473,-0.551288142507877,-1.40635710506974,-0.485913005434851,-0.485913005434136,0.308956793207181,-0.512432078258195,NaN,NaN,0.552826128299584,-0.00477726085550306,NaN,NaN,0.386263287614963,NaN,-0.22555806978466,-0.578965626036913
502.0672,1.4309812069665,-0.882377233455242,-0.034243928295107,-0.735941667710061,-0.478372645907824,-0.478372645908831,NaN,-0.00946207283649226,-0.206462588407826,0.0218671978331788,-0.381128509933893,0.021867197834234,0.862148386072805,-1.01697041884544,NaN,NaN,NaN,-0.0969197449174023,NaN,0.983187512048045,-0.701382071309386,NaN,0.0551934440710428,NaN,NaN,-1.14200810412141,NaN,NaN,-1.18419911710215,1.0175581152719,0.738884348205676,0.477366209491464,NaN,NaN,-1.22670721927366,-0.546680562723745,-1.41022496435102,-0.494130411806453,-0.494130411805709,0.329832553140177,-0.519934439831132,NaN,NaN,0.532559176459332,0.00468832625638241,NaN,NaN,0.390546268860246,NaN,-0.21097158163282,-0.590361429306265
502.1696,1.42099485341936,-0.888263586902315,-0.0523818797453409,-0.734738593623992,-0.493087843012298,-0.493087843013289,NaN,-0.026561919280848,-0.205599042956273,0.00449728890829522,-0.388310237762213,0.00449728890936423,0.863513994635463,-1.0308505029404,NaN,NaN,NaN,-0.0893281987823208,NaN,0.980491203020961,-0.683397830120161,NaN,0.0445218374921369,NaN,NaN,-1.16693323626009,NaN,NaN,-1.20248178633255,1.01370155054977,0.731775740771835,0.473244648425537,NaN,NaN,-1.24963526222567,-0.541992786390653,-1.41404011195601,-0.502797152116726,-0.502797152115953,0.350707022039621,-0.527438243103131,NaN,NaN,0.512401456666126,0.0141442291391004,NaN,NaN,0.395250810473992,NaN,-0.195887567954499,-0.601594405347921
502.272,1.41162144402993,-0.894789055875666,-0.0709329746611968,-0.733830847238391,-0.50825620426122,-0.508256204262197,NaN,-0.0445758328168866,-0.205056088849489,-0.0129906242078293,-0.395768226984795,-0.0129906242067461,0.865128668932354,-1.04528060063172,NaN,NaN,NaN,-0.0817426823230111,NaN,0.977350470323673,-0.665034411379312,NaN,0.0328709139253698,NaN,NaN,-1.19227191707184,NaN,NaN,-1.22079889655399,1.00956302444267,0.724893675837244,0.469188815298908,NaN,NaN,-1.27220754593414,-0.537230045198417,-1.41779402728086,-0.511865258090188,-0.511865258089385,0.371483866064879,-0.534867932581388,NaN,NaN,0.492371430193595,0.0236058002797092,NaN,NaN,0.400386478040831,NaN,-0.180330840761083,-0.612664466411547
502.3744,1.40288452297827,-0.90195322444654,-0.0898749905177256,-0.733232269938685,-0.52385986315882,-0.523859863159782,NaN,-0.0634620673994222,-0.204822208503094,-0.030565196915334,-0.403494457410586,-0.0305651969142387,0.866999699429926,-1.06025148851265,NaN,NaN,NaN,-0.0741564412749598,NaN,0.973783172314685,-0.646301932177791,NaN,0.0202705864172135,NaN,NaN,-1.21802003141678,NaN,NaN,-1.23913212939099,1.00517149497886,0.718247459348324,0.465203573382879,NaN,NaN,-1.29435926872683,-0.532397822054714,-1.42147752493459,-0.521284604746251,-0.521284604745419,0.392066723595418,-0.542146960449151,NaN,NaN,0.472485724960652,0.0330887866755381,NaN,NaN,0.405963724854777,NaN,-0.164328401394244,-0.62357199547354
502.4768,1.39480618242641,-0.909754087950054,-0.109184612077126,-0.732955907444674,-0.539879311661417,-0.539879311662365,NaN,-0.08317827432299,-0.204884255946787,-0.0481943555314477,-0.411480154830763,-0.0481943555303396,0.869132699156599,-1.0757514996939,NaN,NaN,NaN,-0.0665629912692733,NaN,0.969808300879654,-0.627210806442508,NaN,0.00675342373212063,NaN,NaN,-1.24417211887496,NaN,NaN,-1.25746278499955,1.00055635968525,0.711846083136642,0.461293754500179,NaN,NaN,-1.31602530037454,-0.527501820248679,-1.42508085201409,-0.531003217629709,-0.531003217628846,0.412359736435691,-0.549198209867636,NaN,NaN,0.452759140507548,0.042609189453319,NaN,NaN,0.411993765297671,NaN,-0.147909232243594,-0.634317908088138
502.5792,1.38740701327669,-0.918188115091661,-0.128837571300501,-0.733014002186065,-0.556293512028956,-0.55629351202989,NaN,-0.103681674705349,-0.205227577819277,-0.0658455158249567,-0.419715807838736,-0.0658455158238363,0.871531659938059,-1.09176669110475,NaN,NaN,NaN,-0.058956220699056,NaN,0.965445908676737,-0.607771680570132,NaN,-0.00764558759247028,NaN,NaN,-1.27072140515358,NaN,NaN,-1.27577191680938,0.995747381475349,0.705698182729322,0.457464109205984,NaN,NaN,-1.33714048815536,-0.52254793336956,-1.42859381659581,-0.540967637395281,-0.540967637394389,0.432268084081543,-0.555944444314428,NaN,NaN,0.433204703933339,0.0521831150162927,NaN,NaN,0.418488447077545,NaN,-0.131104011873379,-0.644903707388955
502.6816,1.38070605843131,-0.92725034012725,-0.148808830852539,-0.733418003712961,-0.573080047588975,-0.573080047589896,NaN,-0.124929243860668,-0.20583615701036,-0.0834858367960542,-0.428191198771429,-0.0834858367949208,0.874199024017406,-1.10828105307904,NaN,NaN,NaN,-0.0513305094370908,NaN,0.96071703571889,-0.587995381883708,NaN,-0.0228893119995617,NaN,NaN,-1.29765986412626,NaN,NaN,-1.2940404680102,0.990774591329946,0.69981198622617,0.453719257154401,NaN,NaN,-1.35763998655514,-0.517542214076592,-1.43200593842754,-0.551123325932148,-0.551123325931227,0.451698515552149,-0.5623087731986,NaN,NaN,0.413833736775754,0.0618266095768409,NaN,NaN,0.425460131060409,NaN,-0.113944750533126,-0.655331526478438
502.784,1.37472075829079,-0.936934464899971,-0.169072789761636,-0.734178582448968,-0.590215289188462,-0.59021528918937,NaN,-0.14687789343394,-0.206692765773257,-0.101082481429441,-0.436895438177269,-0.101082481428294,0.877135764637363,-1.12527673476656,NaN,NaN,NaN,-0.0436808523773407,NaN,0.955643603014158,-0.567892878613378,NaN,-0.0389387434396263,NaN,NaN,-1.32497828509861,NaN,NaN,-1.31224940505875,0.985668171174664,0.694195266337813,0.450063640725939,NaN,NaN,-1.37745960289507,-0.512490840138332,-1.43530660609558,-0.561415089721987,-0.561415089721039,0.470559866726027,-0.568215112736423,NaN,NaN,0.394655906863022,0.0715554793369057,NaN,NaN,0.432921582591189,NaN,-0.0964643675575616,-0.665604151103281
502.8864,1.36946687730249,-0.947232945193967,-0.189603482526298,-0.735305629350632,-0.607674549474326,-0.607674549475221,NaN,-0.169484635051544,-0.207779113108382,-0.118602850465445,-0.445816990152199,-0.118602850464285,0.880341466386634,-1.14273425281982,NaN,NaN,NaN,-0.0360029740148096,NaN,0.950248248357979,-0.547475239562266,NaN,-0.0557532701824835,NaN,NaN,-1.35266631578863,NaN,NaN,-1.33037984363478,0.9804583270299,0.688855306696949,0.446501484607454,NaN,NaN,-1.39653614674464,-0.507400076848132,-1.43848522221371,-0.571787492996372,-0.571787492995394,0.488763547864598,-0.573588612899225,NaN,NaN,0.375679272819495,0.0813851114212868,NaN,NaN,0.44088586984166,NaN,-0.078696257447664,-0.675725015293336
502.9888,1.36495840647771,-0.958137041130951,-0.210374745392969,-0.736808228936703,-0.625432203110968,-0.62543220311185,NaN,-0.19270671231875,-0.209075974019585,-0.136014761419602,-0.454943680650257,-0.136014761418428,0.883814396647154,-1.1606326570215,NaN,NaN,NaN,-0.0282934246098418,NaN,0.944554101602767,-0.526753585988814,NaN,-0.0732909113667016,NaN,NaN,-1.38071245877702,NaN,NaN,-1.3484131626803,0.97517516421676,0.68379888746856,0.443036763852659,NaN,NaN,-1.41480776807675,-0.502276233785435,-1.44153132297618,-0.582185239854806,-0.582185239853798,0.50622398847812,-0.578356030939101,NaN,NaN,0.356910346219511,0.091330316344554,NaN,NaN,0.449366257820273,NaN,-0.0606738847201372,-0.685698167635918
503.0912,1.36120744413776,-0.969636832532346,-0.231360349140705,-0.738694608097575,-0.643461774934602,-0.643461774935471,NaN,-0.21650170196245,-0.210563303683195,-0.153286574210982,-0.464262692215796,-0.153286574209796,0.887551566632532,-1.17894965570595,NaN,NaN,NaN,-0.0205496606606053,NaN,0.938584508950794,-0.505739045650544,NaN,-0.091508530397276,NaN,NaN,-1.40910402614982,NaN,NaN,-1.36633110491446,0.969848571341599,0.679032284840524,0.439673178843411,NaN,NaN,-1.43221427364619,-0.497125615165001,-1.44443467234596,-0.592553525042226,-0.592553525041188,0.522859035077674,-0.58244606181178,NaN,NaN,0.338354187526038,0.101405209057063,NaN,NaN,0.458376085294907,NaN,-0.0424303936867427,-0.695528209480184
503.1936,1.35822406134511,-0.981721223100513,-0.252534128848389,-0.74097207853263,-0.66173602415814,-0.661736024158997,NaN,-0.240827601094887,-0.212220356267626,-0.170387298426501,-0.473760558337659,-0.170387298425304,0.891548789568733,-1.19766173663859,NaN,NaN,NaN,-0.0127701212646139,NaN,0.932362716881583,-0.484442726209386,NaN,-0.110362046112689,NaN,NaN,-1.43782708670525,NaN,NaN,-1.38411586869667,0.964508110982333,0.674561270714202,0.436414130688747,NaN,NaN,-1.44869742345191,-0.491954467861378,-1.44718534577292,-0.602838374227573,-0.602838374226505,0.538590308328276,-0.585789660254982,NaN,NaN,0.320014530295639,0.111623128859008,NaN,NaN,0.467928615984457,NaN,-0.0239981773288689,-0.705220204901917
503.296,1.35601616171558,-0.994377961953014,-0.273870145291274,-0.743646993215255,-0.680227056427545,-0.68022705642839,NaN,-0.265642920848528,-0.214025828846446,-0.187286723152945,-0.483423171337543,-0.187286723151737,0.895800745264013,-1.21674432270975,NaN,NaN,NaN,-0.00495431041283778,NaN,0.925911531561575,-0.462875715253954,NaN,-0.129806661745307,NaN,NaN,-1.46686644346711,NaN,NaN,-1.40175020154492,0.959182908497379,0.670391101164861,0.433262691797818,NaN,NaN,-1.46420121814041,-0.486768933961101,-1.44977382163819,-0.612986996579377,-0.612986996578284,0.553343533564121,-0.588320385519138,NaN,NaN,0.301893914353468,0.121996579266111,NaN,NaN,0.478036863636781,NaN,-0.00540838186863407,-0.714779565668075
503.3984,1.35458934843039,-1.00759369826847,-0.295342890257292,-0.746724727316964,-0.698906477425898,-0.69890647742673,NaN,-0.290906797285786,-0.215958037362639,-0.20395558822113,-0.49323581069766,-0.20395558821991,0.900301053631548,-1.23617197667456,NaN,NaN,NaN,0.00289711274067095,NaN,0.919252979867459,-0.441049104901381,NaN,-0.149797119584434,NaN,NaN,-1.49620565719997,NaN,NaN,-1.41921750242082,0.953901529338098,0.666526491972059,0.430221572500484,NaN,NaN,-1.47867218591406,-0.481575012564219,-1.45219109013681,-0.622948157044782,-0.622948157043661,0.567048859305002,-0.589974777708968,NaN,NaN,0.283993814432713,0.132537163796983,NaN,NaN,0.488713397851991,NaN,0.0133096050955979,-0.724211927083625
503.5008,1.35394681026442,-1.02135406894701,-0.316927524800647,-0.750209681874385,-0.717745580802052,-0.717745580802871,NaN,-0.316579118695663,-0.21799511746028,-0.220365789842638,-0.503183190146019,-0.220365789841406,0.905042352451365,-1.25591864197832,NaN,NaN,NaN,0.0107822445249296,NaN,0.912407998302176,-0.418974037713342,NaN,-0.170287975630826,NaN,NaN,-1.52582710786055,NaN,NaN,-1.43650192834003,0.948691838676314,0.662971587315737,0.427293089500934,NaN,NaN,-1.49205966934795,-0.476378531698984,-1.45442877769927,-0.632672559551883,-0.632672559550732,0.579641172504099,-0.590692754822621,NaN,NaN,0.266314765619979,0.143255501294788,NaN,NaN,0.499970139203579,NaN,0.0321286067796693,-0.733523039571911
503.6032,1.35408923192981,-1.03564380711249,-0.338600127000756,-0.754105299984495,-0.736715549696835,-0.736715549697641,NaN,-0.342620658917946,-0.220115235118842,-0.236490596406428,-0.513249515531306,-0.236490596405188,0.910016371652733,-1.27595789156666,NaN,NaN,NaN,0.0186978658780222,NaN,0.905396161483628,-0.396661768566003,NaN,-0.191233877000497,NaN,NaN,-1.55571207195135,NaN,NaN,-1.45358849182872,0.943580843237427,0.659729931016325,0.42447914357035,NaN,NaN,-1.50431610669199,-0.471185129366586,-1.45647927599122,-0.642113222338321,-0.642113222337143,0.591060409647106,-0.590418008437823,NaN,NaN,0.248856497178683,0.154161118483579,NaN,NaN,0.511818150834961,NaN,0.0510239998782389,-0.742718695429428
503.7056,1.35501472744028,-1.05044684952268,-0.360337916946927,-0.758414080577222,-0.755787643539604,-0.755787643540396,NaN,-0.368993199895601,-0.222296787277555,-0.252304838714257,-0.523418542323099,-0.252304838713008,0.915213995724363,-1.29626314948352,NaN,NaN,NaN,0.0266394046359424,NaN,0.898235454418678,-0.374123732973511,NaN,-0.212589819882098,NaN,NaN,-1.58584078726961,NaN,NaN,-1.470463136775,0.938594522484001,0.656804449487634,0.42178121277289,NaN,NaN,-1.51539729933663,-0.466000243775102,-1.45833585956838,-0.651225820024731,-0.651225820023526,0.601251855484083,-0.589098372635949,NaN,NaN,0.231618086953063,0.165262335618118,NaN,NaN,0.52426743051342,NaN,0.0699739173489768,-0.751804694443541
503.808,1.35671879503311,-1.06574641540826,-0.382119418362834,-0.763137574410313,-0.774933339014909,-0.774933339015687,NaN,-0.395659624121728,-0.224518567736519,-0.267785033455955,-0.533673622049041,-0.267785033454698,0.920625305583269,-1.316807849184,NaN,NaN,NaN,0.0346009344367918,NaN,0.890942110407627,-0.351371611770218,NaN,-0.234311370709926,NaN,NaN,-1.61619247687579,NaN,NaN,-1.48711278558965,0.933757663350787,0.654197450756563,0.4192003636159,NaN,NaN,-1.52526265373591,-0.46082911373006,-1.45999277705879,-0.659968964795239,-0.659968964794006,0.610166418739531,-0.586686143455021,NaN,NaN,0.214598134824892,0.176566169917625,NaN,NaN,0.537326701180524,NaN,0.0889592617919972,-0.760786841412857
503.9104,1.35919429660764,-1.08152503831837,-0.403924526049451,-0.768276354089175,-0.794124404692232,-0.794124404692994,NaN,-0.422583962715401,-0.226759879114585,-0.282909413558531,-0.543997732961623,-0.282909413557266,0.926239594229882,-1.3375655083629,NaN,NaN,NaN,0.0425752059072348,NaN,0.883530549706025,-0.328417386026295,NaN,-0.256354845279179,NaN,NaN,-1.64674531705581,NaN,NaN,-1.50352535510173,0.929093715576778,0.651910636161634,0.416737277991534,NaN,NaN,-1.53387538399001,-0.455676788399388,-1.46144530851481,-0.668304409007453,-0.668304409006189,0.617760873403656,-0.583138334226196,NaN,NaN,0.197794933891366,0.188078269388435,NaN,NaN,0.551003196109227,NaN,0.107963478971304,-0.769670974627606
504.0128,1.3624314645731,-1.0977645576956,-0.425734486751229,-0.773829964137227,-0.813332917243912,-0.813332917244659,NaN,-0.4497314000767,-0.229000596154862,-0.297657878013479,-0.554373500557335,-0.297657878012204,0.932045359006787,-1.3585097350198,NaN,NaN,NaN,0.0505536993903857,NaN,0.876013426154538,-0.30527338312345,NaN,-0.2786774538097,NaN,NaN,-1.67747636107942,NaN,NaN,-1.51968974514143,0.924624677527307,0.649945116525377,0.41439229126119,NaN,NaN,-1.54120266686978,-0.450548145016867,-1.46268979306552,-0.676197174617556,-0.676197174616264,0.623998055581474,-0.578416866897336,NaN,NaN,0.181206618360315,0.199802871806987,NaN,NaN,0.565302440823861,NaN,0.126972116074279,-0.778463030925855
504.1152,1.36641793236078,-1.11444609654299,-0.447531837103695,-0.779796867867758,-0.832531252494841,-0.832531252495572,NaN,-0.477068250557306,-0.23122120809317,-0.312011905295551,-0.564783220348688,-0.312011905294267,0.938030281474322,-1.37961420690864,NaN,NaN,NaN,0.0585266803061722,NaN,0.868401745751197,-0.281952321021847,NaN,-0.301237426628341,NaN,NaN,-1.70836145352502,NaN,NaN,-1.5355958102287,0.92037100876121,0.648301425553924,0.412165435373358,NaN,NaN,-1.54721575285958,-0.445447916233953,-1.46372363846896,-0.68361563432817,-0.683615634326849,0.628847011244197,-0.572488714088422,NaN,NaN,0.164831290037243,0.211742780456689,NaN,NaN,0.580228039641872,NaN,0.145972279899769,-0.787169139433153
504.2176,1.3711387799993,-1.13155004800209,-0.469300341365911,-0.786174405431199,-0.851692082984183,-0.8516920829849,NaN,-0.504561922639161,-0.233402864510623,-0.325954470370203,-0.575208892198401,-0.325954470368913,0.944181206612957,-1.40085266151516,NaN,NaN,NaN,0.066483239869533,NaN,0.860705008794043,-0.258467356545388,NaN,-0.323994131339668,NaN,NaN,-1.73937516799658,NaN,NaN,-1.55123432542547,0.916351557578037,0.646979527584414,0.410056480290082,NaN,NaN,-1.55189004417307,-0.440380730382523,-1.46454532279594,-0.690531569491016,-0.690531569489664,0.632283092910236,-0.565326006303012,NaN,NaN,0.148667135612517,0.223899355148069,NaN,NaN,0.595781475372272,NaN,0.164952116184128,-0.795795719005981
504.32,1.37657658749089,-1.14905607615352,-0.491024943700672,-0.792958766236163,-0.870788392203994,-0.870788392204697,NaN,-0.532180876358634,-0.235527430338337,-0.339469978596774,-0.585632266779916,-0.339469978595478,0.950484127410083,-1.42219890651235,NaN,NaN,NaN,0.0744113181637365,NaN,0.852931345684842,-0.234832134359116,NaN,-0.34690818278019,NaN,NaN,-1.7704907794128,NaN,NaN,-1.56659695109205,0.912583494069443,0.64597882134468,0.408064969558694,NaN,NaN,-1.55520514874544,-0.435351165629129,-1.46515439088823,-0.69692021459786,-0.696920214596474,0.634288000383613,-0.556906104140407,NaN,NaN,0.132712536046129,0.236272522279895,NaN,NaN,0.611961928281992,NaN,0.183900365224586,-0.80434955721211
504.4224,1.38271149105663,-1.1669431198523,-0.512691722454596,-0.80014496854482,-0.889793494850468,-0.889793494851157,NaN,-0.559894571657661,-0.237577541117878,-0.352544204496078,-0.596034897752768,-0.352544204494778,0.956924173863285,-1.4436268346593,NaN,NaN,NaN,0.0822977205881381,NaN,0.845087642695008,-0.211060826277996,NaN,-0.369941538257115,NaN,NaN,-1.80168025987333,NaN,NaN,-1.58167618976514,0.909082247273032,0.645298144156755,0.406190250184536,NaN,NaN,-1.55714491314223,-0.430363818498282,-1.46555143975494,-0.702760281189568,-0.702760281188154,0.634849760658325,-0.54721162394271,NaN,NaN,0.116966170593158,0.248860811784475,NaN,NaN,0.628766114348363,NaN,0.202805994486562,-0.812837861134133
504.5248,1.38952123647043,-1.18518937844281,-0.534287819459587,-0.807726833391196,-0.908681041552543,-0.908681041553218,NaN,-0.58767340082481,-0.239536643464323,-0.36516420923312,-0.60639818978515,-0.365164209231814,0.963485600375021,-1.465110414251,NaN,NaN,NaN,0.0901281447337496,NaN,0.837179668061187,-0.187168154075877,NaN,-0.393057566266505,NaN,NaN,-1.83291427484491,NaN,NaN,-1.59646532033282,0.905861453226671,0.644935781450284,0.40443149891429,NaN,NaN,-1.55769743350438,-0.425423388885763,-1.46573808172039,-0.708033943981019,-0.708033943979575,0.633962646793845,-0.536230404727291,NaN,NaN,0.101427131116695,0.261661431953247,NaN,NaN,0.646188136961721,NaN,0.221657904635339,-0.821268274388838
504.6272,1.39698122291023,-1.20377226024824,-0.555801321230847,-0.815696941306099,-0.927424989514904,-0.927424989515567,NaN,-0.615488597323049,-0.241389008575141,-0.377318215059855,-0.616703433389063,-0.377318215058543,0.970151765575118,-1.48662363279235,NaN,NaN,NaN,0.0978872316035265,NaN,0.829212201448187,-0.163169394925686,NaN,-0.416221079654714,NaN,NaN,-1.86416215941672,NaN,NaN,-1.6109582999692,0.902932924355615,0.64488948361174,0.402787746349598,NaN,NaN,-1.55685504380924,-0.42053478181603,-1.46571687589729,-0.71272677415051,-0.712726774149038,0.6316270373134,-0.523955410032938,NaN,NaN,0.0860950527187112,0.274670389240419,NaN,NaN,0.664219346138019,NaN,0.240444724405018,-0.829648854344038
504.7296,1.40506453414857,-1.22266829184024,-0.577221091931995,-0.824046570469328,-0.945999538885276,-0.945999538885926,NaN,-0.64331211939676,-0.243119719312443,-0.388995439371728,-0.626931824878996,-0.388995439370413,0.976905104628305,-1.5081403970479,NaN,NaN,NaN,0.105558643623966,NaN,0.821189156179156,-0.139080369226018,NaN,-0.43939833481307,NaN,NaN,-1.89539187412211,NaN,NaN,-1.62514963862483,0.900306647819193,0.645156485640539,0.40125789850477,NaN,NaN,-1.5546142829515,-0.415703221358665,-1.46549122871363,-0.716827619990292,-0.716827619988799,0.627849215133672,-0.51038456848236,NaN,NaN,0.070970245258491,0.287882648150346,NaN,NaN,0.682848202891092,NaN,0.259154706332969,-0.837988008905562
504.832,1.41374195943891,-1.24185300746105,-0.598536585505304,-0.832765628092299,-0.964379057281546,-0.964379057282184,NaN,-0.671116517906624,-0.244714646728933,-0.400185918590713,-0.637064479753575,-0.400185918589394,0.98372710162121,-1.52963441980635,NaN,NaN,NaN,0.113125157999059,NaN,0.813113681515094,-0.114917413812611,NaN,-0.462557011726944,NaN,NaN,-1.92656996329802,NaN,NaN,-1.63903426254665,0.897990812755567,0.645733520175881,0.399840752854318,NaN,NaN,-1.55097584485756,-0.410934370242194,-1.46506527582365,-0.720328453655928,-0.720328453654413,0.622641104655504,-0.495520568066347,NaN,NaN,0.0560538166989077,0.30129231463765,NaN,NaN,0.702060152405205,NaN,0.277775715440618,-0.846294400185655
504.9344,1.42298200978743,-1.26130084579708,-0.619737673249655,-0.841842591990393,-0.982538022431668,-0.982538022432294,NaN,-0.698874804407657,-0.246160436848119,-0.410880358965841,-0.647082451755014,-0.410880358964519,0.99059827230986,-1.55107912968805,NaN,NaN,NaN,0.120568755353698,NaN,0.8049882437139,-0.0906973489530285,NaN,-0.48566619460927,NaN,NaN,-1.95766154585794,NaN,NaN,-1.65260738507547,0.895991858208038,0.646616816588063,0.398535004663502,NaN,NaN,-1.54594451750877,-0.406234451030885,-1.46444376136705,-0.723224209675597,-0.723224209674063,0.616019951647704,-0.47937062230304,NaN,NaN,0.0413478049968765,0.314892823191568,NaN,NaN,0.721837515556202,NaN,0.2962953016036,-0.854576824487256
505.0368,1.43275093696369,-1.28098507128094,-0.640814506312602,-0.851264473067192,-1.00045099939409,-1.0004509993947,NaN,-0.726560331631519,-0.247444517691092,-0.421070032773989,-0.656966765530157,-0.421070032772663,0.997498163740013,-1.57244762178567,NaN,NaN,NaN,0.127870687217327,NaN,0.796814702815088,-0.0664374429491704,NaN,-0.50869636505685,NaN,NaN,-1.98863035409451,NaN,NaN,-1.66586439276328,0.894314530144146,0.647802084946287,0.397339242108516,NaN,NaN,-1.53952911471658,-0.401610366677758,-1.46363192508486,-0.725512631957476,-0.72551263195592,0.608007960297935,-0.461946220814488,NaN,NaN,0.0268553396733554,0.328677111068541,NaN,NaN,0.742159406077412,NaN,0.314700841729261,-0.862844077060435
505.1392,1.44301276360368,-1.30087772074941,-0.661757406699699,-0.861016798538094,-1.01809264757682,-1.01809264757742,NaN,-0.754146688609093,-0.24855512045398,-0.430746711885782,-0.666698463247629,-0.430746711884455,1.00440537119888,-1.59371264162608,NaN,NaN,NaN,0.135011522081198,NaN,0.788594410339799,-0.0421553704854401,NaN,-0.531619407250235,NaN,NaN,-2.01943881455957,NaN,NaN,-1.67880074016441,0.89296193815588,0.649284489352181,0.396251933578992,NaN,NaN,-1.53174239974811,-0.397069817272216,-1.46263539845463,-0.727194129974378,-0.727194129972806,0.598631907540642,-0.443262871407379,NaN,NaN,0.0125808268438394,0.342637766706099,NaN,NaN,0.763001672863155,NaN,0.332979707193264,-0.871104810891608
505.2416,1.45372932920726,-1.32094956283684,-0.682556763141648,-0.871083606550754,-1.03543773723981,-1.0354377372404,NaN,-0.781607603099859,-0.249481298984216,-0.439902611822127,-0.676258659136292,-0.439902611820796,1.01129756809704,-1.61484657766365,NaN,NaN,NaN,0.141971186271471,NaN,0.780328341026489,-0.0178691649081316,NaN,-0.554408615176119,NaN,NaN,-2.05004814907431,NaN,NaN,-1.69141184121887,0.891935607898279,0.651058619606687,0.395271413143208,NaN,NaN,-1.52260099625874,-0.392621408814982,-1.46146010189844,-0.728271631056772,-0.728271631055182,0.587922749405838,-0.423339835631162,NaN,NaN,-0.0014698789874642,0.35676714385148,NaN,NaN,0.784336865686261,NaN,0.351119405751457,-0.879367395455075
505.344,1.4648603492394,-1.34117004967946,-0.703202903214512,-0.881447437854265,-1.05246114928162,-1.0524611492822,NaN,-0.8089168379272,-0.250212929156165,-0.448530312218833,-0.685628592765107,-0.448530312217502,1.01815154121575,-1.63582143141448,NaN,NaN,NaN,0.148729019806786,NaN,0.772017253085446,0.00640282771900024,NaN,-0.577038686102273,NaN,NaN,-2.08041846704157,NaN,NaN,-1.70369295203141,0.891235532854334,0.653118471663645,0.394395869620361,NaN,NaN,-1.51212527947862,-0.388274751068301,-1.46011212948707,-0.728750408725052,-0.728750408723449,0.575915219919381,-0.402199850844432,NaN,NaN,-0.0152893572495344,0.371057442441896,NaN,NaN,0.806134227504807,NaN,0.369107683941733,-0.887639773437422
505.4464,1.47636348195235,-1.36150724476863,-0.723685921988689,-0.892089312905689,-1.06913783952353,-1.06913783952409,NaN,-0.836048069180635,-0.250740674907121,-0.456622630227536,-0.694789674194728,-0.456622630226204,1.02494322418271,-1.65660874378878,NaN,NaN,NaN,0.155263857471237,NaN,0.763661863689119,0.0306419857761356,NaN,-0.599485685739797,NaN,NaN,-2.11050882633916,NaN,NaN,-1.7156390485573,0.890860235291074,0.65545744251924,0.393623342561665,NaN,NaN,-1.50033923868727,-0.384040542958206,-1.45859761026108,-0.728637870989012,-0.728637870987395,0.562647413905594,-0.379868829527809,NaN,NaN,-0.0288685811405237,0.385500765622443,NaN,NaN,0.828359715473757,NaN,0.386932597808948,-0.895929314329186
505.5488,1.48819440306534,-1.38192773127719,-0.743995473679356,-0.902988695432996,-1.08544277175651,-1.08544277175706,NaN,-0.862974745555108,-0.251055923819262,-0.464172456187441,-0.703723522198024,-0.464172456186108,1.03164772848705,-1.67717948513427,NaN,NaN,NaN,0.161554128461538,NaN,0.755263025198889,0.0548294371441629,NaN,-0.62172698235025,NaN,NaN,-2.14027726292453,NaN,NaN,-1.72724470550043,0.890806845294822,0.658068335073176,0.392951724383353,NaN,NaN,-1.48727030545549,-0.379930643638693,-1.45692254807318,-0.727943310817514,-0.727943310815881,0.548160352173021,-0.356375542939529,NaN,NaN,-0.0421969592643446,0.400089158256991,NaN,NaN,0.850976045034264,NaN,0.404582549057008,-0.904242675631426
505.6512,1.50030689282163,-1.40239652840348,-0.764120564181055,-0.914123457878635,-1.10135084941746,-1.10135084941799,NaN,-0.889669943231694,-0.251150715121908,-0.471172596828201,-0.712412005067923,-0.471172596826869,1.03823938025686,-1.69750394913161,NaN,NaN,NaN,0.167577956092192,NaN,0.746821877966987,0.0789460706891049,NaN,-0.643741163136727,NaN,NaN,-2.1696808164141,NaN,NaN,-1.73850398356426,0.891071196457174,0.660943361655085,0.392378763803532,NaN,NaN,-1.47294915317353,-0.375958125075307,-1.45509265623865,-0.726677644262292,-0.726677644260645,0.532497543110062,-0.331751318433626,NaN,NaN,-0.0552624455552568,0.414814620547546,NaN,NaN,0.87394275014681,NaN,0.422046281093546,-0.912585688114205
505.7536,1.51265293697215,-1.42287704767373,-0.784049391801412,-0.925469867730841,-1.11683688224021,-1.11683688224073,NaN,-0.916106237664346,-0.251017689035115,-0.477615678063966,-0.720837295167813,-0.477615678062634,1.044691773954,-1.71755169767443,NaN,NaN,NaN,0.173313242241044,NaN,0.738339951525088,0.102972534703318,NaN,-0.665507954273465,NaN,NaN,-2.19867558751953,NaN,NaN,-1.74941033495757,0.891647924244545,0.664074137111524,0.391902065752429,NaN,NaN,-1.4574094832865,-0.37213730070987,-1.45311320742814,-0.724853170427171,-0.724853170425509,0.515704561179943,-0.306029783100834,NaN,NaN,-0.0680516897432538,0.429669085797377,NaN,NaN,0.897216259243453,NaN,0.439312850802478,-0.920963271594642
505.856,1.52518283973851,-1.44333110480056,-0.803769261777553,-0.937002605225815,-1.13187560729906,-1.13187560729957,NaN,-0.942255607339007,-0.250650071745421,-0.483494132035197,-0.728981943299883,-0.483494132033867,1.05097784826026,-1.73729157870394,NaN,NaN,NaN,0.178737734034438,NaN,0.72981921347308,0.126889222784574,NaN,-0.687008160641064,NaN,NaN,-2.22721684794944,NaN,NaN,-1.75995653548407,0.892530549040447,0.667451658508105,0.391519086015344,NaN,NaN,-1.44068781317494,-0.368483727806354,-1.4509889120093,-0.722483374493139,-0.722483374491463,0.497828656699274,-0.27924666785008,NaN,NaN,-0.080550199863585,0.444644355357139,NaN,NaN,0.920749988752894,NaN,0.456371608427555,-0.929379376148813
505.9584,1.53784534800382,-1.46371898357781,-0.823266569894795,-0.948694811133837,-1.14644176026926,-1.14644176026976,NaN,-0.96808937190286,-0.250041690479862,-0.488800259626312,-0.736828972120633,-0.488800259624983,1.05706998123117,-1.75669180658717,NaN,NaN,NaN,0.183829078226337,NaN,0.721262094953191,0.150676248401161,NaN,-0.708223627691824,NaN,NaN,-2.25525919928132,NaN,NaN,-1.77013464245801,0.893711531930168,0.671066274208202,0.391227121223045,NaN,NaN,-1.42282327287954,-0.36501418491832,-1.44872382686517,-0.719582773371313,-0.719582773369624,0.478918400085933,-0.251439662454229,NaN,NaN,-0.0927425005378181,0.459731989216922,NaN,NaN,0.944494454369972,NaN,0.473212200198224,-0.937836945441968
506.0608,1.550587785327,-1.48399953718099,-0.842526834170959,-0.960518154496511,-1.16051017769365,-1.16051017769414,NaN,-0.993578156497625,-0.249187003599702,-0.493526341365182,-0.744361982166557,-0.493526341363853,1.06294009758251,-1.77572007751167,NaN,NaN,NaN,0.188564867689771,NaN,0.712671508507145,0.174313416161351,NaN,-0.729137214778159,NaN,NaN,-2.28275675930416,NaN,NaN,-1.77993597007898,0.895182300111616,0.674907650606405,0.391023296529739,NaN,NaN,-1.40385741096865,-0.361746625564818,-1.44632128689765,-0.7161667878979,-0.716166787896198,0.459023351154877,-0.222648294883351,NaN,NaN,-0.104612292535529,0.474923157720762,NaN,NaN,0.968397402573656,NaN,0.489824580841485,-0.946337903262083
506.1632,1.56335618816083,-1.50413030437487,-0.861534747265498,-0.972442904747025,-1.1740559043732,-1.17405590437368,NaN,-1.01869186705894,-0.248081127846598,-0.497664760376218,-0.751565259925626,-0.49766476037489,1.06855977957405,-1.7943436880259,NaN,NaN,NaN,0.192922680314315,NaN,0.704050844973551,0.197780200897118,NaN,-0.749732762477155,NaN,NaN,-2.30966334600476,NaN,NaN,-1.7893510719808,0.896933246561581,0.678964746536329,0.390904555162833,NaN,NaN,-1.38383400474608,-0.358700108243532,-1.44378384461447,-0.712251618083215,-0.712251618081501,0.438193736551159,-0.192913801216225,NaN,NaN,-0.116142640666181,0.49020847109381,NaN,NaN,0.992403967760628,NaN,0.506199032078261,-0.95488315402542
506.2656,1.57609543180578,-1.5240676117358,-0.880274216961194,-0.984437990848728,-1.18705427744991,-1.18705427745038,NaN,-1.04339965793214,-0.246719842643359,-0.501208095711679,-0.758423875660912,-0.501208095710351,1.07390037138199,-1.81252962423837,NaN,NaN,NaN,0.196880108498277,NaN,0.695403937127187,0.221055738296072,NaN,-0.769995037312969,NaN,NaN,-2.33593262848415,NaN,NaN,-1.79836972006165,0.898953716722136,0.683225800442258,0.390867653894425,NaN,NaN,-1.36279886418596,-0.355894704861867,-1.4411132010088,-0.707854096678559,-0.707854096676833,0.416480122992256,-0.162278958767192,NaN,NaN,-0.127316209590592,0.505577814832479,NaN,NaN,1.01645685738515,NaN,0.52232620879518,-0.963472573704987
506.368,1.58874933830094,-1.54376664065029,-0.898728369463916,-0.996471036254653,-1.19948096771287,-1.19948096771332,NaN,-1.06766987994531,-0.245099558490551,-0.504149158671584,-0.764923763013745,-0.504149158670257,1.07893306823491,-1.83024459989639,NaN,NaN,NaN,0.200414779711314,NaN,0.686734998875564,0.244118826860839,NaN,-0.789909647403281,NaN,NaN,-2.36151822475183,NaN,NaN,-1.806980872944,0.901231999597468,0.687678327772923,0.390909165516367,NaN,NaN,-1.34079961559782,-0.353351390203626,-1.43831011717699,-0.702991505764933,-0.702991505763193,0.393933082469206,-0.130787871686484,NaN,NaN,-0.138115527840192,0.521020217536708,NaN,NaN,1.04049656121533,NaN,0.538197223061698,-0.9721049783599
506.4704,1.60126077215545,-1.56318146651024,-0.916879521429291,-1.00850837475787,-1.21131198567764,-1.21131198567809,NaN,-1.09147001639819,-0.243217259411287,-0.506480986305654,-0.77105178429331,-0.506480986304326,1.08362899012586,-1.84745505237223,NaN,NaN,NaN,0.203504374433466,NaN,0.678048558934178,0.266947945058455,NaN,-0.809462940896548,NaN,NaN,-2.38637375309424,NaN,NaN,-1.81517263909235,0.903755333873512,0.692309120613381,0.391025486314779,NaN,NaN,-1.31788545724631,-0.351091912271542,-1.435374311798,-0.697681363256028,-0.697681363254275,0.370602850259421,-0.0984857186605466,NaN,NaN,-0.148523234846966,0.536523755598413,NaN,NaN,1.0644615777505,NaN,0.553803737939636,-0.980778094007558
506.5728,1.61357174049296,-1.58226510479978,-0.934709158458143,-1.020515067614,-1.222523686424,-1.22252368642443,NaN,-1.11476663087495,-0.24107044918059,-0.508196843358805,-0.776795795852155,-0.508196843357476,1.08795924998158,-1.86412713644397,NaN,NaN,NaN,0.206126650284275,NaN,0.669349404988023,0.28952128407288,NaN,-0.828641914214828,NaN,NaN,-2.41045287097387,NaN,NaN,-1.82293224735188,0.906509924289332,0.697104239910467,0.391212845412624,NaN,NaN,-1.29410689426168,-0.349138642256939,-1.4323043644772,-0.691941207417069,-0.691941207415303,0.346538984345466,-0.065418491551977,NaN,NaN,-0.158522279214008,0.552075476749975,NaN,NaN,1.08828865229278,NaN,0.569138034808969,-0.989488571332096
506.6752,1.62562351257605,-1.60096959790936,-0.95219795796381,-1.03245494293438,-1.23309280736625,-1.23309280736668,NaN,-1.13752534897353,-0.238657125964028,-0.509290279556684,-0.782144726655675,-0.509290279555355,1.09189502791255,-1.88022675672355,NaN,NaN,NaN,0.208259474899958,NaN,0.660642555898143,0.311816786516741,NaN,-0.847434155802249,NaN,NaN,-2.43370933982598,NaN,NaN,-1.83024603625084,0.909480952289098,0.702048992848372,0.391467312395693,NaN,NaN,-1.26951547157238,-0.347514405829656,-1.42909764626828,-0.685788410793008,-0.685788410791233,0.321790044810635,-0.0316327607420455,NaN,NaN,-0.168096059425837,0.56766132570336,NaN,NaN,1.11191302264092,NaN,0.584193049680296,-0.99823206533193
506.7776,1.63735676395729,-1.61924615506839,-0.969325870506716,-1.04429066681681,-1.24299655236959,-1.24299655237001,NaN,-1.15971088234599,-0.235975790080115,-0.509755255265758,-0.787088673693481,-0.50975525526443,1.09540765710672,-1.89571965505401,NaN,NaN,NaN,0.209880861633116,NaN,0.651933280712706,0.333812182856143,NaN,-0.865827834327814,NaN,NaN,-2.45609713624957,NaN,NaN,-1.83709947073773,0.912652564671167,0.70712789366545,0.391784799285042,NaN,NaN,-1.24416352233917,-0.346242300460692,-1.42575028789885,-0.679240040962236,-0.679240040960457,0.296403312045628,0.00282451045212544,NaN,NaN,-0.17722850897249,0.58326606651901,NaN,NaN,1.13526866873167,NaN,0.598962401625014,-1.00700336538707
506.88,1.64871173882603,-1.63704533872642,-0.986072255316215,-1.05598384331696,-1.25221271706218,-1.25221271706259,NaN,-1.18128709130657,-0.233025477036509,-0.509586321596585,-0.791619010443826,-0.509586321595255,1.09846872073984,-1.91057154630828,NaN,NaN,NaN,0.210969001652836,NaN,0.643227161936633,0.355485029964298,NaN,-0.883811721515912,NaN,NaN,-2.47757060733002,NaN,NaN,-1.84347719157684,0.916007831627203,0.712324613361356,0.392161055159112,NaN,NaN,-1.21810394074875,-0.345345503345905,-1.42225718386336,-0.672312767180169,-0.672312767178385,0.270424550849615,0.0379061040186428,NaN,NaN,-0.185904143058641,0.598873197886794,NaN,NaN,1.15828856386005,NaN,0.613440433737042,-1.01579654920033
506.9824,1.65962841510944,-1.65431727926073,-1.00241605650715,-1.06749513174388,-1.2607198398893,-1.26071983988969,NaN,-1.20221707444737,-0.229805803580734,-0.508778828281584,-0.795728501268068,-0.508778828280254,1.10105015538213,-1.92474828333449,NaN,NaN,NaN,0.211502292974435,NaN,0.63453017043473,0.376812763198743,NaN,-0.901375229857001,NaN,NaN,-2.49808465016523,NaN,NaN,-1.84936309325148,0.919528675944307,0.717621928792253,0.392591656569624,NaN,NaN,-1.19138998026143,-0.34484707354206,-1.41861202146948,-0.665022797646331,-0.665022797644538,0.24389781296039,0.0735646593188349,NaN,NaN,-0.194108101361462,0.614464858876732,NaN,NaN,1.18090492616156,NaN,0.627622268502506,-1.02460513758252
507.0848,1.67004665644245,-1.6710118917846,-1.01833599454166,-1.07878436449406,-1.26849735480851,-1.26849735480889,NaN,-1.22246326786859,-0.226317009075708,-0.507329122448905,-0.799411412017904,-0.507329122447577,1.10312435239041,-1.93821602150946,NaN,NaN,NaN,0.211459374270825,NaN,0.625848716235827,0.39777276762079,NaN,-0.91850844400401,NaN,NaN,-2.5175948846647,NaN,NaN,-1.85474041515204,0.923195784166947,0.723001682695344,0.393071999880022,NaN,NaN,-1.16407507245185,-0.344769753014033,-1.4148073178753,-0.65738582367032,-0.657385823668524,0.216865264916073,0.109752785654194,NaN,NaN,-0.201826209511939,0.630021734024118,NaN,NaN,1.20304947026702,NaN,0.641503863107411,-1.03342223270104
507.1872,1.67990634193707,-1.68707906556441,-1.03381073625378,-1.0898106477984,-1.27552571583043,-1.2755257158308,NaN,-1.24198753297397,-0.222559968986596,-0.505234695687385,-0.802663605338222,-0.505234695686061,1.10466424543779,-1.95094134745774,NaN,NaN,NaN,0.210819174981987,NaN,0.617189665774454,0.418342465855334,NaN,-0.935202126970416,NaN,NaN,-2.53605778698967,NaN,NaN,-1.85959182610521,0.926988516880088,0.728444761606644,0.393597300060555,NaN,NaN,-1.13621265586065,-0.345135772204618,-1.41083444707419,-0.649416945740366,-0.649416945738569,0.189367034305457,0.146423192685817,NaN,NaN,-0.209045054869762,0.645522976471942,NaN,NaN,1.22465366018496,NaN,0.655082045061651,-1.04224062852753
507.2896,1.6891474718592,-1.70246880561488,-1.04881901399836,-1.1005324353806,-1.28178647245054,-1.2817864724509,NaN,-1.26075121597637,-0.218536162409441,-0.502494251178499,-0.805482612684772,-0.502494251177179,1.10564337550402,-1.96289134939997,NaN,NaN,NaN,0.209560988827927,NaN,0.608560344400016,0.438499418606974,NaN,-0.951447691303676,NaN,NaN,-2.55343076656779,NaN,NaN,-1.8638994867458,0.930884836813922,0.733931088150281,0.394162595431281,NaN,NaN,-1.10785600245301,-0.345966664358688,-1.40668364661618,-0.641130565963987,-0.641130565962187,0.161441072623161,0.183528842219381,NaN,NaN,-0.215752071989389,0.660946164597232,NaN,NaN,1.2456489594639,NaN,0.668354522873581,-1.05105288634711
507.392,1.69771025262899,-1.71713133046856,-1.06333969688936,-1.11090758122286,-1.28726230240492,-1.28726230240526,NaN,-1.27871517919543,-0.214247597795486,-0.499107701299099,-0.807867685361525,-0.499107701297781,1.10603593630057,-1.97403364038288,NaN,NaN,NaN,0.207664562792796,NaN,0.599968546908976,0.458221433670489,NaN,-0.967237143609028,NaN,NaN,-2.56967220137775,NaN,NaN,-1.86764508670139,0.93486126519715,0.739439615905797,0.394762752386681,NaN,NaN,-1.07905803655162,-0.34728309120395,-1.40234400866202,-0.632540251211502,-0.632540251209702,0.13312302770478,0.221023118952348,NaN,NaN,-0.221935646963154,0.676267294649307,NaN,NaN,1.26596706784905,NaN,0.68131988940181,-1.05985137190288
507.4944,1.70553516749003,-1.73101715386688,-1.0773518506463,-1.12089339036381,-1.29193703401787,-1.2919370340182,NaN,-1.29583982385876,-0.209696725471076,-0.495076142493079,-0.809819835805513,-0.495076142491765,1.10581681337604,-1.98433637385057,NaN,NaN,NaN,0.205110181461918,NaN,0.591422553567222,0.477486679401282,NaN,-0.982563024856653,NaN,NaN,-2.58474146878845,NaN,NaN,-1.87080986827806,0.938892861938476,0.744948318135708,0.395392462548707,NaN,NaN,-1.04987115277798,-0.349104680732943,-1.39780347074484,-0.623658589442298,-0.623658589440498,0.104446113646725,0.258860018863593,NaN,NaN,-0.227585240559155,0.691460799891392,NaN,NaN,1.28554013869754,NaN,0.693977641432024,-1.06862825920377
507.5968,1.71256303873738,-1.74407718052776,-1.09083482665824,-1.13044668421341,-1.29579569114795,-1.29579569114827,NaN,-1.31208512967521,-0.204886370008563,-0.490401857358638,-0.811341879524085,-0.490401857357329,1.10496162903841,-1.99376828794169,NaN,NaN,NaN,0.201878735797002,NaN,0.582931120484852,0.496273805165487,NaN,-0.997418365100626,NaN,NaN,-2.5985990012957,NaN,NaN,-1.87337465515563,0.942953216294592,0.750434171985902,0.396046228756677,NaN,NaN,-1.0203470446469,-0.351449873891791,-1.39304882003003,-0.61449706423803,-0.614497064236228,0.0754409739940397,0.296994349681209,NaN,NaN,-0.232691510197571,0.706499580684594,NaN,NaN,1.30430098439777,NaN,0.706328224498312,-1.07737551705086
507.6992,1.71873508599813,-1.75626282913559,-1.1037683962031,-1.13952388440238,-1.29882457272019,-1.29882457272049,NaN,-1.32741072599938,-0.199819699201333,-0.485088366234199,-0.812438480162292,-0.485088366232897,1.10344679670687,-2.00229878826126,NaN,NaN,NaN,0.197951787612272,NaN,0.57450341451569,0.514562076525963,NaN,-1.01179665663727,NaN,NaN,-2.61120637176222,NaN,NaN,-1.87531989880566,0.94701443714514,0.755873146015763,0.396718342015467,NaN,NaN,-0.990536552051499,-0.354335775108914,-1.38806571512189,-0.605065959472668,-0.605065959470864,0.046135549424777,0.335381926952621,NaN,NaN,-0.237246416109931,0.721355031956128,NaN,NaN,1.32218328051101,NaN,0.718373092377758,-1.08608489871319
507.8016,1.72399298359596,-1.76752617453668,-1.11613291481037,-1.14808110825404,-1.30101135488206,-1.30101135488235,NaN,-1.34177599283748,-0.194500223797607,-0.479140515842528,-0.813116192141213,-0.479140515841231,1.10124958124375,-2.00989805216338,NaN,NaN,NaN,0.19331164918056,NaN,0.566148894385035,0.532331526859898,NaN,-1.02569183874991,NaN,NaN,-2.62252639447858,NaN,NaN,-1.87662574281848,0.951047140955099,0.761240197458459,0.397402854202048,NaN,NaN,-0.960489530045773,-0.357778006814816,-1.38283871991055,-0.595374287904756,-0.595374287902953,0.0165549670925954,0.373979748953965,NaN,NaN,-0.241243320583797,0.735997067274728,NaN,NaN,1.3391217712827,NaN,0.730114758596858,-1.09474794398896
507.904,1.72827891728863,-1.77782008573779,-1.12790948079525,-1.1560742630498,-1.30234518813274,-1.30234518813303,NaN,-1.35514017600892,-0.1889318047342,-0.472564567899143,-0.813383490165494,-0.472564567897852,1.09834815794905,-2.01653712245324,NaN,NaN,NaN,0.187941487321628,NaN,0.557877168095981,0.549563117194544,NaN,-1.03909828255445,NaN,NaN,-2.63252321979865,NaN,NaN,-1.87727209404048,0.955020444988397,0.7665092820196,0.398093550661934,NaN,NaN,-0.930254736056409,-0.361790575180637,-1.37735133777886,-0.585429724436648,-0.58542972443485,-0.0132785406967051,0.412746149989385,NaN,NaN,-0.24467709298448,0.750394154227666,NaN,NaN,1.35505247350373,NaN,0.74155681442226,-1.10335598464098
508.0064,1.731535639125,-1.78709833375279,-1.13908004951128,-1.16345912575137,-1.30281676003797,-1.30281676003824,NaN,-1.36746249566065,-0.18311864047486,-0.46536824689235,-0.813250774459634,-0.465368246891066,1.09472166173784,-2.02218795920767,NaN,NaN,NaN,0.181825450080878,NaN,0.549697858286659,0.566238894527897,NaN,-1.0520107640165,NaN,NaN,-2.64116239929149,NaN,NaN,-1.87723868534278,0.95890197942256,0.771653376511045,0.398783925342346,NaN,NaN,-0.899879728181412,-0.366385754009688,-1.37158603389483,-0.575238523342338,-0.575238523340545,-0.0433456905225066,0.451640942227778,NaN,NaN,-0.247544217248896,0.764513376447581,NaN,NaN,1.36991287695433,NaN,0.752703888272951,-1.1119001404962
508.1088,1.73370652021509,-1.79531565804417,-1.1496274863411,-1.17019140262735,-1.30241831119097,-1.30241831119123,NaN,-1.37870223515211,-0.177065220921248,-0.457560730345193,-0.812730346724815,-0.457560730343915,1.09035022241036,-2.02682343975967,NaN,NaN,NaN,0.174948807598996,NaN,0.541620489167507,0.582342146510351,NaN,-1.06442442061269,NaN,NaN,-2.64841091221961,NaN,NaN,-1.87650512327404,0.962657931008635,0.776644510292344,0.399467159095787,NaN,NaN,-0.86941076678776,-0.3715739867319,-1.36552424152723,-0.564805411186261,-0.564805411184474,-0.0736301744733658,0.49062554450838,NaN,NaN,-0.249842902081125,0.778320519829878,NaN,NaN,1.38364213915217,NaN,0.76356153370712,-1.12037130426668
508.2112,1.73473560398984,-1.80242780533995,-1.15953557708848,-1.17622677761783,-1.30114362041306,-1.30114362041331,NaN,-1.38881881556362,-0.170776259536555,-0.449152604069936,-0.811836362350591,-0.449152604068666,1.08521499179619,-2.0304173297501,NaN,NaN,NaN,0.167298093788486,NaN,0.533654389403073,0.597857554418971,NaN,-1.07633470152241,NaN,NaN,-2.65423717027698,NaN,NaN,-1.87505092871959,0.966253120711123,0.781453797683244,0.400136099112842,NaN,NaN,-0.838892717834162,-0.377363801160681,-1.35914636148859,-0.55413346740174,-0.554133467399965,-0.104118654960567,0.529663079043924,NaN,NaN,-0.251573219993893,0.791780160318245,NaN,NaN,1.39618126999624,NaN,0.774136063166679,-1.12876012304298
508.3136,1.73456766710437,-1.80839157092655,-1.16878903513997,-1.18152096803401,-1.29898799161923,-1.29898799161946,NaN,-1.39777187562932,-0.164256631056641,-0.440155826296642,-0.810584771726518,-0.440155826295377,1.07929817573855,-2.03294426544428,NaN,NaN,NaN,0.158861235808989,NaN,0.525808600091175,0.612771337293871,NaN,-1.08773732956,NaN,NaN,-2.65861103349782,NaN,NaN,-1.87285558347621,0.969651104729929,0.786051466179724,0.400783236322135,NaN,NaN,-0.808368963674199,-0.383761731800286,-1.35243177100124,-0.543224018238016,-0.54322401823625,-0.13480072745225,0.568718418390985,NaN,NaN,-0.252737299025795,0.80485572743299,NaN,NaN,1.40747330465237,NaN,0.784434363406209,-1.13705698987708
508.416,1.73314829788408,-1.8131648665357,-1.17737353311827,-1.18602980249519,-1.29594826571226,-1.29594826571248,NaN,-1.40552137443241,-0.157511334388741,-0.43058373064982,-0.808993261342691,-0.430583730648562,1.07258308159911,-2.03437977466233,NaN,NaN,NaN,0.149627667272552,NaN,0.518091788446814,0.62707137221549,NaN,-1.09862828666891,NaN,NaN,-2.66150386153187,NaN,NaN,-1.86989858813164,0.972814283084234,0.790406881363067,0.401400678845468,NaN,NaN,-0.777881327315395,-0.390772247015525,-1.34535885431642,-0.532076567019877,-0.532076567018122,-0.165668858293962,0.607758184242282,NaN,NaN,-0.25333954412271,0.817509536938024,NaN,NaN,1.41746346721385,NaN,0.794463716747593,-1.14525205683024
508.5184,1.73042399933256,-1.81670681873815,-1.18527575856155,-1.18970932391752,-1.29202285862226,-1.29202285862248,NaN,-1.41202772044861,-0.150545480944882,-0.420451067078931,-0.807081196547434,-0.420451067077679,1.06505418397315,-2.03470033666969,NaN,NaN,NaN,0.139588432643051,NaN,0.510512180075314,0.640747284867122,NaN,-1.10900382150134,NaN,NaN,-2.66288860265735,NaN,NaN,-1.86615953002212,0.975704003326781,0.794488573210191,0.401980122483422,NaN,NaN,-0.747470010363706,-0.398397680107948,-1.33790505722883,-0.520688768635367,-0.520688768633624,-0.196718308225692,0.646750716805565,NaN,NaN,-0.253386826263306,0.829702812684064,NaN,NaN,1.42609932983119,NaN,0.804231635570771,-1.15333526966003
508.6208,1.72634231765191,-1.81897788409525,-1.19248347177961,-1.19251590947127,-1.28721180857012,-1.28721180857033,NaN,-1.4172519198163,-0.143364296131476,-0.409774056517784,-0.804869559630709,-0.409774056516538,1.05669720415219,-2.03388346062899,NaN,NaN,NaN,0.128736296515314,NaN,0.50307751970855,0.653790518666374,NaN,-1.11886046711693,NaN,NaN,-2.66273990349816,NaN,NaN,-1.86161815947889,0.978280653371413,0.79826427134595,0.402512823019559,NaN,NaN,-0.717173540364312,-0.406638163726652,-1.3300469575798,-0.509056439327825,-0.509056439326095,-0.227947052773631,0.685666042297628,NaN,NaN,-0.252888582206258,0.841395731284742,NaN,NaN,1.43333097432308,NaN,0.81374571347414,-1.16129641608268
508.7232,1.72085199181977,-1.81993995826204,-1.19898553517371,-1.1944063931704,-1.28151680674199,-1.28151680674219,NaN,-1.42115573226932,-0.135973117131339,-0.39857042454257,-0.802380872885372,-0.398570424541332,1.04749919398763,-2.03190775208416,NaN,NaN,NaN,0.117065868749307,NaN,0.495795059329855,0.666194395090347,NaN,-1.12819505184949,NaN,NaN,-2.66103421117071,NaN,NaN,-1.85625447228679,0.980503745276515,0.801700958676401,0.402989576555655,NaN,NaN,-0.687028722245789,-0.415491567639923,-1.32176033748689,-0.497173581009437,-0.49717358100772,-0.259355711164023,0.724475870919071,NaN,NaN,-0.251856804622408,0.852547516106925,NaN,NaN,1.439111163099,NaN,0.823013491345713,-1.16912517894687
508.8256,1.71390311683535,-1.81955645594641,-1.20477188555591,-1.19533817712517,-1.27494118736882,-1.27494118736901,NaN,-1.42370182207666,-0.128377368340414,-0.386859380879614,-0.799639097567782,-0.386859380878383,1.03744861318536,-2.02875293880194,NaN,NaN,NaN,0.104573744505548,NaN,0.488671576211939,0.677954174278345,NaN,-1.13700469001578,NaN,NaN,-2.65774984299014,NaN,NaN,-1.85004879219281,0.982331999756938,0.804764947843882,0.403400710132616,NaN,NaN,-0.657070588829527,-0.42495344224291,-1.31302024426467,-0.485032398383578,-0.485032398381875,-0.290947490682543,0.763153647357815,NaN,NaN,-0.250305952020077,0.863116585887089,NaN,NaN,1.44339551959391,NaN,0.832042333907515,-1.17681118224108
508.928,1.70544731426048,-1.81779235138173,-1.20983343953094,-1.1952693273786,-1.26748987011796,-1.26748987011814,NaN,-1.4248538968358,-0.120582502934977,-0.37466153202371,-0.796669507256552,-0.374661532022487,1.02653539405726,-2.02439984755648,NaN,NaN,NaN,0.0912586441983994,NaN,0.481713439871939,0.689067115587727,NaN,-1.14528675281908,NaN,NaN,-2.65286702100609,NaN,NaN,-1.84298184312194,0.983723443217862,0.807421972748601,0.403736078733732,NaN,NaN,-0.627332346778206,-0.435016971840477,-1.30380103797014,-0.472623302188082,-0.47262330218639,-0.322728138694666,0.801674641391756,NaN,NaN,-0.248252834406271,0.873060744619692,NaN,NaN,1.44614270975676,NaN,0.840839328864087,-1.1843440134113
509.0304,1.69543790975182,-1.81461419326666,-1.2141619535103,-1.19415866538733,-1.25916927424428,-1.25916927424446,NaN,-1.42457684139306,-0.112593920312422,-0.36199875029696,-0.793498544656193,-0.361998750295744,1.0147509981308,-2.01883035526008,NaN,NaN,NaN,0.0771215361733359,NaN,0.474926747829477,0.699532528472107,NaN,-1.15303883574732,NaN,NaN,-2.64636789609899,NaN,NaN,-1.83503480413265,0.984635520792802,0.809637279996896,0.40398506249788,NaN,NaN,-0.597845319318411,-0.445672939070549,-1.29407643793671,-0.459934914733664,-0.459934914731982,-0.354705879821481,0.840016033841037,NaN,NaN,-0.245716507683887,0.882337393237752,NaN,NaN,1.44731461447341,NaN,0.849411227116645,-1.19171321674363
509.1328,1.68383012494789,-1.80999012627791,-1.21774988059297,-1.19196587442245,-1.24998723991597,-1.24998723991615,NaN,-1.42283686622822,-0.104416888759275,-0.348894047761802,-0.790153676276518,-0.34889404776059,1.00208847596892,-2.01202735577607,NaN,NaN,NaN,0.0621657354710355,NaN,0.468317529257079,0.709351804324799,NaN,-1.16025874547729,NaN,NaN,-2.63823659621614,NaN,NaN,-1.82618935095273,0.985025216447037,0.811375710435592,0.404136560732506,NaN,NaN,-0.568638893923707,-0.456909696852209,-1.28381958750053,-0.446954105400146,-0.446954105398475,-0.386891314473806,0.878156953472194,NaN,NaN,-0.242718175295235,0.890903743613865,NaN,NaN,1.44687648929215,NaN,0.857764411670157,-1.19890827700235
509.2352,1.67058129225031,-1.80388994781279,-1.22059026020769,-1.18865163513957,-1.23995298480295,-1.23995298480313,NaN,-1.4196016858219,-0.0960565004559956,-0.335371496494118,-0.786663255674048,-0.335371496492909,0.988542539317907,-2.00397477398816,NaN,NaN,NaN,0.0463969799890393,NaN,0.461891995807207,0.718528422660267,NaN,-1.16694452230598,NaN,NaN,-2.6284593200301,NaN,NaN,-1.81642769671585,0.984849165927456,0.812601771037611,0.404178983272593,NaN,NaN,-0.53974048545831,-0.468713141804743,-1.27300315140803,-0.433666076727506,-0.433666076725845,-0.419297264355936,0.916078443037903,NaN,NaN,-0.239281088238511,0.898717018842115,NaN,NaN,1.44479711427214,NaN,0.865904861751495,-1.20591862318435
509.3376,1.6556510937148,-1.79628521035374,-1.22267665525847,-1.18417779266843,-1.22907710326306,-1.22907710326323,NaN,-1.4148407271145,-0.0875176667244237,-0.321456208958738,-0.783056397630605,-0.321456208957532,0.974109647914377,-1.99465763509844,NaN,NaN,NaN,0.0298234862753688,NaN,0.455656809050201,0.727067926464889,NaN,-1.17309449896361,NaN,NaN,-2.6170244763646,NaN,NaN,-1.80573264511837,0.984063751611501,0.813279703557444,0.404100242358757,NaN,NaN,-0.511175520957579,-0.481066683719472,-1.26159944926599,-0.420054506518595,-0.420054506516946,-0.451938560016297,0.953763349822216,NaN,NaN,-0.235430433751112,0.905734637272714,NaN,NaN,1.44104893851047,NaN,0.873838102679589,-1.21273366732636
509.44,1.63900181700409,-1.78714936234324,-1.22400313238473,-1.17850754734418,-1.21737159740655,-1.21737159740672,NaN,-1.40852535618676,-0.0788051450924377,-0.307174366253512,-0.779362858640847,-0.30717436625231,0.95878810824899,-1.98406217767377,NaN,NaN,NaN,0.0124559902003135,NaN,0.44961932665317,0.734977874121818,NaN,-1.17870738300852,NaN,NaN,-2.603922854288,NaN,NaN,-1.79408766372584,0.982625174233812,0.813373559355657,0.403887749377285,NaN,NaN,-0.48296744583947,-0.493951206987512,-1.24958061755238,-0.406101737485415,-0.406101737483775,-0.484831773431407,0.991196145865349,NaN,NaN,-0.231193200693479,0.911914393504087,NaN,NaN,1.43560822310423,NaN,0.881569156740602,-1.21934287127037
509.5424,1.62059861811263,-1.77645790870418,-1.22456426598722,-1.17160565472081,-1.20484991844559,-1.20484991844575,NaN,-1.40062910757396,-0.0699235833789507,-0.292553265499445,-0.775612914635689,-0.292553265498249,0.942578177824831,-1.97217598609582,NaN,NaN,NaN,-0.00569221793736245,NaN,0.443787789286554,0.742267787790915,NaN,-1.18378234208824,NaN,NaN,-2.58914779866452,NaN,NaN,-1.78147697629732,0.980489503926841,0.812847291449226,0.403528420361148,NaN,NaN,-0.455137746140907,-0.507345021907265,-1.23691878529806,-0.391788994989582,-0.391788994987949,-0.517994906503742,1.02836269673961,NaN,NaN,-0.22659802905467,0.917214651577982,NaN,NaN,1.42845518490719,NaN,0.88910249730217,-1.22573582525094
509.6448,1.60040978147369,-1.76418856497471,-1.22435513491106,-1.16343861767914,-1.19152699084857,-1.19152699084873,NaN,-1.39112789960358,-0.0608775630857463,-0.277621348384977,-0.771837224910345,-0.277621348383784,0.925482164132088,-1.95898810929946,NaN,NaN,NaN,-0.024605255684963,NaN,0.438171430288628,0.748949109721166,NaN,-1.18831906837107,NaN,NaN,-2.57269536026176,NaN,NaN,-1.76788566247367,0.977612722821375,0.811664872709472,0.403008692310332,NaN,NaN,-0.427705976769119,-0.52122380759044,-1.22358624555136,-0.377096606639029,-0.377096606637401,-0.551447050726487,1.06525001083085,NaN,NaN,-0.221675069744567,0.921594557389408,NaN,NaN,1.41957414078507,NaN,0.896441983197985,-1.23190232506935
509.7472,1.57840697085528,-1.75032138228495,-1.2233712830854,-1.15397485823362,-1.17741919673193,-1.17741919673208,NaN,-1.38000022180366,-0.0516716251876796,-0.262408178051827,-0.768066674627874,-0.262408178050639,0.907504507323997,-1.944489138274,NaN,NaN,NaN,-0.0442646052110098,NaN,0.432780522470554,0.75503516543576,NaN,-1.19231780516455,NaN,NaN,-2.55456439780098,NaN,NaN,-1.75329974962249,0.973950777557669,0.809790440661063,0.402314549195851,NaN,NaN,-0.400689783733928,-0.535560551485303,-1.20955560953505,-0.362004201446029,-0.362004201444408,-0.585208033225483,1.10184599956345,NaN,NaN,-0.216455862567879,0.925014269408677,NaN,NaN,1.40895364655553,NaN,0.903590750899457,-1.23783243866932
509.8496,1.55456546826529,-1.73483884069588,-1.2216086428845,-1.14318487138503,-1.1625443210159,-1.16254432101604,NaN,-1.36722729383948,-0.0423102754177754,-0.246944362045832,-0.764332198479835,-0.246944362044647,0.888651844053962,-1.92867124426075,NaN,NaN,NaN,-0.064649066407097,NaN,0.427626393568729,0.760541133347675,NaN,-1.19577933915131,NaN,NaN,-2.53475663776223,NaN,NaN,-1.73770629183207,0.969459654413312,0.807188457898738,0.401431552391319,NaN,NaN,-0.374104914089549,-0.550325490816441,-1.19479994490319,-0.34649088617027,-0.346490886168655,-0.619298061641467,1.13813925923281,NaN,NaN,-0.210973213916227,0.927435195407687,NaN,NaN,1.39658661901136,NaN,0.910551067985019,-1.24351655677171
509.952,1.52886440210324,-1.71772593339203,-1.21906345439391,-1.13104137826661,-1.14692148514342,-1.14692148514355,NaN,-1.35279321306759,-0.0327979875648503,-0.231261457141324,-0.76066459876169,-0.231261457140143,0.868933060483964,-1.9115282123728,NaN,NaN,NaN,-0.0857347112533247,NaN,0.422721433816243,0.765484019587961,NaN,-1.19870498252016,NaN,NaN,-2.51327672667321,NaN,NaN,-1.72109344353615,0.964095475207632,0.803823871896843,0.400344868785481,NaN,NaN,-0.347965218882318,-0.565486059486581,-1.17929291456368,-0.330535420806253,-0.330535420804641,-0.653737374207442,1.17411886275121,NaN,NaN,-0.20526106584298,0.928820208990277,NaN,NaN,1.38247043100846,NaN,0.917324173216597,-1.2489454290165
510.0544,1.50128696883188,-1.69897027184033,-1.215732222608,-1.11751949783174,-1.13057110397341,-1.13057110397354,NaN,-1.33668511296772,-0.0231392306692599,-0.21539190190397,-0.757094373543855,-0.215391901902795,0.848359344781575,-1.89305551072173,NaN,NaN,NaN,-0.107494845975466,NaN,0.418079103263648,0.769882628042857,NaN,-1.20109657233507,NaN,NaN,-2.49013231299003,NaN,NaN,-1.70345053733037,0.95781460109017,0.799662263514777,0.399039293504214,NaN,NaN,-0.322282661720495,-0.581006841867421,-1.16300893558331,-0.31411642218926,-0.314116422187651,-0.68854589397494,1.20977414474721,NaN,NaN,-0.199354383201739,0.929133820607408,NaN,NaN,1.36660698002011,NaN,0.923910128682278,-1.25411019416463
510.1568,1.47182065244319,-1.67856222945676,-1.21161173540502,-1.1025969464162,-1.11351488500687,-1.113514885007,NaN,-1.31889334511493,-0.0133385335905752,-0.199369001107738,-0.753651563931629,-0.199369001106566,0.826944243951633,-1.87325041453403,NaN,NaN,NaN,-0.129899987521546,NaN,0.413713938913882,0.773757512412182,NaN,-1.20295650100044,NaN,NaN,-2.46533417426468,NaN,NaN,-1.68476817302946,0.950573730127732,0.794669983470743,0.397499269372792,NaN,NaN,-0.297067344231734,-0.596849533528356,-1.14592336878146,-0.297212610902956,-0.297212610901351,-0.72374288014777,1.24509447188217,NaN,NaN,-0.193289099369954,0.928342296402724,NaN,NaN,1.34900273992132,NaN,0.930307701757557,-1.25900241427214
510.2592,1.4404574414724,-1.65649512246138,-1.20669914051211,-1.08625426259513,-1.09577586855224,-1.09577586855236,NaN,-1.29941168434427,-0.00340058303559479,-0.183226957658795,-0.75036561974459,-0.183226957657626,0.804703723514525,-1.85211218057382,NaN,NaN,NaN,-0.152917859002496,NaN,0.409641559533721,0.777130904260135,NaN,-1.20428777635181,NaN,NaN,-2.43889638255957,NaN,NaN,-1.66503832480092,0.942329979541361,0.788814282724908,0.395708907549795,NaN,NaN,-0.272327554087342,-0.61297290944029,-1.12801273755688,-0.279803097871051,-0.279803097869449,-0.759346567446729,1.28006899708546,NaN,NaN,-0.18710213106331,0.926413737958886,NaN,NaN,1.32966880609971,NaN,0.936514296059241,-1.26361411418008
510.3616,1.40719403688284,-1.63276541224513,-1.20099206366349,-1.06847504595376,-1.0773784928496,-1.07737849284972,NaN,-1.27823754676408,0.00666965883230841,-0.167000928644324,-0.747265275769745,-0.167000928643159,0.781656224371195,-1.82964225118989,NaN,NaN,NaN,-0.176513405363871,NaN,0.405878656410191,0.780026618006929,NaN,-1.20509410039099,NaN,NaN,-2.41083648733024,NaN,NaN,-1.64425447031174,0.933040951217213,0.782063445606519,0.393652013494051,NaN,NaN,-0.248069835741578,-0.629332802354473,-1.10925496470161,-0.261867693950447,-0.261867693948848,-0.79537379242083,1.31468640570837,NaN,NaN,-0.180831429818348,0.923318148373614,NaN,NaN,1.30862094035215,NaN,0.942525955471517,-1.26793781636594
510.464,1.37203204080891,-1.60737290589368,-1.19448874149801,-1.04924619285109,-1.05834865937598,-1.05834865937609,NaN,-1.25537220255087,0.0168668344309941,-0.150727071935351,-0.744378427647061,-0.150727071934188,0.757822708384071,-1.80584445846795,NaN,NaN,NaN,-0.200648825257312,NaN,0.402442945419038,0.782469934216642,NaN,-1.20537995037673,NaN,NaN,-2.38117568648975,NaN,NaN,-1.62241173680008,0.922664789272929,0.774386935675352,0.391312121706128,NaN,NaN,-0.224299078425807,-0.645882095922729,-1.08962960986079,-0.243387217648866,-0.24338721764727,-0.831839618627915,1.34893467573291,NaN,NaN,-0.174516027532808,0.919027513353082,NaN,NaN,1.28587962127142,NaN,0.948337454100506,-1.2719665608288
510.5664,1.33497811803116,-1.58032092887947,-1.18718813699343,-1.02855811048736,-1.03871376892307,-1.03871376892318,NaN,-1.23082096083904,0.0271850881381516,-0.134442545628502,-0.741731996815304,-0.134442545627343,0.73322668199672,-1.7807251947744,NaN,NaN,NaN,-0.225283607320601,NaN,0.399353062631333,0.784487463378324,NaN,-1.2051506442981,NaN,NaN,-2.34993895163738,NaN,NaN,-1.59950705065439,0.91116024740465,0.765755561915982,0.388672541990579,NaN,NaN,-0.201018609186928,-0.662570736122023,-1.0691180892012,-0.224343772440642,-0.22434377243905,-0.868756975827895,1.38280087892187,NaN,NaN,-0.168196061642969,0.913515914518963,NaN,NaN,1.26147010340158,NaN,0.953942447637337,-1.27569390950962
510.6688,1.29604412867859,-1.55161645130802,-1.17909001041606,-1.00640489656958,-1.01850270604213,-1.01850270604224,NaN,-1.20459330886108,0.0376179971631702,-0.118185434112419,-0.739351778244992,-0.118185434111259,0.707894188817858,-1.75429352431683,NaN,NaN,NaN,-0.250374555597912,NaN,0.396628411847295,0.786106998124002,NaN,-1.20441237851346,NaN,NaN,-2.31715508275346,NaN,NaN,-1.57553927886241,0.898486784518326,0.756141665134991,0.385716418247645,NaN,NaN,-0.178230275174046,-0.679345760503879,-1.04770386533632,-0.204720972685682,-0.204720972684095,-0.906136321943861,1.41627103756607,NaN,NaN,-0.161912807637197,0.906759668295801,NaN,NaN,1.23542248008551,NaN,0.959333620298884,-1.27911394639241
510.7712,1.25524723990338,-1.52127017129332,-1.17019494413873,-0.982784487179402,-0.99774577355626,-0.997745773556371,NaN,-1.17670300457069,0.0481585344286101,-0.101994608142239,-0.737262273205885,-0.101994608141079,0.681853771071238,-1.72656123824107,NaN,NaN,NaN,-0.275875798190514,NaN,0.394288990405339,0.787357364580313,NaN,-1.20317223862939,NaN,NaN,-2.28285669713724,NaN,NaN,-1.55050936001088,0.884604696501751,0.745519315801952,0.382426797359953,NaN,NaN,-0.155934505231875,-0.696151342296731,-1.02537260912006,-0.184504117879614,-0.184504117878036,-0.943985329687881,1.449330029485,NaN,NaN,-0.155708766003032,0.898737466509326,NaN,NaN,1.20777173748384,NaN,0.964502761459077,-1.28222129352697
510.8736,1.21261002960468,-1.48929657973665,-1.16050434637438,-0.957698789108409,-0.976474601849703,-0.976474601849811,NaN,-1.14716813823777,0.0587990442736528,-0.0859095566786499,-0.735486516550811,-0.085909556677491,0.655136409792954,-1.69754288296531,NaN,NaN,NaN,-0.30173878762771,NaN,0.392355219669819,0.788268279179676,NaN,-1.20143819558777,NaN,NaN,-2.24708018571858,NaN,NaN,-1.52442042655838,0.86947527747664,0.733864511355974,0.378786702546842,NaN,NaN,-0.134130352448556,-0.712928848826767,-1.00211234637012,-0.163680334433596,-0.163680334432024,-0.98230859444501,1.48196151927112,NaN,NaN,-0.14962781846078,0.889430505529647,NaN,NaN,1.17855778626622,NaN,0.969440755146202,-1.28501115994095
510.976,1.16816059232808,-1.45571402966689,-1.15002045987482,-0.931153812207834,-0.954722057047048,-0.954722057047155,NaN,-1.11601117974192,0.0695312134170616,-0.0699702257981138,-0.734045907743866,-0.0699702257969542,0.627775454574457,-1.66725579085158,NaN,NaN,NaN,-0.327912304277625,NaN,0.390847799430422,0.788870211301414,NaN,-1.19921909782947,NaN,NaN,-2.20986567016329,NaN,NaN,-1.49727791645004,0.853060996817236,0.721155364583434,0.374779206222046,NaN,NaN,-0.11281552530076,-0.729616916725754,-0.977913602505079,-0.142238706184036,-0.14223870618247,-1.02110735991655,1.51414790202057,NaN,NaN,-0.143715411893688,0.878822620273395,NaN,NaN,1.14782546140841,NaN,0.974137504660469,-1.28747942543465
511.0784,1.12193265077528,-1.42054481521602,-1.13874638018662,-0.903159805602676,-0.932522153202439,-0.932522153202546,NaN,-1.08325901908641,0.0803460350665662,-0.0542168716741607,-0.732960049672645,-0.0542168716729997,0.599806546422422,-1.63572011818132,NaN,NaN,NaN,-0.354342467337762,NaN,0.38978760247922,0.789194245809577,NaN,-1.19652466137828,NaN,NaN,-2.17125697150382,NaN,NaN,-1.46908966886353,0.83532568046043,0.707372281216068,0.37038750199465,NaN,NaN,-0.0919864121782381,-0.746151546779575,-0.95276954877632,-0.120170401290138,-0.120170401288576,-1.06037926558501,1.54587026843102,NaN,NaN,-0.138018703002269,0.866900453135159,NaN,NaN,1.11562448758503,NaN,0.978581804022617,-1.28962275142965
511.1808,1.07396566819202,-1.38381524569373,-1.12668606562397,-0.873731389966394,-0.90990995537301,-0.909909955373118,NaN,-1.04894299764627,0.0912337780885809,-0.0386899062262582,-0.732246594063048,-0.0386899062250965,0.571267529808799,-1.60295887144764,NaN,NaN,NaN,-0.38097275403702,NaN,0.389195626402168,0.789271934313818,NaN,-1.19336545238359,NaN,NaN,-2.13130157892374,NaN,NaN,-1.43986599750151,0.816234691909903,0.692498129062639,0.365594978406156,NaN,NaN,-0.0716380997082431,-0.762466222913366,-0.926676143473856,-0.0974687873099039,-0.0974687873083492,-1.10011812568859,1.57710841170478,NaN,NaN,-0.132586613448739,0.8536536769177,NaN,NaN,1.08200941539031,NaN,0.982761158557769,-1.29143870325693
511.2832,1.02430494538527,-1.34555568757912,-1.11384431238338,-0.842887670734351,-0.886921452304326,-0.886921452304435,NaN,-1.01309891825208,0.102183978933698,-0.0234297019366268,-0.731921087435027,-0.023429701935465,0.542198346193445,-1.56899789418452,NaN,NaN,NaN,-0.407744025180953,NaN,0.389093001809234,0.789135128429851,NaN,-1.18975285249258,NaN,NaN,-2.09005059616283,NaN,NaN,-1.40961973359739,0.795755116816417,0.676518402016213,0.360385294726615,NaN,NaN,-0.0517643844157787,-0.778492062064909,-0.899632254629823,-0.0741295169258405,-0.0741295169242926,-1.14031374609302,1.60784088831284,NaN,NaN,-0.127469784483237,0.839075272649639,NaN,NaN,1.04703953727368,NaN,0.986661591622063,-1.29292585311543
511.3856,0.973001678426235,-1.30580054800505,-1.10022667643562,-0.810652315562151,-0.86359338094877,-0.863593380948881,NaN,-0.975767016253325,0.113185469700332,-0.00847633091208196,-0.731996808853888,-0.00847633091091787,0.512640901030531,-1.53386579408706,NaN,NaN,NaN,-0.434594552047468,NaN,0.389501018699129,0.788815801058601,NaN,-1.18569899561697,NaN,NaN,-2.04755864223929,NaN,NaN,-1.37836623282857,0.773855962433072,0.65942138166857,0.354742455549151,NaN,NaN,-0.0323577772548914,-0.794157998929302,-0.871639750065697,-0.0501505673715403,-0.0501505673699983,-1.18095177971516,1.63804513036751,NaN,NaN,-0.122720461773245,0.823161846799003,NaN,NaN,1.01077878795899,NaN,0.990267504931915,-1.2940838298583
511.488,0.92011295925035,-1.26458818993906,-1.08583934355922,-0.77705358675483,-0.839962999569726,-0.839962999569838,NaN,-0.936991878175852,0.124226443670087,0.00613076298085498,-0.732484594929575,0.00613076298202031,0.482638899822593,-1.49759380870073,NaN,NaN,NaN,-0.461460045026545,NaN,0.390441118605021,0.788345868105169,NaN,-1.18121667083813,NaN,NaN,-2.0038836953846,NaN,NaN,-1.34612334709497,0.750508384064257,0.641198295410408,0.348650880043901,NaN,NaN,-0.0134094996069719,-0.809391003325163,-0.842703548493259,-0.0255322285700916,-0.0255322285685569,-1.22201362046759,1.66769760019923,NaN,NaN,-0.118392358974454,0.805913961914747,NaN,NaN,0.973295625733745,NaN,0.993561638018337,-1.29491330376995
511.5904,0.865701718299592,-1.22196079364152,-1.07068897054609,-0.742124334093569,-0.816067826178366,-0.816067826178479,NaN,-0.896822310223365,0.135294544950864,0.0203531330699154,-0.733392657730724,0.0203531330710807,0.452237656494768,-1.46021563011734,NaN,NaN,NaN,-0.488273697308383,NaN,0.391934826078906,0.787757015437236,NaN,-1.17631920107282,NaN,NaN,-1.95908689242242,NaN,NaN,-1.31291136950798,0.725685940539725,0.621843464608696,0.34209546294915,NaN,NaN,0.00509052998033984,-0.824116324535476,-0.812831638055322,-0.000277053067649428,-0.000277053066122392,-1.2634763382278,1.69677397542332,NaN,NaN,-0.114540530120722,0.787336455386958,NaN,NaN,0.934662888196501,NaN,0.996525126562063,-1.29541592158892
511.6928,0.809836621456501,-1.17796419447157,-1.05478253222908,-0.705901963931935,-0.7919453714713,-0.791945371471413,NaN,-0.855311173916967,0.146376959366793,0.0341536986451923,-0.734726408288165,0.0341536986463551,0.421483884321871,-1.42176722267893,NaN,NaN,NaN,-0.51496626229152,NaN,0.394003619144923,0.787080523106626,NaN,-1.17102031664478,NaN,NaN,-1.91323231183402,NaN,NaN,-1.27875296381642,0.699364867044812,0.601354435590555,0.335061626551427,NaN,NaN,0.0231537161567794,-0.838257757389129,-0.782035076547874,0.0256102087640975,0.025610208765615,-1.30531265430252,1.72524934786171,NaN,NaN,-0.111221251737684,0.767438728557078,NaN,NaN,0.894957621278544,NaN,0.99913763753017,-1.2955942194051
511.7952,0.752591931754301,-1.13264772268312,-1.03812720384324,-0.668428397193837,-0.767632890479966,-0.767632890480082,NaN,-0.812515207180509,0.157460487365507,0.0474970781804061,-0.73648829533753,0.0474970781815664,0.390425479608673,-1.38228666285485,NaN,NaN,NaN,-0.541466175714951,NaN,0.396668734351774,0.786347075159884,NaN,-1.16533403599702,NaN,NaN,-1.8663867621666,NaN,NaN,-1.2436730856051,0.671524349382553,0.579732090249524,0.327535364702657,NaN,NaN,0.040792809920311,-0.851737926175632,-0.750327984895234,0.0521226701865321,0.0521226701880394,-1.34749094657542,1.75309841451826,NaN,NaN,-0.108491907247289,0.74623499756099,NaN,NaN,0.854260885819768,NaN,1.00137756191666,-1.29545153598447
511.8976,0.694047335287404,-1.08606405206071,-1.02073028969984,-0.629750016821474,-0.743167158958942,-0.74316715895906,NaN,-0.768494836946291,0.168531594898372,0.0603498760429226,-0.738677660133287,0.0603498760440828,0.35911130224866,-1.34181401039691,NaN,NaN,NaN,-0.567699722719949,NaN,0.399950891500543,0.785586548564547,NaN,-1.15927455143902,NaN,NaN,-1.81861957836973,NaN,NaN,-1.20769889429291,0.642146788973684,0.556980737822685,0.31950327961511,NaN,NaN,0.058021930792826,-0.864478584435737,-0.717727535632504,0.0792513634424469,0.0792513634439443,-1.38997526848875,1.78029564417664,NaN,NaN,-0.106410875343835,0.723744509587377,NaN,NaN,0.812657546227993,NaN,1.00322224628168,-1.29499193038031
512,0.634287724749856,-1.03826904279029,-1.00259918191547,-0.589917594071111,-0.718584258867111,-0.718584258867232,NaN,-0.72331397381067,0.179576456831429,0.0726809445020185,-0.741290601283287,0.0726809445031753,0.327590949509004,-1.30039119331104,NaN,NaN,NaN,-0.593591243533582,NaN,0.40386994359021,0.784827776582337,NaN,-1.15285610889344,NaN,NaN,-1.77000241244187,NaN,NaN,-1.17085964754752,0.611218053747083,0.533108191552578,0.310952611636799,NaN,NaN,0.0748565884729123,-0.87640093155205,-0.684253927700183,0.106985302313568,0.106985302315051,-1.43272537474274,1.80681542276826,NaN,NaN,-0.105037425891549,0.699991740844928,NaN,NaN,0.770236040619162,NaN,1.00464823644123,-1.29422008632688
512.1024,0.573402936314701,-0.989321549348632,-0.983741308548972,-0.548986176897194,-0.693919341777247,-0.693919341777371,NaN,-0.677039768410459,0.190581020411584,0.0844616675064516,-0.744319841424833,0.0844616675076079,0.295914512644957,-1.25806186774001,NaN,NaN,NaN,-0.619063367568474,NaN,0.408444493924948,0.784098281212428,NaN,-1.14609286693273,NaN,NaN,-1.72060899402069,NaN,NaN,-1.13318656627926,0.578727714838601,0.508125833147046,0.301871264223236,NaN,NaN,0.0913137116966901,-0.887425948224253,-0.64993033220904,0.135311575486626,0.135311575488098,-1.47569676115884,1.83263220064075,NaN,NaN,-0.104431611194288,0.675006596632379,NaN,NaN,0.727088124030567,NaN,1.00563150330603,-1.29314117936496
512.2048,0.511487439992003,-0.939283167809091,-0.964164031956213,-0.507014925718821,-0.669206342390085,-0.669206342390213,NaN,-0.62974231052734,0.201531113053954,0.0956663068729311,-0.747754590624391,0.0956663068740839,0.264132304587467,-1.21487121626952,NaN,NaN,NaN,-0.644037263730474,NaN,0.413691528407926,0.783423977456733,NaN,-1.13899872136691,NaN,NaN,-1.67051483665575,NaN,NaN,-1.09471265977244,0.544669274392546,0.482048664359439,0.292247827696283,NaN,NaN,0.107411696614276,-0.897474751189065,-0.614782795573121,0.164215491095098,0.164215491096555,-1.51884073328391,1.85772066505472,NaN,NaN,-0.104654120614876,0.648824625893842,NaN,NaN,0.68330857270195,NaN,1.00614763045241,-1.29176069988828
512.3072,0.448639987620488,-0.888217920693022,-0.943874490698483,-0.464066894129942,-0.64447763939082,-0.644477639390952,NaN,-0.581494267579948,0.212412597987547,0.106272412935153,-0.751580409147929,0.106272412936304,0.232294554305167,-1.1708656799205,NaN,NaN,NaN,-0.668432898138261,NaN,0.419626088553574,0.78282886127921,NaN,-1.13158709282021,NaN,NaN,-1.61979688472291,NaN,NaN,-1.0554725090686,0.509040391323459,0.454895337804067,0.282071601348675,NaN,NaN,0.123170482110603,-0.906468966034279,-0.578840098851512,0.193680774102573,0.193680774104018,-1.56210451200867,1.88205593975964,NaN,NaN,-0.105766063320003,0.621487248679884,NaN,NaN,0.638994840785847,NaN,1.00617196713341,-1.29008425117234
512.4096,0.384963223843527,-0.83619190125404,-0.922879413493912,-0.420208766122789,-0.619763688442866,-0.619763688443004,NaN,-0.532370477471499,0.223211558854475,0.116261263119132,-0.755779080154387,0.116261263120279,0.200451074015402,-1.12609265389002,NaN,NaN,NaN,-0.692169300776592,NaN,0.426260993555657,0.782334686561145,NaN,-1.12387069084316,NaN,NaN,-1.56853312241583,NaN,NaN,-1.01550201800176,0.471843104542959,0.426688152313137,0.27133260762584,NaN,NaN,0.138611647098288,-0.914331117486243,-0.542133586676313,0.223689796877823,0.223689796879258,-1.60543137148172,1.90561379181212,NaN,NaN,-0.107828662385502,0.59304198468432,NaN,NaN,0.594246665175021,NaN,1.00567977635197,-1.28811734742422
512.512,0.320563261335619,-0.783272902494019,-0.901184942651724,-0.375510564511703,-0.595092659803173,-0.595092659803316,NaN,-0.482447517111109,0.233914487169673,0.125618284841805,-0.76032850515248,0.125618284842951,0.168650909157644,-1.08060018441478,NaN,NaN,NaN,-0.715164853066871,NaN,0.433606612248894,0.78196062467764,NaN,-1.11586127397738,NaN,NaN,-1.51680217504941,NaN,NaN,-0.974838143145053,0.433084040617236,0.397452999794984,0.260021592345192,NaN,NaN,0.153758515613468,-0.920985035903698,-0.504696982865513,0.254223816575178,0.254223816576604,-1.6487607988584,1.9283708230583,NaN,NaN,-0.110902868346228,0.563542665225572,NaN,NaN,0.549165618312825,NaN,1.00464641711182,-1.28586522122009
512.6144,0.255549218551534,-0.729530042961591,-0.87879648696063,-0.330045336788011,-0.570490099179878,-0.570490099180027,NaN,-0.431803260576805,0.244508456997951,0.134333440069458,-0.765202630945301,0.134333440070602,0.136941975930775,-1.03443668418019,NaN,NaN,NaN,-0.737337609030747,NaN,0.44167068181392,0.781722903834841,NaN,-1.10756941749898,NaN,NaN,-1.46468291813158,NaN,NaN,-0.933518606703776,0.392774585048882,0.367219259855142,0.248130011319843,NaN,NaN,0.168636257504213,-0.92635627485789,-0.46656620175787,0.285263204159506,0.285263204160921,-1.69202867107229,1.95030463669856,NaN,NaN,-0.115048913997781,0.533049604350975,NaN,NaN,0.50385461513857,NaN,1.00304758716351,-1.28333264062493
512.7168,0.19003272151953,-0.67503338709576,-0.855718599222548,-0.283888814097735,-0.545978610261789,-0.545978610261944,NaN,-0.380516429328985,0.254981288507534,0.142401575080919,-0.770371410623228,0.142401575082062,0.105370684758315,-0.987650658885093,NaN,NaN,NaN,-0.758605654846369,NaN,0.450458170058574,0.781634438361753,NaN,-1.09900428920067,NaN,NaN,-1.41225408745686,NaN,NaN,-0.891581591416236,0.350930998335335,0.3360196481002,0.23565001075576,NaN,NaN,0.183271981959852,-0.930372531358025,-0.427779153307783,0.31678766758896,0.316787667590365,-1.73516745213625,1.97139398279864,NaN,NaN,-0.120325832491643,0.501629702138501,NaN,NaN,0.4584173831206,NaN,1.00085961863065,-1.28052374313045
512.8192,0.124127375354953,-0.619853551155814,-0.831954859557685,-0.237119033971356,-0.521577546378859,-0.521577546379019,NaN,-0.328666130553625,0.265321712081738,0.149822754956024,-0.77580079960028,0.149822754957168,0.0739815480413044,-0.940290425155065,NaN,NaN,NaN,-0.778887505267815,NaN,0.45997116708481,0.781704466908923,NaN,-1.09017342795277,NaN,NaN,-1.35959386901269,NaN,NaN,-0.849065415502449,0.307574466385242,0.303890033875865,0.222574415062279,NaN,NaN,0.197694828823793,-0.932964059277535,-0.388375533504689,0.34877648256223,0.348776482563627,-1.77810642046194,1.99161889340793,NaN,NaN,-0.126790959235346,0.469356463015511,NaN,NaN,0.412957904255041,NaN,0.998059780353945,-1.27744189768949
512.9216,0.0579482139310158,-0.564061288384572,-0.80750774705189,-0.189815919812843,-0.497302701619096,-0.497302701619262,NaN,-0.276331381569514,0.275519542315582,0.156602603154351,-0.781452791281937,0.156602603155496,0.042816777777931,-0.89240380284632,NaN,NaN,NaN,-0.79810253346974,NaN,0.470208770169824,0.781938221009885,NaN,-1.08108252219061,NaN,NaN,-1.30677944718215,NaN,NaN,-0.806008188323783,0.262731087364831,0.270869251016258,0.208896739096182,NaN,NaN,0.211936064532203,-0.934064064929167,-0.348396592398401,0.38120874400574,0.381208744007126,-1.82077194141566,2.01096082214067,NaN,NaN,-0.13449943862996,0.436309927546609,NaN,NaN,0.367579844146104,NaN,0.994626529860402,-1.27408960019732
513.024,-0.00838885965219638,-0.507727060032157,-0.782378498267283,-0.142060817259307,-0.473166005332135,-0.473166005332307,NaN,-0.223590626986195,0.285565859419086,0.162752644961162,-0.787285496445864,0.162752644962308,0.0119158884568659,-0.844037782863548,NaN,NaN,NaN,-0.81617142659603,NaN,0.481166924567851,0.782336640080569,NaN,-1.07173519248474,NaN,NaN,-1.25388651035302,NaN,NaN,-0.76244746128404,0.216431812331294,0.236998917068971,0.194611231010724,NaN,NaN,0.226029185153052,-0.933609073391955,-0.307884876730582,0.414063641306243,0.414063641307619,-1.86308780251382,2.02940280439366,NaN,NaN,-0.14350374951849,0.402576522200766,NaN,NaN,0.322385992986384,NaN,0.990539682286767,-1.2704684027819
513.1264,-0.0747676256514925,-0.450920619472676,-0.756566979359979,-0.0939359952195741,-0.449175244575952,-0.44917524457613,NaN,-0.170521266776103,0.295453178105192,0.16829061017702,-0.793253265378688,0.168290610178168,-0.0186846717246134,-0.795238202913454,NaN,NaN,NaN,-0.833016651781643,NaN,0.492838211104744,0.782896139053523,NaN,-1.06213279080614,NaN,NaN,-1.20098875050603,NaN,NaN,-0.718419908691295,0.168712363972273,0.202323252359929,0.179712927274571,NaN,NaN,0.240010018872965,-0.931539259754494,-0.266883948776591,0.447320742091305,0.447320742092669,-1.90497561932235,2.04692964357386,NaN,NaN,-0.153853249330985,0.368248822009449,NaN,NaN,0.277477743872233,NaN,0.985780496150568,-1.26657888095122
513.2288,-0.141072076844319,-0.393710647786144,-0.730071615249082,-0.0455241263942112,-0.425333851127858,-0.425333851128042,NaN,-0.11719921777235,0.305175574929419,0.173240624534767,-0.799306853005028,0.173240624535918,-0.0489518398207986,-0.746049482661527,NaN,NaN,NaN,-0.848562917479242,NaN,0.505211600323876,0.783608433687661,NaN,-1.05227423342199,NaN,NaN,-1.14815741266217,NaN,NaN,-0.673961076102949,0.119613148847485,0.166888877525199,0.164197691031408,NaN,NaN,0.253916812901849,-0.927798746457222,-0.225438088960119,0.480960255725832,0.480960255727184,-1.94635530101877,2.06352811014282,NaN,NaN,-0.16559372917667,0.33342520859544,NaN,NaN,0.232954621658555,NaN,0.98033169415616,-1.26242064996822
513.3312,-0.207186909637982,-0.336164465366695,-0.702889399893515,0.00309223222726798,-0.401640775232105,-0.401640775232296,NaN,-0.0636985223988663,0.314728757517087,0.177633247397496,-0.80539363084454,0.177633247398648,-0.0788562004193046,-0.696514450925565,NaN,NaN,NaN,-0.862737624427471,NaN,0.518272202842729,0.784460434462289,NaN,-1.04215587823212,NaN,NaN,-1.09546092556899,NaN,NaN,-0.629105211686906,0.0691791681806719,0.130744582414189,0.148062224467358,NaN,NaN,0.267790293047741,-0.922335869861917,-0.183591997371929,0.514963254110428,0.514963254111767,-1.98714555150859,2.07918713641932,NaN,NaN,-0.178766974284202,0.298209408990914,NaN,NaN,0.188913860577304,NaN,0.974177445360033,-1.25799244114541
513.4336,-0.272997967509165,-0.278347819350029,-0.675015978544492,0.0518311384373074,-0.378090441157312,-0.378090441157509,NaN,-0.0100910042095783,0.324110079790225,0.181505364782533,-0.81145784531554,0.181505364783689,-0.108372199870823,-0.646674262756365,NaN,NaN,NaN,-0.875471307060556,NaN,0.532001044049575,0.785434216039281,NaN,-1.03177144778005,NaN,NaN,-1.04296460741078,NaN,NaN,-0.583885174862996,0.0174599307380991,0.0939410796434548,0.131304069776724,NaN,NaN,0.281673690996578,-0.915103420251924,-0.141390511230989,0.54931184447519,0.549311844476515,-2.02726438524647,2.09389800389932,NaN,NaN,-0.193410331335471,0.262709919328162,NaN,NaN,0.145450021749819,NaN,0.967303341900939,-1.25329223791805
513.536,-0.338392637991129,-0.220324731582606,-0.646445779779592,0.100611732662666,-0.35467276527513,-0.354672765275331,NaN,0.0435540408577889,0.3333185174203,0.184899976016154,-0.817440917195302,0.184899976017311,-0.137478325515716,-0.596568386719989,NaN,NaN,NaN,-0.886698064730519,NaN,0.546374886926161,0.786507054648957,NaN,-1.02111199480231,NaN,NaN,-0.990730425428876,NaN,NaN,-0.538332412679173,-0.0354906341085221,0.0565307604778231,0.113921617141764,NaN,NaN,0.295612737788035,-0.906058863678558,-0.0988783471578158,0.58398929803643,0.583989298037741,-2.06662964599851,2.10765452797979,NaN,NaN,-0.209556292634433,0.227039337409418,NaN,NaN,0.102654640162587,NaN,0.959696398347673,-1.24831745857513
513.6384,-0.40326021756305,-0.162157383540312,-0.617172174483234,0.149354677619944,-0.331373212828056,-0.331373212828261,NaN,0.0971701330208397,0.342354620066403,0.187865923352912,-0.82328178057498,0.187865923354073,-0.166157263306994,-0.546234636076567,NaN,NaN,NaN,-0.896355977656412,NaN,0.561366113989225,0.787651512516844,NaN,-1.01016590056079,NaN,NaN,-0.938816785678522,NaN,NaN,-0.492476991690389,-0.0896142783128315,0.0185674647691667,0.0959141308813331,NaN,NaN,0.309655627226975,-0.895164554633665,-0.0560998662576472,0.618980143689643,0.61898014369094,-2.10515951858967,2.1204532393436,NaN,NaN,-0.227232114203334,0.191313639975071,NaN,NaN,0.0606158887509219,NaN,0.951345074239578,-1.24306516101314
513.7408,-0.4674922629436,-0.103906009791014,-0.587187635397264,0.197982580213238,-0.308172867230885,-0.308172867231096,NaN,0.150693889232228,0.351220458979104,0.190457619358303,-0.828917262435149,0.190457619359468,-0.194396047151079,-0.495709210740239,NaN,NaN,NaN,-0.90438749909306,NaN,0.576942662813733,0.788835542889269,NaN,-0.998918885823853,NaN,NaN,-0.887278326168991,NaN,NaN,-0.446347663343741,-0.144848569355808,-0.0198937301218401,0.0772817980712711,NaN,NaN,0.323852960395109,-0.882387941622328,-0.0130988553626705,0.654270243429335,0.654270243430619,-2.14277302152597,2.13229355370054,NaN,NaN,-0.246459487029088,0.155651444689405,NaN,NaN,0.0194182477035598,NaN,0.942239295671981,-1.23753223988812
513.8432,-0.530982937827497,-0.0456287821710807,-0.556483878324592,0.246420403010193,-0.285048498162188,-0.285048498162401,NaN,0.204065297411471,0.359919587158593,0.192734811629089,-0.834282496317586,0.192734811630259,-0.222186202561763,-0.445026724029892,NaN,NaN,NaN,-0.910739818556144,NaN,0.59306800433046,0.790022598290524,NaN,-0.987354016647157,NaN,NaN,-0.836165699030182,NaN,NaN,-0.399971941133603,-0.201127055646955,-0.058796708999235,0.0580257904848246,NaN,NaN,0.338257683647194,-0.867701761571931,0.03008168089238,0.689846863695255,0.689846863696522,-2.1793904725939,2.14317791516997,NaN,NaN,-0.267254272847396,0.120173293336079,NaN,NaN,-0.0208578254940331,NaN,0.932370457704137,-1.23171559713557
513.9456,-0.593629352471313,0.0126183081640741,-0.525051993532432,0.294595861943383,-0.261972643145136,-0.261972643145354,NaN,0.257227971468342,0.368457017617637,0.194762381420449,-0.839311353817466,0.194762381421625,-0.249523868940484,-0.394220215529826,NaN,NaN,NaN,-0.915365199902554,NaN,0.609701157747923,0.79117174729899,NaN,-0.975451707054321,NaN,NaN,-0.785525358133801,NaN,NaN,-0.353376182062869,-0.258379442346771,-0.09808452764196,0.0381483149477349,NaN,NaN,0.352925022735171,-0.851084220511605,0.0733997182632374,0.725698740692865,0.725698740694115,-2.21493393005805,2.15311189593458,NaN,NaN,-0.289626300825541,0.0850009779220544,NaN,NaN,-0.0601362172502697,NaN,0.92173140886946,-1.22561228554544
514.048,-0.655331889332019,0.0707815473648045,-0.492882596904153,0.342439795311935,-0.238913733544207,-0.238913733544433,NaN,0.31012936428945,0.376839206385407,0.196610131179605,-0.843936879057844,0.196610131180787,-0.276409879360086,-0.343321176053058,NaN,NaN,NaN,-0.918221298200667,NaN,0.62679674438231,0.792237820194429,NaN,-0.963189740297332,NaN,NaN,-0.735399387268604,NaN,NaN,-0.306585677554853,-0.31653175562249,-0.137699644414507,0.0176526326277323,NaN,NaN,0.3679124008709,-0.832519161295065,0.116814395976295,0.761816126280116,0.76181612628135,-2.24932761774788,2.16210424973759,NaN,NaN,-0.313579213452099,0.0502569120666128,NaN,NaN,-0.0983454509969821,NaN,0.910316427319365,-1.21921963604632
514.1504,-0.715994506469347,0.128809556337936,-0.459966020474157,0.389886484554415,-0.215836282142783,-0.215836282143013,NaN,0.362720920344372,0.38507401638044,0.198352510196526,-0.848091719662835,0.198352510197714,-0.302849789869904,-0.292359610078541,NaN,NaN,NaN,-0.919271449037483,NaN,0.64430509049123,0.793171600016551,NaN,-0.95054333154692,NaN,NaN,-0.68582539039226,NaN,NaN,-0.259624761422465,-0.375506487046626,-0.177584162946267,-0.00345694429716375,NaN,NaN,0.383279321998909,-0.811996216566664,0.160286174286133,0.798190806288405,0.798190806289625,-2.28249833754927,2.17016694197964,NaN,NaN,-0.339110355024253,0.0160635399509084,NaN,NaN,-0.135418929648636,NaN,0.898121200286711,-1.21253538280419
514.2528,-0.775525009842746,0.186653306675773,-0.426292537795394,0.436873913277078,-0.192701125599393,-0.19270112559963,NaN,0.414958164936606,0.39317064392419,0.200068253468029,-0.85170855182791,0.200068253469224,-0.328853865344691,-0.241364141795436,NaN,NaN,NaN,-0.918484921466184,NaN,0.662172387094989,0.793920064062243,NaN,-0.937485239202696,NaN,NaN,-0.636836440212289,NaN,NaN,-0.212516937151314,-0.435222725335058,-0.217680057909573,-0.025175048621356,NaN,NaN,0.399087206293985,-0.789510941263434,0.203776957988104,0.834816094973601,0.834816094974807,-2.3143758653149,2.17731518304217,NaN,NaN,-0.366210702886534,-0.0174572271517779,NaN,NaN,-0.171295113325299,NaN,0.885142819130825,-1.20555780079622
514.3552,-0.833835292541535,0.244266105623647,-0.391852606228413,0.483343965564404,-0.169465703372384,-0.169465703372629,NaN,0.466800739871067,0.401139503970845,0.201839937447353,-0.854720497930189,0.201839937448555,-0.354437034786121,-0.190362152648946,NaN,NaN,NaN,-0.915837136130336,NaN,0.680340907896207,0.794426669880303,NaN,-0.923985916336567,NaN,NaN,-0.588461067761071,NaN,NaN,-0.165285018769885,-0.495596290366446,-0.25792936357299,-0.0474952198805275,NaN,NaN,0.415399174258959,-0.765064921309015,0.247250185910634,0.871686816091753,0.871686816092946,-2.3448933249227,2.1835674733005,NaN,NaN,-0.394864841864083,-0.0501845596495293,NaN,NaN,-0.205917636453915,NaN,0.871379792985672,-1.19828586539526
514.4576,-0.890841549501051,0.301603570594987,-0.356637102701568,0.529242579835705,-0.146084352001838,-0.146084352002089,NaN,0.518212403135832,0.40899208838111,0.203753478703935,-0.857061537022579,0.203753478705146,-0.379618828890905,-0.139379926176877,NaN,NaN,NaN,-0.911309859873737,NaN,0.698749285244526,0.794631673686256,NaN,-0.910013687617425,NaN,NaN,-0.540723269597391,NaN,NaN,-0.117951274206646,-0.556539879357181,-0.29827432311272,-0.070409823641545,NaN,NaN,0.432279785966481,-0.738665859289392,0.290670895529887,0.908799283331813,0.908799283332991,-2.37398754044402,2.18894565875299,NaN,NaN,-0.425050980787034,-0.0819992559660038,NaN,NaN,-0.239235387339352,NaN,0.856832068371287,-1.19071943350793
514.56,-0.946464477289192,0.358623616744696,-0.320637525857831,0.574519877470116,-0.122508594684097,-0.122508594684356,NaN,0.569161013832729,0.416740828890623,0.205897621401012,-0.8586669098166,0.205897621402229,-0.404423305601117,-0.0884427694655689,NaN,NaN,NaN,-0.904891385750346,NaN,0.71733284318606,0.794472473162102,NaN,-0.895534937506947,NaN,NaN,-0.493642506175226,NaN,NaN,-0.0705375606690769,-0.617963222760473,-0.338657506476734,-0.0939099358389057,NaN,NaN,0.449794752527856,-0.710327634710448,0.334005773036132,0.946151291441688,0.946151291442853,-2.40159937100186,2.19347500086539,NaN,NaN,-0.456741009989672,-0.112784288342392,NaN,NaN,-0.271202579827145,NaN,0.841501036973445,-1.18285943627438
514.6624,-1.00062945954065,0.41528646807608,-0.283846149134493,0.619130271784218,-0.0986874194414384,-0.0986874194417035,NaN,0.619618513673081,0.424398995593153,0.208363456395732,-0.859473519185992,0.208363456396955,-0.428878951752159,-0.0375750901421864,NaN,NaN,NaN,-0.896576691706619,NaN,0.736023982986056,0.793883975852577,NaN,-0.880514304092935,NaN,NaN,-0.447233677005022,NaN,NaN,-0.0230654477119818,-0.679773241446443,-0.379021902080278,-0.117985203573141,NaN,NaN,0.468010635717104,-0.680070327993681,0.37722319025261,0.983742120694911,0.983742120696062,-2.4276740296335,2.19718426195789,NaN,NaN,-0.489900599745028,-0.142425336051625,NaN,NaN,-0.301778832424926,NaN,0.825389523769023,-1.17470806790582
514.7648,-1.05326673430819,0.47155467956974,-0.24625614044518,0.663032548756415,-0.074567564346143,-0.0745675643464128,NaN,0.66956089587874,0.431980635455171,0.211243971503201,-0.859420327587468,0.211243971504427,-0.453018532998193,0.01319956328623,NaN,NaN,NaN,-0.886367560919796,NaN,0.754752614128708,0.792799000942364,NaN,-0.864914890102242,NaN,NaN,-0.401507087184495,NaN,NaN,0.0244436696970225,-0.741874203410916,-0.419310984510878,-0.142623691089463,NaN,NaN,0.486994533908727,-0.647920196148753,0.420293222739267,1.02157254313066,1.02157254313179,-2.45216137951403,2.20010579160592,NaN,NaN,-0.524489343269075,-0.170811289739234,NaN,NaN,-0.330929246195003,NaN,0.808501755052612,-1.16626895459713
514.8672,-1.10431155029336,0.527393147679126,-0.207861689415343,0.706189913293741,-0.0500938438413467,-0.050093843841623,NaN,0.718968142463756,0.439500527501217,0.214633584132701,-0.858448755462133,0.214633584133931,-0.476878868474786,0.0638584649775925,NaN,NaN,NaN,-0.874272658418888,NaN,0.773446620901697,0.791148727505446,NaN,-0.848698513963319,NaN,NaN,-0.356468440160566,NaN,NaN,0.0719684624574311,-0.804167888929394,-0.459468766132411,-0.167811719785489,NaN,NaN,0.506813736529128,-0.613909599052383,0.463187648714717,1.05964481013901,1.05964481014013,-2.47501620037191,2.2022755862576,NaN,NaN,-0.560460951318673,-0.19783472258892,NaN,NaN,-0.358624461606144,NaN,0.790843300803467,-1.15754729056246
514.9696,-1.15370433530816,0.582769098530805,-0.168658179850496,0.748570008450511,-0.0252095422497741,-0.0252095422500587,NaN,0.767824119012599,0.446974127174603,0.218627600640456,-0.856503085532995,0.218627600641687,-0.500500528328587,0.114379647817084,NaN,NaN,NaN,-0.860307574986728,NaN,0.792032349165141,0.788863207603126,NaN,-0.831826017733337,NaN,NaN,-0.312118882793816,NaN,NaN,0.119487557852417,-0.866553777336752,-0.499439849212634,-0.193533715254474,NaN,NaN,0.52753533197492,-0.578076887354159,0.505879938996747,1.09796260528656,1.09796260528767,-2.49619842621707,2.20373329444504,NaN,NaN,-0.597763501121433,-0.223392344175251,NaN,NaN,-0.384840685103219,NaN,0.772420980774129,-1.14854993439584
515.072,-1.20139090076904,0.637652059871394,-0.128642420042072,0.790144921596851,0.000143122643650329,0.000143122643357911,NaN,0.81611643020176,0.454417486850826,0.223321579354045,-0.853530874289613,0.223321579355278,-0.523927471442126,0.164741801209427,NaN,NaN,NaN,-0.844494850591065,NaN,0.810435092907363,0.78587195741849,NaN,-0.814257630223114,NaN,NaN,-0.26845510416543,NaN,NaN,0.166979429774518,-0.92892926653751,-0.539169495749192,-0.21977207674342,NaN,NaN,0.549225769598761,-0.540466265535851,0.548345250692069,1.13653095907192,1.13653095907302,-2.51567335831082,2.20452214843172,NaN,NaN,-0.636339730009612,-0.247385465058869,NaN,NaN,-0.409559694649214,NaN,0.75324272840277,-1.13928546650603
515.1744,-1.24732268163161,0.692013826719856,-0.0878129151735478,0.830891183631411,0.0260224875533912,0.0260224875530911,NaN,0.863836249546825,0.461847156262165,0.228810617071609,-0.849483366715049,0.22881061707284,-0.547206647052271,0.214924141091412,NaN,NaN,NaN,-0.826863983929033,NaN,0.828579561568088,0.782104616702872,NaN,-0.795953363174044,NaN,NaN,-0.225469473447007,NaN,NaN,0.214422298272007,-0.99118992624661,-0.578603723882732,-0.246507081797045,NaN,NaN,0.571950391399654,-0.501127638811486,0.59056042850473,1.17535613342739,1.17535613342846,-2.53341185005163,2.20468881713843,NaN,NaN,-0.676127350818597,-0.269720492889291,NaN,NaN,-0.432768837709035,NaN,0.733317419568808,-1.1297642155207
515.2768,-1.29145697990335,0.745828421398469,-0.0461701515842575,0.870789754007323,0.0524869144606515,0.0524869144603455,NaN,0.910978136867666,0.469280077467811,0.23518860538211,-0.844315905701413,0.235188605383337,-0.570387578022171,0.264906272208474,NaN,NaN,NaN,-0.807451431197907,NaN,0.846390318871341,0.77749164437068,NaN,-0.776873409519043,NaN,NaN,-0.183150204470454,NaN,NaN,0.261794053117921,-1.05322976625781,-0.617689430419006,-0.273716833240772,NaN,NaN,0.595772956097253,-0.460116446550235,0.632504006093311,1.21444548602528,1.21444548602634,-2.54939045602308,2.20428319213079,NaN,NaN,-0.71705936061182,-0.290309458828913,NaN,NaN,-0.454461019071169,NaN,0.712654688663395,-1.11999826703655
515.3792,-1.33375716794234,0.799072035898632,-0.00371687111404962,0.909825977331977,0.0795942614715128,0.0795942614712029,NaN,0.957539845365838,0.476733488464904,0.242547496952691,-0.837988324968186,0.242547496953913,-0.593521928894554,0.314668054929541,NaN,NaN,NaN,-0.786300592512839,NaN,0.863792195444802,0.771965016684466,NaN,-0.756978525330964,NaN,NaN,-0.141481549726647,NaN,NaN,0.309072210297391,-1.11494148728168,-0.656374532953312,-0.301377248469309,NaN,NaN,0.62075517388711,-0.417493480107274,0.674156195419805,1.25380731707245,1.2538073170735,-2.56359153883093,2.20335812545323,NaN,NaN,-0.759064321631885,-0.309070554150986,NaN,NaN,-0.47463465938765,NaN,0.691264760463475,-1.11000146815167
515.4816,-1.37419282222205,0.8517229411788,0.0395416678538435,0.947989499440631,0.107401351190086,0.10740135118977,NaN,1.00352211047267,0.484224840879265,0.250976595392864,-0.830465315188669,0.250976595394081,-0.616663049828048,0.364189474599108,NaN,NaN,NaN,-0.763461779431826,NaN,0.880710681960259,0.765458906136617,NaN,-0.736230398608155,NaN,NaN,-0.100444036284453,NaN,NaN,0.35623389873109,-1.17621668838587,-0.694608123528097,-0.329462083667426,NaN,NaN,0.646956258691621,-0.373324680133019,0.715498854452642,1.29345069268505,1.29345069268608,-2.57600332386312,2.20196912901701,NaN,NaN,-0.802066606761301,-0.325928654276345,NaN,NaN,-0.493293607442483,NaN,0.669158313558298,-1.0997894333523
515.584,-1.41273978334105,0.903761356264179,0.0835974356423694,0.985274138195387,0.135963427564377,0.135963427564055,NaN,1.04892841487101,0.491771731379048,0.260561862279885,-0.821716756576086,0.260561862281098,-0.639865487042154,0.413450505639262,NaN,NaN,NaN,-0.738992157860009,NaN,0.897072306220919,0.757910329963914,NaN,-0.714592018080542,NaN,NaN,-0.0600147509795283,NaN,NaN,0.403255870078022,-1.23694602353277,-0.732340629011757,-0.357942982931608,NaN,NaN,0.674432495416723,-0.327680907509207,0.756515428580631,1.33338523671528,1.3333852367163,-2.58661988598169,2.20017403098658,NaN,NaN,-0.845986610172017,-0.340815819829443,NaN,NaN,-0.51044700305243,NaN,0.646346368479805,-1.08937954582796
515.6864,-1.44938015465071,0.955169279173813,0.128439374568631,1.02167771153601,0.165333595411625,0.165333595411298,NaN,1.09376472918907,0.499391844406392,0.271385230350928,-0.811718014795017,0.271385230352134,-0.663184455989851,0.462430963846672,NaN,NaN,NaN,-0.712955666417118,NaN,0.912804994377011,0.749259766774027,NaN,-0.692028051923431,NaN,NaN,-0.0201676744527214,NaN,NaN,0.450114528791074,-1.2970193178203,-0.769523978774533,-0.386789548294075,NaN,NaN,0.703236814303006,-0.280637682495915,0.797190865983319,1.37362088399536,1.37362088399636,-2.59544105435643,2.19803257670634,NaN,NaN,-0.890740927925772,-0.353671776758019,NaN,NaN,-0.526109097645478,NaN,0.622840181607821,-1.07879094146068
515.7888,-1.48410225667376,1.00593028811249,0.174053137397811,1.05720183058029,0.195562244970572,0.195562244970239,NaN,1.1380392294001,0.507102899587814,0.283523918862695,-0.800450199089252,0.283523918863894,-0.686675280727934,0.511110344609678,NaN,NaN,NaN,-0.685422912001696,NaN,0.927838417150785,0.739451744698399,NaN,-0.668505237682901,NaN,NaN,0.0191259407260686,NaN,NaN,0.49678598291528,-1.35632566838203,-0.806111784510446,-0.415969437171102,NaN,NaN,0.733418363175869,-0.232274890121897,0.837511511186996,1.41416759111662,1.41416759111759,-2.60247223105758,2.19560596334446,NaN,NaN,-0.936242518482506,-0.364444379451114,NaN,NaN,-0.540299045011263,NaN,0.598651131901771,-1.06804446577828
515.8912,-1.51690055552668,1.05602932999969,0.220420830312329,1.09185166970695,0.226696478768713,0.226696478768373,NaN,1.18176199737217,0.514922594257616,0.297049762124988,-0.787900385137109,0.297049762126178,-0.710392815875776,0.559467655279125,NaN,NaN,NaN,-0.65647103927174,NaN,0.942104322263687,0.728435400030573,NaN,-0.643992772672669,NaN,NaN,0.0578971628743713,NaN,NaN,0.543246113233631,-1.41475355977473,-0.842059535836153,-0.445448495020478,NaN,NaN,0.765022075241053,-0.182676457706346,0.877464984455224,1.45503501159351,1.45503501159446,-2.60772413297301,2.19295631185697,NaN,NaN,-0.982400857068538,-0.373090055102643,NaN,NaN,-0.553040677225223,NaN,0.573790600151498,-1.05716260381873
515.9936,-1.5477755827798,1.10545251969522,0.267520780052676,1.12563572613886,0.25877957000115,0.258779570000807,NaN,1.22494472026094,0.522868538046191,0.312028577204915,-0.774061811315413,0.312028577206101,-0.73439087852406,0.607481260252416,NaN,NaN,NaN,-0.626183569902818,NaN,0.955536851998353,0.716164998451011,NaN,-0.618462684360232,NaN,NaN,0.0961789705090919,NaN,NaN,0.589470650745913,-1.47219101149882,-0.877324806937267,-0.475190918503915,NaN,NaN,0.798088239250648,-0.131930018576001,0.917040055231335,1.49623215394126,1.49623215394218,-2.61121248466675,2.19014610264332,NaN,NaN,-1.02912209686744,-0.37957421829635,NaN,NaN,-0.564362275199573,NaN,0.54826984831882,-1.04616939018191
516.096,-1.57673385562213,1.15418696613719,0.31532734184161,1.15856557522895,0.291850475986785,0.291850475986439,NaN,1.26760040426196,0.530958186944262,0.328519596538295,-0.758934054915555,0.328519596539472,-0.758721710557242,0.655128754170378,NaN,NaN,NaN,-0.594650213539964,NaN,0.968072843426791,0.702600410444944,NaN,-0.591890164363703,NaN,NaN,0.13400585747368,NaN,NaN,0.63543524395469,-1.52852575086474,-0.911867464155179,-0.505159435812378,NaN,NaN,0.832652081298988,-0.0801265778106761,0.956226513306056,1.53776703909571,1.53776703909661,-2.61295769735318,2.18723761110877,NaN,NaN,-1.07630924511788,-0.383871635993601,NaN,NaN,-0.574296332711659,NaN,0.522099909973871,-1.03509030884086
516.1984,-1.60378778978566,1.20222062365921,0.363810752365444,1.19065561798993,0.325943412143007,0.325943412142661,NaN,1.30974310492821,0.539208783958575,0.346574971892689,-0.742523179528759,0.346574971893857,-0.783435473072421,0.70238686541869,NaN,NaN,NaN,-0.561966654315171,NaN,0.979652111927938,0.687707537033098,NaN,-0.564253863871892,NaN,NaN,0.171413455026811,NaN,NaN,0.681115494020775,-1.58364538846884,-0.945649867258593,-0.535315495412056,NaN,NaN,0.868743366268092,-0.0273601899907472,0.99501503582703,1.5796463606111,1.57964636061196,-2.61298455435011,2.18429236658986,NaN,NaN,-1.12386235763584,-0.385966722146082,NaN,NaN,-0.582879305897542,NaN,0.495291506253707,-1.02395219561302
516.3008,-1.62895558592387,1.24954215405192,0.412937023489193,1.22192281271552,0.361087478770385,0.361087478770038,NaN,1.35138766419509,0.547637303554426,0.366239336598318,-0.724841831588707,0.366239336599473,-0.808579764577868,0.749231383787941,NaN,NaN,NaN,-0.528234313049,NaN,0.990217724000074,0.671458685268143,NaN,-0.535536155688601,NaN,NaN,0.208438160030666,NaN,NaN,0.726486942056374,-1.63743758062914,-0.978637060161397,-0.565619460516897,NaN,NaN,0.906386026027834,0.0262723501337424,1.03339704696566,1.62187514107579,1.62187514107663,-2.61132189879662,2.18137063845603,NaN,NaN,-1.17167875546737,-0.385853748305082,NaN,NaN,-0.590151338379942,NaN,0.467855002567485,-1.01278315861178
516.4032,-1.65226107248146,1.29614078556452,0.462667871196371,1.25238638490073,0.39730633056874,0.397306330568394,NaN,1.39254944514669,0.556260392588499,0.38754940969884,-0.705909266146482,0.387549409699984,-0.834199156536418,0.795637106260103,NaN,NaN,NaN,-0.493560082984938,NaN,0.999716266791235,0.653832891124509,NaN,-0.505723363557283,NaN,NaN,0.245116757079049,NaN,NaN,0.771525007898882,-1.68979018011897,-1.01079695176761,-0.596030812366727,NaN,NaN,0.945597819756686,0.080671810985227,1.07136456880322,1.66445637635216,1.66445637635297,-2.60800230182548,2.17853093820253,NaN,NaN,-1.21965327086136,-0.383536965741053,NaN,NaN,-0.596155955750153,NaN,0.439800413633815,-1.00161252341598
516.5056,-1.67373349818676,1.3420061634865,0.512960677873492,1.28206751377718,0.434617883263478,0.434617883263133,NaN,1.43324406479781,0.565094306250997,0.4105336375691,-0.685751293568316,0.410533637570229,-0.86033474403181,0.841577800091241,NaN,NaN,NaN,-0.458056035924211,NaN,1.00809811963143,0.634816181730025,NaN,-0.474805952663834,NaN,NaN,0.281486028749532,NaN,NaN,0.816204894481,-1.74059138429402,-1.04210049607718,-0.626508372185711,NaN,NaN,0.986390029617523,0.135736831160853,1.10891006304957,1.7073906649819,1.70739066498268,-2.603061685221,2.17582951816338,NaN,NaN,-1.2676785303645,-0.379030640428135,NaN,NaN,-0.600939732923653,NaN,0.411137451803426,-0.990470794588725
516.608,-1.69340727720563,1.38712819675544,0.563768491936164,1.31098899795632,0.473034059151767,0.473034059151423,NaN,1.47348713312048,0.574154846764622,0.435211886167036,-0.66440014894261,0.435211886168152,-0.887023713359771,0.887026191662068,NaN,NaN,NaN,-0.421839093883931,NaN,1.01531773116515,0.614401765745803,NaN,-0.442778674387987,NaN,NaN,0.317582360509791,NaN,NaN,0.860501476056831,-1.78972989142661,-1.07252187833188,-0.657010545423448,NaN,NaN,1.02876719161638,0.191364235444295,1.14602626416296,1.75067582968115,1.7506758296819,-2.59653888417769,2.17331985249626,NaN,NaN,-1.31564527865592,-0.372359004458854,NaN,NaN,-0.60455194840566,NaN,0.381875603823844,-0.979389617440671
516.7104,-1.71132169782645,1.43149691234919,0.615040072771512,1.33917490845767,0.512560578603965,0.512560578603621,NaN,1.51329400903649,0.58345731813645,0.461595207638827,-0.641894292319009,0.461595207639929,-0.91429893295371,0.931953997685373,NaN,NaN,NaN,-0.385030660076583,NaN,1.02133390289742,0.592590143194266,NaN,-0.409640661055506,NaN,NaN,0.353441358612729,NaN,NaN,0.904389186414814,-1.83709508081809,-1.10203870110477,-0.687495575181187,NaN,NaN,1.07272685826639,0.247449359419732,1.18270600772195,1.79430654409399,1.79430654409471,-2.58847515497984,2.17105210024121,NaN,NaN,-1.36344274079865,-0.363556131812727,NaN,NaN,-0.607044243456779,NaN,0.352024217807468,-0.968401725895505
516.8128,-1.72752060744615,1.47510233115645,0.666719990181798,1.36665024121075,0.553196805469637,0.55319680546929,NaN,1.55267958110205,0.593016508257019,0.489685702474147,-0.618278151983684,0.489685702475234,-0.942188577256602,0.976332015467716,NaN,NaN,NaN,-0.347756202004951,NaN,1.02611007541508,0.569389129432894,NaN,-0.375395467190438,NaN,NaN,0.389097501702841,NaN,NaN,0.947841922593183,-1.88257723477878,-1.13063215892242,-0.717921788044959,NaN,NaN,1.11825939204231,0.303886381679068,1.21894206192812,1.83827397831111,1.8382739783118,-2.57891364470303,2.16907255831202,NaN,NaN,-1.41095901761839,-0.352665750778404,NaN,NaN,-0.608470298663348,NaN,0.321592587498577,-0.957540868826003
516.9152,-1.74205208274995,1.51793437596183,0.718748786404309,1.39344057874486,0.594935652419701,0.594935652419354,NaN,1.59165807364645,0.602846700079972,0.51947648606903,-0.59360182265695,0.519476486070098,-0.970715792295927,1.02013027992153,NaN,NaN,NaN,-0.310144779049495,NaN,1.02961460973205,0.544813788948379,NaN,-0.34005105551346,NaN,NaN,0.424583836960962,NaN,NaN,0.990832974138805,-1.92606781291854,-1.15828719637165,-0.748247829710834,NaN,NaN,1.16534779208573,0.360568664289571,1.25472697084072,1.88256547262612,1.88256547262678,-2.56789884030861,2.16742310928599,NaN,NaN,-1.45808151084822,-0.339741000540154,NaN,NaN,-0.608885529309933,NaN,0.290590031047784,-0.946841712660918
517.0176,-1.75496808945629,1.55998281385205,0.771063200218462,1.41957176403031,0.637763544322339,0.637763544321989,NaN,1.63024287005559,0.612961700488631,0.550951748517838,-0.567920726888567,0.550951748518886,-0.999898404757211,1.06331827780376,NaN,NaN,NaN,-0.272328510319394,NaN,1.03182105281208,0.518886278892768,NaN,-0.303619735433249,NaN,NaN,0.459931714291773,NaN,NaN,1.03333497565409,-1.96745977417578,-1.1849926514394,-0.778432900483289,NaN,NaN,1.21396755324348,0.417389100955886,1.29005291372204,1.92716424226322,1.92716424226384,-2.55547600630475,2.16614066187559,NaN,NaN,-1.50469737573058,-0.324844131640419,NaN,NaN,-0.608346793061344,NaN,0.259025966363256,-0.936339718201826
517.12,-1.76632413121031,1.60123722283149,0.823596437941304,1.44506958389842,0.681660425662198,0.681660425661843,NaN,1.66844633931778,0.62337486536358,0.584086878732675,-0.541295248175557,0.584086878733702,-1.02974866847712,1.10586518980324,NaN,NaN,NaN,-0.234441990166897,NaN,1.03270837387184,0.491635613012531,NaN,-0.266118074046709,NaN,NaN,0.495170540152964,NaN,NaN,1.0753198734588,-2.00664793134336,-1.21074138083402,-0.808436994711022,NaN,NaN,1.26408655423211,0.474240470863019,1.32491157820917,1.97204911287672,1.97204911287731,-2.54169061228562,2.16525658466243,NaN,NaN,-1.55069399320671,-0.3080461498589,NaN,NaN,-0.606912104112578,NaN,0.226909985322415,-0.926070989404918
517.2224,-1.77617888217312,1.64168696612724,0.876278471105,1.46995945824769,0.726599797183967,0.726599797183612,NaN,1.70627965711867,0.634099096858668,0.618848626478258,-0.51379034797914,0.618848626479259,-1.06027304473528,1.14774012387133,NaN,NaN,NaN,-0.196621673637343,NaN,1.03226115959242,0.463097363991515,NaN,-0.227566798406533,NaN,NaN,0.530327538211831,NaN,NaN,1.1167589008712,-2.04352932560379,-1.23553034734339,-0.838221128327917,NaN,NaN,1.31566498045818,0.531015798784167,1.35929404074208,2.01719429279619,2.01719429279674,-2.52658775072178,2.16479615094993,NaN,NaN,-1.59595944529615,-0.289426405287526,NaN,NaN,-0.604640352582039,NaN,0.194251934688976,-0.916072099596544
517.3248,-1.78459379640778,1.68132116513736,0.929036353339585,1.49426613267427,0.772548782387357,0.772548782386999,NaN,1.74375262551536,0.645146795697736,0.65519529916003,-0.485475177660683,0.655195299161006,-1.09147202371785,1.18891231797254,NaN,NaN,NaN,-0.159005256130565,NaN,1.03046976136845,0.433313318947388,NaN,-0.18799068923697,NaN,NaN,0.565427522371253,NaN,NaN,1.15762256527214,-2.07800361990344,-1.25936063779319,-0.867747525032699,NaN,NaN,1.36865529746646,0.587608726599638,1.39319064864626,2.06256919602296,2.06256919602348,-2.51021154764768,2.16477802695227,NaN,NaN,-1.64038297469805,-0.269072128436927,NaN,NaN,-0.601591028710822,NaN,0.161062020794925,-0.906379910946175
517.4272,-1.79163269180406,1.7201286752695,0.981794565011291,1.51801337529049,0.819468238275816,0.819468238275454,NaN,1.78087350490573,0.656529767599823,0.693077013975148,-0.456422690283927,0.693077013976099,-1.12334000018784,1.22935131436452,NaN,NaN,NaN,-0.121731060452325,NaN,1.02733039395981,0.402331092114975,NaN,-0.14741844974808,NaN,NaN,0.600492700861366,NaN,NaN,1.19788065772137,-2.10997351812456,-1.28223738755407,-0.896979736339848,NaN,NaN,1.42300229083625,0.643913902105058,1.42659090287228,2.10813833037466,2.10813833037515,-2.49260457175245,2.16521383476597,NaN,NaN,-1.68385541762423,-0.247077915824936,NaN,NaN,-0.597823951873599,NaN,0.127350951666107,-0.897031400074959
517.5296,-1.79736131210519,1.75809807517178,1.03447539837342,1.54122368188832,0.867312924287345,0.867312924286982,NaN,1.81764887364044,0.668259099280079,0.732436030662037,-0.426709250393331,0.732436030662963,-1.15586521418763,1.26902711973784,NaN,NaN,NaN,-0.0849374392452884,NaN,1.02284519059624,0.370203685669703,NaN,-0.105882534429245,NaN,NaN,0.63554252758675,NaN,NaN,1.23750229708734,-2.13934521720392,-1.30416960716911,-0.925882687662808,NaN,NaN,1.47864318053832,0.699827385265804,1.45948334408603,2.15386125920329,2.15386125920374,-2.47380725005893,2.16610781468944,NaN,NaN,-1.72626961061944,-0.22354516620469,NaN,NaN,-0.593399011062324,NaN,0.0931301109829545,-0.888063485473334
517.632,-1.80184686806832,1.79521767597272,1.08699939237926,1.56391799258939,0.916031737262676,0.91603173726231,NaN,1.85408352477762,0.680345023705092,0.773207176941017,-0.396414231197108,0.773207176941921,-1.18902976498099,1.30791036448726,NaN,NaN,NaN,-0.0487622028814977,NaN,1.01702221985068,0.336988986619804,NaN,-0.063418934106082,NaN,NaN,0.670593606412403,NaN,NaN,1.27645601576118,-2.16602889343432,-1.32516991919024,-0.954422653835564,NaN,NaN,1.53550780967432,0.755247064627211,1.491855445113,2.19969263925913,2.19969263925954,-2.45385729801284,2.1674566053118,NaN,NaN,-1.76752077799033,-0.198581464965805,NaN,NaN,-0.588375925893823,NaN,0.0584117455105983,-0.879512841807457
517.7344,-1.80515755094641,1.83147555261536,1.13928582658503,1.5861154199695,0.965568018802507,0.965568018802134,NaN,1.89018040068137,0.692796791523384,0.815318370210341,-0.365619583104083,0.815318370211228,-1.22280970417893,1.34597247497098,NaN,NaN,NaN,-0.0133420773944611,NaN,1.00987546362148,0.302749201112041,NaN,-0.0200669220401886,NaN,NaN,0.705659650351253,NaN,NaN,1.31470989089927,-2.18993921529389,-1.34525421123871,-0.982567165797631,NaN,NaN,1.59351890257795,0.810073075239026,1.52369351212901,2.24558233593404,2.24558233593443,-2.43278917395732,2.16924915343977,NaN,NaN,-1.80750690822191,-0.172299913027483,NaN,NaN,-0.582814027339138,NaN,0.0232091544031075,-0.8714156914697
517.8368,-1.80736201281302,1.86685960073286,1.19125328442591,1.60783299008433,1.0158599401593,1.01585994015892,NaN,1.925940560356,0.705622564324163,0.858691242236625,-0.334409366719349,0.858691242237491,-1.25717520685644,1.38318587573137,NaN,NaN,NaN,0.0211878137682704,NaN,1.00142475220779,0.267550240847227,NaN,0.024131230268631,NaN,NaN,0.740751500264203,NaN,NaN,1.35223172433281,-2.21099586612641,-1.36444120916018,-1.0102848498867,NaN,NaN,1.6525923850279,0.864208214466086,1.55498259708044,2.29147561775091,2.29147561775126,-2.41063357515527,2.17146675647531,NaN,NaN,-1.84612912763876,-0.144818400125325,NaN,NaN,-0.576772051080283,NaN,-0.0124631199438955,-0.86380757225046
517.9392,-1.80852882053684,1.90135761831879,1.24282027848442,1.62908539970413,1.06684095504793,1.06684095504755,NaN,1.96136316786896,0.718829337303974,0.903241861245638,-0.302869263250614,0.903241861246487,-1.2920908037811,1.41952422627214,NaN,NaN,NaN,0.0546944547407724,NaN,0.991695656689752,0.231461083546825,NaN,0.0691305528163253,NaN,NaN,0.775877199716534,NaN,NaN,1.38898926551175,-2.2291240532584,-1.38275198367721,-1.03754521239182,NaN,NaN,1.71263775253427,0.917558353909893,1.58570642145773,2.33731342342477,2.3373134234251,-2.38741699477279,2.17408322180834,NaN,NaN,-1.88329207039879,-0.116258836672201,NaN,NaN,-0.570307942726957,NaN,-0.0485890953096482,-0.856723088289575
518.0416,-1.80872589957902,1.93495739372739,1.29390589474871,1.64988478821357,1.11844028289005,1.11844028288967,NaN,1.99644547839515,0.732422880674884,0.948881508151513,-0.271086086625032,0.948881508152343,-1.32751564011191,1.45496266791008,NaN,NaN,NaN,0.0870474391910317,NaN,0.980719342685591,0.194553140454112,NaN,0.114883667377342,NaN,NaN,0.811042100683966,NaN,NaN,1.42495045516046,-2.24425497913966,-1.40020941710242,-1.06431839574897,NaN,NaN,1.77355846095745,0.970032839804761,1.61584730590345,2.38303267572756,2.38303267572786,-2.36316135248519,2.17706510683531,NaN,NaN,-1.91890422804302,-0.0867463806501443,NaN,NaN,-0.563478677630938,NaN,-0.0851511423496245,-0.850195662155673
518.144,-1.80801998129811,1.96764676846439,1.34443039519023,1.67024051593869,1.17058337211954,1.17058337211914,NaN,2.03118279433942,0.746407676560799,0.995517439469262,-0.239147317309389,0.995517439470075,-1.36340372427441,1.48947803872203,NaN,NaN,NaN,0.118119480953571,NaN,0.968532382756692,0.156899668618767,NaN,0.161341042872783,NaN,NaN,0.846248961530847,NaN,NaN,1.46008365890751,-2.25632625828507,-1.41683766150981,-1.09057493737721,NaN,NaN,1.83525231355718,1.02154487016053,1.64538609688469,2.42856660622252,2.42856660622279,-2.33788369941213,2.180371995418,NaN,NaN,-1.95287825466474,-0.0564087016149625,NaN,NaN,-0.556340090089749,NaN,-0.122129764736637,-0.844257308409839
518.2464,-1.80647606069914,1.999413652238,1.39431573792393,1.69015894187015,1.22319231179587,1.22319231179547,NaN,2.06556837845949,0.760786831753158,1.04305358528199,-0.207140669501197,1.04305358528279,-1.39970415032215,1.52304902645225,NaN,NaN,NaN,0.147786946715123,NaN,0.955176510983856,0.118575253695647,NaN,0.208451207640744,NaN,NaN,0.881498009409219,NaN,NaN,1.49435787016547,-2.26528227976346,-1.43266161575873,-1.11628555671999,NaN,NaN,1.89761183603445,1.07201184198629,1.674302086296,2.47384506500021,2.47384506500046,-2.3115959849148,2.18395677095834,NaN,NaN,-1.98513121047117,-0.0253753030326192,NaN,NaN,-0.548946698779619,NaN,-0.159503373127964,-0.838938439646664
518.3488,-1.80415687282463,2.0302459892141,1.44348600582315,1.70964320484296,1.27618618661089,1.27618618661048,NaN,2.09959333019432,0.775561960205588,1.09139116527237,-0.175153698552369,1.09139116527313,-1.43636129779293,1.55565625453869,NaN,NaN,NaN,0.175930420264877,NaN,0.94069830003403,0.0796553729965098,NaN,0.256160927131071,NaN,NaN,0.916786961083882,NaN,NaN,1.52774288256949,-2.27107452953695,-1.44770644125147,-1.14142098721042,NaN,NaN,1.96052464885796,1.12135566892071,1.70257293090346,2.51879480669654,2.51879480669676,-2.28430486942628,2.18776585309902,NaN,NaN,-2.0155847393361,0.00622309861868041,NaN,NaN,-0.541351517822316,NaN,-0.197248068136499,-0.834267704760838
518.4512,-1.80112240430522,2.06013169187813,1.49186775347089,1.72869302526768,1.32948138483885,1.32948138483843,NaN,2.13324644139176,0.790733043030145,1.1404292354256,-0.143273450843813,1.14042923542634,-1.47331502166176,1.58728231414731,NaN,NaN,NaN,0.202435296261778,NaN,0.92514875224266,0.0402160363954212,NaN,0.304415357143974,NaN,NaN,0.952111013451812,NaN,NaN,1.5602094498585,-2.27366188755898,-1.4619971269578,-1.16595186075051,NaN,NaN,2.02387385402945,1.16950306959727,1.7301745879469,2.56333975935022,2.56333975935042,-2.25601158368528,2.19173938400528,NaN,NaN,-2.0441651870164,0.0382551459594783,NaN,NaN,-0.53360585762008,NaN,-0.235337451184922,-0.83027184968725
518.5536,-1.79742946081464,2.08905856743388,1.53939029146457,1.74730454867979,1.38299187796781,1.38299187796739,NaN,2.1665140525644,0.806298281590406,1.1900651948993,-0.111586155608345,1.19006519490001,-1.51050084997028,1.61791176081967,NaN,NaN,NaN,0.227192388927485,NaN,0.908582803873816,0.00033349208047346,NaN,0.353158180928755,NaN,NaN,0.987462824477822,NaN,NaN,1.59172945484878,-2.27301090011787,-1.47555810689592,-1.18984864495296,NaN,NaN,2.08753845794948,1.21638582248877,1.75708128385438,2.60740129829489,2.60740129829506,-2.22671185755656,2.19581138323584,NaN,NaN,-2.07080366932632,0.0705893700988835,NaN,NaN,-0.52575913999757,NaN,-0.273742478841712,-0.826975585134582
518.656,-1.79313130687041,2.11701426009625,1.5859859286371,1.76547024543516,1.43662949688279,1.43662949688237,NaN,2.19937993322717,0.822253956915881,1.2401952773868,-0.0801769590819728,1.24019527738749,-1.54785021172562,1.64753109028885,NaN,NaN,NaN,0.250098542749692,NaN,0.891058739311499,-0.039916019413441,NaN,0.402331743374986,NaN,NaN,1.02283250449179,NaN,NaN,1.62227609644619,-2.26909601175022,-1.488412933306,-1.21308163355646,NaN,NaN,2.15139385137561,1.2619409810701,1.78326552620768,2.6508985541621,2.65089855416225,-2.19639594740817,2.19990991108055,NaN,NaN,-2.09543609467905,0.103094683672979,NaN,NaN,-0.517858758212244,NaN,-0.31243136855494,-0.824401450710986
518.7584,-1.78827738768858,2.14398622139852,1.63159018178634,1.78317887006362,1.4903042213569,1.49030422135647,NaN,2.23182520259017,0.838594298453983,1.29071502568042,-0.0491296955709651,1.29071502568108,-1.58529071441865,1.67612869688787,NaN,NaN,NaN,0.271057251104802,NaN,0.872637512117613,-0.0804564717579414,NaN,0.451877197190038,NaN,NaN,1.0582076271799,NaN,NaN,1.65182408298973,-2.26189973165096,-1.50058401050418,-1.23562099557289,NaN,NaN,2.21531235432493,1.30611104456818,1.80869816167992,2.69374877206023,2.69374877206037,-2.16504877713418,2.20395727366196,NaN,NaN,-2.11800314286538,0.13564084565506,NaN,NaN,-0.509949991304672,NaN,-0.351369554368128,-0.822569678651946
518.8608,-1.78291313660224,2.16996170513082,1.67614194453205,1.80041547518237,1.54392447821865,1.54392447821822,NaN,2.26382829022544,0.855311356067492,1.34151972468275,-0.0185266770387987,1.34151972468338,-1.62274647473818,1.70369480633472,NaN,NaN,NaN,0.289979299793131,NaN,0.853381980314376,-0.121212218548231,NaN,0.501734665001589,NaN,NaN,1.09357325607473,NaN,NaN,1.68034980829481,-2.25141271082846,-1.51209239126737,-1.25743688947407,NaN,NaN,2.27916381424706,1.34884408109527,1.8333484775439,2.73586771570044,2.73586771570055,-2.13265018748786,2.20787027909307,NaN,NaN,-2.13845020477411,0.168098904993064,NaN,NaN,-0.502075954247436,NaN,-0.390519683736852,-0.821498072066419
518.9632,-1.77707986127257,2.19492777063312,1.71958359667478,1.81716146829146,1.59739742561781,1.59739742561738,NaN,2.29536492178462,0.872394867024179,1.39250476157921,0.0115515207396224,1.3925047615798,-1.66013848442199,1.73022136964127,NaN,NaN,NaN,0.306783434385719,NaN,0.833356084728904,-0.162108115577683,NaN,0.551843405280123,NaN,NaN,1.12891197085603,NaN,NaN,1.70783148935221,-2.23763372517457,-1.52295763203509,-1.27849963855219,NaN,NaN,2.34281622801097,1.39009380256242,1.85718433844503,2.77717008852949,2.77717008852958,-2.09917526857391,2.21156052964533,NaN,NaN,-2.15672729369081,0.20034162567234,NaN,NaN,-0.494277557106375,NaN,-0.429841642373824,-0.82120191418607
519.0656,-1.77081469025929,2.21887127452784,1.76186104057145,1.8333946946284,1.65062919956906,1.65062919956863,NaN,2.32640811145771,0.889832112388357,1.44356588611379,0.041026286221783,1.44356588611435,-1.69738498179033,1.75570190884876,NaN,NaN,NaN,0.321397021755272,NaN,0.812624022086236,-0.203069602916815,NaN,0.602141962289003,NaN,NaN,1.16420387451045,NaN,NaN,1.73424925098153,-2.22056958589749,-1.533197695114,-1.2987799418251,NaN,NaN,2.40613634581152,1.42981959626165,1.88017234256687,2.81756993392685,2.81756993392692,-2.06459473811746,2.21493472942281,NaN,NaN,-2.17278894577193,0.232243890626609,NaN,NaN,-0.486593455353395,NaN,-0.469292588322771,-0.821693919070627
519.168,-1.76415055907719,2.24177883857511,1.80292366487412,1.84908952947228,1.70352511168202,1.70352511168159,NaN,2.35692814946844,0.907607760875991,1.49459935550996,0.0698212084748685,1.49459935551049,-1.73440180696142,1.78013131494529,NaN,NaN,NaN,0.33375666962018,NaN,0.791249463076839,-0.244022750859287,NaN,0.652568285267847,NaN,NaN,1.199426572716,NaN,NaN,1.75958514680635,-2.2002350112821,-1.54282887769997,-1.31824907828982,NaN,NaN,2.46899021858868,1.46798652355751,1.90227797801054,2.85698098548799,2.85698098548804,-2.02887533377526,2.21789500165495,NaN,NaN,-2.18659412641037,0.263683079233576,NaN,NaN,-0.479059983298293,NaN,-0.50882697318716,-0.822984228448232
519.2704,-1.75711622392727,2.26363679438644,1.84272424758431,1.86421697104593,1.75598980232599,1.75598980232556,NaN,2.38689258387631,0.925703703264463,1.54550197365601,0.0978623043169816,1.5455019736565,-1.77110273410693,1.80350560854683,NaN,NaN,NaN,0.343808782750756,NaN,0.769294835182175,-0.284894272173087,NaN,0.703059813807934,NaN,NaN,1.23455513317627,NaN,NaN,1.78382311567635,-2.17665249079361,-1.55186574872515,-1.33687907094495,NaN,NaN,2.53124367470938,1.50456529648299,1.92346576575606,2.89531696038223,2.89531696038226,-1.99198020813729,2.22033922155656,NaN,NaN,-2.19810614825567,0.294539414981705,NaN,NaN,-0.471711071828503,NaN,-0.548396539250059,-0.825080452569489
519.3728,-1.74973630420168,2.28443111938427,1.88121881936713,1.87874473575602,1.8079273670713,1.80792736707087,NaN,2.41626620786688,0.944098888419624,1.59617106654541,0.125078221670075,1.59617106654586,-1.8073997865672,1.82582168433388,NaN,NaN,NaN,0.351510047819627,NaN,0.746820664774222,-0.325611512525382,NaN,0.753553538244602,NaN,NaN,1.26956204533722,NaN,NaN,1.80694889218218,-2.14985216149831,-1.5603210844776,-1.35464280098329,NaN,NaN,2.59276274012799,1.53953223629807,1.94369938688005,2.93249181000027,2.93249181000027,-1.95386933433645,2.22216137236469,NaN,NaN,-2.20729259907733,0.324696285241488,NaN,NaN,-0.464578164408666,NaN,-0.587950300730844,-0.827987740529597
519.4752,-1.74203136191307,2.30414738818848,1.91836651654762,1.89263736669124,1.85924148379747,1.85924148379705,NaN,2.44501107000589,0.962769178826941,1.6465044512847,0.151400420030863,1.64650445128512,-1.84320354808212,1.84707706961412,NaN,NaN,NaN,0.35682784164098,NaN,0.723884976348962,-0.366102444555353,NaN,0.80398605140079,NaN,NaN,1.30441720647879,NaN,NaN,1.82894990602152,-2.1198717009983,-1.56820580326156,-1.371514079782,NaN,NaN,2.653414028512,1.57286921042871,1.9629418034144,2.96841995444085,2.96841995444082,-1.91449994129465,2.22325193799292,NaN,NaN,-2.21412528061287,0.354040538833639,NaN,NaN,-0.457690152687815,NaN,-0.62743452753652,-0.831708859206735
519.5776,-1.73401802178846,2.32277075879861,1.95412944991238,1.90585637148464,1.90983556215852,1.9098355621581,NaN,2.47308651637253,0.981687242760405,1.69640043968429,0.176763342307764,1.69640043968468,-1.87842347904849,1.86726972518637,NaN,NaN,NaN,0.359740554209947,NaN,0.700542759678233,-0.406295689253882,NaN,0.854293605600115,NaN,NaN,1.33908795040546,NaN,NaN,1.84981520257135,-2.0867562284999,-1.57552890822283,-1.38746769576802,NaN,NaN,2.71306512024376,1.60456354391416,1.98115538917231,3.00301652456907,3.00301652456901,-1.87382700344115,2.22349835311229,NaN,NaN,-2.21858016269709,0.382462764560183,NaN,NaN,-0.451073345033013,NaN,-0.666792743613003,-0.836244270071717
519.68,-1.72570912531816,2.34028599154047,1.98847259236901,1.91836040043016,1.95961291346541,1.95961291346499,NaN,2.50044925382798,1.00082249050616,1.74575788396965,0.201104595287005,1.74575788397001,-1.91296822943401,1.88639789650326,NaN,NaN,NaN,0.360237813499014,NaN,0.676845508939614,-0.446120571751226,NaN,0.90441217773662,NaN,NaN,1.37353910895536,NaN,NaN,1.86953539832772,-2.05055820177839,-1.58229745575996,-1.40247946050831,NaN,NaN,2.77158493410499,1.63460790831275,1.99830208266795,3.03619761600719,3.0361976160071,-1.83180380544689,2.22278552244481,NaN,NaN,-2.22063734950532,0.409857546942942,NaN,NaN,-0.444751464811253,NaN,-0.705965741689818,-0.841592202730169
519.7824,-1.71711390787172,2.35667747880482,2.02136366192191,1.93010546157165,2.00847691616872,2.0084769161683,NaN,2.52705341100638,1.02014104730293,1.79447624274688,0.224365147238622,1.79447624274721,-1.94674592638691,1.90445999714198,NaN,NaN,NaN,0.358320601882469,NaN,0.652840816220634,-0.485507201350636,NaN,0.954277534363624,NaN,NaN,1.40773307570567,NaN,NaN,1.88810266163006,-2.01133730385542,-1.58851656563642,-1.41652627743136,NaN,NaN,2.82884408489858,1.66300019845735,2.01434356078413,3.06788053740217,3.06788053740205,-1.78838258230418,2.22099639887509,NaN,NaN,-2.22028104586301,0.436123690902067,NaN,NaN,-0.438745665102175,NaN,-0.744891618871088,-0.847748719213845
519.8848,-1.70823819161495,2.37192926162924,2.05277297008496,1.94104516050505,2.05633114883737,2.05633114883696,NaN,2.55285058039538,1.03960574707627,1.84245563094628,0.246489534075971,1.84245563094658,-1.97966441915045,1.9214544945442,NaN,NaN,NaN,0.354001265851173,NaN,0.62857200470588,-0.524386557946917,NaN,1.00382528348865,NaN,NaN,1.44162984237444,NaN,NaN,1.90551069129148,-1.96916032806585,-1.59418947907614,-1.42958624472119,NaN,NaN,2.88471521684724,1.68974340842032,2.0292414219517,3.09798402817109,3.09798402817094,-1.74351521102526,2.21801259689274,NaN,NaN,-2.21749951736019,0.461164408293927,NaN,NaN,-0.43307454731558,NaN,-0.783505845362987,-0.854707758591614
519.9872,-1.69908458833085,2.38602502081889,2.08267322236522,1.95113095417008,2.10307947839732,2.10307947839691,NaN,2.57778984278709,1.05917613863836,1.88959682612019,0.267426054685881,1.88959682612046,-2.01163148020688,1.93737977744837,NaN,NaN,NaN,0.347303426672232,NaN,0.604077825334151,-0.562690578068187,NaN,1.05299090227201,NaN,NaN,1.47518699288707,NaN,NaN,1.92175466474416,-1.92410107903885,-1.59931766466428,-1.4416387908308,NaN,NaN,2.93907330504039,1.71484550988586,2.04295736780801,3.12642843060425,3.12642843060408,-1.69715392152516,2.21371502247985,NaN,NaN,-2.21228504989869,0.484887465379241,NaN,NaN,-0.427754176140347,NaN,-0.821741370044684,-0.862461158498678
520.0896,-1.68965270605359,2.39894804303125,2.11103927705028,1.96031241254602,2.14862611164859,2.14862611164819,NaN,2.6018177858261,1.07880850983443,1.93580122983532,0.287126944629552,1.93580122983557,-2.04255497354897,1.95223400429358,NaN,NaN,NaN,0.338261797445129,NaN,0.579392260825859,-0.600352254612875,NaN,1.10170974092155,NaN,NaN,1.50835965613843,NaN,NaN,1.93683114592191,-1.87624029669523,-1.60390096886637,-1.45266483507588,NaN,NaN,2.99179592357833,1.73831932716846,2.05545337801451,3.15313581669961,3.15313581669942,-1.64925200506756,2.20798451344196,NaN,NaN,-2.20463391558875,0.507205301222134,NaN,NaN,-0.42279808681075,NaN,-0.859528751665862,-0.870998658854893
520.192,-1.67993936160209,2.41068117354383,2.13784787826732,1.9685374869818,2.1928756323431,2.19287563234271,NaN,2.6248785298237,1.09845593963793,1.98097080866129,0.30554853952923,1.98097080866153,-2.07234300562984,1.96601494761762,NaN,NaN,NaN,0.326921916067379,NaN,0.554544449443661,-0.637305768826429,NaN,1.14991701666356,NaN,NaN,1.54110043602671,NaN,NaN,1.95073796683313,-1.82566559103219,-1.60793780041434,-1.46264696388402,NaN,NaN,3.04276348687167,1.76018240089985,2.06669188067071,3.17803008323915,3.17803008323894,-1.59976451660481,2.20070249651129,NaN,NaN,-2.19454634894919,0.528035138009141,NaN,NaN,-0.418217286574101,NaN,-0.896796306872848,-0.880307893829668
520.2944,-1.66993881323374,2.42120678074106,2.16307738847477,1.97575278852331,2.23573305792318,2.23573305792279,NaN,2.64691378005549,1.11806838915607,2.02500806132268,0.322651456337304,2.0250080613229,-2.10090408086024,1.97871986080504,NaN,NaN,NaN,0.313339809923579,NaN,0.529558705156304,-0.673486663434712,NaN,1.19754782099223,NaN,NaN,1.57335935510372,NaN,NaN,1.96347411309299,-1.77247136305022,-1.61142532925532,-1.47156961035359,NaN,NaN,3.09185947919216,1.780456831716,2.07663592694558,3.20103703909159,3.20103703909135,-1.54864897524956,2.19175167439404,NaN,NaN,-2.18202654052243,0.547299108988336,NaN,NaN,-0.414020264017275,NaN,-0.933470277598441,-0.890374368323146
520.3968,-1.65964302872347,2.43050676536058,2.18670755676586,1.9819038796081,2.27710395783996,2.27710395783957,NaN,2.66786293339216,1.13759284947198,2.06781607569856,0.338400820607003,2.06781607569877,-2.12814728757169,1.99034540107612,NaN,NaN,NaN,0.297581601611219,NaN,0.50445461246883,-0.708832064543257,NaN,1.2445371658766,NaN,NaN,1.60508385375324,NaN,NaN,1.97503964779036,-1.71675868384844,-1.61435968311388,-1.47941922668091,NaN,NaN,3.13897069440497,1.79916909314512,2.08524937705718,3.22208451297188,3.22208451297164,-1.49586605984646,2.18101675243938,NaN,NaN,-2.16708265680011,0.564924429942774,NaN,NaN,-0.410213028374647,NaN,-0.969475020677666,-0.901181399797413
520.4992,-1.64904199139882,2.43856263491583,2.20871935181527,1.9869355787764,2.31689466067501,2.31689466067463,NaN,2.68766326064338,1.15697356696164,2.10929872751731,0.352766552620344,2.10929872751752,-2.15398252614322,2.00088763395294,NaN,NaN,NaN,0.279723049316066,NaN,0.479247189520404,-0.743280961784097,NaN,1.29082008601336,NaN,NaN,1.63621886624064,NaN,NaN,1.98543569367205,-1.6586351127169,-1.61673614069266,-1.48618445165628,NaN,NaN,3.18398750482631,1.81634980651547,2.09249709793933,3.24110249859642,3.24110249859617,-1.44138028828244,2.16838519941011,NaN,NaN,-2.14972688713985,0.580843632661581,NaN,NaN,-0.406799194345094,NaN,-1.00473321716097,-0.912710001826792
520.6016,-1.63812403577934,2.4453556358803,2.22909485581388,1.99079227729466,2.35501253898319,2.3550125389828,NaN,2.70625016369481,1.17615235347158,2.14936102359898,0.365723703136628,2.14936102359918,-2.178320765677,2.01034211799769,NaN,NaN,NaN,0.259849003947831,NaN,0.453947109457154,-0.776774543933743,NaN,1.33633179653305,NaN,NaN,1.66670696015468,NaN,NaN,1.99466446795458,-1.59821446020039,-1.61854933531252,-1.49185628467366,NaN,NaN,3.22680416256649,1.83203348129608,2.09834516950846,3.25802333133041,3.25802333133016,-1.38516067001446,2.15374801583066,NaN,NaN,-2.12997550584501,0.594994853831906,NaN,NaN,-0.403780111078117,NaN,-1.0391661082175,-0.924938700075779
520.704,-1.62687620642023,2.45086691984767,2.2478171889672,1.99341826789452,2.39136633411501,2.39136633411461,NaN,2.72355749102238,1.19506896856224,2.18790954405035,0.37725281484475,2.18790954405055,-2.20107430812683,2.01870404578354,NaN,NaN,NaN,0.238052766171927,NaN,0.428560951769556,-0.80925656612069,NaN,1.38100789293573,NaN,NaN,1.69648851035935,NaN,NaN,2.00272934634111,-1.53561652184177,-1.6197934794656,-1.4964282671464,NaN,NaN,3.26731912054825,1.84625823094766,2.10276109714677,3.27278187570499,3.27278187570474,-1.32718132225804,2.13700047327743,NaN,NaN,-2.1078489308179,0.607322144060211,NaN,NaN,-0.401155021876378,NaN,-1.07269378303373,-0.937843290349974
520.8064,-1.61528463595118,2.45507772437498,2.26487043879715,1.99475808357779,2.42586649092544,2.42586649092503,NaN,2.73951789727102,1.21366155117952,2.22485292746898,0.387340286070633,2.22485292746917,-2.2221570528022,2.02596841446508,NaN,NaN,NaN,0.214435343242472,NaN,0.403091454441451,-0.840673713917515,NaN,1.42478457768249,NaN,NaN,1.72550189100427,NaN,NaN,2.00963493059501,-1.47096679969014,-1.62046260468713,-1.49989665423724,NaN,NaN,3.30543535654221,1.85906547152617,2.10571402752091,3.28531570705733,3.28531570705707,-1.26742203781301,2.11804280438586,NaN,NaN,-2.08337176465078,0.617775759224763,NaN,NaN,-0.398921239566288,NaN,-1.10523553581532,-0.951396560979903
520.9088,-1.60333493499879,2.45796956342307,2.28023959319079,1.99475684258448,2.45842549515032,2.45842549514992,NaN,2.75406323861095,1.2318670816977,2.26010236592123,0.395978716226774,2.26010236592141,-2.24148476835185,2.032130213509,NaN,NaN,NaN,0.189104634165376,NaN,0.377537767830842,-0.870975938949315,NaN,1.46759889786348,NaN,NaN,1.75368368984222,NaN,NaN,2.01538710677559,-1.40439621123073,-1.62055079924476,-1.5022605551265,NaN,NaN,3.34106068992351,1.87049960613025,2.10717496348462,3.29556528790929,3.29556528790904,-1.20586879825102,2.09678085619163,NaN,NaN,-2.05657281993182,0.626312418839968,NaN,NaN,-0.397074329330359,NaN,-1.13671027036661,-0.965568010237625
521.0112,-1.59101259122444,2.45952443895675,2.29391049737659,1.99336060054776,2.48895822283865,2.48895822283824,NaN,2.76712499841813,1.24962186295824,2.29357210632792,0.40316721043601,2.29357210632811,-2.25897538733512,2.03718463565372,NaN,NaN,NaN,0.162174596183408,NaN,0.351895735165392,-0.900116758903804,NaN,1.50938898276923,NaN,NaN,1.78096896671587,NaN,NaN,2.01999310224466,-1.33604078440941,-1.62005242257452,-1.5035220261937,NaN,NaN,3.37410809027357,1.88060769810696,2.10711697634249,3.30347415942044,3.3034741594202,-1.14251424123992,2.07312673992972,NaN,NaN,-2.02748514652212,0.632895536039553,NaN,NaN,-0.395608303547927,NaN,-1.16703690565777,-0.980323590322873
521.1136,-1.57830338176287,2.45972509319959,2.30586986064391,1.99051671605198,2.51738231724529,2.51738231724486,NaN,2.77863474153351,1.26686201413382,2.32517997140554,0.408911625991828,2.32517997140573,-2.27454934059228,2.04112732568365,NaN,NaN,NaN,0.133764444281965,NaN,0.326158210668883,-0.928053522345284,NaN,1.55009428266621,NaN,NaN,1.80729158392334,NaN,NaN,2.02346155832175,-1.26604134459268,-1.6189622811726,-1.50368611102432,NaN,NaN,3.40449598457472,1.88943913719797,2.1055154180983,3.30898917308865,3.30898917308842,-1.07735809796554,2.04699950240845,NaN,NaN,-1.996146078484,0.637495428531795,NaN,NaN,-0.39451584196347,NaN,-1.19613474773594,-0.995625499426157
521.216,-1.56519379562859,2.45855530658942,2.31610532365274,1.98617423080559,2.54361859950815,2.54361859950771,NaN,2.78852459362065,1.28352397023945,2.35484790111313,0.413224757319081,2.35484790111332,-2.28812993655768,2.04395467033823,NaN,NaN,NaN,0.103997907629908,NaN,0.300315399920802,-0.954747633103032,NaN,1.5896558143918,NaN,NaN,1.83258461759834,NaN,NaN,2.02580262240602,-1.19454319966407,-1.61727576636736,-1.50276083402017,NaN,NaN,3.43214856665676,1.89704530477561,2.10234813492628,3.3120607694759,3.31206076947567,-1.01040760551059,2.01832581710141,NaN,NaN,-1.96259730305111,0.640089513925411,NaN,NaN,-0.393788541313286,NaN,-1.22392381966964,-1.01143203172678
521.3184,-1.55167144894751,2.45600021985753,2.3246055691299,1.9802842524804,2.56759149833605,2.56759149833561,NaN,2.79672772888595,1.29954496977052,2.38250248248349,0.416126464395263,2.38250248248368,-2.29964377145183,2.04566410932817,NaN,NaN,NaN,0.073002537022025,NaN,0.274355202174788,-0.98016472474454,NaN,1.62801640671158,NaN,NaN,1.85678082591129,NaN,NaN,2.02702804639066,-1.12169582402936,-1.61498896596353,-1.50075716278361,NaN,NaN,3.45699609763448,1.90347924434619,2.0975956755903,3.31264328605324,3.31264328605303,-0.941677883316786,1.98704067181845,NaN,NaN,-1.92688493921839,0.64066248217919,NaN,NaN,-0.393417174248746,NaN,-1.25032515205001,-1.02769749065405
521.4208,-1.53772547159965,2.45204664526831,2.33136044223972,1.9728003196722,2.58922947159814,2.58922947159769,NaN,2.80317883865782,1.31486350330322,2.40807541980767,0.41764374823401,2.40807541980787,-2.30902114932918,2.04625443434112,NaN,NaN,NaN,0.0409090413164233,NaN,0.248263544901936,-1.00427478111513,NaN,1.66512093060617,NaN,NaN,1.87981313154369,NaN,NaN,2.02715127443618,-1.0476525385892,-1.6120987604106,-1.49768895249266,NaN,NaN,3.47897517690696,1.90879533880951,2.0912414828125,3.31069526651857,3.31069526651838,-0.871192258885268,1.95308802729678,NaN,NaN,-1.8890596080295,0.639206429580886,NaN,NaN,-0.39339192339844,NaN,-1.27526102888414,-1.04437217181893
521.5232,-1.52334685080254,2.44668334259425,2.33636105662966,1.96367873512699,2.60846540154152,2.60846540154106,NaN,2.80781456285845,1.32941970229454,2.43150391427228,0.41781077215994,2.4315039142725,-2.31619649931579,2.04572605126071,NaN,NaN,NaN,0.00785062824242361,NaN,0.222024703994187,-1.0270522054757,NaN,1.70091651009565,NaN,NaN,1.90161508684914,NaN,NaN,2.02618751025346,-0.972570185342656,-1.60860291148191,-1.49357287901505,NaN,NaN,3.4980289724043,1.91304899212342,2.08327205966093,3.30617975219083,3.30617975219065,-0.79898253132796,1.91642142568087,NaN,NaN,-1.84917648011923,0.635720938607733,NaN,NaN,-0.393702571832311,NaN,-1.29865518267703,-1.06140242009438
521.6256,-1.50852873262229,2.43990125864085,2.33959988343741,1.9528788710016,2.62523696197252,2.62523696197207,NaN,2.81057388879784,1.34315566618195,2.4527309494059,0.416668822653183,2.45273094940612,-2.32110878809508,2.04408119930367,NaN,NaN,NaN,-0.0260376658224948,NaN,0.195621596968532,-1.04847583899303,NaN,1.73535271999643,NaN,NaN,1.9221213146228,NaN,NaN,2.02415376464259,-0.896608801373446,-1.60450015417342,-1.48842836284402,NaN,NaN,3.51410741445472,1.9162963136783,2.0736771151871,3.29906455156681,3.29906455156665,-0.725089163884348,1.87700452671455,NaN,NaN,-1.80729529650896,0.630213096355366,NaN,NaN,-0.39433866119919,NaN,-1.32043295058265,-1.07873075331292
521.728,-1.49326669509266,2.43169374581868,2.34107083436078,1.94036346099191,2.63948696532039,2.63948696531994,NaN,2.81139853434903,1.35601574467297,2.47170550676521,0.414266202842258,2.47170550676543,-2.32370192856389,2.04132413712589,NaN,NaN,NaN,-0.0606196599578436,NaN,0.169036037259126,-1.0685289263223,NaN,1.76838177665167,NaN,NaN,1.94126793433426,NaN,NaN,2.02106889435008,-0.819931299708876,-1.59979030308763,-1.48227748740501,NaN,NaN,3.52716736695071,1.91859380422547,2.06244970023651,3.28932249569016,3.28932249569003,-0.649561403536864,1.83481155127565,NaN,NaN,-1.76348036675759,0.622697455633635,NaN,NaN,-0.395289645107655,NaN,-1.34052141474789,-1.09629603079234
521.8304,-1.47755900751173,2.42205677876269,2.34076935442241,1.92609889121151,2.65116370179433,2.65116370179387,NaN,2.81023333097166,1.36794680328714,2.48838276333522,0.41065805615972,2.48838276333544,-2.32392518385526,2.03746131745604,NaN,NaN,NaN,-0.095758721240313,NaN,0.142248947692135,-1.08719902979493,NaN,1.79995872607548,NaN,NaN,1.95899299157876,NaN,NaN,2.0169536472899,-0.742703154579376,-1.59447437749483,-1.47514492048296,NaN,NaN,3.53717279533083,1.9199980419539,2.04958633963077,3.2769316932507,3.2769316932506,-0.572457340545206,1.78982762907479,NaN,NaN,-1.71780054612708,0.613195951380537,NaN,NaN,-0.396545060526949,NaN,-1.35884953549227,-1.11403364386626
521.9328,-1.4614068865673,2.41098918233808,2.33869253501552,1.91005549345893,2.66022128121252,2.66022128121205,NaN,2.80702661527564,1.37889849260798,2.50272431663824,0.405906120505594,2.50272431663847,-2.32173356631354,2.03250156984753,NaN,NaN,NaN,-0.131318453067448,NaN,0.115240535774816,-1.1044778955937,NaN,1.83004163460387,NaN,NaN,1.97523690874506,NaN,NaN,2.01183072219424,-0.665092072791266,-1.58855473935384,-1.46705784679663,NaN,NaN,3.54409495045824,1.92056536923556,2.03508716095462,3.26187579889231,3.26187579889223,-0.493843929563741,1.74204906679875,NaN,NaN,-1.67032918657605,0.601737784622938,NaN,NaN,-0.398094722964341,NaN,-1.37534826621266,-1.13187571828267
522.0352,-1.44481475320505,2.3984928695156,2.33483924132744,1.89220783521571,2.66661997413254,2.66661997413208,NaN,2.80173062746517,1.38882351662654,2.5146984360284,0.400078417594892,2.51469843602863,-2.31708822981663,2.02645629030236,NaN,NaN,NaN,-0.167163364193286,NaN,0.0879904298464729,-1.12036126851164,NaN,1.85859178213025,NaN,NaN,1.98994296066384,NaN,NaN,2.00572483789573,-0.58726762561298,-1.58203523224932,-1.45804591030726,NaN,NaN,3.5479125706729,1.92035158246558,2.01895601721231,3.24414429420822,3.24414429420817,-0.413796983507014,1.69148355503505,NaN,NaN,-1.62114405045623,0.58835927346619,NaN,NaN,-0.399928931989052,NaN,-1.38995063449594,-1.14975133384646
522.1376,-1.42779047856966,2.3845730700776,2.32921023579187,1.87253498914479,2.670326534151,2.67032653415055,NaN,2.79430190476514,1.39767787915496,2.52428030018491,0.393248895351637,2.52428030018515,-2.30995684812321,2.01933961655048,NaN,NaN,NaN,-0.203159512241587,NaN,0.0604777742671393,-1.13484864670654,NaN,1.88557385032644,NaN,NaN,2.00305776128286,NaN,NaN,1.99866279793215,-0.509400818244526,-1.57492130328565,-1.4481411511526,NaN,NaN,3.54861208220633,1.91941162876547,2.00120059477762,3.22373276215595,3.22373276215594,-0.332401128844106,1.63815032434562,NaN,NaN,-1.57032717117253,0.573103658849799,NaN,NaN,-0.402038662311047,NaN,-1.40259177952259,-1.16758677689869
522.24,-1.41034559274756,2.36923852634332,2.32180828532681,1.85102075818544,2.67131448519509,2.67131448519463,NaN,2.78470165522267,1.40542109184887,2.53145218719425,0.385497048195714,2.5314521871945,-2.30031396880064,2.01116856779635,NaN,NaN,NaN,-0.239175127168989,NaN,0.0326812874156658,-1.1479429741613,NaN,1.9109560986999,NaN,NaN,2.01453174542259,NaN,NaN,1.9906735349677,-0.431663583173066,-1.56722008311958,-1.43737791169121,NaN,NaN,3.54618777226273,1.91779931596129,1.98183249134338,3.20064313170083,3.20064313170085,-0.249749697007658,1.58208025736503,NaN,NaN,-1.5179646480036,0.556020857906467,NaN,NaN,-0.404415715954117,NaN,-1.41320894084312,-1.18530584087374
522.3424,-1.39249543354857,2.35250164314011,2.31263825374032,1.82765383929589,2.66956437104245,2.66956437104199,NaN,2.77289609960021,1.41201633760693,2.53620360878519,0.376907523812193,2.53620360878545,-2.2881413357864,2.0019631405391,NaN,NaN,NaN,-0.275081223946734,NaN,0.00457929716156948,-1.1596502833907,NaN,1.93471052693727,NaN,NaN,2.02431963938878,NaN,NaN,1.98178812786516,-0.354228197756193,-1.5589404025805,-1.42579268903273,NaN,NaN,3.54064191967033,1.91556704253726,1.96086724913158,3.17488388251666,3.17488388251671,-0.165944528859326,1.52331596002067,NaN,NaN,-1.46414637371705,0.53716716975626,NaN,NaN,-0.407052820890001,NaN,-1.42174139699429,-1.20283018173205
522.4448,-1.37425923013346,2.33437859626253,2.30170719053769,1.80242792743308,2.66506397578306,2.66506397578259,NaN,2.75885677457972,1.41743059373471,2.53853139904439,0.367569699590639,2.53853139904466,-2.27342817861198,1.99174636759611,NaN,NaN,NaN,-0.310752209999663,NaN,-0.0238502189607219,-1.1699793168697,NaN,1.95681302649904,NaN,NaN,2.03238092469226,NaN,NaN,1.97203979783293,-0.277266638456676,-1.55009274207406,-1.41342392807944,NaN,NaN,3.53198488323072,1.9127655518103,1.93832433798674,3.14647021663045,3.14647021663054,-0.0810956784975119,1.46191178676899,NaN,NaN,-1.40896570491221,0.516604942652444,NaN,NaN,-0.409943679425071,NaN,-1.42813035896584,-1.22007972687414
522.5472,-1.35566012879079,2.31488941586895,2.28902443453236,1.77534177853439,2.65780853017921,2.65780853017874,NaN,2.74256080116185,1.42163473173633,2.53843978119388,0.357577200467378,2.53843978119416,-2.25617146801089,1.98054436072296,NaN,NaN,NaN,-0.346066488069518,NaN,-0.0526295616461787,-1.17894116165448,NaN,1.97724353176283,NaN,NaN,2.038680306452,NaN,NaN,1.9614638967857,-0.200949888416875,-1.54068912912102,-1.40031176680753,NaN,NaN,3.5202351600879,1.90944371525044,1.91422709471885,3.11542421270495,3.11542421270506,0.00467898634816029,1.39793381112438,NaN,NaN,-1.35251908971246,0.494402210930055,NaN,NaN,-0.413082985794611,NaN,-1.43231883299154,-1.23697312987466
522.6496,-1.33672517032772,2.29405805950195,2.27460174599063,1.74639925178993,2.64780091411785,2.64780091411737,NaN,2.72399112707693,1.42460360834689,2.53594042992817,0.347027335025145,2.53594042992846,-2.23637613519572,1.96838635365054,NaN,NaN,NaN,-0.380907052911099,NaN,-0.081781197961719,-1.18654891573427,NaN,1.99598618440907,NaN,NaN,2.04318819250343,NaN,NaN,1.95009789173452,-0.125447212291591,-1.53074300588363,-1.38649775170981,NaN,NaN,3.50541942631137,1.90564835258098,1.88860263074692,3.08177497195068,3.08177497195082,0.0912542796686523,1.33145973252964,NaN,NaN,-1.29490566479261,0.470632308712521,NaN,NaN,-0.416466429559512,NaN,-1.43425147138624,-1.25342825888412
522.752,-1.3174852279312,2.27191247333898,2.2584534570632,1.7156093369607,2.63505184507078,2.63505184507029,NaN,2.70313674039057,1.42631614113701,2.53105251263512,0.336020441490127,2.53105251263542,-2.21405524454774,1.9553047381766,NaN,NaN,NaN,-0.415162077957792,NaN,-0.111327620676716,-1.19281737976395,NaN,2.01302950852518,NaN,NaN,2.04588116682374,NaN,NaN,1.93798133266364,-0.0509254056352035,-1.52026908127001,-1.37202453421974,NaN,NaN,3.48757255468733,1.90142409501698,1.86148171619669,3.04555874568449,3.04555874568467,0.178498280415591,1.26257870251609,NaN,NaN,-1.23622682838966,0.445373464541039,NaN,NaN,-0.420090682121961,NaN,-1.43387442600176,-1.269362706724
522.8544,-1.29797491153617,2.24848462404361,2.2405966080694,1.68298615866498,2.61958002321469,2.61958002321419,NaN,2.67999283702803,1.4267553478401,2.52380266429736,0.324659155617656,2.52380266429767,-2.18923010203094,1.94133506548152,NaN,NaN,NaN,-0.448725481588957,NaN,-0.141291188291414,-1.19776276390042,NaN,2.02836656964483,NaN,NaN,2.04674242023883,NaN,NaN,1.92515578699749,0.0224519773942128,-1.50928317302883,-1.35693554985036,NaN,NaN,3.46673758677009,1.89681329271106,1.83289864201333,3.00681901986444,3.00681901986464,0.266273001271578,1.19139104759326,NaN,NaN,-1.17658579523886,0.418708382590393,NaN,NaN,-0.423953352889978,NaN,-1.43113521312004,-1.28469431347449
522.9568,-1.27823243768349,2.22381048191302,2.22105104111239,1.64854895064553,2.60141220613188,2.60141220613137,NaN,2.65456092858102,1.42590833765863,2.51422486022072,0.313047629472466,2.51422486022104,-2.16193028693512,1.92651598949999,NaN,NaN,NaN,-0.481497453962719,NaN,-0.171693943384965,-1.2014024147731,NaN,2.04199508884145,NaN,NaN,2.04576210396552,NaN,NaN,1.91166473497247,0.0945254072793129,-1.49780204682655,-1.34127468488337,NaN,NaN,3.44296564219297,1.89185596193336,1.80289106289944,2.96560653672813,2.96560653672835,0.354435130332093,1.1180078843735,NaN,NaN,-1.11608714482298,0.390723822116196,NaN,NaN,-0.428052911076658,NaN,-1.42598259798986,-1.29934169259089
523.0592,-1.25829945863929,2.19792994795075,2.19983944548944,1.61232200409468,2.5805832050814,2.58058320508088,NaN,2.62684889432939,1.42376626256232,2.50236018666608,0.301290731090143,2.50236018666641,-2.13219361185353,1.91088915174331,NaN,NaN,NaN,-0.513384923942912,NaN,-0.202557403112989,-1.20375457503546,NaN,2.05391750420246,NaN,NaN,2.0429375955162,NaN,NaN,1.89755343491357,0.165140149785901,-1.48584326706686,-1.3250859473654,NaN,NaN,3.41631577498308,1.8865897641758,1.77149983101195,2.92197925237067,2.92197925237091,0.442836809658042,1.04255065330126,NaN,NaN,-1.05483637920587,0.361510187209358,NaN,NaN,-0.432388582179947,NaN,-1.41836651115106,-1.31322474923315
523.1616,-1.23822084780828,2.17088673265285,2.1769873695014,1.57433460315904,2.55713581277482,2.55713581277429,NaN,2.59687099267857,1.42032425034215,2.48825654335151,0.289493240450937,2.48825654335185,-2.10006602771689,1.89449902843961,NaN,NaN,NaN,-0.544301955165895,NaN,-0.233902322134752,-1.2048381809304,NaN,2.06414098982649,NaN,NaN,2.03827369225616,NaN,NaN,1.88286877571515,0.234146994767803,-1.47342507182904,-1.30841316209108,NaN,NaN,3.38685480313341,1.88105000885379,1.7387688327766,2.87600224258453,2.87600224258479,0.531326403608433,0.965150610951244,NaN,NaN,-0.992939506008914,0.331161129748719,NaN,NaN,-0.436960228154291,NaN,-1.40823801080792,-1.3262651790696
523.264,-1.21804444731128,2.14272820398928,2.15252321995247,1.53462096359913,2.53112067996556,2.53112067996502,NaN,2.5646478451345,1.41558134226619,2.47196832240716,0.277759047485327,2.47196832240752,-2.06560148721519,1.87739276789225,NaN,NaN,NaN,-0.574170068945091,NaN,-0.265748436359028,-1.20467269419224,NaN,2.07267744193731,NaN,NaN,2.03178275627003,NaN,NaN,1.86765912921791,0.301402922791217,-1.46056627190108,-1.29129969989648,NaN,NaN,3.35465712753727,1.87526967250307,1.70474483780276,2.82774756898055,2.82774756898083,0.619749219882918,0.885948308080073,NaN,NaN,-0.93050265741392,0.299773158005325,NaN,NaN,-0.441768213965874,NaN,-1.39554929962261,-1.33838694173792
523.3664,-1.19782078862067,2.11350522020268,2.12647826318795,1.49322018671785,2.50259615249603,2.50259615249548,NaN,2.53020639766589,1.40954044542774,2.45355608562637,0.26619036762788,2.45355608562674,-2.02886176747096,1.85962003107896,NaN,NaN,NaN,-0.60291849093312,NaN,-0.298114197998206,-1.20327796025144,NaN,2.07954342881874,NaN,NaN,2.02348481795577,NaN,NaN,1.85197419767089,0.366771710555658,-1.44728616691797,-1.27378824259262,NaN,NaN,3.31980453481245,1.86927942921238,1.66947736557767,2.77729410953489,2.7772941095352,0.707948169285746,0.805093054536851,NaN,NaN,-0.867631750751831,0.26744524058434,NaN,NaN,-0.446813263108106,NaN,-1.38025379226358,-1.34951671392463
523.4688,-1.17760279434638,2.08327195111498,2.09888662588054,1.4501762302722,2.47162806634934,2.47162806634879,NaN,2.49357985743561,1.40220829080577,2.43308622381922,0.254887000324341,2.4330862238196,-1.98991624372318,1.84123282057451,NaN,NaN,NaN,-0.630484317734177,NaN,-0.331016508191058,-1.20067408538709,NaN,2.08476009056972,NaN,NaN,2.0134076199289,NaN,NaN,1.83586483827283,0.430124495868911,-1.43360447504995,-1.25592058224348,NaN,NaN,3.28238596720569,1.86310768915699,1.63301857209627,2.72472735010075,2.72472735010109,0.795764375203008,0.722742352866228,NaN,NaN,-0.80443219192299,0.234278400559661,NaN,NaN,-0.452096305827266,NaN,-1.36230622269444,-1.35958433213556
523.5712,-1.1574454646527,2.05208568183925,2.06978528306277,1.40553788607123,2.43828948990199,2.43828948990143,NaN,2.45480760152247,1.3935953790602,2.41063056578527,0.243945642452491,2.41063056578568,-1.94884160732219,1.8222852691216,NaN,NaN,NaN,-0.656812605953983,NaN,-0.364470449979012,-1.19688132887583,NaN,2.088352978282,NaN,NaN,2.00158657481295,NaN,NaN,1.81938285308593,0.491340322688157,-1.41954128021962,-1.23773745633982,NaN,NaN,3.24249724652551,1.85678064463731,1.59542315137526,2.67013912916466,2.67013912916503,0.883037755583818,0.639061282255535,NaN,NaN,-0.741008618653796,0.200375301057939,NaN,NaN,-0.457618319147727,NaN,-1.34166278269904,-1.36852322782621
523.6736,-1.13740555133087,2.02000659428544,2.03921402359622,1.35935874858137,2.40266040838908,2.40266040838852,NaN,2.4139350574809,1.38371590366877,2.38626592004044,0.233459250247755,2.38626592004085,-1.90572152883931,1.80283337272459,NaN,NaN,NaN,-0.681856390796757,NaN,-0.398489024113395,-1.19192001020273,NaN,2.09035183593847,NaN,NaN,1.98806462720687,NaN,NaN,1.80258074615369,0.550306666443752,-1.40511700427599,-1.21927842405272,NaN,NaN,3.20024074623948,1.85032232612455,1.55674823981435,2.61362732784007,2.61362732784046,0.96960759585877,0.554221824398599,NaN,NaN,-0.677464677466533,0.165839826149749,NaN,NaN,-0.463380155367352,NaN,-1.31828128979555,-1.37627084660653
523.776,-1.1175412212858,1.98709752739005,2.00721539288393,1.31169716317034,2.36482735525354,2.36482735525296,NaN,2.37101355860797,1.3725876554163,2.36007355785971,0.223516445812436,2.36007355786013,-1.86064626965391,1.78293467536478,NaN,NaN,NaN,-0.705576638378445,NaN,-0.433082887844404,-1.18581043629236,NaN,2.09079033623368,NaN,NaN,1.97289202941817,NaN,NaN,1.78551145315679,0.606919921384785,-1.39035240624786,-1.20058178558143,NaN,NaN,3.15572500871873,1.84375467201471,1.51705331173011,2.55529549991863,2.55529549991906,1.05531312221779,0.468402128990774,NaN,NaN,-0.613902830146375,0.130776661257262,NaN,NaN,-0.469382360071389,NaN,-1.29212138929182,-1.3827690400859
523.8784,-1.0979117036384,1.95342371600494,1.9738346180442,1.26261615122156,2.32488299618252,2.32488299618193,NaN,2.32610017756214,1.36023192277098,2.3321386624172,0.214200973507919,2.33213866241763,-1.81371224255213,1.76264792226276,NaN,NaN,NaN,-0.727942132745626,NaN,-0.468260092858959,-1.17857285558574,NaN,2.08970578000554,NaN,NaN,1.95612604454927,NaN,NaN,1.768228048203,0.661085829623881,-1.37526860526858,-1.18168454227194,NaN,NaN,3.10906430922819,1.83709761206336,1.47640006113263,2.49525244112078,2.49525244112123,1.13999407526018,0.381785720052685,NaN,NaN,-0.550424189235806,0.0952908756811318,NaN,NaN,-0.475624983989889,NaN,-1.26314479903303,-1.38796442306742
523.9808,-1.07857690888349,1.91905250416177,1.9391195196094,1.21218331666816,2.28292566787151,2.28292566787092,NaN,2.2792575417682,1.34667340492227,2.30254977216362,0.205591207999537,2.30254977216404,-1.76502152303388,1.74203269581169,NaN,NaN,NaN,-0.748929301394362,NaN,-0.504025819176068,-1.17022744084433,NaN,2.08713876677508,NaN,NaN,1.93783058639303,NaN,NaN,1.75078343720529,0.712719837476995,-1.35988712642116,-1.16262239932292,NaN,NaN,3.06037817737483,1.83036915880295,1.43485227155946,2.4336117020684,2.43361170206889,1.22349127487078,0.294560649838169,NaN,NaN,-0.487128381268307,0.0594875037595778,NaN,NaN,-0.482107392958302,NaN,-1.23131560312168,-1.39180869336326
524.0832,-1.05959701385202,1.88405302987268,1.90312041114942,1.16047074196359,2.23905887450929,2.23905887450869,NaN,2.2305536341445,1.33194014914996,2.27139824148664,0.197759707404029,2.27139824148707,-1.71468132003132,1.72114904298306,NaN,NaN,NaN,-0.768521988179426,NaN,-0.540382107951841,-1.16079429697975,NaN,2.08313284436589,NaN,NaN,1.91807580567399,NaN,NaN,1.73323005272856,0.761747369854833,-1.34422997164969,-1.14342981647629,NaN,NaN,3.00979089321716,1.82358550041459,1.39247567864765,2.37049105517996,2.37049105518047,1.30564716423229,0.206918612779738,NaN,NaN,-0.424113433943913,0.0234711162029068,NaN,NaN,-0.488828080995043,NaN,-1.19660059635916,-1.39425891128785
524.1856,-1.04103202087021,1.84849588826071,1.86588998948966,1.1075548784738,2.19339075284935,2.19339075284875,NaN,2.18006158340964,1.31606351353812,2.23877773159346,0.19077280582782,2.2387777315939,-1.66280342067745,1.70005710136348,NaN,NaN,NaN,-0.786711183909988,NaN,-0.577327602466926,-1.15029349066006,NaN,2.0777341466197,NaN,NaN,1.89693763560393,NaN,NaN,1.71561956270674,0.808104024479552,-1.3283197127594,-1.12414010419954,NaN,NaN,2.95743097318766,1.81676109305257,1.34933782913491,2.30601192927713,2.30601192927767,1.38630632563881,0.119054033118695,NaN,NaN,-0.361475684635193,-0.0126546223814855,NaN,NaN,-0.495784494214829,NaN,-1.15896967742593,-1.39527773335301
524.288,-1.02294131553506,1.8124527919438,1.82748322200747,1.05351642930005,2.14603352593806,2.14603352593745,NaN,2.12785944666659,1.29907813873967,2.20478372698048,0.184690254736812,2.20478372698092,-1.60950362472341,1.67881673043049,NaN,NaN,NaN,-0.803494719842306,NaN,-0.614857307673854,-1.13874510372748,NaN,2.07099102778756,NaN,NaN,1.87449730855255,NaN,NaN,1.69800259359077,0.851735703691342,-1.31217959328262,-1.10478554968867,NaN,NaN,2.90343064872783,1.80990875310088,1.30550793885703,2.24029882539292,2.2402988253935,1.46531597033727,0.0311631337067877,NaN,NaN,-0.299309711177792,-0.0487874044677964,NaN,NaN,-0.502972877190184,NaN,-1.11839628143822,-1.39483359936502
524.3904,-1.00538325362866,1.7759962506235,1.78795723651325,0.99844021907293,2.09710296731028,2.09710296730967,NaN,2.07402998160004,1.28102189631605,2.16951305398886,0.179564942362227,2.16951305398931,-1.55490118124734,1.65748714930798,NaN,NaN,NaN,-0.818876919588942,NaN,-0.652962376079143,-1.12616931646224,NaN,2.06295369776894,NaN,NaN,1.85084084787114,NaN,NaN,1.68042845601734,0.89259870359653,-1.29583361783435,-1.08539755034592,NaN,NaN,2.84792532523593,1.80303974691881,1.26105675326074,2.17347872304924,2.17347872304984,1.54252641433678,-0.0565570142200431,NaN,NaN,-0.23770828763646,-0.0848267310993492,NaN,NaN,-0.510388154605542,NaN,-1.0748578344334,-1.39290088272701
524.4928,-0.988414796743717,1.73919928067361,1.74737121224138,0.942415045833154,2.04671788788332,2.04671788788271,NaN,2.01866040188009,1.26193578347296,2.13306337667412,0.175442719682232,2.13306337667457,-1.4991182343203,1.63612657511361,NaN,NaN,NaN,-0.832868200423054,NaN,-0.691629928548701,-1.11258652200214,NaN,2.05367385632758,NaN,NaN,1.82605853232002,NaN,NaN,1.66294486134664,0.930659763128192,-1.27930660902145,-1.06600673650798,NaN,NaN,2.79105300559705,1.79616387394012,1.21605641277041,2.10568048042378,2.10568048042442,1.61779155469183,-0.143909460121363,NaN,NaN,-0.176762365288919,-0.120674359603962,NaN,NaN,-0.518023855885236,NaN,-1.02833621452924,-1.38946001468341
524.5952,-0.972091196066002,1.70213513971578,1.70578626481052,0.885533509799997,1.99499964345499,1.99499964345437,NaN,1.96184211094892,1.24186375523955,2.09553266470893,0.172362332534116,2.09553266470938,-1.44227927823231,1.61479185695398,NaN,NaN,NaN,-0.845484625369769,NaN,-0.730842921259051,-1.09801746238683,NaN,2.04320432488283,NaN,NaN,1.8002443331718,NaN,NaN,1.64559763139185,0.965896059524344,-1.26262422442223,-1.04664307445422,NaN,NaN,2.73295367589769,1.78928954260762,1.17058031999342,2.03703423003509,2.03703423003575,1.69096935560987,-0.230698353857709,NaN,NaN,-0.116561075355432,-0.156234742952185,NaN,NaN,-0.52587208247485,NaN,-0.978818216376677,-1.38449758116897
524.6976,-0.956465710502205,1.66487707428715,1.66326531966812,0.8278918136996,1.94207165345225,1.94207165345162,NaN,1.90367041393383,1.22085250559228,2.05701864869945,0.17035543060439,2.05701864869991,-1.38451062244494,1.5935381114902,NaN,NaN,NaN,-0.85674742454422,NaN,-0.770580065037111,-1.08248337471956,NaN,2.03159868281603,NaN,NaN,1.77349533408854,NaN,NaN,1.62843041696526,0.998295135442385,-1.24581293891975,-1.02733594534885,NaN,NaN,2.67376866806468,1.78242384148814,1.12470300275246,1.96767077647802,1.96767077647872,1.76192234663383,-0.31672992036781,NaN,NaN,-0.0571917499550406,-0.191415451191681,NaN,NaN,-0.53392351248597,NaN,-0.926296025024326,-1.37800638168214
524.8,-0.941589346276647,1.62749807515418,1.61987297751618,0.76958953345461,1.8880589275259,1.88805892752527,NaN,1.84424421422477,1.19895121794053,2.0176182890565,0.169446622365476,2.01761828905697,-1.32593987085762,1.57241837852203,NaN,NaN,NaN,-0.866682507602936,NaN,-0.810815793824087,-1.0660061464722,NaN,2.01891092293784,NaN,NaN,1.74591115300038,NaN,NaN,1.61148444212079,1.02785474944293,-1.22889999948956,-1.00811419481202,NaN,NaN,2.61364002081805,1.77557260583238,1.07849997082981,1.89772100851605,1.89772100851678,1.83051812728077,-0.401813411674116,NaN,NaN,0.00126004110694732,-0.226127566568091,NaN,NaN,-0.542167436156181,NaN,-0.870767704709268,-1.36998544321223
524.9024,-0.927510612567491,1.59007064542078,1.57567538455203,0.710729363533638,1.83308760889786,1.83308760889722,NaN,1.78366570796488,1.176211306348,1.97742728834759,0.169653560807633,1.97742728834806,-1.26669542228674,1.55148331938102,NaN,NaN,NaN,-0.875319978115351,NaN,-0.851520279477002,-1.04860848447396,NaN,2.00519514193482,NaN,NaN,1.71759338788041,NaN,NaN,1.59479828407178,1.05458264989283,-1.21191335570746,-0.989006151186912,NaN,NaN,2.55270985779495,1.76874047839026,1.03204756992714,1.82731533996495,1.82731533996571,1.89662986513486,-0.485762019137716,NaN,NaN,0.0587104438698636,-0.260286053473955,NaN,NaN,-0.550591815036777,NaN,-0.812237699119778,-1.36043999130957
525.0048,-0.914275289295839,1.55266658543612,1.53074011719847,0.651416840592656,1.77728454514041,1.77728454513976,NaN,1.72204008683684,1.15268616310584,1.9365396687293,0.170987055951488,1.93653966872978,-1.2069059936341,1.53078097097629,NaN,NaN,NaN,-0.882693654274594,NaN,-0.892659500832095,-1.03031409272499,NaN,1.99050527514112,NaN,NaN,1.68864510097421,NaN,NaN,1.57840769182979,1.07849628715132,-1.19488157051548,-0.970039618833797,NaN,NaN,2.49111979972537,1.76193096697474,0.985422836626297,1.75658319215149,1.75658319215227,1.96013677377168,-0.56839373004586,NaN,NaN,0.115077276593612,-0.293810111830126,NaN,NaN,-0.559183357138904,NaN,-0.750717330824898,-1.34938138418524
525.1072,-0.901926198395377,1.51535678411976,1.48513607343434,0.591760040755504,1.72077688227392,1.72077688227326,NaN,1.6594752442055,1.12843091622864,1.89504741393309,0.173451214519653,1.89504741393357,-1.1467001552759,1.51035654971236,NaN,NaN,NaN,-0.888840604432628,NaN,-0.934195379698018,-1.01114784330319,NaN,1.9748948734027,NaN,NaN,1.65917033881998,NaN,NaN,1.56234544138673,1.09962249474626,-1.1778337180258,-0.951241852479254,NaN,NaN,2.42901042557965,1.7551465049843,0.938703352434483,1.6856525229662,1.68565252296702,2.02092456353639,-0.649532120079509,NaN,NaN,0.170280002145036,-0.326623519663262,NaN,NaN,-0.567927601218279,NaN,-0.686225285768215,-1.33682701401451
525.2096,-0.890502968665606,1.478210998077,1.43893335137866,0.531869237637935,1.66369166532815,1.66369166532748,NaN,1.59608146688988,1.1035021904306,1.85304015837352,0.177043613915613,1.85304015837401,-1.08620586075305,1.49025229031095,NaN,NaN,NaN,-0.893800707570696,NaN,-0.976085988758046,-0.991135927152101,NaN,1.95841691350183,NaN,NaN,1.62927367144466,NaN,NaN,1.54664122234332,1.11799716834018,-1.16079927251384,-0.932639510194633,NaN,NaN,2.36652078938579,1.748388520143,0.891967088434602,1.6146493961654,1.61464939616624,2.07888586789922,-0.729007089034342,NaN,NaN,0.224239722211552,-0.358654960466921,NaN,NaN,-0.576809007077079,NaN,-0.618788072309462,-1.32280017799237
525.312,-0.880041789026274,1.44129760888352,1.39220310520063,0.471856507070067,1.60615543370867,1.60615543370799,NaN,1.53197109787015,1.07795786491572,1.8106049087825,0.181755526498662,1.81060490878299,-1.0255499560968,1.4705073124665,NaN,NaN,NaN,-0.897616242509327,NaN,-1.01828582692488,-0.970305986300814,NaN,1.94112363736033,NaN,NaN,1.5990597355501,NaN,NaN,1.53132154969393,1.13366495014051,-1.14380798976478,-0.914258581112078,NaN,NaN,2.30378798670123,1.74165751464166,0.845292229522094,1.54369757773979,1.54369757774066,2.13392065985896,-0.806655562307247,NaN,NaN,0.276879190671746,-0.389838323202476,NaN,NaN,-0.585811055362366,NaN,-0.548440448703133,-1.30732992035457
525.4144,-0.870575149740333,1.40468336188275,1.34501738385376,0.411835269225938,1.54829381190137,1.54829381190068,NaN,1.46725816540657,1.05185682606255,1.76782579768422,0.187572208958508,1.76782579768471,-0.964857661250866,1.45115751828092,NaN,NaN,NaN,-0.900331503220821,NaN,-1.06074615760869,-0.948687239641401,NaN,1.9230664197713,NaN,NaN,1.56863277510055,NaN,NaN,1.51640969329445,1.14667890528339,-1.1268897793301,-0.896124290417636,NaN,NaN,2.24094675534896,1.73495315908203,0.798756968932776,1.47291814547435,1.47291814547525,2.18593668007078,-0.882322185323402,NaN,NaN,0.328122841435342,-0.420112963700409,NaN,NaN,-0.594916365642877,NaN,-0.475225815999108,-1.29045084311545
525.5168,-0.862131573482482,1.36843309369977,1.29744896190438,0.351919766236776,1.49023110080055,1.49023110079985,NaN,1.40205797915291,1.02525871490635,1.72478387955667,0.194473254353567,1.72478387955716,-0.904252023471254,1.43223552323418,NaN,NaN,NaN,-0.901992435213016,NaN,-1.1034154126104,-0.926310606549834,NaN,1.90429566567084,NaN,NaN,1.53809617843343,NaN,NaN,1.50192562081091,1.15710016831905,-1.11007456343103,-0.878260989529914,NaN,NaN,2.17812909777203,1.72827440052795,0.752439268395737,1.40242910216224,1.40242910216318,2.23484989027905,-0.955860028227199,NaN,NaN,0.377896831731349,-0.449423923753193,NaN,NaN,-0.604106838005469,NaN,-0.399196573670251,-1.27220288153841
525.6192,-0.854735341187351,1.33260945563013,1.24957116885271,0.292224484605538,1.4320898765425,1.43208987654179,NaN,1.33648669857688,0.998223670770181,1.68155698557995,0.202432983279012,1.68155698558044,-0.843853354461111,1.41377062019586,NaN,NaN,NaN,-0.902646287737329,NaN,-1.14623966498382,-0.903208816878685,NaN,1.88486074045149,NaN,NaN,1.50755201973969,NaN,NaN,1.48788596005016,1.16499754182215,-1.09339211973552,-0.860692041899294,NaN,NaN,2.11546392848932,1.7216195807991,0.706416586778688,1.33234499515697,1.33234499515795,2.28058494300626,-1.02713129421793,NaN,NaN,0.426129107389234,-0.477722109434284,NaN,NaN,-0.613363811839657,NaN,-0.320414432905563,-1.25263104602762
525.7216,-0.84840622688415,1.2972726474458,1.2014577261086,0.232863546381565,1.37399061169443,1.3739906116937,NaN,1.27066088915073,0.970812076938896,1.63821965243095,0.211420841656588,1.63821965243144,-0.783778679814848,1.39578877929894,NaN,NaN,NaN,-0.902341276754381,NaN,-1.18916316145769,-0.879416493555278,NaN,1.86480993815099,NaN,NaN,1.47710062970874,NaN,NaN,1.47430399547331,1.17044704090719,-1.07687190687135,-0.843439711490591,NaN,NaN,2.05307676502069,1.71498655682882,0.660765588278242,1.26277656337135,1.26277656337236,2.32307563417797,-1.09600799540668,NaN,NaN,0.472749492001053,-0.504964425524167,NaN,NaN,-0.622668227477352,NaN,-0.238950680726605,-1.23178514170368
525.824,-0.843159268914867,1.26248018925145,1.1531826086637,0.17395010271511,1.31605134438949,1.31605134438875,NaN,1.20469709105897,0.943084318924233,1.5948431361981,0.22140178064382,1.59484313619859,-0.724141241824321,1.37831269419308,NaN,NaN,NaN,-0.901126252455034,NaN,-1.2321288920864,-0.854970205646122,NaN,1.84419048967266,NaN,NaN,1.44684023454903,NaN,NaN,1.46118971445952,1.17353139253599,-1.0605428697899,-0.826525051923583,NaN,NaN,1.99108948110144,1.70837281333045,0.615561845587306,1.19383044663718,1.19383044663823,2.36226529487253,-1.16237254241499,NaN,NaN,0.517689790027943,-0.531113853991702,NaN,NaN,-0.632000780433974,NaN,-0.154886391169158,-1.20971948032615
525.9264,-0.839004608293207,1.22828676018193,1.10481994718756,0.115595759393723,1.25838741855403,1.25838741855329,NaN,1.13871142391137,0.91510056581993,1.55149551066999,0.232336612134353,1.55149551067049,-0.665050091144129,1.36136188522018,NaN,NaN,NaN,-0.899050365186059,NaN,-1.27507917447381,-0.829908498441043,NaN,1.82304860984117,NaN,NaN,1.41686669504298,NaN,NaN,1.44854991033709,1.17433951273799,-1.04443322852583,-0.80996779470477,NaN,NaN,1.92962013097431,1.70177556035253,0.570879552356361,1.12560898793304,1.12560898793413,2.39810708742266,-1.22611820167422,NaN,NaN,0.560883889548915,-0.556139465188115,NaN,NaN,-0.641342065760818,NaN,-0.0683125851410873,-1.18649259441224
526.0288,-0.835947412564677,1.19474411218976,1.05644396629852,0.057910046314586,1.20111129578171,1.20111129578096,NaN,1.07281923433655,0.886920574209814,1.50824182483302,0.244182349144882,1.50824182483352,-0.60660977929516,1.34495285398307,NaN,NaN,NaN,-0.896162726192183,NaN,-1.31795623671295,-0.80427190440487,NaN,1.80142957750895,NaN,NaN,1.38727334490259,NaN,NaN,1.4363883325452,1.17296599093094,-1.02857026553327,-0.793786246571135,NaN,NaN,1.86878283918205,1.69519181210118,0.526791252950824,1.05821013404286,1.05821013404398,2.43056419056376,-1.28714940152675,NaN,NaN,0.602267858850621,-0.580016364851312,NaN,NaN,-0.650672706681665,NaN,0.0206696626710474,-1.16216695894014
526.1312,-0.833987883874383,1.16190104080562,1.00812893255283,0.000999920890827667,1.14433241549373,1.14433241549297,NaN,1.00713477078376,0.858603496664231,1.46514427222796,0.256892548803576,1.46514427222847,-0.548920140392182,1.32909926423939,NaN,NaN,NaN,-0.892512058923547,NaN,-1.3607027912611,-0.778102928153122,NaN,1.77937783774461,NaN,NaN,1.35815089795664,NaN,NaN,1.42470585967201,1.1695106015381,-1.01298012107196,-0.777997204867441,NaN,NaN,1.8086877345039,1.68861844855923,0.483367586816528,0.991727412702374,0.991727412703531,2.45960987980602,-1.34538189432708,NaN,NaN,0.64178004234544,-0.602725595063407,NaN,NaN,-0.659973451241475,NaN,0.111949183651876,-1.13680872604938
526.2336,-0.833121330875904,1.12980338236818,0.959949084284073,-0.0550307174119441,1.08815707633851,1.08815707633775,NaN,0.941770860330358,0.83020767330734,1.42226233036831,0.270417679263788,1.42226233036883,-0.492076139516704,1.31381212115051,NaN,NaN,NaN,-0.888146337412768,NaN,-1.40326260143181,-0.751445984578582,NaN,1.75693711432401,NaN,NaN,1.32958738984127,NaN,NaN,1.41350067089203,1.16407784658922,-0.997687588326508,-0.762615884528753,NaN,NaN,1.74944089821426,1.68205226790743,0.440677034384601,0.926249953293616,0.926249953294807,2.48522752829927,-1.40074279276786,NaN,NaN,0.679361165021178,-0.624254006742769,NaN,NaN,-0.669225219115678,NaN,0.205404762568018,-1.11048747833059
526.336,-0.833338275434929,1.09849401251133,0.91197853145711,-0.110081522082544,1.03268832465121,1.03268832465044,NaN,0.876838569807946,0.801790401693336,1.3796528598503,0.284705528966027,1.37965285985082,-0.436167765092292,1.29909993615549,NaN,NaN,NaN,-0.883112420723268,NaN,-1.44558104472039,-0.724347263781033,NaN,1.73415052142754,NaN,NaN,1.3016681348427,NaN,NaN,1.40276840366647,1.15677652449463,-0.982715895301655,-0.7476558440234,NaN,NaN,1.69114430313527,1.67549003970126,0.398785647336189,0.861862525176656,0.861862525177887,2.50741055786222,-1.45317049471056,NaN,NaN,0.714954452298711,-0.644594107492861,NaN,NaN,-0.678409090717386,NaN,0.300905288867113,-1.08327600478049
526.4384,-0.834624577552767,1.06801284012055,0.864291131903235,-0.164056212592764,0.978025851258923,0.978025851258145,NaN,0.812446848193006,0.773407700255377,1.337370186316,0.299701661475712,1.33737018631653,-0.381279949992548,1.2849688879557,NaN,NaN,NaN,-0.877455703674723,NaN,-1.4876056697326,-0.696854512287988,NaN,1.71106066500715,NaN,NaN,1.2744757011896,NaN,NaN,1.39250230285973,1.14771931733288,-0.968086466253842,-0.733128899995893,NaN,NaN,1.63389573778378,1.66892856578259,0.35775675080985,0.798645585972161,0.798645585973428,2.52616235645702,-1.50261450269286,NaN,NaN,0.748505768033913,-0.66374387642452,NaN,NaN,-0.68750624551557,NaN,0.398310016685761,-1.0552500998205
526.5408,-0.836961584618795,1.03839681363419,0.816960364083465,-0.216863094127022,0.924265908518933,0.924265908518151,NaN,0.748702162824491,0.745114089465499,1.29546620437661,0.315349897980682,1.29546620437714,-0.327492517256336,1.27142300775098,NaN,NaN,NaN,-0.871219796986639,NaN,-1.52928673400454,-0.669016744529938,NaN,1.68770973326566,NaN,NaN,1.24808992727007,NaN,NaN,1.38269338381565,1.13702237867746,-0.953818661382713,-0.719045022555454,NaN,NaN,1.57778872663192,1.66236475342434,0.317650620697248,0.736675349619166,0.73667534962047,2.54149616143747,-1.54903514431065,NaN,NaN,0.779963763761108,-0.681706533750317,NaN,NaN,-0.696497871936853,NaN,0.497468921706079,-1.0264883774615
526.6432,-0.840326320202535,1.00967996407823,0.770059219645237,-0.268415548917527,0.871501259586824,0.871501259586038,NaN,0.685708153754536,0.716962411739763,1.25399053273797,0.331592799517167,1.25399053273852,-0.274880154246521,1.25846441419395,NaN,NaN,NaN,-0.864446238466873,NaN,-1.57057769786501,-0.640883910145453,NaN,1.66413958548677,NaN,NaN,1.22258799690093,NaN,NaN,1.37333063741721,1.12480489259017,-0.939929508772417,-0.705412216043179,NaN,NaN,1.52291246258491,1.6557956999595,0.2785241616936,0.676023886071245,0.676023886072586,2.55343489399822,-1.59240320759671,NaN,NaN,0.809280021122726,-0.69849025865584,NaN,NaN,-0.705365081605588,NaN,0.598223133447425,-0.997072083635016
526.7456,-0.844691719972212,0.981893497544227,0.723660128208584,-0.318632454238444,0.8198211621777,0.819821162176909,NaN,0.623565331991066,0.689003702828584,1.2129907255335,0.348372127760017,1.21299072553406,-0.223512419359719,1.24609360441279,NaN,NaN,NaN,-0.857174240163042,NaN,-1.61143563946573,-0.612506545008076,NaN,1.64039184738996,NaN,NaN,1.19804456685558,NaN,NaN,1.36440128977713,1.11118858123337,-0.92643346240147,-0.69223640903555,NaN,NaN,1.46935176276985,1.64921877905324,0.240430623639657,0.616759251967787,0.616759251969165,2.56201092255993,-1.63269951280952,NaN,NaN,0.836409173876297,-0.714107860626919,NaN,NaN,-0.714088857976141,NaN,0.700405431836418,-0.967084888040102
526.848,-0.850026911268171,0.955065929724976,0.677834906295879,-0.367438499878257,0.769311374830384,0.769311374829587,NaN,0.562370834687754,0.661287118284336,1.1725125221612,0.365629276312888,1.17251252216178,-0.17345377701333,1.23430978737106,NaN,NaN,NaN,-0.849440487968132,NaN,-1.65182156614126,-0.583935437315983,NaN,1.61650801107019,NaN,NaN,1.17453191732704,NaN,NaN,1.35589110560745,1.09629716351611,-0.913342222953779,-0.679521379563083,NaN,NaN,1.41718704744988,1.64263171627483,0.203419381486584,0.558945636866228,0.558945636867642,2.56726574067567,-1.6699144455133,NaN,NaN,0.8613090189249,-0.728576418078328,NaN,NaN,-0.722650051337786,NaN,0.80384081881228,-0.93661264252396
526.9504,-0.856297524797493,0.92922323367683,0.63265469699067,-0.414764410071106,0.720054156036416,0.720054156035614,NaN,0.502218226403706,0.633859903859719,1.1326000960646,0.383305670900519,1.13260009606519,-0.124763642379023,1.22311122536184,NaN,NaN,NaN,-0.841279012947582,NaN,-1.69170062362625,-0.555221336096842,NaN,1.59252952384022,NaN,NaN,1.1521200806883,NaN,NaN,1.34778470994836,1.08025578591842,-0.900664641883178,-0.667268727959759,NaN,NaN,1.36649432688419,1.63603264824441,0.167535779235061,0.502643496898632,0.502643496900079,2.56924956326989,-1.70404747811727,NaN,NaN,0.883940647377531,-0.741916903483892,NaN,NaN,-0.731029408194014,NaN,0.908347188781691,-0.905743098732228
527.0528,-0.863466024662205,0.904388959981534,0.588189850673523,-0.460547095695273,0.672128215258728,0.672128215257923,NaN,0.443197317468195,0.60676738158706,1.09329624639055,0.401343132609622,1.09329624639116,-0.0774964089617443,1.212495531821,NaN,NaN,NaN,-0.832721139605913,NaN,-1.73104222299297,-0.526414708264452,NaN,1.56849783933515,NaN,NaN,1.13087689910285,NaN,NaN,1.34006589928735,1.06319044175833,-0.888406708842528,-0.655477898229794,NaN,NaN,1.31734517307324,1.62942016778606,0.132821020990484,0.447909640584128,0.447909640585606,2.56802086024709,-1.73510670918259,NaN,NaN,0.904268627647673,-0.754153820249919,NaN,NaN,-0.739207610178954,NaN,1.01373611705641,-0.874565581139508
527.1552,-0.871492048012619,0.880584298800536,0.544509708272395,-0.504729761679783,0.625608585711102,0.625608585710293,NaN,0.385393974501496,0.580052920474131,1.05464248167797,0.419684192779527,1.05464248167859,-0.0317014406275326,1.20245987800268,NaN,NaN,NaN,-0.823795495723995,NaN,-1.76982010474527,-0.497565526785516,NaN,1.54445440760456,NaN,NaN,1.1108679789187,NaN,NaN,1.33271791567205,1.0452273791047,-0.876571610125569,-0.6441462450552,NaN,NaN,1.26980666022153,1.62279336278106,0.0993120898914638,0.394797239189882,0.39479723919139,2.5636458535018,-1.76310844321733,NaN,NaN,0.922261256780694,-0.765314876505288,NaN,NaN,-0.747165302943017,NaN,1.11981377341889,-0.843170616625287
527.2576,-0.880332748973966,0.857828074864196,0.501682278267306,-0.547261983055184,0.58056641306035,0.580566413059535,NaN,0.32888991525607,0.553757874985587,1.01667897082511,0.438272351934473,1.01667897082574,0.0125769747676692,1.19300108747044,NaN,NaN,NaN,-0.814528065890646,NaN,-1.80801234592821,-0.468723068364469,NaN,1.52044059774716,NaN,NaN,1.09215653477841,NaN,NaN,1.32572366572414,1.02649249132618,-0.865159843969072,-0.633269143214975,NaN,NaN,1.22394126967477,1.61615185478931,0.067041683110556,0.343355752368121,0.343355752369656,2.55619799493364,-1.78807681171654,NaN,NaN,0.937890882847036,-0.775430707013716,NaN,NaN,-0.754883108927611,NaN,1.22638196511241,-0.811649526532683
527.36,-0.889943137392748,0.836136679653331,0.459773822613307,-0.588099755861515,0.537068670885393,0.537068670884574,NaN,0.273762492589388,0.527921492125477,0.979444369749001,0.457052285116943,0.979444369749654,0.0552997066121728,1.18411562387368,NaN,NaN,NaN,-0.804942290219499,NaN,-1.84560129982816,-0.439935710875087,NaN,1.49649756126913,NaN,NaN,1.07480312833813,NaN,NaN,1.31906587980211,1.00711069074123,-0.854169379887826,-0.62284013339329,NaN,NaN,1.17980676116935,1.60949583457816,0.0360381597238694,0.293630773982948,0.293630773984509,2.545757422163,-1.81004341264353,NaN,NaN,0.951134296306876,-0.78453463195821,NaN,NaN,-0.762341628087897,NaN,1.33323932068157,-0.780093983395294
527.4624,-0.900276401405472,0.815523956004588,0.418848384905508,-0.627205526762515,0.495177828113168,0.49517782811234,NaN,0.220084480940235,0.502580802375341,0.942975566681071,0.475970003914272,0.942975566681738,0.0964328885176437,1.175799498943,NaN,NaN,NaN,-0.795059219710416,NaN,-1.88257345111792,-0.411250734850105,NaN,1.47266605319799,NaN,NaN,1.05886531966589,NaN,NaN,1.31272722212187,0.987205276526279,-0.843595846729232,-0.61285109158638,NaN,NaN,1.13745601820862,1.60282608449733,0.00632550292345663,0.24566381574985,0.245663815751435,2.53241037946014,-1.82904693758588,NaN,NaN,0.961973181542418,-0.792662423613037,NaN,NaN,-0.769521434047759,NaN,1.44018262510972,-0.748595526481697
527.5648,-0.911284211053191,0.796001069213044,0.378967315320894,-0.664548197804855,0.454951515592001,0.454951515591168,NaN,0.167923887631778,0.477770520251347,0.907307415955889,0.494972989940726,0.907307415956573,0.135948025025711,1.16804815044106,NaN,NaN,NaN,-0.784897720247918,NaN,-1.91891918129339,-0.382714144290917,NaN,1.44898623879938,NaN,NaN,1.04439727813737,NaN,NaN,1.30669037457449,0.966897315347193,-0.833432731572195,-0.603292404959398,NaN,NaN,1.09693688766133,1.59614397953783,-0.0220766971633803,0.199492067781804,0.19949206778341,2.51624860439293,-1.84513276294727,NaN,NaN,0.970394609482432,-0.79985204679614,NaN,NaN,-0.776403070794258,NaN,1.54700828701953,-0.717245034754474
527.6672,-0.92291701038324,0.777576410932245,0.340188856158537,-0.700103090768125,0.416442250048284,0.416442250047443,NaN,0.117343813980282,0.453522982219528,0.872472532555909,0.51401031561687,0.872472532556608,0.173822059653671,1.16085635157355,NaN,NaN,NaN,-0.774474692164484,NaN,-1.95463246082057,-0.354370523524529,NaN,1.42549752008447,NaN,NaN,1.03144942032523,NaN,NaN,1.30093811876357,0.946305053256585,-0.823671573625629,-0.594153140054669,NaN,NaN,1.05829204176236,1.58945146689792,-0.0491532265142966,0.155148191603215,0.155148191604844,2.49736869581652,-1.85835249323102,NaN,NaN,0.976391546124237,-0.806143346103071,NaN,NaN,-0.782967050736495,NaN,1.6535138679597,-0.686132171803343
527.7696,-0.935124308835027,0.760255570075847,0.302567830266822,-0.733851854293791,0.379697254692786,0.379697254691939,NaN,0.0684023819037704,0.429868139115734,0.838501190909979,0.533032763308876,0.838501190910691,0.210037375330075,1.15421819480646,NaN,NaN,NaN,-0.763805274070235,NaN,-1.98971049533289,-0.326262936581112,NaN,1.40223840533225,NaN,NaN,1.02006812609651,NaN,NaN,1.29545343178009,0.925543373459124,-0.814302144203783,-0.58542119776465,NaN,NaN,1.02155888436355,1.58275102967419,-0.0748931825884236,0.112660189462587,0.112660189464237,2.47587147952987,-1.86876345498987,NaN,NaN,0.979963349491242,-0.81157767191876,NaN,NaN,-0.789193854953899,NaN,1.7594995794515,-0.655344824534293
527.872,-0.947854979318367,0.744041372467533,0.266155428229933,-0.765782313042167,0.344758375277469,0.344758375276613,NaN,0.0211527230689657,0.406833597845653,0.805421320818749,0.551992943629206,0.805421320819476,0.24458172066516,1.14812714819553,NaN,NaN,NaN,-0.752903026151459,NaN,-2.02415335553062,-0.298432860448317,NaN,1.37924642125555,NaN,NaN,1.01029553917653,NaN,NaN,1.29021959633097,0.904723309770896,-0.805312614366672,-0.577083458088758,NaN,NaN,0.98676950838455,1.57604564056624,-0.0992898622912574,0.0720513566020972,0.0720513566037671,2.45186138268941,-1.87642815486379,NaN,NaN,0.981116220463713,-0.816197465998658,NaN,NaN,-0.795063940030279,NaN,1.8647696804257,-0.624968555460174
