time,S1-D1,S1-D8,S1-D9,S1-D15,S2-D1,S2-D2,S2-D3,S2-D9,S3-D1,S3-D2,S3-D16,S4-D2,S4-D3,S4-D5,S5-D3,S5-D4,S5-D5,S6-D2,S6-D5,S6-D17,S7-D6,S7-D7,S8-D6,S8-D7,S8-D18,S9-D3,S9-D4,S9-D9,S9-D11,S9-D19,S10-D8,S10-D9,S10-D10,S10-D11,S11-D8,S11-D10,S11-D20,S12-D10,S12-D11,S12-D12,S13-D4,S13-D11,S13-D12,S14-D10,S14-D12,S14-D21,S15-D13,S15-D14,S16-D13,S16-D14,S16-D22
384.3072,2.4263955719314,-3.78537112004755,-0.782320311820262,0.208383649148524,0.934765650859157,0.934765650856793,NaN,0.336609905665723,-0.0678745278948642,2.5750598714342,-0.43432257511164,2.57505987143389,-1.63722140050354,0.668790794366181,NaN,NaN,NaN,-0.319181535223705,NaN,1.58114306464993,-1.55893729944724,NaN,-0.210712432661205,NaN,NaN,1.33674492239801,NaN,NaN,0.0127042515258261,0.257362538490657,-0.0936130444482694,1.30662515239878,NaN,NaN,0.976401278063798,1.62662977005447,0.268317971736908,0.610998076390313,0.610998076388257,0.362348827675185,-0.202974643681923,NaN,NaN,0.339005988563675,-0.0922413954400364,NaN,NaN,-0.319562861084905,NaN,0.673511993403244,-0.541127332528247
384.4096,2.42329498746833,-3.74108186590067,-0.745494263272517,0.231148160472375,0.958604884302157,0.95860488429983,NaN,0.37408442648912,-0.0322812742431132,2.53108658971948,-0.4670610797218,2.53108658971917,-1.63636996778982,0.628043541745596,NaN,NaN,NaN,-0.340107664738878,NaN,1.56960045851564,-1.5812965286457,NaN,-0.207140049115938,NaN,NaN,1.33861664298191,NaN,NaN,0.022805801035045,0.251929000539612,-0.100359169192564,1.29033683083669,NaN,NaN,0.989406202385316,1.62854145739386,0.231304154985743,0.600360080770035,0.60036008076798,0.363307183510784,-0.23886469254591,NaN,NaN,0.320055570156206,-0.0240978463080258,NaN,NaN,-0.273212538172598,NaN,0.64558267480712,-0.536428445810846
384.512,2.418499472466,-3.69570577410296,-0.709535995754583,0.253595634127142,0.981592919553868,0.981592919551579,NaN,0.413002379816012,0.00258086822876918,2.48596884845721,-0.500046674824448,2.48596884845691,-1.63328326850007,0.585576011601675,NaN,NaN,NaN,-0.360265281309253,NaN,1.55655588414377,-1.60233592787342,NaN,-0.203860774264527,NaN,NaN,1.34045055664904,NaN,NaN,0.0321281197605637,0.245354187618149,-0.106088850455031,1.27358427559743,NaN,NaN,1.00228932700267,1.6296866347124,0.194731437846189,0.58949064704264,0.589490647040583,0.364810933522728,-0.274228926246527,NaN,NaN,0.300849600450772,0.0437835349790517,NaN,NaN,-0.226609687861777,NaN,0.617808748092813,-0.53178034282384
384.6144,2.41201826534896,-3.64931272829565,-0.674498860977046,0.275681173190981,1.00368859714599,1.00368859714374,NaN,0.453244094092199,0.0367012753175818,2.4397407404033,-0.533254224631698,2.439740740403,-1.6279706118826,0.541453618133904,NaN,NaN,NaN,-0.379618268987431,NaN,1.54208881573284,-1.62202840628244,NaN,-0.200887072890221,NaN,NaN,1.34220482728759,NaN,NaN,0.0406423953675598,0.237650208960555,-0.110794708319549,1.25639727613268,NaN,NaN,1.01501867613599,1.63009317171516,0.158697142901995,0.578403734566974,0.578403734564916,0.366863315297532,-0.30901985351359,NaN,NaN,0.281435855933872,0.111328178446179,NaN,NaN,-0.179814742027511,NaN,0.590228513240032,-0.527202658879056
384.7168,2.40386322240148,-3.60197504017399,-0.640435550878041,0.297360173797792,1.02485392135396,1.02485392135175,NaN,0.494685447336388,0.0700688843596967,2.3924348364133,-0.566654978660581,2.392434836413,-1.62045028005456,0.49574975709991,NaN,NaN,NaN,-0.39813485236819,NaN,1.52628402785169,-1.64035205879814,NaN,-0.198229308168952,NaN,NaN,1.34383684845586,NaN,NaN,0.0483232778498853,0.228831999487565,-0.114472249304843,1.23880582539025,NaN,NaN,1.0275619208731,1.62979002222713,0.123293675326023,0.567115922188791,0.567115922186729,0.369465917874603,-0.343191818504367,NaN,NaN,0.261861594207171,0.178464194541484,NaN,NaN,-0.132887897042595,NaN,0.562877763000279,-0.522715460654707
384.8192,2.394048847711,-3.55376743002552,-0.607398047183527,0.318588263969433,1.0450541815887,1.04505418158653,NaN,0.537198811545256,0.102672358433428,2.34408231954871,-0.600216651599957,2.34408231954843,-1.61074923513793,0.448545245950055,NaN,NaN,NaN,-0.415787702075141,NaN,1.50923106042404,-1.65729014365132,NaN,-0.195895672568122,NaN,NaN,1.34530350432698,NaN,NaN,0.055148914334432,0.218917251257458,-0.117119834115836,1.22083984128249,NaN,NaN,1.0398864505681,1.6288069875531,0.0886079610957283,0.555646308018494,0.555646308016429,0.372618484444439,-0.376701069726588,NaN,NaN,0.242173456493216,0.245122328300196,NaN,NaN,-0.0858888503846805,NaN,0.535789748126584,-0.51833893248811
384.9216,2.38259230614588,-3.50476691147537,-0.57543750254338,0.339321310200664,1.06425803620875,1.06425803620662,NaN,0.580653985606859,0.134500268399481,2.29471314844286,-0.633903564777802,2.29471314844258,-1.59890273009638,0.399927658248029,NaN,NaN,NaN,-0.432553973231901,NaN,1.49102358956492,-1.67283103931806,NaN,-0.193892184370507,NaN,NaN,1.3465614103277,NaN,NaN,0.0611009490865533,0.207926309923277,-0.118738582089514,1.20252889540339,NaN,NaN,1.05195945260698,1.62717450492338,0.0547210150591588,0.544016368755576,0.544016368753506,0.376318789961408,-0.409505885027628,NaN,NaN,0.222417315275996,0.311235939477846,NaN,NaN,-0.0388765712526471,NaN,0.508995174576561,-0.514093063604077
385.024,2.36951342097875,-3.45505257631991,-0.544604047740021,0.359515496322119,1.08243757093494,1.08243757093285,NaN,0.624919107208335,0.16554127409271,2.24435625559655,-0.667676856527166,2.24435625559627,-1.58495381497352,0.349990544723722,NaN,NaN,NaN,-0.448415276892661,NaN,1.47175870610303,-1.68696817566518,NaN,-0.192222752556191,NaN,NaN,1.34756712335491,NaN,NaN,0.0661644827329559,0.195882022706108,-0.119332208295754,1.18390194081737,NaN,NaN,1.06374800296817,1.62492346998781,0.0217076271122932,0.532249775027189,0.532249775025116,0.380562588376668,-0.441566746515663,NaN,NaN,0.202638072021692,0.376741017143549,NaN,NaN,0.00809091547058674,NaN,0.482522234195233,-0.509997344550905
385.1264,2.35483465755939,-3.4047052951932,-0.514946537730921,0.379127462859821,1.09956834065981,1.09956834065776,NaN,0.669861534884737,0.195784292452704,2.19303977894283,-0.701494760369986,2.19303977894257,-1.56895273725238,0.298832545672385,NaN,NaN,NaN,-0.463357590891348,NaN,1.45153610343333,-1.69969992915222,NaN,-0.19088930953444,NaN,NaN,1.34827731223696,NaN,NaN,0.0703279911593964,0.182809535814212,-0.118906797212201,1.16498703258571,NaN,NaN,1.0752191647219,1.62208509169242,-0.0103638503248498,0.520372172606128,0.520372172604054,0.385343620561307,-0.472846555546538,NaN,NaN,0.182879415005801,0.441576229275499,NaN,NaN,0.054956745603334,NaN,0.456396680284576,-0.506070466153795
385.2288,2.33858109074562,-3.35380736332023,-0.486512265597693,0.398114477333286,1.11562940710229,1.11562940710027,NaN,0.71534869531543,0.225218650633155,2.14079131477943,-0.735312931462267,2.14079131477917,-1.55095625507427,0.246556425459272,NaN,NaN,NaN,-0.477371118819208,NaN,1.43045719249841,-1.71102947257239,NaN,-0.189891997949581,NaN,NaN,1.34864888598031,NaN,NaN,0.0735832148892774,0.168736056728556,-0.117470530097895,1.14581104594301,NaN,NaN,1.0863400894376,1.6186907723846,-0.0414316346538902,0.508410949240362,0.508410949238289,0.390653673484407,-0.50331087100329,NaN,NaN,0.163183553266756,0.50568300057704,NaN,NaN,0.101665433125876,NaN,0.430641945278679,-0.502330012785943
385.3312,2.32078035534657,-3.30244212145214,-0.45934667254748,0.416434597822237,1.13060339964641,1.13060339964443,NaN,0.761248893762644,0.253834232666047,2.08763817904464,-0.769084788214471,2.0876381790444,-1.53102690497018,0.193268087763491,NaN,NaN,NaN,-0.49045010763162,NaN,1.40862419325115,-1.72096457497012,NaN,-0.189229379942074,NaN,NaN,1.3486390917361,NaN,NaN,0.0759250350897147,0.153690615553841,-0.115033397890368,1.12639941201359,NaN,NaN,1.09707812160918,1.61477200722047,-0.0714405870458662,0.496395007213429,0.496395007211353,0.396482678494553,-0.532928143848404,NaN,NaN,0.143590952158699,0.569005604754049,NaN,NaN,0.148163081348175,NaN,0.405279277500838,-0.498792155900986
385.4336,2.30146258205276,-3.25069357215381,-0.433493069575231,0.434046806373116,1.14447662302705,1.14447662302511,NaN,0.807432084667421,0.28162162984695,2.03360766892797,-0.802761839293181,2.03360766892774,-1.50923227666457,0.1390756464133,NaN,NaN,NaN,-0.502592633124737,NaN,1.38613926494384,-1.72951734759103,NaN,-0.188898632754246,NaN,NaN,1.34820560391512,NaN,NaN,0.077351354663682,0.137703863731759,-0.11160693618051,1.10677589742778,NaN,NaN,1.10740091047968,1.61036029754039,-0.100342240608256,0.484354552512305,0.484354552510227,0.402818835670523,-0.561669921671382,NaN,NaN,0.124140096611403,0.631491256172675,NaN,NaN,0.194397583768269,NaN,0.380327873517223,-0.495471364521303
385.536,2.28066031631382,-3.19864599886451,-0.408992380304445,0.450911114881142,1.15723920198806,1.15723920198616,NaN,0.853770594214656,0.30857229416193,1.97872731464272,-0.836293982125953,1.9787273146425,-1.48564433436893,0.0840886090400651,NaN,NaN,NaN,-0.513800362526185,NaN,1.36310371892658,-1.73670393813464,NaN,-0.188895712100831,NaN,NaN,1.34730662028305,NaN,NaN,0.0778629985085391,0.120807926952772,-0.107204008080058,1.0869624444182,NaN,NaN,1.11727653014207,1.60548706867655,-0.128094785810815,0.472320899341736,0.472320899339659,0.409648751802596,-0.589511010344501,NaN,NaN,0.104867295927337,0.69309018686399,NaN,NaN,0.240318815291253,NaN,0.355805005441809,-0.492380149033335
385.6384,2.25840841079582,-3.14638358758657,-0.385882915125757,0.466988661124151,1.16888522451422,1.16888522451235,NaN,0.900139781680376,0.334678681609266,1.92302510297965,-0.869629776800785,1.92302510297944,-1.46033879100919,0.0284171769004347,NaN,NaN,NaN,-0.524078311068366,NaN,1.33961732973869,-1.7425441974817,NaN,-0.189215489032299,NaN,NaN,1.34590096799445,NaN,NaN,0.0774636298687341,0.103036299007984,-0.101838642007698,1.06697906964671,NaN,NaN,1.12667360359237,1.60018357974256,-0.15466301563232,0.460326283207191,0.460326283205113,0.416957578960471,-0.616429591705391,NaN,NaN,0.0858065308897381,0.753755694213571,NaN,NaN,0.285878809983192,NaN,0.331726159753208,-0.489528852461022
385.7408,2.23474388479683,-3.09399005069562,-0.364200183419222,0.482241809015359,1.17941285120796,1.17941285120613,NaN,0.94641863011481,0.359934370717309,1.86652965318783,-0.902716706868472,1.86652965318763,-1.43339451833066,-0.0278283797515904,NaN,NaN,NaN,-0.533434614679328,NaN,1.31577773829647,-1.74706135511537,NaN,-0.189851874660617,NaN,NaN,1.34394821589474,NaN,NaN,0.0761596642736242,0.0844237513462977,-0.0955259170213396,1.04684380938303,NaN,NaN,1.1355614274522,1.59448081824676,-0.180018236851605,0.448403679458161,0.448403679456083,0.424729143523154,-0.642407300663619,NaN,NaN,0.0669893381000145,0.813444149908605,NaN,NaN,0.331031918393354,NaN,0.308105181523378,-0.486925503047385
385.8432,2.209705750771,-3.04154825466185,-0.343976745320842,0.496634253835397,1.18882438338512,1.18882438338332,NaN,0.992490267682502,0.384334150213537,1.80927033556592,-0.935501429490033,1.80927033556573,-1.40489298682551,-0.0845383014096123,NaN,NaN,NaN,-0.541880332017681,NaN,1.29167992564303,-1.75028172168817,NaN,-0.190797939710268,NaN,NaN,1.34140879090477,NaN,NaN,0.0739601702157787,0.065006243525719,-0.0882818865990117,1.02657270439153,NaN,NaN,1.14391009926001,1.58840938342148,-0.204138154695586,0.436586630182835,0.436586630180759,0.432946064518562,-0.66742926714475,NaN,NaN,0.0484447235903559,0.872114972590085,NaN,NaN,0.37573494045844,NaN,0.28495437957192,-0.484575735717186
385.9456,2.18333481254656,-2.98913985539057,-0.325242101382986,0.510131123457885,1.19712629661499,1.19712629661323,NaN,1.03824242940747,0.4078740803601,1.75127733749132,-0.967930004043401,1.75127733749115,-1.37491775413145,-0.141603865486256,NaN,NaN,NaN,-0.549429271365884,NaN,1.26741573361444,-1.75223440680815,NaN,-0.1920460289391,NaN,NaN,1.33824409877786,NaN,NaN,0.070876768574036,0.0448208378256725,-0.0801235374981355,1.00617982900885,NaN,NaN,1.15169065126973,1.58199936927862,-0.227006734133732,0.424909081836356,0.424909081834282,0.441589869127487,-0.691484129795758,NaN,NaN,0.0301990951871342,0.929730575077358,NaN,NaN,0.419947228448414,NaN,0.262284554864902,-0.482482772529639
386.048,2.15567344768949,-2.93684494863009,-0.308022613266649,0.522699067475674,1.20432924494905,1.20432924494732,NaN,1.08356786910958,0.430551539513369,1.69258169436543,-0.999948089607616,1.69258169436527,-1.34355402313686,-0.198917832227576,NaN,NaN,NaN,-0.556097823677926,NaN,1.24307342435196,-1.75295102129486,NaN,-0.193587869083277,NaN,NaN,1.33441664910634,NaN,NaN,0.0669235526709971,0.0239056332238981,-0.0710687808060697,0.985677368359235,NaN,NaN,1.15887519032892,1.57528025579384,-0.248614035535777,0.413405229178456,0.413405229176378,0.450641116523746,-0.714564027537309,NaN,NaN,0.0122762053652433,0.986256299059275,NaN,NaN,0.463630755176056,NaN,0.240104963826316,-0.480647432378796
386.1504,2.12676539272172,-2.88474174546684,-0.292341444091631,0.53430633365998,1.21044803773374,1.21044803773205,NaN,1.12836472314065,0.452365267515682,1.63321530618095,-1.03150111349973,1.6332153061808,-1.31088827930156,-0.256374787864757,NaN,NaN,NaN,-0.561904782107339,NaN,1.21873729543702,-1.75246533714079,NaN,-0.195414666354625,NaN,NaN,1.32989018498843,NaN,NaN,0.0621170429256108,0.00229973343209636,-0.0611364692429274,0.965075738111241,NaN,NaN,1.16543703664029,1.56828080799344,-0.268956019471346,0.402109355924598,0.402109355922519,0.460079535958685,-0.736664571063884,NaN,NaN,-0.00530289559108465,1.0416603467829,NaN,NaN,0.506750157905828,NaN,0.218423263237844,-0.479068137394999
386.2528,2.09665554041813,-2.83290627870715,-0.278218513617239,0.544922835445884,1.21550159284529,1.21550159284364,NaN,1.17253681991119,0.473315410377765,1.57321095037142,-1.0625344168559,1.57321095037129,-1.27700801184221,-0.313871368974723,NaN,NaN,NaN,-0.566871144047742,NaN,1.19448738449853,-1.75081290298193,NaN,-0.197517186212442,NaN,NaN,1.32462982116941,NaN,NaN,0.0564761799504406,-0.0199567476041271,-0.0503464381769614,0.944383736613956,NaN,NaN,1.17135085082768,1.56102897499145,-0.288034318070621,0.391055664320697,0.391055664318618,0.469884171554548,-0.75778479131389,NaN,NaN,-0.0225198894025574,1.0959137074004,NaN,NaN,0.549272777811584,NaN,0.197245484835514,-0.477740901484173
386.3552,2.06538974020277,-2.78141213934989,-0.265670477356937,0.554520209475834,1.21951287251558,1.21951287251395,NaN,1.21599393112747,0.493403563183411,1.51260228983299,-1.09299337927352,1.51260228983287,-1.24200151432958,-0.371306369762017,NaN,NaN,NaN,-0.571019910627251,NaN,1.17039928927314,-1.74803064021169,NaN,-0.199885813082715,NaN,NaN,1.31860219356155,NaN,NaN,0.0500223497897787,-0.0428226550987584,-0.0387195719817284,0.923608720622084,NaN,NaN,1.17659274055478,1.55355178001794,-0.305855978011992,0.38027809524253,0.380278095240449,0.480033514354699,-0.777927059939206,NaN,NaN,-0.0393591951071398,1.14899006222483,NaN,NaN,0.591168698298954,NaN,0.176576067620246,-0.476659307958103
386.4576,2.0330145849384,-2.73033023943764,-0.254710744536933,0.563071858087037,1.22250880017416,1.22250880017258,NaN,1.25865196705041,0.5126328038467,1.45142387027598,-1.12282352598317,1.45142387027588,-1.2059577371089,-0.428580767366398,NaN,NaN,NaN,-0.574375903485937,NaN,1.14654409868371,-1.74415645759014,NaN,-0.202510600591838,NaN,NaN,1.3117756153142,NaN,NaN,0.0427794225520843,-0.0662557625105836,-0.0262778904020845,0.9027567954482,NaN,NaN,1.18114034502872,1.54587519984654,-0.322433187409291,0.369810151461619,0.369810151459529,0.490505603773221,-0.797096980247673,NaN,NaN,-0.0558079463616861,1.2008656538791,NaN,NaN,0.632410766660653,NaN,0.156417941204028,-0.475814496167417
386.56,1.99957717444626,-2.67972859847652,-0.245349542921067,0.57055297955699,1.22452013933225,1.22452013933069,NaN,1.30043312067026,0.531007707744314,1.38971109807256,-1.15197062747291,1.38971109807248,-1.16896614567785,-0.485597724245865,NaN,NaN,NaN,-0.576965612487658,NaN,1.12298840207834,-1.73922891791351,NaN,-0.205381327278048,NaN,NaN,1.30412022880404,NaN,NaN,0.0347737800669514,-0.090212764815037,-0.0130446363267463,0.881833007335711,NaN,NaN,1.18497290439261,1.53802404066129,-0.337782999464045,0.359684739069699,0.359684739067604,0.50127809392928,-0.81530325354787,NaN,NaN,-0.0718559433308755,1.25151911857856,NaN,NaN,0.672974588378723,NaN,0.136772631453976,-0.475195175668034
386.6624,1.96512486086263,-2.62967215541594,-0.237594026722382,0.57694059690402,1.2255813102614,1.22558131025988,NaN,1.34126596716629,0.548534336274083,1.32750018973332,-1.18038080248944,1.32750018973326,-1.13111654793401,-0.542262618016658,NaN,NaN,NaN,-0.578817080534846,NaN,1.0997943326084,-1.73328697341667,NaN,-0.20848756241369,NaN,NaN,1.29560814356323,NaN,NaN,0.0260343139847027,-0.114649306360904,0.000955657822330094,0.860841526512959,NaN,NaN,1.18807132375151,1.53002182120037,-0.35192705990052,0.349934034153052,0.349934034150951,0.512328294006976,-0.832557530790677,NaN,NaN,-0.0874955878964858,1.30093129536111,NaN,NaN,0.712838499051757,NaN,0.117640370669853,-0.474787671705206
386.7648,1.92970499431881,-2.58022261431394,-0.231448414750573,0.582213588738633,1.22573014269034,1.22573014268886,NaN,1.38108552547023,0.565220201717388,1.26482809497299,-1.20800062688235,1.26482809497295,-1.09249888736751,-0.598483109845344,NaN,NaN,NaN,-0.579959822250411,NaN,1.07701960543129,-1.72636976346152,NaN,-0.21181873748626,NaN,NaN,1.28621355528197,NaN,NaN,0.0165923905795666,-0.139520036569603,0.0156971378054796,0.839785817523948,NaN,NaN,1.19041823685359,1.52189067439795,-0.364891338186677,0.340589372931243,0.34058937292914,0.52363319931045,-0.848874260024748,NaN,NaN,-0.102721814372711,1.34908503452393,NaN,NaN,0.751983525866297,NaN,0.0990202095705939,-0.474575992083973
386.8672,1.89336468998021,-2.53143833168418,-0.226914143037494,0.586352714655191,1.22500759242115,1.2250075924197,NaN,1.41983328346744,0.581074218451459,1.20173241179615,-1.23477723909135,1.20173241179613,-1.05320302772619,-0.654169221886921,NaN,NaN,NaN,-0.580424763179364,NaN,1.05471753294272,-1.71851644936656,NaN,-0.215364218199958,NaN,NaN,1.27591284951434,NaN,NaN,0.00648179629912804,-0.164778675039132,0.0311526280752938,0.818668801529223,NaN,NaN,1.19199806737647,1.51365127484248,-0.376705857843569,0.331681160243099,0.33168116024099,0.535169529805052,-0.864270536341276,NaN,NaN,-0.117532026254612,1.39596502616785,NaN,NaN,0.790393347217419,NaN,0.0809101297607327,-0.474541895120322
386.9696,1.85615062632992,-2.48337424356738,-0.223990019346009,0.589340628473629,1.22345745215761,1.22345745215619,NaN,1.45745718203041,0.596106652608291,1.13825131791878,-1.26065843046122,1.13825131791878,-1.01331855130259,-0.709233386742355,NaN,NaN,NaN,-0.580244182800905,NaN,1.03293703166568,-1.70976605441335,NaN,-0.219113370317576,NaN,NaN,1.26468470127804,NaN,NaN,-0.00426131715467257,-0.190378066436824,0.0472936570411204,0.797493013797809,NaN,NaN,1.19279708143095,1.5053227912093,-0.387404419199138,0.323238790175969,0.323238790173857,0.546913785133091,-0.878765955090415,NaN,NaN,-0.131926041956571,1.44155765730378,NaN,NaN,0.828054250797796,NaN,0.063307163428476,-0.474664929920087
387.072,1.8181088658452,-2.43608181732039,-0.222672375620677,0.591161880785654,1.22112606274292,1.22112606274153,NaN,1.49391155341136,0.610329078042177,1.07442352892517,-1.28559271928876,1.07442352892519,-0.972934571990753,-0.763590458061457,NaN,NaN,NaN,-0.579451652466276,NaN,1.01172265491233,-1.70015728854232,NaN,-0.223055608145266,NaN,NaN,1.25251018053359,NaN,NaN,-0.0155984840264677,-0.21627021910181,0.0640905002608609,0.776260751087519,NaN,NaN,1.19280342597328,1.49692285662505,-0.397024310067082,0.315290572026228,0.315290572024108,0.558842311793671,-0.89238246452287,NaN,NaN,-0.145906042843953,1.4858508903167,NaN,NaN,0.864955084139181,NaN,0.0462075371287736,-0.474922432233823
387.1744,1.77928467510722,-2.38960900919598,-0.222955226317069,0.591802918542614,1.21806201070522,1.21806201070386,NaN,1.5291570160798,0.623754335607845,1.01028827050916,-1.30952942105215,1.01028827050921,-0.932139549447367,-0.817157703566199,NaN,NaN,NaN,-0.578081975782509,NaN,0.991114676056107,-1.68972836963576,NaN,-0.227180413138999,NaN,NaN,1.23937286094973,NaN,NaN,-0.027488984114974,-0.242406340797312,0.0815122406256957,0.754974195806405,NaN,NaN,1.1920071524118,1.48846754709326,-0.405606007331447,0.307863661808438,0.307863661806319,0.570931366327623,-0.905144212701997,NaN,NaN,-0.159476512927178,1.52883414512479,NaN,NaN,0.901087190711619,NaN,0.0296068481735164,-0.475289488058423
387.2768,1.7397223242055,-2.34400021862794,-0.224830446396813,0.591252089994536,1.21431579389605,1.21431579389473,NaN,1.56316033432509,0.636396483165809,0.945885241153643,-1.3324187326127,0.945885241153712,-0.891021085649503,-0.869854817696646,NaN,NaN,NaN,-0.576171151383919,NaN,0.971149220502706,-1.67851687979735,NaN,-0.231477315601498,NaN,NaN,1.22525891551726,NaN,NaN,-0.0398899244605552,-0.268736894358305,0.0995268516221241,0.733635502135236,NaN,NaN,1.19040022891998,1.47997135813794,-0.413192880972147,0.300984013561389,0.300984013559264,0.583157155570279,-0.917077385439717,NaN,NaN,-0.172644163840764,1.57049816645171,NaN,NaN,0.936444323373194,NaN,0.0135002677717132,-0.475738891840991
387.3792,1.6994648615745,-2.299296241,-0.228287974829905,0.58949965700884,1.20993944445518,1.20993944445388,NaN,1.59589425115758,0.648270724430667,0.881254547616675,-1.3542118439987,0.881254547616766,-0.849665693218409,-0.92160398184447,NaN,NaN,NaN,-0.573756373863251,NaN,0.951858420132727,-1.66655968547273,NaN,-0.235935843739141,NaN,NaN,1.21015718207808,NaN,NaN,-0.0527563469313499,-0.295211691724602,0.11810131074527,0.712246838226404,NaN,NaN,1.18797654755716,1.47144717719705,-0.419830914547784,0.294676370940877,0.294676370938745,0.595495843091521,-0.928210035595627,NaN,NaN,-0.185417845922828,1.61083486807139,NaN,NaN,0.971022522672882,NaN,-0.00211724059036405,-0.476241123408228
387.4816,1.65855387173405,-2.2555342197203,-0.233316036174462,0.586537809488788,1.20498611413039,1.20498611412912,NaN,1.62733729869066,0.659393313135979,0.816436606774587,-1.37486107987841,0.816436606774705,-0.808158546241215,-0.97232996999266,NaN,NaN,NaN,-0.570876072062058,NaN,0.933270558511025,-1.65389291963029,NaN,-0.240545456657065,NaN,NaN,1.19405919400764,NaN,NaN,-0.0660413556780162,-0.32178003192819,0.137201742019656,0.690810394638414,NaN,NaN,1.18473193161288,1.46290625901053,-0.425568451191521,0.288964310577092,0.288964310574958,0.607923522717814,-0.938571906527831,NaN,NaN,-0.197808450199513,1.64983715926645,NaN,NaN,1.00481995186952,NaN,-0.0172507003535953,-0.476764361414416
387.584,1.61702922468235,-2.21274759577685,-0.23990136900342,0.582360673474628,1.1995096403336,1.19950964033235,NaN,1.65747358734595,0.669781438372287,0.75147201893621,-1.3943200565454,0.751472018936351,-0.766583241412792,-1.02196026524194,NaN,NaN,NaN,-0.567569968782566,NaN,0.915410197770921,-1.64055200173261,NaN,-0.245295484164669,NaN,NaN,1.1769591825126,NaN,NaN,-0.0796962536747737,-0.348390869552519,0.156793576127433,0.669328379026237,NaN,NaN,1.18066414242119,1.45435821134618,-0.43045596581167,0.283870332662448,0.283870332660311,0.620416166436314,-0.948194250960528,NaN,NaN,-0.209828802932026,1.68749876225388,NaN,NaN,1.03783669883905,NaN,-0.0319049031127543,-0.477274535742264
387.6864,1.57492882895859,-2.17096606130437,-0.248029453958447,0.5769643042795,1.1935641120349,1.19356411203368,NaN,1.6862925743279,0.679453103258928,0.686401430407565,-1.41254382785717,0.68640143040773,-0.725021596432078,-1.07042514170154,NaN,NaN,NaN,-0.563879139276538,NaN,0.898298310502686,-1.62657166434913,NaN,-0.250175089006719,NaN,NaN,1.15885406126607,NaN,NaN,-0.0936706785478492,-0.374992986338442,0.176841713206243,0.647803012656996,NaN,NaN,1.17577287747634,1.44581099235464,-0.434545856471095,0.279415980370709,0.279415980368569,0.632949555923116,-0.957109643460976,NaN,NaN,-0.221493548383011,1.72381402548308,NaN,NaN,1.07007457121783,NaN,-0.0460841802769373,-0.477735398596225
387.7888,1.53228840771149,-2.13021553122561,-0.257684733042099,0.570346663418032,1.18720344577938,1.18720344577819,NaN,1.7137888096662,0.6884270071112,0.621265408924572,-1.4294889976819,0.62126540892476,-0.683553495832138,-1.11765768846563,NaN,NaN,NaN,-0.559846047204998,NaN,0.881952448815351,-1.61198596265634,NaN,-0.25517324936722,NaN,NaN,1.13974340527073,NaN,NaN,-0.107912734019758,-0.401535143145049,0.197310679315815,0.626236532004903,NaN,NaN,1.17005975190257,1.43727091864355,-0.437892243078631,0.275621961407412,0.275621961405267,0.645499211539186,-0.965351785984809,NaN,NaN,-0.232819017442719,1.75877773822361,NaN,NaN,1.1015369103303,NaN,-0.0597921563591938,-0.478108587115317
387.8912,1.48914131595132,-2.09051813859358,-0.268850805366372,0.562507595232296,1.18048096985126,1.18048096985009,NaN,1.73996165749212,0.696722430759624,0.55610434690951,-1.44511379769464,0.55610434690972,-0.642256772419679,-1.16359379137977,NaN,NaN,NaN,-0.555514545761316,NaN,0.866386961186071,-1.59682826066548,NaN,-0.260278750315277,NaN,NaN,1.11962943483271,NaN,NaN,-0.122369119096838,-0.427966204643803,0.218164776101193,0.604631190694185,NaN,NaN,1.1635282643431,1.42874268185879,-0.440550760807107,0.272508245561386,0.272508245559232,0.658040336709215,-0.972955311062852,NaN,NaN,-0.243823089261667,1.79238495524273,NaN,NaN,1.13222843423441,NaN,-0.0730314952219744,-0.478353666967746
387.9936,1.44551840222073,-2.05189224343506,-0.28151058655489,0.553448827824776,1.17344900739541,1.17344900739428,NaN,1.76481499360068,0.704359115246897,0.490958389270054,-1.45937814906,0.490958389270285,-0.601207105425956,-1.20817210482136,NaN,NaN,NaN,-0.550929848582498,NaN,0.851613233698502,-1.58113121046231,NaN,-0.265480183057901,NaN,NaN,1.09851700854497,NaN,NaN,-0.136985256743275,-0.454235240361337,0.239368225929828,0.582989258327991,NaN,NaN,1.15618375663859,1.4202293675886,-0.442578340410283,0.270094123764672,0.270094123762508,0.670547789774827,-0.97995559038402,NaN,NaN,-0.254525058557158,1.82463083686272,NaN,NaN,1.16215510034708,NaN,-0.0858036643487113,-0.478428168829787
388.096,1.40144790133745,-2.01435243923178,-0.295646431998431,0.543174008471758,1.16615845768179,1.16615845768068,NaN,1.78835688474445,0.711357124863629,0.425867368619708,-1.47224372737648,0.425867368619958,-0.560477933138294,-1.25133402379546,NaN,NaN,NaN,-0.546138491026398,NaN,0.837639906769536,-1.56492675691659,NaN,-0.270765965267144,NaN,NaN,1.07641361778954,NaN,NaN,-0.151705419018952,-0.480291610144409,0.260885310400197,0.56131301937832,NaN,NaN,1.14803337664674,1.41173246933128,-0.444032976624366,0.268398231518669,0.2683982315165,0.682996082323629,-0.986388555242595,NaN,NaN,-0.264945518046322,1.85551050053559,NaN,NaN,1.19132396250053,NaN,-0.0981087518564959,-0.478287640676844
388.1984,1.35695534091296,-1.97790954712605,-0.311240233888201,0.531688761220993,1.15865839071893,1.15865839071785,NaN,1.81059925766953,0.717736694440776,0.360870732069693,-1.48367403879379,0.360870732069965,-0.520140390585074,-1.29302364301402,NaN,NaN,NaN,-0.54118830216805,NaN,0.824473025850641,-1.54824619413197,NaN,-0.276124394182813,NaN,NaN,1.05332936897374,NaN,NaN,-0.166472845604807,-0.506085041840845,0.282680496009438,0.539604778903955,NaN,NaN,1.13908604749967,1.4032518937121,-0.444973493221058,0.26743855133283,0.267438551330658,0.69535939259383,-0.99229053009703,NaN,NaN,-0.275106256706519,1.88501887317261,NaN,NaN,1.21974299322395,NaN,-0.109945364313256,-0.477885732954309
388.3008,1.3120634527814,-1.94257059543366,-0.328273499533574,0.519000746052668,1.15099567464681,1.15099567464576,NaN,1.83155756415512,0.723518068658884,0.296007456349067,-1.4936345076812,0.29600745634936,-0.480263269942528,-1.33318769764278,NaN,NaN,NaN,-0.536128392262554,NaN,0.812116129556754,-1.53112027615787,NaN,-0.281543728829499,NaN,NaN,1.02927694464289,NaN,NaN,-0.181229860510922,-0.531565706478263,0.304718543705187,0.517866877572971,NaN,NaN,1.12935244113233,1.39478595693427,-0.445459314102582,0.267232407862194,0.26723240786002,0.707611578429894,-0.997698073178326,NaN,NaN,-0.285030164657534,1.91315053202234,NaN,NaN,1.24742085462903,NaN,-0.121310594555094,-0.477174319582164
388.4032,1.26679209180272,-1.90833878577268,-0.34672740945603,0.505119706426636,1.14321464700526,1.14321464700424,NaN,1.85125044432554,0.728721343243291,0.231315957805644,-1.5020925752987,0.231315957805957,-0.4409129867317,-1.37177549862682,NaN,NaN,NaN,-0.531009146627736,NaN,0.800570320659332,-1.51357936456001,NaN,-0.287012286984391,NaN,NaN,1.00427154521572,NaN,NaN,-0.195917995495896,-0.556684291107366,0.326964604488066,0.496101712505299,NaN,NaN,1.11884495363943,1.38633137520287,-0.445550244985225,0.267796459817078,0.267796459814907,0.719726177440296,-1.00264781369653,NaN,NaN,-0.294741130032028,1.93989952813436,NaN,NaN,1.27436662951584,NaN,-0.132200023318217,-0.476103651367499
388.5056,1.22115817277413,-1.87521344915205,-0.366582846550222,0.490057504164268,1.13535683050336,1.13535683050236,NaN,1.86969939199271,0.733366316726032,0.166834004902168,-1.50901780819378,0.166834004902501,-0.402153539996472,-1.4087388771469,NaN,NaN,NaN,-0.525882212080323,NaN,0.789834365973907,-1.49565358541981,NaN,-0.29251854222963,NaN,NaN,0.97833081921859,NaN,NaN,-0.210478122898737,-0.581392062770502,0.349384303863645,0.474311759880635,NaN,NaN,1.10757768321362,1.37788325435984,-0.445306263640406,0.269146683376401,0.269146683374232,0.731676393635471,-1.00717627815693,NaN,NaN,-0.304263916839257,1.9652592004978,NaN,NaN,1.30058955377892,NaN,-0.142607736648449,-0.474622541145156
388.608,1.17517564045779,-1.84319000017937,-0.387820387298377,0.473828149551724,1.1274606833716,1.12746068337063,NaN,1.88692842986834,0.737472358061087,0.10259863959534,-1.51438201147249,0.102598639595691,-0.364046465734588,-1.44403214363565,NaN,NaN,NaN,-0.52080045950039,NaN,0.779904841574012,-1.47737296303033,NaN,-0.298051208365752,NaN,NaN,0.951474789841362,NaN,NaN,-0.224850597340486,-0.605640916211781,0.371943816177881,0.452499597743823,NaN,NaN,1.0955664105672,1.36943508580592,-0.444787311394463,0.271298335868226,0.271298335866062,0.743435084409644,-1.01131970698237,NaN,NaN,-0.313624023707708,1.98922200208206,NaN,NaN,1.32609880003171,NaN,-0.152526358852324,-0.472678577720559
388.7104,1.12885548616278,-1.8122599034879,-0.41042025313732,0.456447839708964,1.11956136374871,1.11956136374777,NaN,1.90296379801547,0.741058287983232,0.0386461120369361,-1.51815933953497,0.0386461120373073,-0.32665078607477,-1.47761205873678,NaN,NaN,NaN,-0.51581790840242,NaN,0.770776307674596,-1.45876750554207,NaN,-0.303599301357282,NaN,NaN,0.923725785038459,NaN,NaN,-0.238975407805531,-0.62938340309294,0.394609931143826,0.430667928124133,NaN,NaN,1.08282857593168,1.36097875380698,-0.444053076657025,0.274265886859575,0.274265886857417,0.754974768565503,-1.01511387111914,NaN,NaN,-0.322847533537585,2.01177936023663,NaN,NaN,1.35090334134571,NaN,-0.16194709572331,-0.470218353421753
388.8128,1.08220581432098,-1.78241066501239,-0.434362229683155,0.437935018185601,1.11169048346518,1.11169048346428,NaN,1.91783365090307,0.744142265542439,-0.0249881738834276,-1.52032640194794,-0.0249881738830373,-0.290022951556129,-1.50943781747603,NaN,NaN,NaN,-0.510989614078498,NaN,0.762441478250269,-1.43986724698975,NaN,-0.309152175136602,NaN,NaN,0.895108376061411,NaN,NaN,-0.252792341430348,-0.652572746329223,0.417350117830998,0.408819594607764,NaN,NaN,1.06938324501904,1.35250455303925,-0.44316276468052,0.278062910674662,0.278062910672509,0.766267668385762,-1.0185939002701,NaN,NaN,-0.331960966316941,2.03292158184015,NaN,NaN,1.37501188523601,NaN,-0.170859784017832,-0.467187686437135
388.9152,1.03523194982049,-1.75362585113615,-0.459625566665417,0.418310456019047,1.1038758412695,1.10387584126863,NaN,1.93156776134406,0.74674167598537,-0.0882697106134506,-1.52086237181124,-0.0882697106130414,-0.254216763770888,-1.53947106690456,NaN,NaN,NaN,-0.506371532773417,NaN,0.754891357509902,-1.42070227731721,NaN,-0.314699534146883,NaN,NaN,0.865649320210957,NaN,NaN,-0.266241162522416,-0.675162851073629,0.440132591236285,0.386957586928113,NaN,NaN,1.05525106107684,1.34400121221832,-0.442174855848636,0.28270194821323,0.28270194821108,0.777285781025244,-1.02179412756736,NaN,NaN,-0.340991141062569,2.05263779802385,NaN,NaN,1.39843283801389,NaN,-0.179252952551844,-0.463531835550075
389.0176,0.987936573301419,-1.72588513147823,-0.486188868729913,0.397597334551288,1.09614115726155,1.09614115726071,NaN,1.94419723999809,0.748873028498838,-0.151164930986777,-1.51974910608975,-0.151164930986351,-0.219283263223138,-1.5676759855975,NaN,NaN,NaN,-0.502020380969333,NaN,0.748115343889378,-1.40130279282929,NaN,-0.320231429524835,NaN,NaN,0.835377494689692,NaN,NaN,-0.279261818055621,-0.697108329915553,0.462926383096945,0.365085023924045,NaN,NaN,1.0404541833593,1.33545592307656,-0.441146861950773,0.288194356555215,0.288194356553069,0.788000961119188,-1.02474794653239,NaN,NaN,-0.349965044033146,2.07091593487905,NaN,NaN,1.42117425976133,NaN,-0.187113888971364,-0.459195713869145
389.12,0.940319879408109,-1.69916434332103,-0.514029980772456,0.375821304689337,1.08850584787423,1.08850584787342,NaN,1.95575428387916,0.750551876909196,-0.213641235503526,-1.51697127801618,-0.213641235503083,-0.185270586571344,-1.59401942411142,NaN,NaN,NaN,-0.497993497645964,NaN,0.742101322595953,-1.38169918293719,NaN,-0.325738244325187,NaN,NaN,0.804323810783233,NaN,NaN,-0.291794680006847,-0.718364552526361,0.485701414201069,0.343205114333084,NaN,NaN,1.025016212292,1.32685437661169,-0.440135091050884,0.294550166218472,0.294550166216328,0.798384997378263,-1.02748767337532,NaN,NaN,-0.358909695860859,2.08774269755468,NaN,NaN,1.44324379496994,NaN,-0.19442868406528,-0.454124093775274
389.2224,0.892379762571644,-1.67343558167024,-0.543125866423111,0.353010511816774,1.08098486504252,1.08098486504174,NaN,1.96627196562197,0.751792770946489,-0.275666993875055,-1.5125165105488,-0.275666993874596,-0.152223825755194,-1.6184710622169,NaN,NaN,NaN,-0.494348709642076,NaN,0.736835767321272,-1.36192214769797,NaN,-0.331210665869314,NaN,NaN,0.772521108929194,NaN,NaN,-0.303780818460237,-0.738887712000624,0.508428560629134,0.321321106482997,NaN,NaN,1.00896210427973,1.3181808076829,-0.439194427054376,0.301777960486015,0.301777960483873,0.808409677282493,-1.03004441025975,NaN,NaN,-0.367852011661358,2.10310356279207,NaN,NaN,1.46464858940393,NaN,-0.201182226993573,-0.448261787938484
389.3248,0.844112037666623,-1.64866731613065,-0.573452472719695,0.329195594471488,1.07358860104445,1.07358860104371,NaN,1.97578406857297,0.752609238952246,-0.337211517945299,-1.50637549879628,-0.337211517944827,-0.120184924619091,-1.64100353226224,NaN,NaN,NaN,-0.491144188222131,NaN,0.732303864200243,-1.342002815937,NaN,-0.336639638823627,NaN,NaN,0.740004044597487,NaN,NaN,-0.315162283653446,-0.758634889023953,0.53107970470846,0.299436242049375,NaN,NaN,0.992318083570305,1.30941804920005,-0.438378122852537,0.309884780088561,0.309884780086416,0.818046846906008,-1.03244790867825,NaN,NaN,-0.376818652837287,2.1169827861283,NaN,NaN,1.48539521431483,NaN,-0.207358149542887,-0.441553806334447
389.4272,0.795510699493975,-1.62482452508668,-0.604984568008827,0.304409674329708,1.06632285692381,1.06632285692311,NaN,1.98432495821182,0.7530137978526,-0.398245006711011,-1.4985421183374,-0.398245006710526,-0.0891926224360984,-1.66159249237629,NaN,NaN,NaN,-0.488438278065597,NaN,0.728489661863238,-1.32197281961817,NaN,-0.342016298532903,NaN,NaN,0.706808976101735,NaN,NaN,-0.325882375243605,-0.777564098232009,0.553627766090732,0.27755372279852,NaN,NaN,0.97511155879139,1.30054759888361,-0.437737599148158,0.318876041108538,0.318876041106389,0.827268480946113,-1.03472643554869,NaN,NaN,-0.385835873782406,2.12936343920172,NaN,NaN,1.50548961442853,NaN,-0.212938744561377,-0.433945506102355
389.5296,0.746568220294049,-1.6018688359849,-0.637695543772247,0.278688350869587,1.05918887469812,1.05918887469745,NaN,1.99192946904109,0.75301798291109,-0.458738468998955,-1.48901352366071,-0.458738468998458,-0.0592824303142744,-1.6802166663798,NaN,NaN,NaN,-0.486289289167246,NaN,0.725376234221254,-1.30186429732813,NaN,-0.347331893312832,NaN,NaN,0.672973860673301,NaN,NaN,-0.335885889819788,-0.795634312571814,0.576046714971138,0.25567669049784,NaN,NaN,0.957371047586879,1.29154970090277,-0.437322239450935,0.328755445173955,0.328755445171808,0.836046776300439,-1.03690664752251,NaN,NaN,-0.394929368932124,2.14022749207698,NaN,NaN,1.52493708325196,NaN,-0.217904892954569,-0.425382755266195
389.632,0.69727587742651,-1.57975867087801,-0.671557188220075,0.252069700459079,1.05218342551137,1.05218342551074,NaN,1.99863279291427,0.75263238994508,-0.518663636058334,-1.47779023881781,-0.518663636057825,-0.0304866216694411,-1.69685787649226,NaN,NaN,NaN,-0.484755261920517,NaN,0.72294582748511,-1.28170984122018,NaN,-0.352577704475638,NaN,NaN,0.638538160054385,NaN,NaN,-0.345119352939084,-0.812805476020942,0.598311572903934,0.233808214585866,NaN,NaN,0.939126107888801,1.28240344072905,-0.43717917847415,0.339524869546381,0.339524869544234,0.844354270229645,-1.0390134789802,NaN,NaN,-0.404124125150601,2.14955594201174,NaN,NaN,1.54374225375781,NaN,-0.222236017494556,-0.415812125045628
389.7344,0.647624093375224,-1.5584494025143,-0.706539455973235,0.224594265800154,1.04529893610426,1.04529893610367,NaN,2.00447037111236,0.751866726188389,-0.577992877988981,-1.46487623523567,-0.577992877988458,-0.00283422556662066,-1.7115010840389,NaN,NaN,NaN,-0.483893728526317,NaN,0.721179970164485,-1.26154242967334,NaN,-0.357744966626553,NaN,NaN,0.603542752948691,NaN,NaN,-0.353531251135035,-0.829038525803943,0.620398404636052,0.211951282643626,NaN,NaN,0.920407271211719,1.27308685006628,-0.437353091613947,0.35118424298269,0.351184242980541,0.852163969374072,-1.04107004489595,NaN,NaN,-0.413444280767332,2.15732897324966,NaN,NaN,1.56190907962947,NaN,-0.225910070874379,-0.405181119025292
389.8368,0.597602767215535,-1.53789352216047,-0.742610257743602,0.196305016449163,1.0385236416846,1.03852364168405,NaN,2.00947779967715,0.750729870556612,-0.636699131719014,-1.4502789888969,-0.63669913171848,0.0236489740356463,-1.72413443184748,NaN,NaN,NaN,-0.483761490666928,NaN,0.720059548438074,-1.24139538266238,NaN,-0.362824790012873,NaN,NaN,0.568029847540391,NaN,NaN,-0.3610722761268,-0.844295442702599,0.642284299079975,0.190108795328173,NaN,NaN,0.901245973270213,1.26357702293501,-0.437885998084332,0.363731423047169,0.363731423045023,0.85944947055201,-1.0430975546968,NaN,NaN,-0.422912986963264,2.16352612781215,NaN,NaN,1.57944078582711,NaN,-0.228903574138021,-0.393438443857354
389.9392,0.547201587658088,-1.51804081522923,-0.779735277262069,0.167247269847951,1.03184177061013,1.03184177060962,NaN,2.01369075391636,0.749229946034298,-0.694755839214388,-1.43400951610142,-0.694755839213844,0.0489404255047109,-1.73474927264727,NaN,NaN,NaN,-0.484414420368511,NaN,0.719564865918583,-1.22130235810491,NaN,-0.367808090883824,NaN,NaN,0.532042886823595,NaN,NaN,-0.367695581064997,-0.858539334610359,0.663947338134111,0.168283569536524,NaN,NaN,0.881674479366107,1.2538502458979,-0.438817086535333,0.377162086360847,0.377162086358704,0.866185061079438,-1.04511523251793,NaN,NaN,-0.432552264668034,2.16812647619852,NaN,NaN,1.59633979246142,NaN,-0.231191713872317,-0.380534314889595
390.0416,0.496410333858273,-1.49883853895038,-0.817877803450202,0.137468581565683,1.02523377113979,1.02523377113932,NaN,2.01714493212618,0.747374403348515,-0.752136888826026,-1.41608239922575,-0.752136888825475,0.0730207932002382,-1.74334018741859,NaN,NaN,NaN,-0.485907277965358,NaN,0.719675707716127,-1.20129739036373,NaN,-0.372685535224413,NaN,NaN,0.495626445017319,NaN,NaN,-0.373357040681875,-0.871734547194515,0.685366561322229,0.146478344361283,NaN,NaN,0.861725804669028,1.24388214035979,-0.440182564124169,0.391469633069545,0.391469633067402,0.872345798962481,-1.04714024296252,NaN,NaN,-0.442382854804709,2.17110878880806,NaN,NaN,1.61260763883165,NaN,-0.232748483377555,-0.366420776059622
390.144,0.445219178403117,-1.48023159561091,-0.856998556185443,0.107018631219409,1.01867657412507,1.01867657412465,NaN,2.01987601122742,0.74517010839366,-0.808816553711989,-1.39651581959656,-0.80881655371143,0.0958739646740864,-1.74990502280535,NaN,NaN,NaN,-0.488293533134107,NaN,0.720371415035124,-1.18141495186588,NaN,-0.377447492724491,NaN,NaN,0.458826118519365,NaN,NaN,-0.378015509547065,-0.88384679069384,0.706521940334601,0.124695776630347,NaN,NaN,0.841433632370146,1.23364781053689,-0.442015523260326,0.40664509902634,0.406645099024197,0.87790758649214,-1.04918762653528,NaN,NaN,-0.452424069404948,2.17245171880197,NaN,NaN,1.62824493427873,NaN,-0.233546851076524,-0.351052013629384
390.2464,0.393619004639019,-1.46216269679183,-0.897055488197364,0.0759491338771163,1.01214386901187,1.01214386901149,NaN,2.02191959712792,0.742623424019444,-0.864769425768146,-1.37533160824254,-0.864769425767581,0.117487100574924,-1.75444497292507,NaN,NaN,NaN,-0.491625173804736,NaN,0.721630957791779,-1.1616900024795,NaN,-0.382083990296169,NaN,NaN,0.421688416409149,NaN,NaN,-0.381633075148375,-0.894843267299841,0.727394372072248,0.10293841746056,NaN,NaN,0.820832234578561,1.22312199129681,-0.444345817204893,0.422677068469359,0.422677068467215,0.882847258524282,-1.05127025182943,NaN,NaN,-0.462693656925678,2.1721340128951,NaN,NaN,1.64325134997703,NaN,-0.233558944381531,-0.334384651377288
390.3488,0.341601742952392,-1.44457252080088,-0.938003560045433,0.0443137892674801,1.0056063753374,1.00560637533707,NaN,2.02331115138953,0.73974028477505,-0.919970345147079,-1.35255531534074,-0.919970345146509,0.137850727588069,-1.75696470766399,NaN,NaN,NaN,-0.495952492927958,NaN,0.72343298730553,-1.14215799597552,NaN,-0.386584658661478,NaN,NaN,0.38426065582972,NaN,NaN,-0.384175301040876,-0.904692782570481,0.747965687897779,0.0812086701434954,NaN,NaN,0.799956399467849,1.21227919185009,-0.44719993692655,0.439551583471544,0.439551583469394,0.887142700162299,-1.05339878923661,NaN,NaN,-0.473207690740357,2.17013476184921,NaN,NaN,1.65762565075433,NaN,-0.232756228698751,-0.316378019985714
390.4512,0.289160721458146,-1.42739987321769,-0.979794502156752,0.0121682530667908,0.999032111836467,0.999032111836182,NaN,2.0240858926532,0.736526273664695,-0.974394328600962,-1.328216294592,-0.974394328600389,0.156958861614556,-1.75747253472385,NaN,NaN,NaN,-0.501323854487831,NaN,0.725755858111958,-1.12285483906728,NaN,-0.390938675922121,NaN,NaN,0.346590865212571,NaN,NaN,-0.385611456702005,-0.913365836117263,0.768218667590432,0.059508735787304,NaN,NaN,0.778841363935154,1.20109383257068,-0.450600887249159,0.457252049824141,0.457252049821986,0.890772989103936,-1.0555817051438,NaN,NaN,-0.483980480671243,2.16643368649863,NaN,NaN,1.6713657436214,NaN,-0.231109668006644,-0.296994405127776
390.5536,0.236291017856715,-1.41058186172054,-1.02237658855426,-0.0204299007765246,0.992386675587664,0.992386675587423,NaN,2.02427869344974,0.732986711084672,-1.02801650864241,-1.30234779724614,-1.02801650864184,0.174809137890639,-1.75598057674383,NaN,NaN,NaN,-0.507785454964354,NaN,0.728577609258979,-1.10381682603781,NaN,-0.395134714183331,NaN,NaN,0.30872769172327,NaN,NaN,-0.385914732812405,-0.920834703004061,0.788137042229252,0.0378405591546739,NaN,NaN,0.757522748556618,1.18954037455194,-0.454568069118834,0.475759146731902,0.47575914672974,0.893718542007998,-1.0578252717358,NaN,NaN,-0.495024502037926,2.1610114401929,NaN,NaN,1.68446870193175,NaN,-0.228589884212946,-0.276199296631353
390.656,0.182989796051409,-1.39405409017368,-1.06569444475193,-0.053421249207286,0.985633530993801,0.985633530993605,NaN,2.02392399852322,0.729126757117309,-1.08081209866744,-1.27498706876383,-1.08081209866686,0.191402924559758,-1.75250494581504,NaN,NaN,NaN,-0.515381103615969,NaN,0.73187589404012,-1.08508057847733,NaN,-0.399160890528901,NaN,NaN,0.27072030308692,NaN,NaN,-0.385062440206505,-0.927073523082238,0.807705476413271,0.016205787691102,NaN,NaN,0.736036493551645,1.17759344424911,-0.459117181417896,0.495050758930159,0.49505075892799,0.895961243924881,-1.06013358781402,NaN,NaN,-0.506350335443044,2.15384990665914,NaN,NaN,1.69693073554868,NaN,-0.225167349126334,-0.25396166198873
390.7584,0.12925661547619,-1.37775087022265,-1.10968890141143,-0.0867446244392214,0.978734288339794,0.978734288339645,NaN,2.02305577442476,0.724951519538826,-1.13275638967234,-1.24617543939832,-1.13275638967175,0.206745408985236,-1.74706590559822,NaN,NaN,NaN,-0.524152037118398,NaN,0.735627864169534,-1.0666830057745,NaN,-0.403004722851328,NaN,NaN,0.232618275793624,NaN,NaN,-0.383036191783307,-0.932058410419322,0.826909532678473,-0.00539425321900875,NaN,NaN,0.714418796200739,1.16522795525455,-0.46426015484571,0.515101951260437,0.51510195125826,0.897484548489215,-1.06250860726632,NaN,NaN,-0.517966609956194,2.14493247983437,NaN,NaN,1.70874711433811,NaN,-0.220812624395088,-0.230254243494846
390.8608,0.0750937073544359,-1.36160544451141,-1.15429689473952,-0.120337247542796,0.971648951217794,0.971648951217693,NaN,2.02170747836619,0.720466160200151,-1.18382477085245,-1.21595839767689,-1.18382477085187,0.220845654113461,-1.73968801146018,NaN,NaN,NaN,-0.534136768329712,NaN,0.739810047079633,-1.04866128532036,NaN,-0.406653094729242,NaN,NaN,0.194471472441513,NaN,NaN,-0.379822066359646,-0.935767584707754,0.845735624974041,-0.0269585747679942,NaN,NaN,0.692706048209851,1.15241922657052,-0.470005122992237,0.535884993058477,0.535884993056293,0.898273543314744,-1.06495017055034,NaN,NaN,-0.529879941326116,2.13424431972596,NaN,NaN,1.71991208140825,NaN,-0.215496637523128,-0.205053856904289
390.9632,0.0205062181931892,-1.34555021364993,-1.19945140614485,-0.154134885716976,0.964336129873831,0.964336129873778,NaN,2.01991202642471,0.715675998652286,-1.23399275845209,-1.18438563616199,-1.23399275845151,0.23371662381369,-1.73040021449621,NaN,NaN,NaN,-0.545370954997207,NaN,0.74439826434991,-1.03105284677796,NaN,-0.41009223612208,NaN,NaN,0.156329918673716,NaN,NaN,-0.375410750361255,-0.938181516432514,0.864170964526148,-0.0484865352919299,NaN,NaN,0.670934769319252,1.13914309686131,-0.476356427188167,0.557369424884763,0.557369424882567,0.898314982520285,-1.06745603450343,NaN,NaN,-0.542094859117883,2.12177258729639,NaN,NaN,1.73041879413634,NaN,-0.209190981226712,-0.178341672294962
391.0656,-0.0344975709676441,-1.32951696149614,-1.24508142689502,-0.188072024732735,0.956753227140314,0.956753227140314,NaN,2.01770174926777,0.71058661366322,-1.28323601810491,-1.15151106557164,-1.28323601810433,0.245375180080002,-1.71923592341563,NaN,NaN,NaN,-0.557887266233809,NaN,0.749367602057486,-1.01389533212083,NaN,-0.413307725923167,NaN,NaN,0.11824368604666,NaN,NaN,-0.369797654283486,-0.939283073007141,0.882203503989302,-0.0699778525590349,NaN,NaN,0.649141533396448,1.1253760362285,-0.483314645989297,0.57952215345406,0.579522153451851,0.897597302426957,-1.07002190294511,NaN,NaN,-0.55461372728624,2.10750667359555,NaN,NaN,1.7402593155197,NaN,-0.20186823881365,-0.150103466366518
391.168,-0.0899060359619273,-1.313437077653,-1.29111193190526,-0.222082040737821,0.948856601522333,0.948856601522385,NaN,2.01510833660173,0.705203940513101,-1.33153037320331,-1.11739280325659,-1.33153037320273,0.255842064490469,-1.70623304282598,NaN,NaN,NaN,-0.571715226872525,NaN,0.754692399284054,-0.997226505908936,NaN,-0.416284518812579,NaN,NaN,0.0802627786633933,NaN,NaN,-0.362983006648702,-0.939057655129174,0.899821893100249,-0.0914326269722487,NaN,NaN,0.62736288337173,1.11109525594577,-0.490876638415977,0.602307561050217,0.60230756104799,0.896110646711553,-1.07264146908095,NaN,NaN,-0.567436675021651,2.09143844227792,NaN,NaN,1.74942465650478,NaN,-0.193502333131932,-0.120329832841779
391.2704,-0.145704003214638,-1.29724177760115,-1.33746385390849,-0.256097360253135,0.940601713195027,0.940601713195132,NaN,2.01216277995664,0.699534362961638,-1.3788517985794,-1.08209314895142,-1.37885179857882,0.265141891473517,-1.6914340326601,NaN,NaN,NaN,-0.586881034746854,NaN,0.760346217669648,-0.981084114742778,NaN,-0.419006996040939,NaN,NaN,0.0424370180009121,NaN,NaN,-0.354971933037956,-0.937493320294017,0.917015457180368,-0.112851385591838,NaN,NaN,0.605635231068621,1.09627881310443,-0.499035592655742,0.625687618506804,0.62568761850456,0.893846917979659,-1.07530647936858,NaN,NaN,-0.580561554967168,2.07356249068089,NaN,NaN,1.75790484369937,NaN,-0.184068874116888,-0.0890163406344331
391.3728,-0.201872551218389,-1.2808623213183,-1.38405406474197,-0.290049615168385,0.931943258254684,0.93194325825484,NaN,2.00889532533403,0.693584802159672,-1.42517640429746,-1.04567855594588,-1.42517640429688,0.273303173473064,-1.67488601805436,NaN,NaN,NaN,-0.603407365437659,NaN,0.766301781743761,-0.965505724927732,NaN,-0.421459039219135,NaN,NaN,0.00481592277862527,NaN,NaN,-0.345774525801114,-0.934580899298769,0.933774193618396,-0.134235145958675,NaN,NaN,0.583994739477355,1.08090570463168,-0.50778107830791,0.649621994388109,0.649621994385848,0.890799849687246,-1.07800681884071,NaN,NaN,-0.593983934309315,2.05387641237165,NaN,NaN,1.76568897205449,NaN,-0.173545476250744,-0.0561636489521544
391.4752,-0.258388838233508,-1.26423023105045,-1.43079538455974,-0.32386980924251,0.922835288667365,0.922835288667571,NaN,2.00533544561811,0.687362802484343,-1.47048042185705,-1.00821958958573,-1.47048042185648,0.280358353561779,-1.65664091310324,NaN,NaN,NaN,-0.621313188417768,NaN,0.772530901558254,-0.950528580859667,NaN,-0.423624122996581,NaN,NaN,-0.0325514148345471,NaN,NaN,-0.335405902509597,-0.930314113465494,0.950088764300356,-0.155585481537848,NaN,NaN,0.562477189489408,1.06495594453078,-0.517099107042259,0.674068157338158,0.674068157335881,0.886965077014918,-1.08073061009612,NaN,NaN,-0.607697112833186,2.0323810315538,NaN,NaN,1.77276521511319,NaN,-0.16191204557808,-0.0217776081725359
391.5776,-0.315225974761223,-1.2472775072674,-1.4775966383908,-0.357488506150066,0.913231314862751,0.913231314863008,NaN,2.00151183601564,0.680876608760568,-1.51474020746299,-0.96979085558576,-1.51474020746242,0.286343794223138,-1.63675548459177,NaN,NaN,NaN,-0.640613611310185,NaN,0.779004399640115,-0.936189511782631,NaN,-0.425485416560255,NaN,NaN,-0.0696164531497544,NaN,NaN,-0.323886249577282,-0.92468969656894,0.965950463216461,-0.176904566414339,NaN,NaN,0.541117838037536,1.0484106211731,-0.526972209566548,0.698981472550741,0.698981472548444,0.882340186618309,-1.08346431653373,NaN,NaN,-0.621692156877822,2.00908058456123,NaN,NaN,1.7791207950489,NaN,-0.149151066495919,0.0141306238337842
391.68,-0.372352944428999,-1.22993684346673,-1.52436276462806,-0.390836041372218,0.903084400801608,0.903084400801915,NaN,1.99745242543813,0.67413522987599,-1.5579322679806,-0.930470886889878,-1.55793226798004,0.29129969581185,-1.61529131657462,NaN,NaN,NaN,-0.661319753521891,NaN,0.785692067557073,-0.922524882627584,NaN,-0.427025884180462,NaN,NaN,-0.106331321628132,NaN,NaN,-0.311240851029681,-0.917707521808803,0.981351155058817,-0.198195189335609,NaN,NaN,0.519951275730177,1.03125193721534,-0.537379535324776,0.724315296352026,0.724315296349713,0.876924735796338,-1.0861928430367,NaN,NaN,-0.635957938239624,1.98398283948924,NaN,NaN,1.78474194075562,NaN,-0.135247909168641,0.0515444408754029
391.7824,-0.429734561057493,-1.21214184564552,-1.57099496734929,-0.423842755291385,0.892347270843772,0.89234727084413,NaN,1.99318439453772,0.667148489197834,-1.60003330552692,-0.890341985792311,-1.60003330552637,0.295269948206438,-1.59231467941361,NaN,NaN,NaN,-0.683438640043175,NaN,0.792562665349821,-0.909570563354518,NaN,-0.428228386285887,NaN,NaN,-0.142648933935727,NaN,NaN,-0.297500096512575,-0.909370725344315,0.996283190505159,-0.219460736669958,NaN,NaN,0.499011288901337,1.01346323651724,-0.548296977705103,0.750021076946663,0.750021076944338,0.870720244496446,-1.08889963208141,NaN,NaN,-0.650481172238662,1.95709916076404,NaN,NaN,1.78961387326724,NaN,-0.120191140084223,0.0904416383051553
391.8848,-0.48733144404333,-1.19382726355483,-1.61739089938042,-0.456439236776693,0.880972439256168,0.880972439256576,NaN,1.98873419715892,0.65992706380727,-1.64102027558059,-0.84949002012267,-1.64102027558004,0.298301923002126,-1.56789631353633,NaN,NaN,NaN,-0.706973103926568,NaN,0.799583952816555,-0.897361890637294,NaN,-0.429075794502489,NaN,NaN,-0.178523088139597,NaN,NaN,-0.282699451904413,-0.899685805103511,1.01073930207686,-0.240705142461494,NaN,NaN,0.478330727421896,0.99502901921602,-0.559697322771757,0.776048470236068,0.776048470233732,0.863730175804936,-1.0915667587475,NaN,NaN,-0.665246458842271,1.92844453475881,NaN,NaN,1.7937208463447,NaN,-0.103972811387315,0.130794277007218
391.9872,-0.545099996650234,-1.17492923714015,-1.66344486233193,-0.488556562838624,0.8689123555307,0.868912355531155,NaN,1.98412758286707,0.652482512494721,-1.68087045472361,-0.808004175911203,-1.68087045472306,0.300446213713927,-1.54211113830608,NaN,NaN,NaN,-0.731921687228635,NaN,0.80672272915204,-0.885933605671108,NaN,-0.429551133183219,NaN,NaN,-0.213908552422261,NaN,NaN,-0.266879379189756,-0.888662673343967,1.02471248431311,-0.261932805156278,NaN,NaN,0.457941377509439,0.975934944710954,-0.571550413676804,0.802345468036051,0.802345468033708,0.855959926225267,-1.09417503199709,NaN,NaN,-0.680236339633724,1.89803757421927,NaN,NaN,1.79704624483268,NaN,-0.0865887390683228,0.172568580712687
392.0896,-0.602992380428826,-1.15538555823347,-1.70904801624877,-0.520126525721475,0.85611955345501,0.856119553455514,NaN,1.97938961455226,0.644827290741757,-1.71956151524621,-0.765976675211869,-1.71956151524567,0.301756338734967,-1.51503790642358,NaN,NaN,NaN,-0.758278536357979,NaN,0.813944865344593,-0.875319770228139,NaN,-0.429637748400484,NaN,NaN,-0.248761140438807,NaN,NaN,-0.250085206423437,-0.876314656696454,1.03819586600284,-0.283148479060295,NaN,NaN,0.437873836603535,0.956167822207068,-0.58382332071854,0.828858522984201,0.828858522981855,0.847416840115511,-1.0967041092236,NaN,NaN,-0.69543138461943,1.86590051171546,NaN,NaN,1.79957272388308,NaN,-0.0680387965152153,0.215724879153734
392.192,-0.660956494266246,-1.13513594641439,-1.75408860719356,-0.551081846296187,0.842546802726141,0.842546802726693,NaN,1.97454467485482,0.636974748159743,-1.7570716094022,-0.723502468575008,-1.75707160940168,0.302288421600154,-1.48675882603611,NaN,NaN,NaN,-0.786033299814137,NaN,0.821215328158211,-0.865553682146844,NaN,-0.429319494132108,NaN,NaN,-0.283037780506682,NaN,NaN,-0.232366955348295,-0.86265845355228,1.05118258120207,-0.304357152894421,NaN,NaN,0.418157385642533,0.935715584654833,-0.596480513943004,0.855532661972003,0.855532661969654,0.838110246095158,-1.09913262614941,NaN,NaN,-0.710810314781337,1.83205917683952,NaN,NaN,1.80128236505512,NaN,-0.0483272141347905,0.26021759806911
392.2944,-0.718935979130298,-1.11412233787909,-1.79845223475925,-0.581356381159487,0.828147277153944,0.828147277154545,NaN,1.96961645778637,0.628939103285084,-1.79337947025684,-0.680678905225642,-1.79337947025633,0.302100852229345,-1.45735916098333,NaN,NaN,NaN,-0.815171043778477,NaN,0.828498211054305,-0.856667807960379,NaN,-0.428580920112281,NaN,NaN,-0.316696577821219,NaN,NaN,-0.213779130384801,-0.847714066713542,1.06366563931542,-0.32556392353512,NaN,NaN,0.398819855168983,0.91456724021299,-0.609484045808266,0.88231160030178,0.882311600299429,0.828051498169133,-1.10143833729046,NaN,NaN,-0.726350154375025,1.79654293986096,NaN,NaN,1.80215682892299,NaN,-0.0274628263422937,0.305995285856982
392.3968,-0.776870267556365,-1.0922891868415,-1.8420221799236,-0.610885341001845,0.812874765601818,0.812874765602466,NaN,1.96462794718572,0.620735397332704,-1.8284645320815,-0.637605377114589,-1.828464532081,0.301253922504613,-1.42692680616519,NaN,NaN,NaN,-0.845672197505808,NaN,0.835756800584918,-0.848693728949104,NaN,-0.427407449882898,NaN,NaN,-0.349696868754269,NaN,NaN,-0.19438046681888,-0.831504726024603,1.07563779041034,-0.346773865829697,NaN,NaN,0.379887485146166,0.892712801725286,-0.622793755438039,0.909137878024487,0.909137878022138,0.817254000967918,-1.10359825797028,NaN,NaN,-0.74202639959709,1.75938460712704,NaN,NaN,1.80217749516535,NaN,-0.00545920666986207,0.353000667195608
392.4992,-0.834694683240055,-1.0695837803676,-1.88467979993211,-0.639605538114415,0.796683947653043,0.796683947653738,NaN,1.95960138784276,0.612379434552498,-1.86230706680117,-0.594382931286782,-1.86230706680068,0.299809430446697,-1.39555183008154,NaN,NaN,NaN,-0.877512531410261,NaN,0.842953700229506,-0.84166208698245,NaN,-0.425785548315026,NaN,NaN,-0.381999272254387,NaN,NaN,-0.174233635266394,-0.814056803607772,1.08709138377608,-0.367991895004163,NaN,NaN,0.361384780655163,0.870143201833665,-0.63636750216731,0.935953034579619,0.935953034577266,0.805733208649124,-1.10558880127255,NaN,NaN,-0.757813192862569,1.72062026675905,NaN,NaN,1.80132559406392,NaN,0.0176653223888339,0.401170724184286
392.6016,-0.892340582695324,-1.04595656857234,-1.92630498316336,-0.667455668339385,0.779530733949778,0.77953073395052,NaN,1.95455824971326,0.603887714168588,-1.8948883285966,-0.55111384956764,-1.89488832859612,0.297830265000211,-1.36332598922757,NaN,NaN,NaN,-0.910663161117709,NaN,0.850051015978478,-0.835602519271393,NaN,-0.423702885665998,NaN,NaN,-0.413565745956121,NaN,NaN,-0.15340490847874,-0.795399716365454,1.09801822454809,-0.38922262065967,NaN,NaN,0.343334364642692,0.846850202780654,-0.650161429270475,0.962697825940822,0.962697825938466,0.793506602634135,-1.1073859103462,NaN,NaN,-0.773683502003471,1.68028909599555,NaN,NaN,1.79958234515474,NaN,0.0418877888895228,0.450436816074845
392.704,-0.949735524038944,-1.02136151270222,-1.9667766499202,-0.694376620863798,0.761372663126689,0.761372663127477,NaN,1.94951917661471,0.595277354403143,-1.92619069553433,-0.507901201234944,-1.92619069553387,0.295380002020052,-1.33034223947853,NaN,NaN,NaN,-0.945090565254453,NaN,0.857010598373058,-0.830543570915925,NaN,-0.421148506556631,NaN,NaN,-0.444359651619506,NaN,NaN,-0.131963807768011,-0.775565811257102,1.10840944084948,-0.410470198688544,NaN,NaN,0.325756826977558,0.822826308990961,-0.664130252659967,0.989312476927352,0.989312476924996,0.780593664278661,-1.10896519184714,NaN,NaN,-0.789609312163519,1.63843314850839,NaN,NaN,1.79692912524046,NaN,0.067180763605594,0.500724851311327
392.8064,-1.00680344960704,-0.995756454194776,-2.00597328740612,-0.720311806515371,0.742169364757107,0.742169364757941,NaN,1.94450391254298,0.586566009977,-1.9561977991319,-0.464848377066421,-1.95619779913145,0.29252253319461,-1.2966942670606,NaN,NaN,NaN,-0.980756608048803,NaN,0.863794322832937,-0.826512576199371,NaN,-0.418113007891127,NaN,NaN,-0.474345833024484,NaN,NaN,-0.109982747236473,-0.754590232003712,1.1182553766656,-0.43173819192333,NaN,NaN,0.308670568650984,0.798064689686973,-0.67822756664781,1.01573695623292,1.01573695623057,0.767015861044329,-1.11030205888664,NaN,NaN,-0.805561840334466,1.59509714127134,NaN,NaN,1.79334767905198,NaN,0.0935126208704522,0.551955518732871
392.9088,-1.06346488173541,-0.969103504252009,-2.04377351773545,-0.745207497179995,0.72188310285569,0.721883102856572,NaN,1.93953121101209,0.57777178793002,-1.98489464324795,-0.422058612493458,-1.98489464324751,0.289321721108777,-1.26247603488138,NaN,NaN,NaN,-1.0176185650045,NaN,0.870364368829629,-0.823535510579208,NaN,-0.414588720967436,NaN,NaN,-0.503490712733892,NaN,NaN,-0.0875366879712415,-0.73251077226832,1.12754552170257,-0.453029448583061,NaN,NaN,0.292091638671528,0.772559116532465,-0.692406159691863,1.04191126011578,1.04191126011342,0.752796659497848,-1.11137189302849,NaN,NaN,-0.821511780154352,1.55032825819614,NaN,NaN,1.78882036475571,NaN,0.120847837073477,0.604044577179803
393.0112,-1.11963714806738,-0.941369444847902,-2.08005670863808,-0.769013169809605,0.700479384938749,0.700479384939679,NaN,1.93461874205811,0.568913168924006,-2.01226772520343,-0.379634506709869,-2.012267725203,0.285841058684998,-1.22778132134552,NaN,NaN,NaN,-1.05562915152837,NaN,0.87668345387503,-0.821636820334748,NaN,-0.410569885461418,NaN,NaN,-0.531762416688726,NaN,NaN,-0.0647028090885622,-0.709367728933534,1.13626848069863,-0.474346001904144,NaN,NaN,0.276033558788708,0.746303918208386,-0.706618334607527,1.06777568721146,1.0677756872091,0.737961568225439,-1.11215023074001,NaN,NaN,-0.837429577730224,1.50417598409647,NaN,NaN,1.78333041410896,NaN,0.149147302323485,0.656903200593626
393.1136,-1.17523465755912,-0.91252612647038,-2.11470363667627,-0.791681847293119,0.677927587689463,0.677927587690441,NaN,1.92978300744374,0.560008941878954,-2.03830517296198,-0.337677543791722,-2.03830517296155,0.282143316369303,-1.19270323342202,NaN,NaN,NaN,-1.09473655017413,NaN,0.882714997571124,-0.820839226102647,NaN,-0.406052800750877,NaN,NaN,-0.559130930628021,NaN,NaN,-0.041560196531661,-0.685203771032017,1.14441197580505,-0.495688988501451,NaN,NaN,0.260507134430067,0.719293953350358,-0.720816228159284,1.09327108552322,1.09327108552085,0.722538205371959,-1.11261296958871,NaN,NaN,-0.853285729796658,1.45669197748612,NaN,NaN,1.77686219323844,NaN,0.178368623835326,0.710438373937002
393.216,-1.23016923469292,-0.88255084750944,-2.14759719749058,-0.813170426914473,0.654201548685611,0.654201548686634,NaN,1.92503926433551,0.55107815971618,-2.06299690087726,-0.296287622924502,-2.06299690087685,0.278290173940763,-1.15733369542193,NaN,NaN,NaN,-1.13488443063498,NaN,0.888423216332957,-0.821163488026094,NaN,-0.401035945141017,NaN,NaN,-0.585568282399767,NaN,NaN,-0.0181895469021039,-0.660063834235172,1.15196287207631,-0.517058580698538,NaN,NaN,0.245520261080433,0.691524605044308,-0.734952125153905,1.11833905924388,1.11833905924152,0.706556383439806,-1.11273658266861,NaN,NaN,-0.869051090940574,1.40792998324206,NaN,NaN,1.76940146169819,NaN,0.208466401004813,0.764553326743325
393.3184,-1.28435049875761,-0.851426700094987,-2.17862313489487,-0.833439987921464,0.62928010104631,0.629280101047378,NaN,1.92040145923893,0.542140124144467,-2.08633477472262,-0.255562608871737,-2.08633477472222,0.274341850777598,-1.12176293677806,NaN,NaN,NaN,-1.17601196515835,NaN,0.893773169372568,-0.822628132754115,NaN,-0.395520063983555,NaN,NaN,-0.611048737372235,NaN,NaN,0.00532711253801655,-0.633995041037356,1.15890721597665,-0.538453928844965,NaN,NaN,0.231077742975133,0.662991798300677,-0.748978765536742,1.1429221356337,1.14292213563135,0.69004820219196,-1.11249833145343,NaN,NaN,-0.884697177409589,1.35794577752235,NaN,NaN,1.76093563154213,NaN,0.239392465549293,0.819147980222624
393.4208,-1.33768626168603,-0.819142868982441,-2.20767074764098,-0.852456072345709,0.603147555368948,0.603147555370058,NaN,1.91588218615181,0.533214404702018,-2.10831277373738,-0.215597917460838,-2.10831277373699,0.27035675894194,-1.08607901025178,NaN,NaN,NaN,-1.2180538560574,NaN,0.898730783121591,-0.825249166333562,NaN,-0.389508231261548,NaN,NaN,-0.635548991919519,NaN,NaN,0.0289066829912419,-0.607046636016136,1.16523027540877,-0.559873110671308,NaN,NaN,0.217181136114043,0.633692035919666,-0.762849649542624,1.16696390065096,1.1669639006486,0.673048133153039,-1.11187647059586,NaN,NaN,-0.90019645497804,1.30679713010431,NaN,NaN,1.75145402609113,NaN,0.271096094093095,0.87411938562215
393.5232,-1.39008291953599,-0.785694876839625,-2.23463354055459,-0.870188931955305,0.575794144073728,0.57579414407488,NaN,1.91149268271319,0.524320888188143,-2.12892714065016,-0.176486149226661,-2.12892714064978,0.266391197415986,-1.0503673622234,NaN,NaN,NaN,-1.26094039444228,NaN,0.903262870392128,-0.829039806479211,NaN,-0.383005882689485,NaN,NaN,-0.659048351329405,NaN,NaN,0.0524652322937838,-0.579269921090025,1.17091657149249,-0.581313087044599,NaN,NaN,0.203828617065708,0.603622445916626,-0.776519345144193,1.19040911126378,1.19040911126142,0.655593075201695,-1.11085043833531,NaN,NaN,-0.915522598894195,1.25454376841385,NaN,NaN,1.74094813581047,NaN,0.303524202280244,0.929362147628425
393.6256,-1.44144582920374,-0.751084775260645,-2.25940981022612,-0.886613729200488,0.547216436845647,0.547216436846841,NaN,1.9072428583576,0.51547984499449,-2.14817651687353,-0.138316775233329,-2.14817651687317,0.26249909249733,-1.01471046354808,NaN,NaN,NaN,-1.30459755408564,NaN,0.907337143923418,-0.834010252981549,NaN,-0.37602081751585,NaN,NaN,-0.681528885885277,NaN,NaN,0.0759182177581155,-0.550718179779376,1.17594990166651,-0.602769666488812,NaN,NaN,0.191014875955134,0.57278083885094,-0.789943785732512,1.21320379087415,1.2132037908718,0.637722370581065,-1.10940102727157,NaN,NaN,-0.930650718934664,1.20124733706043,NaN,NaN,1.72941186520961,NaN,0.336621526229388,0.984768838199063
393.728,-1.49167968192809,-0.715321279676623,-2.28190317624255,-0.901710680724613,0.517417720833634,0.517417720834866,NaN,1.90314133120153,0.506711997106176,-2.16606206554184,-0.101175866434448,-2.16606206554148,0.258731783536021,-0.979187503486175,NaN,NaN,NaN,-1.34894710810589,NaN,0.910922215409655,-0.840167492460657,NaN,-0.368563175741502,NaN,NaN,-0.702975568298494,NaN,NaN,0.0991806984910084,-0.521446586552225,1.18031336199822,-0.624237479929658,NaN,NaN,0.178731035412962,0.54116577931647,-0.803080528861475,1.23529531831956,1.23529531831722,0.619477785500904,-1.10751053436234,NaN,NaN,-0.945557548071885,1.1469713606433,NaN,NaN,1.71684175888091,NaN,0.370330798071385,1.0402304051776
393.8304,-1.54068889203827,-0.678419840043992,-2.30202307077988,-0.915465139580413,0.486408331194951,0.486408331196221,NaN,1.89919545138256,0.498038578771699,-2.18258758192257,-0.0651458507437234,-2.18258758192223,0.255137856063042,-0.94387414869327,NaN,NaN,NaN,-1.39390675360273,NaN,0.913987571873582,-0.847515124195538,NaN,-0.360645402618278,NaN,NaN,-0.723376396784091,NaN,NaN,0.122167539265026,-0.491512102845342,1.18398937538587,-0.645709963902477,NaN,NaN,0.166964597649453,0.508776676347179,-0.815888951158486,1.25663252452594,1.2566325245236,0.600903463899228,-1.10516289269564,NaN,NaN,-0.96022159497595,1.09178122490681,NaN,NaN,1.70323719338397,NaN,0.404592924100002,1.09563657678351
393.9328,-1.58837801239907,-0.64040263254344,-2.31968518568014,-0.92786761459784,0.454205921732012,0.454205921733318,NaN,1.89541129910188,0.489481391189112,-2.19775958223443,-0.0303052843138764,-2.1977595822341,0.251763032623789,-0.90884237294794,NaN,NaN,NaN,-1.43939023816042,NaN,0.916503527029451,-0.856053199918384,NaN,-0.352282207734888,NaN,NaN,-0.742722500712955,NaN,NaN,0.144793608759873,-0.46097336196793,1.18695972856549,-0.667179352368204,NaN,NaN,0.15569942083927,0.475613893968144,-0.828330374238284,1.27716580893984,1.27716580893751,0.582045857756473,-1.10234378901243,NaN,NaN,-0.97462326039055,1.03574418856331,NaN,NaN,1.68860052572414,NaN,0.439347170575872,1.15087625954141
394.0352,-1.63465217996572,-0.601298456296071,-2.33481186622315,-0.938913722143937,0.42083566741966,0.420835667421001,NaN,1.89179365966737,0.481062862414084,-2.21158735925615,0.00327137101744435,-2.21158735925582,0.24865013933533,-0.874160368042272,NaN,NaN,NaN,-1.48530749211525,NaN,0.918441154322556,-0.865778077482695,NaN,-0.343490520582353,NaN,NaN,-0.761008220922165,NaN,NaN,0.166973976190229,-0.429890541360401,1.18920562318075,-0.688636685344841,NaN,NaN,0.144915727314315,0.441678878873399,-0.840368129069162,1.29684728143079,1.29684728142848,0.562953634069175,-1.09904077205963,NaN,NaN,-0.988744919730884,0.978929428625671,NaN,NaN,1.67293719407254,NaN,0.474531355094109,1.20583792129146
394.1376,-1.67941759068842,-0.561142529791915,-2.34733244594438,-0.948604072561805,0.386330381725422,0.386330381726797,NaN,1.88834599461275,0.472806125699823,-2.22408299762191,0.0355139690447653,-2.2240829976216,0.245839159739031,-0.839892541752712,NaN,NaN,NaN,-1.53156477396159,NaN,0.919772216275441,-0.876682285353526,NaN,-0.334289442673648,NaN,NaN,-0.778231159713453,NaN,NaN,0.188624108409152,-0.398325220030555,1.19070774880266,-0.710071847427926,NaN,NaN,0.134590143866733,0.406974297590291,-0.851967569753864,1.31563092589083,1.31563092588852,0.543677560825416,-1.09524335797555,NaN,NaN,-1.00257097922065,0.921408110002301,NaN,NaN,1.65625577203222,NaN,0.510082037990242,1.26040995207701
394.24,-1.72258200278661,-0.519976200345154,-2.3571835335169,-0.956944109891837,0.350730525339301,0.350730525340706,NaN,1.88507043205186,0.464735120087837,-2.23526135092945,0.0663569006017283,-2.23526135092915,0.243367367177003,-0.806099593256777,NaN,NaN,NaN,-1.57806483741389,NaN,0.920469102649682,-0.888754391249357,NaN,-0.324700195147041,NaN,NaN,-0.794392199808707,NaN,NaN,0.209660064813479,-0.366340224048892,1.19144638025261,-0.731473643052053,NaN,NaN,0.124695768008025,0.371504170958151,-0.863096052034453,1.33347277325621,1.3334727732539,0.52427037430534,-1.09094313432852,NaN,NaN,-1.01608791293343,0.863253458004438,NaN,NaN,1.63856797919805,NaN,0.545934713481648,1.31448100606879
394.3424,-1.76405526974561,-0.47784659347155,-2.36430927760177,-0.963943928380684,0.314084094767936,0.314084094769371,NaN,1.88196778660998,0.456874702494664,-2.24513999497142,0.0957393098513667,-2.24513999497112,0.241269510225704,-0.772838641199281,NaN,NaN,NaN,-1.62470713533597,NaN,0.920504778468798,-0.901978875327119,NaN,-0.314746056960536,NaN,NaN,-0.809495491598687,NaN,NaN,0.22999868186291,-0.333999466078562,1.19140149071965,-0.7528299036894,NaN,NaN,0.115202250003793,0.335273992910012,-0.873722897293747,1.35033107115956,1.35033107115726,0.504786621648068,-1.08613385236839,NaN,NaN,-1.0292842791044,0.804540804720989,NaN,NaN,1.61988864774249,NaN,0.582024008978403,1.36794033715633
394.4448,-1.8037499006905,-0.43480622798244,-2.36866163052401,-0.969618075304538,0.276446403375604,0.276446403377071,NaN,1.87903760588037,0.449250752180991,-2.25373917633961,0.123605293693487,-2.25373917633932,0.239578023511177,-0.740163375658932,NaN,NaN,NaN,-1.67138808028758,NaN,0.919852736583869,-0.916336019189722,NaN,-0.304452284123165,NaN,NaN,-0.823548408680082,NaN,NaN,0.249557739784138,-0.301367780661143,1.19055286645925,-0.774127618420578,NaN,NaN,0.106075881767394,0.298290825786935,-0.883819362370708,1.36616644511504,1.36616644511275,0.4852824647818,-1.08081149122351,NaN,NaN,-1.0421507068728,0.745347586283669,NaN,NaN,1.60023564835,NaN,0.618283903779235,1.42067814362687
394.5472,-1.84158163893808,-0.390912603983377,-2.37020060723545,-0.973985330750531,0.237879781573668,0.237879781575165,NaN,1.87627823127129,0.441890252033691,-2.26108176653435,0.149904071019321,-2.26108176653407,0.238323248768427,-0.70812421587159,NaN,NaN,NaN,-1.71800137300163,NaN,0.91848695627194,-0.931801828858359,NaN,-0.29384600072499,NaN,NaN,-0.836561477467757,NaN,NaN,0.268256115395576,-0.268510749225448,1.18888021636108,-0.795353087148029,NaN,NaN,0.0972796895069172,0.260563371267472,-0.893358621487305,1.38094205349253,1.38094205349024,0.465815436374319,-1.07497428842043,NaN,NaN,-1.05467984980336,0.685753286916807,NaN,NaN,1.57962978416906,NaN,0.654647974746507,1.4725859308519
394.6496,-1.87747005246116,-0.346227747915021,-2.36889451830319,-0.977068449061456,0.198453215984284,0.19845321598581,NaN,1.87368685843747,0.434821338868967,-2.2671932203779,0.17459011429937,-2.26719322037763,0.237533666529345,-0.67676847084216,NaN,NaN,NaN,-1.76443839588829,NaN,0.916381879158467,-0.948348012178857,NaN,-0.282956058243496,NaN,NaN,-0.848548290460676,NaN,NaN,0.286013933263494,-0.235494505520023,1.18636328272556,-0.816492102845512,NaN,NaN,0.0887735326187122,0.222102018508893,-0.902315749386203,1.39462373871538,1.39462373871309,0.446444148613249,-1.06862274290526,NaN,NaN,-1.06686631128684,0.625839336910634,NaN,NaN,1.55809465596044,NaN,0.691049672147381,1.52355688912256
394.752,-1.91133913495821,-0.300817697363926,-2.36472015980851,-0.978893858114537,0.158241932093217,0.158241932094772,NaN,1.87125958856999,0.428073314823909,-2.27210153504348,0.197623244603046,-2.27210153504322,0.237236141481894,-0.646140505284091,NaN,NaN,NaN,-1.81058866067978,NaN,0.913512412266597,-0.965942019809928,NaN,-0.2718128665564,NaN,NaN,-0.859525408211574,NaN,NaN,0.302752720706664,-0.202385518118756,1.1829819639503,-0.837530166295968,NaN,NaN,0.0805142110356943,0.182918870405307,-0.910667696783222,1.40718017103872,1.40718017103644,0.42722796002432,-1.06175959479632,NaN,NaN,-1.07870654717769,0.565688965541865,NaN,NaN,1.53565649493748,NaN,0.727422625700848,1.57348627844039
394.8544,-1.94311790662341,-0.254751932856955,-2.35766295477389,-0.97949132852853,0.117326914786159,0.117326914787745,NaN,1.86899145997947,0.421676605263575,-2.27583720477014,0.21896869770874,-2.27583720476988,0.237456177546445,-0.61628191041767,NaN,NaN,NaN,-1.85634029727626,NaN,0.909853956566807,-0.98454713080076,NaN,-0.26044820706624,NaN,NaN,-0.869512251520623,NaN,NaN,0.318395565627303,-0.169250357356695,1.17871645702104,-0.85845273114072,NaN,NaN,0.0724555798251366,0.143027749133905,-0.91839326358428,1.41858297494332,1.41858297494105,0.408226609445039,-1.05438978269484,NaN,NaN,-1.09019874900305,0.505387004564337,NaN,NaN,1.51234396677523,NaN,0.76370097787169,1.62227181292527
394.9568,-1.9727409856942,-0.208102787844408,-2.34771704280552,-0.97889363257357,0.07579435489365,0.0757943548952669,NaN,1.866876436107,0.415662649531323,-2.27843316022439,0.238597172117449,-2.27843316022414,0.238218171906474,-0.587231676523051,NaN,NaN,NaN,-1.90158057027498,NaN,0.90538245154624,-1.00412254364921,NaN,-0.248895043160635,NaN,NaN,-0.878530989730991,NaN,NaN,0.332867282293006,-0.136155460005818,1.17354742311357,-0.879245474274878,NaN,NaN,0.0645486688375211,0.102444183024684,-0.925473077339897,1.42880682637798,1.42880682637571,0.389499833576552,-1.04652038598966,NaN,NaN,-1.10134271489764,0.445019644943581,NaN,NaN,1.48818796294372,NaN,0.799819738853109,1.66981403638647
395.0592,-2.00014909508133,-0.160944870826282,-2.33488530972484,-0.977136211255875,0.033735007864446,0.0337350078660918,NaN,1.86490732295451,0.410063722367209,-2.27992468013286,0.256484866588166,-2.27992468013262,0.239545651083374,-0.559026360972999,NaN,NaN,NaN,-1.94619641187974,NaN,0.900074426063884,-1.02462344549897,NaN,-0.237187340346234,NaN,NaN,-0.886606431803247,NaN,NaN,0.346094595217454,-0.103166901397303,1.167456170901,-0.899894582758111,NaN,NaN,0.0567418057466873,0.061185375246175,-0.931889577009956,1.43782951102768,1.43782951102542,0.371106985110533,-1.03816056426325,NaN,NaN,-1.11213971801832,0.384674155717043,NaN,NaN,1.46322139469289,NaN,0.83571515818903,1.71601667914751
395.1616,-2.02528948070929,-0.113354519650865,-2.31917934980158,-0.974256860350859,-0.00875653763891748,-0.00875653763724521,NaN,1.86307560000667,0.404912690029995,-2.28034927146359,0.272613505752804,-2.28034927146336,0.241461470212774,-0.531700242072607,NaN,NaN,NaN,-1.9900749649055,NaN,0.893907045608539,-1.04600106101299,NaN,-0.225359898150729,NaN,NaN,-0.893765917964263,NaN,NaN,0.358006344825819,-0.0703501753484881,1.16042484569877,-0.920387046223117,NaN,NaN,0.048980739818287,0.0192701518416144,-0.937627003723505,1.4456319371616,1.44563193715934,0.35310665950446,-1.02932149870849,NaN,NaN,-1.12259237755451,0.324438569008498,NaN,NaN,1.43747899051615,NaN,0.871325111447021,1.76078698814828
395.264,-2.04811623870199,-0.0654092937106355,-2.30061936265226,-0.970295435837048,-0.0515826622527349,-0.0515826622510365,NaN,1.86137116727967,0.400242701405341,-2.27974652361615,0.286970347622922,-2.27974652361592,0.243987961227415,-0.505285449344771,NaN,NaN,NaN,-2.03310413123916,NaN,0.886858145216469,-1.06820269746222,NaN,-0.213448187166256,NaN,NaN,-0.900039203367013,NaN,NaN,0.368533708163717,-0.0377699768036193,1.15243661686909,-0.940710946930822,NaN,NaN,0.0412087637857112,-0.023281111816096,-0.942671409380606,1.45219810070635,1.45219810070409,0.335556331485615,-1.02001633019106,NaN,NaN,-1.13270453164059,0.264401329165206,NaN,NaN,1.41099708910553,NaN,0.906589499907989,1.80403602590573
395.3664,-2.06859056194952,-0.0171875036767043,-2.27923399600725,-0.96529357379434,-0.0946435575623148,-0.0946435575605936,NaN,1.85978204430686,0.396086820474376,-2.27815794649666,0.29954817249162,-2.27815794649644,0.247147020680041,-0.479812064726664,NaN,NaN,NaN,-2.07517311801353,NaN,0.878906243232634,-1.09117180111266,NaN,-0.201488184221013,NaN,NaN,-0.905458328656468,NaN,NaN,0.377610422159239,-0.00548998476336705,1.14347586200497,-0.960855740881922,NaN,NaN,0.0333668376601542,-0.0664465798351353,-0.947010696138738,1.45751500364858,1.45751500364633,0.318512003064759,-1.01026008506328,NaN,NaN,-1.14248110929831,0.204650908657214,NaN,NaN,1.38381342568226,NaN,0.941450651732889,1.84567893470296
395.4688,-2.08668091794888,0.0312322224038563,-2.25506014629298,-0.959294422236164,-0.137838076231882,-0.137838076230139,NaN,1.85829408821688,0.392477625884064,-2.27562680623094,0.310345260650321,-2.27562680623074,0.25096013359305,-0.455308195053066,NaN,NaN,NaN,-2.11617297338296,NaN,0.870030543458906,-1.11484803748312,NaN,-0.1895162042332,NaN,NaN,-0.910057480257391,NaN,NaN,0.38517299969965,0.0264273533573487,1.13352834467038,-0.980812520539458,NaN,NaN,0.0253937264114006,-0.11020304871245,-0.950634691667281,1.46157253053952,1.46157253053728,0.302027867579139,-1.00006958291232,NaN,NaN,-1.15192799853918,0.14527540494599,NaN,NaN,1.3559669188096,NaN,0.975853702679433,1.88563515898347
395.5712,-2.10236316303421,0.0797713371225261,-2.22814272219633,-0.952342387319421,-0.181064570051566,-0.181064570049803,NaN,1.85689078677194,0.389446811113108,-2.27219797239717,0.319365366650683,-2.27219797239697,0.25544834053056,-0.431800022372604,NaN,NaN,NaN,-2.15599710891303,NaN,0.860210941491296,-1.13916740498102,NaN,-0.177568732835324,NaN,NaN,-0.913872848114305,NaN,NaN,0.391160938221153,0.0579210355153336,1.12258138010808,-1.00057425026494,NaN,NaN,0.0172261642024123,-0.154526035260935,-0.953535253523587,1.46436329377882,1.46436329377658,0.286155994720605,-0.989463326344373,NaN,NaN,-1.16105190923666,0.0863621378257156,NaN,NaN,1.32749746687734,NaN,1.00974693748717,1.92382861855991
395.6736,-2.11562059430881,0.128351737261429,-2.19853437135211,-0.94448289891454,-0.22422170679824,-0.224221706796456,NaN,1.85555313652186,0.387024808533656,-2.26791777973975,0.326617690113803,-2.26791777973956,0.260632164706161,-0.409311840682563,NaN,NaN,NaN,-2.19454180858154,NaN,0.849428048818821,-1.16406238325508,NaN,-0.16568226700294,NaN,NaN,-0.916942483090634,NaN,NaN,0.395516927565536,0.0889317153195829,1.11062398649289,-1.02013596819915,NaN,NaN,0.00879905528540232,-0.199389853742283,-0.955706387543521,1.46588246094165,1.46588246093941,0.270946039693428,-0.978461376414191,NaN,NaN,-1.16986023092584,0.0279972609505699,NaN,NaN,1.29844576120303,NaN,1.04308208723591,1.96018783247563
395.776,-2.12644394726015,0.176896098952969,-2.16629517337559,-0.935762198022569,-0.267209260151735,-0.267209260149928,NaN,1.85425959028127,0.385240448841324,-2.2628338937434,0.332116831918671,-2.26283389374322,0.266531514563323,-0.38786608344194,NaN,NaN,NaN,-2.23170672072661,NaN,0.837663238524439,-1.18946211127514,NaN,-0.153893170985325,NaN,NaN,-0.919306145862722,NaN,NaN,0.39818706126406,0.119401899748531,1.09764702233423,-1.03949494886111,NaN,NaN,4.57202459890657e-05,-0.244767677785799,-0.957144364821304,1.46612756984797,1.46612756984573,0.256444976140987,-0.96708521588229,NaN,NaN,-1.17836088557411,-0.0297346073167313,NaN,NaN,1.26885312093133,NaN,1.07581458641504,1.99464600057421
395.8784,-2.1348313503537,0.225328191424741,-2.13149230526416,-0.926227141342189,-0.309928859402997,-0.309928859401167,NaN,1.85298606633395,0.384120657335964,-2.25699516674941,0.33588271638351,-2.25699516674923,0.273165567849401,-0.367483339717788,NaN,NaN,NaN,-2.26739532512515,NaN,0.824898706090602,-1.21529259153614,NaN,-0.14223755083824,NaN,NaN,-0.921005141859177,NaN,NaN,0.399121046447279,0.149276119229287,1.08364331061699,-1.05865082384058,NaN,NaN,-0.0091018089244738,-0.290631585143661,-0.957847827252505,1.4650983263382,1.46509832633596,0.242696850018952,-0.955357601402355,NaN,NaN,-1.18656217587415,-0.0867507305770298,NaN,NaN,1.23876135209755,NaN,1.10790379208746,2.02714104967169
395.9808,-2.14078823517862,0.273573166345572,-2.09419968031674,-0.915925014369759,-0.352284680339963,-0.35228468033811,NaN,1.8517060197742,0.383690179375316,-2.25045147562994,0.337940461603922,-2.25045147562976,0.28055263490111,-0.348182353254641,NaN,NaN,NaN,-2.30151536911379,NaN,0.811117535553237,-1.24147692414305,NaN,-0.13075114574889,NaN,NaN,-0.92208214884455,NaN,NaN,0.398272402036026,0.178501058002526,1.06860775101567,-1.0776056612346,NaN,NaN,-0.018712445192985,-0.336952584223338,-0.957817871598484,1.46279637990933,1.4627963799071,0.229742552263824,-0.943302406993376,NaN,NaN,-1.19447263093042,-0.142970572887485,NaN,NaN,1.20821262906434,NaN,1.13931316702674,2.05761564663589
396.0832,-2.14432718826226,0.321557808027603,-2.05449755876877,-0.904903349019333,-0.394184067328716,-0.394184067326838,NaN,1.85039056800441,0.383971326595476,-2.24325353406375,0.338320189392622,-2.24325353406358,0.288709994566279,-0.329979998428338,NaN,NaN,NaN,-2.33397927283366,NaN,0.796303766982602,-1.26793558491553,NaN,-0.119469233114632,NaN,NaN,-0.922581044572369,NaN,NaN,0.395598636993265,0.207025641780974,1.05253742460275,-1.09636400033652,NaN,NaN,-0.0288556484196856,-0.383700617543102,-0.957058096150284,1.45922508468665,1.45922508468442,0.21761960999726,-0.930944459485802,NaN,NaN,-1.20210085041253,-0.198316084444417,NaN,NaN,1.17724939392846,NaN,1.17001043280751,2.08601717811466
396.1856,-2.14546773685111,0.369210732353063,-2.01247213273073,-0.893209747840438,-0.435538089244948,-0.435538089243046,NaN,1.84900865645868,0.384983742024705,-2.23545267452717,0.337056773098681,-2.23545267452701,0.297653698996917,-0.312891228764119,NaN,NaN,NaN,-2.36470450832467,NaN,0.780442467855189,-1.29458676784292,NaN,-0.108426547656604,NaN,NaN,-0.922546732430131,NaN,NaN,0.391061403235233,0.234801087700617,1.03543169926355,-1.11493283345608,NaN,NaN,-0.0396009619709368,-0.430844535281575,-0.955574594519934,1.45438926328927,1.45438926328703,0.206361998627216,-0.918309363540085,NaN,NaN,-1.2094553477766,-0.252711954405889,NaN,NaN,1.14591426802901,NaN,1.199967701754,2.11229769570466
396.288,-2.14423607716821,0.416462541531934,-1.96821508828945,-0.880891718144882,-0.476262033445853,-0.476262033443924,NaN,1.84752725898766,0.386744189159207,-2.22710060139215,0.334189525827893,-2.227100601392,0.307398356082683,-0.296928999713184,NaN,NaN,NaN,-2.39361395500244,NaN,0.763519810926822,-1.32134680233386,NaN,-0.0976572190435952,NaN,NaN,-0.922024956952896,NaN,NaN,0.384626618143409,0.261780926703056,1.01729234289792,-1.13332153056901,NaN,NaN,-0.0510174817408336,-0.478352037982632,-0.95337589149678,1.44829498816032,1.44829498815807,0.195999980807069,-0.905423316014142,NaN,NaN,-1.21654439608164,-0.306085833200511,NaN,NaN,1.11424996871202,NaN,1.22916159314562,2.13641382397106
396.3904,-2.14066476129974,0.463245961405534,-1.92182313818796,-0.867996516931195,-0.516275834913826,-0.516275834911871,NaN,1.84591161783469,0.38926637885982,-2.21824912376908,0.329761842735847,-2.21824912376894,0.317956910217409,-0.282104177950368,NaN,NaN,NaN,-2.4206362248291,NaN,0.745523156114328,-1.34813062785904,NaN,-0.0871947315766386,NaN,NaN,-0.921062100006432,NaN,NaN,0.376264559190468,0.28792101187906,0.998123638363003,-1.15154170867617,NaN,NaN,-0.0631732708917865,-0.526189598138693,-0.9504728293453,1.44094938606916,1.4409493860669,0.186559979397099,-0.892312915744374,NaN,NaN,-1.22337588252964,-0.358368525382197,NaN,NaN,1.08229922661879,NaN,1.25757332784257,2.15832663315441
396.4928,-2.1347923527334,0.509495989400022,-1.87339751053032,-0.854571003538825,-0.555504432646098,-0.555504432644121,NaN,1.84412553065859,0.392560856397508,-2.20894987957718,0.323820823669386,-2.20894987957705,0.329340441172089,-0.268425457478953,NaN,NaN,NaN,-2.44570594311109,NaN,0.726441129356606,-1.37485228310399,NaN,-0.0770719004560875,NaN,NaN,-0.919704950008349,NaN,NaN,0.365949947264978,0.313179523974616,0.977932477121191,-1.16960705013528,NaN,NaN,-0.0761347430633693,-0.574322378449409,-0.946878423192549,1.43236046756171,1.43236046755944,0.178064488463729,-0.879004979012068,NaN,NaN,-1.22995717745419,-0.409494151543168,NaN,NaN,1.05010470404797,NaN,1.28518878380642,2.17800149065542
396.5952,-2.12666304894184,0.555150061931145,-1.82304338376076,-0.8406614946445,-0.593878046128374,-0.593878046126373,NaN,1.84213168785499,0.396634966210507,-2.19925405884809,0.316416899746212,-2.19925405884797,0.34155798939311,-0.255899300088219,NaN,NaN,NaN,-2.46876397634937,NaN,0.70626369295718,-1.40142537022824,NaN,-0.067320850069864,NaN,NaN,-0.918000442728822,NaN,NaN,0.353662038601226,0.337516974921601,0.956728406513131,-1.18753307602671,NaN,NaN,-0.0899660360053607,-0.622714164444906,-0.942607705704241,1.4225369814932,1.42253698149092,0.170532020823315,-0.865526369658744,NaN,NaN,-1.23629502182424,-0.459400279156998,NaN,NaN,1.01770891750199,NaN,1.31199849630162,2.19540791240643
396.6976,-2.11632626452184,0.600148225561392,-1.77086927507204,-0.826313618465133,-0.631332368111507,-0.631332368109485,NaN,1.83989205149875,0.401492889364713,-2.18921212778965,0.307603472433266,-2.18921212778954,0.354616402960371,-0.244529904628065,NaN,NaN,NaN,-2.48975761289876,NaN,0.684982207883155,-1.42776348422653,NaN,-0.0579729816978831,NaN,NaN,-0.915995380548691,NaN,NaN,0.339384734404494,0.360896201898835,0.934523619733857,-1.20533688106226,NaN,NaN,-0.104728390405967,-0.671327320767841,-0.937677570225169,1.41148829110886,1.41148829110657,0.163977086243552,-0.851903846011358,NaN,NaN,-1.24239543464249,-0.508028030231079,NaN,NaN,0.98515416285044,NaN,1.33799760136019,2.21051942765463
396.8,-2.10383617689345,0.644433286309453,-1.71698640768361,-0.811572168409635,-0.667808672614318,-0.667808672612274,NaN,1.83736825458709,0.407135726741014,-2.17887355256514,0.297436562642537,-2.17887355256503,0.368520193207433,-0.234319195996779,NaN,NaN,NaN,-2.50864070931451,NaN,0.662589489911813,-1.45378062165859,NaN,-0.0490589285610869,NaN,NaN,-0.913736141236265,NaN,NaN,0.323106707626138,0.38328234755755,0.911332893570474,-1.22303683175017,NaN,NaN,-0.120479539752932,-0.720122768880147,-0.932106605543664,1.3992242673562,1.39922426735389,0.158410195142138,-0.838163918908598,NaN,NaN,-1.24826363861447,-0.55532217887022,NaN,NaN,0.952482436737554,NaN,1.36318573349489,2.22331345742321
396.9024,-2.08925125088708,0.687950923568053,-1.66150808715617,-0.796480955869325,-0.703253838379362,-0.703253838377298,NaN,1.83452200156881,0.413561600748936,-2.16828652694733,0.285974462859432,-2.16828652694723,0.383271387663458,-0.225266821163589,NaN,NaN,NaN,-2.52537381060852,NaN,0.63907985758946,-1.47939158565542,NaN,-0.0406085036134446,NaN,NaN,-0.911268387394178,NaN,NaN,0.304821544255228,0.404642829033766,0.887173488727372,-1.24065222662548,NaN,NaN,-0.137273111193461,-0.769059976012074,-0.925914910905734,1.38575520107384,1.38575520107153,0.153837886241241,-0.824332712696859,NaN,NaN,-1.25390400156935,-0.60123124279486,NaN,NaN,0.919735352458764,NaN,1.38756688908308,2.23377120058164
397.0048,-2.07263376156255,0.730649774930391,-1.60454910218948,-0.781082661268134,-0.737620287938888,-0.737620287936804,NaN,1.83131546314136,0.420765763077652,-2.15749771621306,0.273277386206611,-2.15749771621297,0.398869379498519,-0.217370147250389,NaN,NaN,NaN,-2.53992424480488,NaN,0.614449170163898,-1.50451239336029,NaN,-0.0326506449557102,NaN,NaN,-0.908636788152595,NaN,NaN,0.284527894746017,0.42494729841104,0.862065030975837,-1.25820292546058,NaN,NaN,-0.155158040983734,-0.818096945367433,-0.919123892477749,1.37109174419251,1.37109174419017,0.150262777537962,-0.810435825702945,NaN,NaN,-1.25931999202746,-0.645707557224978,NaN,NaN,0.886954058296484,NaN,1.41114926065707,2.24187752448515
397.1072,-2.05404932220367,0.772481504345306,-1.54622514622262,-0.76541868784073,-0.770865844646747,-0.770865844644644,NaN,1.82771166190961,0.428740703597707,-2.14655203147597,0.259407116542273,-2.14655203147589,0.41531078271879,-0.210624266451721,NaN,NaN,NaN,-2.55226618755681,NaN,0.58869486061104,-1.52906067898147,NaN,-0.025213358658975,NaN,NaN,-0.905884764872263,NaN,NaN,0.262229628426234,0.444167594770297,0.836029388987777,-1.27570896581181,NaN,NaN,-0.174178019214113,-0.867190204926015,-0.911756058034438,1.35524489324215,1.35524489323979,0.147683639578211,-0.796498194056644,NaN,NaN,-1.26451414855821,-0.688707315727334,NaN,NaN,0.854179172191299,NaN,1.43394504192165,2.24762086441527
397.2096,-2.03356641417409,0.813400857389451,-1.48665225277022,-0.749529029416434,-0.802953518884978,-0.802953518882854,NaN,1.82367484065258,0.437476251366516,-2.13549243929846,0.244426674464214,-2.13549243929839,0.43258930511969,-0.205022014948047,NaN,NaN,NaN,-2.56238069294708,NaN,0.561815974405762,-1.55295607857367,NaN,-0.0183236563741439,NaN,NaN,-0.903054270412233,NaN,NaN,0.237935983536742,0.462277691108508,0.809090557850078,-1.29319018684217,NaN,NaN,-0.194370982771069,-0.916294799939196,-0.903834828040885,1.33822602327401,1.33822602327163,0.146095490654949,-0.78254396670268,NaN,NaN,-1.26948806275974,-0.730190572489471,NaN,NaN,0.821450745324864,NaN,1.4559702017739,2.25099313826058
397.312,-2.0112559177779,0.853365700958842,-1.42594624600668,-0.733452166558432,-0.833851246324069,-0.833851246321926,NaN,1.81917080144865,0.446959653410856,-2.12435979577676,0.22840001196547,-2.12435979577669,0.450695646560294,-0.200554007591162,NaN,NaN,NaN,-2.57025568980682,NaN,0.533813223262564,-1.57612058440903,NaN,-0.0120074915104511,NaN,NaN,-0.90018560817503,NaN,NaN,0.211661704858448,0.479253645932889,0.781274550404935,-1.31066587606991,NaN,NaN,-0.215768667547722,-0.965364296909366,-0.895384369459043,1.32004697301001,1.32004697300761,0.145489713139852,-0.768596397117878,NaN,NaN,-1.27424237406436,-0.770121209930677,NaN,NaN,0.788808258205461,NaN,1.47724422804791,2.25198967542165
397.4144,-1.98719064743204,0.8923370463575,-1.36422221114603,-0.717225005308764,-0.86353160559172,-0.863531605589556,NaN,1.81416720629174,0.457175620597576,-2.11319268554694,0.211391737786946,-2.11319268554688,0.469617419745008,-0.197208682361344,NaN,NaN,NaN,-2.57588594360748,NaN,0.504689059631887,-1.5984788636349,NaN,-0.00628970605504893,NaN,NaN,-0.897317292625939,NaN,NaN,0.183427159760788,0.495073572567172,0.752609295565754,-1.32815445473754,NaN,NaN,-0.238396224239392,-1.01435080644486,-0.886429449106898,1.30072017837555,1.30072017837312,0.145854189867204,-0.754677752414539,NaN,NaN,-1.27877677440213,-0.808466877324994,NaN,NaN,0.756290642906189,NaN,1.4977898447541,2.25060915226659
397.5168,-1.96144489663887,0.930279057111324,-1.30159398941673,-0.700882865909278,-0.891971535107652,-0.891971535105469,NaN,1.80863383865624,0.468106344502681,-2.10202725314342,0.19346686985119,-2.10202725314337,0.489339080913445,-0.1949723445268,NaN,NaN,NaN,-2.57927298260411,NaN,0.474447778244618,-1.61995854460201,NaN,-0.00119399692017543,NaN,NaN,-0.894485946703091,NaN,NaN,0.153258427469136,0.509717637557095,0.723124540362758,-1.34567321513576,NaN,NaN,-0.262271904191014,-1.06320503210111,-0.876995302249696,1.28025884809541,1.28025884809296,0.14717345982767,-0.740809237261806,NaN,NaN,-1.28309002310929,-0.845198906234948,NaN,NaN,0.723936322532012,NaN,1.51763270713633,2.24685353110588
397.6192,-1.93409400461233,0.967159043771181,-1.23817370854692,-0.684459513929938,-0.919152054620892,-0.919152054618689,NaN,1.80254283311185,0.479731502911395,-2.09089702736706,0.174690613116921,-2.09089702736701,0.509841859021367,-0.193829203822219,NaN,NaN,NaN,-2.58042498883983,NaN,0.443095651854189,-1.640490480262,NaN,0.00325709911479858,NaN,NaN,-0.89172622659188,NaN,NaN,0.121187360277343,0.523168094358154,0.692851748477904,-1.36323810857717,NaN,NaN,-0.287406821226686,-1.11187634919701,-0.867107510764661,1.25867716923689,1.25867716923442,0.149428889568032,-0.727010927342482,NaN,NaN,-1.28717997242091,-0.880292211152598,NaN,NaN,0.69178325996541,NaN,1.5368010785502,2.24072800718495
397.7216,-1.90521395608652,1.00294744928691,-1.17407135812296,-0.667987214586895,-0.945057984472685,-0.945057984470462,NaN,1.79586887671864,0.492028269211646,-2.07983274283362,0.15512816219807,-2.07983274283358,0.531103680624602,-0.193761403570538,NaN,NaN,NaN,-2.57935665901136,NaN,0.410641102301502,-1.6600089983428,NaN,0.00704220519591297,NaN,NaN,-0.889070764396277,NaN,NaN,0.0872516113011282,0.535409349064585,0.661823990422728,-1.38086356795867,NaN,NaN,-0.313804785564211,-1.1603129102503,-0.856791880576831,1.23599052875659,1.23599052875409,0.152598852477993,-0.713301705403195,NaN,NaN,-1.29104360066872,-0.913725183927824,NaN,NaN,0.659869007646039,NaN,1.55532549386101,2.23224096695966
397.824,-1.87488101159373,1.03761782857306,-1.10939440356488,-0.651496792433902,-0.96967765067805,-0.96967765067581,NaN,1.78858937778084,0.504971324286952,-2.06886215766997,0.134844524764334,-2.06886215766994,0.553099090408264,-0.194749040164083,NaN,NaN,NaN,-2.57608904188054,NaN,0.377094897115349,-1.67845214863211,NaN,0.0101410896578692,NaN,NaN,-0.886550123329015,NaN,NaN,0.0514946172510314,0.546428044327254,0.630075832697197,-1.3985623514107,NaN,NaN,-0.341462197398329,-1.20846176814245,-0.846074307193964,1.21221574297844,1.21221574297591,0.156658907480191,-0.69969919505854,NaN,NaN,-1.29467704821086,-0.945479588346856,NaN,NaN,0.628230751698874,NaN,1.57323841475122,2.22140395554637
397.9264,-1.84317135656169,1.07114682561802,-1.04424742292617,-0.635017688996298,-0.993002569418876,-0.99300256941662,NaN,1.78068459822473,0.518532857234734,-2.05800986541398,0.113904361082891,-2.05800986541396,0.57579916535802,-0.196770168502965,NaN,NaN,NaN,-2.57064935646642,NaN,0.342470356504345,-1.69576195922815,NaN,0.0125346391368949,NaN,NaN,-0.884192762496049,NaN,NaN,0.0139655260487138,0.556213144127903,0.597643243469631,-1.41634540669888,NaN,NaN,-0.370367989237119,-1.25626900838085,-0.834980625121138,1.18737129293038,1.18737129292783,0.161581970862113,-0.68621969273191,NaN,NaN,-1.29807565215816,-0.975540462759871,NaN,NaN,0.596905346602295,NaN,1.59057388179553,2.20823165004459
398.0288,-1.81016076367126,1.10351415129615,-0.97873175756586,-0.618578020913394,-1.01502711460115,-1.01502711459887,NaN,1.77213775415655,0.532682547990518,-2.04729710739668,0.0923718405737357,-2.04729710739666,0.599171426392818,-0.19980079450779,NaN,NaN,NaN,-2.56307079007399,NaN,0.3067835601125,-1.71188470343087,NaN,0.0142048266998633,NaN,NaN,-0.882025008356615,NaN,NaN,-0.02528093200526,0.564756007332326,0.564563530607473,-1.43422176166203,NaN,NaN,-0.400503614502856,-1.30367988503181,-0.823536450338393,1.16147756059039,1.16147756058782,0.167338479725937,-0.672878104951435,NaN,NaN,-1.30123397981321,-1.0038960397148,NaN,NaN,0.565929338934915,NaN,1.60736716460981,2.19274183779789
398.1312,-1.77592426938749,1.13470256138478,-0.912945178144298,-0.602204644831824,-1.03574817713356,-1.03574817713127,NaN,1.76293509110182,0.547387543179562,-2.03674160151982,0.070310520359743,-2.03674160151982,0.623179765235218,-0.203814867356488,NaN,NaN,NaN,-2.55339227081276,NaN,0.270053549598166,-1.72677115461289,NaN,0.0151346832107237,NaN,NaN,-0.880071035106165,NaN,NaN,-0.0661846202011135,0.57205044499156,0.530875317357139,-1.45219844192467,NaN,NaN,-0.431843088982243,-1.35063895843996,-0.811767038116849,1.13455705438178,1.13455705437918,0.173896553238018,-0.659687903777404,NaN,NaN,-1.30414586488249,-1.03053768452375,NaN,NaN,0.535338984021248,NaN,1.62365440455748,2.17495540116489
398.2336,-1.7405358642143,1.16469782815733,-0.84698157146986,-0.585923232495871,-1.05516482383369,-1.05516482383138,NaN,1.75306592861257,0.562612446442045,-2.02635740477496,0.0477832443825338,-2.02635740477496,0.647784415569962,-0.208784288634632,NaN,NaN,NaN,-2.54165820836782,NaN,0.232302524394563,-1.74037678631345,NaN,0.0153082730218337,NaN,NaN,-0.878352868103725,NaN,NaN,-0.108680204256092,0.578092760759662,0.496618549549892,-1.47028041425213,NaN,NaN,-0.464353096895388,-1.39709023760794,-0.799697178979726,1.10663461483669,1.10663461483406,0.181222164442777,-0.646661112997707,NaN,NaN,-1.3068044528258,-1.05545984461502,NaN,NaN,0.505170265681753,NaN,1.63947224113199,2.15489630842551
398.336,-1.7040681934499,1.19348869438787,-0.780930654808787,-0.569758356393231,-1.07327796221568,-1.07327796221334,NaN,1.74252265905293,0.578319343511593,-2.01615482126916,0.0248520505990092,-2.01615482126917,0.672941999108223,-0.214678951307088,NaN,NaN,NaN,-2.52791819605487,NaN,0.193556026518595,-1.75266187781917,NaN,0.0147106651932396,NaN,NaN,-0.876890430719915,NaN,NaN,-0.152697383247034,0.582881778642675,0.461834522085627,-1.48847055700944,NaN,NaN,-0.497993172609837,-1.44297733495159,-0.787351142037619,1.0777376013881,1.07773760138545,0.18927933775688,-0.633808333780994,NaN,NaN,-1.30920226357859,-1.07865999556026,NaN,NaN,0.475458929091626,NaN,1.65485741741068,2.13259160293828
398.4384,-1.66659227061356,1.2210667990744,-0.714877729743075,-0.553733586567987,-1.0900900163194,-1.09009001631705,NaN,1.73130069915657,0.594467884500876,-2.0061403631511,0.00157807628268729,-2.00614036315112,0.698605666617042,-0.221466817440687,NaN,NaN,NaN,-2.51222666536046,NaN,0.153843110757217,-1.76359151283162,NaN,0.0133278919658259,NaN,NaN,-0.875701644333256,NaN,NaN,-0.198161137999847,0.586418872540111,0.426565912343164,-1.50676966079099,NaN,NaN,-0.53271596389558,-1.48824364063666,-0.774752661659069,1.04789606609356,1.04789606609088,0.198030385765886,-0.621138815403495,NaN,NaN,-1.31133128060364,-1.10013856786442,NaN,NaN,0.446240530568454,NaN,1.66984636197996,2.10807138106796
398.5408,-1.62817721881396,1.24742657190637,-0.648903494987698,-0.537871597978857,-1.10560461519535,-1.10560461519298,NaN,1.71939841590367,0.611015449776521,-1.99631676953763,-0.0219785354198428,-1.99631676953766,0.724725336665499,-0.229114041282802,NaN,NaN,NaN,-2.49464248848368,NaN,0.113196497312801,-1.77313549231376,NaN,0.0111468983324778,NaN,NaN,-0.874802572059659,NaN,NaN,-0.244991995180404,0.588708020582646,0.390856808863042,-1.52517645534969,NaN,NaN,-0.568467577255074,-1.53283251748251,-0.761924961412934,1.01714291582226,1.01714291581956,0.207436191669069,-0.608660571698194,NaN,NaN,-1.31318307113725,-1.1198988439849,NaN,NaN,0.417550503912726,NaN,1.68447473920743,2.08136876151637
398.6432,-1.58889005889802,1.27256510331694,-0.583083932570549,-0.522194282608014,-1.11982628900201,-1.11982628899962,NaN,1.70681704375295,0.627917412640733,-1.98668308337021,-0.0457587251582284,-1.98668308337024,0.75124802647632,-0.237585139581527,NaN,NaN,NaN,-2.47522853616712,NaN,0.0716527049109063,-1.78126819738535,NaN,0.00815549518578053,NaN,NaN,-0.874207587698214,NaN,NaN,-0.293106306446608,0.589755897379985,0.354752723050228,-1.54368764934135,NaN,NaN,-0.605188002195079,-1.57668751350635,-0.74889081419131,0.985514053782767,0.985514053780045,0.217456528852241,-0.596380532637522,NaN,NaN,-1.31474893351041,-1.13794683155551,NaN,NaN,0.389424241667708,NaN,1.69877696238972,2.05251986236386
398.7456,-1.54879555017731,1.2964820014274,-0.517490263450217,-0.506722856723042,-1.13276016687252,-1.13276016687011,NaN,1.69356058189765,0.645127480945803,-1.97723477795304,-0.0697046128459254,-1.97723477795308,0.77811827219166,-0.246843205107661,NaN,NaN,NaN,-2.45405120784124,NaN,0.0292521670790655,-1.78796842888594,NaN,0.00434232560328606,NaN,NaN,-0.873929552540066,NaN,NaN,-0.342416544408773,0.589571991647399,0.318300574586839,-1.56229796778375,NaN,NaN,-0.64281160553251,-1.61975259032946,-0.73567263651755,0.953048483738899,0.953048483736149,0.228050392999066,-0.584304707897127,NaN,NaN,-1.31602005716208,-1.15429113574349,NaN,NaN,0.361897184604223,NaN,1.71278568358915,2.02156380489652
398.848,-1.50795607834285,1.31917924716492,-0.452188956430167,-0.491477955325615,-1.14441168091807,-1.14441168091564,NaN,1.67963564861312,0.662598076000788,-1.96796391976895,-0.0937596057992484,-1.967963919769,0.805278628877725,-0.256850151948088,NaN,NaN,NaN,-2.43117995520288,NaN,-0.0139606621246533,-1.79321923866845,NaN,-0.000303152189354696,NaN,NaN,-0.873979981378189,NaN,NaN,-0.392831620380258,0.588168719933054,0.281548650086978,-1.58100018017801,NaN,NaN,-0.68126767734077,-1.66197236439313,-0.722292603628166,0.919788366960283,0.919788366957506,0.239176315828264,-0.572438335823634,NaN,NaN,-1.31698767418369,-1.16894285407574,NaN,NaN,0.335004902837586,NaN,1.72653129115451,1.9885427586916
398.9504,-1.46643158706552,1.34066105832616,-0.38724177675373,-0.476479710784548,-1.15478629032527,-1.15478629032282,NaN,1.66505128638128,0.680280707445083,-1.95885935733516,-0.117868508439857,-1.95885935733522,0.832670217088513,-0.267566971682169,NaN,NaN,NaN,-2.40668682006834,NaN,-0.0579372124799065,-1.79700776574928,NaN,-0.00579066476171052,NaN,NaN,-0.874369177053248,NaN,NaN,-0.444257230747256,0.58556151195425,0.244546543804481,-1.59978512288354,NaN,NaN,-0.720481004755424,-1.70329235132831,-0.708772762571931,0.88577903371739,0.88577903371459,0.250792637704022,-0.560786001202358,NaN,NaN,-1.31764318343384,-1.18191550150577,NaN,NaN,0.308783146746415,NaN,1.74004144441247,1.95350203374451
399.0528,-1.42427955301312,1.36093377265452,-0.322705864942859,-0.461747816965408,-1.1638892381457,-1.16388923814324,NaN,1.64981872848965,0.698126319527969,-1.94990693330845,-0.141977612539438,-1.94990693330851,0.860233269532273,-0.278953977181901,NaN,NaN,NaN,-2.38064599780789,NaN,-0.102624720953124,-1.79932508431994,NaN,-0.012129110618766,NaN,NaN,-0.875106319759714,NaN,NaN,-0.496596235389033,0.581768860225677,0.20734509223211,-1.61864172537589,NaN,NaN,-0.760372455228441,-1.74365920037739,-0.695135125837107,0.851068953316695,0.85106895331387,0.262857734392509,-0.549351721947036,NaN,NaN,-1.31797824114864,-1.19322495684133,NaN,NaN,0.283267854602951,NaN,1.75334066128322,1.91649020960506
399.1552,-1.38155499976813,1.38000575731578,-0.25863383423313,-0.447301582305656,-1.17172534720243,-1.17172534719995,NaN,1.63395113777164,0.71608560415077,-1.94108971949068,-0.166034754947915,-1.94108971949076,0.887907643886242,-0.290971019690958,NaN,NaN,NaN,-2.35313342194459,NaN,-0.14796618409164,-1.80016605812251,NaN,-0.0193265446403495,NaN,NaN,-0.876199509941081,NaN,NaN,-0.549749061915483,0.576812342048369,0.169996310008706,-1.63755705073491,NaN,NaN,-0.800859562331691,-1.78302091182172,-0.681401741817617,0.815709665297018,0.815709665294173,0.275330209951395,-0.538139017073532,NaN,NaN,-1.31798482777558,-1.20288941306822,NaN,NaN,0.258495121209263,NaN,1.76644996055744,1.8775592785282
399.2576,-1.33831054098484,1.39788734511235,-0.195073875723606,-0.433159975491502,-1.17829886095113,-1.17829886094863,NaN,1.61746331918498,0.734109290018211,-1.93238827032306,-0.189989344745514,-1.93238827032314,0.915633288130745,-0.303577674188951,NaN,NaN,NaN,-2.32422635829947,NaN,-0.19390034445065,-1.79952919177638,NaN,-0.0273901690835987,NaN,NaN,-0.877655771884355,NaN,NaN,-0.603614121230627,0.570716624980707,0.132553325595918,-1.65651636001589,NaN,NaN,-0.841857116700467,-1.82132704152108,-0.667594744495086,0.779755674595244,0.779755674592375,0.288169072035341,-0.52715096956822,NaN,NaN,-1.31765530674779,-1.21092931475364,NaN,NaN,0.234501139547491,NaN,1.77938655116817,1.83676478521032
399.36,-1.29459644314965,1.4145907872421,-0.13206986995399,-0.419341666876967,-1.18361333739894,-1.18361333739642,NaN,1.60037140453101,0.752148422631045,-1.92378088301654,-0.213792371251445,-1.92378088301663,0.943350659727314,-0.316733393394434,NaN,NaN,NaN,-2.29400300116653,NaN,-0.240361714524537,-1.79741647515041,NaN,-0.0363263341453753,NaN,NaN,-0.879481024244956,NaN,NaN,-0.658088222977644,0.563509456878792,0.095070305212991,-1.67550320750171,NaN,NaN,-0.883277768612718,-1.85852890289557,-0.653736377221267,0.74326430460442,0.743264304601524,0.301333895730518,-0.516390287356248,NaN,NaN,-1.3169824810573,-1.21736727597051,NaN,NaN,0.211322116560518,NaN,1.79216356027215,1.79416596378356
399.4624,-1.2504607009665,1.43013020767943,-0.069661510824213,-0.405865067748538,-1.18767159531489,-1.18767159531235,NaN,1.58269251742366,0.770154651667992,-1.9152438448314,-0.237396406364078,-1.91524384483149,0.971001108820099,-0.330397635294639,NaN,NaN,NaN,-2.2625420692823,NaN,-0.287280645022226,-1.79383322251373,NaN,-0.0461405493641348,NaN,NaN,-0.881680016087245,NaN,NaN,-0.713066994261348,0.555221630680322,0.0576023489271687,-1.69449956537054,NaN,NaN,-0.925032646630887,-1.89457976946201,-0.639848975422883,0.706295485140813,0.706295485137891,0.31478496753973,-0.505859350237485,NaN,NaN,-1.31595963681035,-1.22222798698069,NaN,NaN,0.188994149069039,NaN,1.80478980091071,1.74982588280917
399.5648,-1.20594912110006,1.44452155298055,-0.00788444281496397,-0.392748364404854,-1.19047569349641,-1.19047569349385,NaN,1.56444444156935,0.788080537229493,-1.9067516502705,-0.260755612389224,-1.9067516502706,0.998527229785058,-0.34452996790988,NaN,NaN,NaN,-2.22992240289954,NaN,-0.334583445757639,-1.78878791215147,NaN,-0.0568375092952899,NaN,NaN,-0.884256222937229,NaN,NaN,-0.768445317621321,0.545886914524405,0.0202053505866856,-1.71348596663486,NaN,NaN,-0.967031989297449,-1.92943506593753,-0.625954895746722,0.668911451098027,0.668911451095082,0.328483397212973,-0.495560226336362,NaN,NaN,-1.31458055846543,-1.22553812385722,NaN,NaN,0.167553047044656,NaN,1.81726958759633,1.70381159940518
399.6672,-1.16110541165045,1.45778254291442,0.0532295962695671,-0.380009534385912,-1.19202692189787,-1.19202692189529,NaN,1.54564531989694,0.805879867047915,-1.8982771884403,-0.283825762058235,-1.8982771884404,1.0258731710409,-0.359090149784872,NaN,NaN,NaN,-2.19622257038322,NaN,-0.382192563386135,-1.78229203467601,NaN,-0.0684211311939565,NaN,NaN,-0.887211707314034,NaN,NaN,-0.824117796172679,0.535541946975239,-0.0170641719500287,-1.73244165222028,NaN,NaN,-1.00918577558477,-1.96305253193292,-0.612076396816489,0.631176356235343,0.631176356232375,0.342391195535758,-0.485494654917166,NaN,NaN,-1.31283951400976,-1.22732626691032,NaN,NaN,0.14703410809116,NaN,1.82960260514799,1.65619430086052
399.7696,-1.11597127376517,1.46993262752857,0.113652636063828,-0.36766632638937,-1.19232580790124,-1.19232580789864,NaN,1.52631340110061,0.82350795761734,-1.88979191881358,-0.306564272728722,-1.88979191881369,1.05298489483786,-0.374038187967363,NaN,NaN,NaN,-2.16152050260331,NaN,-0.430026813971517,-1.77435995739544,NaN,-0.0808945898059644,NaN,NaN,-0.890546965623212,NaN,NaN,-0.879979229199544,0.52422610157709,-0.0541492620210695,-1.75134471079721,NaN,NaN,-1.05140433105166,-1.99539235398951,-0.59823549436069,0.593155843110255,0.593155843107269,0.356471328034485,-0.475664007565298,NaN,NaN,-1.31073122263424,-1.22762282385124,NaN,NaN,0.127471859162739,NaN,1.84178382800565,1.60704939679276
399.872,-1.07058649096127,1.48099295006267,0.173360342218891,-0.355736191430683,-1.19137216259237,-1.19137216258975,NaN,1.50646683326883,0.840921913883929,-1.88126605492707,-0.328930251787661,-1.88126605492718,1.07981039592464,-0.389334384093549,NaN,NaN,NaN,-2.12589317461032,NaN,-0.478001663348031,-1.76500880761433,NaN,-0.0942603299624253,NaN,NaN,-0.894260787510378,NaN,NaN,-0.935925068574905,0.511981319614325,-0.090992711722083,-1.77017220567831,NaN,NaN,-1.09359888925788,-2.02641727252311,-0.584453816535821,0.554916619978983,0.554916619975976,0.37068775542046,-0.4660692412969,NaN,NaN,-1.30825081725806,-1.22645995274667,NaN,NaN,0.108899781340634,NaN,1.85380348481308,1.55645653129746
399.9744,-1.02498901160836,1.49098630974692,0.232331892359987,-0.344236167734425,-1.18916518595675,-1.18916518595411,NaN,1.48612349653895,0.858080840517849,-1.87266876149909,-0.35088454711515,-1.8726687614992,1.1062998945201,-0.404939378047434,NaN,NaN,NaN,-2.08941633988761,NaN,-0.526029546258301,-1.75425836934909,NaN,-0.108520047615162,NaN,NaN,-0.898350140660654,NaN,NaN,-0.991851836447731,0.498851906751418,-0.12753724185319,-1.78890029114835,NaN,NaN,-1.13568209744807,-2.05609267074459,-0.570752477211133,0.516526074198635,0.516526074195611,0.385005465842402,-0.456710850238228,NaN,NaN,-1.30539380615837,-1.22387147889272,NaN,NaN,0.0913500324868755,NaN,1.865647070701,1.50449950457813
400.0768,-0.979215016128165,1.49993711333054,0.290549858534096,-0.333182733543085,-1.18570363109216,-1.1857036310895,NaN,1.46530087059974,0.874946013418601,-1.86396835522199,-0.372389799626529,-1.8639683552221,1.13240600612387,-0.420814186663756,NaN,NaN,NaN,-2.05216430342156,NaN,-0.574020220570888,-1.74213097474153,NaN,-0.123674645942715,NaN,NaN,-0.90281008259153,NaN,NaN,-1.0476574991805,0.484884297820714,-0.16372566837224,-1.80750432661738,NaN,NaN,-1.17756845952451,-2.0843866502164,-0.557151977198886,0.478051925155557,0.478051925152513,0.399390504752272,-0.447588821156345,NaN,NaN,-1.30215603646069,-1.21989278905389,NaN,NaN,0.0748531855679457,NaN,1.87729542167963,1.45126610752455
400.1792,-0.933298959392128,1.50787130692549,0.348000098922481,-0.322591641217265,-1.18098602158323,-1.18098602158055,NaN,1.44401593565365,0.891481021304398,-1.85513249722097,-0.393410499370714,-1.85513249722108,1.1580838757755,-0.436920227274623,NaN,NaN,NaN,-2.01420971088691,NaN,-0.621881164262584,-1.72865135945769,NaN,-0.139724182224468,NaN,NaN,-0.907633700050991,NaN,NaN,-1.1032417983299,0.4701268063563,-0.199501058327877,-1.825958996364,NaN,NaN,-1.21917471208491,-2.11127009860881,-0.543672137564079,0.439561906777302,0.43956190677424,0.413810016173307,-0.438702603722555,NaN,NaN,-1.29853366827859,-1.21456067925683,NaN,NaN,0.0594379971094361,NaN,1.88872486960215,1.39684786857403
400.2816,-0.887273590994392,1.51481629287903,0.404671660168394,-0.31247773531827,-1.17501092188379,-1.1750109218811,NaN,1.42228510395092,0.907651879263195,-1.8461283766079,-0.413913043334095,-1.84612837660801,1.18329126721214,-0.453219324426745,NaN,NaN,NaN,-1.97562333480393,NaN,-0.669518029738123,-1.71384645162177,NaN,-0.156667816359937,NaN,NaN,-0.912812074837072,NaN,NaN,-1.15850653989345,0.454629380543977,-0.234806892354079,-1.84423843387469,NaN,NaN,-1.26042013930587,-2.1367167559595,-0.530332060201007,0.401123464686208,0.401123464683133,0.428232309520767,-0.430051104407981,NaN,NaN,-1.29452316853494,-1.20791314570904,NaN,NaN,0.0451312051212718,NaN,1.89990748847874,1.34133969512148
400.384,-0.841169972299463,1.52080084543841,0.46055668213739,-0.302854747331995,-1.16777726149541,-1.1677772614927,NaN,1.40012418239203,0.923427111690785,-1.83692289425838,-0.433865786271555,-1.83692289425849,1.2079886156661,-0.469673715478307,NaN,NaN,NaN,-1.93647384914347,NaN,-0.716835169521882,-1.69774508032112,NaN,-0.174503762263148,NaN,NaN,-0.918334270404948,NaN,NaN,-1.21335584420147,0.438443381208502,-0.269587258974748,-1.8623163381132,NaN,NaN,-1.30122683996408,-2.16070328071054,-0.517150100253436,0.362803449529769,0.362803449526685,0.44262695294036,-0.42163269865409,NaN,NaN,-1.29012132247043,-1.19998913238036,NaN,NaN,0.0319573369296698,NaN,1.91081143341512,1.28483937960225
400.4864,-0.795017512131235,1.5258550355144,0.515650290541299,-0.293735059616496,-1.15928471085219,-1.15928471084946,NaN,1.37754837244433,0.938777802511826,-1.8274828557992,-0.453239075195713,-1.82748285579931,1.23213906490035,-0.486246077246084,NaN,NaN,NaN,-1.89682759901102,NaN,-0.763736238290116,-1.68037761916454,NaN,-0.19322924187875,NaN,NaN,-0.924187337638077,NaN,NaN,-1.26769636315081,0.421621380814048,-0.303787092810257,-1.88016606909915,NaN,NaN,-1.34151995643518,-2.18320930979145,-0.504143833273798,0.324667795704434,0.324667795701343,0.456964881286827,-0.413445247666502,NaN,NaN,-1.28532525297419,-1.19082826120318,NaN,NaN,0.0199385001355651,NaN,1.92140136553669,1.22744695433314
400.5888,-0.748844032731488,1.53001016447236,0.569950464636779,-0.285129444436629,-1.14953410324036,-1.14953410323761,NaN,1.35457231086601,0.953677611672102,-1.81777518049476,-0.472005262854043,-1.81777518049488,1.25570850448415,-0.50289958666932,NaN,NaN,NaN,-1.85674838800508,NaN,-0.810124848892062,-1.66177561496099,NaN,-0.212840444991206,NaN,NaN,-0.930356346644143,NaN,NaN,-1.32143747240806,0.404216966659742,-0.337352442700787,-1.89776072541902,NaN,NaN,-1.38122786933031,-2.20421750836708,-0.491330013229084,0.286781196678291,0.286781196675189,0.471218502818658,-0.405486113200789,NaN,NaN,-1.28013244293555,-1.18047057076263,NaN,NaN,0.00909414381122922,NaN,1.93163893831228,1.16926392690212
400.6912,-0.702675869084332,1.53329869889706,0.623457869296134,-0.277046801451174,-1.13852788440304,-1.13852788440026,NaN,1.33121014463446,0.968102759865141,-1.80776713303991,-0.490138698694328,-1.80776713304002,1.27866560885154,-0.519598011533558,NaN,NaN,NaN,-1.81629731353107,NaN,-0.855905231839735,-1.64197147047799,NaN,-0.233332493723621,NaN,NaN,-0.936824451055556,NaN,NaN,-1.37449143624756,0.386284531331844,-0.370230743563935,-1.91507321619111,NaN,NaN,-1.42028235945048,-2.22371361292747,-0.47872453372445,0.249206805603439,0.249206805600327,0.48536178780586,-0.397752171930259,NaN,NaN,-1.27454076252851,-1.16895628682683,NaN,NaN,-0.000559200794116924,NaN,1.94148329787871,1.11039247606278
400.7936,-0.656538004645923,1.53575419717326,0.676175639808482,-0.2694939207388,-1.12627055912702,-1.12627055912423,NaN,1.3074756268816,0.982031986166588,-1.79742658457919,-0.507615695000024,-1.7974265845793,1.30098186318458,-0.536305807714027,NaN,NaN,NaN,-1.7755326737101,NaN,-0.900982855390145,-1.62099823111754,NaN,-0.254699398094175,NaN,NaN,-0.943572984108014,NaN,NaN,-1.42677352832708,0.367879046151144,-0.402371073319189,-1.93207633123336,NaN,NaN,-1.45861873886974,-2.24168647392491,-0.466342408589871,0.212005987801207,0.212005987798089,0.499370324272046,-0.390239831639261,NaN,NaN,-1.26854850180574,-1.15632564140561,NaN,NaN,-0.00900818170484078,NaN,1.95089154697982,1.05093468878605
400.896,-0.610454245439677,1.53741122094342,0.72810911096504,-0.262475285792625,-1.11276910886944,-1.11276910886661,NaN,1.28338222372919,0.99544648307545,-1.78672230241317,-0.524414465880518,-1.78672230241329,1.32263155628752,-0.552988191383396,NaN,NaN,NaN,-1.73450995171138,NaN,-0.945264994091101,-1.59888947722575,NaN,-0.27693398398889,NaN,NaN,-0.950581580574754,NaN,NaN,-1.47820208766371,0.349055823882405,-0.433724385740956,-1.94874280268557,NaN,NaN,-1.4961759549618,-2.25812809961727,-0.454197780410346,0.175238137346764,0.175238137343638,0.513221334101681,-0.382945049902676,NaN,NaN,-1.26215440482458,-1.14261874437592,NaN,NaN,-0.016242877409406,NaN,1.95981914288237,0.99099188031098
400.9984,-0.564447426066674,1.53830522785475,0.77926549422903,-0.255992917183774,-1.09803337003365,-1.0980333700308,NaN,1.25894323075217,1.00832981416928,-1.77562425657574,-0.54051504186581,-1.77562425657585,1.34359173319964,-0.569611168306826,NaN,NaN,NaN,-1.69328186489645,NaN,-0.98866124813232,-1.57567928491871,NaN,-0.300027786785193,NaN,NaN,-0.957828316460493,NaN,NaN,-1.52869850227381,0.32987027901234,-0.464243712130269,-1.9650453560704,NaN,NaN,-1.53289667553812,-2.27303369951363,-0.44230395694873,0.138960557692355,0.138960557689228,0.526893652730723,-0.375863355823397,NaN,NaN,-1.25535770251519,-1.12787550049631,NaN,NaN,-0.0222570329768555,NaN,1.96822023223356,0.930664008972702
401.1008,-0.518539632245214,1.53847244799102,0.829653522002132,-0.250046251645596,-1.08207637618108,-1.08207637617821,NaN,1.23417190557937,1.02066782154586,-1.76410392582565,-0.555899169325067,-1.76410392582576,1.36384211553915,-0.586141523292425,NaN,NaN,NaN,-1.65189845684637,NaN,-1.03108401835553,-1.55140221183104,NaN,-0.323970919572097,NaN,NaN,-0.965289858041439,NaN,NaN,-1.5781871347132,0.310377692061337,-0.493884325945268,-1.98095675877679,NaN,NaN,-1.5687273637965,-2.2864017248145,-0.430673469672871,0.103228399587283,0.103228399584153,0.540367684752559,-0.368989876976371,NaN,NaN,-1.24815814691624,-1.11213555705817,NaN,NaN,-0.0270482745692354,NaN,1.97604795499724,0.870049188747886
401.2032,-0.472752421900913,1.53794975339133,0.87928308719941,-0.244632050557351,-1.06491467328662,-1.06491467328372,NaN,1.20908162387865,1.03244852972043,-1.75213458796944,-0.570550206140536,-1.75213458796956,1.38336500697615,-0.602546789162158,NaN,NaN,NaN,-1.61040720956393,NaN,-1.0724489476402,-1.52609327652932,NaN,-0.34875192981952,NaN,NaN,-0.972941613588339,NaN,NaN,-1.6265952177062,0.290632982678453,-0.52260386994439,-1.99644987591258,NaN,NaN,-1.6036183455333,-2.29823389968994,-0.419318144118759,0.0680946425970429,0.0680946425939111,0.553625355404751,-0.362319375989487,NaN,NaN,-1.24055605296387,-1.09543826043855,NaN,NaN,-0.0306182840702547,NaN,1.98325475017244,0.809243293970325
401.3056,-0.427107029575829,1.53677453192901,0.928164905037352,-0.239744334144551,-1.04656861083492,-1.04656861083199,NaN,1.18368605744027,1.04366205074207,-1.73969158175944,-0.584453022140808,-1.73969158175955,1.4021452065056,-0.618795224259811,NaN,NaN,NaN,-1.56885315637153,NaN,-1.1126753383548,-1.49978791457891,NaN,-0.374357655772222,NaN,NaN,-0.980757884384813,NaN,NaN,-1.67385274693059,0.270690493154708,-0.550362450181209,-2.0114977417511,NaN,NaN,-1.63752386640974,-2.3085352332026,-0.408249168647949,0.0336100983443383,0.0336100983412083,0.566650078954502,-0.355846301565619,NaN,NaN,-1.23255235244108,-1.07782259783487,NaN,NaN,-0.0329729088733644,NaN,1.9897926705377,0.748339641078755
401.408,-0.381624544157922,1.53498456598386,0.976310208369811,-0.235374345033415,-1.02706260150591,-1.02706260150296,NaN,1.15799936625248,1.05430049603855,-1.72675252993574,-0.597593906157584,-1.72675252993586,1.42016993990112,-0.634855812337335,NaN,NaN,NaN,-1.52727898572152,NaN,-1.1516865494444,-1.4725219142456,NaN,-0.400773092570362,NaN,NaN,-0.988712015073935,NaN,NaN,-1.71989238514988,0.250603780265666,-0.577122703706841,-2.0260736518006,NaN,NaN,-1.67040213908055,-2.31731400420761,-0.397477150187438,-0.000176585141120119,-0.000176585144250281,0.579426754525907,-0.349564856021868,NaN,NaN,-1.22414866022783,-1.05932711157794,NaN,NaN,-0.0341221988567136,NaN,1.99561369116065,0.687428733379247
401.5104,-0.336326060277468,1.53261790114557,1.02373046278722,-0.231510551672119,-1.00642534579682,-1.00642534579384,NaN,1.13203639681774,1.06435789972455,-1.71329752364223,-0.609960472526151,-1.71329752364234,1.43742878244569,-0.650698251489687,NaN,NaN,NaN,-1.48572514248684,NaN,-1.18941037425403,-1.44433135761841,NaN,-0.427981277333131,NaN,NaN,-0.99677654443286,NaN,NaN,-1.76464937463556,0.23042541298947,-0.602849852493983,-2.04015126844321,NaN,NaN,-1.70221538130524,-2.32458172144622,-0.387012154984505,-0.0332189221522888,-0.0332189221554232,0.591941781082685,-0.343469076040491,NaN,NaN,-1.21534734821494,-1.03998979705665,NaN,NaN,-0.0340803952133766,NaN,2.0006699843209,0.626598055978482
401.6128,-0.291232818919721,1.52971269363666,1.07043707419149,-0.228138694214875,-0.98469003253392,-0.984690032530914,NaN,1.10581287543254,1.07383014744474,-1.69930928487943,-0.62154155383397,-1.69930928487954,1.4539135224058,-0.666292870182991,NaN,NaN,NaN,-1.44422994606931,NaN,-1.22577939315068,-1.41525259926668,NaN,-0.455963198201932,NaN,NaN,-1.00492335577523,NaN,NaN,-1.80806144644143,0.210206774111068,-0.62751175938528,-2.05370471941969,NaN,NaN,-1.73292984184692,-2.3303530704582,-0.376863743208975,-0.0654725782474006,-0.0654725782505393,0.604183069257968,-0.337552918242451,NaN,NaN,-1.20615161980965,-1.01984801582292,NaN,NaN,-0.0328659105501494,NaN,2.00491413772344,0.565931899535065
401.7152,-0.246366359317627,1.52630704456538,1.11644107206764,-0.225241856921629,-0.961894530809639,-0.961894530806604,NaN,1.07934558331092,1.08271489294245,-1.68477333110725,-0.632327071905523,-1.68477333110736,1.46961794292091,-0.681610447157819,NaN,NaN,NaN,-1.40282974526464,NaN,-1.26073129037861,-1.3853223017457,NaN,-0.484697727592954,NaN,NaN,-1.01312382417226,NaN,NaN,-1.85006872217485,0.189997862525348,-0.651078991655003,-2.06670867054097,NaN,NaN,-1.76251580735969,-2.3346458602328,-0.367041009113641,-0.0968953356092799,-0.0968953356124166,0.616140030419432,-0.331810342044627,NaN,NaN,-1.19656558087519,-0.998938454015889,NaN,NaN,-0.030501321569764,NaN,2.00829932161909,0.505511192044862
401.8176,-0.201748692292899,1.52243883518544,1.16175277019911,-0.222800547633466,-0.938081576859,-0.938081576855935,NaN,1.05265251432166,1.09101144966436,-1.66967815594212,-0.642307892063316,-1.66967815594223,1.48453755038706,-0.696621979552431,NaN,NaN,NaN,-1.36155911899263,NaN,-1.29420913564832,-1.35457753123547,NaN,-0.514161577919234,NaN,NaN,-1.02134895661325,NaN,NaN,-1.89061361461546,0.169847095830825,-0.673524882743181,-2.07913836972124,NaN,NaN,-1.79094758565488,-2.33748097636526,-0.357552632626545,-0.127447032245189,-0.127447032248322,0.627803537611909,-0.326235388451958,NaN,NaN,-1.18659430837725,-0.97729713580763,NaN,NaN,-0.0270133669114034,NaN,2.01077943707696,0.44541333909705
401.92,-0.157402485644991,1.51814556362504,1.20638141553358,-0.220792781827574,-0.913298944033105,-0.91329894403001,NaN,1.02575303038541,1.09872066328245,-1.65401541919156,-0.651475672443972,-1.65401541919167,1.49866930049121,-0.711298470075306,NaN,NaN,NaN,-1.32045111526612,NaN,-1.3261616375381,-1.32305590348486,NaN,-0.54432927677785,NaN,NaN,-1.02956951997518,NaN,NaN,-1.92964073839871,0.149801120539395,-0.694825577979698,-2.09096967381111,NaN,NaN,-1.81820346577425,-2.33888234065216,-0.348406940482038,-0.157089482841701,-0.157089482844831,0.639165864174613,-0.320822257067457,NaN,NaN,-1.17624391973893,-0.954959484114392,NaN,NaN,-0.0224329310047667,NaN,2.01230927914468,0.385712098273291
402.0224,-0.113351240757083,1.5134641734818,1.25033483927325,-0.21919418122534,-0.887599579628158,-0.887599579625034,NaN,0.998668023589018,1.10584478138786,-1.63778012499398,-0.659822715937659,-1.63778012499409,1.5120113605769,-0.725610774943655,NaN,NaN,NaN,-1.27953750652107,NaN,-1.35654336229074,-1.29079575519575,NaN,-0.57517315618796,NaN,NaN,-1.03775615149859,NaN,NaN,-1.9670968417966,0.129904644335137,-0.714960055468295,-2.10217907468823,NaN,NaN,-1.84426565862381,-2.33887687447602,-0.339611970037047,-0.185786393846545,-0.185786393849672,0.65022061000124,-0.315565381787694,NaN,NaN,-1.16552164401336,-0.931960416534358,NaN,NaN,-0.0167950031802135,NaN,2.01284473072195,0.326477520580473
402.1248,-0.0696194398270172,1.50843087032337,1.29361912912697,-0.217978090885935,-0.861041699680267,-0.861041699677112,NaN,0.971420075384705,1.11238733110233,-1.62097076903521,-0.66734182382289,-1.62097076903531,1.5245629126993,-0.73952949855146,NaN,NaN,NaN,-1.23884903490796,NaN,-1.38531489789195,-1.2578363010428,NaN,-0.606663346104477,NaN,NaN,-1.04587944893219,NaN,NaN,-2.00293076053424,0.110200309364505,-0.733910125213478,-2.11274373389712,NaN,NaN,-1.86912022227917,-2.33749446413137,-0.331175527248212,-0.213503284640647,-0.21350328464377,0.660962627326681,-0.31045950248061,NaN,NaN,-1.1544358938185,-0.908334464868453,NaN,NaN,-0.0101386073070742,NaN,2.01234296913045,0.267775972242901
402.2272,-0.0262326507336225,1.50308093041552,1.33623834086311,-0.217115709586275,-0.833688837920838,-0.833688837917651,NaN,0.944033591231223,1.11835300692799,-1.60358944703486,-0.674026144073662,-1.60358944703497,1.53632397302935,-0.753024886045777,NaN,NaN,NaN,-1.19841562697278,NaN,-1.41244294119419,-1.22421773775688,NaN,-0.638767760364839,NaN,NaN,-1.05391004163369,NaN,NaN,-2.03709337937939,0.0907286238922305,-0.751660423482221,-2.1226415225109,NaN,NaN,-1.89275697648372,-2.33476792802271,-0.323105230978133,-0.240207423611224,-0.240207423614339,0.671387955728492,-0.305499727778018,NaN,NaN,-1.1429963337198,-0.884115907569994,NaN,NaN,-0.00250668870079164,NaN,2.01076264288707,0.209670220525705
402.3296,0.0167824115463436,1.49744850747264,1.37819425561252,-0.216576229616846,-0.80560984374333,-0.805609843740109,NaN,0.91653489158798,1.12374756892754,-1.58564192497072,-0.6798690114551,-1.58564192497083,1.54729521159548,-0.766066688781365,NaN,NaN,NaN,-1.15826656991504,NaN,-1.43790029049756,-1.18998128541103,NaN,-0.671452071758662,NaN,NaN,-1.06181864871548,NaN,NaN,-2.06953759087402,0.0715279558828096,-0.768198421022547,-2.1318510602251,NaN,NaN,-1.91516941201776,-2.33073298770381,-0.315408538567146,-0.265867786280473,-0.265867786283579,0.681493766176309,-0.300681583513217,NaN,NaN,-1.13121393761186,-0.85933891123523,NaN,NaN,0.00605405419383584,NaN,2.00806399810774,0.152219554184125
402.432,0.0593978563799647,1.49156644494153,1.41948617815309,-0.216326986611254,-0.77687882789796,-0.776878827894709,NaN,0.888952250349009,1.12857774947739,-1.56713767661329,-0.684863792257515,-1.5671376766134,1.55747779015382,-0.778624035730948,NaN,NaN,NaN,-1.11843065484126,NaN,-1.46166574584506,-1.1551691927427,NaN,-0.704679685497252,NaN,NaN,-1.06957613504922,NaN,NaN,-2.10021826413547,0.0526345710587994,-0.78351444657558,-2.14035175690658,NaN,NaN,-1.93635459758035,-2.3254282431404,-0.308092752495221,-0.290455040273252,-0.290455040276347,0.691278305716933,-0.296001044929786,NaN,NaN,-1.11910103057461,-0.834037683802326,NaN,NaN,0.0154933838477095,NaN,2.00420897995353,0.095479915723684
402.5344,0.101584608298393,1.48546610311113,1.46011076986319,-0.216333620927132,-0.747575059590623,-0.747575059587339,NaN,0.86131588046289,1.13285116285214,-1.54808989681115,-0.689003756643558,-1.54808989681126,1.56687325000145,-0.790665370005769,NaN,NaN,NaN,-1.07893629781004,NaN,-1.48372395170187,-1.11982474778485,NaN,-0.73841172095709,NaN,NaN,-1.07715357673361,NaN,NaN,-2.12909224656521,0.0340826861944231,-0.797601707945849,-2.14812386549805,NaN,NaN,-1.95631308157923,-2.31889514502583,-0.301165012850563,-0.313941555806853,-0.313941555809936,0.700740837748964,-0.291454557598756,NaN,NaN,-1.10667131762748,-0.80824663719072,NaN,NaN,0.0257577595733888,NaN,1.99916135568954,0.0395040371959811
402.6368,0.143312411543834,1.47917720333407,1.50006191223529,-0.216560253331245,-0.717782811347551,-0.717782811344235,NaN,0.833657872455386,1.13657621346773,-1.52851549501394,-0.692281990486056,-1.52851549501404,1.57548345658297,-0.802158473809321,NaN,NaN,NaN,-1.03981164622162,NaN,-1.50406522558487,-1.08399232137015,NaN,-0.772607004820779,NaN,NaN,-1.08452234062039,NaN,NaN,-2.1561184016813,0.0159045176139981,-0.810456292717402,-2.1551485480622,NaN,NaN,-1.97504878655122,-2.31117795160316,-0.294632281971298,-0.336301433745979,-0.336301433749044,0.70988158010599,-0.287039053920072,NaN,NaN,-1.09393990286516,-0.782000548538708,NaN,NaN,0.0367905786639428,NaN,1.99288688915291,-0.0156584159595345
402.7392,0.184549851916498,1.4727276838897,1.53933059989233,-0.21696968008546,-0.687591136129323,-0.687591136125975,NaN,0.806012093038969,1.13976200615739,-1.50843506443554,-0.694691338329288,-1.50843506443565,1.58331056926688,-0.813070544351758,NaN,NaN,NaN,-1.0010846719669,NaN,-1.52268538562277,-1.04771744029723,NaN,-0.807222079970947,NaN,NaN,-1.09165417182524,NaN,NaN,-2.18125766196909,-0.00186967334843065,-0.822077147714628,-2.16140794499684,NaN,NaN,-1.99256889599712,-2.30232365991938,-0.288501325008421,-0.357510542498901,-0.357510542501944,0.718701644608798,-0.282751966059649,NaN,NaN,-1.08092329688898,-0.755334708796352,NaN,NaN,0.0485324180275251,NaN,1.98535355658947,-0.0699606894798918
402.8416,0.225264402965502,1.46614356675192,1.57790487014587,-0.217523590541818,-0.657093561615897,-0.657093561612517,NaN,0.778414047051276,1.14241826579106,-1.48787281612637,-0.69622436336048,-1.48787281612647,1.59035699667331,-0.823368263483667,NaN,NaN,NaN,-0.962783245608473,NaN,-1.539585557159,-1.01104685604592,NaN,-0.842211236964438,NaN,NaN,-1.09852127794754,NaN,NaN,-2.20447307420285,-0.0192115225271188,-0.832466049351044,-2.16688523519934,NaN,NaN,-2.00888372976443,-2.29238190576713,-0.282778684817426,-0.377546562453095,-0.377546562456119,0.727202982585873,-0.278591230842823,NaN,NaN,-1.06763940754254,-0.728285048961644,NaN,NaN,0.0609212831924472,NaN,1.97653176836269,-0.123358781076406
402.944,0.265422504053273,1.45944884187215,1.61576978333831,-0.218182801274628,-0.626387704546944,-0.626387704543532,NaN,0.750900702595471,1.14455526995746,-1.46685646858495,-0.696873320564023,-1.46685646858506,1.59662533468785,-0.833017848037103,NaN,NaN,NaN,-0.924935178731682,NaN,-1.55477193233066,-0.974028563799817,NaN,-0.877526564774229,NaN,NaN,-1.10509640167153,NaN,NaN,-2.22572983405686,-0.0360944807622561,-0.841627574659614,-2.1715646859713,NaN,NaN,-2.02400660070558,-2.28140482954146,-0.277470644779611,-0.396389047202285,-0.396389047205287,0.735388344584342,-0.274555283265934,NaN,NaN,-1.0541075118704,-0.700888232825584,NaN,NaN,0.0738928850752041,NaN,1.96639457153108,-0.17581128842098
403.0464,0.304989676650738,1.45266536969206,1.65290746157501,-0.218907491111243,-0.595574830051873,-0.59557483004843,NaN,0.723510276627148,1.14618379108463,-1.44541709303016,-0.696630146735545,-1.44541709303027,1.60211832112614,-0.841985121090465,NaN,NaN,NaN,-0.88756822213659,NaN,-1.5682554642141,-0.936711742384066,NaN,-0.913118006031378,NaN,NaN,-1.1113528789841,NaN,NaN,-2.2449953243043,-0.0524937091443976,-0.84956907544909,-2.17543170329374,NaN,NaN,-2.03795365059097,-2.26944691024332,-0.272583173033663,-0.41401951526834,-0.414019515271317,0.743261260688241,-0.270643038191174,NaN,NaN,-1.04034821039795,-0.673181709590371,NaN,NaN,0.0873809680021809,NaN,1.95491782801366,-0.227279270433313
403.1488,0.34393067766386,1.44581279129098,1.6892971749121,-0.219657421906377,-0.564759382377026,-0.56475938237355,NaN,0.696281977594719,1.14731503835672,-1.42358892817863,-0.695486467737561,-1.42358892817873,1.60683883027365,-0.850235641444516,NaN,NaN,NaN,-0.850710021400131,NaN,-1.58005149420281,-0.899146618144694,NaN,-0.948933408113979,NaN,NaN,-1.117264683887,NaN,NaN,-2.26223917010705,-0.0683859654478097,-0.856300656127395,-2.17847289067644,NaN,NaN,-2.05074367209864,-2.25656477524575,-0.268121847870283,-0.430421577503582,-0.430421577506529,0.750826038199013,-0.266853861295472,NaN,NaN,-1.02638336617068,-0.645203732174629,NaN,NaN,0.101317693966094,NaN,1.94208036797409,-0.277726127079743
403.2512,0.38220967802938,1.43890843626469,1.72491545313595,-0.22039214094009,-0.534048494050042,-0.534048494046533,NaN,0.669255711599817,1.14796059075983,-1.40140918536303,-0.693433620187168,-1.40140918536313,1.61078989062703,-0.857734879128157,NaN,NaN,NaN,-0.814388047623823,NaN,-1.59017934130321,-0.861384282368661,NaN,-0.984918579278189,NaN,NaN,-1.12280646348289,NaN,NaN,-2.27743330935004,-0.0837494943438445,-0.861835156266567,-2.18067610930763,NaN,NaN,-2.06239792399623,-2.24281699278907,-0.264091772239333,-0.445581088346483,-0.445581088349401,0.758087765614189,-0.263187531324813,NaN,NaN,-1.01223603164722,-0.616993355027958,NaN,NaN,0.115634058903355,NaN,1.92786410643643,-0.327117506099485
403.3536,0.419790451820777,1.43196723080164,1.75973620922309,-0.221071172665471,-0.503551466356068,-0.503551466352527,NaN,0.642471770908856,1.14813232152576,-1.37891785747992,-0.690462688009697,-1.37891785748003,1.61397468779556,-0.864448388715489,NaN,NaN,NaN,-0.778629523206808,NaN,-1.5986618974288,-0.823476492591777,NaN,-1.02101737084647,NaN,NaN,-1.12795357021884,NaN,NaN,-2.29055206194527,-0.0985639203098421,-0.866188139018663,-2.1820305198518,NaN,NaN,-2.07293993805196,-2.22826384698258,-0.26049748859246,-0.459486298386151,-0.459486298389043,0.765052311521386,-0.259644194280584,NaN,NaN,-0.997930363733412,-0.588590420250907,NaN,NaN,0.130260305271024,NaN,1.91225409339742,-0.37542125032123
403.456,0.456636567190279,1.42500161894772,1.79373087678573,-0.221654212245056,-0.473379213006084,-0.473379213002513,NaN,0.615970522248921,1.14784232299674,-1.35615753063658,-0.686564558106894,-1.35615753063669,1.61639652513393,-0.87034194140621,NaN,NaN,NaN,-0.743461350610741,NaN,-1.60552525550229,-0.785475467713825,NaN,-1.05717180697148,NaN,NaN,-1.13268209797706,NaN,NaN,-2.30157218235978,-0.112810130568305,-0.869377886801798,-2.18252658929784,NaN,NaN,-2.0823953112933,-2.21296708938444,-0.257342901971625,-0.472127989925747,-0.472127989928615,0.771726311615041,-0.256224306871152,NaN,NaN,-0.983491521553718,-0.560035528990296,NaN,NaN,0.145126314488552,NaN,1.89523847680432,-0.42260740145835
403.5584,0.492711580820215,1.41802150914029,1.82686857430454,-0.222101326815472,-0.44364366105557,-0.443643661051966,NaN,0.58979209931542,1.14710284045862,-1.3331731879106,-0.681730001215287,-1.33317318791071,1.61805874499846,-0.875381618077765,NaN,NaN,NaN,-0.708910037156787,NaN,-1.61079837147801,-0.747433664738102,NaN,-1.09332227407686,NaN,NaN,-1.13696892551673,NaN,NaN,-2.31047289543072,-0.126470135588574,-0.871425402305759,-2.18215606269432,NaN,NaN,-2.09079148037814,-2.19698966276319,-0.254631212331246,-0.483499592012839,-0.483499592015684,0.778117144842932,-0.252928567075248,NaN,NaN,-0.968945541071973,-0.531369987168803,NaN,NaN,0.160161992487515,NaN,1.87680840405182,-0.46864826351635
403.6608,0.527979247526345,1.41103424815878,1.85911631083881,-0.222373157613702,-0.414457105637751,-0.414457105634114,NaN,0.563976089965188,1.14592621541534,-1.3100119920946,-0.675949786690047,-1.31001199209472,1.6189646458017,-0.879533909267524,NaN,NaN,NaN,-0.675001597842645,NaN,-1.61451274985367,-0.709403513856622,NaN,-1.12940776469386,NaN,NaN,-1.14079176753961,NaN,NaN,-2.31723593775422,-0.139526904196816,-0.872354404320895,-2.18091191797205,NaN,NaN,-2.09815747980398,-2.18039539716404,-0.25236485007082,-0.493597287143668,-0.493597287146496,0.784232908549467,-0.249757834972096,NaN,NaN,-0.954319188512949,-0.502635713343284,NaN,NaN,0.17529767523338,NaN,1.85695792896487,-0.51351850465208
403.7632,0.562403757180847,1.40404461797795,1.89043924243003,-0.222431112124069,-0.385931516908941,-0.38593151690527,NaN,0.538561201852166,1.14432483277953,-1.28672303606213,-0.669214841897639,-1.28672303606225,1.61911744050003,-0.882765883986602,NaN,NaN,NaN,-0.641761419364748,NaN,-1.61670214768179,-0.671437100585793,NaN,-1.16536615658589,NaN,NaN,-1.14412923267107,NaN,NaN,-2.3218456380505,-0.151964182708034,-0.872191302555554,-2.17878832977155,NaN,NaN,-2.1045236903819,-2.16324868000518,-0.250545405871433,-0.502420128820348,-0.502420128823152,0.790082405064419,-0.24671305134316,NaN,NaN,-0.939639802971118,-0.473875099636394,NaN,NaN,0.190464568430725,NaN,1.83568398961621,-0.55719526561352
403.8656,0.595949998186496,1.39705485213644,1.92080097528177,-0.222237542890156,-0.358177803752101,-0.3581778037484,NaN,0.513584897103635,1.14231106484003,-1.26335705864296,-0.661516462048278,-1.26335705864308,1.61852027965403,-0.885045461243208,NaN,NaN,NaN,-0.609214086081381,NaN,-1.61740230754079,-0.633585818019235,NaN,-1.2011345087029,NaN,NaN,-1.14696088954645,NaN,NaN,-2.3242890564012,-0.163766317003069,-0.870965139108236,-2.1757806603284,NaN,NaN,-2.10992158836175,-2.14561410200748,-0.249173549869989,-0.509970182135624,-0.509970182138405,0.795675144091167,-0.2437951616279,NaN,NaN,-0.924935139650035,-0.445130825164738,NaN,NaN,0.20559520593157,NaN,1.81298648343188,-0.599658257727229
403.968,0.628583834140444,1.39006466710896,1.95016389699754,-0.221755914803374,-0.331305056064099,-0.331305056060366,NaN,0.489083003303452,1.13989720540833,-1.2399661354965,-0.652846563966723,-1.23996613549663,1.61717633085334,-0.8863417696413,NaN,NaN,NaN,-0.577383187488875,NaN,-1.61665073246402,-0.595900035849136,NaN,-1.23664935976527,NaN,NaN,-1.14926734493641,NaN,NaN,-2.324556173177,-0.174918096368937,-0.868707490206337,-2.17188548087208,NaN,NaN,-2.11438350625546,-2.12755608385276,-0.248248942237758,-0.516252682843391,-0.51625268284615,0.801021353381497,-0.241005050559202,NaN,NaN,-0.910233219852895,-0.416445634025534,NaN,NaN,0.220623893864923,NaN,1.78886842581804,-0.640889848674888
404.0704,0.660272381626494,1.38307129921194,1.97848951407834,-0.220950961196455,-0.305419799951556,-0.305419799947793,NaN,0.465089323045516,1.1370953956738,-1.21660335595419,-0.643197967266399,-1.21660335595433,1.61508889924295,-0.886625558151424,NaN,NaN,NaN,-0.546291127631729,NaN,-1.61448649679174,-0.558428821374973,NaN,-1.27184701044647,NaN,NaN,-1.15103033697559,NaN,NaN,-2.32264009791595,-0.185404625573328,-0.865452325715009,-2.16710061686445,NaN,NaN,-2.11794241399003,-2.10913849377932,-0.247770140722128,-0.521276194413178,-0.521276194415911,0.806131985129624,-0.238343489669349,NaN,NaN,-0.895562187385637,-0.387862096199593,NaN,NaN,0.235487118406916,NaN,1.76333616276157,-0.680875129543729
404.1728,0.690984285331315,1.37606953933972,2.00573878452198,-0.219788826647957,-0.280625291918626,-0.280625291914833,NaN,0.441635268876816,1.13391755620205,-1.19332249162758,-0.632564684772829,-1.19332249162773,1.6122615843951,-0.885869632112688,NaN,NaN,NaN,-0.515958942848885,NaN,-1.61095007427139,-0.52121972136352,NaN,-1.30666376919364,NaN,NaN,-1.1522328395061,NaN,NaN,-2.31853726897174,-0.195211219848149,-0.861235830623491,-2.16142520505809,NaN,NaN,-2.1206317244349,-2.09042426828925,-0.247734508399036,-0.525052737056711,-0.525052737059418,0.811018709840374,-0.235811096101456,NaN,NaN,-0.880950166702362,-0.359422362955158,NaN,NaN,0.250123914647219,NaN,1.73639960668677,-0.719601950463347
404.2752,0.72068998856603,1.36905176520249,2.0318724431257,-0.218237193957607,-0.257020861449036,-0.257020861445215,NaN,0.418749543323762,1.13037534121418,-1.17017766232467,-0.62094220476892,-1.17017766232482,1.60869846540491,-0.884049295481128,NaN,NaN,NaN,-0.486406125271971,NaN,-1.60608317617851,-0.484318597674927,NaN,-1.34103615518693,NaN,NaN,-1.1528591659505,NaN,NaN,-2.31224762743968,-0.204323318438773,-0.856096200464634,-2.15485974837705,NaN,NaN,-2.12248512232622,-2.07147504511322,-0.24813812040147,-0.527597869541034,-0.527597869543714,0.815693899045426,-0.23340829984126,NaN,NaN,-0.866425119376559,-0.331167918768535,NaN,NaN,0.264476200384929,NaN,1.70807246641706,-0.757060919477299
404.3776,0.749361990656356,1.36200797597539,2.05685131460893,-0.216265397321428,-0.234701302088703,-0.234701302084854,NaN,0.396457874560055,1.12648012192142,-1.14722300771929,-0.608327747785112,-1.14722300771946,1.60440428893136,-0.881142770468818,NaN,NaN,NaN,-0.457650453880405,NaN,-1.59992860969394,-0.447769501489214,NaN,-1.37490106486219,NaN,NaN,-1.15289506064503,NaN,NaN,-2.30377475903798,-0.212726416857796,-0.850073424416095,-2.14740615841599,NaN,NaN,-2.12353641268329,-2.05235081370081,-0.248975669961572,-0.528930717782844,-0.528930717785491,0.820170605472596,-0.231135317963917,NaN,NaN,-0.852014701145488,-0.303139332703728,NaN,NaN,0.278489071288339,NaN,1.67837244798155,-0.793245368650703
404.48,0.776975077291818,1.35492583731058,2.08063660655621,-0.213844529425693,-0.213756310811198,-0.213756310807323,NaN,0.37478281377479,1.12224299978712,-1.12451237076308,-0.594720485836656,-1.12451237076325,1.59938463353267,-0.877131567491941,NaN,NaN,NaN,-0.429707840945426,NaN,-1.59253016767239,-0.411614564381212,NaN,-1.40819591003971,NaN,NaN,-1.1523277691581,NaN,NaN,-2.29312600311113,-0.220406017126061,-0.843209068854848,-2.13906778253755,NaN,NaN,-2.12381938358618,-2.03310958687801,-0.250240382995172,-0.529073959228641,-0.529073959231259,0.824462545432781,-0.228992133954217,NaN,NaN,-0.83774612294666,-0.275376020584354,NaN,NaN,0.292111045194742,NaN,1.6473214083393,-0.828151294568953
404.5824,0.803506516472453,1.34779074296294,2.10319017980065,-0.210947545200807,-0.194269980530994,-0.194269980527094,NaN,0.35374359034348,1.11767484688597,-1.10209899373217,-0.580121722915049,-1.10209899373235,1.59364604525835,-0.872000801586781,NaN,NaN,NaN,-0.402592199543546,NaN,-1.58393254508224,-0.37589388885574,NaN,-1.44085873326967,NaN,NaN,-1.1511460838725,NaN,NaN,-2.28031253238152,-0.227347595300424,-0.835546071677528,-2.12984942022336,NaN,NaN,-2.12336768040021,-2.01380709797631,-0.251923952508362,-0.528053783104687,-0.528053783107272,0.828584078075505,-0.226978480592259,NaN,NaN,-0.823646016433133,-0.247916030931222,NaN,NaN,0.305294247269137,NaN,1.61494545556401,-0.861777279018718
404.6848,0.828936224526976,1.34058589104892,2.12447479934557,-0.207549351883971,-0.17632035588694,-0.176320355883015,NaN,0.333356002683162,1.1127863601439,-1.08003523109373,-0.564535044352156,-1.08003523109392,1.58719615602522,-0.865739466331196,NaN,NaN,NaN,-0.376315333149493,NaN,-1.57418126469516,-0.340645437306891,NaN,-1.47282830568935,NaN,NaN,-1.14934037208409,NaN,NaN,-2.2653494075946,-0.233536586801338,-0.827128548053126,-2.11975734109219,NaN,NaN,-2.12221469700657,-1.99449652987428,-0.254016491053848,-0.525899842050157,-0.525899842052708,0.832550175166988,-0.225093833062971,NaN,NaN,-0.809740308592113,-0.220795858162655,NaN,NaN,0.317994539723256,NaN,1.58127502087886,-0.894124393058764
404.7872,0.853246909589447,1.33329236717106,2.14445436685389,-0.203626869772494,-0.159979060282539,-0.159979060278591,NaN,0.313632316584355,1.10758810768952,-1.05837228982951,-0.547966444259388,-1.05837228982971,1.580043790663,-0.858340667382392,NaN,NaN,NaN,-0.35088684689718,NaN,-1.56332259927475,-0.305904927404415,NaN,-1.50404421405063,NaN,NaN,-1.14690260449103,NaN,NaN,-2.24825560887543,-0.238958388200943,-0.81800159660576,-2.10879931740265,NaN,NaN,-2.1203934958941,-1.97522828183787,-0.256506485187118,-0.52264519165354,-0.522645191656056,0.836376383295103,-0.22333742639696,NaN,NaN,-0.79605411863013,-0.194050276284116,NaN,NaN,0.330171604268069,NaN,1.54634495186679,-0.925196085785858
404.8896,0.876424196040399,1.32588923040041,2.16309413490256,-0.199159055541995,-0.145310989431421,-0.14531098942745,NaN,0.294581160656535,1.10209055285597,-1.03715999988023,-0.530424436656839,-1.03715999988044,1.57219905761689,-0.849801807210782,NaN,NaN,NaN,-0.326314078312586,NaN,-1.55140349228152,-0.271705736595975,NaN,-1.53444694490518,NaN,NaN,-1.14382639782457,NaN,NaN,-2.22905404807887,-0.243598372856141,-0.808211091206177,-2.09698467132482,NaN,NaN,-2.11793676166223,-1.95604977191042,-0.259380736275841,-0.518326201138026,-0.518326201140509,0.84007878411223,-0.221708305897004,NaN,NaN,-0.782611687894428,-0.167712183006216,NaN,NaN,0.341788984363379,NaN,1.51019465016567,-0.954998057718183
404.992,0.898456729171285,1.31835360815868,2.18036090767741,-0.194126889816437,-0.132374055020781,-0.13237405501679,NaN,0.276207429692159,1.09630405828294,-1.01644660166494,-0.511920149477388,-1.01644660166516,1.56367341753307,-0.84012471601526,NaN,NaN,NaN,-0.302602040906978,NaN,-1.53847148724315,-0.238078814462065,NaN,-1.56397797187703,NaN,NaN,-1.14010707046487,NaN,NaN,-2.20777156885064,-0.247441918439111,-0.797803448115696,-2.08432432327836,NaN,NaN,-2.11487677889911,-1.93700526313845,-0.262624284989924,-0.512982422663307,-0.51298242266576,0.843673953426027,-0.220205406330672,NaN,NaN,-0.769436340038798,-0.141812445593794,NaN,NaN,0.35281409361865,NaN,1.47286822915524,-0.983538120138068
405.0944,0.919336253636055,1.31066081375691,2.19622323355816,-0.188513332517302,-0.121218964914041,-0.121218964910031,NaN,0.258512206601954,1.09023887886376,-0.99627853806945,-0.49246739446704,-0.996278538069681,1.55447972730002,-0.829315730711835,NaN,NaN,NaN,-0.279753371444443,NaN,-1.52457466870312,-0.205052607034787,NaN,-1.59257984595797,NaN,NaN,-1.1357416995478,NaN,NaN,-2.18443893508527,-0.250474445282566,-0.78682536825441,-2.07083082683976,NaN,NaN,-2.11124542172563,-1.91813570391135,-0.266220330313404,-0.50665642026166,-0.50665642026408,0.847178913595284,-0.218827647106859,NaN,NaN,-0.756550459733147,-0.1163797449676,NaN,NaN,0.363218190482443,NaN,1.43441465663988,-1.01082604568736
405.1968,0.939057656502451,1.30278449831134,2.21065159018318,-0.182303248283684,-0.111889037454724,-0.111889037450697,NaN,0.241492703208807,1.08390514647316,-0.976700252951777,-0.472082705124628,-0.976700252952018,1.5446322590527,-0.817385725669753,NaN,NaN,NaN,-0.257768274802457,NaN,-1.50976160246114,-0.172652999190988,NaN,-1.62019628673559,NaN,NaN,-1.13072916739136,NaN,NaN,-2.15909080332872,-0.25268146574471,-0.775323566236028,-2.05651838470252,NaN,NaN,-2.10707414763137,-1.89947858438286,-0.270150162044407,-0.499393569787316,-0.499393569789707,0.85061107010628,-0.217574027740615,NaN,NaN,-0.743975478681722,-0.0914404251822443,NaN,NaN,0.37297631221357,NaN,1.39488786192963,-1.03687341952044
405.2992,0.957618970333821,1.29469683989073,2.22361855958611,-0.175483312436481,-0.104420057923621,-0.104420057919575,NaN,0.225142226508787,1.07731285321619,-0.95775400498334,-0.450785338768726,-0.957754004983591,1.53414669660862,-0.804350098560653,NaN,NaN,NaN,-0.236644465894101,NaN,-1.49408125527775,-0.140903269560275,NaN,-1.6467722785245,NaN,NaN,-1.12507018934496,NaN,NaN,-2.13176567829876,-0.254048643649623,-0.763344506237376,-2.04140284419629,NaN,NaN,-2.10239399102941,-1.88106781774472,-0.274393126154604,-0.491241841880272,-0.491241841882632,0.853988124254869,-0.216443709222437,NaN,NaN,-0.731731858264415,-0.0670183635924691,NaN,NaN,0.382067164614316,NaN,1.35434678689144,-1.06169350412364
405.4016,0.975021335916343,1.28636876762118,2.23509899091793,-0.168041919791168,-0.0988401945361855,-0.0988401945321248,NaN,0.209450190808933,1.07047185539792,-0.9394797023739,-0.428597243332612,-0.939479702374161,1.52304011006063,-0.790228709999594,NaN,NaN,NaN,-0.216377111182455,NaN,-1.47758288265977,-0.109824041333309,NaN,-1.67225417941633,NaN,NaN,-1.11876731878306,NaN,NaN,-2.10250585130491,-0.254561859843864,-0.750934166413046,-2.02550166605517,NaN,NaN,-2.09723555082101,-1.8629336529733,-0.278926631377806,-0.482251572228535,-0.482251572230857,0.857327962656003,-0.215436074122397,NaN,NaN,-0.719839059122313,-0.0431348753489577,NaN,NaN,0.390472971061506,NaN,1.31285536211626,-1.08530112800488
405.504,0.991268922153348,1.27777021897359,2.2450701464307,-0.1599691151589,-0.0951699898998074,-0.09516998989573,NaN,0.194402190917563,1.06339191936731,-0.921914764512189,-0.405542992186558,-0.92191476451246,1.51133089638584,-0.775045761129217,NaN,NaN,NaN,-0.196958773630028,NaN,-1.46031589229456,-0.0794332196743468,NaN,-1.69658984614764,NaN,NaN,-1.11182492672516,NaN,NaN,-2.0713573097973,-0.254207280246187,-0.738137847597619,-2.00883385625666,NaN,NaN,-2.09162896724667,-1.8451026238131,-0.283726188707816,-0.472475215294408,-0.472475215296702,0.86064853608332,-0.214550767875758,NaN,NaN,-0.708315496864873,-0.019808660905414,NaN,NaN,0.398179282764017,NaN,1.27048240830343,-1.10771259701463
405.6064,1.00636880073486,1.26887042747862,2.25351182560375,-0.151256543913583,-0.0934224273202588,-0.0934224273161666,NaN,0.179980133825837,1.05608280736976,-0.905094016874023,-0.381649690407955,-0.905094016874304,1.49903866765538,-0.758829584924959,NaN,NaN,NaN,-0.178379365214499,NaN,-1.44232970407841,-0.0497459210321191,NaN,-1.71972877017285,NaN,NaN,-1.10424915588532,NaN,NaN,-2.03836959475665,-0.252971423959546,-0.725000031303682,-1.99141985427693,NaN,NaN,-2.08560388677057,-1.8275975404014,-0.288765466148808,-0.461967077228246,-0.46196707723051,0.863967741027734,-0.213787728059581,NaN,NaN,-0.697178492359459,0.00294419782288291,NaN,NaN,0.405174746966045,NaN,1.22730147255566,-1.12894562094246
405.7088,1.02033078222894,1.25963823484788,2.26040646921753,-0.141897401862454,-0.0936030591425157,-0.0936030591384086,NaN,0.16616241631335,1.0485543854164,-0.88904961521807,-0.35694685594075,-0.889049615218362,1.48618408529004,-0.741612344237768,NaN,NaN,NaN,-0.160626108754514,NaN,-1.4236736234763,-0.0207744013315824,NaN,-1.74162221823769,NaN,NaN,-1.09604785141454,NaN,NaN,-2.00359558784563,-0.250841227458502,-0.711564282603696,-1.97328137766997,NaN,NaN,-2.07918941508461,-1.8104375278996,-0.294016343638225,-0.450783031721155,-0.450783031723389,0.867303304378819,-0.213147205131366,NaN,NaN,-0.686444222174978,0.0251101919521866,NaN,NaN,0.411450832800062,NaN,1.18339059535546,-1.14901925246999
405.8112,1.03316722928896,1.2500424207414,2.26573925441031,-0.131886363716586,-0.0957101855293723,-0.0957101855252523,NaN,0.152924135277934,1.04081673794636,-0.873810985634403,-0.331466281759737,-0.873810985634705,1.47278865515243,-0.723429650641327,NaN,NaN,NaN,-0.143683509231942,NaN,-1.40439672895164,0.00747201810597962,NaN,-1.76222337427914,NaN,NaN,-1.08723047232987,NaN,NaN,-1.96709122600589,-0.247804100142318,-0.697873188403949,-1.95444122611269,NaN,NaN,-2.07241405783553,-1.79363810885907,-0.299448965215332,-0.438980228218595,-0.438980228220797,0.870672659501038,-0.212629771192791,NaN,NaN,-0.676127665244343,0.0466782946857095,NaN,NaN,0.417001523164859,NaN,1.13883199016645,-1.16795383891283
405.9136,1.04489286148266,1.24005204484192,2.26949819174262,-0.121219487689086,-0.099735074931072,-0.0997350749269431,NaN,0.140237323568287,1.032880279933,-0.859404772349716,-0.3052418861837,-0.859404772350029,1.45887448571578,-0.704320108237538,NaN,NaN,NaN,-0.127533337870657,NaN,-1.38454776307049,0.0349870312417461,NaN,-1.78148748341925,NaN,NaN,-1.0778079908954,NaN,NaN,-1.92891514523581,-0.243847966865099,-0.683968321547105,-1.93492304755643,NaN,NaN,-2.06530565167302,-1.77721132172936,-0.30503180184159,-0.426616795104755,-0.426616795106931,0.874092801764131,-0.21223630974791,NaN,NaN,-0.666242539848148,0.067639827533862,NaN,NaN,0.421822982310974,NaN,1.09371162137442,-1.18577098392907
406.016,1.05552455831847,1.22963679505456,2.27167422585137,-0.109894110874695,-0.105662220267852,-0.105662220263716,NaN,0.128071214050907,1.02475585856037,-0.845854797823071,-0.278309552468248,-0.845854797823395,1.44446398675911,-0.684324761705658,NaN,NaN,NaN,-0.112154635881777,NaN,-1.36417502064646,0.0617674309391996,NaN,-1.79937199997319,NaN,NaN,-1.06779279010206,NaN,NaN,-1.88912824965343,-0.238961292465125,-0.669890226675242,-1.91475107002867,NaN,NaN,-2.0578912942548,-1.76116587057638,-0.310731744504912,-0.413751531416549,-0.413751531418699,0.877580120211854,-0.211967983564429,NaN,NaN,-0.656801231187145,0.0879882844585101,NaN,NaN,0.425913203211998,NaN,1.04811868067338,-1.20249351130059
406.1184,1.06508116377421,1.2187673298503,2.27226133242994,-0.0979087532135749,-0.113469626038763,-0.11346962603462,NaN,0.116392535334505,1.0164548411877,-0.833182044139048,-0.250706951743178,-0.833182044139383,1.42957948908695,-0.663486436902799,NaN,NaN,NaN,-0.0975237442836833,NaN,-1.34332623658935,0.0878131790285367,NaN,-1.81583673965094,NaN,NaN,-1.05719856704896,NaN,NaN,-1.84779321627218,-0.233133086635901,-0.655678428513766,-1.89394980967162,NaN,NaN,-2.0501972835947,-1.74550730117702,-0.316514233595424,-0.4004435868124,-0.400443586814523,0.881150213036386,-0.211826186025731,NaN,NaN,-0.647814715180263,0.107719120783864,NaN,NaN,0.429271640525537,NaN,1.00214498736065,-1.2181454173782
406.2208,1.07358330206257,1.20741559552282,2.27125660472355,-0.085263039834941,-0.12312911401973,-0.123129114015581,NaN,0.105165826485903,1.00798919332497,-0.82140465630462,-0.222473344379415,-0.821404656304965,1.41424279971647,-0.64184900361903,NaN,NaN,NaN,-0.08361436133987,NaN,-1.32204847081652,0.113127447983055,NaN,-1.83084402925587,NaN,NaN,-1.04604024370903,NaN,NaN,-1.80497397983714,-0.226352894460705,-0.641371460408812,-1.87254377535102,NaN,NaN,-2.04224907268467,-1.73023819375253,-0.322343410809612,-0.386752145238835,-0.386752145240927,0.884817702443552,-0.211812485046828,NaN,NaN,-0.639292484286324,0.126829523040468,NaN,NaN,0.431898846536495,NaN,0.95588437136777,-1.23275179291669
406.3232,1.08105322174408,1.19555509870092,2.26866033041235,-0.0719576393238526,-0.134606631204625,-0.134606631200471,NaN,0.0943537413273744,0.999371551210494,-0.810537956602954,-0.193649360695389,-0.81053795660331,1.39847473199846,-0.619456609955954,NaN,NaN,NaN,-0.0703976214972953,NaN,-1.30038797082953,0.137716642842174,NaN,-1.84435883775939,NaN,NaN,-1.03433388113076,NaN,NaN,-1.76073525430678,-0.218610779364041,-0.62700690593739,-1.85055719303445,NaN,NaN,-2.03407123995293,-1.71535836274952,-0.328182273510641,-0.372736133306424,-0.372736133308488,0.888596065413774,-0.211928565365739,NaN,NaN,-0.631242477388934,0.14531817803785,NaN,NaN,0.433796135931765,NaN,0.909432106676804,-1.24633869710137
406.4256,1.08751468126358,1.18316112350733,2.26447606355724,-0.0579942079586769,-0.147862550979626,-0.147862550975467,NaN,0.0839173176815527,0.990615289708967,-0.800594458760434,-0.164276767368922,-0.8005944587608,1.38229464963892,-0.596352929434019,NaN,NaN,NaN,-0.0578421863236819,NaN,-1.27838999379093,0.161590425006927,NaN,-1.85634887200384,NaN,NaN,-1.02209659236358,NaN,NaN,-1.71514212463551,-0.209897303136142,-0.612621445465544,-1.82801376751705,NaN,NaN,-2.02568747174347,-1.70086505958095,-0.333992818546026,-0.358453965612661,-0.358453965614697,0.892497491160852,-0.212176171168395,NaN,NaN,-0.623671012675829,0.163185053601628,NaN,NaN,0.434965299157196,NaN,0.862884427775045,-1.25893298364572
406.528,1.09299287307185,1.1702108961899,2.25871069106857,-0.0433753313970738,-0.162851963889172,-0.162851963885007,NaN,0.0738162086080162,0.98173458260123,-0.791583884706441,-0.134398233624169,-0.791583884706817,1.36572005963996,-0.57258046593572,NaN,NaN,NaN,-0.0459143466534055,NaN,-1.25609859631197,0.184761736368427,NaN,-1.8667846335512,NaN,NaN,-1.00934645467073,NaN,NaN,-1.66825971430111,-0.200203512238139,-0.598250900202857,-1.80493649186843,NaN,NaN,-2.01712054892313,-1.68675317768491,-0.339736172979576,-0.343963326202897,-0.343963326204901,0.896532766198488,-0.212557050707386,NaN,NaN,-0.616582724766202,0.180431193824032,NaN,NaN,0.435408361963216,NaN,0.816338105356532,-1.27056210086459
406.6304,1.09751436841364,1.15668371066218,2.25137448629164,-0.0281044597190468,-0.179524956903,-0.179524956898834,NaN,0.0640088845448867,0.972744448357111,-0.783513201685302,-0.104057116302842,-0.783513201685688,1.34876628785587,-0.548179971866002,NaN,NaN,NaN,-0.0345781476899517,NaN,-1.23355642349778,0.207246794439742,NaN,-1.87563944974829,NaN,NaN,-0.996102427837064,NaN,NaN,-1.62015292166074,-0.189520947359621,-0.583930266118681,-1.78134750804134,NaN,NaN,-2.00839232871605,-1.67301545939548,-0.345372717317186,-0.329320977087199,-0.329320977089173,0.900711179174335,-0.213072905763144,NaN,NaN,-0.609980512553279,0.197058523138038,NaN,NaN,0.435127366943898,NaN,0.769890020661785,-1.28125389561879
406.7328,1.10110706327312,1.14256103002043,2.24248114204305,-0.0121858375560852,-0.197826882885257,-0.197826882881089,NaN,0.0544528099707743,0.963660773882081,-0.77638669692501,-0.0732972743666636,-0.776386696925407,1.33144625838054,-0.523190016094906,NaN,NaN,NaN,-0.0237955494346144,NaN,-1.21080453000576,0.229065033055786,NaN,-1.88288949935111,NaN,NaN,-0.982384284903876,NaN,NaN,-1.57088621964985,-0.177841693180271,-0.569693730229123,-1.75726801376385,NaN,NaN,-1.99952371660048,-1.6596427004943,-0.350862209585405,-0.314582584432331,-0.314582584434276,0.905040436712431,-0.213725348900215,NaN,NaN,-0.603865503361219,0.213069653177362,NaN,NaN,0.434124156688703,NaN,0.723636693507638,-1.29103644188644
406.8352,1.10380011590386,1.12782657327314,2.23204778100955,0.00437556166089459,-0.217698617665676,-0.217698617661507,NaN,0.0451045933746797,0.954500315628184,-0.770206093739868,-0.0421629064445453,-0.770206093740275,1.31377037374753,-0.497646695612335,NaN,NaN,NaN,-0.013526623904921,NaN,-1.18788225032829,0.250238986772806,NaN,-1.88851385021795,NaN,NaN,-0.968212555502642,NaN,NaN,-1.52052351702696,-0.165158473512282,-0.55557466604151,-1.73271820342514,NaN,NaN,-1.99053462802545,-1.64662394372122,-0.356163915755588,-0.299802557451608,-0.299802557453518,0.909526586660546,-0.214515869428137,NaN,NaN,-0.598237030712428,0.228467693413544,NaN,NaN,0.432400161909561,NaN,0.677673772529091,-1.29993790281594
406.9376,1.10562387622371,1.11246639226731,2.22009494834267,0.0215740891435173,-0.239076802229449,-0.239076802225281,NaN,0.0359201129576161,0.945280684560723,-0.764970701303891,-0.0106983968669263,-0.76497070130431,1.29574647120575,-0.471583451198237,NaN,NaN,NaN,-0.00372977900195163,NaN,-1.16482711381225,0.270794136008459,NaN,-1.89249451520695,NaN,NaN,-0.953608477148611,NaN,NaN,-1.46912807485461,-0.151464779532675,-0.541605614000109,-1.70771722843467,NaN,NaN,-1.98144394179052,-1.63394665478057,-0.361236746526549,-0.285033899998025,-0.285033899999901,0.914173950268588,-0.215445806086939,NaN,NaN,-0.593092617883016,0.243256071754489,NaN,NaN,0.429956210716316,NaN,0.632095536940648,-1.30798642678245
407.04,1.10660981290361,1.0964689446499,2.20664659812913,0.0394034657148119,-0.261894081565827,-0.261894081561661,NaN,0.0268546246955949,0.936020320741075,-0.760677583562816,0.0210518377951348,-0.760677583563246,1.27737982846725,-0.445030946792532,NaN,NaN,NaN,0.00563800770679132,NaN,-1.14167478351492,0.290758738247367,NaN,-1.89481651302756,NaN,NaN,-0.938593947699329,NaN,NaN,-1.41676246583875,-0.136755010714573,-0.527818257477103,-1.68228316924734,NaN,NaN,-1.97226944671263,-1.6215968820584,-0.366039395404326,-0.27032808007171,-0.270328080073559,0.918985069708222,-0.216516324539551,NaN,NaN,-0.58842796443289,0.257438372635045,NaN,NaN,0.426792373444128,NaN,0.586994461706101,-1.31521006716938
407.1424,1.1067904478857,1.07982516794383,2.19173008900338,0.0578568316997629,-0.286079354514106,-0.286079354509942,NaN,0.0178628603762411,0.926738458795574,-0.757321729267695,0.0530434971087796,-0.757321729268135,1.25867321292207,-0.418017002423676,NaN,NaN,NaN,0.0146209606460748,NaN,-1.11845899556237,0.310163666737212,NaN,-1.89546790982602,NaN,NaN,-0.923191471855054,NaN,NaN,-1.36348857024146,-0.121024616723521,-0.514243399474726,-1.65643302396646,NaN,NaN,-1.96302778347414,-1.60955940520478,-0.370530470431587,-0.255734925899623,-0.255734925901442,0.923960680573858,-0.217728400616837,NaN,NaN,-0.584236941188396,0.271018200761994,NaN,NaN,0.422907856918584,NaN,0.542460861880705,-1.32163670797233
407.2448,1.10619930756054,1.06252855153941,2.17537619609688,0.076926809832491,-0.311558031434356,-0.311558031430195,NaN,0.00889912267537302,0.917455084485583,-0.754896209322274,0.0852325294749304,-0.754896209322725,1.23962698670701,-0.390566598150439,NaN,NaN,NaN,0.0232642883237324,NaN,-1.09521148643735,0.329042262886947,NaN,-1.89443983223973,NaN,NaN,-0.90742409814574,NaN,NaN,-1.30936761534869,-0.104270242973126,-0.500910938236909,-1.63018272537238,NaN,NaN,-1.95373438512543,-1.59781787629794,-0.374668613918237,-0.241302553260541,-0.241302553262335,0.929099713990005,-0.219082811357818,NaN,NaN,-0.580511601202589,0.283999074803272,NaN,NaN,0.418300957613565,NaN,0.498582581365158,-1.32729398235924
407.3472,1.10487088912251,1.04457519425879,2.15761912649535,0.0966055735023185,-0.338252286596334,-0.338252286592176,NaN,-8.26184670408841e-05,0.908190883578878,-0.753392318986562,0.117575245559901,-0.753392318987022,1.22023927094306,-0.362701958906318,NaN,NaN,NaN,0.0316139669720299,NaN,-1.07196191283698,0.347430191815939,NaN,-1.89172646558494,NaN,NaN,-0.891315347738604,NaN,NaN,-1.25446026951952,-0.0864898898672685,-0.487849839793207,-1.60354719154595,NaN,NaN,-1.94440342162698,-1.58635495579537,-0.378412611288215,-0.227077316969035,-0.227077316970806,0.934399320321273,-0.22058013442688,NaN,NaN,-0.577242209631336,0.296384343664181,NaN,NaN,0.412969064935794,NaN,0.455444682773719,-1.33220917885001
407.4496,1.10284062487525,1.02596383828677,2.1384965109914,0.116884901200562,-0.366081296768455,-0.366081296764301,NaN,-0.00912862688838924,0.898967184301315,-0.7527997118008,0.150028421265563,-0.752799711801271,1.20050614751397,-0.334442697326993,NaN,NaN,NaN,0.0397165080073002,NaN,-1.04873777853995,0.365365282014283,NaN,-1.88732505179877,NaN,NaN,-0.874889138691718,NaN,NaN,-1.1988267910137,-0.0676830928090727,-0.475088110101147,-1.5765403999263,NaN,NaN,-1.93504775396028,-1.57515244490544,-0.381721496946696,-0.21310377021051,-0.213103770212249,0.939854896427471,-0.222220754148069,NaN,NaN,-0.574417288727441,0.308177107711488,NaN,NaN,0.406908686941064,NaN,0.413129135044871,-1.33640913442035
407.552,1.10014482180296,1.00669588355872,2.11804935102394,0.13775619865867,-0.394961459060483,-0.394961459056333,NaN,-0.0182852979514901,0.889805896154195,-0.753106532197101,0.18254940144886,-0.753106532197582,1.18042186992226,-0.30580597556579,NaN,NaN,NaN,0.0476186942127127,NaN,-1.02556437330229,0.382887334338361,NaN,-1.88123588835568,NaN,NaN,-0.858169710745424,NaN,NaN,-1.14252721658374,-0.047851121515806,-0.462652772022911,-1.54917546495199,NaN,NaN,-1.92567890021089,-1.56419141313434,-0.384554666344713,-0.199424617115266,-0.199424617116976,0.94546009763916,-0.224004869181817,NaN,NaN,-0.572023668853325,0.319380129094363,NaN,NaN,0.400115470714065,NaN,0.371714523076161,-1.33992012332698
407.6544,1.0968205654809,0.986775392370131,2.09632191771489,0.159210479491531,-0.424806580317156,-0.424806580313011,NaN,-0.0275990562183733,0.88072944927949,-0.754299546178546,0.215096205767863,-0.754299546179038,1.15997907479395,-0.276806668919942,NaN,NaN,NaN,0.0553672829833748,NaN,-1.00246471229085,0.400037899850519,NaN,-1.87346232759455,NaN,NaN,-0.841181556830298,NaN,NaN,-1.08562157129362,-0.0269971923110895,-0.450569847722228,-1.5214647067291,NaN,NaN,-1.91630701220706,-1.55345231608639,-0.386871999716112,-0.186080651922169,-0.186080651923845,0.95120682325449,-0.225932495450238,NaN,NaN,-0.570046536260074,0.3299957266781,NaN,NaN,0.392584210833623,NaN,0.33127579487372,-1.34276775529413
407.7568,1.09290559726415,0.966209085059895,2.07336161355875,0.181238305841447,-0.455528038105161,-0.455528038101021,NaN,-0.0371162627387194,0.871760736003194,-0.756364262134704,0.247627628250289,-0.756364262135208,1.13916900621769,-0.2474575467005,NaN,NaN,NaN,0.0630086888511706,NaN,-0.979459465589879,0.41686003667958,NaN,-1.86401078440498,NaN,NaN,-0.823949366394713,NaN,NaN,-1.02817008938049,-0.00512668901275892,-0.438864338989956,-1.49341971477732,NaN,NaN,-1.90694086068425,-1.54291509777837,-0.388633998106131,-0.173110685080818,-0.17311068508246,0.957085177390561,-0.228003461814215,NaN,NaN,-0.568469474224914,0.340025664064072,NaN,NaN,0.384308863578796,NaN,0.29188404621751,-1.34497688838017
407.8592,1.08843818815115,0.945006316791858,2.04921881330884,0.203829696790613,-0.487034926392752,-0.48703492638862,NaN,-0.0468831385438589,0.862923053873035,-0.759285032429155,0.280103320511308,-0.75928503242967,1.11798176312981,-0.217769491694699,NaN,NaN,NaN,0.0705886635012679,NaN,-0.956566890179659,0.433398057435093,NaN,-1.85289076199336,NaN,NaN,-0.806497983619235,NaN,NaN,-0.970233440212122,0.0177526100602368,-0.427560195750929,-1.46505141859483,NaN,NaN,-1.8975878284004,-1.5325592722412,-0.389801927459479,-0.160551462773057,-0.160551462774663,0.963083421720925,-0.230217403572661,NaN,NaN,-0.567274503140343,0.34947105009858,NaN,NaN,0.375282587870277,NaN,0.253606339944337,-1.34657155254501
407.9616,1.0834570341065,0.923179025723743,2.02394670236304,0.22697401496326,-0.519234203446411,-0.519234203442285,NaN,-0.0569457015925493,0.8542400504922,-0.763045130094755,0.31248385465405,-0.763045130095281,1.09640656308581,-0.18775175937416,NaN,NaN,NaN,0.0781519910828057,NaN,-0.933802799307198,0.449697282984204,NaN,-1.84011489814967,NaN,NaN,-0.788852381240845,NaN,NaN,-0.911872948390516,0.0416303045621053,-0.416680268380874,-1.43637017202047,NaN,NaN,-1.88825391085342,-1.52236398017368,-0.390337962135092,-0.148437591659075,-0.14843759166065,0.969187946597185,-0.232573764886252,NaN,NaN,-0.566442133183656,0.358332276259454,NaN,NaN,0.365497816014955,NaN,0.216505554509674,-1.34757487601554
408.064,1.07800118606794,0.900741651243757,1.99760112592235,0.250659843963242,-0.552030849009165,-0.552030849005045,NaN,-0.0673497138680561,0.845735669304527,-0.767626801722796,0.344730773345485,-0.767626801723333,1.07443200371807,-0.157412255841622,NaN,NaN,NaN,0.0857422107319879,NaN,-0.911180601830233,0.465803822940308,NaN,-1.8256990266091,NaN,NaN,-0.771037645746995,NaN,NaN,-0.853150792835792,0.0664931546122196,-0.406246248274682,-1.40738585023235,NaN,NaN,-1.8789437242466,-1.51230802143751,-0.39020531814078,-0.136801480077674,-0.13680148007922,0.975383283599935,-0.235071820360646,NaN,NaN,-0.565951442375769,0.36660900819677,NaN,NaN,0.35494634089785,NaN,0.180640240284935,-1.3480090086095
408.1664,1.07211000993495,0.877711026260365,1.97024044739569,0.274874868748833,-0.585328026254246,-0.585328026250134,NaN,-0.0781406386837248,0.837434090262099,-0.773011305039642,0.376806642082123,-0.773011305040192,1.05204630612943,-0.126757806626529,NaN,NaN,NaN,0.0934013658234055,NaN,-0.888711417329195,0.481764390068296,NaN,-1.80966224668828,NaN,NaN,-0.75307896420303,NaN,NaN,-0.794130174037862,0.0923248829434741,-0.396278608100756,-1.37810795299607,NaN,NaN,-1.86966052088536,-1.50236987202678,-0.389368371135888,-0.125673298505171,-0.125673298506689,0.981652162953323,-0.237710717360124,NaN,NaN,-0.565780180053113,0.374300229680743,NaN,NaN,0.343619402491023,NaN,0.146064454369076,-1.34789504900424
408.2688,1.0658231575557,0.854106247636876,1.94192539899321,0.299605764814141,-0.619027244691034,-0.619027244686931,NaN,-0.0893636044947878,0.829359655963451,-0.779178942326716,0.408675112245469,-0.779178942327277,1.02923753974704,-0.0957944019973792,NaN,NaN,NaN,0.101169767565059,NaN,-0.866404243672612,0.497626132276234,NaN,-1.79202699621588,NaN,NaN,-0.735001605243321,NaN,NaN,-0.734875450706702,0.119105995592904,-0.386796551522497,-1.34854570824652,NaN,NaN,-1.8604062110161,-1.49252769684773,-0.387792762901752,-0.115080951609498,-0.115080951610986,0.987975595785543,-0.240489530940498,NaN,NaN,-0.5659048828417,0.381404318570831,NaN,NaN,0.331507759961552,NaN,0.112827574601122,-1.34725299537563
408.3712,1.05918052690598,0.829948529303921,1.91271890476267,0.324838094281267,-0.653028529068396,-0.6530285290643,NaN,-0.101063371672502,0.821536775532,-0.78610909658498,0.440300990343401,-0.786109096585553,1.0059938418358,-0.0645274267798557,NaN,NaN,NaN,0.109085757648203,NaN,-0.844266142216522,0.513436452605487,NaN,-1.77281911834743,NaN,NaN,-0.716830895534923,NaN,NaN,-0.675452259418726,0.1468136080495,-0.37781797160101,-1.31870817482213,NaN,NaN,-1.85118138817314,-1.48275936418361,-0.385445506787344,-0.105050047784554,-0.105050047786023,0.994332951735191,-0.24340732009966,NaN,NaN,-0.566300988870167,0.387919129763373,NaN,NaN,0.318601742848916,NaN,0.080974134431206,-1.34610173207948
408.4736,1.05222219786588,0.805261044488244,1.88268586703902,0.350556204587971,-0.687230609046432,-0.687230609042342,NaN,-0.113284307471763,0.813989802858404,-0.793780272025994,0.471650302251952,-0.793780272026578,0.982303647934346,-0.0329618964684492,NaN,NaN,NaN,0.117185460022578,NaN,-0.822302419303747,0.529242788171311,NaN,-1.75206791011361,NaN,NaN,-0.698592196759134,NaN,NaN,-0.615927635895458,0.175421263134006,-0.369359406588677,-1.28860434606374,NaN,NaN,-1.84198535454599,-1.47304246000007,-0.382295103294753,-0.0956038512712115,-0.095603851272657,1.00070201158566,-0.246463178094008,NaN,NaN,-0.566942943538548,0.393842069995209,NaN,NaN,0.304891284278053,NaN,0.0505437186723189,-1.34445904800617
408.576,1.04498834185046,0.780068764452106,1.85189292111444,0.376743128772871,-0.721531146984848,-0.721531146980765,NaN,-0.126070371331372,0.806742891684077,-0.802170138609984,0.502690341116582,-0.80217013861058,0.958155941145603,-0.00110271768821667,NaN,NaN,NaN,0.125502521153957,NaN,-0.80051681110886,0.545092331559682,NaN,-1.7298061529675,NaN,NaN,-0.680310886071795,NaN,NaN,-0.556370150316386,0.204898736113999,-0.361435978946305,-1.25824325521975,NaN,NaN,-1.8328161430594,-1.46335429645346,-0.378311672213804,-0.0867632072417113,-0.0867632072431314,1.00705899292818,-0.249656276772894,NaN,NaN,-0.567804298985292,0.399170164105889,NaN,NaN,0.290365946441907,NaN,0.0215709107791514,-1.34234167592492
408.6784,1.03751911280883,0.754398299994437,1.82040817202786,0.403380490651055,-0.7558270094425,-0.755827009438422,NaN,-0.139465095088138,0.799819836128639,-0.811255578796441,0.533389690027676,-0.811255578797048,0.933540511225928,0.0310450284587716,NaN,NaN,NaN,0.134067848252736,NaN,-0.778911695980121,0.561031701450809,NaN,-1.70607013793975,NaN,NaN,-0.662012341493466,NaN,NaN,-0.496850052823929,0.23521183352931,-0.354061309658584,-1.22763408258906,NaN,NaN,-1.82367053373859,-1.45367191125288,-0.37346710096455,-0.0785464401929113,-0.0785464401943122,1.01337856208665,-0.252985910171011,NaN,NaN,-0.5688578149508,0.403900121516023,NaN,NaN,0.275014948635205,NaN,-0.00591476096758869,-1.33976534240841
408.7808,1.02985453416237,0.728277746373639,1.78830093001792,0.430448419447102,-0.790014571286322,-0.790014571282248,NaN,-0.153511536914186,0.793243908752353,-0.821012728941546,0.563718218414188,-0.821012728942165,0.908448202646142,0.0634758012689598,NaN,NaN,NaN,0.142909363748263,NaN,-0.757488348525016,0.577106594219602,NaN,-1.6808996905481,NaN,NaN,-0.643721931583752,NaN,NaN,-0.437439409023335,0.266322203617914,-0.347247412181606,-1.19678626322717,NaN,NaN,-1.81454406496189,-1.44397206061323,-0.36773520232638,-0.0709692367952531,-0.0709692367966318,1.01963385134803,-0.256451542483962,NaN,NaN,-0.570075568453504,0.408028412128472,NaN,NaN,0.258827204068216,NaN,-0.0318889178043661,-1.33674481363786
408.8832,1.02203440151451,0.701736524621727,1.7556414599577,0.457925475171458,-0.823990032875362,-0.823990032871295,NaN,-0.168252202090485,0.787037708674183,-0.831416999357983,0.593647061845624,-0.831416999358613,0.882871134265726,0.0961833387730222,NaN,NaN,NaN,0.15205180045693,NaN,-0.736247225121615,0.593361460940782,NaN,-1.65433818532486,NaN,NaN,-0.625465005905434,NaN,NaN,-0.378212201883921,0.298187182794554,-0.341004579603616,-1.16570959344544,NaN,NaN,-1.80543104554816,-1.43423121218921,-0.36109186996142,-0.0640445328250632,-0.0640445328264217,1.02579649851249,-0.260052861420271,NaN,NaN,-0.571429075160052,0.411551358941003,NaN,NaN,0.241791375712403,NaN,-0.056332450787824,-1.3332939207277
408.9856,1.01409821691359,0.674805213669836,1.722500756973,0.485788580930416,-0.857649726703495,-0.857649726699435,NaN,-0.183728937053993,0.781223030501723,-0.842443054580669,0.623148597074522,-0.84244305458131,0.856802887241793,0.129160430740744,NaN,NaN,NaN,0.161516559147128,NaN,-0.715188254466573,0.609839242175187,NaN,-1.62643253837579,NaN,NaN,-0.607266883701674,NaN,NaN,-0.319244388234474,0.330759694561477,-0.335341277290067,-1.13441433786315,NaN,NaN,-1.79632457715445,-1.42442554337572,-0.353515219779252,-0.0577824259191616,-0.0577824259204965,1.03183671834728,-0.263789833945305,NaN,NaN,-0.572889420602578,0.414465253039256,NaN,NaN,0.223895969792149,NaN,-0.0792316147085642,-1.32942555846175
409.088,1.00608515388403,0.647515378665567,1.68895035227206,0.514012956846395,-0.890890388112814,-0.89089038810876,NaN,-0.199982803451453,0.775820759574831,-0.854064746264845,0.652196415450083,-0.854064746265495,0.83023867163177,0.162398718683447,NaN,NaN,NaN,0.171321632361524,NaN,-0.694311108866266,0.62658116117329,NaN,-1.59723317668079,NaN,NaN,-0.589152841139246,NaN,NaN,-0.260613912067688,0.363988200336257,-0.330264048069955,-1.10291134073377,NaN,NaN,-1.78721659268586,-1.41453094912839,-0.344985710788528,-0.0521901284855064,-0.0521901284868219,1.03772340257828,-0.267662759039499,NaN,NaN,-0.574427395561187,0.416766488415638,NaN,NaN,0.205129476158982,NaN,-0.100578048408614,-1.32515167078498
409.1904,0.998034036482951,0.619899406371065,1.65506214075273,0.542572056316208,-0.923609378833626,-0.92360937882958,NaN,-0.217053937490007,0.77085078859106,-0.866255010192453,0.680765291563068,-0.866255010193115,0.803175482351636,0.195888512707877,NaN,NaN,NaN,0.181481576773972,NaN,-0.673615443804465,0.643626551222247,NaN,-1.5667939883753,NaN,NaN,-0.571148096727723,NaN,NaN,-0.202400680117339,0.397816692751703,-0.325777436966173,-1.07121213801045,NaN,NaN,-1.77809790778355,-1.40452306429481,-0.335486247185271,-0.0472719629014388,-0.0472719629027349,1.04342423318456,-0.271672311342111,NaN,NaN,-0.576013628804003,0.418451700656158,NaN,NaN,0.185480539989263,NaN,-0.120368706690944,-1.32048325140084
409.2928,0.989983313612724,0.591990355296507,1.62090821679982,0.571437516245547,-0.955704879894247,-0.955704879890211,NaN,-0.234981402386742,0.766331940215412,-0.878985750510184,0.708831145295186,-0.878985750510856,0.775612247529906,0.229618621645494,NaN,NaN,NaN,0.192007510557438,NaN,-0.653101103569227,0.66101269151248,NaN,-1.53517225637246,NaN,NaN,-0.553277792456116,NaN,NaN,-0.144686502115457,0.432184725906185,-0.321883940180991,-1.03932906063664,NaN,NaN,-1.76895827775345,-1.39437730605853,-0.325002268755866,-0.0430293911879264,-0.0430293911891992,1.04890579304908,-0.275819571397874,NaN,NaN,-0.577618714994479,0.419517887910554,NaN,NaN,0.164938135199819,NaN,-0.138605718247763,-1.31543038082757
409.3952,0.981971019344002,0.563821826200656,1.586560713269,0.600579136988574,-0.987076083712436,-0.987076083708409,NaN,-0.253803036961849,0.762281881130943,-0.892227728946298,0.736370994956489,-0.89222772894698,0.747549976842326,0.263576184823512,NaN,NaN,NaN,0.202907124154062,NaN,-0.632768295122314,0.678774638659219,NaN,-1.50242857726606,NaN,NaN,-0.535566970737345,NaN,NaN,-0.0875550007079526,0.467027484399188,-0.318583972326148,-1.00727532603719,NaN,NaN,-1.75978645471595,-1.38406893977746,-0.313521837496915,-0.0394610658306085,-0.0394610658318553,1.05413366661349,-0.280106041116507,NaN,NaN,-0.579213341699112,0.419962499558932,NaN,NaN,0.143491714735451,NaN,-0.155296193246513,-1.31000229643575
409.4976,0.974034722783097,0.535427856868724,1.5520916510755,0.629964899359595,-1.01762340156657,-1.01762340156255,NaN,-0.273555291924768,0.758717024994202,-0.905950461265356,0.763362896844051,-0.905950461266048,0.718991920979925,0.297746489536158,NaN,NaN,NaN,0.214184708829647,NaN,-0.612617733018156,0.696945057649317,NaN,-1.46862676734083,NaN,NaN,-0.518040550989429,NaN,NaN,-0.0310914977988986,0.502275895895008,-0.315875840176408,-0.975065121634602,NaN,NaN,-1.75057024518475,-1.3735731654999,-0.30103572531564,-0.0365628887722327,-0.0365628887734624,1.05907253312844,-0.284533644644741,NaN,NaN,-0.580768419546308,0.419783492572932,NaN,NaN,0.121131332772477,NaN,-0.170452003600857,-1.3042074779532
409.6,0.966211482992762,0.506842835734134,1.51757281142474,0.65956101611237,-1.0472486822668,-1.04724868226279,NaN,-0.294273046180428,0.755652430383822,-0.920122111759478,0.789785871523772,-0.92012211176018,0.689943732776665,0.33211278554777,NaN,NaN,NaN,0.225841216379128,NaN,-0.592650762727916,0.715554073628879,NaN,-1.43383375105234,NaN,NaN,-0.500723307492597,NaN,NaN,0.024617129058743,0.53785679382439,-0.313755718811467,-0.942713679726382,NaN,NaN,-1.74129657226608,-1.36286521669397,-0.287537501648828,-0.0343280729088953,-0.0343280729101001,1.06368626463815,-0.289104716754296,NaN,NaN,-0.582255215234217,0.418979371946733,NaN,NaN,0.0978477644646695,NaN,-0.184089553221601,-1.29805373486047
409.7024,0.958537829349736,0.478101418015487,1.48307563816207,0.689332014129624,-1.07585543229981,-1.07585543229581,NaN,-0.31598941231412,0.753101698360863,-0.934709375873933,0.81561982816527,-0.934709375874645,0.660413593789629,0.366656142079203,NaN,NaN,NaN,0.237874362967984,NaN,-0.572869477973949,0.734629173267126,NaN,-1.39811942006727,NaN,NaN,-0.48363984404955,NaN,NaN,0.0794826449352914,0.5736931412142,-0.312217634610382,-0.910237337549208,NaN,NaN,-1.73195154615289,-1.35192046232297,-0.273023613609237,-0.0327472113326698,-0.0327472113338459,1.06793804757337,-0.293821983924766,NaN,NaN,-0.583645485030144,0.41754924078441,NaN,NaN,0.0736326661261183,NaN,-0.196229541420793,-1.29154828516557
409.8048,0.951049775982233,0.44923843020356,1.4486711668364,0.719240847914062,-1.10334903695834,-1.10334903695435,NaN,-0.338735553890708,0.751076868754149,-0.949677350117816,0.840845505929285,-0.949677350118538,0.630412266228988,0.401355396699702,NaN,NaN,NaN,0.250278782311951,NaN,-0.553276846411788,0.754195171175229,NaN,-1.36155645509948,NaN,NaN,-0.466814558577649,NaN,NaN,0.133415737146045,0.609704325446073,-0.311253461909316,-0.877653577515135,NaN,NaN,-1.72252054165721,-1.34071450763112,-0.257493449318289,-0.0318083672308409,-0.0318083672319984,1.07179054314091,-0.298688543503462,NaN,NaN,-0.584911606465272,0.415492879582796,NaN,NaN,0.0484788017492607,NaN,-0.206896724093591,-1.28469782106974
409.9072,0.943782855203287,0.420288764852813,1.41442996574611,0.749249047449374,-1.12963699075958,-1.12963699075559,NaN,-0.362540533307138,0.749588309247512,-0.964989402400923,0.86544444749866,-0.964989402401654,0.599953050383947,0.43618722003357,NaN,NaN,NaN,0.263046220883597,NaN,-0.533876848439797,0.774274230475982,NaN,-1.32422011591471,NaN,NaN,-0.450271595105522,NaN,NaN,0.186326385736631,0.645806520020445,-0.310852941027745,-0.844981043071778,NaN,NaN,-1.71298827696099,-1.32922329301262,-0.240949379836647,-0.0314971945787178,-0.0314971945798527,1.07520608710217,-0.303707842468912,NaN,NaN,-0.586026704734523,0.41281085763318,NaN,NaN,0.0223803259907165,NaN,-0.216119699386775,-1.27750857818464
410.0096,0.936772141913195,0.391287282096792,1.38042207320871,0.779316902788691,-1.15462914446495,-1.15462914446098,NaN,-0.387431192086065,0.748644588181964,-0.980607065020468,0.889399003912175,-0.980607065021207,0.569051655676959,0.47112628392537,NaN,NaN,NaN,0.276165757795595,NaN,-0.514674634206824,0.794885907206449,NaN,-1.28618801010829,NaN,NaN,-0.434034787541095,NaN,NaN,0.23812431114895,0.681913092040122,-0.311003722132267,-0.812239524449441,NaN,NaN,-1.70333888686451,-1.31742319025464,-0.22339678349934,-0.0317970871646695,-0.0317970871657797,1.07814691702635,-0.308883655039929,NaN,NaN,-0.586964771297931,0.409504666886686,NaN,NaN,-0.00466691046935726,NaN,-0.223930741515171,-1.26998643785266
410.112,0.93005225084135,0.362268733249862,1.34671692516548,0.809403684627206,-1.1782379682096,-1.17823796820563,NaN,-0.413432050164438,0.748252324584573,-0.996489967988826,0.912692356387136,-0.996489967989574,0.53772600875649,0.506145494420682,NaN,NaN,NaN,0.2896240331042,NaN,-0.495676707580227,0.816047189492133,NaN,-1.24753984278011,NaN,NaN,-0.418127602520308,NaN,NaN,0.288719471845718,0.717935029741173,-0.311691430031867,-0.779449912036331,NaN,NaN,-1.69355598617134,-1.30529109282684,-0.204844061753402,-0.0326893429597693,-0.0326893429608523,1.08057541386357,-0.314220059227552,NaN,NaN,-0.587700776427816,0.405576867030986,NaN,NaN,-0.0326650648488054,NaN,-0.23036566691734,-1.26213707387215
410.2144,0.923657307370891,0.333267707735125,1.31338327506071,0.839467894534999,-1.20037881920794,-1.20037881920398,NaN,-0.440565207390698,0.748416019226193,-1.01259581469876,0.935308542978374,-1.01259581469952,0.505996015948899,0.541216254422713,NaN,NaN,NaN,0.303405478561513,NaN,-0.476891129370916,0.837772516147806,NaN,-1.20835713731202,NaN,NaN,-0.402573085797148,NaN,NaN,0.338022589989514,0.753781379374242,-0.312899740937921,-0.746634120385515,NaN,NaN,-1.68362272342651,-1.29280449772455,-0.18530265415061,-0.0341533307759873,-0.0341533307770406,1.08245434825482,-0.319721410724926,NaN,NaN,-0.588210776203702,0.401031234201999,NaN,NaN,-0.0616140213653505,NaN,-0.235463686000178,-1.25396612457486
410.3168,0.917620904126994,0.304318593009756,1.28048910994526,0.869467536775682,-1.22097019494713,-1.22097019494317,NaN,-0.468850236688386,0.749137880629435,-1.02888038689575,0.957232488797199,-1.02888038689651,0.473883284754329,0.576308747051841,NaN,NaN,NaN,0.317492555909831,NaN,-0.45832770914581,0.860073774224961,NaN,-1.16872291040298,NaN,NaN,-0.387393811406989,NaN,NaN,0.38594570133309,0.789359703464404,-0.314610467733118,-0.713814987170115,NaN,NaN,-1.67352182883796,-1.27994158088477,-0.164787053792802,-0.0361666538558521,-0.0361666538568771,1.08374712614238,-0.325392309106373,NaN,NaN,-0.588472007317292,0.395872910379395,NaN,NaN,-0.0915111032321946,NaN,-0.239267192794623,-1.24547935709607
410.4192,0.911976056358251,0.275455540463775,1.24810157068387,0.89936041257002,-1.23993395669388,-1.23993395668993,NaN,-0.498304067568935,0.750417659490304,-1.04529756237668,0.978450045054304,-1.04529756237746,0.441410805152643,0.611392249311915,NaN,NaN,NaN,0.331866015016667,NaN,-0.439998153574422,0.882960294152145,NaN,-1.1287212857484,NaN,NaN,-0.372611828646386,NaN,NaN,0.432402742270705,0.824576584986419,-0.316803656951887,-0.681016149588363,NaN,NaN,-1.66323565951599,-1.26668127046764,-0.143314817298352,-0.0387053158470122,-0.0387053158480078,1.08441803575385,-0.331237552165293,NaN,NaN,-0.588462961440143,0.390108555549581,NaN,NaN,-0.122350751321267,NaN,-0.241821468864462,-1.23668280149731
410.5216,0.906755161377072,0.246712442395233,1.2162868866626,0.929104448490679,-1.25719551886047,-1.25719551885652,NaN,-0.528940868371516,0.752252495645245,-1.06179933847441,0.998948040519013,-1.0617993384752,0.408602593038826,0.646435483496199,NaN,NaN,NaN,0.346505182935087,NaN,-0.421916148118416,0.90643887355453,NaN,-1.08843704021375,NaN,NaN,-0.35824860137162,NaN,NaN,0.477310191190959,0.859338196760619,-0.319457706475877,-0.648261897434917,NaN,NaN,-1.65274624150155,-1.25300332186882,-0.120906560381521,-0.0417439012550833,-0.0417439012560467,1.08443250070088,-0.337262076004944,NaN,NaN,-0.588163435436344,0.383746504262137,NaN,NaN,-0.154124166450416,NaN,-0.243174322568322,-1.22758286298181
410.624,0.901989955866921,0.218122928631707,1.18511032600286,0.958658067500729,-1.27268401097019,-1.27268401096624,NaN,-0.560771940210144,0.754636773796941,-1.07833586703074,1.01871434201642,-1.07833586703153,0.375483304004729,0.681406997718425,NaN,NaN,NaN,0.361388282289796,NaN,-0.40409735676035,0.930513843929091,NaN,-1.04795508948238,NaN,NaN,-0.344324939040054,NaN,NaN,0.520587764967567,0.893550934613228,-0.322549513115491,-0.615577002164497,NaN,NaN,-1.6420353060454,-1.23888839800165,-0.0975859350529946,-0.0452557755401009,-0.0452557755410313,1.08375733479128,-0.34347087811935,NaN,NaN,-0.587554557602809,0.376796919476643,NaN,NaN,-0.186818937234684,NaN,-0.243375716591854,-1.21818644303009
410.7264,0.897711460732396,0.189720382533859,1.15463614974448,0.987980591139584,-1.28633242633509,-1.28633242633114,NaN,-0.593805625539787,0.757561985772824,-1.09485550693124,1.03773791435092,-1.09485550693205,0.342077841682214,0.716275546907017,NaN,NaN,NaN,0.376492760702858,NaN,-0.386559347565402,0.955187160587745,NaN,-1.00735993513412,NaN,NaN,-0.330860926104545,NaN,NaN,0.562159141362817,0.927122084538712,-0.3260546413997,-0.582986532127811,NaN,NaN,-1.63108432022156,-1.22431815467622,-0.0733795935274014,-0.0492132925975756,-0.0492132925984703,1.08236098707569,-0.349868925147851,NaN,NaN,-0.586618795714777,0.369271930516358,NaN,NaN,-0.220418682411372,NaN,-0.242477422535643,-1.20850108296845
410.8288,0.89394991244377,0.161537967023256,1.12492756035292,1.01703264008776,-1.29807776652308,-1.29807776651914,NaN,-0.628047213963608,0.76101660711838,-1.11130488766294,1.05600886828979,-1.11130488766376,0.308410996473332,0.751010439061818,NaN,NaN,NaN,0.391795605882714,NaN,-0.36932147818062,0.980458478659052,NaN,-0.966735106887946,NaN,NaN,-0.317875860004774,NaN,NaN,0.601952659859643,0.959960476693787,-0.32994748108233,-0.550515677946946,NaN,NaN,-1.61987451585769,-1.20927532262842,-0.0483171489220929,-0.0535879868975015,-0.0535879868983633,1.08021377154608,-0.356461055346944,NaN,NaN,-0.585339959138079,0.361185748700073,NaN,NaN,-0.254902726502315,NaN,-0.240532708305457,-1.19853510600721
410.9312,0.890734690955549,0.133608648152119,1.09604664424534,1.04577650058682,-1.30786118033007,-1.30786118032612,NaN,-0.663498821408104,0.764986000243305,-1.12762897016881,1.07351848705314,-1.12762897016964,0.274507135544932,0.785581829981358,NaN,NaN,NaN,0.407273630378281,NaN,-0.3524047722971,1.00632518330308,NaN,-0.926162629844669,NaN,NaN,-0.305388205205327,NaN,NaN,0.63990196270345,0.991977088164976,-0.334201361327374,-0.518189611545121,NaN,NaN,-1.60838692023733,-1.19374377447075,-0.0224311410306532,-0.0583507375159209,-0.0583507375167446,1.0772880845724,-0.36325188737251,NaN,NaN,-0.583703206646251,0.352554767983811,NaN,NaN,-0.290245809517939,NaN,-0.23759605213161,-1.18829772754006
411.0336,0.888094250967752,0.105965206469745,1.06805430689273,1.07417644588438,-1.31562809525544,-1.3156280952515,NaN,-0.700159237136222,0.769452348126492,-1.14377109845487,1.09025922641768,-1.1437710984557,0.24038993820425,0.81996097305811,NaN,NaN,NaN,0.422903728703731,NaN,-0.335831795021526,1.03278236192941,NaN,-0.885722528852232,NaN,NaN,-0.293415561361396,NaN,NaN,0.675946559226653,1.02308558309847,-0.338788614383153,-0.486033388816512,NaN,NaN,-1.59660239012432,-1.17770857228962,0.00424298958132809,-0.063471913011457,-0.0634719130122457,1.07355861554162,-0.370245741739192,NaN,NaN,-0.581695065554496,0.343397664693818,NaN,NaN,-0.326417821204369,NaN,-0.233722883987646,-1.17779913309125
411.136,0.886056048893466,0.0786402354199702,1.04101019144635,1.10219901553298,-1.32132834077693,-1.321328340773,NaN,-0.738023752406868,0.774394616947859,-1.15967304352839,1.10622469122975,-1.15967304352924,0.206082168444119,0.854120431465552,NaN,NaN,NaN,0.438663121819981,NaN,-0.319626524035225,1.05982273321673,NaN,-0.84549237002707,NaN,NaN,-0.281974633908486,NaN,NaN,0.71003230676795,1.05320279870232,-0.343680602806935,-0.454071895101034,NaN,NaN,-1.58450165492617,-1.1611560012839,0.0316669212780115,-0.0689215171103057,-0.0689215171110608,1.06900255551202,-0.377446577345172,NaN,NaN,-0.579303463593611,0.333735504084813,NaN,NaN,-0.36338356086525,NaN,-0.228969360624902,-1.16705054608104
411.2384,0.884646449047976,0.051666134261465,1.01497256965298,1.12981324907112,-1.32491625727811,-1.32491625727418,NaN,-0.777083984506134,0.779788549612529,-1.17527504264271,1.12140960029337,-1.17527504264357,0.171605497799837,0.88803424347445,NaN,NaN,NaN,0.454529601533905,NaN,-0.303814217984832,1.08743656352544,NaN,-0.805546841843156,NaN,NaN,-0.27108119571773,NaN,NaN,0.742111800697736,1.08224918572844,-0.348847727677456,-0.422329830096911,NaN,NaN,-1.57206538143337,-1.14407359778036,0.0597994724893859,-0.0746693488150793,-0.0746693488158005,1.06359980631633,-0.384857943506646,NaN,NaN,-0.576517772519487,0.323591849434869,NaN,NaN,-0.401102539326286,NaN,-0.223392175836852,-1.15606429978029
411.3408,0.883890594254317,0.0250751027266153,0.989998195410272,1.15699086756891,-1.32635078712268,-1.32635078711875,NaN,-0.817327705858772,0.785606690281001,-1.19051584034621,1.13580975759362,-1.19051584034707,0.136980403898487,0.921678023096829,NaN,NaN,NaN,0.47048177447249,NaN,-0.288421286234798,1.11561158806255,NaN,-0.765957382783282,NaN,NaN,-0.260750038591724,NaN,NaN,0.772144669086999,1.11014920069321,-0.354259427269421,-0.390831729162408,NaN,NaN,-1.55927427052577,-1.12645017820077,0.0885966361493024,-0.0806851780327582,-0.0806851780334501,1.05733318550678,-0.392482945052369,NaN,NaN,-0.573328859693612,0.31299286128966,NaN,NaN,-0.43952883750914,NaN,-0.217048401490133,-1.14485390714575
411.4432,0.883812232837166,-0.00110086032964772,0.966142114221979,1.18370640621867,-1.32559556261585,-1.32559556261193,NaN,-0.858738692070915,0.791818432145934,-1.2053327436756,1.14942204447894,-1.20533274367647,0.102226158477115,0.955028988011717,NaN,NaN,NaN,0.486499291290612,NaN,-0.273475156360098,1.14433292704829,NaN,-0.726791857773903,NaN,NaN,-0.250994922772044,NaN,NaN,0.800097777468032,1.13683164098582,-0.359884163844655,-0.359602018702883,NaN,NaN,-1.54610918659781,-1.10827587302622,0.118011637042831,-0.0869389257471982,-0.0869389257478613,1.05018861514355,-0.400324216450339,NaN,NaN,-0.569729143036387,0.301967372774793,NaN,NaN,-0.478611023041591,NaN,-0.209995358073623,-1.1334341103316
411.5456,0.884433502168075,-0.0268299553271428,0.943457427790268,1.20993730660466,-1.32261901992862,-1.3226190199247,NaN,-0.901296599329704,0.798390080640943,-1.21966170196624,1.16224443630825,-1.21966170196712,0.0673608932812277,0.988065927292542,NaN,NaN,NaN,0.502563041760081,NaN,-0.259004126637801,1.17358297530481,NaN,-0.688114277226517,NaN,NaN,-0.241828534512271,NaN,NaN,0.825945353680196,1.1622299157976,-0.365689386195977,-0.328665103993496,NaN,NaN,-1.53255131410822,-1.08954216559013,0.147995011325593,-0.0934008283870725,-0.0934008283877088,1.04215528239465,-0.408383903488335,NaN,NaN,-0.565712647545381,0.290546931214916,NaN,NaN,-0.518292118016471,NaN,-0.202290520042699,-1.12182088924039
411.648,0.885774675343532,-0.0520805795386244,0.92199501900878,1.23566397498945,-1.31739456348111,-1.3173945634772,NaN,-0.944976867554209,0.805284928422056,-1.23343741396158,1.17427603884015,-1.23343741396247,0.0324017116845083,1.02076913738459,NaN,NaN,NaN,0.518655302464579,NaN,-0.245037193572015,1.20334124874331,NaN,-0.649984548891234,NaN,NaN,-0.233262454303452,NaN,NaN,0.849669036305362,1.18628224752176,-0.371641455448415,-0.298045484397578,NaN,NaN,-1.51858233374587,-1.07024193025083,0.178494698250143,-0.100041565347226,-0.100041565347833,1.03322576584797,-0.416663653616614,NaN,NaN,-0.561275063854612,0.27876580322802,NaN,NaN,-0.558509608863896,NaN,-0.193991459130747,-1.11003141210575
411.7504,0.887853882079619,-0.0768213269496961,0.901803246669266,1.26086981266464,-1.30990079097646,-1.30990079097255,NaN,-0.989750637749048,0.812463338326591,-1.24659345926683,1.1855171392513,-1.24659345926773,-0.00263518602751163,1.05312035328817,NaN,NaN,NaN,0.534759833635632,NaN,-0.231603858874996,1.23358418052667,NaN,-0.612458253257527,NaN,NaN,-0.225307127147291,NaN,NaN,0.871257843857355,1.20893180056518,-0.377705530722433,-0.267767885087666,NaN,NaN,-1.50418460749459,-1.0503694610639,0.209456135901171,-0.106832338164436,-0.106832338165014,1.02339612855101,-0.425164615721943,NaN,NaN,-0.556413807584291,0.266660946495094,NaN,NaN,-0.599195493203443,NaN,-0.185155817304917,-1.09808392228137
411.8528,0.890686818936837,-0.101020996069869,0.882927621271965,1.28554122459353,-1.30012177768072,-1.30012177767682,NaN,-1.03558467305471,0.81988283236826,-1.25906244851161,1.1959692686959,-1.25906244851251,-0.0377343824918139,1.08510269029628,NaN,NaN,NaN,0.550861932385617,NaN,-0.218733931741863,1.26428487346219,NaN,-0.575586436736705,NaN,NaN,-0.21797182478466,NaN,NaN,0.890708063069549,1.23012674000419,-0.38384541966504,-0.237857394674141,NaN,NaN,-1.4893413625774,-1.0299204823007,0.24082236297382,-0.113744904944282,-0.113744904944831,1.012665985768,-0.433887450945432,NaN,NaN,-0.551128076518096,0.254271959245396,NaN,NaN,-0.640276366021665,NaN,-0.175841291526621,-1.08599756728675
411.9552,0.894286462075653,-0.124648610949942,0.865410471612694,1.30966760842447,-1.28804740973785,-1.28804740973395,NaN,-1.08244127430233,0.827498192028834,-1.27077618695767,1.2056352734162,-1.27077618695859,-0.072881139991815,1.11670060536986,NaN,NaN,NaN,0.566948459275954,NaN,-0.206457340086624,1.29541283362065,NaN,-0.539415421823748,NaN,NaN,-0.211264599558702,NaN,NaN,0.908023056986808,1.24982022713235,-0.390023405386885,-0.20833960428784,NaN,NaN,-1.47403687472353,-1.00889213720585,0.27253413621702,-0.120751586276668,-0.120751586277187,1.00103855885501,-0.442832358153416,NaN,NaN,-0.5454189037471,0.241641025288843,NaN,NaN,-0.681673549582837,NaN,-0.166105617461861,-1.07379218215562
412.0576,0.898662787581196,-0.147673452308931,0.849290610472277,1.33324131857772,-1.27367374578377,-1.27367374577988,NaN,-1.13027818191637,0.835261582330174,-1.28166584857757,1.21451938925998,-1.28166584857849,-0.10806131801998,1.14789987952926,NaN,NaN,NaN,0.583007855170862,NaN,-0.194803955170986,1.3269337219662,NaN,-0.503986637990688,NaN,NaN,-0.205192236051015,NaN,NaN,0.923212994682705,1.2679703608191,-0.396200072053959,-0.179240745506031,NaN,NaN,-1.45825665892214,-0.987282958936176,0.304530072406783,-0.127825258363513,-0.127825258364002,0.988520722520849,-0.451999113991279,NaN,NaN,-0.53928920333904,0.228812867187227,NaN,NaN,-0.723303269153282,NaN,-0.156006552795024,-1.06148804398497
412.16,0.903822501698822,-0.17006508895495,0.834603010884342,1.35625759384746,-1.25700337741331,-1.25700337740942,NaN,-1.17904846186756,0.843122716549955,-1.29166215665521,1.22262731048501,-1.29166215665613,-0.143261295636166,1.17868760432811,NaN,NaN,NaN,0.599030155376822,NaN,-0.183803428801061,1.35880915197651,NaN,-0.469336480908125,NaN,NaN,-0.19976020365477,NaN,NaN,0.936294508310954,1.28454007161985,-0.402334160853674,-0.150587821048946,NaN,NaN,-1.44198766898943,-0.965092832584479,0.336746819574492,-0.134939337592785,-0.134939337593249,0.975123042977023,-0.461387118259267,NaN,NaN,-0.53274379840967,0.215834704133238,NaN,NaN,-0.765076878155429,NaN,-0.145601864893882,-1.04910561581526
412.2624,0.909768786564385,-0.191793402927669,0.821378505060156,1.3787144407272,-1.23804576509524,-1.23804576509136,NaN,-1.22870037869249,0.851029075893075,-1.30069556696036,1.22996624214392,-1.30069556696129,-0.178467875295271,1.20905214814773,NaN,NaN,NaN,0.615006996207896,NaN,-0.173485039993985,1.39099653208472,NaN,-0.435496204789033,NaN,NaN,-0.194972609015568,NaN,NaN,0.94729028903756,1.29949697002516,-0.408382482802988,-0.122408722022899,NaN,NaN,-1.4252184960979,-0.942322957858565,0.369119259682783,-0.142067754266464,-0.142067754266895,0.960859797556724,-0.470995431714218,NaN,NaN,-0.525789418805511,0.202756198219261,NaN,NaN,-0.806901139164239,NaN,-0.134949322151206,-1.03666529198494
412.3648,0.916501065018334,-0.212828606878655,0.809643511245349,1.40061247924242,-1.21681754683046,-1.21681754682659,NaN,-1.27917725545657,0.858926185926251,-1.30869645841405,1.23654493021235,-1.30869645841499,-0.213668166406991,1.23898309759746,NaN,NaN,NaN,0.630931601478675,NaN,-0.163877544666407,1.42344892967251,NaN,-0.40249184220409,NaN,NaN,-0.190832146922614,NaN,NaN,0.956228636121921,1.31281314998761,-0.414299894836174,-0.0947323285362874,NaN,NaN,-1.40793955412844,-0.918975819570265,0.40158074267445,-0.14918491635503,-0.149184916355429,0.945748969413076,-0.480822801920351,NaN,NaN,-0.518434664283387,0.189629370815873,NaN,NaN,-0.848678565553009,NaN,-0.124106686804224,-1.02418715539697
412.4672,0.924014782312631,-0.233141253485832,0.799419786295984,1.42195476683491,-1.19334282576016,-1.19334282575629,NaN,-1.33041731843314,0.866757938195975,-1.31559534523563,1.24237367019363,-1.31559534523657,-0.24884946683565,1.26847119091797,NaN,NaN,NaN,0.646798739935277,NaN,-0.155009022685734,1.4561149397448,NaN,-0.370344141062521,NaN,NaN,-0.187340049718123,NaN,NaN,0.963142967054569,1.32446495700432,-0.420039325718653,-0.0675885910856695,NaN,NaN,-1.39014324413725,-0.895055168411805,0.434063349834193,-0.156265669270186,-0.156265669270549,0.929812218743388,-0.490867685233729,NaN,NaN,-0.510689941644327,0.17650847725678,NaN,NaN,-0.890307827035221,NaN,-0.113131710584062,-1.01169075890222
412.5696,0.932301200260121,-0.252702235688711,0.79072420020584,1.44274660784306,-1.16765342470965,-1.16765342470579,NaN,-1.38235352725139,0.874466943331539,-1.32132312245215,1.24746429625597,-1.32132312245309,-0.283999158026097,1.29750826084147,NaN,NaN,NaN,0.662604657631297,NaN,-0.146906724890518,1.48893855741366,NaN,-0.339068513345002,NaN,NaN,-0.184496037480027,NaN,NaN,0.968071283367139,1.33443273428943,-0.425551829909768,-0.04100859118712,NaN,NaN,-1.37182409405396,-0.870566008518359,0.466498185823769,-0.16328526027038,-0.163285260270703,0.913074835158542,-0.501128279137901,NaN,NaN,-0.502567389374614,0.163449837935267,NaN,NaN,-0.931684224633644,NaN,-0.102082136762548,-0.999194934284571
412.672,0.941347199798426,-0.271482773497761,0.783568532033577,1.4629953438726,-1.13978907894016,-1.13978907893631,NaN,-1.43491338840681,0.881994908987036,-1.32581134772306,1.25183015182786,-1.32581134772401,-0.319104620004463,1.32608719276529,NaN,NaN,NaN,0.678347000221793,NaN,-0.139596930339431,1.52185906145444,NaN,-0.308674993198258,NaN,NaN,-0.182298272397844,NaN,NaN,0.97105558204636,1.34270055340728,-0.43078665293243,-0.0150245825431716,NaN,NaN,-1.35297887195649,-0.845514583628139,0.498815703583157,-0.17021931609051,-0.170219316090797,0.895565674011494,-0.511602576737501,NaN,NaN,-0.494080799091609,0.150511633402986,NaN,NaN,-0.972700239203582,NaN,-0.0910157116644727,-0.9867176204058
412.7744,0.951135089820027,-0.289454381055257,0.777959290620476,1.48271012212246,-1.10979755228538,-1.10979755228154,NaN,-1.4880187502059,0.889283040646081,-1.32899255509878,1.2554860456513,-1.32899255509973,-0.354153164599375,1.35420189299957,NaN,NaN,NaN,0.694024744366287,NaN,-0.133104823132547,1.5548109284044,NaN,-0.279168202958135,NaN,NaN,-0.180743314861766,NaN,NaN,0.972141214215542,1.34925592884619,-0.435691309741321,0.0103299905943935,NaN,NaN,-1.33360667312874,-0.819908354495527,0.530946070326022,-0.177043839739341,-0.177043839739585,0.877317075629498,-0.522288444185348,NaN,NaN,-0.485245533349957,0.13775367386518,NaN,NaN,-1.01324614771256,NaN,-0.0799902032984851,-0.974275704289217
412.8768,0.961642425469538,-0.306588810367517,0.773897566852619,1.50190165240844,-1.07773468676034,-1.07773468675651,NaN,-1.54158559463669,0.896272462100108,-1.33080059278675,1.25844820095777,-1.3308005927877,-0.389131974138501,1.38184725378953,NaN,NaN,NaN,0.709638154007663,NaN,-0.127454391482653,1.5877238109551,NaN,-0.250547332723262,NaN,NaN,-0.179826069650164,NaN,NaN,0.971376208805724,1.35408952275767,-0.44021169732245,0.0350205127881906,NaN,NaN,-1.31370898139916,-0.793755968695287,0.562819579451673,-0.183735226548016,-0.183735226548217,0.858364763065161,-0.53318370808061,NaN,NaN,-0.476078430718319,0.125237145022281,NaN,NaN,-1.05321069366664,NaN,-0.0690634134911439,-0.961884882428559
412.9792,0.972841848057002,-0.322857976893104,0.771378926053733,1.52058196864833,-1.04366440155495,-1.04366440155112,NaN,-1.59552385730257,0.902904651720462,-1.33117097578116,1.26073420175417,-1.33117097578212,-0.424028025838854,1.4090191003012,NaN,NaN,NaN,0.725188765709341,NaN,-0.122668348489279,1.62052261095288,NaN,-0.222806147120624,NaN,NaN,-0.179539713907247,NaN,NaN,0.968810587170543,1.35719485824457,-0.444292266769456,0.059011272013425,NaN,NaN,-1.29328970545648,-0.767067233778954,0.594367100046783,-0.190270292628862,-0.190270292629024,0.838747715387511,-0.54428623589168,NaN,NaN,-0.466597688563568,0.113024321303541,NaN,NaN,-1.09248180224923,NaN,-0.0582931616419644,-0.949559556914522
413.0816,0.984700965874867,-0.33823388220059,0.770393347799376,1.53876419857533,-1.00765864993717,-1.00765864993335,NaN,-1.64973729564301,0.909121895292693,-1.330041243386,1.26236293353904,-1.33004124338695,-0.458827991464407,1.43571411203335,NaN,NaN,NaN,0.740679396313491,NaN,-0.118768079131415,1.65312766080641,NaN,-0.195933030282839,NaN,NaN,-0.179875614762266,NaN,NaN,0.964495695012414,1.35856806067699,-0.447876265334738,0.0822655967386356,NaN,NaN,-1.27235519215247,-0.73985310360903,0.625520544877578,-0.196626305179261,-0.196626305179384,0.818508018769568,-0.555594000825422,NaN,NaN,-0.456822720455058,0.101178238730129,NaN,NaN,-1.1309473411151,NaN,-0.0477372229313749,-0.937312775846402
413.184,0.997182294656414,-0.352688551783117,0.770925217231992,1.55646233256743,-0.969797338648552,-0.969797338644736,NaN,-1.70412340048787,0.914867761319477,-1.32735131204065,1.26335451540288,-1.32735131204161,-0.493518124197669,1.46192972247656,NaN,NaN,NaN,0.756114163352405,NaN,-0.115773623308363,1.68545501491417,NaN,-0.169911068769327,NaN,NaN,-0.180823254307745,NaN,NaN,0.958483575576719,1.35820763752615,-0.450906043280826,0.104746054683482,NaN,NaN,-1.25091421694077,-0.712125675158653,0.656213343192356,-0.202781006287302,-0.202781006287388,0.797690700769609,-0.567105133127422,NaN,NaN,-0.446773991644223,0.0897623316659647,NaN,NaN,-1.16849593123979,NaN,-0.0374532175132939,-0.925156218429909
413.2864,1.01024327041737,-0.366194002209143,0.772953368943605,1.57369098252844,-0.930168213250784,-0.930168213246976,NaN,-1.75857333662224,0.920087601584621,-1.32304381700698,1.26373022175142,-1.32304381700794,-0.528084159930611,1.48766400815533,NaN,NaN,NaN,0.771498508045485,NaN,-0.113703697221772,1.71741684228796,NaN,-0.144718166852273,NaN,NaN,-0.182370172405257,NaN,NaN,0.950826407773534,1.35611429786863,-0.453323420090782,0.126414713522526,NaN,NaN,-1.22897794709092,-0.683898186342222,0.686380917774743,-0.208712632050456,-0.208712632050507,0.77634354965644,-0.578817960896543,NaN,NaN,-0.43647283842892,0.0788400442714537,NaN,NaN,-1.20501780297536,NaN,-0.0274984553416163,-0.913100216669653
413.3888,1.0238363413504,-0.378722244559842,0.776451184413062,1.59046512868273,-0.888866708049593,-0.888866708045792,NaN,-1.81297190867292,0.924729069935603,-1.31706444017232,1.26351238586124,-1.31706444017328,-0.562511252370314,1.51291557583556,NaN,NaN,NaN,0.786839207695428,NaN,-0.11257573917054,1.74892189933921,NaN,-0.120327194787265,NaN,NaN,-0.184501925038799,NaN,NaN,0.941576032782448,1.35229080582485,-0.455070115488124,0.147233465282188,NaN,NaN,-1.20655987255482,-0.65518501395562,0.715961169015153,-0.214399940245309,-0.214399940245325,0.754516912501296,-0.590731034691442,NaN,NaN,-0.425941275038907,0.0684744225801547,NaN,NaN,-1.24040568097102,NaN,-0.0179297382803958,-0.901153799450163
413.4912,1.03790913890404,-0.390245320899643,0.781386746096116,1.60679985792773,-0.845995753458763,-0.845995753454967,NaN,-1.86719756538716,0.928742643078874,-1.30936222322641,1.26272427289999,-1.30936222322738,-0.596783939319307,1.53768344760473,NaN,NaN,NaN,0.80214436325473,NaN,-0.112405957504254,1.77987605837142,NaN,-0.0967061782574808,NaN,NaN,-0.18720205174408,NaN,NaN,0.930783583388458,1.34674185862127,-0.456088258373639,0.167164413895919,NaN,NaN,-1.18367570187352,-0.626001682755705,0.744894965649339,-0.219822259724317,-0.219822259724299,0.732263462200253,-0.60284312434356,NaN,NaN,-0.415201788396913,0.0587276863225926,NaN,NaN,-1.2745556803357,NaN,-0.00880311553222351,-0.889324746911764
413.5936,1.05240471751748,-0.400735363583664,0.787723045906586,1.62271010621573,-0.801665533545382,-0.801665533541589,NaN,-1.92112247687547,0.932082117995011,-1.29988986761112,1.26138992079122,-1.29988986761208,-0.63088612347343,1.56196693578756,NaN,NaN,NaN,0.817423350095263,NaN,-0.113209361285581,1.81018287310867,NaN,-0.0738185397338376,NaN,NaN,-0.190452044337077,NaN,NaN,0.918499214528662,1.33947398152651,-0.456320983126425,0.186170322570202,NaN,NaN,-1.1603432206699,-0.596364898548903,0.773126647071269,-0.224959566179383,-0.224959566179333,0.70963792752339,-0.615153179412215,NaN,NaN,-0.404277119163395,0.0496607763574772,NaN,NaN,-1.30736820200111,NaN,-0.000173586825874321,-0.877619652030133
413.696,1.06726184126207,-0.410164669064394,0.795418231859884,1.63821042845226,-0.755993188002697,-0.755993187998906,NaN,-1.97461273911769,0.934705052010058,-1.28860402493703,1.25953396394254,-1.28860402493799,-0.664801051043826,1.58576549805897,NaN,NaN,NaN,0.83268672348368,NaN,-0.114999762043022,1.8397441661091,NaN,-0.0516234010732553,NaN,NaN,-0.194231305374897,NaN,NaN,0.904771924486855,1.33049543572544,-0.455713104756596,0.204215110767886,NaN,NaN,-1.13658210819368,-0.566292607960845,0.800604549504469,-0.22979258345262,-0.22979258345254,0.686696785574711,-0.627660250371592,NaN,NaN,-0.393190027301084,0.0413328749586947,NaN,NaN,-1.33874881778043,NaN,0.00790524953723195,-0.86604399363518
413.7984,1.08241529532605,-0.418505785401691,0.804425869458242,1.65331481723672,-0.709102449611731,-0.709102449607944,NaN,-2.02752874995292,0.936573114478025,-1.27546558075842,1.2571814559367,-1.27546558075939,-0.698511278430744,1.60907857224988,NaN,NaN,NaN,0.847946076594819,NaN,-0.117789745383088,1.86846062082547,NaN,-0.0300759483627406,NaN,NaN,-0.198517092697842,NaN,NaN,0.889649452234429,1.31981613691288,-0.454211836639324,0.221264375308941,NaN,NaN,-1.11241370955458,-0.535804072690793,0.827281554787538,-0.234302905851199,-0.234302905851084,0.663497922132781,-0.640363375040766,NaN,NaN,-0.381963046003295,0.0338009067760485,NaN,NaN,-1.36860912719348,NaN,0.0153815963966998,-0.854602226029959
413.9008,1.09779621167997,-0.425731620379686,0.814695199880566,1.66803657406471,-0.661123206367678,-0.661123206363896,NaN,-2.0797257586833,0.937652336497024,-1.26043993122013,1.25435769401023,-1.26043993122109,-0.731998629407941,1.63190540804399,NaN,NaN,NaN,0.863213857926006,NaN,-0.121590619580729,1.89623236148079,NaN,-0.00912784747262568,NaN,NaN,-0.203284467104464,NaN,NaN,0.873178230400597,1.30744758342663,-0.451767495243738,0.237285896536284,NaN,NaN,-1.08786076990297,-0.50491993795862,0.853115631025592,-0.238473131885532,-0.23847313188539,0.640100274197256,-0.653261444613772,NaN,NaN,-0.370618238802225,0.0271190434407934,NaN,NaN,-1.39686755034575,NaN,0.0222058817886719,-0.843297885933257
414.0032,1.11333240835451,-0.431815581807226,0.826171383842255,1.68238822125998,-0.612190985919984,-0.612190985916205,NaN,-2.13105455507028,0.9379132667089,-1.24349724901346,1.25108804130816,-1.24349724901443,-0.765244157815545,1.65424492028943,NaN,NaN,NaN,0.87850316197955,NaN,-0.126412349528813,1.92295951608978,NaN,0.0112723036377543,NaN,NaN,-0.208506266756586,NaN,NaN,0.855403371128624,1.29340279474237,-0.448334144190697,0.252250097028201,NaN,NaN,-1.06294714197189,-0.473662277081045,0.87807032338887,-0.242286999530422,-0.24228699953025,0.616563472699928,-0.666353066037868,NaN,NaN,-0.359176977441001,0.0213382393403019,NaN,NaN,-1.42345001383998,NaN,0.0283311775600389,-0.832133713212233
414.1056,1.12894874450487,-0.436731762904847,0.838795721787144,1.69638143823436,-0.562446377848636,-0.562446377844861,NaN,-2.18136225031936,0.937331059744926,-1.2246127317904,1.24739774862002,-1.22461273179136,-0.798228133993805,1.6760955767494,NaN,NaN,NaN,0.8938275087453,NaN,-0.132263481222723,1.948542773936,NaN,0.0311784880498127,NaN,NaN,-0.214153112152266,NaN,NaN,0.836368667910588,1.27769626015846,-0.443870161078018,0.266130448654324,NaN,NaN,-1.03769747014818,-0.442054597847832,0.902115168917322,-0.24572952059581,-0.245729520595607,0.592947495224426,-0.679636426400181,NaN,NaN,-0.347659744523751,0.0165058156075379,NaN,NaN,-1.44829050458973,NaN,0.0337135923548394,-0.821111783907967
414.208,1.14456749252907,-0.440455181585413,0.852505843800448,1.71002700852924,-0.512034422206896,-0.512034422203119,NaN,-2.23049310257019,0.935885530588031,-1.20376682218694,1.24331178110526,-1.2037668221879,-0.830930065978865,1.69745531788259,NaN,NaN,NaN,0.90920062286488,NaN,-0.139151059543356,1.97288394664417,NaN,0.0506467425941039,NaN,NaN,-0.220193423133175,NaN,NaN,0.816116604724569,1.26034389249841,-0.438338736296933,0.278903848555377,NaN,NaN,-1.01213684309159,-0.410121797831115,0.925226026214788,-0.24878712099725,-0.248787120997014,0.569312327079703,-0.693109151662812,NaN,NaN,-0.336085950279403,0.0126650946840894,NaN,NaN,-1.47133149740418,NaN,0.0383126308852633,-0.81023365890522
414.3104,1.16010872745567,-0.442962070518881,0.867235872302497,1.7233347742885,-0.461103984915112,-0.461103984911331,NaN,-2.27828934937269,0.93356119426824,-1.18094538800477,1.23885465041737,-1.18094538800572,-0.863328750240504,1.7183214978683,NaN,NaN,NaN,0.924636215403573,NaN,-0.147080541022724,1.99588651991978,NaN,0.0697345949017232,NaN,NaN,-0.226593428975163,NaN,NaN,0.794688370704967,1.24136297960974,-0.431708314541125,0.29055098174168,NaN,NaN,-0.986290414750267,-0.37789006323799,0.947385317597538,-0.2514477960772,-0.251447796076934,0.545717624730505,-0.706768150746174,NaN,NaN,-0.324473753722509,0.00985507999632083,NaN,NaN,-1.49252428281499,NaN,0.0420915159381726,-0.799500549174237
414.4128,1.17549073364427,-0.444230201086155,0.88291657291296,1.7363136055839,-0.409807121158648,-0.409807121154866,NaN,-2.32459202271479,0.930347291455525,-1.15613985639674,1.23405024933358,-1.1561398563977,-0.895402326308862,1.73869082947506,NaN,NaN,NaN,0.940147768125813,NaN,-0.156055702310683,2.01745616798586,NaN,0.0885004867525511,NaN,NaN,-0.233317169306103,NaN,NaN,0.772123883428953,1.22077213016639,-0.423952979432185,0.301056666845369,NaN,NaN,-0.960183017195733,-0.345386718235089,0.968582185586057,-0.253701283023939,-0.253701283023636,0.522222377982653,-0.720609446256252,NaN,NaN,-0.31283988781949,0.00811017899530268,NaN,NaN,-1.51182922037534,NaN,0.0450174703987958,-0.788913489742349
414.5152,1.19063042614056,-0.444239218268213,0.899475511420927,1.74897139181336,-0.358298422384246,-0.358298422380464,NaN,-2.36924173258318,0.926237794639006,-1.12934730256883,1.22892169054581,-1.12934730256978,-0.92712830295827,1.75855931390055,NaN,NaN,NaN,0.955748323240364,NaN,-0.166078544468095,2.03750121211155,NaN,0.107003209254404,NaN,NaN,-0.240326496190215,NaN,NaN,0.748461824992849,1.19859121320994,-0.415052776691822,0.310410169539011,NaN,NaN,-0.933838798192379,-0.312640036174411,0.98881257194713,-0.255539240644775,-0.255539240644442,0.498884571623815,-0.734628002139047,NaN,NaN,-0.301199491957405,0.00745997598239319,NaN,NaN,-1.52921592930819,NaN,0.0470619591078354,-0.778473509799873
414.6176,1.20544377911582,-0.442970967319259,0.916837225968443,1.76131505308563,-0.306734350197444,-0.306734350193663,NaN,-2.41207941989931,0.921231387275806,-1.1005704970458,1.22349115480865,-1.10057049704675,-0.958483539836733,1.7779221466651,NaN,NaN,NaN,0.971450282210898,NaN,-0.177149193241381,2.05593302245937,NaN,0.125301366943747,NaN,NaN,-0.247581087257035,NaN,NaN,0.723739694711346,1.17484129230918,-0.404993971420512,0.318605472757979,NaN,NaN,-0.907280901518536,-0.279679022411704,1.00807923096808,-0.256955417821187,-0.256955417820822,0.475760851040806,-0.748817556474067,NaN,NaN,-0.28956595433675,0.00792905931303458,NaN,NaN,-1.54466342039397,NaN,0.0482008930147423,-0.768181789330795
414.72,1.2198462547035,-0.440409800602508,0.934923417682732,1.77335056288306,-0.255272561679273,-0.25527256167549,NaN,-2.45294708772822,0.91533140674244,-1.06981791563232,1.21777975140733,-1.06981791563326,-0.989444189276103,1.79677360293456,NaN,NaN,NaN,0.987265215132255,NaN,-0.189265796736047,2.07266637188589,NaN,0.143452880098088,NaN,NaN,-0.255038474033722,NaN,NaN,0.69799388381253,1.14954456086526,-0.393769237177227,0.325641499669131,NaN,NaN,-0.880531191843018,-0.246533181337513,1.02639168384512,-0.25794579270136,-0.257945792700962,0.452906198471692,-0.763170460270601,NaN,NaN,-0.277950767550367,0.00953689811819252,NaN,NaN,-1.55816017383721,NaN,0.0484147969481563,-0.758039798541905
414.8224,1.23375323234086,-0.436542857416067,0.95365316638873,1.78508297486443,-0.204071227130026,-0.204071227126244,NaN,-2.49168850651464,0.908545754407253,-1.03710371261742,1.21180739171173,-1.03710371261836,-1.01998561084452,1.81510690991888,NaN,NaN,NaN,1.00320368405078,NaN,-0.202424423298874,2.08761975736651,NaN,0.16151452839612,NaN,NaN,-0.262654084984716,NaN,NaN,0.671259777501946,1.12272428948531,-0.381377779277829,0.331522285989281,NaN,NaN,-0.853610023235352,-0.213232283446737,1.04376611156849,-0.258508674875911,-0.258508674875482,0.43037362601576,-0.777677522019898,NaN,NaN,-0.266363400950623,0.0122977623410472,NaN,NaN,-1.56970416730438,NaN,0.0476889386944269,-0.748049418894553
414.9248,1.24708044232266,-0.431360309246881,0.972943182325546,1.79651645245712,-0.153288344392438,-0.153288344388657,NaN,-2.52814987829838,0.900886792200162,-1.00244765278355,1.20559267576085,-1.00244765278448,-1.05008226972006,1.83291411305751,NaN,NaN,NaN,1.01927508530917,NaN,-0.216618960561223,2.10071570933758,NaN,0.179541531439069,NaN,NaN,-0.270381297278025,NaN,NaN,0.643571886101344,1.09440479117709,-0.367825399559254,0.336257099979514,NaN,NaN,-0.826536049242992,-0.179806142991342,1.06022517800165,-0.258644774390088,-0.258644774389631,0.408213887114972,-0.792327861100242,NaN,NaN,-0.254811190565154,0.0162206850099258,NaN,NaN,-1.57930285223606,NaN,0.0460134150592517,-0.738213043900816
415.0272,1.25974440272377,-0.424855559936303,0.992708102494084,1.80765430469279,-0.103081057406813,-0.103081057403035,NaN,-2.56218045680673,0.892371241808835,-0.965874999756598,1.1991527903042,-0.965874999757527,-1.07970762501995,1.85018594023167,NaN,NaN,NaN,1.03548751028265,NaN,-0.231841012595241,2.11188109780592,NaN,0.197587157763132,NaN,NaN,-0.278171485764123,NaN,NaN,0.614964004132106,1.06461140171815,-0.353124512758595,0.33986051513492,NaN,NaN,-0.799326064730982,-0.146284409815587,1.07579777625608,-0.258357249362688,-0.258357249362202,0.386475200690064,-0.807108771754737,NaN,NaN,-0.243299242646224,0.0213094628582923,NaN,NaN,-1.58697307422975,NaN,0.0433831917713209,-0.728533659276103
415.1296,1.27166285036797,-0.417025390945547,1.01286083034421,1.81849903527526,-0.0536049807613703,-0.0536049807575903,NaN,-2.59363313855805,0.883020083452094,-0.927416368754078,1.19250341749564,-0.927416368755001,-1.10883400815012,1.86691166448303,NaN,NaN,NaN,1.05184761634979,NaN,-0.248079791396503,2.12104742354217,NaN,0.21570235860514,NaN,NaN,-0.285974058208542,NaN,NaN,0.585469396400684,1.03337047028513,-0.337294125524355,0.342352445223947,NaN,NaN,-0.771994866239286,-0.112696377921353,1.09051870000765,-0.257651747146527,-0.257651747146015,0.365202978208407,-0.822005594862274,NaN,NaN,-0.23183034564259,0.0275626831761846,NaN,NaN,-1.59274093823206,NaN,0.0397980967588781,-0.71901490435752
415.232,1.28275515387387,-0.407870050784795,1.033312906554,1.82905241409697,-0.00501351904648119,-0.00501351904270332,NaN,-2.62236504867996,0.872858435169634,-0.887107556644492,1.18565865689321,-0.88710755664541,-1.13743249072884,1.88307896476544,NaN,NaN,NaN,1.0683605003957,NaN,-0.265322004460117,2.12815107894536,NaN,0.233935431553071,NaN,NaN,-0.29373647618116,NaN,NaN,0.555121009545607,1.00070935652816,-0.320359783806885,0.343758147883454,NaN,NaN,-0.744555127516152,-0.0790708117279521,1.10442825332945,-0.25653644952812,-0.256536449527582,0.344439550801877,-0.837001595605595,NaN,NaN,-0.2204048910854,0.0349737673527208,NaN,NaN,-1.5966416227267,NaN,0.0352627670788945,-0.709661115653614
415.3344,1.29294270161962,-0.397393296190169,1.0539748961807,1.83931557746744,0.0425428385034628,0.0425428385072347,NaN,-2.64823814118388,0.861915391852287,-0.844989354216458,1.1786309655285,-0.84498935421737,-1.16547274582866,1.89867378720891,NaN,NaN,NaN,1.08502957508845,NaN,-0.283551748218222,2.1331335804753,NaN,0.252331723867518,NaN,NaN,-0.301404276304811,NaN,NaN,0.523951702154141,0.966656428751682,-0.302353481939268,0.344108192866603,NaN,NaN,-0.717017302888523,-0.0454357847455509,1.11757181799947,-0.255022121489727,-0.255022121489162,0.324223906229723,-0.852077852307858,NaN,NaN,-0.209020811810159,0.0435310362524948,NaN,NaN,-1.59871914720542,NaN,0.0297865480873053,-0.700477351735672
415.4368,1.30214926109652,-0.38560239110946,1.07475678281681,1.84928915619849,0.0889172611357726,0.0889172611395413,NaN,-2.67111981962676,0.850223814661093,-0.801107337281519,1.17143112099677,-0.801107337282426,-1.19292290878941,1.91368021137083,NaN,NaN,NaN,1.10185645439067,NaN,-0.302750417160836,2.13594178919779,NaN,0.270933379744949,NaN,NaN,-0.308921113258823,NaN,NaN,0.491994480946145,0.931241057098345,-0.283313517890367,0.343438383638803,NaN,NaN,-0.689389577653449,-0.0118185215697005,1.12999939219651,-0.253122153543859,-0.253122153543262,0.304591450302425,-0.867213166836245,NaN,NaN,-0.19767354767942,0.0532178119175386,NaN,NaN,-1.5990260964155,NaN,0.0233833423706279,-0.691469399592806
415.5392,1.31030130663706,-0.372508064330111,1.09556836569562,1.85897342741725,0.133967356542188,0.133967356545951,NaN,-2.69088357305753,0.837820073971303,-0.755511631789093,1.16406821226785,-0.755511631789993,-1.21974944439917,1.92808032469829,NaN,NaN,NaN,1.11884085319884,NaN,-0.322896628498403,2.13652813333749,NaN,0.289779123818674,NaN,NaN,-0.316228835953057,NaN,NaN,0.459282733561876,0.894493599881996,-0.263284282434327,0.341789625234817,NaN,NaN,-0.661677874801128,0.021754763060304,1.14176510557351,-0.250852586660218,-0.250852586659594,0.285573800264062,-0.882384002870822,NaN,NaN,-0.186356043547741,0.0640125630357611,NaN,NaN,-1.59762330042133,NaN,0.0160714071810968,-0.682643764257132
415.6416,1.31732831492158,-0.358124424716024,1.11631966003276,1.8683684881513,0.177555981464174,0.177555981467932,NaN,-2.70740961639229,0.824743755460237,-0.708256648386713,1.1565496598759,-0.708256648387605,-1.24591702448698,1.9418541058325,NaN,NaN,NaN,1.13598050109654,NaN,-0.343966155490856,2.13485083781092,NaN,0.308904067853439,NaN,NaN,-0.3232675924296,NaN,NaN,0.425850457133449,0.856445385475006,-0.242315980052584,0.339207741379646,NaN,NaN,-0.633885911357491,0.0552590280727134,1.15292670836009,-0.248232116790229,-0.24823211678958,0.267198607557159,-0.897564449253219,NaN,NaN,-0.175058777875029,0.0758890880728733,NaN,NaN,-1.59457946381897,NaN,0.00787310180560854,-0.674007643987144
415.744,1.32316303012661,-0.342468830219275,1.13692130612401,1.87747444991052,0.219552078857715,0.219552078861469,NaN,-2.72058551530727,0.811037344181405,-0.659400785094911,1.14888125905453,-0.659400785095795,-1.27138841487507,1.95497931708726,NaN,NaN,NaN,1.1532710697939,NaN,-0.365931867010122,2.13087416481137,NaN,0.328339534307654,NaN,NaN,-0.329975951618835,NaN,NaN,0.391732485322167,0.817128693124118,-0.220464288441566,0.33574324828407,NaN,NaN,-0.606015288007165,0.0886705656253097,1.16354502761069,-0.245282085291278,-0.245282085290599,0.249489402488239,-0.912726201681187,NaN,NaN,-0.163769818252151,0.0888167245238412,NaN,NaN,-1.58997073557663,NaN,-0.00118541171455329,-0.665568891532832
415.8464,1.32774169867465,-0.325561702930175,1.15728499418086,1.8862916503193,0.25983153350614,0.25983153350989,NaN,-2.73030677043679,0.796745904309381,-0.609006103071728,1.14106723302502,-0.609006103072605,-1.2961243713937,1.96743140994152,NaN,NaN,NaN,1.17070611751741,NaN,-0.388763679377567,2.12456867492413,NaN,0.348112899430623,NaN,NaN,-0.336291030595051,NaN,NaN,0.356964713687412,0.776576736316649,-0.197789968348754,0.331451091216576,NaN,NaN,-0.57806559373066,0.121967143517418,1.17368338185316,-0.242026463089921,-0.242026463089214,0.232465454612638,-0.927838558514747,NaN,NaN,-0.152474902175885,0.102760574719303,NaN,NaN,-1.58388021343575,NaN,-0.0110745123984041,-0.657335959483102
415.9488,1.33100426923005,-0.307426285353596,1.17732390450783,1.8948208713556,0.298278023901884,0.298278023905625,NaN,-2.73647733984454,0.78191677205339,-0.557137983115693,1.13311028690095,-0.557137983116562,-1.32008355327877,1.97918345198656,NaN,NaN,NaN,1.18827705537553,NaN,-0.412428530226129,2.1159115159581,NaN,0.368247459759807,NaN,NaN,-0.342148620763439,NaN,NaN,0.321584318672738,0.734823651956236,-0.174358437050105,0.326390350289211,NaN,NaN,-0.550034510916825,0.155128116797142,1.18340694767712,-0.238491830756053,-0.238491830755318,0.21614164807774,-0.942868429057167,NaN,NaN,-0.141157543121028,0.117681740274365,NaN,NaN,-1.57639738475819,NaN,-0.0217615079448268,-0.649317829198561
416.0512,1.33289454875537,-0.288088344487618,1.19695314699794,1.90306354676983,0.334783828236437,0.334783828240169,NaN,-2.7390100785943,0.766599285985562,-0.503864774132846,1.12501166130922,-0.503864774133708,-1.3432224708366,1.9902060866246,NaN,NaN,NaN,1.20597313954116,NaN,-0.436890379943291,2.10488672909602,NaN,0.388762321147147,NaN,NaN,-0.34748331468857,NaN,NaN,0.285629959191395,0.691904499399897,-0.150239323636603,0.320623928329495,NaN,NaN,-0.521917913404804,0.188134499693388,1.19278208311905,-0.234707348751423,-0.234707348750662,0.200528377713137,-0.957780352237009,NaN,NaN,-0.129799158449728,0.133537557758105,NaN,NaN,-1.56761751719339,NaN,-0.0332110584072179,-0.641523928139889
416.1536,1.33336030283864,-0.267575840836291,1.21609017148799,1.91102194086221,0.36925053280778,0.3692505328115,NaN,-2.73782706976149,0.750844586640806,-0.449257451541804,1.11677119046055,-0.449257451542656,-1.36549548479586,2.00046753624673,NaN,NaN,NaN,1.2237814919852,NaN,-0.46211023717782,2.09148554194333,NaN,0.409672307818348,NaN,NaN,-0.352228639037888,NaN,NaN,0.249141942631515,0.647855276562981,-0.125506032207925,0.314218241510663,NaN,NaN,-0.49370995488246,0.220968994229936,1.20187562927484,-0.230704705075816,-0.230704705075025,0.185631474868788,-0.972536521523513,NaN,NaN,-0.118379209234641,0.150281828244283,NaN,NaN,-1.55764101819632,NaN,-0.0453856160579373,-0.63396404235898
416.256,1.33235329584267,-0.245918579710162,1.23465512834651,1.91869929230036,0.401589616020158,0.401589616023866,NaN,-2.73285983272063,0.734705505104386,-0.393389298126597,1.10838736839807,-0.393389298127442,-1.38685486617391,2.00993365470382,NaN,NaN,NaN,1.24168715004674,NaN,-0.488046197899766,2.0757066143859,NaN,0.430987893984326,NaN,NaN,-0.356317195604229,NaN,NaN,0.21216233700637,0.602712959553299,-0.100235335979445,0.307242930022931,NaN,NaN,-0.465403147315068,0.253615973959495,1.21075421762682,-0.226518028318072,-0.226518028317253,0.171452168553908,-0.987096811239726,NaN,NaN,-0.106875340752086,0.167865032376408,NaN,NaN,-1.54657277597368,NaN,-0.0582458601557434,-0.626648226228636
416.3584,1.32982928311466,-0.223147855993119,1.25257118253526,1.92609993204731,0.431722926889622,0.431722926893317,NaN,-2.72404942132337,0.718236532707595,-0.336335602837167,1.0998574209286,-0.336335602838003,-1.40725091432072,2.01856802729286,NaN,NaN,NaN,1.25967313832275,NaN,-0.514653487461487,2.05755621796237,NaN,0.452715166273825,NaN,NaN,-0.359680812019842,NaN,NaN,0.174735025102619,0.556515567870663,-0.0745070068370303,0.299770590212189,NaN,NaN,-0.436988431808038,0.286061422414289,1.21948360279933,-0.222183765456421,-0.222183765455574,0.157987080479779,-1.00141880313475,NaN,NaN,-0.0952635185290232,0.186234522363642,NaN,NaN,-1.53452148417573,NaN,-0.0717511171547269,-0.619586704721014
416.4608,1.3257479828969,-0.19929610406627,1.2697648007749,1.93322938996622,0.459583098750326,0.459583098754007,NaN,-2.71134644366461,0.701493843474811,-0.278173366567538,1.09117737892981,-0.278173366568366,-1.42663212697966,2.02633211012365,NaN,NaN,NaN,1.27772054973262,NaN,-0.541884503145823,2.03704835150893,NaN,0.474855825599747,NaN,NaN,-0.362250706087145,NaN,NaN,0.136905718986035,0.509302258887879,-0.0484034687558104,0.291876518885206,NaN,NaN,-0.408455245958686,0.318292829809734,1.22812803421023,-0.217740534844352,-0.217740534843477,0.145228248706468,-1.01545781764589,NaN,NaN,-0.0835181607366005,0.205334683506825,NaN,NaN,-1.52159895299819,NaN,-0.0858597683519331,-0.61278975872335
416.5632,1.32007305909465,-0.174396570391487,1.28616603001423,1.94009449782723,0.485113925159487,0.485113925163149,NaN,-2.6947110365303,0.684535335565706,-0.218981011376912,1.0823421569828,-0.218981011377731,-1.44494542211305,2.03318539941366,NaN,NaN,NaN,1.2958086244162,NaN,-0.569688864508774,2.01420481172385,NaN,0.497407232969512,NaN,NaN,-0.363957661361881,NaN,NaN,0.0987219659506748,0.461113462321126,-0.0220094640579547,0.283638465237088,NaN,NaN,-0.379791589747472,0.350299056653241,1.23674968074018,-0.213228964906914,-0.213228964906012,0.133163174939502,-1.0291669547656,NaN,NaN,-0.0716122668208354,0.225107059413902,NaN,NaN,-1.50791941751437,NaN,-0.100529649511502,-0.606267582413484
416.6656,1.3127721317895,-0.148483022920505,1.30170877281977,1.94670348451538,0.508270698881002,0.50827069888465,NaN,-2.67411281862972,0.667420665429112,-0.158838097790853,1.07334564837328,-0.158838097791663,-1.4621364145276,2.03908562456375,NaN,NaN,NaN,1.31391482474023,NaN,-0.598013478693917,1.98905523685895,NaN,0.52036249821744,NaN,NaN,-0.364732204583622,NaN,NaN,0.0602331678725203,0.411991063586171,0.00458826880409446,0.275136393120268,NaN,NaN,-0.350984090669112,0.382070174313011,1.24540811714129,-0.208691521367207,-0.20869152136628,0.12177489304701,-1.04249714529145,NaN,NaN,-0.0595175387250199,0.245490440996803,NaN,NaN,-1.49359885388265,NaN,-0.115718441947957,-0.600030107808834
416.768,1.30381681284536,-0.121589501852722,1.31633105267504,1.95306604962093,0.529020494529055,0.529020494532688,NaN,-2.64953083833938,0.650211262778067,-0.0978250599800114,1.06418084476853,-0.0978250599808127,-1.47814973944214,2.04398896094052,NaN,NaN,NaN,1.33201491116011,NaN,-0.626802618000263,1.96163712691732,NaN,0.543710604261157,NaN,NaN,-0.36450478460633,NaN,NaN,0.0214906145743689,0.361978628082686,0.0313013032290319,0.266452252072698,NaN,NaN,-0.322018074793272,0.413597291144546,1.25415986334449,-0.204172321707921,-0.204172321706968,0.111042060147118,-1.05539721243094,NaN,NaN,-0.0472044922865129,0.2664209307487,NaN,NaN,-1.47875430502933,NaN,-0.131384047923046,-0.594086804568399
416.8704,1.29318275692062,-0.0937501132476813,1.32997525722245,1.95919339903048,0.547342368793205,0.54734236879682,NaN,-2.62095353137199,0.632970322050971,-0.0360229698804999,1.05483998402304,-0.0360229698812912,-1.49292939940643,2.04785025612691,NaN,NaN,NaN,1.35008302022658,NaN,-0.655997999933182,1.93199582698759,NaN,0.567436556648316,NaN,NaN,-0.363205967235274,NaN,NaN,-0.0174524824330284,0.311121641305905,0.0580398194007255,0.257669746355275,NaN,NaN,-0.292877659885986,0.444872372727508,1.26305795281831,-0.199716938235878,-0.199716938234901,0.100939073128332,-1.067813946649,NaN,NaN,-0.034642560874467,0.287831998964044,NaN,NaN,-1.46350321382647,NaN,-0.147484940951926,-0.588446471645869
416.9728,1.28084971562156,-0.0649988656961992,1.34258834584106,1.96509823149277,0.563227458696929,0.563227458700523,NaN,-2.58837870673458,0.615762763217067,0.0264866629373798,1.04531472763973,0.0264866629365987,-1.50641911043846,2.05062326264521,NaN,NaN,NaN,1.36809174061934,NaN,-0.685538862388282,1.90018445596993,NaN,0.59152155426479,NaN,NaN,-0.360766659092546,NaN,NaN,-0.0565409687384053,0.259467740506374,0.08471289102449,0.248874091737548,NaN,NaN,-0.263545885960679,0.475888065652752,1.27215151259872,-0.195372194079299,-0.195372194078301,0.0914362108165269,-1.07969219795015,NaN,NaN,-0.0218001960239103,0.309654540799545,NaN,NaN,-1.44796276666671,NaN,-0.163980483610778,-0.583117034642042
417.0752,1.26680157698405,-0.03536954656248,1.35412200523504,1.97079467635893,0.576678971991304,0.576678971994877,NaN,-2.55181357414297,0.598655152518427,0.0896220528838976,1.03559636451854,0.0896220528831275,-1.51856263979359,2.05226087528721,NaN,NaN,NaN,1.386012184896,NaN,-0.715362035645875,1.86626377572389,NaN,0.615943186068561,NaN,NaN,-0.357118362200741,NaN,NaN,-0.0957177409898117,0.207066927915015,0.11122876880032,0.240151757516769,NaN,NaN,-0.234004884455261,0.506637532549387,1.28148536023252,-0.191185957241064,-0.191185957240043,0.0824997991743701,-1.09097498958668,NaN,NaN,-0.00864497107848076,0.331816934499926,NaN,NaN,-1.43224925337367,NaN,-0.180831209234768,-0.578105354346008
417.1776,1.25102637924307,-0.00489563680645115,1.36453274185109,1.9762981944507,0.587712079249499,0.58771207925305,NaN,-2.51127481275024,0.581715575299818,0.15330126038207,1.02567602855827,0.153301260381312,-1.52930414186745,2.05271537724258,NaN,NaN,NaN,1.40381405891239,NaN,-0.745402022952802,1.83030200940861,NaN,0.640675659734732,NaN,NaN,-0.352193454735387,NaN,NaN,-0.134923749572461,0.153971763088442,0.137495165353127,0.231590193958997,NaN,NaN,-0.20423607283124,0.537114301992577,1.29109963464283,-0.187206937357568,-0.187206937356522,0.0740923943067973,-1.10160365500525,NaN,NaN,0.00485630688376417,0.354245100841227,NaN,NaN,-1.41647744865598,NaN,-0.197999068526549,-0.573417047155387
417.28,1.23351630532072,0.0263897334015348,1.37378191615292,1.98162545667308,0.596353725255773,0.596353725259302,NaN,-2.4667886708994,0.565013454640072,0.217442278229086,1.01554491250904,0.217442278228342,-1.53858849924587,2.05193870106114,NaN,NaN,NaN,1.42146573158794,NaN,-0.77559110555834,1.79237461695087,NaN,0.665690059771411,NaN,NaN,-0.345925490378357,NaN,NaN,-0.174098004554568,0.100237527287553,0.163419547021927,0.223277543159998,NaN,NaN,-0.174220358381136,0.567312134953257,1.30102947039718,-0.183484485378015,-0.183484485376944,0.066172975351865,-1.11151799529826,NaN,NaN,0.0187374754123715,0.376862566417533,NaN,NaN,-1.40076002362998,NaN,-0.215447644238693,-0.569056321401898
417.3824,1.21426767214754,0.058453791967702,1.38183573755306,1.98679420526396,0.602642370637668,0.602642370641168,NaN,-2.41839108719199,0.548619311045058,0.281963092653252,1.00519446490707,0.281963092652521,-1.54636167330219,2.04988271021601,NaN,NaN,NaN,1.4389343086779,NaN,-0.805859479977852,1.75256402796602,NaN,0.690954621240458,NaN,NaN,-0.338249509418112,NaN,NaN,-0.213177590172781,0.0459223499293559,0.188909437463164,0.215302329617489,NaN,NaN,-0.1439383441093,0.597224908469357,1.31130471718453,-0.180068390534097,-0.180068390532999,0.05869714345752,-1.12065645488413,NaN,NaN,0.0330328850933581,0.399590535759652,NaN,NaN,-1.38520699897854,NaN,-0.233142334653586,-0.565025840252095
417.4848,1.19328092617011,0.0912641030527159,1.38866523968027,1.99182309102894,0.606627662396277,0.606627662399749,NaN,-2.36612782937074,0.532604460038808,0.346781730868826,0.994616568486655,0.34678173086811,-1.55257106926488,2.04649950547665,NaN,NaN,NaN,1.45618571762584,NaN,-0.836135419850877,1.71095933009267,NaN,0.716435000701962,NaN,NaN,-0.329102364746683,NaN,NaN,-0.252097703118416,-0.00891270756194093,0.213872735837461,0.207753123838635,NaN,NaN,-0.113370544491346,0.626846512704481,1.32194970708578,-0.177008669774887,-0.177008669773763,0.0516173340420655,-1.12895632081906,NaN,NaN,0.0477772538268396,0.422347981468784,NaN,NaN,-1.36992524363554,NaN,-0.25105050462266,-0.561326622282536
417.5872,1.17056065318868,0.124788517937332,1.39424624652592,1.99673147616497,0.608370026151554,0.608370026154995,NaN,-2.31005464819109,0.517040645844492,0.411816306135193,0.983803710329136,0.411816306134489,-1.55716591669257,2.04174175463787,NaN,NaN,NaN,1.47318481322699,NaN,-0.866345447002244,1.66765591388654,NaN,0.742094535558872,NaN,NaN,-0.318423075045735,NaN,NaN,-0.290791731273323,-0.0642036117952177,0.238218049642956,0.200718170164071,NaN,NaN,-0.0824976291941013,0.656170753440587,1.33298307039268,-0.174355349664234,-0.174355349663088,0.0448830551619198,-1.13635395659947,NaN,NaN,0.0630055006041123,0.445051763260858,NaN,NaN,-1.35501801244748,NaN,-0.269141605814634,-0.557957982566196
417.6896,1.14611560518711,0.158995093775842,1.39855932802374,2.00153919424579,0.607940170362143,0.607940170365554,NaN,-2.25023744003388,0.501999609614062,0.476985071442967,0.972749158399875,0.476985071442277,-1.56009766158023,2.03556303977689,NaN,NaN,NaN,1.48989551247048,NaN,-0.896414502705138,1.6227550774802,NaN,0.767894497341729,NaN,NaN,-0.306153214486979,NaN,NaN,-0.329191385025148,-0.119883366006323,0.261855039038141,0.194284975446495,NaN,NaN,-0.0513007105773237,0.685191254569259,1.34441759602054,-0.172158242864486,-0.172158242863319,0.0384411583668525,-1.14278507806949,NaN,NaN,0.0787525560792816,0.467616779279443,NaN,NaN,-1.34058451559406,NaN,-0.287387271021949,-0.554917506628916
417.792,1.11995873649205,0.193851978214329,1.40158973484037,2.00626626460376,0.605418491764826,0.605418491768204,NaN,-2.18675241411309,0.487552589877954,0.54220648691992,0.961447151357644,0.542206486919242,-1.56132037262852,2.02791822117092,NaN,NaN,NaN,1.50628095886332,NaN,-0.926266123994825,1.57636359014703,NaN,0.79379434884602,NaN,NaN,-0.292237339004982,NaN,NaN,-0.367226884210245,-0.175882072658726,0.284694766860929,0.188539865106864,NaN,NaN,-0.019761678974267,0.713901362587185,1.35626013647055,-0.170466724219201,-0.170466724218013,0.0322361373888449,-1.14818507025313,NaN,NaN,0.0950531538093757,0.489956142190869,NaN,NaN,-1.326719517095,NaN,-0.305761386247271,-0.552201045515037
417.8944,1.09210723223559,0.229327268609485,1.40332730167849,2.0109325698442,0.60089438409509,0.600894384098439,NaN,-2.1196862606029,0.473769758631264,0.607399292444875,0.949893094019981,0.607399292444208,-1.56079117119624,2.01876382273606,NaN,NaN,NaN,1.52230370635006,NaN,-0.955822641484176,1.52859321025515,NaN,0.819752010687672,NaN,NaN,-0.276623440790439,NaN,NaN,-0.404827188742857,-0.232127047049477,0.306650049746277,0.183567518063551,NaN,NaN,0.0121364234450283,0.742294061455448,1.36851156535588,-0.169329513526075,-0.169329513524866,0.0262104453074169,-1.15248933724686,NaN,NaN,0.111941610390926,0.511981374388003,NaN,NaN,-1.31351296125199,NaN,-0.324240142460815,-0.549802725138985
417.9968,1.06258251009706,0.265388865678211,1.40376631628243,2.01555751759042,0.594465476909323,0.594465476912639,NaN,-2.04913630198148,0.46071961192542,0.672482567646668,0.93808374245068,0.672482567646015,-1.55847068508681,2.00805843738318,NaN,NaN,NaN,1.53792591111522,NaN,-0.985005415382581,1.4795601584321,NaN,0.84572413591374,NaN,NaN,-0.259263415419721,NaN,NaN,-0.441920251081186,-0.288542968457438,0.327635809497427,0.179450490682361,NaN,NaN,0.0444090083754749,0.770361906520139,1.38116679413768,-0.168794465286609,-0.168794465285379,0.0203048249968056,-1.15563367795901,NaN,NaN,0.129451600414391,0.533602631319888,NaN,NaN,-1.30104962570124,NaN,-0.342802069558986,-0.547714971451575
418.0992,1.03141018371977,0.30200434245444,1.40290536040566,2.02015970966128,0.586236841354613,0.586236841357891,NaN,-1.97521059326045,0.448468346238068,0.737375764773138,0.926017366088001,0.737375764772499,-1.55432351102144,1.99576313958192,NaN,NaN,NaN,1.55310952677523,NaN,-1.01373511360135,1.42938455416161,NaN,0.87166638183287,NaN,NaN,-0.240113524283181,NaN,NaN,-0.478433276041632,-0.345052052314036,0.347569425226339,0.176268737300687,NaN,NaN,0.077069546010984,0.798096980558038,1.3942148477356,-0.168908356712358,-0.168908356711108,0.0144586545225527,-1.15755468507759,NaN,NaN,0.147615925475069,0.554728970392741,NaN,NaN,-1.28940880304778,NaN,-0.361428054521105,-0.545928557868424
418.2016,0.998619989228136,0.339140837427355,1.40074713235866,2.02475663154645,0.576320181228186,0.576320181231429,NaN,-1.89802794034657,0.437079248296083,0.801998712187537,0.913693883270342,0.801998712186912,-1.54831866929876,1.98184189147097,NaN,NaN,NaN,1.56781650425051,NaN,-1.04193202210251,1.37818982301937,NaN,0.897533663137613,NaN,NaN,-0.219134841015062,NaN,NaN,-0.51429298874938,-0.401574230977905,0.366371084661642,0.174099134437983,NaN,NaN,0.110129184003484,0.825490868385328,1.40763899725182,-0.169716665044035,-0.169716665042759,0.00861031072365732,-1.15819016436429,NaN,NaN,0.166466274984615,0.575268674737765,NaN,NaN,-1.27866402052797,NaN,-0.380101341919864,-0.544432680744401
418.304,0.964245681900871,0.376764970314264,1.39729825745364,2.0293643637965,0.564833001647558,0.564833001650769,NaN,-1.81771782456116,0.426612109911878,0.86627159541003,0.901114972003037,0.866271595409418,-1.5404300422123,1.9662619358013,NaN,NaN,NaN,1.58200899512845,NaN,-1.06951637654052,1.32610207869096,NaN,0.923280377172062,NaN,NaN,-0.196293676879011,NaN,NaN,-0.549425916104737,-0.458027337447029,0.383964130411184,0.173015016176388,NaN,NaN,0.143596393423083,0.852534642294233,1.4214169490544,-0.171263329892685,-0.171263329891389,0.00269754970478496,-1.15747956589406,NaN,NaN,0.186032981864411,0.595129626540699,NaN,NaN,-1.26888281098154,NaN,-0.39880751245497,-0.543215064711647
418.4064,0.928324899338859,0.414842784991347,1.39256908644678,2.03399731520621,0.551897741325536,0.551897741328712,NaN,-1.73442022721288,0.417122668311761,0.930114921097594,0.888284156874001,0.930114921096995,-1.53063679048854,1.94899417391018,NaN,NaN,NaN,1.59564955167022,NaN,-1.09640871428722,1.27324948879601,NaN,0.948860603800954,NaN,NaN,-0.17156198046198,NaN,NaN,-0.583758680548438,-0.514327293758172,0.400275396435983,0.173085726389822,NaN,NaN,0.177476652677614,0.879218850401726,1.43552108457034,-0.173590500420569,-0.173590500419251,-0.00334210004217203,-1.15536441836465,NaN,NaN,0.206344778350504,0.614219718942307,NaN,NaN,-1.26012654160552,NaN,-0.417534438220755,-0.542262096181734
418.5088,0.890898974796535,0.45333973636084,1.38657347934386,2.03866798252145,0.537640868590521,0.537640868593664,NaN,-1.64828533616741,0.408662078251614,0.993449466454874,0.875206869091285,0.99344946645429,-1.51892374255712,1.93001352944217,NaN,NaN,NaN,1.60870131718744,NaN,-1.12253025472808,1.21976163801487,NaN,0.97422828926886,NaN,NaN,-0.144917703556066,NaN,NaN,-0.617218301651269,-0.570388313257459,0.41523553128915,0.174376191034752,NaN,NaN,0.211772176939329,0.905533506300945,1.44991873909433,-0.176738272920945,-0.176738272919615,-0.00957093501746225,-1.15178876470366,NaN,NaN,0.227428553622102,0.63244730240385,NaN,NaN,-1.25245029547062,NaN,-0.436272219003342,-0.541558981826982
418.6112,0.852012687808936,0.492220736035576,1.37932857400136,2.04338674390833,0.522191956908834,0.522191956911948,NaN,-1.55947311303809,0.401276432065957,1.05619621963246,0.861890475089873,1.05619621963189,-1.505281758186,1.90929930104723,NaN,NaN,NaN,1.62112820845337,NaN,-1.14780331736341,1.16576889457941,NaN,0.999337424490903,NaN,NaN,-0.116345125744948,NaN,NaN,-0.649732506868807,-0.626123130512267,0.428779307832159,0.176946512116751,NaN,NaN,0.246481696224656,0.93146808783118,1.46457251304321,-0.180744427473388,-0.180744427472046,-0.016050665637489,-1.14669960347444,NaN,NaN,0.249309112927698,0.649721672337185,NaN,NaN,-1.24590279608386,NaN,-0.455013106545146,-0.541089930513021
418.7136,0.811713953154513,0.53145025699347,1.37085454079989,2.04816169033029,0.505682758330004,0.505682758333089,NaN,-1.46815271565666,0.395006337536397,1.11827631857048,0.848344273910112,1.11827631856992,-1.48970807356274,1.8868355059336,NaN,NaN,NaN,1.63289510001917,NaN,-1.17215178642502,1.11140177522202,NaN,1.02414222457412,NaN,NaN,-0.0858351383314478,NaN,NaN,-0.681230060173489,-0.681443271319953,0.440845924276369,0.180851582440376,NaN,NaN,0.281600281456487,0.95701155601814,1.47944062387665,-0.185644164782941,-0.185644164781582,-0.022841993695756,-1.14004734143582,NaN,NaN,0.272008939117724,0.665953611361712,NaN,NaN,-1.24052637119845,NaN,-0.473751421974897,-0.540838361815894
418.816,0.770053462139016,0.570992484589476,1.3611743272404,2.052998494917,0.488246285254879,0.488246285257935,NaN,-1.37450178876215,0.389886547338411,1.17961099565944,0.834579473531836,1.17961099565889,-1.47220663038725,1.86261120930407,NaN,NaN,NaN,1.64396802253951,NaN,-1.19550162785808,1.05679030319588,NaN,1.04859731058482,NaN,NaN,-0.0533854924280933,NaN,NaN,-0.711641117719572,-0.736259369286724,0.451379302423204,0.186140720097424,NaN,NaN,0.317119217213239,0.982152400400084,1.49447731452584,-0.191469833534126,-0.191469833532754,-0.0300041724411528,-1.13178625895974,NaN,NaN,0.295547959603926,0.681055997377705,NaN,NaN,-1.23635696106266,NaN,-0.492483467004103,-0.540787144913685
418.9184,0.727084303512019,0.610811493229802,1.35031340355655,2.05790032048718,0.470015908480384,0.47001590848341,NaN,-1.27870565354677,0.38594562894567,1.24012153879848,0.820609162171253,1.24012153879795,-1.45278838140981,1.83662082855296,NaN,NaN,NaN,1.6543143820644,NaN,-1.2177814518283,1.00206336396443,NaN,1.07265788980409,NaN,NaN,-0.0190010114726671,NaN,NaN,-0.740897608856682,-0.790481526063045,0.46032838152546,0.192857327058686,NaN,NaN,0.353025920049178,1.0068787105816,1.50963332599946,-0.198250639876109,-0.198250639874726,-0.037594549572699,-1.12187498368408,NaN,NaN,0.3199433225154,0.694944476864445,NaN,NaN,-1.23342417484869,NaN,-0.511207424629995,-0.540918862858038
419.0208,0.682861604825167,0.650871419640323,1.33829952760332,2.06286776695393,0.451124490494489,0.451124490497483,NaN,-1.18095645336777,0.383205672333058,1.29972928309949,0.806448283842504,1.29972928309897,-1.43147155682814,1.80886440019135,NaN,NaN,NaN,1.66390319804198,NaN,-1.23892309347966,0.947348076255325,NaN,1.09627992682312,NaN,NaN,0.0173062313702686,NaN,NaN,-0.768933622611622,-0.844019700067937,0.467647399013573,0.201038581012171,NaN,NaN,0.389303897144835,1.03117827100307,1.52485642698863,-0.206012342755878,-0.206012342754478,-0.0456681047972341,-1.11027696241118,NaN,NaN,0.345209182871738,0.707538188319449,NaN,NaN,-1.2317513857256,NaN,-0.529923243405878,-0.541216087013258
419.1232,0.637442236927952,0.691136601547268,1.32516254742704,2.06789885894238,0.431703584092826,0.431703584095791,NaN,-1.08145232735073,0.381682043278676,1.35835564819932,0.792113613838803,1.35835564819882,-1.40828187210302,1.77934779870467,NaN,NaN,NaN,1.67270535036419,NaN,-1.25886217243919,0.892769202747883,NaN,1.11942029649331,NaN,NaN,0.0555167611542607,NaN,NaN,-0.795685768817904,-0.89678409887304,0.473296152583967,0.210715166927828,NaN,NaN,0.425932736740727,1.05503867717579,1.54009198270074,-0.214776947742053,-0.214776947740633,-0.0542769989061046,-1.09696091962567,NaN,NaN,0.371356495450065,0.718760512947428,NaN,NaN,-1.23135584737351,NaN,-0.548632502702225,-0.541661647038833
419.2256,0.590884603197437,0.731571666366928,1.31093425116166,2.07298907132869,0.411882723808157,0.411882723811095,NaN,-0.980396657832898,0.381383197300459,1.41592223325497,0.777623721743807,1.41592223325448,-1.38325265918486,1.74808289754326,NaN,NaN,NaN,1.68069382322376,NaN,-1.27753859661416,0.838448613600856,NaN,1.14203691503043,NaN,NaN,0.0956035591283324,NaN,NaN,-0.821093490202994,-0.948685549467343,0.477240247541819,0.221911047049176,NaN,NaN,0.46288812501975,1.07844747283198,1.55528354199524,-0.224562411921639,-0.224562411920196,-0.0634701491191472,-1.08190129136298,NaN,NaN,0.398392811611955,0.728539829244011,NaN,NaN,-1.23224882434713,NaN,-0.567338261630394,-0.54223889221137
419.328,0.543248501916379,0.772141578634115,1.29564825950103,2.07813138858282,0.391788821712875,0.391788821715785,NaN,-0.877997390913055,0.382310571505524,1.47235097354799,0.762998911597084,1.4723509735475,-1.35642491131619,1.71508766643508,NaN,NaN,NaN,1.68784393492375,NaN,-1.29489699263761,0.784504794222693,NaN,1.16408885327718,NaN,NaN,0.137531923780337,NaN,NaN,-0.845099318633671,-0.999635828053493,0.479451336374294,0.234643264105418,NaN,NaN,0.500141888321321,1.10139230372831,1.57037342559645,-0.235382368075784,-0.235382368074316,-0.0732928413241131,-1.06507862257618,NaN,NaN,0.426322083723541,0.736810249617829,NaN,NaN,-1.23443574464244,NaN,-0.586044895424685,-0.542931946434323
419.4304,0.494595033901144,0.812811662980043,1.27933994548372,2.08331639089582,0.371545657478087,0.371545657480971,NaN,-0.774466399820262,0.384458568285933,1.52756435171114,0.748261135868474,1.52756435171067,-1.32784724072902,1.68038620626608,NaN,NaN,NaN,1.69413354744461,NaN,-1.31088706449384,0.731052383741807,NaN,1.1855364374186,NaN,NaN,0.181259344643303,NaN,NaN,-0.867649078332569,-1.04954794229982,0.479907351694555,0.248921775760778,NaN,NaN,0.537662058766112,1.12386107841733,1.58530330229618,-0.247245872571628,-0.247245872570139,-0.083786385910792,-1.04647991676349,NaN,NaN,0.455144487192155,0.743512320068802,NaN,NaN,-1.23791638830799,NaN,-0.604757920741143,-0.543725954469581
419.5328,0.444986535666483,0.853547610072177,1.26204636675023,2.08853235473686,0.351273435670627,0.35127343567348,NaN,-0.670018854633765,0.387814639353697,1.58148565037652,0.733433885579123,1.58148565037606,-1.2975757518182,1.64400872908182,NaN,NaN,NaN,1.69954325626761,NaN,-1.32546389395451,0.678201749585912,NaN,1.20634133848623,NaN,NaN,0.226735406937163,NaN,NaN,-0.888692040621573,-1.09833637144792,0.478592726824057,0.264749322079352,NaN,NaN,0.575412956663282,1.14584212634008,1.60001473789534,-0.260157180481984,-0.260157180480468,-0.094987819777854,-1.02609893095179,NaN,NaN,0.484856271454691,0.748593669717551,NaN,NaN,-1.2426851177456,NaN,-0.623483809771751,-0.544607307539004
419.6352,0.394486529141076,0.894315467070119,1.24380620185055,2.09376535309404,0.331088382800356,0.331088382803178,NaN,-0.564872569262912,0.392359473221214,1.63403923492013,0.718542061239172,1.63403923491967,-1.26567383410156,1.60599149538085,NaN,NaN,NaN,1.70405656402868,NaN,-1.33858819630857,0.626058613866136,NaN,1.22646665102176,NaN,NaN,0.273901740023046,NaN,NaN,-0.908181041496195,-1.14591727968083,0.475498594290059,0.282121329424366,NaN,NaN,0.613355282178012,1.16732434762884,1.61444970333964,-0.274115551882009,-0.274115551880463,-0.106929655195806,-1.00393641263941,NaN,NaN,0.515449648684656,0.752009601344327,NaN,NaN,-1.24873114500389,NaN,-0.642229789242989,-0.545563831041959
419.7376,0.343159680761529,0.935081617141667,1.22465968687992,2.09899934953737,0.311102375851065,0.311102375853854,NaN,-0.45924731167751,0.398067281549163,1.68515086060571,0.703611829476098,1.68515086060526,-1.23221188182221,1.56637671910955,NaN,NaN,NaN,1.70766003723763,NaN,-1.35022653656647,0.574723729458904,NaN,1.24587696556111,NaN,NaN,0.322692015987084,NaN,NaN,-0.926072580907052,-1.19220871736237,0.470622951662003,0.301025856140627,NaN,NaN,0.651446217579528,1.18829735000247,1.62855104328992,-0.289115090453616,-0.289115090452036,-0.119639678013627,-0.980000273704622,NaN,NaN,0.546912725341472,0.75372361215909,NaN,NaN,-1.25603882791994,NaN,-0.661003617132087,-0.546584920320772
419.84,0.291071767797709,0.975812750934192,1.20464855272242,2.1042162947319,0.291422618177757,0.291422618180512,NaN,-0.353364078347194,0.404906170056216,1.7347480044145,0.688670468622915,1.73474800441407,-1.19726694323332,1.52521243763433,NaN,NaN,NaN,1.71034343956352,NaN,-1.36035150076092,0.524292587045506,NaN,1.26453844261843,NaN,NaN,0.37303200329521,NaN,NaN,-0.942326914224885,-1.23713081298464,0.463970787921995,0.321443585823423,NaN,NaN,0.689639551793796,1.20875156686503,1.64226291664685,-0.305144611695244,-0.305144611693631,-0.133140800269867,-0.954305692658515,NaN,NaN,0.579229478254725,0.75370782860832,NaN,NaN,-1.26458798430335,NaN,-0.679813339665798,-0.547661623839864
419.9424,0.238289661627472,1.01647582584904,1.1838159697659,2.10939624116018,0.272151389067657,0.272151389070381,NaN,-0.247444347094639,0.412838573737331,1.78276022940746,0.673746202713502,1.78276022940704,-1.16092229390782,1.48255232974604,NaN,NaN,NaN,1.7120998365722,NaN,-1.36894181136552,0.474855140631534,NaN,1.28241889028353,NaN,NaN,0.424839679316925,NaN,NaN,-0.956908128613023,-1.28060594982173,0.455554169241146,0.343347872606595,NaN,NaN,0.727885841491133,1.22867835384353,1.65553121577457,-0.322187540874475,-0.322187540872831,-0.147450972310445,-0.926875137404319,NaN,NaN,0.612379774691737,0.751943340433161,NaN,NaN,-1.2743542114125,NaN,-0.698667045878145,-0.548786689078125
420.0448,0.184881340591846,1.05703800965228,1.16220651076233,2.11451749123514,0.253385886866276,0.253385886868968,NaN,-0.141709331490173,0.421821737785159,1.82911959570644,0.658868019135556,1.82911959570603,-1.12326692351162,1.43845546356142,NaN,NaN,NaN,1.71292567341489,NaN,-1.37598238181756,0.426495547002672,NaN,1.29948783761182,NaN,NaN,0.478025401286604,NaN,NaN,-0.969784192694674,-1.32255892412155,0.445392287402739,0.366704840291165,NaN,NaN,0.766132621029707,1.24807006749483,1.66830396820367,-0.340221847062461,-0.340221847060789,-0.162583157204586,-0.897738306674949,NaN,NaN,0.646339435464527,0.748420431361511,NaN,NaN,-1.28530920743159,NaN,-0.717572634004008,-0.549954590724687
420.1472,0.130915933068562,1.09746661275515,1.13986613646646,2.11955678562305,0.235218164916581,0.235218164919247,NaN,-0.0363792507312573,0.431808232079463,1.87376112746823,0.644065464253907,1.87376112746783,-1.08439493052538,1.3929859694697,NaN,NaN,NaN,1.71282082835022,NaN,-1.38146431433637,0.379291913222566,NaN,1.31571659564816,NaN,NaN,0.532492132745293,NaN,NaN,-0.980926978558094,-1.36291708833121,0.433511475017719,0.391473531900083,NaN,NaN,0.80432466793155,1.26692013105134,1.68053172577949,-0.359220020176264,-0.359220020174565,-0.178545369312184,-0.866931990769424,NaN,NaN,0.681080342792757,0.743138711938531,NaN,NaN,-1.29742110245351,NaN,-0.736537587562138,-0.551161547184098
420.2496,0.0764637781911543,1.1377290166101,1.11684219705638,2.12448951959303,0.217735128816159,0.217735128818798,NaN,0.0683273891847888,0.442746488856308,1.9166233227854,0.629368416477064,1.91662332278502,-1.04440484275448,1.34621265599092,NaN,NaN,NaN,1.7117886375228,NaN,-1.38538484536704,0.333316052429757,NaN,1.33107830902149,NaN,NaN,0.588135725876011,NaN,NaN,-0.990312264435028,-1.40161048376041,0.419945182342335,0.417606105301555,NaN,NaN,0.842404316872523,1.2852230857,1.69216793646956,-0.3791490960147,-0.379149096012976,-0.19534077940532,-0.834499848429531,NaN,NaN,0.716570597551612,0.736107152887591,NaN,NaN,-1.3106547984277,NaN,-0.755568753902634,-0.55240551001964
420.352,0.0215964834408127,1.17779260436882,1.09318343218615,2.12928995954572,0.201018542435925,0.201018542438538,NaN,0.17219450630472,0.454581343075955,1.9576486604634,0.614806845471562,1.95764866046303,-1.00339891664462,1.298208608499,NaN,NaN,NaN,1.70983587881023,NaN,-1.38774723780868,0.28863326105537,NaN,1.34554800797466,NaN,NaN,0.644845262928033,NaN,NaN,-0.997919729459181,-1.43857196281715,0.404733895046834,0.445048078149101,NaN,NaN,0.880311801624015,1.30297461984993,1.70316927760814,-0.399970735334242,-0.399970735332495,-0.212967884166018,-0.800492098742304,NaN,NaN,0.752774726048203,0.72734400981174,NaN,NaN,-1.32497229857868,NaN,-0.774672128938918,-0.553686102585802
420.4544,-0.0336130489270625,1.21762470092796,1.06893994545957,2.13393143544889,0.185144997775021,0.185144997777609,NaN,0.275009138075533,0.467254545618084,1.99678403823865,0.600410571583197,1.99678403823829,-0.961482482239978,1.24905081476029,NaN,NaN,NaN,1.7069727032588,NaN,-1.38856061944989,0.245302132651881,NaN,1.35910266440451,NaN,NaN,0.702503453700877,NaN,NaN,-1.00373295385812,-1.47373729797435,0.38792497193829,0.473738627127416,NaN,NaN,0.917985601999594,1.32017156975641,1.71349592436804,-0.421641362808508,-0.421641362806732,-0.231420726964418,-0.764965140258579,NaN,NaN,0.789653924452916,0.716876638699686,NaN,NaN,-1.34033300258359,NaN,-0.79385266202835,-0.555004499066536
420.5568,-0.0890906523317795,1.25719253099158,1.04416313302699,2.13838650080392,0.170185832399867,0.170185832402428,NaN,0.376562120139592,0.480705227960393,2.03398109491297,0.586209036610006,2.03398109491262,-0.91876337326269,1.19881983883073,NaN,NaN,NaN,1.70321251032922,NaN,-1.38783977461939,0.203374413721269,NaN,1.3717212455815,NaN,NaN,0.760987078037162,NaN,NaN,-1.00773943499529,-1.50704527966321,0.369572403259618,0.503610933871919,NaN,NaN,0.955362780293208,1.33681189259046,1.72311174078908,-0.444112368637051,-0.444112368635252,-0.250689150003999,-0.727981120719638,NaN,NaN,0.827166320947489,0.704741218084456,NaN,NaN,-1.35669396020513,NaN,-0.813114093463614,-0.556363259683103
420.6592,-0.144760988566434,1.29646320135846,1.01890556606144,2.14262706476739,0.15620700473399,0.156207004736526,NaN,0.476648759884591,0.494870315031464,2.06919641599536,0.572231090473158,2.06919641599502,-0.87535143706984,1.14759953264996,NaN,NaN,NaN,1.69857177075464,NaN,-1.38560490086323,0.162894895617293,NaN,1.38338475898796,NaN,NaN,0.820167467958761,NaN,NaN,-1.00993061717136,-1.53843781641823,0.349736511964391,0.534592559411503,NaN,NaN,0.992379304459966,1.35289462150885,1.73198440089292,-0.467330373608466,-0.467330373606647,-0.270759064301953,-0.689607475087581,NaN,NaN,0.865267241574846,0.690982396385186,NaN,NaN,-1.37401009195751,NaN,-0.832458826576573,-0.55776614824916
420.7616,-0.200547685910748,1.33540370848005,0.99322084648711,2.14662450824881,0.14326895023659,0.143268950239101,NaN,0.575069510991724,0.509684892633836,2.10239165825826,0.558504792570153,2.10239165825793,-0.831358093357125,1.09547675872082,NaN,NaN,NaN,1.69306980407888,NaN,-1.38188133778384,0.123901334280444,NaN,1.39407629161748,NaN,NaN,0.879911038898638,NaN,NaN,-1.01030191960979,-1.56786005366965,0.328483621470892,0.566605835238869,NaN,NaN,1.02897036848865,1.36841981396006,1.74008545555325,-0.491237555618308,-0.491237555616473,-0.291612737338815,-0.649916431718039,NaN,NaN,0.903909480877285,0.67565286923891,NaN,NaN,-1.39223438406091,NaN,-0.85188782705188,-0.559217946955249
420.864,-0.256373501685147,1.37398096988928,0.967163457639556,2.15034979747714,0.131426445353258,0.131426445355746,NaN,0.671630643149295,0.52508253734236,2.13353362713388,0.545057222043616,2.13353362713356,-0.786895913187408,1.04254110387756,NaN,NaN,NaN,1.6867285169803,NaN,-1.37669927158196,0.0864244012556614,NaN,1.40378105463279,NaN,NaN,0.940079881588337,NaN,NaN,-1.00885274667449,-1.59526051683201,0.30588569888454,0.599568273980587,NaN,NaN,1.06507072572163,1.38338850149975,1.74739035356586,-0.51577203070087,-0.515772030699017,-0.313229104448991,-0.608984475791867,NaN,NaN,0.943043587903481,0.658812881640582,NaN,NaN,-1.41131805717216,NaN,-0.871400543436494,-0.560724267665284
420.9664,-0.312160498914141,1.41216187992985,0.940788621553306,2.15377360051671,0.120728500794277,0.120728500796743,NaN,0.766144899989321,0.540995615642547,2.16259431933492,0.531914289043185,2.1625943193346,-0.742078206253413,0.988884578538092,NaN,NaN,NaN,1.6795721035103,NaN,-1.37009342144104,0.0504876785727473,NaN,1.41248644087699,NaN,NaN,1.00053241399735,NaN,NaN,-1.00558647897329,-1.62059127396112,0.282019970440063,0.633393010875739,NaN,NaN,1.10061504668531,1.39780264799341,1.75387841483978,-0.54086828204773,-0.540868282045861,-0.335584106746001,-0.566891762592362,NaN,NaN,0.982618175670064,0.640529653647356,NaN,NaN,-1.43121070756862,NaN,-0.890994853500764,-0.562291356285742
421.0688,-0.3678302371808,1.44991339056274,0.914152163493058,2.15686640093346,0.11121828386311,0.111218283865552,NaN,0.858432139819036,0.557355553344345,2.18955092782473,0.519100539729959,2.18955092782443,-0.697018619011207,0.93460130556477,NaN,NaN,NaN,1.6716267031579,NaN,-1.3621027095197,0.0161077014121883,NaN,1.42018209650302,NaN,NaN,1.06112408584962,NaN,NaN,-1.00051045417817,-1.64380811351269,0.256968501591915,0.667989284551318,NaN,NaN,1.13553830483919,1.4116651174508,1.75953274864481,-0.566457637137082,-0.566457637135195,-0.35865105333335,-0.523721481679935,NaN,NaN,1.02258025271666,0.620876735342258,NaN,NaN,-1.45186041835481,NaN,-0.910667048848984,-0.563925890053752
421.1712,-0.423303980211265,1.48720261247613,0.887310376614887,2.15959860057125,0.102933045458783,0.102933045461202,NaN,0.94831994695777,0.574093070545647,2.21438580233871,0.506638950220207,2.21438580233842,-0.651830754588455,0.879787206651551,NaN,NaN,NaN,1.66292001754154,NaN,-1.35276990544589,-0.0167059542898859,NaN,1.42686000873859,NaN,NaN,1.12170812923746,NaN,NaN,-0.993635935821801,-1.66487073538205,0.230817732777233,0.703262956695695,NaN,NaN,1.16977618486664,1.42497963898025,1.76434011193424,-0.59246879285778,-0.592468792855875,-0.382401000374932,-0.479559182729096,NaN,NaN,1.06287556421191,0.599933302572591,NaN,NaN,-1.47321383210197,NaN,-0.930411868218611,-0.565634767921785
421.2736,-0.47850291777058,1.5239969217932,0.860319876050223,2.16194060570762,0.0959040266887864,0.0959040266911799,NaN,1.03564419414493,0.591138384204388,2.23708636486737,0.494550710124003,2.23708636486709,-0.606627823847091,0.824539690721095,NaN,NaN,NaN,1.65348090691482,NaN,-1.34214123890673,-0.0479505263828683,NaN,1.43251461151809,NaN,NaN,1.18213634190421,NaN,NaN,-0.984978052841433,-1.68374294894845,0.203657964851112,0.739117059516253,NaN,NaN,1.20326550099544,1.43775074863506,1.768290713176,-0.618828376468947,-0.618828376467024,-0.406803130939008,-0.434492088538127,NaN,NaN,1.10344891966441,0.577783418884594,NaN,NaN,-1.49521617722788,NaN,-0.950222582851983,-0.567424900339698
421.376,-0.533348394854485,1.56026405034419,0.833237430080777,2.16386288854669,0.0901563392454493,0.0901563392478179,NaN,1.12024954051874,0.608421395019323,2.25764499197207,0.482855002051798,2.25764499197179,-0.561522325286889,0.768957338977085,NaN,NaN,NaN,1.64333900749257,NaN,-1.33026599249543,-0.0776298325995368,NaN,1.43714289941723,NaN,NaN,1.24225987649928,NaN,NaN,-0.974555696764643,-1.70039286332693,0.175582798630395,0.775452351643787,NaN,NaN,1.23594461050385,1.44998369612256,1.77137798051613,-0.645461521291389,-0.645461521289449,-0.431825112807049,-0.388608432788307,NaN,NaN,1.14424447869693,0.554515302995869,NaN,NaN,-1.51781125367745,NaN,-0.970091129022855,-0.569303015855639
421.4784,-0.587762147152666,1.59597214259976,0.806119754175812,2.16533601763806,0.085708829040499,0.085708829042843,NaN,1.2019898678754,0.625871876681393,2.27605887918577,0.471568782762519,2.2760588791855,-0.516625739676335,0.713139575209954,NaN,NaN,NaN,1.63252440361392,NaN,-1.31719609963298,-0.105753929631151,NaN,1.44074453076256,NaN,NaN,1.30193001050762,NaN,NaN,-0.962391383884882,-1.7147930522865,0.146688541140068,0.812167866925622,NaN,NaN,1.26775381124319,1.46168431735307,1.77359831695927,-0.672292442132967,-0.672292442131007,-0.4574334183642,-0.341996851907253,NaN,NaN,1.18520597198911,0.530220628690071,NaN,NaN,-1.5409413996464,NaN,-0.990008275762491,-0.571275500974705
421.5808,-0.641666554733313,1.63108977832582,0.779023253961996,2.16633066285166,0.0825739331916826,0.0825739331940064,NaN,1.2807286765142,0.643419671755757,2.29232989076339,0.460706568079799,2.29232989076313,-0.472048220738474,0.657186310987319,NaN,NaN,NaN,1.62106735783639,NaN,-1.30298576768856,-0.132338681660971,NaN,1.44332190889545,NaN,NaN,1.36099888891509,NaN,NaN,-0.948511105461784,-1.72692068817807,0.117073588663278,0.84916145551979,NaN,NaN,1.2986357183743,1.47285887975027,1.77495085945028,-0.699245008229302,-0.699245008227319,-0.483593608272835,-0.294745834574769,NaN,NaN,1.22627685075738,0.504993847740315,NaN,NaN,-1.56454746949512,NaN,-1.00996382015745,-0.573348274905014
421.6832,-0.694984929026607,1.66558597228394,0.75200371090975,2.16681758821368,0.0807575324298,0.0807575324321019,NaN,1.35633945879699,0.660994887480526,2.30646438516513,0.450280225162005,2.30646438516488,-0.427898262358864,0.601197554400251,NaN,NaN,NaN,1.60899807846392,NaN,-1.2876911357273,-0.157405283982581,NaN,1.44488024336809,NaN,NaN,1.41932024146517,NaN,NaN,-0.932944191100654,-1.73675766411877,0.086837795010289,0.886330321949397,NaN,NaN,1.32853561748076,1.48351390819516,1.7754372524318,-0.726243315495071,-0.726243315493072,-0.510270590432619,-0.246943216617441,NaN,NaN,1.2674003714208,0.478931504841157,NaN,NaN,-1.58856884592627,NaN,-1.02994681674552,-0.575526685207178
421.7856,-0.747641835156835,1.69943016348531,0.725115919851905,2.16676763995677,0.0802588008027005,0.0802588008049867,NaN,1.42870604318263,0.678528083977457,2.31847300822252,0.440298778242004,2.31847300822228,-0.384282328038404,0.5452729715906,NaN,NaN,NaN,1.59634650341045,NaN,-1.27136997035281,-0.180979796084304,NaN,1.44542759143358,NaN,NaN,1.47675006939205,NaN,NaN,-0.915723204411322,-1.74429073802928,0.0560818419754893,0.923571552692999,NaN,NaN,1.35740178808052,1.49365600140246,1.77506144068813,-0.753212252149676,-0.753212252147659,-0.537428860962968,-0.198675715699407,NaN,NaN,1.30851962461845,0.452131527891826,NaN,NaN,-1.61294349114804,NaN,-1.04994584841546,-0.577815404619162
421.888,-0.799563433262973,1.73259219960324,0.698413301326989,2.16615172870576,0.0810700710501074,0.0810700710523777,NaN,1.49772288335523,0.695950453255163,2.32837046196049,0.430768231842936,2.32837046196024,-0.341304449630916,0.489511409674691,NaN,NaN,NaN,1.58314209190443,NaN,-1.25408139929937,-0.20309272290014,NaN,1.44497487422011,NaN,NaN,1.53314728777415,NaN,NaN,-0.896883877196824,-1.74951171344557,0.0249066340582637,0.960782617978329,NaN,NaN,1.3851857915327,1.5032916514044,1.77382948068605,-0.780078042748132,-0.780078042746096,-0.565032725918124,-0.150028511534247,NaN,NaN,1.34957751942718,0.424692508634471,NaN,NaN,-1.63760802949882,NaN,-1.06994932523771,-0.580218317072753
421.9904,-0.850677812037883,1.76504231272267,0.671947514570668,2.16494080284915,0.0831767490403398,0.0831767490425926,NaN,1.56329527684035,0.713193996192942,2.33617527230123,0.421691412915517,2.33617527230099,-0.299065830164807,0.434010422604533,NaN,NaN,NaN,1.56941362912118,NaN,-1.2358856745898,-0.223778648545553,NaN,1.44353586710522,NaN,NaN,1.58837431242597,NaN,NaN,-0.876465069543727,-1.75241763648337,-0.00658727026407384,0.997861840651158,NaN,NaN,1.41184272167548,1.5124270773761,1.77174936794294,-0.806768755235578,-0.806768755233519,-0.593046499885142,-0.101084877514089,NaN,NaN,1.3905167405586,0.396713007013947,NaN,NaN,-1.66249785097891,NaN,-1.08994577494074,-0.58273839027781
422.0928,-0.900915290582733,1.79675107951841,0.645768091039234,2.16310581380712,0.0865573045126392,0.0865573045148769,NaN,1.62533951701757,0.730191709819171,2.34190958019222,0.413067833687749,2.34190958019198,-0.257664490282309,0.378865852796803,NaN,NaN,NaN,1.55518905900472,NaN,-1.21684394239611,-0.243075892660175,NaN,1.44112717480595,NaN,NaN,1.64229759136082,NaN,NaN,-0.854508731952462,-1.75301096999049,-0.0383001913605402,1.03470883405689,NaN,NaN,1.437331418133,1.52106807812364,1.76883088106127,-0.833214764610667,-0.83321476460859,-0.621434678438915,-0.0519258623226077,NaN,NaN,1.4312797001056,0.368290907904834,NaN,NaN,-1.6875472170219,NaN,-1.10992407949387,-0.585377532620298
422.1952,-0.950208675059899,1.82768936449563,0.619922102015159,2.16061768030937,0.0911833431814819,0.0911833431837054,NaN,1.68378298741856,0.746877793979661,2.34559897213276,0.404893578564215,2.34559897213253,-0.217194973819467,0.324171496258092,NaN,NaN,NaN,1.54049536457731,NaN,-1.19701798743688,-0.261026141840303,NaN,1.4377682043194,NaN,NaN,1.69478808779704,NaN,NaN,-0.831059851639918,-1.75129971261591,-0.0701338278276898,1.07122490872697,NaN,NaN,1.46161464091247,1.5292199024832,1.76508544771464,-0.859349178320641,-0.859349178318543,-0.65016208017173,-0.00263001583812574,NaN,NaN,1.47180849939684,0.339522846590947,NaN,NaN,-1.7126893392644,NaN,-1.12987361915901,-0.588136431667445
422.2976,-0.998493468024995,1.85782825027344,0.594453866229023,2.15744726541039,0.0970197355458511,0.0970197355480605,NaN,1.73856420227257,0.763187875593604,2.34727235404458,0.39716122140589,2.34727235404435,-0.177748106067158,0.270018849083422,NaN,NaN,NaN,1.52535850607216,NaN,-1.17646993998006,-0.277674022140243,NaN,1.43348113767707,NaN,NaN,1.74572171999591,NaN,NaN,-0.806166377791899,-1.74729744989055,-0.101991718551842,1.10731344230876,NaN,NaN,1.48465920377168,1.53688713641229,1.76052603910244,-0.885108233310952,-0.885108233308837,-0.679193950015007,0.0467268422475632,NaN,NaN,1.51204490275156,0.310503711709723,NaN,NaN,-1.73785640828746,NaN,-1.14978431278957,-0.591014375380878
422.4,-1.04570804077419,1.88713896037748,0.569404691150706,2.15356538269586,0.104024751518007,0.104024751520203,NaN,1.7896327949931,0.779059235608029,2.3469618561929,0.389859779530157,2.34696185619267,-0.139410794905844,0.216496921735408,NaN,NaN,NaN,1.50980340596173,NaN,-1.15526197357908,-0.2930666245908,NaN,1.42829089322684,NaN,NaN,1.79497975959269,NaN,NaN,-0.779879129930613,-1.74102334683993,-0.133779660187471,1.14288020774251,NaN,NaN,1.50643606283235,1.54407360354573,1.75516709445277,-0.910431669495507,-0.910431669493379,-0.708496017027539,0.0960718057632277,NaN,NaN,1.55193031219377,0.281326225604956,NaN,NaN,-1.76297957420187,NaN,-1.16964657301073,-0.59400906142167
422.5024,-1.09179378733062,1.9155927811408,0.544812633562875,2.14894284001374,0.112150155433013,0.112150155435197,NaN,1.83694945787488,0.794431021041755,2.34470274495028,0.382974699779356,2.34470274495006,-0.10226586401469,0.163692100102783,NaN,NaN,NaN,1.49385395347166,NaN,-1.13345603905497,-0.30725303656828,NaN,1.42222506509781,NaN,NaN,1.84244918778416,NaN,NaN,-0.752251701045773,-1.73250210735823,-0.1654060760388,1.17783365907828,NaN,NaN,1.52692036057182,1.55078227333217,1.74902446917892,-0.935263075020817,-0.935263075018673,-0.738034511682137,0.145335012503744,NaN,NaN,1.59140573182272,0.25208059137014,NaN,NaN,-1.78798890456716,NaN,-1.18945120335682,-0.597116407530599
422.6048,-1.1366952750305,1.94316098864845,0.520712268435482,2.14355051067908,0.121341256605227,0.121341256607397,NaN,1.8804858393865,0.809244436260166,2.34053332158767,0.376487860955392,2.34053332158746,-0.0663919099709524,0.111688034255871,NaN,NaN,NaN,1.4775330027157,NaN,-1.11111366783288,-0.3202839293834,NaN,1.41531384235046,NaN,NaN,1.88802300591265,NaN,NaN,-0.723340368727046,-1.72176392501515,-0.196782338535284,1.212085181176,NaN,NaN,1.54609143501315,1.55701517604891,1.74211539494974,-0.959550191822613,-0.959550191820455,-0.76777615887857,0.194449724079959,NaN,NaN,1.63041172238106,0.222854193635211,NaN,NaN,-1.81281335109922,NaN,-1.20918927254627,-0.600330386593562
422.7072,-1.18036039636312,1.96981478057031,0.497134460867201,2.13735941033957,0.13153694528507,0.131536945287227,NaN,1.9202244037273,0.823442917476314,2.33449480153809,0.37037758651788,2.33449480153787,-0.031863196293726,0.0605655661247672,NaN,NaN,NaN,1.46086235068407,NaN,-1.0882958583477,-0.332211218328378,NaN,1.40758991603991,NaN,NaN,1.93160049542251,NaN,NaN,-0.693204017600948,-1.70884443569263,-0.227823052371031,1.24554931787941,NaN,NaN,1.5639328084182,1.56277333313014,1.7344584395746,-0.983245167911453,-0.983245167909282,-0.797688162546035,0.243352362573088,NaN,NaN,1.66888835745254,0.193731345059629,NaN,NaN,-1.83738074642565,NaN,-1.2288520175473,-0.603642909082358
422.8096,-1.22274051919089,1.99552520517821,0.474106137242667,2.13034076593114,0.142669745440216,0.142669745442362,NaN,1.95615824409693,0.836972291161388,2.32663117612854,0.364618681836048,2.32663117612833,0.00125039259115708,0.010402726855461,NaN,NaN,NaN,1.44386269231594,NaN,-1.06506303187072,-0.343087781783876,NaN,1.39908838192123,NaN,NaN,1.97308742497964,NaN,NaN,-0.661904065484182,-1.69378466682412,-0.258446304108543,1.27814399125818,NaN,NaN,1.58043216212847,1.5680567102996,1.72607345801203,-1.00630474485858,-1.0063047448564,-0.827738191346792,0.291982512900836,NaN,NaN,1.70677519419944,0.164793071152605,NaN,NaN,-1.86161783521307,NaN,-1.24843080619575,-0.60704375209534
422.912,-1.26379062763266,2.0202630792379,0.45165005650391,2.1224660786884,0.154665901021502,0.154665901023642,NaN,1.98829082864799,0.849780913467246,2.31698906568798,0.35918251131759,2.31698906568776,0.0328833474430795,-0.0387251992342434,NaN,NaN,NaN,1.42655356093436,NaN,-1.04147501130731,-0.352967214879347,NaN,1.38984664663233,NaN,NaN,2.01239620833152,NaN,NaN,-0.629504389685765,-1.67663097259016,-0.2885738754094,1.30979070748187,NaN,NaN,1.59558129342318,1.57286419244991,1.71698153141384,-1.02869037532308,-1.02869037532089,-0.85789437012565,0.340282900306182,NaN,NaN,1.74401126673451,0.136116924855413,NaN,NaN,-1.88545032710367,NaN,-1.26791712815693,-0.610520505222473
423.0144,-1.30346944103757,2.04399889350157,0.429784594137114,2.11370718683077,0.167445506668077,0.167445506670214,NaN,2.01663566848595,0.861819795515066,2.30561758232302,0.354037111454963,2.30561758232281,0.0629745264970214,-0.0867455921054612,NaN,NaN,NaN,1.40895327473344,NaN,-1.01759096994735,-0.361903589828058,NaN,1.37990434388554,NaN,NaN,2.0494460210663,NaN,NaN,-0.59607126246023,-1.65743494996404,-0.318131409890793,1.34041473139852,NaN,NaN,1.6093760474235,1.57719357916413,1.70720489788743,-1.05036827734026,-1.05036827733807,-0.888125275764698,0.388199350438689,NaN,NaN,1.78053510467134,0.107776830602288,NaN,NaN,-1.90880294683338,NaN,-1.28730255176704,-0.614058500645184
423.1168,-1.34173949931836,2.06670271469629,0.408523559789722,2.10403632917645,0.180922698210888,0.180922698213016,NaN,2.04121592402385,0.873042727612798,2.29256822111635,0.349147322330078,2.29256822111613,0.0914671815006043,-0.1335884423709,NaN,NaN,NaN,1.39107891268363,NaN,-0.993469328684069,-0.369951194187299,NaN,1.36930326120228,NaN,NaN,2.08416288469035,NaN,NaN,-0.561673303173431,-1.63625333567727,-0.347048526363624,1.36994521721537,NaN,NaN,1.62181622295115,1.58104160793662,1.69676688423046,-1.07130944470801,-1.07130944470581,-0.918399928241106,0.435680734565329,NaN,NaN,1.81628477548813,0.07984297132848,NaN,NaN,-1.93159945711301,NaN,-1.30657862275671,-0.617640722954917
423.2192,-1.37856721807062,2.08834410492874,0.387876063765821,2.09342620999654,0.195005913582887,0.195005913585013,NaN,2.06206397998732,0.883406411124209,2.27789478172039,0.344474924008893,2.27789478172017,0.118309018566444,-0.179186338605901,NaN,NaN,NaN,1.37294632805215,NaN,-0.969167620523762,-0.377164232402739,NaN,1.35808727107862,NaN,NaN,2.11647972133784,NaN,NaN,-0.526381438198528,-1.61314788385435,-0.375258882761058,1.39831529927408,NaN,NaN,1.63290545958507,1.58440401340006,1.68569184785923,-1.09148963472519,-1.09148963472299,-0.948687766746258,0.482678898923637,NaN,NaN,1.85119794879157,0.0523817338067758,NaN,NaN,-1.95376264901072,NaN,-1.32573673759074,-0.621247727620909
423.3216,-1.41392293749596,2.10889208445008,0.367846429677291,2.08185006536434,0.209598214198364,0.209598214200481,NaN,2.07922101358736,0.892870595100042,2.26165330026479,0.339978775306657,2.26165330026458,0.143452268256049,-0.223474474592898,NaN,NaN,NaN,1.35457018493755,NaN,-0.944742358385238,-0.383596508590228,NaN,1.34630225362947,NaN,NaN,2.14633637570485,NaN,NaN,-0.490268851400974,-1.5881852264367,-0.402700208426741,1.42546215999909,NaN,NaN,1.64265111599586,1.5872756206451,1.67400513034397,-1.11088934089852,-1.11088934089631,-0.978958612136815,0.529148578502714,NaN,NaN,1.88521198344351,0.0254557107153661,NaN,NaN,-1.97521432230926,NaN,-1.34476803823992,-0.624857609817209
423.424,-1.44778099316528,2.12831515129826,0.348434134845646,2.06928172792157,0.224597641897302,0.224597641899414,NaN,2.0927365714706,0.901398207901946,2.24390196281689,0.335614960083356,2.24390196281667,0.166853733420423,-0.2663906436928,NaN,NaN,NaN,1.33596398992298,NaN,-0.920248934959421,-0.389301140292346,NaN,1.3339959932261,NaN,NaN,2.17367959979559,NaN,NaN,-0.45341091729737,-1.56143672627932,-0.429314325904749,1.45132709351879,NaN,NaN,1.65106414453905,1.58965046053494,1.66173301366564,-1.12949374100582,-1.12949374100361,-1.00918263028703,0.575047298565017,NaN,NaN,1.91826403939346,-0.000876263373541438,NaN,NaN,-1.9958752939334,NaN,-1.36366335648314,-0.628446049216811
423.5264,-1.48011982154111,2.14658135400906,0.329633760859485,2.05569568461881,0.239897595626057,0.239897595628158,NaN,2.10266816532487,0.908955475007377,2.22470098014051,0.331336948004983,2.22470098014029,0.188474797189346,-0.30787520232062,NaN,NaN,NaN,1.31714009471672,NaN,-0.895741569521984,-0.394330357580311,NaN,1.32121803858908,NaN,NaN,2.19846300183653,NaN,NaN,-0.41588512097049,-1.53297833651615,-0.455047171725065,1.47585557445848,NaN,NaN,1.65815896193503,1.59152189569764,1.6489026657091,-1.1472926053787,-1.14729260537649,-1.0393303127453,0.62033526797412,NaN,NaN,1.95029121244063,-0.0265590705877982,NaN,NaN,-2.01566546821893,NaN,-1.38241321742232,-0.6319864292456
423.6288,-1.51092209590785,2.16365840773403,0.311434950274474,2.04106712478296,0.255387233227645,0.255387233229739,NaN,2.10908088698096,0.915512018261706,2.20411241862841,0.327095775245724,2.20411241862819,0.20828139954345,-0.347871015486188,NaN,NaN,NaN,1.29810966185176,NaN,-0.871273302099233,-0.398735410771757,NaN,1.30801953143933,NaN,NaN,2.22064696677492,NaN,NaN,-0.377770972463158,-1.50289047290438,-0.479848811319472,1.49899733047288,NaN,NaN,1.66395331545712,1.59288275268575,1.63554206425961,-1.16428015629216,-1.16428015628995,-1.06937248343018,0.66497526811419,NaN,NaN,1.98123068860077,-0.0515412814341563,NaN,NaN,-2.03450398189374,NaN,-1.40100789037783,-0.635450013992672
423.7312,-1.5401748764924,2.17951384282601,0.293822377268975,2.02537198156518,0.270951913268005,0.270951913270093,NaN,2.11204703141903,0.921040934352366,2.18219999545364,0.322840248894657,2.18219999545342,0.226244008269053,-0.386323415745506,NaN,NaN,NaN,1.27888260291142,NaN,-0.846896019300963,-0.402566566610749,NaN,1.29445301684943,NaN,NaN,2.24019855749417,NaN,NaN,-0.339149919840695,-1.47125789333055,-0.503673439014843,1.52070641126481,NaN,NaN,1.66846814330788,1.59372545819739,1.62167989503335,-1.1804548782307,-1.1804548782285,-1.0992803319703,0.708932541712541,NaN,NaN,2.01101991813097,-0.075775146435233,NaN,NaN,-2.05230941118696,NaN,-1.41943745485299,-0.638806161058644
423.8336,-1.56786974982891,2.19411517137189,0.276775746367366,2.00858697310637,0.286473686189732,0.286473686191818,NaN,2.11164571019472,0.925518852247762,2.15902885498878,0.318517174774578,2.15902885498856,0.242337606901101,-0.423180198766399,NaN,NaN,NaN,1.25946751005035,NaN,-0.822660487056356,-0.405873143186406,NaN,1.28057224219547,NaN,NaN,2.25709140441977,NaN,NaN,-0.30010525787888,-1.43816956885951,-0.526479358538477,1.54094124763626,NaN,NaN,1.67172742632139,1.59404217700176,1.60734542599972,-1.19581928633562,-1.19581928633342,-1.12902546823111,0.75217468628028,NaN,NaN,2.03959681191155,-0.0992166062057593,NaN,NaN,-2.06900001475288,NaN,-1.43769185504012,-0.642022547973946
423.936,-1.5940029317939,2.20743006176904,0.260269838222748,1.99068965017852,0.301831837628294,0.301831837630378,NaN,2.10796244354352,0.928925973291536,2.13466534522238,0.314071602426113,2.13466534522216,0.256541705947781,-0.458391658669843,NaN,NaN,NaN,1.2398716057649,NaN,-0.798616370502973,-0.408703524088029,NaN,1.26643194257286,NaN,NaN,2.27130559063866,NaN,NaN,-0.260722022337444,-1.40371852702958,-0.54822894627292,1.55966469978434,NaN,NaN,1.67375803046218,1.59382495197905,1.59256836564524,-1.21037966543137,-1.21037966542917,-1.15857998767157,0.794671556247749,NaN,NaN,2.06689996138463,-0.121825310441555,NaN,NaN,-2.08449398704518,NaN,-1.45576094419085,-0.645065400788831
424.0384,-1.61857532201767,2.21942652770706,0.244274621689338,1.97165845718402,0.316903486859475,0.316903486861559,NaN,2.10108872936452,0.93124610008981,2.10917680560229,0.30944707845653,2.10917680560207,0.268840372694115,-0.491910658270796,NaN,NaN,NaN,1.22010072977413,NaN,-0.77481223281907,-0.411105108683446,NaN,1.25208760924983,NaN,NaN,2.28282753980137,NaN,NaN,-0.221086862889288,-1.36800165383337,-0.568888603601765,1.57684409766114,NaN,NaN,1.67458954323049,1.59306584890828,1.57737871461228,-1.22414579448222,-1.22414579448002,-1.18791653655832,0.836395176455809,NaN,NaN,2.09286888015222,-0.143564634169592,NaN,NaN,-2.09870970808014,NaN,-1.47363453968179,-0.647899732696848
424.1408,-1.64159251639977,2.23007315036796,0.228755441906477,1.95147281198596,0.331564244435586,0.331564244437674,NaN,2.09112159238298,0.93246665628818,2.08263136551619,0.304585898960573,2.08263136551596,0.279222285358553,-0.523692748220507,NaN,NaN,NaN,1.20015936424801,NaN,-0.751295511796245,-0.413124198046989,NaN,1.23759523963219,NaN,NaN,2.29164990876478,NaN,NaN,-0.181287903741304,-1.33111945789188,-0.588428702799463,1.59245127059711,NaN,NaN,1.67425410705858,1.59175710504765,1.56180661652258,-1.23713067018231,-1.23713067018012,-1.21700837411395,0.877319668642644,NaN,NaN,2.11744426422029,-0.16440169018349,NaN,NaN,-2.11156599372534,NaN,-1.49130249905099,-0.650489610208433
424.2432,-1.66306479448171,2.23933934890937,0.213673279741573,1.93011320634054,0.345688928163388,0.345688928165478,NaN,2.07816311727526,0.932578690620022,2.05509774045711,0.299429353699371,2.05509774045688,0.287680830082665,-0.553696368536298,NaN,NaN,NaN,1.18005067892166,NaN,-0.72811247844701,-0.414805856116225,NaN,1.22301106671189,NaN,NaN,2.29777147738565,NaN,NaN,-0.141414608763532,-1.29317581586165,-0.606823527311578,1.60646255656762,NaN,NaN,1.67278625034327,1.5898912747991,1.54588220671413,-1.24935023710682,-1.24935023710464,-1.24582943962859,0.917421191990841,NaN,NaN,2.14056826788424,-0.184307351101051,NaN,NaN,-2.1229823653026,NaN,-1.50875479983843,-0.652798457904386
424.3456,-1.68300709499111,2.24719569903611,0.198985067845911,1.90756132284271,0.359152330213207,0.359152330215301,NaN,2.06231997122035,0.931576854821913,2.02664500768364,0.293917966674555,2.0266450076834,0.294214240838463,-0.581883140125549,NaN,NaN,NaN,1.15977656932003,NaN,-0.705308189065048,-0.41619379175437,NaN,1.20839126511975,NaN,NaN,2.30119702510639,NaN,NaN,-0.101557652120238,-1.25427771378742,-0.624051210099639,1.6188587889924,NaN,NaN,1.67022271418238,1.58746136522417,1.52963545237091,-1.26082312267636,-1.26082312267419,-1.27435443617752,0.956677898669601,NaN,NaN,2.16218479235469,-0.203256298938967,NaN,NaN,-2.13287936243442,NaN,-1.52598159797891,-0.654789400115644
424.448,-1.7014389835274,2.25361428662324,0.184644047139983,1.88380015509875,0.371830031440753,0.37183003144285,NaN,2.04370292346898,0.929459353405699,1.9973423517396,0.287991751415119,1.99734235173935,0.298825750355158,-0.60821820191012,NaN,NaN,NaN,1.1393376690205,NaN,-0.682926440219261,-0.417330283475639,NaN,1.19379163072822,NaN,NaN,2.30193718983475,NaN,NaN,-0.0618087746334148,-1.21453497892852,-0.640093680965872,1.62962527553283,NaN,NaN,1.66660227074394,1.58446095926642,1.5130959766987,-1.27157036692676,-1.27157036692461,-1.30255893999434,0.995069907445334,NaN,NaN,2.182239788517,-0.221227113709611,NaN,NaN,-2.14117892197754,NaN,-1.54297325151077,-0.65642562855495
424.5504,-1.71838461049911,2.25856908422762,0.170600154751242,1.85881411426998,0.383599266429936,0.383599266432038,NaN,2.02242636581532,0.926227874155952,1.96725878484871,0.281590497246895,1.96725878484846,0.301523715803242,-0.63267053601497,NaN,NaN,NaN,1.11873333178931,NaN,-0.661009723792113,-0.418256143558412,NaN,1.17926723260855,NaN,NaN,2.30000831043129,NaN,NaN,-0.0222606007188627,-1.17405998353522,-0.654936634276169,1.63875178761046,NaN,NaN,1.66196553001606,1.58088432956881,1.49629286186921,-1.28161513319352,-1.28161513319138,-1.33041954025817,1.03257930108958,NaN,NaN,2.20068158182097,-0.238202402121059,NaN,NaN,-2.14780483462235,NaN,-1.55972030108372,-0.657670779794816
424.6528,-1.73387265665017,2.26203635012739,0.156800445990723,1.83258911874913,0.394339840918507,0.394339840920616,NaN,1.99860783021644,0.921887505723029,1.93646285139275,0.27465409041849,1.9364628513925,0.302321703988627,-0.655213255145709,NaN,NaN,NaN,1.09796158991848,NaN,-0.639599170449725,-0.419010704590347,NaN,1.16487204003357,NaN,NaN,2.29543225789754,NaN,NaN,0.0169936045584759,-1.13296730466108,-0.668569519821534,1.64623256783188,NaN,NaN,1.65635473685961,1.57672654766939,1.47925442916146,-1.2909823900755,-1.29098239007338,-1.35791400678748,1.06919015220679,NaN,NaN,2.21746122736104,-0.254168957944002,NaN,NaN,-2.15268326959324,NaN,-1.57621340254789,-0.658489308811076
424.7552,-1.74793626300613,2.26399505631988,0.143189559675663,1.80511268253943,0.403935094766765,0.403935094768878,NaN,1.97236749820907,0.916446638455571,1.90502231985918,0.267122865994795,1.90502231985892,0.301238538832101,-0.675823855187684,NaN,NaN,NaN,1.07701910007135,NaN,-0.618734473653809,-0.41963180302848,NaN,1.15065852900208,NaN,NaN,2.28823626408355,NaN,NaN,0.0558602495886895,-1.09137333204484,-0.680985550019621,1.65206635113602,NaN,NaN,1.64981356577565,1.57198359421539,1.46200800038942,-1.29969856705391,-1.29969856705181,-1.38502147454049,1.10488857748062,NaN,NaN,2.23253289547837,-0.269117938990309,NaN,NaN,-2.15574334372206,NaN,-1.59244322813415,-0.658846857680285
424.8576,-1.76061294199046,2.26442734409867,0.129710229102027,1.77637402154003,0.412272891467419,0.41227289146954,NaN,1.9438277066343,0.909916846221028,1.87300386447387,0.258937981357757,1.87300386447361,0.298298317647354,-0.694484440714894,NaN,NaN,NaN,1.05590109190533,NaN,-0.598453800212064,-0.420155735970357,NaN,1.13667727730198,NaN,NaN,2.27845275700044,NaN,NaN,0.0942457931569175,-1.04939582622088,-0.692181710849991,1.65625639251739,NaN,NaN,1.64238692112126,1.5666524769361,1.44457965275968,-1.30779119896718,-1.3077911989651,-1.411722627942,1.13966281336285,NaN,NaN,2.24585427647707,-0.283045039814744,NaN,NaN,-2.1569177097541,NaN,-1.60840036956661,-0.658710625011127
424.96,-1.77194446934533,2.26331899026499,0.11630382367936,1.7463641879268,0.419246599524252,0.419246599526381,NaN,1.91311246866484,0.902312760976925,1.84047274580276,0.250041797105155,1.84047274580249,0.293530398445592,-0.711181924526946,NaN,NaN,NaN,1.03460133740872,NaN,-0.578793704738835,-0.420617184852814,NaN,1.12297656957452,NaN,NaN,2.26611920653871,NaN,NaN,0.132057155044088,-1.00715344191628,-0.702158763929194,1.65881049586284,NaN,NaN,1.63412074604415,1.56073136073976,1.42699398694602,-1.31528857842561,-1.31528857842355,-1.43799986707171,1.17350329812355,NaN,NaN,2.25738698279184,-0.295950635238129,NaN,NaN,-2.15614313985053,NaN,-1.62407526481008,-0.658049728140661
425.0624,-1.78197675702384,2.26065985669539,0.102910896274228,1.71507623288387,0.424756025127606,0.424756025129743,NaN,1.88034703399391,0.893651959411124,1.80749250469271,0.240378252892075,1.80749250469244,0.28696936020554,-0.725908200122497,NaN,NaN,NaN,1.01311215727805,NaN,-0.559789062124835,-0.421049119409041,NaN,1.10960204074767,NaN,NaN,2.25127797715713,NaN,NaN,0.169202130011649,-0.964765236833571,-0.710921235511572,1.65974104050088,NaN,NaN,1.62506184056602,1.55421970633307,1.40927392706564,-1.32221942859523,-1.3222194285932,-1.46383744365286,1.20640274229503,NaN,NaN,2.26709692826395,-0.307839875911696,NaN,NaN,-2.15336108524413,NaN,-1.63945814850671,-0.656835537078383
425.1648,-1.79075970270331,2.25644429854874,0.0894717185772252,1.68250538939713,0.428708261628894,0.428708261631038,NaN,1.84565750271722,0.883954872840236,1.77412468109637,0.229893236175843,1.7741246810961,0.278654943466192,-0.738660290561727,NaN,NaN,NaN,0.991424474703864,NaN,-0.54147302204817,-0.421482699963926,NaN,1.09659637620335,NaN,NaN,2.23397618131945,NaN,NaN,0.205589792593533,-0.922350178990896,-0.718477396570124,1.65906500152658,NaN,NaN,1.61525769002753,1.54711840584917,1.39144055873852,-1.32861260112809,-1.32861260112607,-1.48922156222251,1.23835617454332,NaN,NaN,2.2749546748885,-0.318722731618683,NaN,NaN,-2.14851820622924,NaN,-1.65453901994453,-0.655041964788112
425.2672,-1.79834700762865,2.25067151741093,0.0759268011240571,1.64864926074415,0.431018426728919,0.431018426731071,NaN,1.80917049257602,0.873244718322281,1.74042856507677,0.218534952245126,1.74042856507649,0.2686319752991,-0.749440477931808,NaN,NaN,NaN,0.969527919743463,NaN,-0.523876985277748,-0.421947186702283,NaN,1.08399906943085,NaN,NaN,2.21426553183171,NaN,NaN,0.241130896465339,-0.88002665825216,-0.724839235660907,1.65680395542334,NaN,NaN,1.60475630251882,1.53942990226496,1.37351299962529,-1.33449680056372,-1.33449680056174,-1.51414044209962,1.26936095560302,NaN,NaN,2.28093574212388,-0.328613985281573,NaN,NaN,-2.14156687707743,NaN,-1.66930762906046,-0.652645708425804
425.3696,-1.80479595505481,2.24334585604,0.0622174033997967,1.61350799936473,0.431610269878734,0.431610269880895,NaN,1.77101284561043,0.861547442375032,1.70646098648188,0.206254304016279,1.70646098648159,0.256950271340235,-0.758256411912174,NaN,NaN,NaN,0.947410981301703,NaN,-0.507030598249404,-0.422469857159374,NaN,1.07184622630678,NaN,NaN,2.19220219667741,NaN,NaN,0.275738273438285,-0.837912005749658,-0.730022418927295,1.65298405787386,NaN,NaN,1.5936060466818,1.53115828342951,1.35550829554556,-1.33990033510824,-1.33990033510628,-1.53858433434254,1.29941675598019,NaN,NaN,2.28502087258274,-0.337533178764327,NaN,NaN,-2.1324656703395,NaN,-1.68375348397367,-0.649626440296722
425.472,-1.81016714774087,2.23447704064469,0.0482860411075653,1.57708446616033,0.430416655725293,0.430416655727465,NaN,1.73131135057444,0.848891668154604,1.67227614798799,0.193005277025158,1.6722761479877,0.243664506682279,-0.76512119171779,NaN,NaN,NaN,0.925061199512334,NaN,-0.490961758036301,-0.423075935298164,NaN,1.06017040491027,NaN,NaN,2.16784666113917,NaN,NaN,0.30932722622858,-0.796122023487091,-0.734046230306036,1.64763598414481,NaN,NaN,1.5818554818007,1.52230934990946,1.33744134154634,-1.34485089467118,-1.34485089466924,-1.56254549439867,1.32852549859993,NaN,NaN,2.2871962516831,-0.345504512748015,NaN,NaN,-2.12117982096114,NaN,-1.69786587751773,-0.645966954403402
425.5744,-1.81452421112131,2.22408038278283,0.0340769943270296,1.53938437115128,0.427379940282638,0.427379940284823,NaN,1.6901924578089,0.835308636537918,1.63792550244773,0.178745309056429,1.63792550244743,0.228834052998681,-0.770053412524518,NaN,NaN,NaN,0.902465390974942,NaN,-0.475696624635889,-0.423788534334143,NaN,1.04900048825538,NaN,NaN,2.1412636001109,NaN,NaN,0.34181590320517,-0.754770521866066,-0.736933488375814,1.64079483522497,NaN,NaN,1.56955318558548,1.51289066704949,1.31932483796555,-1.34937535928021,-1.34937535927829,-1.58601811833346,1.35669127331685,NaN,NaN,2.28745368396284,-0.352556705552215,NaN,NaN,-2.10768166939484,NaN,-1.71163392635202,-0.641653281943533
425.6768,-1.81793347315861,2.21217694954074,0.0195368123861259,1.50041640610308,0.42245224186976,0.422452241871956,NaN,1.64778197789884,0.820832130644815,1.60345767136378,0.16343562055987,1.60345767136348,0.212522776461508,-0.773077165045272,NaN,NaN,NaN,0.87960990126848,NaN,-0.461259646673735,-0.42462860627248,NaN,1.0383615961286,NaN,NaN,2.11252175944052,NaN,NaN,0.373125653211042,-0.713968857611151,-0.738710437831023,1.63250002307514,NaN,NaN,1.55674759488208,1.50291161734686,1.30116929997351,-1.35349964010002,-1.35349964009813,-1.60899824773625,1.38392022917246,NaN,NaN,2.28579072676348,-0.358722812096001,NaN,NaN,-2.09195108535341,NaN,-1.72504662042605,-0.636674785953326
425.7792,-1.82046363399314,2.1987937031007,0.00461480209894221,1.46019237889846,0.415595591878584,0.41559559188079,NaN,1.60420477561126,0.805498378793274,1.56891839610255,0.147041492558641,1.56891839610224,0.194798789217235,-0.77422198258713,NaN,NaN,NaN,0.856480878953758,NaN,-0.447673603502382,-0.425614887721941,NaN,1.02827504445308,NaN,NaN,2.08169384022507,NaN,NaN,0.40318137101633,-0.673825464946173,-0.73940661285398,1.62279514615987,NaN,NaN,1.54348686700991,1.49238346364657,1.28298313281868,-1.35724855150913,-1.35724855150726,-1.631483641866,1.41022044544728,NaN,NaN,2.28221077811897,-0.364039999713039,NaN,NaN,-2.07397587573524,NaN,-1.73809288299962,-0.631024236300544
425.8816,-1.82218543855104,2.18396360517645,-0.0107365191366614,1.41872734790034,0.406781954109679,0.406781954111892,NaN,1.55958447997066,0.789345944863539,1.53435051269172,0.129532492227165,1.53435051269141,0.175734157853019,-0.773522741748966,NaN,NaN,NaN,0.83306456486492,NaN,-0.43495965433367,-0.42676383828002,NaN,1.01875835513904,NaN,NaN,2.04885637770062,NaN,NaN,0.431911841685424,-0.634445382106964,-0.739054671134278,1.61172785637416,NaN,NaN,1.52981875562587,1.48131942290316,1.26477276624239,-1.36064570890358,-1.36064570890173,-1.65347361667222,1.43560178114673,NaN,NaN,2.27672311817203,-0.368549277136402,NaN,NaN,-2.05375217303118,NaN,-1.75076163768932,-0.624697861228291
425.984,-1.82317135884051,2.16772567347172,-0.0265610244110322,1.37603974462357,0.395993122066805,0.395993122069029,NaN,1.51404322251399,0.772415621429371,1.49979394780663,0.11088265860506,1.49979394780632,0.155404587526042,-0.771019531265689,NaN,NaN,NaN,0.809347591178409,NaN,-0.423137378378051,-0.428089577894264,NaN,1.00982531071342,NaN,NaN,2.0140896089699,NaN,NaN,0.459250078581332,-0.595929784953039,-0.73769020100507,1.59934970940431,NaN,NaN,1.51579048990833,1.46973474163299,1.24654282726985,-1.36371344425687,-1.36371344425504,-1.67496885775905,1.46007570458555,NaN,NaN,2.26934290947572,-0.372295175596846,NaN,NaN,-2.0312847863107,NaN,-1.76304187667297,-0.617695371209674
426.0864,-1.82349528375818,2.1501249714857,-0.0428986471202879,1.33215147533119,0.383220520779496,0.383220520781726,NaN,1.46770139490894,0.754750327299193,1.46528573921723,0.0910706683322391,1.46528573921691,0.133889108258517,-0.766757503956772,NaN,NaN,NaN,0.785317280818331,NaN,-0.412224790687336,-0.429603839775221,NaN,1.00148604308629,NaN,NaN,1.97747732962872,NaN,NaN,0.485133638615166,-0.558375541610172,-0.735351504630815,1.58571598648458,NaN,NaN,1.5014486482856,1.45764676052274,1.22829633205519,-1.36647273183774,-1.36647273183594,-1.69597122008632,1.4836551068706,NaN,NaN,2.26009116415286,-0.375325389014643,NaN,NaN,-2.00658749354678,NaN,-1.77492272385764,-0.610019953657458
426.1888,-1.82323221056019,2.13121252302597,-0.0597851209786395,1.28708800316652,0.368464943233393,0.368464943235629,NaN,1.42067740084931,0.736394994078682,1.43086008385955,0.0700799946702058,1.43086008385922,0.111269783697504,-0.760786719960681,NaN,NaN,NaN,0.760961931687764,NaN,-0.402238322714656,-0.431315957862945,NaN,0.993747146760445,NaN,NaN,1.93910674232697,NaN,NaN,0.509504897457098,-0.5218748009788,-0.732079356030443,1.57088547750202,NaN,NaN,1.48683902250653,1.44507495987753,1.21003489183188,-1.36894311938886,-1.36894311938707,-1.71648352679136,1.50635410329196,NaN,NaN,2.24899468323537,-0.377690388798805,NaN,NaN,-1.97968326713781,NaN,-1.78639348441697,-0.601678240894737
426.2912,-1.82245793360807,2.11104516256198,-0.0772517753115877,1.24087842316384,0.351736253597422,0.351736253599662,NaN,1.37308738295177,0.717396425862886,1.39654841402358,0.0478990569990492,1.39654841402325,0.0876314444637486,-0.7531619806681,NaN,NaN,NaN,0.736271070324182,NaN,-0.393192765453863,-0.43323289771116,NaN,0.986611809866404,NaN,NaN,1.89906829827209,NaN,NaN,0.532311278282367,-0.486514625712964,-0.727916729759285,1.55492022385678,NaN,NaN,1.47200647443874,1.4320409883729,1.19175894049917,-1.37114266204408,-1.37114266204231,-1.73650937438407,1.52818782594349,NaN,NaN,2.23608596925836,-0.379443025576057,NaN,NaN,-1.95060443549296,NaN,-1.79744367438979,-0.592680254172156
426.3936,-1.82124872885065,2.0896853430278,-0.0953253643232752,1.19355554728745,0.333053094562854,0.333053094565099,NaN,1.32504492932202,0.697803126723022,1.36237949627177,0.0245213514369487,1.36237949627144,0.0630614322661332,-0.743942649121665,NaN,NaN,NaN,0.711235663646207,NaN,-0.385101183724966,-0.435359326883228,NaN,0.980079957637616,NaN,NaN,1.85745553152045,NaN,NaN,0.553505442007576,-0.452376672292617,-0.722908499466638,1.5378852305123,NaN,NaN,1.45699479497204,1.41856868501697,1.17346798934707,-1.37308785815347,-1.37308785815171,-1.75605294820076,1.54917221389487,NaN,NaN,2.2214031131622,-0.380638118988566,NaN,NaN,-1.91939278062034,NaN,-1.80806303583842,-0.58303932448905
426.496,-1.81968103266188,2.06720091818053,-0.114027913293604,1.1451560108771,0.312442625579685,0.312442625581935,NaN,1.2766607789103,0.677665097782819,1.32837954114017,-5.44390796312903e-05,1.32837954113983,0.0376493398918378,-0.733192454727972,NaN,NaN,NaN,0.685848281768805,NaN,-0.377974815799059,-0.437697712492202,NaN,0.974148401951273,NaN,NaN,1.81436488785339,NaN,NaN,0.573045452194308,-0.419536909667226,-0.717101111275355,1.51984815975893,NaN,NaN,1.44184657625855,1.40468409986612,1.15516090366959,-1.37479358924794,-1.3747935892462,-1.77511885403559,1.56932381303706,NaN,NaN,2.20498966046642,-0.381332033205551,NaN,NaN,-1.88609956310314,NaN,-1.81824155248871,-0.572771991564307
426.5984,-1.81783110591405,2.04366490114795,-0.133376570241231,1.0957203970196,0.289940289452473,0.289940289454728,NaN,1.22804253485719,0.657033606547984,1.29457231634906,-0.0258243512362311,1.29457231634872,0.0114867410181071,-0.720979282343306,NaN,NaN,NaN,0.660103212777593,NaN,-0.371822969652453,-0.440248431930239,NaN,0.968810991541043,NaN,NaN,1.7698955491303,NaN,NaN,0.590894925353392,-0.388065362355393,-0.710542238146658,1.50087901076622,NaN,NaN,1.42660310419124,1.39041550720541,1.13683619086389,-1.37627306702687,-1.37627306702513,-1.79371197553483,1.58865959784932,NaN,NaN,2.18689446309236,-0.381582242532527,NaN,NaN,-1.85078545997997,NaN,-1.82796947698504,-0.561897883894622
426.7008,-1.81577466188443,2.0191551813004,-0.153383455855606,1.04529336155789,0.265589579790458,0.265589579792721,NaN,1.17929438051819,0.6359609317391,1.26097927315863,-0.0527790632136547,1.26097927315828,-0.0153330902974101,-0.707374945756097,NaN,NaN,NaN,0.633996541356978,NaN,-0.366652916842059,-0.443009894134789,NaN,0.964058762557319,NaN,NaN,1.72414924795208,NaN,NaN,0.607023175375017,-0.358025867454192,-0.703280420812903,1.48104978025047,NaN,NaN,1.41130427253409,1.37579339692286,1.11849229281451,-1.37753778819194,-1.37753778819022,-1.81183736661115,1.60719681959193,NaN,NaN,2.16717151993657,-0.381446897542466,NaN,NaN,-1.81352040035163,NaN,-1.83723737070784,-0.550439581003575
426.8032,-1.81358643523489,1.99375417409253,-0.174055509816035,0.993923735518868,0.239441773611105,0.239441773613373,NaN,1.13051679347616,0.614500088953598,1.22761970700926,-0.0809038312145708,1.22761970700891,-0.0427154693931983,-0.692454946128209,NaN,NaN,NaN,0.60752620920976,NaN,-0.362469773147817,-0.445978683522368,NaN,0.95988009158212,NaN,NaN,1.67723006382392,NaN,NaN,0.621405356193338,-0.329475844521343,-0.695364702775413,1.46043409897683,NaN,NaN,1.39598851532335,1.36085043101973,1.10012787914283,-1.37859749801225,-1.37859749801055,-1.82950018118823,1.62495287776564,NaN,NaN,2.14587980457935,-0.380984400442841,NaN,NaN,-1.77438329145809,NaN,-1.84603615193586,-0.538422457026258
426.9056,-1.81133968617202,1.96754839092212,-0.195394338812185,0.94166458385139,0.211555599442866,0.211555599445142,NaN,1.08180625925462,0.592704541697118,1.19451096629054,-0.110178436559244,1.19451096629018,-0.0705645991932042,-0.676298217102699,NaN,NaN,NaN,0.580692069332533,NaN,-0.359276351080834,-0.449149740419325,NaN,0.956260849014047,NaN,NaN,1.6292441957135,NaN,NaN,0.634022599372766,-0.30246608383803,-0.686844269428529,1.43910684302089,NaN,NaN,1.38069274975405,1.34562135828257,1.08174213842694,-1.37946016825011,-1.37946016824842,-1.84670563392133,1.64194521063859,NaN,NaN,2.12308307608565,-0.380252992813097,NaN,NaN,-1.73346164057683,NaN,-1.85435714931124,-0.52587450670645
427.008,-1.80910565406292,1.94062793395433,-0.217396077393357,0.888573209933523,0.181996833121319,0.1819968331236,NaN,1.03325498728425,0.570627897936142,1.16166870369374,-0.140577142984896,1.16166870369338,-0.0987838789892024,-0.658986857358915,NaN,NaN,NaN,0.553495931409625,NaN,-0.357072977902423,-0.452516586378303,NaN,0.95318454814574,NaN,NaN,1.58029971007173,NaN,NaN,0.644862143920043,-0.277040553764859,-0.677768104144028,1.41714372400163,NaN,NaN,1.3654523215646,1.33014288321129,1.06333506512927,-1.38013200101618,-1.3801320010145,-1.86345898468294,1.65819120538124,NaN,NaN,2.0988496704067,-0.37931035699382,NaN,NaN,-1.69085108384556,NaN,-1.86219216058013,-0.512826155411081
427.1104,-1.80695298207956,1.91308593143983,-0.240051271152137,0.83471111085638,0.150837842307898,0.150837842310184,NaN,0.984950634248569,0.548323590242266,1.12910715053838,-0.172068674287616,1.12910715053803,-0.127276229334114,-0.64060584917442,NaN,NaN,NaN,0.525941585423225,NaN,-0.355857289690967,-0.456071598331132,NaN,0.950632490531001,NaN,NaN,1.53050626433251,NaN,NaN,0.653917462581245,-0.253236220383265,-0.668184676128746,1.39462086944871,NaN,NaN,1.35030095062247,1.31445348640659,1.04490774012375,-1.38061746941704,-1.38061746941538,-1.87976554610337,1.67370813373078,NaN,NaN,2.07325227356475,-0.378213236346495,NaN,NaN,-1.64665483306252,NaN,-1.86953351735017,-0.499310050720892
427.2128,-1.80494713376015,1.88501793489808,-0.263344785693205,0.780143898066212,0.11815711166409,0.118157111666381,NaN,0.936976049360752,0.525844543881229,1.09683939290007,-0.204616229732375,1.09683939289971,-0.155944438365565,-0.62124275812773,NaN,NaN,NaN,0.498034795305869,NaN,-0.355624026441347,-0.459806323342715,NaN,0.948583916682037,NaN,NaN,1.47997481142447,NaN,NaN,0.661188385877624,-0.231082880484008,-0.658141671121494,1.37161441158759,NaN,NaN,1.33527067983764,1.2985932012094,1.02646259643617,-1.38091939571228,-1.38091939571063,-1.89563071559931,1.68851311943993,NaN,NaN,2.04636767995601,-0.377017084839603,NaN,NaN,-1.6009830572899,NaN,-1.87637415262286,-0.485360831387253
427.3152,-1.80314982338562,1.85652130022837,-0.287255745314933,0.724941195596753,0.084038766391805,0.084038766394099,NaN,0.889409059933773,0.503242846504478,1.06487763320945,-0.238177552799196,1.06487763320909,-0.184691534441718,-0.600987403889708,NaN,NaN,NaN,0.46978326768951,NaN,-0.356364854422543,-0.463711809131617,NaN,0.947016176267624,NaN,NaN,1.4288172996652,NaN,NaN,0.666681211229633,-0.21060302654112,-0.647685765472963,1.34820010225598,NaN,NaN,1.32039182952175,1.28260336163975,1.00800365316854,-1.38103905601915,-1.38103905601751,-1.91106002702451,1.70262313721673,NaN,NaN,2.01827653721896,-0.375775756934087,NaN,NaN,-1.55395222389259,NaN,-1.8827076630093,-0.471014873206583
427.4176,-1.80161848053058,1.82769456327294,-0.311757514125573,0.669176519768275,0.0485720904770198,0.048572090479318,NaN,0.842322303158244,0.480569433173513,1.03323342768819,-0.272705060465159,1.03323342768783,-0.213421189378927,-0.579931490629248,NaN,NaN,NaN,0.44119660874989,NaN,-0.358068230703667,-0.467778919835354,NaN,0.945904930439701,NaN,NaN,1.37714638067169,NaN,NaN,0.670408777619348,-0.191811764804048,-0.636862434076465,1.32445296100985,NaN,NaN,1.30569295569443,1.26652633707588,0.989536702141467,-1.38097629709428,-1.38097629709265,-1.926059211591,1.71605503459058,NaN,NaN,1.98906307410512,-0.374541242406292,NaN,NaN,-1.50568441696878,NaN,-1.88852835973625,-0.456310014787442
427.52,-1.80040576100205,1.79863680241982,-0.336817739690157,0.612927135876757,0.0118510223705801,0.0118510223728829,NaN,0.795783095907012,0.45787379431213,1.00191789625737,-0.308146032444402,1.00191789625701,-0.242038153055651,-0.558168190479801,NaN,NaN,NaN,0.412286280716701,NaN,-0.360719312373989,-0.47199861083788,NaN,0.945224391591137,NaN,NaN,1.32507512532166,NaN,NaN,0.672390494967233,-0.17471679242364,-0.625715783193132,1.30044695523818,NaN,NaN,1.29120081161361,1.25040526138001,0.971069440503848,-1.38072965678176,-1.38072965678014,-1.94063425853717,1.72882556596561,NaN,NaN,1.9588148045846,-0.373363441423463,NaN,NaN,-1.45630662792509,NaN,-1.89383131087799,-0.441285264384428
427.6224,-1.79955910639516,1.76944697270198,-0.362398475762229,0.556273879227395,-0.0260263870126333,-0.026026387010328,NaN,0.749853336811338,0.435203711442951,0.970941903395497,-0.344442856864111,0.970941903395136,-0.270448721613793,-0.535791676566893,NaN,NaN,NaN,0.38306556302359,NaN,-0.364299906375822,-0.476362143725801,NaN,0.944947600034836,NaN,NaN,1.27271673872114,NaN,NaN,0.672652331477318,-0.159318429231431,-0.614288409045591,1.27625471086276,NaN,NaN,1.27694031368733,1.23428375850838,0.95261154177715,-1.38029648797528,-1.38029648797366,-1.95479146776889,1.74095143244042,NaN,NaN,1.92762220206585,-0.372289966935691,NaN,NaN,-1.4059499895818,NaN,-1.89861238435083,-0.42598048396186
427.7248,-1.79912034859509,1.74022320189466,-0.388456388708922,0.499300923019462,-0.0649585514586444,-0.0649585514563347,NaN,0.704589443059454,0.412605022116975,0.940316206373561,-0.381533329968418,0.940316206373202,-0.298561251069781,-0.512896600279429,NaN,NaN,NaN,0.353549515853388,NaN,-0.368788454464516,-0.480861233364674,NaN,0.945046735749235,NaN,NaN,1.22018426444661,NaN,NaN,0.671226769714425,-0.145609704343312,-0.6026212868723,1.25194724874094,NaN,NaN,1.26293451084409,1.21820566470082,0.934174648835725,-1.37967308961422,-1.37967308961261,-1.9685374860643,1.75244932470875,NaN,NaN,1.89557833878099,-0.371365956209332,NaN,NaN,-1.35474892023578,NaN,-1.90286830392987,-0.410436045079331
427.8272,-1.79912535857973,1.71106204929494,-0.414943046301837,0.44209547855242,-0.104840950344213,-0.104840950341901,NaN,0.660042319815956,0.390121408471352,0.910051565830273,-0.419351011066075,0.910051565829915,-0.326286727565341,-0.489577509925853,NaN,NaN,NaN,0.3237549397581,NaN,-0.374160050587871,-0.485488131517111,NaN,0.945493458989382,NaN,NaN,1.16759026878763,NaN,NaN,0.668152742744465,-0.133576504265781,-0.590753689278915,1.22759373542341,NaN,NaN,1.24920455369131,1.2022147466202,0.915772273374122,-1.37885484883098,-1.37885484882938,-1.98187932085544,1.76333596841767,NaN,NaN,1.86277848761531,-0.37063387743966,NaN,NaN,-1.30284016249932,NaN,-1.90659672466262,-0.394692456686335
427.9296,-1.79960374583783,1.6820577307972,-0.441805292502231,0.38474742041322,-0.145566755255743,-0.145566755253427,NaN,0.616257351002378,0.367794199947096,0.880158814285891,-0.457825639057703,0.880158814285534,-0.353539389419018,-0.465928215204364,NaN,NaN,NaN,0.293700324421913,NaN,-0.380386490873626,-0.490235660228562,NaN,0.946259267060692,NaN,NaN,1.11504649373078,NaN,NaN,0.663475561638311,-0.123197787856592,-0.57872313369066,1.2032612426047,NaN,NaN,1.2357696585013,1.18635441383127,0.897419600405423,-1.37783639758794,-1.37783639758635,-1.99482433297674,1.77362817502393,NaN,NaN,1.82931968784731,-0.370133331057588,NaN,NaN,-1.2503617251074,NaN,-1.90979631977876,-0.378789973412507
428.032,-1.80057861299084,1.65330131218877,-0.468985711513894,0.327348837389658,-0.187027490458658,-0.187027490456338,NaN,0.573274406020386,0.34566218333944,0.850648880158126,-0.496883615982828,0.850648880157772,-0.380237385969678,-0.442041105744843,NaN,NaN,NaN,0.263405780574767,NaN,-0.387436353947786,-0.49509721181612,NaN,0.947315856834935,NaN,NaN,1.06266346946889,NaN,NaN,0.657246844816952,-0.114445866107526,-0.566565370489472,1.17901452668724,NaN,NaN,1.22264706184743,1.17066742338064,0.879133211023939,-1.37661178215015,-1.37661178214856,-2.00738021357465,1.78334290096084,NaN,NaN,1.79530027766689,-0.369900853193668,NaN,NaN,-1.19745174629651,NaN,-1.91246686404077,-0.362768199489736
428.1344,-1.80206636297892,1.62487988338866,-0.49642316666177,0.269993522520002,-0.229113715470212,-0.229113715467888,NaN,0.531127870875253,0.323761420464846,0.821532769807034,-0.536448546324248,0.821532769806682,-0.406303453979289,-0.418006438449493,NaN,NaN,NaN,0.232892952015718,NaN,-0.395275103792071,-0.500066730019291,NaN,0.94863548760732,NaN,NaN,1.01055008892219,NaN,NaN,0.649524451135485,-0.107286735066614,-0.554314422790786,1.154915847078,NaN,NaN,1.20985196737766,1.15519557876073,0.860930747702023,-1.37517463813458,-1.375174638133,-2.01955494602639,1.79249730932193,NaN,NaN,1.76081939696472,-0.369969724782908,NaN,NaN,-1.14424730684736,NaN,-1.91460930465129,-0.346665707547231
428.2368,-1.8040765563827,1.59687574965,-0.52405337872855,0.21277642837691,-0.271715697096959,-0.27171569709463,NaN,0.489846711425987,0.30212507823495,0.792821518502055,-0.576441798188021,0.792821518501704,-0.431665575243161,-0.393911624962874,NaN,NaN,NaN,0.202184908583212,NaN,-0.403865206338319,-0.505138681670123,NaN,0.950191331496807,NaN,NaN,0.958813161697894,NaN,NaN,0.640372402994125,-0.101680444838222,-0.54200266404998,1.13102482703807,NaN,NaN,1.19739749142219,1.13997943380224,0.842830554697564,-1.37351836554647,-1.3735183655449,-2.03135674887499,1.8011088199076,NaN,NaN,1.72597646923771,-0.370369787879562,NaN,NaN,-1.09088324280799,NaN,-1.9162258168683,-0.330519689270104
428.3392,-1.80661182038294,1.56936568374995,-0.551809505415376,0.155793113165409,-0.314724037342924,-0.314724037340591,NaN,0.449454568782886,0.280783274929614,0.764526128233495,-0.61678304867989,0.764526128233147,-0.45625756198325,-0.369840562236672,NaN,NaN,NaN,0.17130602259753,NaN,-0.413166255789365,-0.510308024148324,NaN,0.951957789525098,NaN,NaN,0.907556972980974,NaN,NaN,0.629860775162574,-0.0975814906319659,-0.52966089815008,1.10739834148911,NaN,NaN,1.18529461210599,1.1250580135845,0.824851325253628,-1.37163630366866,-1.37163630366709,-2.04279399941047,1.80919513664213,NaN,NaN,1.69087067766869,-0.371127278362145,NaN,NaN,-1.03749102249979,NaN,-1.91731984460763,-0.314365639292831
428.4416,-1.80966780796888,1.54242026494369,-0.579622696998386,0.0991391923531862,-0.35803023752622,-0.358030237523883,NaN,0.409969892136681,0.259762947335899,0.736657512535061,-0.657390794743667,0.736657512534716,-0.480019525429351,-0.345873040742607,NaN,NaN,NaN,0.140281831325607,NaN,-0.423135111674566,-0.515570169841597,NaN,0.953910759703138,NaN,NaN,0.856882871494858,NaN,NaN,0.618065529586263,-0.0949392170567251,-0.51731841508984,1.08409041623349,NaN,NaN,1.17355212468256,1.11046855808653,0.80701177360939,-1.3695219044046,-1.36952190440305,-2.05387514767359,1.81677425558552,NaN,NaN,1.65560045324705,-0.372264691871546,NaN,NaN,-0.984197735246386,NaN,-1.91789612962951,-0.298237054219908
428.544,-1.81323320201369,1.51610331303578,-0.607422614707066,0.0429098050856894,-0.401527197360088,-0.401527197357745,NaN,0.371406117113935,0.239087745768822,0.709226464399486,-0.698182830280503,0.709226464399144,-0.502898208836136,-0.322084245771201,NaN,NaN,NaN,0.109138886814691,NaN,-0.433726050325793,-0.520920948007851,NaN,0.956027857473383,NaN,NaN,0.806888902133783,NaN,NaN,0.605068289859945,-0.0936982300345365,-0.505003017509135,1.06115213561525,NaN,NaN,1.16217660928493,1.09624628922873,0.789330334917241,-1.36716889597781,-1.36716889597627,-2.06460863451727,1.82386446687564,NaN,NaN,1.62026299093634,-0.373800697573896,NaN,NaN,-0.931125199884702,NaN,-1.91796072536824,-0.282165126379816
428.6464,-1.81728976370489,1.49047142761321,-0.635137902142149,-0.0128008978931733,-0.445109662678779,-0.44510966267643,NaN,0.333771885095518,0.218777963102058,0.682243653138546,-0.739076695250652,0.682243653138208,-0.524847183628885,-0.2985443535537,NaN,NaN,NaN,0.077904591729953,NaN,-0.44489093447721,-0.526356565594164,NaN,0.958288590641719,NaN,NaN,0.757669488950614,NaN,NaN,0.590956055388159,-0.0937988137550424,-0.492741022533865,1.03863155849887,NaN,NaN,1.15117241887079,1.08242420084283,0.771824889466781,-1.3645714275117,-1.36457142751017,-2.075002819816,1.83048435975286,NaN,NaN,1.58495380311827,-0.375750105456691,NaN,NaN,-0.878389172406918,NaN,-1.91752097782545,-0.266178426386912
428.7488,-1.82181243200732,1.46557364573173,-0.662696604970767,-0.0679002497884251,-0.488674636894104,-0.488674636891749,NaN,0.297071292537272,0.198850505746179,0.655719648005258,-0.779990099380788,0.655719648004924,-0.54582691294297,-0.275318219044024,NaN,NaN,NaN,0.0466070208219125,NaN,-0.456579401298498,-0.531873557223596,NaN,0.960674486443899,NaN,NaN,0.709315171008991,NaN,NaN,0.575820854377004,-0.0951773487313013,-0.480557245010154,1.01657363933695,NaN,NaN,1.14054169341836,1.06903287147408,0.754512503888072,-1.36172419087101,-1.36172419086949,-2.08506591897042,1.83665283172838,NaN,NaN,1.54976631393183,-0.378123886702719,NaN,NaN,-0.826098633725157,NaN,-1.9165854572218,-0.250302581907669
428.8512,-1.82676948168197,1.44145122161676,-0.690026543896917,-0.122297562277756,-0.532121758809528,-0.532121758807165,NaN,0.261304160818277,0.179318914844771,0.629664966225941,-0.82084132108452,0.629664966225612,-0.565804689551263,-0.252465150866337,NaN,NaN,NaN,0.0152747331208114,NaN,-0.468739068515155,-0.537468697385446,NaN,0.963169165914549,NaN,NaN,0.661912396825247,NaN,NaN,0.559759335701449,-0.0977667210264973,-0.468474971489428,0.995020156488097,NaN,NaN,1.13028440423868,1.05610030127928,0.737409181503692,-1.35862252404913,-1.35862252404762,-2.09480594462367,1.84238910106591,NaN,NaN,1.51479149661694,-0.380929245011067,NaN,NaN,-0.774355161500471,NaN,-1.91516383234145,-0.234559965691389
428.9536,-1.83212274711548,1.41813752056809,-0.717055655939608,-0.175904627800931,-0.575353645040117,-0.575353645037749,NaN,0.226466307171689,0.160193433230453,0.604090144428346,-0.861549580444529,0.604090144428023,-0.584754456759979,-0.230038765733247,NaN,NaN,NaN,-0.0160634190361939,NaN,-0.481315763389653,-0.54313884983178,NaN,0.965758359996004,NaN,NaN,0.61554338320545,NaN,NaN,0.542872298153547,-0.101496714832595,-0.456515930980694,0.974009657121974,NaN,NaN,1.12039842699616,1.04365177467939,0.720529623882689,-1.35526250778983,-1.35526250778832,-2.10423065299257,1.84771272254496,NaN,NaN,1.48011755343693,-0.384169737974269,NaN,NaN,-0.723252409662963,NaN,-1.91326667987513,-0.218969406241951
429.056,-1.83782791730098,1.39565801432179,-0.743712321437425,-0.228636220340438,-0.618276210763624,-0.61827621076125,NaN,0.19254978878694,0.141481099114433,0.579005829520671,-0.902035383223009,0.579005829520354,-0.602656526798067,-0.208086908352143,NaN,NaN,NaN,-0.0473784823671767,NaN,-0.494253778825926,-0.548880751287458,NaN,0.968429865777697,NaN,NaN,0.570286036379144,NaN,NaN,0.525264155144319,-0.106294391369151,-0.444700260942107,0.953577425833972,NaN,NaN,1.11087963695511,1.03170974795251,0.703887016247846,-1.35164106820989,-1.35164106820838,-2.11334749779787,1.8526436059068,NaN,NaN,1.44582963338453,-0.387845449141029,NaN,NaN,-0.67287571735838,NaN,-1.91090523002905,-0.203545932120432
429.1584,-1.8438348936699,1.3740303576491,-0.769925686059118,-0.280410570627821,-0.66079899136012,-0.660798991357743,NaN,0.159543103690151,0.123185846456466,0.554422877472927,-0.942220832968933,0.554422877472617,-0.619497228778638,-0.186651619863952,NaN,NaN,NaN,-0.0786415968047247,NaN,-0.507496150034975,-0.554690757025914,NaN,0.971173448587812,NaN,NaN,0.526213923388775,NaN,NaN,0.507042350842144,-0.112084461787167,-0.433046469180913,0.933755477436316,NaN,NaN,1.10172202018483,1.02029375809124,0.687492845807458,-1.34775608899821,-1.34775608899671,-2.12216359605218,1.85720203411948,NaN,NaN,1.41200958035898,-0.391953206320869,NaN,NaN,-0.623301849037375,NaN,-1.90809107492598,-0.188300563080423
429.2608,-1.85008818642302,1.3532645169869,-0.795625977693275,-0.331149790435974,-0.702835467308162,-0.702835467305786,NaN,0.12743135275648,0.105308600183363,0.530352440704249,-0.982029910612822,0.530352440703945,-0.635268529441419,-0.165769148580616,NaN,NaN,NaN,-0.109824192340187,NaN,-0.520984940662323,-0.560564601465131,NaN,0.973980700263105,NaN,NaN,0.483396277119519,NaN,NaN,0.488316765804812,-0.118789659880411,-0.421571399108154,0.91457257053328,NaN,NaN,1.09291779675595,1.00942035028253,0.671356749795334,-1.34360652607483,-1.34360652607332,-2.13068570677767,1.86140867587613,NaN,NaN,1.37873570446801,-0.396486831621225,NaN,NaN,-0.574598851074122,NaN,-1.90483587936273,-0.173240167614724
429.3632,-1.85652732593758,1.3333629277095,-0.820744813826576,-0.380780235286808,-0.744303366367574,-0.744303366365196,NaN,0.0961963864784682,0.0878473653841372,0.506806027367667,-1.02138872583449,0.506806027367371,-0.64996765234622,-0.14547001619683,NaN,NaN,NaN,-0.140898189999639,NaN,-0.534661541064277,-0.566497223811291,NaN,0.97684486658473,NaN,NaN,0.441898018592048,NaN,NaN,0.469199141795108,-0.126331121002503,-0.410290201351625,0.896054235927215,NaN,NaN,1.08445755384433,0.99910302710482,0.65548638357651,-1.33919251431368,-1.33919251431218,-2.13892021900337,1.86528458568597,NaN,NaN,1.34608257033814,-0.401437403463674,NaN,NaN,-0.526826011510916,NaN,-1.90115111469432,-0.158367403002883
429.4656,-1.86308727804225,1.31432067510126,-0.845215491631773,-0.429232812211618,-0.785124911605436,-0.785124911603057,NaN,0.0658169720239518,0.070797320155758,0.483795531209371,-1.06022574801233,0.483795531209083,-0.663596695245251,-0.125779154361217,NaN,NaN,NaN,-0.171836203573,NaN,-0.548466991110882,-0.572482673720781,NaN,0.979760657843165,NaN,NaN,0.401779782955184,NaN,NaN,0.449802526914538,-0.134628771621004,-0.399216305296495,0.878222813645919,NaN,NaN,1.0763303882888,0.989352227803965,0.639887301924322,-1.33451545887417,-1.33451545887267,-2.14687314269116,1.86885118695814,NaN,NaN,1.31412079964554,-0.406793512618184,NaN,NaN,-0.4800339153227,NaN,-1.89704781178285,-0.143680739043633
429.568,-1.86969885704147,1.29612570387248,-0.868973249672857,-0.476443244274309,-0.825226998485975,-0.825226998483595,NaN,0.0362690050092613,0.0541509256072375,0.461333247118441,-1.09847202019846,0.461333247118163,-0.676162243988491,-0.10671610015603,NaN,NaN,NaN,-0.202611727849577,NaN,-0.562342318531694,-0.578514071609299,NaN,0.982724052532663,NaN,NaN,0.363097943841952,NaN,NaN,0.430240733839307,-0.143601720730231,-0.388361387375999,0.861097498520552,NaN,NaN,1.06852405827121,0.980175345287152,0.624562853188126,-1.32957810856101,-1.32957810855952,-2.15455009718007,1.87213023906762,NaN,NaN,1.28291689118263,-0.412541499994509,NaN,NaN,-0.434264581956575,NaN,-1.89253633091499,-0.129174555479739
429.6704,-1.87628912797912,1.27875905802357,-0.89195549027575,-0.522352297874509,-0.864541296440662,-0.864541296438285,NaN,0.00752576092847955,0.0378980626191953,0.439431893137162,-1.13606135142296,0.439431893136894,-0.687674995700807,-0.0882952142875601,NaN,NaN,NaN,-0.233199291330842,NaN,-0.576228857728815,-0.584583573798374,NaN,0.985732100787267,NaN,NaN,0.325904641427807,NaN,NaN,0.41062781834364,-0.153168628824881,-0.377735342313488,0.844694400035437,NaN,NaN,1.06102514318932,0.97157678387747,0.60951409215459,-1.32438461404418,-1.32438461404269,-2.16195629285129,1.87514379359676,NaN,NaN,1.2525330646334,-0.418665669481908,NaN,NaN,-0.389551664367772,NaN,-1.88762616164395,-0.114839298487023
429.7728,-1.88278179169192,1.26219514985672,-0.914101956597297,-0.566905970597047,-0.90300427578137,-0.903004275778993,NaN,-0.0204418353924582,0.0220261971604205,0.418104651528471,-1.1729304812396,0.418104651528214,-0.698149403122585,-0.070525896831975,NaN,NaN,NaN,-0.263574556013958,NaN,-0.590068523177179,-0.59068229763254,NaN,0.98878273764001,NaN,NaN,0.290247822068466,NaN,NaN,0.391077591469004,-0.163248032722535,-0.367346260275145,0.829026616643049,NaN,NaN,1.05381921045896,0.963558057035697,0.594739720073286,-1.31894057931042,-1.31894057930893,-2.1690965002945,1.87791414198764,NaN,NaN,1.22302712914257,-0.425148472073477,NaN,NaN,-0.345920692998899,NaN,-1.88232576044947,-0.100661674862914
429.8752,-1.88909755716058,1.24640205753924,-0.935354869866675,-0.610055631872195,-0.940557169712995,-0.940557169710623,NaN,-0.0476649375303699,0.00652056658324151,0.397365224767767,-1.20901921699058,0.397365224767521,-0.707603332405421,-0.0534128128052182,NaN,NaN,NaN,-0.293714364579658,NaN,-0.603804034720083,-0.59680019962127,NaN,0.991874619205476,NaN,NaN,0.256171291346513,NaN,NaN,0.371703167144031,-0.173758627616228,-0.357200403831322,0.814104313414026,NaN,NaN,1.04689098572911,0.956117918721667,0.580236056915292,-1.31325311569396,-1.31325311569247,-2.17597500573907,1.88046375278632,NaN,NaN,1.19445237372549,-0.431970664633418,NaN,NaN,-0.303389357482796,NaN,-1.87664241469209,-0.0866248591882786
429.9776,-1.89515451942204,1.23134185254537,-0.955659045579661,-0.651758109923714,-0.977145891379987,-0.977145891377623,NaN,-0.0741765076110873,-0.00863562781930273,0.377227887455546,-1.24427055072112,0.377227887455308,-0.716057715083922,-0.0369561571868954,NaN,NaN,NaN,-0.323596753892223,NaN,-0.617379096537382,-0.602925938223575,NaN,0.995006987294206,NaN,NaN,0.223714777594092,NaN,NaN,0.352616537035289,-0.184619526649946,-0.347302183445438,0.799934792659011,NaN,NaN,1.04022451938732,0.949252513372364,0.56599704245787,-1.30733089935556,-1.30733089935408,-2.18259556490326,1.88281519958869,NaN,NaN,1.16685748047819,-0.439111459955288,NaN,NaN,-0.261967826648292,NaN,-1.87058212162093,-0.0727087036611227
430.08,-1.90086856688239,1.21697096223227,-0.974962009960345,-0.691975724680614,-1.01272092806731,-1.01272092806495,NaN,-0.100011052521109,-0.0234610375428791,0.357707511009432,-1.27863076464784,0.357707511009204,-0.723536181083103,-0.0211519743897133,NaN,NaN,NaN,-0.353200959778072,NaN,-0.630738533225261,-0.60904676011949,NaN,0.998179553723227,NaN,NaN,0.192914002442552,NaN,NaN,0.333928163159185,-0.195750517784097,-0.33765414127732,0.786522559537305,NaN,NaN,1.03380334257541,0.942955526030124,0.552014254805727,-1.30118421988259,-1.30118421988111,-2.18896137480861,1.88499108517752,NaN,NaN,1.14028646368169,-0.446548690202531,NaN,NaN,-0.221659115119662,NaN,-1.86414949213297,-0.0588899630825252
430.1824,-1.90615383122032,1.20324057144384,-0.993214127587837,-0.730676271400421,-1.04723723113571,-1.04723723113336,NaN,-0.125204370429371,-0.0379760020570122,0.338819547278712,-1.31204953368014,0.338819547278492,-0.730064662456289,-0.00599253762518596,NaN,NaN,NaN,-0.382507433578648,NaN,-0.643828397318008,-0.61514843944688,NaN,1.00139239098058,NaN,NaN,0.163800754055235,NaN,NaN,0.315746575131701,-0.207072329393855,-0.328256948153954,0.773869387461006,NaN,NaN,1.02761061149317,0.937218321022782,0.538276932419528,-1.29482500005073,-1.29482500004926,-2.19507507640128,1.88701396567881,NaN,NaN,1.11477863248589,-0.454258997403514,NaN,NaN,-0.182459505290145,NaN,-1.85734768768272,-0.0451425458668996
430.2848,-1.91092317313419,1.19009705390885,-1.01036874119005,-0.767832962569909,-1.08065411664241,-1.08065411664006,NaN,-0.149793308645085,-0.0522024008097492,0.320579973470101,-1.34448002819964,0.32057997346989,-0.735670957072758,0.00853320541585703,NaN,NaN,NaN,-0.411497882563059,NaN,-0.656596065805704,-0.621215290275443,NaN,1.00464582632574,NaN,NaN,0.136402956678068,NaN,NaN,0.298177956003538,-0.218506908870303,-0.319109404413098,0.761974379212129,NaN,NaN,1.02162924391576,0.932030068464601,0.52477198938884,-1.28826676966546,-1.288266769664,-2.20093878935076,1.88890627403522,NaN,NaN,1.09036857076413,-0.462218053273461,NaN,NaN,-0.144359023504613,NaN,-1.85017836837294,-0.0314377745699698
430.3872,-1.91508868520714,1.17748241200716,-1.02638232257032,-0.803424337755853,-1.11293518276079,-1.11293518275845,NaN,-0.173815532668483,-0.0661635129466943,0.303005211661454,-1.37587900860481,0.303005211661251,-0.74038425633627,0.0224391281287152,NaN,NaN,NaN,-0.440155332991786,NaN,-0.66899033369308,-0.627230253649589,NaN,1.00794034584766,NaN,NaN,0.110744731679049,NaN,NaN,0.281325709402849,-0.229977712122334,-0.310208434660469,0.750834018436382,NaN,NaN,1.01584205159924,0.927377866818844,0.511484021309655,-1.28152458872841,-1.28152458872694,-2.20655417152381,1.89069023997977,NaN,NaN,1.06708612943208,-0.470400801502053,NaN,NaN,-0.107341958093987,NaN,-1.84264162300247,-0.0177446277947416
430.4896,-1.91856219402163,1.1653347069233,-1.04121463144202,-0.837434151505047,-1.14404823299461,-1.14404823299227,NaN,-0.197309310411765,-0.079883875456696,0.286112038556733,-1.40620689697867,0.286112038556538,-0.744234657426134,0.0357413878334088,NaN,NaN,NaN,-0.468464199214924,NaN,-0.680961498743635,-0.633175034947918,NaN,1.01127651308392,NaN,NaN,0.0868464519608002,NaN,NaN,0.265290015537199,-0.241409997619182,-0.301549077609708,0.740442215154453,NaN,NaN,1.01023186828353,0.923246875083531,0.498395307294094,-1.27461493079462,-1.27461493079315,-2.21192249017132,1.892387804698,NaN,NaN,1.04495643062929,-0.478781706185906,NaN,NaN,-0.0713873964335309,NaN,-1.83473588217921,-0.00402995532853692
430.592,-1.92125574895816,1.15358847604549,-1.05482887127418,-0.869851245583878,-1.17396518473504,-1.17396518473271,NaN,-0.220313316801416,-0.093389133026539,0.26991750032062,-1.43542781758112,0.269917500320435,-0.747252680188933,0.0484578861098432,NaN,NaN,NaN,-0.496410333977081,NaN,-0.692461420916383,-0.639030252233797,NaN,1.01465490043191,NaN,NaN,0.0647247978847816,NaN,NaN,0.250167396336921,-0.252731111850504,-0.293124480227387,0.730790356426025,NaN,NaN,1.00478167232331,0.919620466875941,0.485485819224392,-1.26755554652524,-1.26755554652378,-2.21704469081885,1.89402053102297,NaN,NaN,1.02399988738664,-0.487334984662945,NaN,NaN,-0.0364697508110743,NaN,-1.82645784025363,0.00974131772272951
430.6944,-1.92308209168715,1.14217514620198,-1.06719182779009,-0.900669401427072,-1.20266195627841,-1.2026619562761,NaN,-0.242866460123036,-0.10670587790848,0.254438840337879,-1.46350960589525,0.254438840337704,-0.749468805078579,0.0606077532928825,NaN,NaN,NaN,-0.523981040864779,NaN,-0.703443541249579,-0.644775562510446,NaN,1.01807602613503,NaN,NaN,0.0443928235345526,NaN,NaN,0.236050317055619,-0.263870744905834,-0.284925907869669,0.721867375186079,NaN,NaN,0.999474707083833,0.91648040881902,0.472733250113138,-1.26036532635689,-1.26036532635543,-2.22192145391841,1.89560951174994,NaN,NaN,1.00423224290589,-0.49603481021786,NaN,NaN,-0.00255925150201197,NaN,-1.81780240598559,0.0236059735055359
430.7968,-1.92395510975448,1.13102345148816,-1.07827398589099,-0.92988715817615,-1.23011834841312,-1.23011834841082,NaN,-0.265007727251362,-0.119861487602032,0.239693431555291,-1.49042378843782,0.239693431555124,-0.750913048982464,0.0722108743902961,NaN,NaN,NaN,-0.551165049173365,NaN,-0.71386285951624,-0.65038976367756,NaN,1.02154028739116,NaN,NaN,0.0258600386781797,NaN,NaN,0.223026845615822,-0.274761140266694,-0.276942781183739,0.713659845913643,NaN,NaN,0.994294603356417,0.913807051390135,0.460113067942793,-1.25306417327074,-1.25306417326927,-2.22655323837292,1.89717527817893,NaN,NaN,0.985664629544482,-0.504855488755787,NaN,NaN,0.0303775920447027,NaN,-1.80876268586866,0.0376022501794526
430.8992,-1.92379028485486,1.12005985761207,-1.08804963484742,-0.957507584802162,-1.25631794675715,-1.25631794675487,NaN,-0.286776040694983,-0.132883974182437,0.225698691968384,-1.51614553650829,0.225698691968227,-0.751614591058563,0.0832874593028096,NaN,NaN,NaN,-0.577952470634055,NaN,-0.723675891546975,-0.65585090151412,NaN,1.02504788183104,NaN,NaN,0.00913250647302007,NaN,NaN,0.211180373755129,-0.285337261656248,-0.269162745088577,0.706152106950904,NaN,NaN,0.98922550413926,0.911579512996503,0.447598591905502,-1.24567288544919,-1.24567288544772,-2.23094032025506,1.89873770952954,NaN,NaN,0.968303644856493,-0.513771627497611,NaN,NaN,0.0623775449527477,NaN,-1.79933001398382,0.0517695428461023
431.0016,-1.92250514494071,1.10920899044857,-1.09649697386567,-0.983538010764994,-1.28124806531822,-1.28124806531595,NaN,-0.308210117144088,-0.145801854587576,0.212471964059198,-1.54065359790091,0.21247196405905,-0.751601455124315,0.0938576539375458,NaN,NaN,NaN,-0.604334759718247,NaN,-0.732840645195696,-0.661136411640573,NaN,1.02859871262966,NaN,NaN,-0.00578704952958427,NaN,NaN,0.200589389141967,-0.29553693305581,-0.261571767125706,0.699326402791526,NaN,NaN,0.984252189897254,0.909775844580849,0.435161081345403,-1.23821304019489,-1.23821304019343,-2.23508283614893,1.90031594206254,NaN,NaN,0.952151441081251,-0.52275831018494,NaN,NaN,0.0934801989468958,NaN,-1.78949406249186,0.0661480485941454
431.104,-1.92001972170531,1.09839406707883,-1.10359822127858,-1.00798973298477,-1.3048997328152,-1.30489973281296,NaN,-0.329348316499159,-0.158644040818928,0.200030353465084,-1.56393021061877,0.200030353464945,-0.750900253919299,0.103941189423258,NaN,NaN,NaN,-0.630304687633698,NaN,-0.74131665264153,-0.66622330737963,NaN,1.0321922793838,NaN,NaN,-0.0188991390772023,NaN,NaN,0.191327281853777,-0.305300967080537,-0.254154257090317,0.693163038352115,NaN,NaN,0.979360203221862,0.90837317470247,0.422769828461351,-1.23070687112348,-1.23070687112201,-2.23898083450018,1.90192827524664,NaN,NaN,0.937205821948697,-0.531791281053696,NaN,NaN,0.123727514624677,NaN,-1.77924304216861,0.0807783607280943
431.2064,-1.91625700863936,1.08753733059073,-1.10933972094826,-1.03087771959711,-1.32726769835228,-1.32726769835005,NaN,-0.350228472891911,-0.171439740385395,0.188390538672065,-1.58596100406991,0.188390538671936,-0.749535994328807,0.113557062409851,NaN,NaN,NaN,-0.655856328143168,NaN,-0.749065071676287,-0.671088408616505,NaN,1.03582756582239,NaN,NaN,-0.03020740632136,NaN,NaN,0.183462170259397,-0.314573287457022,-0.246893200168001,0.687640539959988,NaN,NaN,0.974535972651284,0.90734784304228,0.410392251618876,-1.22317713764732,-1.22317713764586,-2.24263433328809,1.90359207356623,NaN,NaN,0.923460340593294,-0.540847132560261,NaN,NaN,0.153163352556642,NaN,-1.76856395522146,0.0957010309592734
431.3088,-1.9111434121338,1.07656049228756,-1.11371203433214,-1.05222032430732,-1.34835042454918,-1.34835042454697,NaN,-0.370887707601344,-0.184218354736154,0.177568572784478,-1.60673489424511,0.177568572784358,-0.747531933283615,0.122723236474592,NaN,NaN,NaN,-0.680985043754014,NaN,-0.756048838602901,-0.675708591490253,NaN,1.0395029361639,NaN,NaN,-0.0397185386634458,NaN,NaN,0.177056739523394,-0.323301041088239,-0.2397703004943,0.682735823527064,NaN,NaN,0.969766935808629,0.906675532190289,0.397993992310503,-1.21564699265469,-1.21564699265324,-2.2460433792273,1.90532366587011,NaN,NaN,0.910904398123892,-0.549903488406826,NaN,NaN,0.181832996453128,NaN,-1.75744285518682,0.110956116525971
431.4112,-1.90460918604229,1.06538518245445,-1.11671000667792,-1.07203901241923,-1.36815004853466,-1.36815004853247,NaN,-0.391362234033354,-0.197009366573483,0.167579696776512,-1.62624397544006,0.167579696776401,-0.74490947112934,0.131456358443138,NaN,NaN,NaN,-0.705687453061194,NaN,-0.762232837226594,-0.680061026331092,NaN,1.04321604526264,NaN,NaN,-0.0474421792185731,NaN,NaN,0.172168096258985,-0.331434688702301,-0.232766135622476,0.678424373359395,NaN,NaN,0.965041660738069,0.906331404785966,0.385539023337889,-1.208139859922,-1.20813985992055,-2.24920810033286,1.90713824573669,NaN,NaN,0.899523348516093,-0.558939171354061,NaN,NaN,0.209782678478225,NaN,-1.74586508590359,0.126582723479255
431.5136,-1.89658883905447,1.05393340474114,-1.11833280018173,-1.0903580912452,-1.38667230098236,-1.38667230098019,NaN,-0.411687167144084,-0.209842209623788,0.158438177383245,-1.64448340386794,0.158438177383145,-0.741688069885277,0.139771488079438,NaN,NaN,NaN,-0.729961360298635,NaN,-0.767584042234208,-0.684123374618399,NaN,1.04696376143343,NaN,NaN,-0.0533908364353455,NaN,NaN,0.168847646938984,-0.338928061245735,-0.225860322182295,0.67468043165379,NaN,NaN,0.960349960191486,0.906290246963305,0.372989777349918,-1.20067933486159,-1.20067933486014,-2.25212874478708,1.90904977660164,NaN,NaN,0.889298617594678,-0.567934350192412,NaN,NaN,0.237059120122686,NaN,-1.73381548225236,0.142618563387754
431.616,-1.88702151027023,1.04212798764487,-1.11858389498259,-1.10720444185479,-1.40392637557776,-1.4039263755756,NaN,-0.431896345120245,-0.222746115203621,0.150157176733955,-1.66145126326681,0.150157176733862,-0.737885190894645,0.147681851833139,NaN,NaN,NaN,-0.753805640274057,NaN,-0.772071603953756,-0.687873934779101,NaN,1.05074209770684,NaN,NaN,-0.0575797843980346,NaN,NaN,0.167141005996082,-0.34573837293878,-0.21903169448255,0.671477196856964,NaN,NaN,0.955682990034783,0.906526613056536,0.360307301243425,-1.19328911437967,-1.19328911437822,-2.25480570749392,1.91107090632209,NaN,NaN,0.880207843387699,-0.576870671287613,NaN,NaN,0.263709094785205,NaN,-1.72127852665114,0.159099542353257
431.7184,-1.87585132155567,1.02989303344276,-1.11747106706551,-1.12260725595696,-1.41992475201261,-1.41992475201048,NaN,-0.452022168788101,-0.235749935373888,0.142748651031747,-1.67714840510867,0.142748651031661,-0.733516261639359,0.155198647390112,NaN,NaN,NaN,-0.777220088904848,NaN,-0.775666865510876,-0.691291749769873,NaN,1.05454615196909,NaN,NaN,-0.0600269497694065,NaN,NaN,0.167087937748476,-0.351826192013715,-0.212258502240824,0.66878703170866,NaN,NaN,0.951033324548974,0.907014962867116,0.347451434306108,-1.18599294685371,-1.18599294685227,-2.25723955374592,1.91321289551407,NaN,NaN,0.872225041986154,-0.585731386626399,NaN,NaN,0.289779008050093,NaN,-1.70823846197322,0.176059385522376
431.8208,-1.86302772230866,1.01715437304129,-1.11500635248527,-1.13659778022777,-1.43468299105843,-1.43468299105632,NaN,-0.47209546048716,-0.24888195041265,0.136223264051354,-1.69157826950547,0.136223264051276,-0.728594684361337,0.16233091584304,NaN,NaN,NaN,-0.800205259751598,NaN,-0.778343326578472,-0.694356701252222,NaN,1.05837006612378,NaN,NaN,-0.0607527857010466,NaN,NaN,0.168722332380548,-0.357155381835086,-0.205518630914012,0.666581678928761,NaN,NaN,0.946395007877732,0.907729783128089,0.334381002264486,-1.17881458487769,-1.17881458487625,-2.25943104913472,1.91548556106161,NaN,NaN,0.865320796973502,-0.594501485668284,NaN,NaN,0.31531449041489,NaN,-1.69467936530241,0.19352928636198
431.9232,-1.84850583340193,1.00384003528301,-1.11120599756158,-1.14920906743925,-1.44821951966197,-1.44821951965988,NaN,-0.492145334233749,-0.262169668396714,0.130590298465141,-1.7047467090658,0.13059029846507,-0.723131883506353,0.16908546373527,NaN,NaN,NaN,-0.822762304267401,NaN,-0.780076581056479,-0.69704960596796,NaN,1.06220701181615,NaN,NaN,-0.0597801415593835,NaN,NaN,0.172072209164406,-0.36169303119427,-0.19878983630796,0.66483247439852,NaN,NaN,0.94176358740212,0.908645691739119,0.321054019603185,-1.17177772785282,-1.17177772785139,-2.26138119712296,1.91789723229249,NaN,NaN,0.859462465597596,-0.603167825340788,NaN,NaN,0.340360003941976,NaN,-1.68058521042048,0.211537570981063
432.0256,-1.83224678007351,0.989880729864029,-1.10609038461957,-1.16047573745211,-1.46055540294784,-1.46055540294578,NaN,-0.512199064970189,-0.275639616379168,0.125857557589303,-1.71666184126727,0.12585755758924,-0.717137380802151,0.17546680215035,NaN,NaN,NaN,-0.844892821345434,NaN,-0.780844259367188,-0.699352309326045,NaN,1.06604919610218,NaN,NaN,-0.0571341461656706,NaN,NaN,0.177159737356338,-0.36540938932093,-0.19204997918476,0.663510548149442,NaN,NaN,0.937136136152688,0.909737533745291,0.307427897095886,-1.16490595223955,-1.16490595223812,-2.26309127661873,1.92045471472403,NaN,NaN,0.854614393721283,-0.611719240208964,NaN,NaN,0.364958470446191,NaN,-1.66593996663748,0.230109372881906
432.128,-1.81421799063565,0.975210327430017,-1.09968392288823,-1.17043375843153,-1.47171407884154,-1.4717140788395,NaN,-0.53228195244178,-0.289317113368453,0.122031265477301,-1.72733393865609,0.122031265477247,-0.710618898711478,0.181477094927395,NaN,NaN,NaN,-0.866598708065993,NaN,-0.780625995327036,-0.701247757735245,NaN,1.06988787495496,NaN,NaN,-0.0528421186904794,NaN,NaN,0.184001270547449,-0.36827780835372,-0.185277252434509,0.662587014452191,NaN,NaN,0.93251126592153,0.910980483690867,0.293459657303844,-1.15822263679735,-1.15822263679592,-2.26456286673822,1.9231632565055,NaN,NaN,0.850738132770085,-0.620146612633931,NaN,NaN,0.389150930399577,NaN,-1.65072775679637,0.249266320332767
432.2304,-1.79439343595793,0.959766307988165,-1.09201490336111,-1.17912026089549,-1.48172103395999,-1.48172103395796,NaN,-0.552417182409328,-0.303226013052697,0.119115982523612,-1.73677534088046,0.119115982523567,-0.70358250968381,0.187116145927992,NaN,NaN,NaN,-0.88788199683476,NaN,-0.779403420958969,-0.702720032673599,NaN,1.07371336570173,NaN,NaN,-0.0469335046663337,NaN,NaN,0.192607397362225,-0.370274681066349,-0.178450401974528,0.662033162038113,NaN,NaN,0.927889126617318,0.912350167202932,0.279106165398306,-1.15175089652172,-1.15175089652031,-2.26579784618834,1.92602651464939,NaN,NaN,0.847792655067999,-0.628442890529965,NaN,NaN,0.412976239418673,NaN,-1.63493306064694,0.269026247011267
432.3328,-1.7727537987165,0.943490154180244,-1.08311532687273,-1.18657338819241,-1.4906034236173,-1.49060342361529,NaN,-0.57262568682681,-0.317388414048103,0.117114547327818,-1.74500035995163,0.117114547327781,-0.696032850928302,0.19238146821341,NaN,NaN,NaN,-0.908744671597296,NaN,-0.777160183335421,-0.703754345253786,NaN,1.07751505179975,NaN,NaN,-0.0394398227690902,NaN,NaN,0.202983012524353,-0.371379358223111,-0.171548946105507,0.661820656789061,NaN,NaN,0.923271388238066,0.913822807112885,0.264324382542163,-1.14551353925863,-1.14551353925723,-2.26679836123292,1.92904652064416,NaN,NaN,0.84573456921031,-0.636603052412082,NaN,NaN,0.436470802030794,NaN,-1.6185409513462,0.289402929145191
432.4352,-1.74928658462074,0.926327687501527,-1.07302072049256,-1.19283217424081,-1.49838965840244,-1.49838965840045,NaN,-0.592925999515927,-0.331824349629737,0.11602803981439,-1.75202516155427,0.116028039814358,-0.687973401061338,0.197268447994277,NaN,NaN,NaN,-0.929188472981869,NaN,-0.773881973096288,-0.704337009635668,NaN,1.08128137954277,NaN,NaN,-0.0303946120337522,NaN,NaN,0.215127406325854,-0.371574042557247,-0.164553399364677,0.661921762124942,NaN,NaN,0.918661207378154,0.915375388074915,0.249071642168114,-1.13953304879179,-1.13953304879039,-2.26756676888703,1.93222364855917,NaN,NaN,0.844518341573542,-0.644624032352862,NaN,NaN,0.459668332381116,NaN,-1.60153737373131,0.310405829510564
432.5376,-1.72398619842755,0.908229360804104,-1.06176995508469,-1.19793643624725,-1.50510898456189,-1.50510898455992,NaN,-0.613334102178452,-0.346551474086142,0.115855752418269,-1.75786762753495,0.115855752418243,-0.679406779096149,0.201770564194018,NaN,NaN,NaN,-0.949214712865305,NaN,-0.769556552430548,-0.704455421817375,NaN,1.0849998536824,NaN,NaN,-0.0198333792890814,NaN,NaN,0.229034361456928,-0.370843672762341,-0.157445502802665,0.662309568985376,NaN,NaN,0.914063182481882,0.916985824887654,0.233305940427697,-1.13383158341704,-1.13383158341565,-2.26810557225592,1.93555659099465,NaN,NaN,0.844096529911982,-0.652504624427605,NaN,NaN,0.482599630518903,NaN,-1.58390947413132,0.332039825028399
432.64,-1.69685399791831,0.889150518638274,-1.04940506795849,-1.20192667297961,-1.51079108269073,-1.51079108268877,NaN,-0.63386326285665,-0.361584759708606,0.116595159107822,-1.76254721722242,0.116595159107802,-0.670335013268588,0.205879599124863,NaN,NaN,NaN,-0.968824116708879,NaN,-0.764173774447525,-0.704098068445081,NaN,1.08865703822735,NaN,NaN,-0.00779355003764423,NaN,NaN,0.244692240205235,-0.369175814500586,-0.150208450650907,0.662958214980672,NaN,NaN,0.909483300195295,0.918633118671831,0.216986228820391,-1.12843097306741,-1.12843097306602,-2.26841736304342,1.93904234577387,NaN,NaN,0.844420028925499,-0.660245382454935,NaN,NaN,0.505292374114742,NaN,-1.56564597023944,0.354304926111476
432.7424,-1.66789832673043,0.869051630938882,-1.03597108658569,-1.20484395690493,-1.51546570339004,-1.5154657033881,NaN,-0.65452388081932,-0.37693621612076,0.118241877147937,-1.76608484220888,0.118241877147922,-0.660759747293127,0.209585795277609,NaN,NaN,NaN,-0.988016702537952,NaN,-0.757725593431094,-0.703254582255498,NaN,1.09223856570059,NaN,NaN,0.00568557789812542,NaN,NaN,0.262084048192583,-0.366560565130392,-0.142827093680259,0.663843070705502,NaN,NaN,0.904928873267907,0.920297489620531,0.200072701375577,-1.12335270449351,-1.12335270449213,-2.26850477440257,1.9426762107131,NaN,NaN,0.845438318622415,-0.667848521826661,NaN,NaN,0.527770933408669,NaN,-1.54673752542675,0.377196029595525
432.8448,-1.63713452183532,0.847898503398507,-1.021515845744,-1.20672980825248,-1.51916235005537,-1.51916235005344,NaN,-0.67532335285939,-0.392614639428163,0.120789624007723,-1.76850275827031,0.120789624007711,-0.650682383415256,0.212877953653218,NaN,NaN,NaN,-1.00679169117904,NaN,-0.750206072383372,-0.701915839342221,NaN,1.09572915937088,NaN,NaN,0.02056288315045,NaN,NaN,0.281187473427574,-0.362990468941191,-0.135288101268722,0.664940881560744,NaN,NaN,0.9004084687664,0.921960483997715,0.182527075784091,-1.11861789449721,-1.11861789449583,-2.26837043462568,1.94645177963602,NaN,NaN,0.847099700566707,-0.675317819961589,NaN,NaN,0.550056216433482,NaN,-1.52717708762296,0.400702751162967
432.9472,-1.60458488712665,0.82566246541998,-1.00608978793588,-1.2076260510005,-1.52191000284893,-1.52191000284701,NaN,-0.696265960235594,-0.40862538584011,0.124230184719523,-1.76982446951252,0.124230184719513,-0.640104186810827,0.215743504376552,NaN,NaN,NaN,-1.02514742888171,NaN,-0.741611397164469,-0.700074068825963,NaN,1.09911267217165,NaN,NaN,0.0367954770183339,NaN,NaN,0.301974914461893,-0.358460437751423,-0.127580074432639,0.666229867557743,NaN,NaN,0.895931824183188,0.923605064950582,0.164312873317061,-1.11424725895312,-1.11424725895174,-2.26801690543319,1.95036093255655,NaN,NaN,0.849351509403485,-0.682658501060388,NaN,NaN,0.572165552764346,NaN,-1.50696017266192,0.424809363634718
433.0496,-1.57027862375253,0.802320534909144,-0.989745737504238,-1.20757466410482,-1.52373685647495,-1.52373685647305,NaN,-0.717352762685013,-0.424970152886696,0.128553411321995,-1.77007464046027,0.128553411321987,-0.629026379680709,0.218168586361178,NaN,NaN,NaN,-1.04308130250776,NaN,-0.731939897920313,-0.69772294403243,NaN,1.10237214022151,NaN,NaN,0.0543387666207872,NaN,NaN,0.324413517319078,-0.352967673356391,-0.119693613710158,0.667689791782333,NaN,NaN,0.891509751425621,0.925215701892445,0.145395704561704,-1.1102610883005,-1.11026108829912,-2.26744659301387,1.95439381743667,NaN,NaN,0.852140297137697,-0.689877088131752,NaN,NaN,0.594112625549668,NaN,-1.48608508744547,0.449494842405005
433.152,-1.53425171857074,0.777855561393115,-0.972538648605382,-1.20661764309011,-1.52467003826332,-1.52467003826144,NaN,-0.738581493777623,-0.441646754959535,0.133747263571834,-1.76927901759402,0.133747263571829,-0.617450236754954,0.220138147916776,NaN,NaN,NaN,-1.06058964298519,NaN,-0.721192059834673,-0.694857649590992,NaN,1.10548984468082,NaN,NaN,0.0731465186038001,NaN,NaN,0.348465234322067,-0.346511590123097,-0.111621356179559,0.669302008316568,NaN,NaN,0.887154033714393,0.926778464358432,0.125743565072159,-1.10667923506237,-1.10667923506099,-2.26666163608837,1.95853882890838,NaN,NaN,0.855412000310562,-0.696981218389572,NaN,NaN,0.615907452384129,NaN,-1.46455308880432,0.474732996264077
433.2544,-1.49654680764487,0.752256352169446,-0.954525341279227,-1.20479687932415,-1.52473529314922,-1.52473529314736,NaN,-0.759946465585559,-0.458648895508811,0.139797876821832,-1.76746436212256,0.139797876821828,-0.605377181638833,0.221636061785626,NaN,NaN,NaN,-1.07766763331311,NaN,-0.709370496126993,-0.691474944683229,NaN,1.10844737601974,NaN,NaN,0.0931709168707109,NaN,NaN,0.374086909918313,-0.339093737432824,-0.103358004057235,0.67104949963415,NaN,NaN,0.882877323712912,0.928281110900711,0.105327137419044,-1.10352110663373,-1.10352110663235,-2.26566379153425,1.96278259546738,NaN,NaN,0.859112107037871,-0.703979437603327,NaN,NaN,0.637556401002513,NaN,-1.44236848562186,0.500492643987419
433.3568,-1.45721303717991,0.725517787251534,-0.935764244891642,-1.20215405331231,-1.5239566539311,-1.52395665392926,NaN,-0.781438490654746,-0.475965952505501,0.146689629146512,-1.76465839003566,0.146689629146508,-0.592808881794237,0.222645251843073,NaN,NaN,NaN,-1.09430924498316,NaN,-0.696479868411306,-0.687573243475695,NaN,1.11122569453913,NaN,NaN,0.114362612169591,NaN,NaN,0.401230395009234,-0.330717723444422,-0.09490036590669,0.672916914137294,NaN,NaN,0.878693049591337,0.929713156407021,0.0841200893479842,-1.10080564838101,-1.10080564837962,-2.26445434014743,1.96710998544568,NaN,NaN,0.863185837434873,-0.710880997219617,NaN,NaN,0.659062221851182,NaN,-1.41953871077509,0.526737791024448
433.4592,-1.41630593518763,0.697640926570745,-0.916315160349903,-1.19873053117164,-1.52235613676877,-1.52235613676695,NaN,-0.803044823517337,-0.493582798202221,0.15440518662757,-1.76088971268833,0.154405186627566,-0.579747336189081,0.223147832020223,NaN,NaN,NaN,-1.11050721671881,NaN,-0.682526762256786,-0.683152716088966,NaN,1.1138051779348,NaN,NaN,0.13667076457491,NaN,NaN,0.429842687210341,-0.321389146999663,-0.0862474155019715,0.674890609922944,NaN,NaN,0.87461532888086,0.931065908329151,0.0620993569771175,-1.09855130600709,-1.09855130600571,-2.26303402255426,1.97150413401068,NaN,NaN,0.867578340720879,-0.717695669222143,NaN,NaN,0.680424090233011,NaN,-1.39607438677374,0.553427774773968
433.5616,-1.37388729123137,0.668633108628233,-0.896239038923832,-1.19456725590917,-1.51995349658129,-1.51995349657949,NaN,-0.824749123031171,-0.511479668117343,0.162925525758738,-1.75618777732224,0.162925525758734,-0.566194943257398,0.223125249046529,NaN,NaN,NaN,-1.12625307526421,NaN,-0.667519546217337,-0.678215404128735,NaN,1.11616564830791,NaN,NaN,0.160043079855261,NaN,NaN,0.459866088312788,-0.311115551536199,-0.0774003517631759,0.67695869895533,NaN,NaN,0.870658883406004,0.932332476268632,0.0392454063591286,-1.09677596529931,-1.09677596529794,-2.26140299882673,1.97594648365929,NaN,NaN,0.872234900358785,-0.724433576571598,NaN,NaN,0.701637664283148,NaN,-1.37198938742935,0.580517379802388
433.664,-1.33002502922244,0.638508037707139,-0.875597763851664,-1.18970463470215,-1.51676604765531,-1.51676604765354,NaN,-0.846531435498407,-0.529632081499709,0.172229949285603,-1.75058281709777,0.172229949285599,-0.552154535899902,0.222558411455303,NaN,NaN,NaN,-1.1415371887708,NaN,-0.651468254022264,-0.672765345564108,NaN,1.11828638169778,NaN,NaN,0.184425838738117,NaN,NaN,0.491238366596694,-0.299906413303775,-0.0683626308483724,0.679111075354027,NaN,NaN,0.866838949314128,0.933507768681049,0.0155424721293871,-1.09549687132342,-1.09549687132205,-2.25956081409279,1.98041682518345,NaN,NaN,0.877101130410766,-0.731105023648061,NaN,NaN,0.722695167732028,NaN,-1.3473008775554,0.607956955624177
433.7664,-1.28479305581186,0.607285858117756,-0.854453917015716,-1.18418242998391,-1.51280852936893,-1.51280852936718,NaN,-0.868368198393311,-0.548010804772521,0.182296116811448,-1.74410581871607,0.182296116811444,-0.537629385838429,0.221427800212334,NaN,NaN,NaN,-1.15634883617594,NaN,-0.634384522669754,-0.666808693884761,NaN,1.12014611188093,NaN,NaN,0.209763918727372,NaN,NaN,0.523892917041646,-0.287773161874488,-0.0591399472671533,0.681339414375403,NaN,NaN,0.863171181714535,0.934588491499685,-0.00902122375914702,-1.09473052895612,-1.09473052895475,-2.25750634969264,1.98489332833769,NaN,NaN,0.882123148438378,-0.737720307221567,NaN,NaN,0.743585499742722,NaN,-1.32202930803119,0.635692573805927
433.8688,-1.23827107170686,0.574993213195974,-0.832870518892595,-1.17803965929473,-1.50809299578319,-1.50809299578146,NaN,-0.890232271628497,-0.566581848274383,0.19310010641067,-1.73678849917342,0.193100106410666,-0.522623204480021,0.219713587535966,NaN,NaN,NaN,-1.17067627143254,NaN,-0.616281590065228,-0.660353803289909,NaN,1.12172303881003,NaN,NaN,0.236000814361883,NaN,NaN,0.557758924125381,-0.274729216900769,-0.0497401591574388,0.683637143013381,NaN,NaN,0.859671555251923,0.935573159235928,-0.0344532667561701,-1.09449259118152,-1.09449259118015,-2.25523774485825,1.9893525590097,NaN,NaN,0.887247721214841,-0.74428949438601,NaN,NaN,0.764294370964951,NaN,-1.29619835567499,0.66366623990573
433.9712,-1.19054433911401,0.541663281313957,-0.810910741368692,-1.17131450392597,-1.50262872215587,-1.50262872215416,NaN,-0.912093009055095,-0.585306492072721,0.204616515104692,-1.72866327289095,0.204616515104687,-0.50714016667262,0.217395794887856,NaN,NaN,NaN,-1.18450676753849,NaN,-0.597174322533578,-0.6534112641481,NaN,1.12299484904571,NaN,NaN,0.263078665739859,NaN,NaN,0.592761534967074,-0.260790027316775,-0.0401731674828,0.68599939139589,NaN,NaN,0.856356259453356,0.936462121411124,-0.0607568508184389,-1.09479774874482,-1.09479774874345,-2.25275228671017,1.99376948704644,NaN,NaN,0.892422389760615,-0.750822168166754,NaN,NaN,0.784804464867843,NaN,-1.2698348099968,0.691816155147327
434.0736,-1.14170340764016,0.507335779808587,-0.788637604230502,-1.16404422874456,-1.4964221349392,-1.49642213493752,NaN,-0.933916378871581,-0.604141341724375,0.216818595857868,-1.71976319932722,0.216818595857863,-0.491184954658257,0.214454485728477,NaN,NaN,NaN,-1.19782664358725,NaN,-0.577079234756537,-0.645993907154297,NaN,1.1239387539874,NaN,NaN,0.290938298796125,NaN,NaN,0.628822043161239,-0.245973116263745,-0.0304507628071269,0.688422928819795,NaN,NaN,0.853241586709572,0.937257596993269,-0.0879305847856371,-1.09565963124835,-1.09565963124699,-2.25004628199889,1.99811749236939,NaN,NaN,0.897595583899748,-0.757327158024073,NaN,NaN,0.805095617044662,NaN,-1.24296841540974,0.720077014225751
434.176,-1.09184381104602,0.472056932940331,-0.766113672423297,-1.15626511803788,-1.48947677675597,-1.4894767767543,NaN,-0.955665133980339,-0.623038419446629,0.22967841824268,-1.7101219142575,0.229678418242674,-0.474762805294632,0.210869966436067,NaN,NaN,NaN,-1.21062129677165,NaN,-0.556014488752204,-0.638116817699241,NaN,1.12453154400698,NaN,NaN,0.31951927230909,NaN,NaN,0.66585808397136,-0.230298146495401,-0.0205864517476165,0.690906082956017,NaN,NaN,0.850343813624023,0.937963700675057,-0.115968312736276,-1.09709071361718,-1.09709071361582,-2.24711493166949,2.00236837584335,NaN,NaN,0.90271673364392,-0.763812281048591,NaN,NaN,0.825144995479048,NaN,-1.21563168037367,0.748380325136969
434.2784,-1.04106574565118,0.43587940152102,-0.743400768039669,-1.14801242644423,-1.48179331342924,-1.48179331342759,NaN,-0.977299030989454,-0.641945299542804,0.243167037314147,-1.69977355147395,0.24316703731414,-0.457879553833541,0.206622983920889,NaN,NaN,NaN,-1.22287526507764,NaN,-0.533999881548456,-0.629797395519633,NaN,1.12474964678851,NaN,NaN,0.348759926804067,NaN,NaN,0.703783853341365,-0.213787012384828,-0.0105952712385842,0.693448644080988,NaN,NaN,0.847679079921686,0.938586442516641,-0.144858962177244,-1.09910220846161,-1.09910220846024,-2.24395222509111,2.00649237883891,NaN,NaN,0.907736380344728,-0.770284116950756,NaN,NaN,0.844927262391017,NaN,-1.18785965195688,0.776654744192394
434.3808,-0.989473729892315,0.398862170401373,-0.720559699951764,-1.13932033986287,-1.47336958179816,-1.47336958179653,NaN,-0.998775096487266,-0.660805293262928,0.25725466357493,-1.68875266057896,0.257254663574922,-0.440541671837004,0.201694920445542,NaN,NaN,NaN,-1.23457233122622,NaN,-0.511056826435555,-0.62105546445592,NaN,1.1245691790733,NaN,NaN,0.378597435230454,NaN,NaN,0.742510365986303,-0.196463949118462,-0.00049359278806486,0.696051758198459,NaN,NaN,0.845263268183116,0.939133689475583,-0.174586430485977,-1.10170392774986,-1.1017039277485,-2.24055086249531,2.0104582154164,NaN,NaN,0.912606289937793,-0.776747830482863,NaN,NaN,0.864414708840844,NaN,-1.15968963332575,0.804826429347739
434.4832,-0.937176237223104,0.36107039194639,-0.697650004239062,-1.13022194767838,-1.46420067104966,-1.46420067104806,NaN,-1.02004792924759,-0.67955767655833,0.271910836743492,-1.67709412686002,0.271910836743482,-0.422756292973343,0.196067977292674,NaN,NaN,NaN,-1.24569565530978,NaN,-0.487208322296891,-0.611913402887592,NaN,1.12396599028712,NaN,NaN,0.408967857333177,NaN,NaN,0.781945755489417,-0.178355644002525,0.009701083171934,0.698717808844444,NaN,NaN,0.843111883509361,0.939615090275999,-0.205129512141869,-1.10490411394081,-1.10490411393945,-2.23690220728564,2.01423312225294,NaN,NaN,0.917279570135698,-0.783207042813911,NaN,NaN,0.883577370619034,NaN,-1.13116083378825,0.83281941809642
434.5856,-0.884285292134423,0.322575180826912,-0.674729688468959,-1.120749238229,-1.45427902674454,-1.45427902674295,NaN,-1.04107001116265,-0.69813794190206,0.287104610078443,-1.66483309888952,0.28710461007843,-0.404531221905107,0.189725331680577,NaN,NaN,NaN,-1.25622790851033,NaN,-0.462478913217502,-0.602396248273281,NaN,1.12291570042321,NaN,NaN,0.439806201773862,NaN,NaN,0.821995609118676,-0.159491335127215,0.019970335633466,0.701450286786139,NaN,NaN,0.841239931856029,0.940041974054686,-0.236461864463727,-1.10870925778197,-1.10870925778062,-2.23299626588037,2.01778293211572,NaN,NaN,0.921710790873226,-0.789663743714053,NaN,NaN,0.902383144158619,NaN,-1.10231398155249,0.860556034538663
434.688,-0.830916019972626,0.283453346835749,-0.651854981699061,-1.11093313268385,-1.44359456642243,-1.44359456642086,NaN,-1.06179200275629,-0.716478055231722,0.302804750147986,-1.65200492488971,0.302804750147972,-0.385874922736635,0.182651254568235,NaN,NaN,NaN,-1.26615138490487,NaN,-0.43689464756299,-0.592531741421498,NaN,1.12139373043938,NaN,NaN,0.471046505196509,NaN,NaN,0.862563328769966,-0.139902885131802,0.030295017462361,0.704253652451385,NaN,NaN,0.839661800556508,0.940427230411025,-0.268552012087009,-1.11312392521965,-1.11312392521832,-2.2288216936837,2.02107217741646,NaN,NaN,0.925856108030643,-0.796118236068751,NaN,NaN,0.920797919489774,NaN,-1.07319094098736,0.887957329022656
434.7904,-0.777186152173836,0.243787056807374,-0.629080100072806,-1.10080355868647,-1.43213480867956,-1.43213480867802,NaN,-1.08216302447817,-0.734506718913345,0.318979945917338,-1.63864509219651,0.318979945917321,-0.366796489380583,0.174831190290538,NaN,NaN,NaN,-1.27544809211271,NaN,-0.410483034228595,-0.582350309372201,NaN,1.11937532274786,NaN,NaN,0.50262194206656,NaN,NaN,0.903550511343948,-0.119624824308576,0.0406554186017176,0.707133201281786,NaN,NaN,0.838391149292947,0.940785167669542,-0.301363396091906,-1.11815060834317,-1.11815060834185,-2.22436582931634,2.02406423069963,NaN,NaN,0.929673394027688,-0.802569114545439,NaN,NaN,0.938785741205477,NaN,-1.04383435117536,0.914943543647904
434.8928,-0.723215503804433,0.203663437952131,-0.606457035311534,-1.0903895394847,-1.4198850377351,-1.41988503773357,NaN,-1.1021309422469,-0.752149666646394,0.335599005556202,-1.62478916491702,0.335599005556182,-0.347305618212505,0.166251819034302,NaN,NaN,NaN,-1.28409984308493,NaN,-0.383272979041991,-0.571885006609013,NaN,1.11683555823542,NaN,NaN,0.534464976615994,NaN,NaN,0.944857348316464,-0.0986943600092659,0.0510313892561966,0.710094943122203,NaN,NaN,0.837440820463108,0.941131340863677,-0.3348544739146,-1.12378960415446,-1.12378960415315,-2.21961475915628,2.02672148635875,NaN,NaN,0.933122378145353,-0.809013289934092,NaN,NaN,0.95630900365214,NaN,-1.014287285742,0.941434572793147
434.9952,-0.66912544078286,0.163174148242926,-0.584035361834568,-1.07971926407458,-1.40682851732809,-1.40682851732659,NaN,-1.12164266798375,-0.769330020555281,0.352631019801478,-1.61047272579899,0.352631019801456,-0.327412608382175,0.156901127686292,NaN,NaN,NaN,-1.29208836708112,NaN,-0.355294691069718,-0.561171426218968,NaN,1.11374938206775,NaN,NaN,0.566507553115682,NaN,NaN,0.986383051368514,-0.0771513454772462,0.061402430610064,0.7131454984291,NaN,NaN,0.836822772589971,0.94148234946517,-0.36897886902563,-1.13003891654926,-1.13003891654796,-2.21455340611205,2.02900557660376,NaN,NaN,0.936164789795761,-0.815446062245309,NaN,NaN,0.973328678940299,NaN,-0.984592936156676,0.967350376471477
435.0976,-0.615038338239207,0.122414927731562,-0.561862051499224,-1.06882012450169,-1.39294673045364,-1.39294673045216,NaN,-1.14064447049466,-0.785968722644798,0.370045492405141,-1.59573133629351,0.370045492405116,-0.307128392166783,0.146768496232141,NaN,NaN,NaN,-1.29939543540478,NaN,-0.326579575773826,-0.550247581912573,NaN,1.11009164393664,NaN,NaN,0.598681302958844,NaN,NaN,1.02802630531233,-0.0550382011448031,0.0717477789843524,0.716291999424439,NaN,NaN,0.836548031286663,0.941855617986482,-0.403685563580281,-1.13689417269825,-1.13689417269696,-2.20916562684605,2.03087759995309,NaN,NaN,0.938764486386606,-0.821861223781993,NaN,NaN,0.989804563383796,NaN,-0.954794319827341,0.992611332242939
435.2,-0.561077019600654,0.0814851239064103,-0.539981290822455,-1.0577187338318,-1.37821961002681,-1.37821961002535,NaN,-1.15908228909009,-0.801985036214807,0.387812456613311,-1.58060052312665,0.387812456613286,-0.28646457894537,0.135844793722235,NaN,NaN,NaN,-1.30600298478716,NaN,-0.297160145751859,-0.539153764948334,NaN,1.10583715197903,NaN,NaN,0.630917747944956,NaN,NaN,1.06968573575396,-0.0323997893027979,0.0820465101253009,0.719541980765438,NaN,NaN,0.836626647088134,0.942269174909816,-0.438919129820885,-1.14434854818673,-1.14434854818546,-2.20343430418865,2.03229834276939,NaN,NaN,0.940887549082637,-0.828251166329266,NaN,NaN,1.00569552401682,NaN,-0.924934003792151,1.01713855292993
435.3024,-0.507364167283042,0.0404871777571048,-0.518434302813384,-1.04644094461785,-1.3626257558893,-1.36262575588787,NaN,-1.17690204957969,-0.817297113839169,0.405902592896282,-1.56511578660922,0.405902592896255,-0.265433505392054,0.124122483239822,NaN,NaN,NaN,-1.31189322759394,NaN,-0.267069963000971,-0.52793237767231,NaN,1.1009607397648,NaN,NaN,0.663148496991691,NaN,NaN,1.11126037785405,-0.00928325241236719,0.0922776694197701,0.722903256603527,NaN,NaN,0.837067652798227,0.942741436129509,-0.474620002551014,-1.15239270088005,-1.15239270087879,-2.19734143213088,2.03322849291568,NaN,NaN,0.94250234306681,-0.834606980500755,NaN,NaN,1.02095974373672,NaN,-0.895053823972091,1.04085420721223
435.4048,-0.454021697968855,-0.000473939663615283,-0.497259175006732,-1.03501187991744,-1.3461426580299,-1.34614265802849,NaN,-1.19404998355684,-0.831822635745709,0.424287350460757,-1.54931261770987,0.424287350460729,-0.244048299948976,0.111595740584196,NaN,NaN,NaN,-1.31704874925856,NaN,-0.236343606197192,-0.516627728706472,NaN,1.09543734195673,NaN,NaN,0.695305446515155,NaN,NaN,1.15265014660573,0.0142621704273745,0.102420415413844,0.726383791738102,NaN,NaN,0.837879019452417,0.943290989749272,-0.510724798745078,-1.16101471265869,-1.16101471265743,-2.19086819419443,2.03362885572364,NaN,NaN,0.943579548427955,-0.840918548216749,NaN,NaN,1.03555498387864,NaN,-0.865194578717363,1.06368186294455
435.5072,-0.401170096228162,-0.0412913505803997,-0.47649069630877,-1.02345598242536,-1.32874694319356,-1.32874694319217,NaN,-1.21047294247589,-0.845479518969871,0.442939071368885,-1.53322651205374,0.442939071368858,-0.222322969458016,0.0982605872762062,NaN,NaN,NaN,-1.3214525987664,NaN,-0.205016653843806,-0.505285765876645,NaN,1.08924206872826,NaN,NaN,0.72732099641389,NaN,NaN,1.19375631954828,0.0381853368448514,0.112454160084671,0.72999157565281,NaN,NaN,0.839067611368316,0.943936376621103,-0.547166688041179,-1.17020003896346,-1.1702000389622,-2.18399503627576,2.033460581689,NaN,NaN,0.944092171429818,-0.847174634739047,NaN,NaN,1.04943888300423,NaN,-0.83539568930662,1.08554686107604
435.6096,-0.348927711521486,-0.0818569594062872,-0.456160213317122,-1.01179707921522,-1.31041465099856,-1.3104146509972,NaN,-1.22611869414101,-0.858186687165704,0.461831116243409,-1.51689297516726,0.461831116243381,-0.200272506359106,0.0841150333445481,NaN,NaN,NaN,-1.32508838123984,NaN,-0.173125677080035,-0.493953740917782,NaN,1.08235027487451,NaN,NaN,0.759128290707205,NaN,NaN,1.23448203859815,0.062433398369801,0.122358689472456,0.7337345077139,NaN,NaN,0.840639137517003,0.944695862859756,-0.583875809233879,-1.17993147474605,-1.1799314747448,-2.17670174293503,2.0326854146762,NaN,NaN,0.944015548749987,-0.853362995567558,NaN,NaN,1.06256929234329,NaN,-0.805694845072248,1.10637672487514
435.712,-0.297410041132888,-0.122062194833289,-0.436295519536475,-1.00005845080543,-1.29112153322398,-1.29112153322265,NaN,-1.24093620082179,-0.869864880569341,0.480937986859024,-1.50034751825062,0.480937986858994,-0.177913008776337,0.0691592225750611,NaN,NaN,NaN,-1.32794036273284,NaN,-0.140708233497207,-0.482679829697664,NaN,1.07473763247204,NaN,NaN,0.790661485050177,NaN,NaN,1.27473282266922,0.0869519985163103,0.132114250143966,0.737620300465951,NaN,NaN,0.842598095730555,0.945587204432151,-0.620779715952845,-1.19018914648232,-1.19018914648108,-2.16896753357726,2.03126596880825,NaN,NaN,0.943327357412755,-0.859470518103479,NaN,NaN,1.07490463140215,NaN,-0.776127668989665,1.12610160161847
435.8144,-0.246729030336039,-0.161798771714014,-0.416920781424281,-0.988262892751748,-1.27084335721449,-1.27084335721318,NaN,-1.25487588995757,-0.880437474723916,0.500235438028873,-1.48362564563849,0.500235438028843,-0.155261804291101,0.0533955722263687,NaN,NaN,NaN,-1.32999358736486,NaN,-0.1078028539715,-0.471512741077698,NaN,1.0663802190287,NaN,NaN,0.821856030221664,NaN,NaN,1.31441706691293,0.111685465396808,0.141701598174901,0.74165639962722,NaN,NaN,0.844947708624706,0.946627410076982,-0.657803823014621,-1.20095052634778,-1.20095052634654,-2.16077118798097,2.0291660335913,NaN,NaN,0.942007636404336,-0.865483400263748,NaN,NaN,1.0864042463615,NaN,-0.746727431317908,1.14465471902239
435.9168,-0.196992416864164,-0.200959434474424,-0.398056496145952,-0.976432764623069,-1.24955619274522,-1.24955619274394,NaN,-1.26788992418219,-0.889831273437643,0.519700569372998,-1.46676283684386,0.519700569372966,-0.132337565906713,0.0368289013489111,NaN,NaN,NaN,-1.33123399325794,NaN,-0.0744490217493801,-0.460501331312368,NaN,1.05725462322455,NaN,NaN,0.852648947046805,NaN,NaN,1.35344650037815,0.136576990556245,0.151102024528134,0.745849909461306,NaN,NaN,0.847689848983987,0.947832510482477,-0.694871823315459,-1.21219045167922,-1.21219045167798,-2.15209119126763,2.02635089116604,NaN,NaN,0.940038811810255,-0.871387342227546,NaN,NaN,1.0970287640848,NaN,-0.717524814359942,1.16197282901637
436.0192,-0.148303135348469,-0.239438660635279,-0.379719478727401,-0.964590030902571,-1.2272366728577,-1.22723667285644,NaN,-1.27993245880811,-0.897977250104659,0.539311885085499,-1.4497945290237,0.539311885085466,-0.109160404184947,0.0194665424298251,NaN,NaN,NaN,-1.33164851546696,NaN,-0.0406871470223922,-0.449694220080862,NaN,1.04733806106727,NaN,NaN,0.882979067085945,NaN,NaN,1.39173658565869,0.161568795733947,0.160297378434498,0.750207512357971,NaN,NaN,0.85082494936048,0.949217334671925,-0.731906064231319,-1.22388113233526,-1.22388113233401,-2.1429058753618,2.0227876215286,NaN,NaN,0.937405705966999,-0.877167725821809,NaN,NaN,1.10674043969089,NaN,-0.688547723051947,1.17799662225075
436.1216,-0.100758789829231,-0.277133319764123,-0.361922883225022,-0.952756307644316,-1.20386223332977,-1.20386223332854,NaN,-1.29095985950272,-0.904811221693148,0.559049312157072,-1.43275610618503,0.559049312157037,-0.0857519179977053,0.00131842880247489,NaN,NaN,NaN,-1.33122517778541,NaN,-0.00655853820270763,-0.439139395150132,NaN,1.03660849593205,NaN,NaN,0.91278722870986,NaN,NaN,1.42920685843312,0.186602300241295,0.169270100241639,0.75473538156829,NaN,NaN,0.854351894199919,0.95079528866276,-0.768827898573426,-1.23599213914338,-1.23599213914214,-2.13319354147752,2.01844538347743,NaN,NaN,0.934095517219591,-0.882809778121672,NaN,NaN,1.11550349103679,NaN,-0.659821145353266,1.19267111589122
436.224,-0.0544512011885786,-0.313943283252538,-0.34467626122582,-0.94095292929302,-1.17941134368441,-1.17941134368321,NaN,-1.30093086672041,-0.910274450472449,0.578894176558681,-1.4156828979672,0.578894176558646,-0.0621351922473993,-0.0176028480841924,NaN,NaN,NaN,-1.32995318232663,NaN,0.0278946308773673,-0.428883800417162,NaN,1.02504476154869,NaN,NaN,0.942016435567623,NaN,NaN,1.46578120869144,0.211618293873058,0.178003259003947,0.759439093727153,NaN,NaN,0.858267899735669,0.952578133283438,-0.805558029070339,-1.24849038096802,-1.24849038096677,-2.12293256773549,2.013295679292,NaN,NaN,0.930097776162195,-0.888298733604748,NaN,NaN,1.12328440654319,NaN,-0.631367066859134,1.20594601960689
436.3264,-0.00946603009481498,-0.349771979818755,-0.327985653691968,-0.929201040460411,-1.15386373651626,-1.15386373651508,NaN,-1.30980673193251,-0.914314184189132,0.598829148659375,-1.39861018690362,0.598829148659339,-0.0383347419124378,-0.0372820113692857,NaN,NaN,NaN,-1.32782300333128,NaN,0.0626293594093825,-0.418972919814508,NaN,1.01262669096257,NaN,NaN,0.970611989250456,NaN,NaN,1.50138810379862,0.236557102257509,0.186480584985025,0.764323545610154,NaN,NaN,0.862568387255278,0.95457576262942,-0.842016846604358,-1.26134008654201,-1.26134008654076,-2.11210151860283,2.00731261838624,NaN,NaN,0.925404296791424,-0.893620010069483,NaN,NaN,1.13005221135183,NaN,-0.603204433988728,1.21777607491602
436.4288,0.0341175365403668,-0.384526902989349,-0.311853708698817,-0.917521705625848,-1.12720062562337,-1.12720062562222,NaN,-1.3175513676791,-0.916884154549098,0.618838177093149,-1.38157322119841,0.618838177093111,-0.0143764102487761,-0.0577010986939223,NaN,NaN,NaN,-1.32482648921835,NaN,0.0976018663441716,-0.409450379543486,NaN,0.99933525700356,NaN,NaN,0.998521603437762,NaN,NaN,1.53596075808912,0.26135873049742,0.194686491579405,0.769392874123292,NaN,NaN,0.867246851311627,0.956795986699819,-0.878124752312367,-1.27450280293424,-1.27450280293299,-2.10067927288401,2.00047318892558,NaN,NaN,0.920009139302269,-0.898759405561277,NaN,NaN,1.13577868471819,NaN,-0.575349158162746,1.22812136460195
436.5312,0.0762270530578798,-0.418120084287132,-0.296279818419085,-0.905936021880983,-1.09940489717028,-1.09940489716915,NaN,-1.32413152905586,-0.91794504519005,0.63890642670485,-1.36460723021889,0.638906426704811,0.00971277071261799,-0.0788394901647947,NaN,NaN,NaN,-1.32095697511948,NaN,0.132767647303921,-0.400357585094033,NaN,0.985152728525977,NaN,NaN,1.0256955031648,NaN,NaN,1.56943726257211,0.285962988228627,0.202606083534382,0.774650377394027,NaN,NaN,0.872294725066606,0.959244321698724,-0.913802464005353,-1.28793740902514,-1.28793740902389,-2.08864518112476,1.99275753836728,NaN,NaN,0.913908593215661,-0.903703313901164,NaN,NaN,1.14043853302371,NaN,-0.547814159903609,1.23694760135718
436.6336,0.116797047056884,-0.45046853566968,-0.28126026702014,-0.894465217515884,-1.07046126972289,-1.07046126972179,NaN,-1.32951701123775,-0.917464920942795,0.659020226258607,-1.3477474397213,0.659020226258568,0.0339047516255393,-0.100673967643755,NaN,NaN,NaN,-1.3162094000725,NaN,0.168081541241242,-0.39173339877968,NaN,0.970062839825948,NaN,NaN,1.05208651090696,NaN,NaN,1.60176068991838,0.310309609269822,0.210225148811922,0.78009843631309,NaN,NaN,0.877701249996871,0.961923795135762,-0.948971315014691,-1.30160013570918,-1.30160013570793,-2.07597925605014,1.98414925622848,NaN,NaN,0.907101181794987,-0.908438943207535,NaN,NaN,1.14400952973628,NaN,-0.520609452858239,1.24422640414804
436.736,0.155769216289541,-0.481494646842967,-0.266788376004761,-0.883130720641316,-1.04035643579764,-1.04035643579656,NaN,-1.3336808332889,-0.91541959449591,0.679167029675791,-1.33102908117207,0.679167029675751,0.058170659375907,-0.123178801726441,NaN,NaN,NaN,-1.31058041178271,NaN,0.203497806750023,-0.383613860973833,NaN,0.954050966638664,NaN,NaN,1.07765011850592,NaN,NaN,1.6328791807477,0.334338370656924,0.2175301347643,0.785738436359609,NaN,NaN,0.883453359080259,0.964834780426858,-0.983553546198347,-1.31544459271992,-1.31544459271868,-2.06266239273934,1.9746356444933,NaN,NaN,0.899587683574341,-0.912954506247396,NaN,NaN,1.14647263621845,NaN,-0.493742261396393,1.24993555141865
436.8384,0.193092586422766,-0.511126516323454,-0.252854632211656,-0.871954187192742,-1.00907920702114,-1.00907920702009,NaN,-1.33659938154008,-0.911792905473151,0.699335396925703,-1.31448738784145,0.699335396925663,0.0824809985246895,-0.146325852824554,NaN,NaN,NaN,-1.30406844100731,NaN,0.238970208544302,-0.376031958703282,NaN,0.937104305310243,NaN,NaN,1.1023445432532,NaN,NaN,1.66274600614003,0.357989204548735,0.224508113261144,0.79157068898474,NaN,NaN,0.889535578852115,0.967974875118294,-1.01747258358136,-1.32942180954435,-1.32942180954311,-2.04867661027827,1.96420795878726,NaN,NaN,0.891371165079897,-0.917239349267934,NaN,NaN,1.14781211478651,NaN,-0.467217160299181,1.25405918736551
436.9408,0.228723625243521,-0.539298204295321,-0.239446792461487,-0.860957488058486,-0.976620684065243,-0.976620684064214,NaN,-1.33825250046479,-0.906576902335882,0.719514992550454,-1.2981575723069,0.719514992550416,0.106805854168222,-0.170084674651198,NaN,NaN,NaN,-1.29667373993407,NaN,0.27445211024368,-0.369017438626119,NaN,0.919212052106813,NaN,NaN,1.12613076892095,NaN,NaN,1.69131959986376,0.381202295597444,0.231146739570949,0.797594351869078,NaN,NaN,0.895929950835559,0.971338823569082,-1.05065329346857,-1.34348029191885,-1.34348029191763,-2.03400530263387,1.95286160855192,NaN,NaN,0.882457017681306,-0.921284006025663,NaN,NaN,1.14801563760164,NaN,-0.44103622359925,1.25658796738106
437.0432,0.262626307347114,-0.56594990846358,-0.226549972461266,-0.850162664092207,-0.942974465017479,-0.942974465016476,NaN,-1.33862353506786,-0.899771935069252,0.73969658719131,-1.2820747812117,0.739696587191273,0.131115103378004,-0.194422621273703,NaN,NaN,NaN,-1.28839839052204,NaN,0.309896567018274,-0.362596656802634,NaN,0.900365572960543,NaN,NaN,1.14897257437972,NaN,NaN,1.71856356126347,0.403918162258157,0.237434206577251,0.803807349748341,NaN,NaN,0.902615971409716,0.97491847320325,-1.08302220851672,-1.35756608783522,-1.357566087834,-2.01863348304796,1.94059630958403,NaN,NaN,0.872852988582015,-0.925080187179896,NaN,NaN,1.14707438771281,NaN,-0.415199171488469,1.25751914405963
437.1456,0.294772123412637,-0.591028071680218,-0.214146734389465,-0.839591858144804,-0.908136895941099,-0.908136895940121,NaN,-1.33769933574159,-0.891386673915691,0.759872048862625,-1.26627402291905,0.75987204886259,0.155378648148373,-0.219304967125122,NaN,NaN,NaN,-1.27924629153095,NaN,0.345256419153086,-0.356792463698206,NaN,0.88055855287474,NaN,NaN,1.17083655196228,NaN,NaN,1.74444663064773,0.426077726137615,0.243359192719121,0.810206301706656,NaN,NaN,0.909570551209024,0.978702753486944,-1.11450772051285,-1.3716228605233,-1.37162286052209,-2.00254800929558,1.92741618669248,NaN,NaN,0.862569196569756,-0.928620725902175,NaN,NaN,1.14498314291394,NaN,-0.389703511314494,1.25685659501464
437.248,0.325140035370288,-0.614485434553311,-0.20221718372991,-0.82926722676618,-0.872107354658945,-0.872107354657995,NaN,-1.335470241064,-0.881438074340605,0.780034325267369,-1.2507900690304,0.780034325267336,0.179566676527465,-0.244695043642282,NaN,NaN,NaN,-1.26922313324687,NaN,0.380484397024566,-0.351624128084994,NaN,0.859787123621087,NaN,NaN,1.19169211450776,NaN,NaN,1.76894263057038,0.447622374773306,0.248910801887121,0.816786461582895,NaN,NaN,0.91676799515235,0.982677671398266,-1.14504023955025,-1.38559197139091,-1.38559197138971,-1.98573778758764,1.91332983160962,NaN,NaN,0.851618130063194,-0.931899501755196,NaN,NaN,1.14174033047613,NaN,-0.36454467293497,1.2546107866299
437.3504,0.353716390074395,-0.636281049028769,-0.190739076071587,-0.81921082337776,-0.834888546594416,-0.834888546593493,NaN,-1.33193006033846,-0.869951314894942,0.80017742858544,-1.23565733985606,0.80017742858541,0.203649943332832,-0.270554382392964,NaN,NaN,NaN,-1.25833637037154,NaN,0.415533246952824,-0.347107303064787,NaN,0.838049974736126,NaN,NaN,1.21151148297511,NaN,NaN,1.79203036709872,0.468494018896131,0.254078499455773,0.823541669353552,NaN,NaN,0.924179998843028,0.986826318772506,-1.17455232254245,-1.39941257171329,-1.3994125717121,-1.96819395828699,1.89835032168907,NaN,NaN,0.84001462770148,-0.934911354182049,NaN,NaN,1.13734804963254,NaN,-0.339716130083377,1.25079867164582
437.4528,0.380494808232699,-0.656380266609743,-0.179687927953644,-0.809444438339761,-0.79648679030804,-0.796486790307143,NaN,-1.32707607261915,-0.856959731017121,0.820296432184316,-1.22090978549951,0.820296432184287,0.227600053428402,-0.296842850480719,NaN,NaN,NaN,-1.24659520213641,NaN,0.450355876695377,-0.343254035108688,NaN,0.815348449998259,NaN,NaN,1.23026964328294,NaN,NaN,1.81369349897638,0.488635142236414,0.258852057094269,0.830464298802714,NaN,NaN,0.931775652328677,0.9911288870936,-1.20297877935764,-1.41302169393619,-1.41302169393501,-1.94991006347358,1.88249519584016,NaN,NaN,0.827775837045319,-0.937651980131691,NaN,NaN,1.13181207326731,NaN,-0.315209491007142,1.24544352981541
437.5552,0.405476057273056,-0.674754709675138,-0.169037129939771,-0.799989394059094,-0.756912283808975,-0.756912283808104,NaN,-1.32090904150344,-0.842504751936922,0.840387481831577,-1.20658076672145,0.84038748183155,0.251389744302102,-0.323518779921764,NaN,NaN,NaN,-1.23401056327846,NaN,0.484905509622632,-0.340072804801245,NaN,0.791686627614267,NaN,NaN,1.24794427062091,NaN,NaN,1.83392039122265,0.50798884782312,0.263221518388458,0.837545186001026,NaN,NaN,0.93952144398564,0.995562685846706,-1.2302567740842,-1.42635433086782,-1.42635433086665,-1.93088219606885,1.86578638414755,NaN,NaN,0.814921148307776,-0.940117812298166,NaN,NaN,1.1251418420897,NaN,-0.291014552336314,1.23857476856579
437.6576,0.428667904015615,-0.691382227664405,-0.158758068048223,-0.790866314700141,-0.716179358102881,-0.716179358102034,NaN,-1.31343323215959,-0.826635831063114,0.86044781836623,-1.19270293216464,0.860447818366206,0.274993180039066,-0.350539108756314,NaN,NaN,NaN,-1.22059512240201,NaN,0.519135836046515,-0.337568571704825,NaN,0.767071382549321,NaN,NaN,1.26451563366695,NaN,NaN,1.85270396515492,0.526498912672218,0.267177185595997,0.844773536752948,NaN,NaN,0.947381263707206,1.00010216132975,-1.25632594072068,-1.43934349383404,-1.43934349383287,-1.91110913360895,1.84825009904817,NaN,NaN,0.801472109729528,-0.942305891931013,NaN,NaN,1.117350453458,NaN,-0.267119329631571,1.23022770149111
437.76,0.450084934562031,-0.70624683044938,-0.148820260339334,-0.782094896568319,-0.674306724891624,-0.674306724890802,NaN,-1.30465641482017,-0.809410350834976,0.880475803974685,-1.17930808640752,0.880475803974663,0.298386255651649,-0.377859542310588,NaN,NaN,NaN,-1.20636327730105,NaN,0.553001154252485,-0.335742798773172,NaN,0.741512433842458,NaN,NaN,1.27996649438083,NaN,NaN,1.87004154640627,0.544109859969382,0.270709616659935,0.852136827387215,NaN,NaN,0.955316412519637,1.00471891789951,-1.28112852325021,-1.45192025041133,-1.45192025041018,-1.8905924583056,1.82991670101788,NaN,NaN,0.787452336233,-0.944213752330749,NaN,NaN,1.10845463972521,NaN,-0.243510085275776,1.22044331486085
437.8624,0.46974833073587,-0.719338589494089,-0.139191511796709,-0.773693699543712,-0.631317713949788,-0.63131771394899,NaN,-1.29458984111174,-0.790893482726657,0.900470940154499,-1.16642704517338,0.900470940154479,0.3215468843993,-0.405434720700264,NaN,NaN,NaN,-1.19133113456522,NaN,0.586456492854838,-0.334593449947791,NaN,0.715022384471913,NaN,NaN,1.29428201029009,NaN,NaN,1.88593470522178,0.560767048090758,0.273809620131121,0.859620722525253,NaN,NaN,0.963285630583548,1.0093817540778,-1.30460954345988,-1.46401375722136,-1.46401375722022,-1.8693366587875,1.81082054630486,NaN,NaN,0.772887418422385,-0.945839313264622,NaN,NaN,1.09847473282217,NaN,-0.220171371162169,1.20926801910222
437.9648,0.487685603636577,-0.730653509787225,-0.129838089597105,-0.765679972896579,-0.587240490202783,-0.587240490202007,NaN,-1.28324818853319,-0.771157994019476,0.920433863166405,-1.15408947617926,0.920433863166389,0.344455236287946,-0.433218373852865,NaN,NaN,NaN,-1.17551646876953,NaN,0.619457704402836,-0.334114965130099,NaN,0.687616759771228,NaN,NaN,1.30744963838325,NaN,NaN,1.90038908539227,0.576416773391575,0.276468242883522,0.867209030185806,NaN,NaN,0.971245150676345,1.01405672924743,-1.32671699854754,-1.47555131034701,-1.47555131034587,-1.84734920465416,1.79099981865475,NaN,NaN,0.757804831617395,-0.947180780123797,NaN,NaN,1.08743461463261,NaN,-0.197086099685415,1.19675337511267
438.0672,0.503930293810192,-0.740193387763482,-0.120724922187573,-0.758069519377195,-0.54210824136105,-0.542108241360296,NaN,-1.27064948673457,-0.750284014892716,0.940366304675688,-1.14232372672461,0.940366304675677,0.367093913082698,-0.461163457451157,NaN,NaN,NaN,-1.15893867052314,NaN,0.651961528154751,-0.334298217827777,NaN,0.659314045428629,NaN,NaN,1.31945904136572,NaN,NaN,1.91341422386535,0.591006387451755,0.278676753652774,0.8748837002528,NaN,NaN,0.979148774092287,1.01870726396008,-1.34740208504257,-1.48645842877223,-1.48645842877111,-1.82464058718503,1.77049634817186,NaN,NaN,0.742233841554463,-0.948236556732842,NaN,NaN,1.0753616534858,NaN,-0.174235649971697,1.18295579233926
438.1696,0.518521649695821,-0.74796567034973,-0.111815823156582,-0.750876592670983,-0.495959323574625,-0.495959323573896,NaN,-1.25681505165697,-0.728358795279365,0.96027101640091,-1.13115664306186,0.960271016400903,0.389448059899417,-0.489222271327757,NaN,NaN,NaN,-1.14161869872362,NaN,0.683925631956918,-0.335130463489639,NaN,0.630135727115138,NaN,NaN,1.33030200145348,NaN,NaN,1.92502336172478,0.60448442899763,0.280426627460871,0.882624860289258,NaN,NaN,0.986947963514008,1.02329426285378,-1.36661943966255,-1.49665897791007,-1.49665897790896,-1.80122432543456,1.74935542405774,NaN,NaN,0.726205404788883,-0.949005193174778,NaN,NaN,1.06228662931436,NaN,-0.151600007485109,1.16793620634191
438.272,0.531504297132209,-0.753983322108859,-0.10307373224141,-0.74411381890406,-0.44883735323748,-0.448837353236776,NaN,-1.24176944584937,-0.705476470179575,0.980151672470974,-1.12061338719266,0.980151672470971,0.411505417398057,-0.517346562147924,NaN,NaN,NaN,-1.12357904320931,NaN,0.715308645117765,-0.336595290552721,NaN,0.600106336950121,NaN,NaN,1.33997234536428,NaN,NaN,1.93523324246971,0.616800767916755,0.281709532394436,0.890410882739283,NaN,NaN,0.994591955414588,1.02777625131642,-1.38432738697633,-1.50607534151324,-1.50607534151215,-1.77711693980382,1.7276256051269,NaN,NaN,0.709752063172893,-0.949485375560982,NaN,NaN,1.0482436515528,NaN,-0.129157930709499,1.15175974014095
438.3744,0.542927908475156,-0.758264701302102,-0.0944609648602065,-0.737792131327475,-0.400791249732367,-0.400791249731687,NaN,-1.22554046335433,-0.681737822489637,1.00001276446983,-1.11071725022127,1.00001276446983,0.433256318973115,-0.545487612575075,NaN,NaN,NaN,-1.10484368846535,NaN,0.746070185409996,-0.338672581701408,NaN,0.569253507109661,NaN,NaN,1.34846587931538,NaN,NaN,1.94406389258906,0.627906760174507,0.28251731668404,0.898218484158439,NaN,NaN,1.00202790122239,1.03210952895305,-1.40048818223428,-1.5146286502254,-1.51462865022431,-1.75233789291837,1.70535852417582,NaN,NaN,0.6929078314374,-0.949675939168165,NaN,NaN,1.033270069666,NaN,-0.106887138342689,1.13449534248008
438.4768,0.55284686656883,-0.76083344684409,-0.0859394771670549,-0.73192071103979,-0.351875253118014,-0.351875253117361,NaN,-1.20815912082371,-0.657250013109259,1.01985948809178,-1.10148945216161,1.01985948809179,0.454693636875086,-0.573596319303716,NaN,NaN,NaN,-1.08543806389362,NaN,0.776170876156957,-0.341338482707883,NaN,0.537608023519041,NaN,NaN,1.35578033265682,NaN,NaN,1.95153838155175,0.637755416749889,0.282841992812238,0.90602285973038,NaN,NaN,1.00920104085335,1.03624834570408,-1.41506823901261,-1.52223906328201,-1.52223906328092,-1.72690949554046,1.68260868015806,NaN,NaN,0.675708077656551,-0.949575882993188,NaN,NaN,1.01740637113263,NaN,-0.084764511484811,1.11621539934928
438.5792,0.561319909796652,-0.761718381902834,-0.0774711669265576,-0.726506937418186,-0.302148944034216,-0.302148944033589,NaN,-1.18965963171286,-0.6321262559597,1.03969760344214,-1.09294891452021,1.03969760344215,0.475812678497638,-0.601623259839241,NaN,NaN,NaN,-1.0653889783166,NaN,0.805572352292985,-0.34456537494589,NaN,0.505203873641725,NaN,NaN,1.3619153169482,NaN,NaN,1.95768256181137,0.646301591234483,0.282675713656021,0.913797853145749,NaN,NaN,1.01605490055794,1.04014509535109,-1.42803834464647,-1.52882609081757,-1.52882609081648,-1.70085678041752,1.65943322141026,NaN,NaN,0.658189401784858,-0.949184389809969,NaN,NaN,1.00069606170752,NaN,-0.0627663081843049,1.09699533052013
438.6816,0.568409745934817,-0.760953436735053,-0.0690182259947832,-0.721556359631883,-0.251677281674225,-0.251677281673625,NaN,-1.17007934939418,-0.606485434258519,1.05953324875259,-1.08511199734818,1.05953324875261,0.49661103520197,-0.629518748435554,NaN,NaN,NaN,-1.04472455248436,NaN,0.834237261871941,-0.348321856444654,NaN,0.472078288179823,NaN,NaN,1.36687231614806,NaN,NaN,1.96252479174987,0.653502187735497,0.282010734167129,0.921516159365426,NaN,NaN,1.02253150684881,1.04375051124451,-1.43937387687744,-1.5343089492836,-1.53430894928251,-1.67420735497136,1.6358917326944,NaN,NaN,0.640389523050477,-0.948500881731218,NaN,NaN,0.983185518371328,NaN,-0.0408683886089784,1.07691318731957
438.784,0.574182625366941,-0.7585775809076,-0.0605435457941837,-0.717072691155483,-0.200530652782213,-0.20053065278164,NaN,-1.14945867792251,-0.580451655587142,1.07937270121082,-1.07799220141773,1.07937270121085,0.517088397828577,-0.657232892167487,NaN,NaN,NaN,-1.02347416446412,NaN,0.86212927093044,-0.352572748716117,NaN,0.43827177971659,NaN,NaN,1.37065471829919,NaN,NaN,1.96609564654339,0.659316391240422,0.280839356765622,0.92914955719453,NaN,NaN,1.02857162081267,1.04701385304738,-1.4490550227435,-1.5386069458602,-1.53860694585911,-1.64699124038885,1.61204603069595,NaN,NaN,0.622347181210055,-0.947525131132606,NaN,NaN,0.964923791419876,NaN,-0.0190464458345628,1.05604925290063
438.8864,0.578707868800858,-0.754634743809888,-0.0520111619431941,-0.713057810391483,-0.148784894702624,-0.148784894702078,NaN,-1.12784095275776,-0.554153733626986,1.0992220969051,-1.07159984242746,1.09922209690514,0.537246365241742,-0.68471567117601,NaN,NaN,NaN,-1.00166840846194,NaN,0.889213074862297,-0.357279156743109,NaN,0.403828182851222,NaN,NaN,1.37326787954161,NaN,NaN,1.96842762739007,0.663705929779364,0.279153870371036,0.936669164060514,NaN,NaN,1.03411500474335,1.049883084911,-1.45706698245748,-1.54163988172712,-1.54163988172601,-1.61924069018122,1.58795995302514,NaN,NaN,0.604102041803732,-0.94625741129787,NaN,NaN,0.945962329254834,NaN,0.00272376137795811,1.03448562747773
438.9888,0.582057355026915,-0.749173704788777,-0.0433867150259955,-0.709511747866959,-0.0965212432524579,-0.0965212432519363,NaN,-1.10527229016885,-0.527724591261498,1.11908712789554,-1.06594170687807,1.11908712789559,0.557088267216744,-0.711917064645335,NaN,NaN,NaN,-0.979339055078667,NaN,0.915454416365585,-0.362398605091397,NaN,0.368794699579179,NaN,NaN,1.37471919856833,NaN,NaN,1.96955488062109,0.666635377500391,0.276946501800161,0.944045700089884,NaN,NaN,1.03910072813866,1.052305053913,-1.46340014521328,-1.5433284642798,-1.54332846427867,-1.59098997353231,1.56369912017718,NaN,NaN,0.58569458955277,-0.944698656114495,NaN,NaN,0.926354621526131,NaN,0.0244661693628154,1.01230577795719
439.0912,0.584304980880867,-0.742247945391899,-0.0346379073691209,-0.706432656632257,-0.0438261787996447,-0.0438261787991459,NaN,-1.08180140240824,-0.501300596766625,1.13897272555049,-1.0610207005405,1.13897272555055,0.576619003808302,-0.738787223998168,NaN,NaN,NaN,-0.956519001596472,NaN,0.940820109713254,-0.367885251199692,NaN,0.33322194678193,NaN,NaN,1.37501818788228,NaN,NaN,1.96951292875423,0.668072493453599,0.274209393197974,0.951249752249897,NaN,NaN,1.0434675123623,1.05422567943401,-1.46805024021975,-1.54359472661432,-1.54359472661317,-1.56227511714231,1.53933066304872,NaN,NaN,0.567166002555138,-0.942850612954739,NaN,NaN,0.906155784170338,NaN,0.046204157847477,0.989594046498399
439.1936,0.58552610207798,-0.733915458225151,-0.0257349413518139,-0.703816774644751,0.00920882237655087,0.00920882237702665,NaN,-1.05747937625557,-0.475020847887773,1.15888273104472,-1.05683550392407,1.15888273104478,0.595844890610029,-0.765276676676527,NaN,NaN,NaN,-0.933242209026081,NaN,0.96527807077861,-0.373690154077477,NaN,0.297163993507444,NaN,NaN,1.3741765431735,NaN,NaN,1.96833841024918,0.667988576832027,0.270934604187416,0.958252038258648,NaN,NaN,1.04715411100143,1.05559015934002,-1.47101846783257,-1.54236245256133,-1.54236245256016,-1.53313361331982,1.51492292189282,NaN,NaN,0.54855800971876,-0.94071598706608,NaN,NaN,0.885422121225004,NaN,0.0679602892502543,0.966435130121466
439.296,0.585796958140926,-0.72423849809347,-0.0166509227098902,-0.701658384508186,0.0624876172507514,0.0624876172512051,NaN,-1.03235941695979,-0.449026412711683,1.17881955609605,-1.05338025613878,1.17881955609613,0.614773501680486,-0.791336541953333,NaN,NaN,NaN,-0.909543630377507,NaN,0.988797354786106,-0.379761574621376,NaN,0.260678373806203,NaN,NaN,1.37220821533682,NaN,NaN,1.96606883364715,0.666358816320741,0.267114125228909,0.965023674849741,NaN,NaN,1.05009972555362,1.05634319014258,-1.47231160418177,-1.53955759557055,-1.53955759556936,-1.50360411048037,1.49054512659927,NaN,NaN,0.529912736909899,-0.938298577258497,NaN,NaN,0.86421069105766,NaN,0.0897560518431745,0.942913549577408
439.3984,0.585194086528247,-0.71328325947089,-0.00736220875703618,-0.69994976618646,0.115909811587601,0.115909811588037,NaN,-1.00649657281148,-0.423459540559833,1.19878384310135,-1.05064429124023,1.19878384310144,0.633413509737927,-0.81691874862012,NaN,NaN,NaN,-0.885459140015344,NaN,1.01134820778285,-0.386045303358144,NaN,0.223826067835061,NaN,NaN,1.36912948636816,NaN,NaN,1.96274235840893,0.663162614910835,0.262739882656474,0.971536456381738,NaN,NaN,1.05224445744763,1.05642919168426,-1.47194206570326,-1.53510867457533,-1.5351086745741,-1.47372610575975,1.46626706862025,NaN,NaN,0.511272549396639,-0.935603403518512,NaN,NaN,0.84257888671677,NaN,0.111611620794881,0.9191131223208
439.5008,0.583793740549701,-0.701119478359454,0.00215131620013156,-0.698681135181076,0.169371279818542,0.169371279818961,NaN,-0.97994746591687,-0.398462866330416,1.21877413640967,-1.04861194304066,1.21877413640977,0.651774525820129,-0.841976250533095,NaN,NaN,NaN,-0.861025473436072,NaN,1.03290213279515,-0.392485020164259,NaN,0.186671449660627,NaN,NaN,1.36495904950408,NaN,NaN,1.95839760653164,0.658383876777354,0.257803715896833,0.977763147090014,NaN,NaN,1.05352979128706,1.05579252630934,-1.46992792086748,-1.52894713644063,-1.52894713643938,-1.4435396579842,1.44215877322766,NaN,NaN,0.492679901104796,-0.932636827498351,NaN,NaN,0.820584024130929,NaN,0.133545645876124,0.895116450144265
439.6032,0.581671332999407,-0.687819973787193,0.0119060484032021,-0.697840564542156,0.222764798112149,0.222764798112552,NaN,-0.952770046250815,-0.374178631062184,1.23878657513904,-1.0472624219944,1.23878657513915,0.669866937420606,-0.866463236075436,NaN,NaN,NaN,-0.836280179245477,NaN,1.05343195971806,-0.399022675158863,NaN,0.149282199039416,NaN,NaN,1.35971808787712,NaN,NaN,1.95307349887615,0.652011248556115,0.252297318382137,0.983677780126399,NaN,NaN,1.05389909376235,1.05437770711094,-1.46629283901526,-1.52100768306974,-1.52100768306846,-1.41308512827144,1.41829017290234,NaN,NaN,0.47417719657746,-0.929406659002373,NaN,NaN,0.79828293061249,NaN,0.155575068076666,0.871004429066487
439.7056,0.578900921205502,-0.673460152228772,0.0219145511743871,-0.697413897713802,0.275980784783636,0.275980784784023,NaN,-0.925023369404744,-0.35074793131451,1.25881461503408,-1.04656976028572,1.25881461503421,0.687701743462531,-0.890335326593203,NaN,NaN,NaN,-0.811261578138007,NaN,1.07291190628906,-0.405598873105094,NaN,0.111729174528437,NaN,NaN,1.35343033452776,NaN,NaN,1.94680910885659,0.644038314172302,0.246212152720254,0.989255945926749,NaN,NaN,1.05329810758049,1.05212959525266,-1.46106596980186,-1.51122856312711,-1.51122856312581,-1.38240294235462,1.3947307743028,NaN,NaN,0.455806660317552,-0.925922235138061,NaN,NaN,0.775731537765827,NaN,0.177714963715966,0.846855786559341
439.808,0.575554729725139,-0.658117498571266,0.0321854948619821,-0.697384667789786,0.328908119340499,0.328908119340871,NaN,-0.89676739527474,-0.328310002861025,1.27884878192715,-1.04650282107343,1.27884878192729,0.705290388941627,-0.913549758489703,NaN,NaN,NaN,-0.786008723490333,NaN,1.09131762867846,-0.412153254495531,NaN,0.0740862502675685,NaN,NaN,1.34612209580348,NaN,NaN,1.93964352776204,0.634463751474394,0.239539363572564,0.994475050828942,NaN,NaN,1.05167542074682,1.04899358751494,-1.45428175426955,-1.49955183046021,-1.49955183045889,-1.35153336643435,1.37154931412746,NaN,NaN,0.437610203926174,-0.922194465664207,NaN,NaN,0.752984495774405,NaN,0.199978414199283,0.822746651636166
439.9104,0.571702689649446,-0.641871073712766,0.0427236089385823,-0.697734044241617,0.381434983821257,0.381434983821614,NaN,-0.868062812755088,-0.307001541702103,1.29887645186183,-1.04702537135263,1.29887645186199,0.722644602720013,-0.93606554240833,NaN,NaN,NaN,-0.760561363518317,NaN,1.10862627036835,-0.418624869217274,NaN,0.0364301193767754,NaN,NaN,1.33782223293852,NaN,NaN,1.93161573810768,0.623291466440295,0.232269710024564,0.99931453439792,NaN,NaN,1.04898289504552,1.04491579341394,-1.44597967680653,-1.48592357902539,-1.48592357902404,-1.32051629428034,1.34881340951553,NaN,NaN,0.419629286166336,-0.918235850764659,NaN,NaN,0.730094830990105,NaN,0.222376399025656,0.798750167623233
440.0128,0.567411974857617,-0.624801031854946,0.0535296128767445,-0.698440823820422,0.433449672648214,0.433449672648553,NaN,-0.838970900328812,-0.286956064835867,1.31888164915985,-1.04809621869853,1.31888164916002,0.739776237815808,-0.957843595127959,NaN,NaN,NaN,-0.734959912860772,NaN,1.12481652009589,-0.424952535779581,NaN,-0.00115994000372997,NaN,NaN,1.32856210692876,NaN,NaN,1.92276449597779,0.610530717641353,0.22439352930409,1.00375604387659,NaN,NaN,1.04517604604605,1.03984320292684,-1.43620396944873,-1.47029416850204,-1.47029416850066,-1.28939104633677,1.32658921235629,NaN,NaN,0.401904764463004,-0.914060484578136,NaN,NaN,0.707113658821184,NaN,0.244917706975641,0.774936159651512
440.1152,0.562746533149364,-0.606988166438333,0.0646001154097465,-0.699481471162424,0.484841350256791,0.484841350257112,NaN,-0.80955343528594,-0.268303319412312,1.33884485717249,-1.04966941124707,1.33884485717268,0.756697114799138,-0.978846846657813,NaN,NaN,NaN,-0.70924544794491,NaN,1.1398686856437,-0.431075188444617,NaN,-0.0386023465890311,NaN,NaN,1.31837549120375,NaN,NaN,1.91312822351559,0.596196231838795,0.215900734492673,1.00778356931722,NaN,NaN,1.04021437778366,1.03372384966471,-1.42500327807264,-1.4526184514887,-1.4526184514873,-1.25819618326633,1.30494107488052,NaN,NaN,0.384476737871461,-0.909684061784693,NaN,NaN,0.68408994467873,NaN,0.26760885710746,0.751370862690625
440.2176,0.557766625877356,-0.588513496783895,0.0759274861284385,-0.700830205977375,0.535500758817089,0.535500758817393,NaN,-0.779872665717655,-0.25116875676755,1.35874284049721,-1.05169450369155,1.3587428404974,0.773418874211388,-0.999040328887794,NaN,NaN,NaN,-0.683459737761036,NaN,1.15376478345765,-0.436932226192918,NaN,-0.0758135575164876,NaN,NaN,1.30729845266813,NaN,NaN,1.90274490776489,0.580308305241248,0.206780843376453,1.0113835425119,NaN,NaN,1.03406168052107,1.02650697530327,-1.41243029965626,-1.43285600927811,-1.43285600927669,-1.2269693414932,1.28393123447143,NaN,NaN,0.367384385933111,-0.905123905949696,NaN,NaN,0.661070298179982,NaN,0.290454022249422,0.728116704720252
440.32,0.552528393286259,-0.569457908423205,0.0874997064539448,-0.702459129328187,0.585320883548103,0.58532088354839,NaN,-0.74999134977307,-0.235673082048641,1.37854847776131,-1.05411689761201,1.37854847776153,0.789952842169819,-1.01839124910166,NaN,NaN,NaN,-0.657645308487472,NaN,1.16648864020081,-0.442463878722669,NaN,-0.112708476642864,NaN,NaN,1.29536919782591,NaN,NaN,1.89165200368818,0.56289288779392,0.197023037693644,1.01454489839787,NaN,NaN,1.02668629656656,1.01814320136742,-1.39854139747133,-1.4109713986628,-1.41097139866135,-1.19574709762639,1.26361952207708,NaN,NaN,0.350665808211628,-0.900399025525661,NaN,NaN,0.638098797784687,NaN,0.313454957265583,0.705232134660131
440.4224,0.547083459805089,-0.549901851020463,0.0993002120316207,-0.704338381209502,0.634197587538365,0.634197587538635,NaN,-0.719972850105133,-0.221931874448801,1.39823060489797,-1.05687826465561,1.3982306048982,0.806309907433401,-1.03686904710303,NaN,NaN,NaN,-0.631845528599051,NaN,1.17802600387842,-0.447611599896714,NaN,-0.149200929538747,NaN,NaN,1.28262787449616,NaN,NaN,1.87988634638613,0.543981650779351,0.186616261180927,1.01725909116811,NaN,NaN,1.01806134849413,1.0085847142136,-1.38339619358795,-1.3869344021596,-1.38693440215812,-1.16456485698596,1.24406308670625,NaN,NaN,0.334357861345662,-0.895530180071275,NaN,NaN,0.615216857084544,NaN,0.336610945482808,0.682771488128265
440.5248,0.541478591123336,-0.529925083829724,0.111307748624556,-0.706436325290312,0.682030227086966,0.682030227087223,NaN,-0.689881262499714,-0.210055263031634,1.41775387421958,-1.05991705028051,1.41775387421982,0.822500409200205,-1.05444543537084,NaN,NaN,NaN,-0.606104698242795,NaN,1.188364664094,-0.452318487465008,NaN,-0.185204200401916,NaN,NaN,1.26911632207765,NaN,NaN,1.86748407757777,0.523612036489541,0.17554936580745,1.01952005945491,NaN,NaN,1.00816491721065,0.997785465815882,-1.36705713440957,-1.36072026591255,-1.36072026591104,-1.13345675354986,1.2253161238258,NaN,NaN,0.31849598716985,-0.890539930921645,NaN,NaN,0.592463143417632,NaN,0.359918776837807,0.660784885179092
440.6272,0.535755412217674,-0.509606450876176,0.123496267712012,-0.708719758944973,0.728722242643756,0.728722242644001,NaN,-0.659781555949719,-0.200147639392233,1.43707864057589,-1.06316903474531,1.43707864057615,0.838534038836334,-1.07109442587249,NaN,NaN,NaN,-0.580468128590671,NaN,1.19749457958348,-0.45652971057454,NaN,-0.220631616269948,NaN,NaN,1.2548777818416,NaN,NaN,1.85448058525875,0.501827284775787,0.163811301076812,1.02132414879688,NaN,NaN,0.996980164808438,0.985701389918502,-1.34958903411816,-1.33230991310753,-1.332309913106,-1.10245555463397,1.20742960624392,NaN,NaN,0.30311403515564,-0.885452665014107,NaN,NaN,0.569873547364677,NaN,0.383372760496643,0.639318151863398
440.7296,0.52995019179626,-0.489023672344597,0.135834880049869,-0.711154144110986,0.77418170258436,0.774181702584594,NaN,-0.629739702843307,-0.192307387070822,1.45616088585328,-1.06656791276549,1.45616088585356,0.854419755608045,-1.08679234774956,NaN,NaN,NaN,-0.554982200847983,NaN,1.20540800782275,-0.460192921185006,NaN,-0.255397145166888,NaN,NaN,1.23995659495481,NaN,NaN,1.84091045230447,0.478676428579078,0.151391327012351,1.02267000948578,NaN,NaN,0.984495409495187,0.972290631476535,-1.33105861392749,-1.30169013213545,-1.3016901321339,-1.07159257395812,1.19045102741254,NaN,NaN,0.288244092819977,-0.880294596493208,NaN,NaN,0.54748119046077,NaN,0.40696476429018,0.618412762888708
440.832,0.524093697265891,-0.468253146148019,0.148287877158514,-0.713703849223923,0.818321779871493,0.818321779871716,NaN,-0.599822790072872,-0.186626614418091,1.47495218873262,-1.07004586140292,1.47495218873292,0.870165710936618,-1.101517856604,NaN,NaN,NaN,-0.529694401006207,NaN,1.2120996282622,-0.463258640892165,NaN,-0.289415966064396,NaN,NaN,1.22439791278489,NaN,NaN,1.82680741078708,0.454214251041057,0.13827923078141,1.02355848358658,NaN,NaN,0.97070416145025,0.957513783720693,-1.31153405363827,-1.26885374593791,-1.26885374593635,-1.04089760076789,1.1744241665025,NaN,NaN,0.273916336429519,-0.87509375190016,NaN,NaN,0.525316454933568,NaN,0.430684272123979,0.598105813722395
440.9344,0.51821112367896,-0.447369755171987,0.160814828611651,-0.71633238881744,0.86106116374476,0.861061163744972,NaN,-0.570099121845884,-0.183190894368947,1.4933997435614,-1.07353408916003,1.49339974356172,0.885779178142637,-1.11525193442701,NaN,NaN,NaN,-0.504653332161829,NaN,1.21756664869562,-0.465680631245202,NaN,-0.322604981012523,NaN,NaN,1.2082474276479,NaN,NaN,1.81220430122508,0.428501197181776,0.124465537527458,1.02399248276815,NaN,NaN,0.955605121322946,0.941334124061245,-1.29108455756131,-1.23379976386445,-1.23379976386287,-1.01039884985556,1.15938887772537,NaN,NaN,0.260158905720406,-0.869879937230914,NaN,NaN,0.503407022486251,NaN,0.454518457134686,0.578430033710288
441.0368,0.512322095025095,-0.42644667772029,0.173370755583519,-0.71900264992703,0.902324422185107,0.902324422185309,NaN,-0.540638331297972,-0.182079027773397,1.51144643163634,-1.07696337160123,1.51144643163667,0.901266490379746,-1.12797788064435,NaN,NaN,NaN,-0.479908705295351,NaN,1.22180888454484,-0.467416251127852,NaN,-0.354883258532688,NaN,NaN,1.19155111887988,NaN,NaN,1.79713303702712,0.401603231601025,0.109941719213514,1.023976850661,NaN,NaN,0.939202140359755,0.923717844204153,-1.26977992831643,-1.19653350684848,-1.19653350684689,-0.980122931817562,1.14538090318888,NaN,NaN,0.246997801077768,-0.864684681248063,NaN,NaN,0.481777916686095,NaN,0.478452273277929,0.559413845228536
441.1392,0.506440731604392,-0.40555520631478,0.185906369121819,-0.721677102090435,0.94204232452215,0.942042324522338,NaN,-0.511511502154307,-0.183362843548314,1.52903095003396,-1.0802645719686,1.52903095003431,0.916632984382095,-1.1396812938861,NaN,NaN,NaN,-0.455511302418641,NaN,1.22482880400548,-0.468426787182112,NaN,-0.386172410122029,NaN,NaN,1.17435500945598,NaN,NaN,1.78162457207693,0.373591634780664,0.0947004102712913,1.02351820651511,NaN,NaN,0.921504146374777,0.904634279673038,-1.24769014668699,-1.15706669685176,-1.15706669685016,-0.950094840865865,1.13243171075573,NaN,NaN,0.234456803178946,-0.859541151796997,NaN,NaN,0.460451553910555,NaN,0.502468564454116,0.541081467205277
441.2416,0.500575781251142,-0.384764587524982,0.198368359194144,-0.7243179952505,0.980152123536868,0.980152123537044,NaN,-0.482791281205035,-0.18710703586286,1.54608800496821,-1.08336913741863,1.54608800496858,0.931882935504904,-1.15035003933794,NaN,NaN,NaN,-0.431512903213955,NaN,1.22663153595462,-0.468677734656703,NaN,-0.416396910679129,NaN,NaN,1.15670493479346,NaN,NaN,1.76570886748461,0.344542736159524,0.0787356319003093,1.02262477334722,NaN,NaN,0.902525042896624,0.884056148582766,-1.22488496663513,-1.11541751382586,-1.11541751382424,-0.920337962043959,1.12056836128079,NaN,NaN,0.222557419983277,-0.854484044898351,NaN,NaN,0.43944781416308,NaN,0.526548183134355,0.523453060617117
441.344,0.494730818282204,-0.364141898206917,0.210699724781268,-0.726887554791108,1.0165977895371,1.01659778953727,NaN,-0.454551954342892,-0.193369029120043,1.56254857434985,-1.0862095649515,1.56254857435023,0.947019469726392,-1.15997419510258,NaN,NaN,NaN,-0.407966170173991,NaN,1.2272248394464,-0.468139007896109,NaN,-0.445484379077708,NaN,NaN,1.13864632387173,NaN,NaN,1.74941485509497,0.314537585905953,0.062043017309223,1.02130619399031,NaN,NaN,0.882283582702201,0.861959804381175,-1.20143354264065,-1.07161063407508,-1.07161063407344,-0.890874102681497,1.1098134077013,NaN,NaN,0.211318866810924,-0.849549446298441,NaN,NaN,0.418784137399697,NaN,0.55067010973018,0.506544915730844
441.4464,0.48890451143234,-0.343751966973347,0.222840138387273,-0.729348183277486,1.05133018237431,1.05133018237446,NaN,-0.42686946355832,-0.202198855193301,1.57834024071737,-1.088719836642,1.57834024071778,0.962044452110994,-1.1685459764057,NaN,NaN,NaN,-0.384924491145105,NaN,1.2266190353885,-0.466785067580951,NaN,-0.47336583292276,NaN,NaN,1.12022398968328,NaN,NaN,1.73277039531604,0.283661566132886,0.0446200264688968,1.01957333889419,NaN,NaN,0.860803211441586,0.838325500685854,-1.17740410590959,-1.02567726381308,-1.02567726381139,-0.861723547760438,1.10018482278762,NaN,NaN,0.20075807960913,-0.844774664791035,NaN,NaN,0.398475639897963,NaN,0.574811569557888,0.4903696796086
441.5488,0.483090954339533,-0.32365733431515,0.234726343898097,-0.731662674161416,1.0843071477143,1.08430714771444,NaN,-0.399821354756234,-0.213639023111362,1.59338759544412,-1.09083582358923,1.59338759544454,0.976958362041138,-1.1760596426154,NaN,NaN,NaN,-0.362441783984814,NaN,1.2248269065473,-0.464594971883638,NaN,-0.499975922715551,NaN,NaN,1.10148193199275,NaN,NaN,1.71580222301119,0.252003942231305,0.0264661399027863,1.01743811629249,NaN,NaN,0.838111883144712,0.813137664695449,-1.15286369777723,-0.977655172668826,-0.977655172667105,-0.83290513451118,1.09169595057409,NaN,NaN,0.190889757740863,-0.840198039639356,NaN,NaN,0.378535241158178,NaN,0.598948149034672,0.474936617185478
441.6512,0.477280050718905,-0.303918236598408,0.246292592603504,-0.733794437825384,1.11549353392147,1.1154935339216,NaN,-0.373486661502403,-0.227724367571323,1.60761271559821,-1.09249565691012,1.60761271559865,0.991760168516269,-1.18251139476999,NaN,NaN,NaN,-0.340572275500615,NaN,1.22186357737966,-0.461552379356391,NaN,-0.525253141039213,NaN,NaN,1.08246315910368,NaN,NaN,1.69853587537307,0.219657356567632,0.00758302487733795,1.01491329699486,NaN,NaN,0.81424185670375,0.786385175513627,-1.1278779564761,-0.927588723518267,-0.927588723516509,-0.804436343659558,1.08435547822008,NaN,NaN,0.18172643496629,-0.835858726328917,NaN,NaN,0.358973794368088,NaN,0.623053915700328,0.460251896874889
441.7536,0.471457953316034,-0.284592606092114,0.257471123511611,-0.735707736101037,1.14486114017449,1.1448611401746,NaN,-0.347945738354455,-0.244481877623513,1.62093571428313,-1.09364006507616,1.62093571428359,1.00644721977165,-1.18789927229924,NaN,NaN,NaN,-0.319370264633548,NaN,1.21774638228599,-0.457645529228738,NaN,-0.549139997519036,NaN,NaN,1.0632095281013,NaN,NaN,1.68099560236258,0.1867172646258,-0.0120253260601712,1.01201235546873,NaN,NaN,0.789229478510362,0.758061643908388,-1.10251094281101,-0.875528894598597,-0.875528894596798,-0.776333405783501,1.07816742415251,NaN,NaN,0.173278579988231,-0.831796458856569,NaN,NaN,0.339800217291542,NaN,0.647101548479449,0.446318894146874
441.856,0.465607557131728,-0.265736083186575,0.268192691981493,-0.737367916704708,1.1723886154267,1.17238861542681,NaN,-0.323280055040144,-0.263930515696379,1.63327536114543,-1.09421267749297,1.6332753611459,1.02101515945564,-1.19222305700767,NaN,NaN,NaN,-0.298889869955859,NaN,1.21249472403819,-0.452867208104372,NaN,-0.571583153581494,NaN,NaN,1.04376159848786,NaN,NaN,1.66320426518175,0.153281314428734,-0.0323524794595859,1.00874931910003,NaN,NaN,0.763114950522706,0.728165691881096,-1.0768249894094,-0.821533289422439,-0.821533289420595,-0.7486114194015,1.07313113787076,NaN,NaN,0.165554727762932,-0.828051279084288,NaN,NaN,0.32102162388054,NaN,0.671062482347783,0.433138506896226
441.9584,0.459709033468151,-0.24740202868036,0.278387142963696,-0.738741635215779,1.19806132721901,1.19806132721911,NaN,-0.299571957277547,-0.286081035775639,1.64454975652747,-1.09416029622281,1.64454975652797,1.03545787399258,-1.19548418859098,NaN,NaN,NaN,-0.279184759900594,NaN,1.20612992510808,-0.447214706815199,NaN,-0.59253351968576,NaN,NaN,1.02415849978299,NaN,NaN,1.64518322897253,0.119448683201174,-0.0533894629355506,1.00513861876404,NaN,NaN,0.735942084590988,0.696701229099122,-1.05088056611217,-0.765666121178232,-0.765666121176339,-0.721284475961185,1.06924130997378,NaN,NaN,0.158561637565206,-0.824663226486166,NaN,NaN,0.302643458493231,NaN,0.694907065496633,0.420709473480493
442.0608,0.453740377545173,-0.229641519694533,0.287984013958452,-0.739797052548177,1.22187121661696,1.22187121661705,NaN,-0.276904398383123,-0.310935806118618,1.65467702980529,-1.09343314179779,1.6546770298058,1.04976746901189,-1.19768569166003,NaN,NaN,NaN,-0.260307870608114,NaN,1.19867508208674,-0.440689776914205,NaN,-0.611946324023923,NaN,NaN,1.00443781803771,NaN,NaN,1.62695225781678,0.0853194012522822,-0.0751246795082365,1.00119493948489,NaN,NaN,0.707758047866863,0.66367771760283,-1.02473616053199,-0.707998151549737,-0.707998151547798,-0.694365784714198,1.06648799354919,NaN,NaN,0.152304464841261,-0.821671991863796,NaN,NaN,0.284669635583323,NaN,0.718604722122213,0.409028683887902
442.1632,0.447677946298129,-0.212503320040955,0.296913150427772,-0.740504003529085,1.24381664745209,1.24381664745217,NaN,-0.2553606444526,-0.338488637100869,1.66357603715781,-1.09198507668064,1.66357603715834,1.06393427423275,-1.19883211428289,NaN,NaN,NaN,-0.242311117241962,NaN,1.19015493563776,-0.433298593239975,NaN,-0.62978116237637,NaN,NaN,0.984635504996195,NaN,NaN,1.60852942087367,0.0509936939709645,-0.0975438316401782,0.996933073846479,NaN,NaN,0.678613108116204,0.629110414444014,-0.998448174178121,-0.648606569798805,-0.648606569796813,-0.667867790085644,1.06485663917523,NaN,NaN,0.14678693304759,-0.819116544390169,NaN,NaN,0.267102687629576,NaN,0.742124114688717,0.398091477678047
442.2656,0.44149697826699,-0.19603382373988,0.305105325993522,-0.740834143269826,1.26390223803589,1.26390223803595,NaN,-0.235023952505677,-0.368724608163684,1.6711670511711,-1.0897737987572,1.67116705117165,1.07794687931794,-1.19892948021311,NaN,NaN,NaN,-0.225245100758834,NaN,1.18059576234641,-0.425051714412886,NaN,-0.646002035390269,NaN,NaN,0.964785813974337,NaN,NaN,1.58993101201781,0.0165713579356391,-0.120629860837827,0.992367784407046,NaN,NaN,0.648560390808294,0.593020585826784,-0.972070833839128,-0.587574808773846,-0.587574808771805,-0.641802278287363,1.06432814638677,NaN,NaN,0.142011501282366,-0.817034742156081,NaN,NaN,0.249943918443079,NaN,0.765433304933819,0.387891927220918
442.368,0.435172097145786,-0.180276974550119,0.312492866538089,-0.740761082060266,1.28213865155241,1.28213865155247,NaN,-0.21597722187,-0.401619891039867,1.67737244366823,-1.08676099090869,1.6773724436688,1.09179219960979,-1.19798525567274,NaN,NaN,NaN,-0.209158813953531,NaN,1.17002528805482,-0.415964027079561,NaN,-0.6605773742479,NaN,NaN,0.944921264765986,NaN,NaN,1.57117147689171,-0.0178488265358034,-0.144362915409722,0.987513681904133,NaN,NaN,0.617655652381788,0.555435686148968,-0.945656115650737,-0.52499230000567,-0.524992300003584,-0.616180472610169,1.06487893222228,NaN,NaN,0.137979527537871,-0.815462939219047,NaN,NaN,0.233193550750879,NaN,0.788499916818446,0.378423108000807
442.4704,0.428677796744275,-0.165274168787861,0.319010269140304,-0.740260512843506,1.29854233550561,1.29854233550566,NaN,-0.198302623863804,-0.437141583395627,1.6821173591591,-1.08291242037836,1.68211735915969,1.10545556852043,-1.19600832977022,NaN,NaN,NaN,-0.194099356027925,NaN,1.15847261995577,-0.406054670376839,NaN,-0.673480052980992,NaN,NaN,0.925072632466041,NaN,NaN,1.55226334084268,-0.0521696458986495,-0.168720354066467,0.98238511959391,NaN,NaN,0.585957056666093,0.516389488395987,-0.91925367624998,-0.460954171957473,-0.460954171955334,-0.591013115024665,1.06648101478293,NaN,NaN,0.13469142080732,-0.814435606582317,NaN,NaN,0.216850853940533,NaN,0.811291304404399,0.369677355072651
442.5728,0.421988895833642,-0.151064151919971,0.324594793709308,-0.739310324904347,1.3131352241284,1.31313522412844,NaN,-0.182081214838534,-0.475247580039197,1.68533037119769,-1.07819799329,1.6853303711983,1.11892085746266,-1.19300900962925,NaN,NaN,NaN,-0.180111665664684,NaN,1.14596819457396,-0.395346946566276,NaN,-0.684687387711484,NaN,NaN,0.905268956528024,NaN,NaN,1.53321713759851,-0.0862959619155648,-0.193676781057136,0.976996098821613,NaN,NaN,0.553524935304108,0.475922150955395,-0.892910786648605,-0.395560900498346,-0.39556090049616,-0.566310532587963,1.06910211349088,NaN,NaN,0.132146773402713,-0.813984985508804,NaN,NaN,0.200914240812576,NaN,0.833774726012417,0.361646500438416
442.6752,0.415080949473376,-0.137682918449918,0.329187004006433,-0.737890691944757,1.32594442556136,1.32594442556139,NaN,-0.167392539030629,-0.515886506621687,1.68694411432877,-1.07259177151278,1.68694411432939,1.13217062384973,-1.18899903232987,NaN,NaN,NaN,-0.167238279598071,NaN,1.13254373721298,-0.383868224925816,NaN,-0.694181124184401,NaN,NaN,0.885537579817271,NaN,NaN,1.5140413431551,-0.120135170682019,-0.219204102113277,0.971360186428808,NaN,NaN,0.520421528235055,0.434080216931357,-0.866672271403432,-0.328917929006188,-0.328917929003954,-0.542082693207363,1.07270577638714,NaN,NaN,0.130344473678519,-0.814140789137358,NaN,NaN,0.185381328355046,NaN,0.855917523896648,0.354322087744772
442.7776,0.407930610851348,-0.125163620351997,0.332731246751768,-0.735984125018047,1.33700190916688,1.3370019091669,NaN,-0.154314237952977,-0.558997732204802,1.68689588566939,-1.06607195303461,1.68689588567003,1.14518628069352,-1.18399159186901,NaN,NaN,NaN,-0.155519119510185,NaN,1.11823222543972,-0.371649848022137,NaN,-0.701947410083706,NaN,NaN,0.865904230264674,NaN,NaN,1.49474231968391,-0.153597607616002,-0.245271593081749,0.965490452171809,NaN,NaN,0.486710716449248,0.390916553443938,-0.840580461696865,-0.261135276490483,-0.261135276488195,-0.51833925725039,1.07725154671521,NaN,NaN,0.129282805404899,-0.814929962560177,NaN,NaN,0.17024896746823,NaN,0.877687304986628,0.347695565654583
442.88,0.400515944676825,-0.11353648402468,0.335176069979672,-0.733575489102681,1.34634419978302,1.34634419978303,NaN,-0.142921684812242,-0.604511468600879,1.68512820805268,-1.05862081516256,1.68512820805334,1.15794827702953,-1.17800137393264,NaN,NaN,NaN,-0.14499130432476,NaN,1.10306784936041,-0.358727047200935,NaN,-0.70797674304194,NaN,NaN,0.846393141926105,NaN,NaN,1.47532427348375,-0.186596899573683,-0.271845977944286,0.959399430449197,NaN,NaN,0.452457757987964,0.346490237323156,-0.814675169068618,-0.192327137568298,-0.192327137565954,-0.495089624260391,1.08269517170111,NaN,NaN,0.128959535473112,-0.816376500283966,NaN,NaN,0.1555132579121,NaN,0.89905211645831,0.341758462644189
442.9824,0.392816688547944,-0.102828729825181,0.336474582119551,-0.730651993694883,1.35401206889366,1.35401206889366,NaN,-0.133287645541319,-0.652348954292776,1.68158934254655,-1.05022462245108,1.68158934254723,1.17043628009465,-1.17104458914073,NaN,NaN,NaN,-0.135688981102505,NaN,1.08708596816591,-0.345138862468784,NaN,-0.712263886700646,NaN,NaN,0.827027200057967,NaN,NaN,1.45578922859037,-0.219050266587641,-0.298891517503753,0.953099101989195,NaN,NaN,0.417729028328199,0.300866383787395,-0.788993677219369,-0.122611460970716,-0.122611460968315,-0.472342966760895,1.08898884678377,NaN,NaN,0.129371985469273,-0.81850131190581,NaN,NaN,0.141169566391304,NaN,0.91998061504758,0.336502544145313
443.0848,0.384814446916695,-0.0930644808856843,0.336584747052463,-0.727203176280159,1.36005018757123,1.36005018757122,NaN,-0.125481947454407,-0.702422707639199,1.67623373754843,-1.04087349818001,1.67623373754913,1.182629353683,-1.16313899816471,NaN,NaN,NaN,-0.127643166490714,NaN,1.07032307022047,-0.330928054355585,NaN,-0.714807753212634,NaN,NaN,0.807828103284393,NaN,NaN,1.43613701236761,-0.250878772318504,-0.326370118033471,0.946600892160776,NaN,NaN,0.382591762252934,0.254115908447535,-0.763570742988884,-0.0521094926058237,-0.0521094926033633,-0.450108244920519,1.09608148725748,NaN,NaN,0.130517083295235,-0.821322131325925,NaN,NaN,0.12721255218497,NaN,0.94044223634702,0.331919952820516
443.1872,0.376492801317747,-0.0842646451340568,0.335469611869503,-0.723220894776074,1.36450670163183,1.36450670163181,NaN,-0.119571123699785,-0.754636819814302,1.66902240733974,-1.03056125291935,1.66902240734046,1.19450612653355,-1.15430392553974,NaN,NaN,NaN,-0.120881589695473,NaN,1.05281674665631,-0.316141000974527,NaN,-0.715611253903885,NaN,NaN,0.788816553548684,NaN,NaN,1.41636524726638,-0.282007521129596,-0.354241476784785,0.939915690887082,NaN,NaN,0.347113795985715,0.206315215036353,-0.738438601910998,0.0190547199133854,0.0190547199159056,-0.428394202597981,1.10391902149035,NaN,NaN,0.132391394139668,-0.824853472358984,NaN,NaN,0.11363619141294,NaN,0.960407370312154,0.328003334386197
443.2896,0.367837332772184,-0.0764467627398469,0.333097469921787,-0.718699333020147,1.36743271562867,1.36743271562864,NaN,-0.115618003885836,-0.808887256682058,1.65992324009119,-1.01928516731852,1.65992324009193,1.20604494081767,-1.14456025866542,NaN,NaN,NaN,-0.115428532021807,NaN,1.0346056864289,-0.30082758513295,NaN,-0.71468112002487,NaN,NaN,0.770012489235376,NaN,NaN,1.39646934766061,-0.312365802590268,-0.382463279391495,0.93305390200939,NaN,NaN,0.311363308121771,0.157545806052917,-0.713626978213983,0.0907548597383344,0.0907548597409123,-0.40720934820977,1.11244470150913,NaN,NaN,0.134991129174238,-0.829106634154764,NaN,NaN,0.100433790852354,NaN,0.979847544228443,0.324745950590636
443.392,0.358835564154761,-0.0696248226508713,0.329441964356557,-0.713635014264586,1.3688816960648,1.36888169606476,NaN,-0.113681240564894,-0.865062159072929,1.64891123965213,-1.00704573222505,1.64891123965288,1.21722397340994,-1.13393042853753,NaN,NaN,NaN,-0.111304666098744,NaN,1.01572969448659,-0.285041078941699,NaN,-0.712027696892738,NaN,NaN,0.751435366016087,NaN,NaN,1.37644252351716,-0.341887187653016,-0.410991453497871,0.926025522988593,NaN,NaN,0.275408552633096,0.107893816921296,-0.689163093298987,0.162862910703201,0.162862910705837,-0.386561921715853,1.12159943023479,NaN,NaN,0.138312128632678,-0.834089757446166,NaN,NaN,0.087597984210189,NaN,0.998735613409372,0.322141778552712
443.4944,0.349476839029813,-0.0638090576679611,0.324482141621374,-0.708026815903654,1.36890880868736,1.36890880868731,NaN,-0.113814782413688,-0.923042149955873,1.63596870899879,-0.99384634777664,1.63596870899956,1.22802133451477,-1.1224383746037,NaN,NaN,NaN,-0.108526897577962,NaN,0.996229727175319,-0.268838023834515,NaN,-0.707664718601488,NaN,NaN,0.733104478140426,NaN,NaN,1.35627578831369,-0.370509585266941,-0.439780471865541,0.918840245521107,NaN,NaN,0.239317574467821,0.0574494804174488,-0.665071659645319,0.235249762407209,0.235249762409903,-0.366459845902627,1.13132210542179,NaN,NaN,0.142349818359789,-0.839807926398687,NaN,NaN,0.0751207026198574,NaN,1.01704596193292,0.320185594984658
443.5968,0.339752163727985,-0.0590057307696442,0.318202472689224,-0.701875977944346,1.36757021310484,1.36757021310479,NaN,-0.116067317467743,-0.982700654863479,1.62108538649298,-0.979692984512134,1.62108538649377,1.2384151596968,-1.11010950331118,NaN,NaN,NaN,-0.107108204198805,NaN,0.976147937215257,-0.252278100005059,NaN,-0.701609073369015,NaN,NaN,0.715039304480249,NaN,NaN,1.33595796630802,-0.398175276095718,-0.468783690361896,0.911507559747907,NaN,NaN,0.203157905590889,0.00630653908758534,-0.641374851213247,0.307785838103206,0.307785838105957,-0.346910658984718,1.1415499709483,NaN,NaN,0.147099141687248,-0.846263297784618,NaN,NaN,0.0629931206536147,NaN,1.03475471283496,0.31887304369601
443.6992,0.329654045566185,-0.0552169268834018,0.310592865117218,-0.695186098125625,1.3649223578991,1.36492235789905,NaN,-0.120481712433076,-1.04390423329458,1.60425854660139,-0.964593820854277,1.6042585466022,1.24838371385384,-1.09697065041294,NaN,NaN,NaN,-0.107057464768814,NaN,0.955527722400357,-0.235423986387694,NaN,-0.693880566773071,NaN,NaN,0.697259855470843,NaN,NaN,1.31547569813333,-0.424830945835043,-0.497953700733214,0.904036840137699,NaN,NaN,0.166996248718394,-0.0454383688987694,-0.618092257501861,0.38034172337931,0.380341723382123,-0.327921427214345,1.15221895489838,NaN,NaN,0.152554468567361,-0.853455231226236,NaN,NaN,0.0512055969902049,NaN,1.05183993763284,0.318200684297512
443.8016,0.31917635273336,-0.0524403611126482,0.301648683870423,-0.687963113817154,1.36102132363645,1.36102132363638,NaN,-0.127094462213045,-1.106512921376,1.58549307304833,-0.94855887714609,1.58549307304916,1.25790551784679,-1.08305005087704,NaN,NaN,NaN,-0.108379275709676,NaN,0.934413770167315,-0.218341212235424,NaN,-0.684501683284707,NaN,NaN,0.679786996314714,NaN,NaN,1.29481344535143,-0.450427735444987,-0.52724267793253,0.896437394690065,NaN,NaN,0.130898157383195,-0.0976863285231916,-0.595240845953187,0.452788773216395,0.452788773219262,-0.309498640223969,1.16326397649661,NaN,NaN,0.158709485721383,-0.861380402989804,NaN,NaN,0.0397476337338918,NaN,1.06828184692907,0.318166020984648
443.904,0.308314203525524,-0.0506692125254885,0.291370781049558,-0.680215280280381,1.35592223789519,1.35592223789511,NaN,-0.13593514872852,-1.17038059562341,1.56480150429073,-0.931599657999328,1.56480150429158,1.26695949429403,-1.06837731427565,NaN,NaN,NaN,-0.111073761015098,NaN,0.912852086700129,-0.201097990498954,NaN,-0.673497344236198,NaN,NaN,0.662642732115964,NaN,NaN,1.27395349323591,-0.474921310892932,-0.556602709400408,0.88871847580375,NaN,NaN,0.0949277212754341,-0.150336759513044,-0.572834960278136,0.5249996826726,0.524999682675524,-0.29164809650293,1.17461921914475,NaN,NaN,0.165557076277638,-0.870032905895677,NaN,NaN,0.0286078648706492,NaN,1.08406294594829,0.318767512161528
444.0064,0.297063878418757,-0.0498919985386801,0.279765513745483,-0.671953156374232,1.34967876230184,1.34967876230175,NaN,-0.14702591070072,-1.23535537314531,1.54220404171252,-0.913728805774503,1.54220404171338,1.27552511760249,-1.05298340265101,NaN,NaN,NaN,-0.115136390861207,NaN,0.890890001097731,-0.183765017792546,NaN,-0.660894665711941,NaN,NaN,0.645850451658168,NaN,NaN,1.25287595519668,-0.498271940757985,-0.585986103870316,0.880889270692364,NaN,NaN,0.0591472711751757,-0.203288014634867,-0.550886368933407,0.596849011411073,0.596849011414046,-0.274374789485884,1.18621837953823,NaN,NaN,0.17308919953549,-0.879404354333936,NaN,NaN,0.0177740689730967,NaN,1.09916814901789,0.320004561554151
444.1088,0.285422748341459,-0.0500925134852847,0.266844721335239,-0.663189600899902,1.34234265326778,1.34234265326768,NaN,-0.160380944220668,-1.30128006312188,1.51772850695575,-0.894959767816704,1.51772850695663,1.28358255236722,-1.03690061024776,NaN,NaN,NaN,-0.12055782819134,NaN,0.868576142255041,-0.166415232077396,NaN,-0.646722725297454,NaN,NaN,0.629435130130517,NaN,NaN,1.23155879028062,-0.520444563460039,-0.615345681932644,0.872958892591758,NaN,NaN,0.0236171184335861,-0.256437957726981,-0.529404364535215,0.668213651453939,0.668213651456958,-0.257682804139358,1.19799490421087,NaN,NaN,0.181296777531384,-0.88948401444567,NaN,NaN,0.00723319984589039,NaN,1.11358485426379,0.321877488818713
444.2112,0.273389222764799,-0.051249856194867,0.252625643632724,-0.653939772294359,1.33396341827104,1.33396341827094,NaN,-0.176006069568661,-1.36799268402168,1.49141023866562,-0.875306481002808,1.49141023866651,1.29111277289836,-1.02016254649983,NaN,NaN,NaN,-0.127323817411405,NaN,0.845960392829167,-0.149123529788613,NaN,-0.63101234628825,NaN,NaN,0.613423486948313,NaN,NaN,1.20997784558166,-0.541408830120585,-0.644635046222372,0.864936378600624,NaN,NaN,-0.011604664586596,-0.309684513161469,-0.508395909112664,0.738973230327329,0.738973230330391,-0.241575229545585,1.20988221737643,NaN,NaN,0.190169587697555,-0.900258966704064,NaN,NaN,-0.00302856125077595,NaN,1.12730297883127,0.324387475109636
444.3136,0.260962728394914,-0.0533385632165792,0.237130776592331,-0.644221119627342,1.32458809831682,1.3245880983167,NaN,-0.193898396327491,-1.43532706121947,1.46329192375128,-0.854783073688142,1.46329192375219,1.2980976662911,-1.00280412381546,NaN,NaN,NaN,-0.135415119571644,NaN,0.823093825019122,-0.131966448710883,NaN,-0.613795903057029,NaN,NaN,0.597844088073872,NaN,NaN,1.18810692539884,-0.561139121495033,-0.673808821485045,0.856830684786669,NaN,NaN,-0.0464624246405003,-0.362926178412396,-0.487865817870698,0.809010450104924,0.809010450108028,-0.226054088360162,1.22181393586111,NaN,NaN,0.199696157602464,-0.911714294196417,NaN,NaN,-0.0130257228472817,NaN,1.14031495173078,0.327536479531361
444.416,0.248143728076302,-0.0563288535801037,0.220387670727787,-0.634053356960001,1.31426119129755,1.31426119129742,NaN,-0.21404609271646,-1.50311351361912,1.43342335660074,-0.833403581806169,1.43342335660167,1.30452012342863,-0.984861549698016,NaN,NaN,NaN,-0.144807489344383,NaN,0.800028615858413,-0.115021817541018,NaN,-0.595107143911213,NaN,NaN,0.582727382702881,NaN,NaN,1.16591787883245,-0.579614546745894,-0.702822856316373,0.84865066971968,NaN,NaN,-0.0809030712776344,-0.416062492642448,-0.467816976015508,0.878211365753199,0.878211365756342,-0.21112028342428,1.23372406534754,NaN,NaN,0.20986366260447,-0.923833284847893,NaN,NaN,-0.0227733662488758,NaN,1.15261566247312,0.331327126458826
444.5184,0.234933785465204,-0.060186979847808,0.202428683093558,-0.623458419208083,1.30302471240112,1.30302471240098,NaN,-0.23642823698795,-1.57117962618078,1.40186111261962,-0.811181679899804,1.40186111262056,1.31036411915227,-0.96637232046975,NaN,NaN,NaN,-0.15547168574235,NaN,0.776817933253722,-0.098368367973073,NaN,-0.574981025802355,NaN,NaN,0.568105671039876,NaN,NaN,1.14338069842313,-0.596818929080707,-0.731634392317693,0.840405067123121,NaN,NaN,-0.114876185467157,-0.468994460515687,-0.448250589169714,0.946465604024853,0.946465604028031,-0.196773564962509,1.24554717699631,NaN,NaN,0.220657833899474,-0.936597638844765,NaN,NaN,-0.0322869968425254,NaN,1.16420236797319,0.335762564637453
444.6208,0.221335671789506,-0.0648756618728693,0.183290700215789,-0.612460398344407,1.29091838622127,1.29091838622112,NaN,-0.261014721900132,-1.63935109217319,1.36866812045823,-0.788130443199423,1.36866812045919,1.31561478349256,-0.947375213395415,NaN,NaN,NaN,-0.167373511795426,NaN,0.753515787871618,-0.0820853108981948,NaN,-0.553453570351853,NaN,NaN,0.554013000938861,NaN,NaN,1.12046363561255,-0.612740772208259,-0.760202218978844,0.832102452627465,NaN,NaN,-0.148334093582269,-0.521624939772529,-0.429166471085159,1.01366653111284,1.01366653111605,-0.183012523007927,1.25721856911974,NaN,NaN,0.232062884579421,-0.949987675026192,NaN,NaN,-0.0415823675951917,NaN,1.17507456564628,0.34084628812261
444.7232,0.207353496333171,-0.0703545604578789,0.163014850751076,-0.601085457979635,1.27797996297301,1.27797996297285,NaN,-0.287766196036773,-1.70745259459036,1.33391313178729,-0.764262171655103,1.33391313178826,1.32025846816821,-0.927910273508843,NaN,NaN,NaN,-0.180473880213917,NaN,0.730176857167002,-0.0662518872421473,NaN,-0.530561769897728,NaN,NaN,0.540484988209372,NaN,NaN,1.09713335182964,-0.627373193604857,-0.788486831056968,0.823751207842145,NaN,NaN,-0.181231907279382,-0.5738590054037,-0.410563368886491,1.07971139080145,1.0797113908047,-0.169834604235252,1.26867441985307,NaN,NaN,0.244061455177757,-0.963982526624135,NaN,NaN,-0.0506752795060336,NaN,1.18523384550103,0.346581897319517
444.8256,0.192992839151934,-0.076580748106234,0.1416462232269,-0.589361729530533,1.26424562837011,1.26424562836993,NaN,-0.316634043643025,-1.77530868699739,1.29767011563595,-0.739588298216202,1.29767011563693,1.3242828095135,-0.90801879022232,NaN,NaN,NaN,-0.194728898046071,NaN,0.706856292709738,-0.0509469025174869,NaN,-0.506343564180494,NaN,NaN,0.527558561697304,NaN,NaN,1.07335512198827,-0.64071381379411,-0.816450594024819,0.815359483455799,NaN,NaN,-0.21352753216571,-0.625604302833654,-0.392439319376366,1.14450143667094,1.14450143667423,-0.157236143145196,1.27985193243268,NaN,NaN,0.256634573078881,-0.978560313756181,NaN,NaN,-0.0595813699270714,NaN,1.1946837332676,0.352972789069226
444.928,0.178260876499007,-0.0835091542304109,0.119233599000413,-0.57731920153008,1.24975045284411,1.24975045284392,NaN,-0.347560416893989,-1.84274464118981,1.26001762351169,-0.714119374681772,1.26001762351269,1.32767678396108,-0.887743259226074,NaN,NaN,NaN,-0.21008996126911,NaN,0.683609517278439,-0.0362482443353239,NaN,-0.480837878083556,NaN,NaN,0.515271646418015,NaN,NaN,1.04909309113891,-0.652764602708878,-0.844057913380352,0.806935161706049,NaN,NaN,-0.245181654238314,-0.676771401313031,-0.37479202264987,1.20794207020477,1.2079420702081,-0.14521239317989,1.29068946877299,NaN,NaN,0.269761616699484,-0.993698286013296,NaN,NaN,-0.0683159079973709,NaN,1.20342953103093,0.360021793287552
445.0304,0.163166499713121,-0.0910929834351475,0.0958292025137467,-0.564989614339567,1.23452883478999,1.23452883478979,NaN,-0.380478333249473,-1.90958725142418,1.22103816364557,-0.687865110119632,1.22103816364659,1.33043075097538,-0.867127326278662,NaN,NaN,NaN,-0.226503854748634,NaN,0.660492012639806,-0.0222323740693439,NaN,-0.454084697419312,NaN,NaN,0.503662800761369,NaN,NaN,1.02431057047859,-0.663531693927666,-0.871275397445889,0.798485813812979,NaN,NaN,-0.276157720537833,-0.727274152947104,-0.35761921264614,1.26994298352309,1.26994298352645,-0.133757548071665,1.30112666535327,NaN,NaN,0.283420277707113,-1.00937293910245,NaN,NaN,-0.0768936178264395,NaN,1.21147815837681,0.367730789630729
445.1328,0.14772043535058,-0.0992841183909343,0.0714884669041429,-0.55240636258419,1.21861493181974,1.21861493181952,NaN,-0.415311839067183,-1.97566560679965,1.18081760074402,-0.66083444110353,1.18081760074505,1.33253647717073,-0.846215707774216,NaN,NaN,NaN,-0.243912854618043,NaN,0.637559092452488,-0.00897377949115907,NaN,-0.426125172525847,NaN,NaN,0.492770815614295,NaN,NaN,0.998970357850682,-0.673025177294017,-0.898071998071629,0.790018641110877,NaN,NaN,-0.306421933313203,-0.777030051818676,-0.340919001528509,1.33041829521183,1.33041829521523,-0.122864749843859,1.31110452726649,NaN,NaN,0.297586519212813,-1.02556011093209,NaN,NaN,-0.0853285406435085,NaN,1.21883799371133,0.376100332287611
445.2352,0.131935382123788,-0.108033524665086,0.0462698162274711,-0.539604397171314,1.20204310429803,1.2020431042978,NaN,-0.451976237092666,-2.04081185114939,1.1394445833333,-0.633035621435023,1.13944458333433,1.33398712973616,-0.825054079773012,NaN,NaN,NaN,-0.262254824849271,NaN,0.614865643943814,0.00345562320788274,NaN,-0.397001753955909,NaN,NaN,0.482634275236545,NaN,NaN,0.973035078228458,-0.681258872410309,-0.924419112770675,0.781540386874591,NaN,NaN,-0.335943269319041,-0.825960580811593,-0.324690175396298,1.38928666481479,1.38928666481821,-0.11252607862112,1.32056549650028,NaN,NaN,0.3122345292334,-1.04223505192277,NaN,NaN,-0.0936339321544466,NaN,1.22551870755142,0.385129300150389
445.3376,0.115826176884144,-0.117291672198814,0.0202344643483329,-0.526620115389347,1.18484839135341,1.18484839135317,NaN,-0.490378384440128,-2.10486194586478,1.09700999403481,-0.6044763212278,1.09700999403586,1.33477722449813,-0.803688927628717,NaN,NaN,NaN,-0.281463299562791,NaN,0.592465818324708,0.0149871377018632,NaN,-0.366758365250162,NaN,NaN,0.473291078642631,NaN,NaN,0.946467548067278,-0.688250077842918,-0.950290637209796,0.773057212551136,NaN,NaN,-0.364693520072027,-0.873991535166748,-0.308932422720645,1.44647138330308,1.44647138330652,-0.102732514968488,1.32945349003361,NaN,NaN,0.327336667753647,-1.05937245593592,NaN,NaN,-0.101822182421161,NaN,1.23153107423001,0.394814579952062
445.44,0.0994099859913755,-0.127008978669859,-0.00655377826406197,-0.513491230764681,1.16706701159631,1.16706701159605,NaN,-0.530417069941932,-2.16765644340634,1.05360641416148,-0.575163730805067,1.05360641416254,1.33490252092542,-0.782167352019252,NaN,NaN,NaN,-0.301467550435157,NaN,0.570412660873388,0.0255559774463502,NaN,-0.335440609068899,NaN,NaN,0.464777922323533,NaN,NaN,0.919231163344545,-0.694019289818152,-0.975662961336194,0.764574539060857,NaN,NaN,-0.392647339846073,-0.921053315827641,-0.293646489633854,1.5019004522151,1.50190045221856,-0.0934738659778061,1.33771390639691,NaN,NaN,0.342863406679073,-1.07694644096283,NaN,NaN,-0.109904750466366,NaN,1.23688675329045,0.405150781016127
445.5424,0.0827065050309363,-0.137136272336184,-0.0340287062955941,-0.500256623609922,1.14873685355257,1.1487368535523,NaN,-0.571983472001899,-2.22904127237802,1.00932759693335,-0.545104672971927,1.00932759693442,1.3343598655638,-0.760536829844618,NaN,NaN,NaN,-0.322192643343083,NaN,0.548757683909962,0.0351019973793393,NaN,-0.303095996421162,NaN,NaN,0.457129743476708,NaN,NaN,0.891290300408585,-0.698589890699773,-1.00051490302172,0.756096854421,NaN,NaN,-0.419782294535789,-0.967081189134283,-0.278834272525869,1.55550666404875,1.55550666405223,-0.0847386507053912,1.34529360397422,NaN,NaN,0.358783263939053,-1.09493047737948,NaN,NaN,-0.117892115297734,NaN,1.24159804165936,0.41612997920326
445.6448,0.0657381453635463,-0.147625269089031,-0.0621219486597762,-0.486956182002584,1.12989791552026,1.12989791551997,NaN,-0.614961696087472,-2.28886853108103,0.964267951481162,-0.514305724713191,0.96426795148224,1.33314698938585,-0.73884493273663,NaN,NaN,NaN,-0.343559488225425,NaN,0.527550391262349,0.0435704746666958,NaN,-0.269774189647718,NaN,NaN,0.450379121824792,NaN,NaN,0.862610715444373,-0.70198781646804,-1.02482757650478,0.747627488943441,NaN,NaN,-0.44607891434247,-1.01201551316824,-0.264498864326701,1.60722768319481,1.6072276831983,-0.0765139454499404,1.35214085673715,NaN,NaN,0.37506273314682,-1.11329727141155,NaN,NaN,-0.125793746032499,NaN,1.24567760370357,0.427741496111949
445.7472,0.0485301890405027,-0.158429053232841,-0.0907632355715112,-0.473630639878217,1.11059267560795,1.11059267560764,NaN,-0.659229387377998,-2.3469972798498,0.91852204555531,-0.482773343134706,0.918522045556398,1.33126226858184,-0.717139015534939,NaN,NaN,NaN,-0.365484888076541,NaN,0.506837770846338,0.0509129285023681,NaN,-0.235527251818633,NaN,NaN,0.444555650032262,NaN,NaN,0.833159935871476,-0.70424121522589,-1.04858420149374,0.739168365403084,NaN,NaN,-0.471520752509125,-1.05580193226807,-0.250644568424439,1.65700611451929,1.65700611452279,-0.0687851982267206,1.35820529571591,NaN,NaN,0.39166621130097,-1.13201862061909,NaN,NaN,-0.133618090033265,NaN,1.24913818836445,0.439971724568653
445.8496,0.0311109022586211,-0.16950253940848,-0.119880693866546,-0.460321407750747,1.09086640263735,1.09086640263703,NaN,-0.704658394987728,-2.40329430791287,0.872184136421888,-0.45051399734911,0.872184136422985,1.32870446736182,-0.695465895783642,NaN,NaN,NaN,-0.387881598226752,NaN,0.48666378418122,0.0570879390651461,NaN,-0.200409891740633,NaN,NaN,0.439685303309812,NaN,NaN,0.802907644717458,-0.705380102893611,-1.07176986745459,0.730719741048918,NaN,NaN,-0.496094443381098,-1.09839153631082,-0.237276893432274,1.70478954291374,1.70478954291725,-0.06153603530523,1.36343784911651,NaN,NaN,0.408555932623632,-1.15106526138072,NaN,NaN,-0.141372576642197,NaN,1.25199234459139,0.452804003427363
445.952,0.0135116054530864,-0.180802883764622,-0.149401143683758,-0.447070388176416,1.07076743320838,1.07076743320804,NaN,-0.751115449458041,-2.45763483968585,0.825347738525845,-0.417534319915763,0.825347738526952,1.32547248874785,-0.673871544940729,NaN,NaN,NaN,-0.410658410852495,NaN,0.467068885091566,0.0620619104703782,NaN,-0.164479689805863,NaN,NaN,0.435789846116141,NaN,NaN,0.771826057003771,-0.705436014634313,-1.09437127177468,0.722279963705249,NaN,NaN,-0.519789746429248,-1.13974097395666,-0.224402539809867,1.75053053587305,1.75053053587656,-0.054748090135528,1.36779069560392,NaN,NaN,0.425691922971069,-1.17040672250372,NaN,NaN,-0.14906363201393,NaN,1.25425214815451,0.46621853253172
446.0544,-0.00423329790194285,-0.19228981992115,-0.179250372036685,-0.433919775976669,1.05034742909922,1.05034742909887,NaN,-0.798462829564392,-2.50990315443664,0.778105234910068,-0.383841289938117,0.778105234911184,1.32156515737625,-0.652400804891682,NaN,NaN,NaN,-0.433720279561918,NaN,0.448089590578278,0.0658097304331795,NaN,-0.127797293649779,NaN,NaN,0.432886301988812,NaN,NaN,0.739890279923749,-0.704441647817351,-1.11637645074323,0.713845263017674,NaN,NaN,-0.542599561817086,-1.17981250729168,-0.212029380895198,1.79418661698328,1.7941866169868,-0.0484008800481799,1.37121724215672,NaN,NaN,0.443031990979388,-1.19001119175321,NaN,NaN,-0.156696698200453,NaN,1.25592895276149,0.480192315569044
446.1568,-0.0220863293456483,-0.203925914733723,-0.209353373884265,-0.420911850982087,1.02966160549355,1.02966160549318,NaN,-0.846559020718447,-2.55999311330604,0.730547536698007,-0.34944244652156,0.730547536699133,1.31698105043457,-0.631097137519585,NaN,NaN,NaN,-0.456968495124347,NaN,0.429758115200082,0.0683153007143982,NaN,-0.0904265797787299,NaN,NaN,0.430986497565337,NaN,NaN,0.707078648303266,-0.702430496398493,-1.13777451995273,0.705409592482346,NaN,NaN,-0.564519904926666,-1.21857399995027,-0.200166433892266,1.83572022320596,1.83572022320948,-0.0424717447848231,1.37367213363674,NaN,NaN,0.460531768389946,-1.20984540015373,NaN,NaN,-0.164276252868695,NaN,1.25703317652805,0.494699124691107
446.2592,-0.0400069750254356,-0.215676751928667,-0.239634562217316,-0.408088772048321,1.00876890436948,1.00876890436909,NaN,-0.895259370790519,-2.60780859356867,0.682763790766155,-0.314346119910025,0.68276379076729,1.31171838445869,-0.610002411756969,NaN,NaN,NaN,-0.480300914965953,NaN,0.412102074220053,0.0695719360379301,NaN,-0.0524347785314546,NaN,NaN,0.430096683636011,NaN,NaN,0.673373034903357,-0.699436484544555,-1.15855543643607,0.696964530239555,NaN,NaN,-0.585549831261855,-1.25599883682822,-0.18882381784937,1.87509865043928,1.8750986504428,-0.0369358491887289,1.37511129578298,NaN,NaN,0.478144804231236,-1.22987452738233,NaN,NaN,-0.171805831035555,NaN,1.25757413190825,0.509709488651461
446.3616,-0.0579517524027623,-0.227511053861633,-0.270017951622417,-0.395492380796596,0.987732082851971,0.98773208285157,NaN,-0.944416733886004,-2.65326382213913,0.634841133256617,-0.278561665158756,0.634841133257762,1.3057749591715,-0.589156728942675,NaN,NaN,NaN,-0.503612240707379,NaN,0.39514425885617,0.0695826436825324,NaN,-0.0138925561913859,NaN,NaN,0.430217233125344,NaN,NaN,0.638759139432905,-0.695493609821779,-1.1787097921336,0.688499240310808,NaN,NaN,-0.605691308153264,-1.29206578083931,-0.178012700682964,1.91229398850754,1.91229398851106,-0.0317662441859008,1.37549200792072,NaN,NaN,0.495822710609545,-1.25006212831413,NaN,NaN,-0.179288050676757,NaN,1.25755990308985,0.525190709679514
446.464,-0.0758743021658733,-0.239400752064308,-0.30042732292388,-0.383164026415937,0.966617687078323,0.966617687077907,NaN,-0.99388208687914,-2.69628359904091,0.58686448636034,-0.242099686493152,0.586864486361495,1.29914815926027,-0.568598285114227,NaN,NaN,NaN,-0.526794338611901,NaN,0.378902485169596,0.0683602960448582,NaN,0.0251259534590697,NaN,NaN,0.431342415947572,NaN,NaN,0.603226753710578,-0.690635601523247,-1.19822864861407,0.680000496094118,NaN,NaN,-0.624949033937386,-1.32675878024373,-0.167745237429964,1.94728305538896,1.94728305539246,-0.0269339764427437,1.37477300033445,NaN,NaN,0.513515355740968,-1.27037008052644,NaN,NaN,-0.186724644328678,NaN,1.25699727138424,0.541106910876901
446.5664,-0.0937255086354268,-0.251321018522566,-0.330786383345346,-0.371144422449107,0.945495889930383,0.945495889929954,NaN,-1.0435051138531,-2.73680340915556,0.538916393151818,-0.204972244638732,0.538916393152982,1.29183501627382,-0.548363269051619,NaN,NaN,NaN,-0.549736607368751,NaN,0.36338951784382,0.0659276993922639,NaN,0.0645431734114643,NaN,NaN,0.433460252684553,NaN,NaN,0.566769994355401,-0.684895596391301,-1.21710342372666,0.671452773497676,NaN,NaN,-0.643330207775122,-1.36006674242432,-0.158034495485724,1.98004734600643,1.98004734600994,-0.0224082360424644,1.37291457353258,NaN,NaN,0.531171100619971,-1.29075855597653,NaN,NaN,-0.194116502893551,NaN,1.25589168883221,0.557419111523487
446.6688,-0.111453653404408,-0.263250266437842,-0.361018935326923,-0.35947353421058,0.924440195036537,0.924440195036094,NaN,-1.09313476766212,-2.7747694284582,0.491076884265815,-0.167193044222543,0.49107688426699,1.28383232738677,-0.528485795070827,NaN,NaN,NaN,-0.572326407459291,NaN,0.348613073929027,0.0623175484557291,NaN,0.10427816612321,NaN,NaN,0.436552456382566,NaN,NaN,0.529387499919697,-0.678305831933535,-1.2353258402459,0.662838422610997,NaN,NaN,-0.660844252727528,-1.39198328597533,-0.148894356076703,2.01057300123773,2.01057300124123,-0.0181565389375372,1.36987874246512,NaN,NaN,0.548737079861366,-1.31118602649251,NaN,NaN,-0.20146374066183,NaN,1.25424730183839,0.574085331157962
446.7712,-0.129004597565434,-0.275170120676885,-0.391049049099143,-0.348190478354001,0.903527042791644,0.903527042791187,NaN,-1.14261982286601,-2.8101384370102,0.443423380392772,-0.128777604122981,0.443423380393958,1.27513682377898,-0.508997869529273,NaN,NaN,NaN,-0.594449564270489,NaN,0.334575911799245,0.0575722506098662,NaN,0.144246776155053,NaN,NaN,0.440594480150593,NaN,NaN,0.491082597036634,-0.670897354574608,-1.2528879409051,0.654137917168454,NaN,NaN,-0.677502496240967,-1.42250647813204,-0.140339381490707,2.03885078730298,2.03885078730647,-0.0141449550038397,1.36562941625724,NaN,NaN,0.566159533881782,-1.33160931582691,NaN,NaN,-0.208765787474494,NaN,1.25206702614235,0.591060730187302
446.8736,-0.146321980009449,-0.28706535239316,-0.420801220307947,-0.33733341299317,0.882835368824485,0.882835368824016,NaN,-1.19180942669594,-2.8428776548563,0.396030646177359,-0.0897434168854993,0.396030646178557,1.26574538362144,-0.489929388652557,NaN,NaN,NaN,-0.615990938954604,NaN,0.321276000560539,0.0517436207907968,NaN,0.184361828345796,NaN,NaN,0.445555679932128,NaN,NaN,0.451863437157613,-0.662699743743283,-1.26978215911152,0.645330166463058,NaN,NaN,-0.693317822040571,-1.45163855957186,-0.132384642370354,2.06487607229485,2.06487607229833,-0.0103383930901102,1.3601326229619,NaN,NaN,0.583384197545967,-1.35198370170325,NaN,NaN,-0.216021505803431,NaN,1.24935267037326,0.608297793702299
446.976,-0.16334742923973,-0.298923775642339,-0.450200507916178,-0.32693941168898,0.862446147322866,0.862446147322385,NaN,-1.24055364471865,-2.8729645198194,0.348970806517523,-0.050110100742877,0.348970806518732,1.2556552813537,-0.471308160489806,NaN,NaN,NaN,-0.636835042314003,NaN,0.308706754045286,0.0448924738491269,NaN,0.224533366597566,NaN,NaN,0.451399576928281,NaN,NaN,0.41174309726513,-0.653740861614745,-1.28600141641136,0.636392866574095,NaN,NaN,-0.708304317199212,-1.47938565249989,-0.125045504335633,2.08864879694345,2.08864879694692,-0.00670093782438933,1.35335677796379,NaN,NaN,0.600356737241428,-1.37226305840542,NaN,NaN,-0.223229320622405,NaN,1.2461050995649,0.62574655864639
447.0784,-0.180020802976063,-0.310736109654467,-0.479172671328337,-0.317044330789374,0.842441919723778,0.842441919723289,NaN,-1.28870399153082,-2.90038642522647,0.302313422352678,-0.009899541898945,0.302313422353898,1.24486445724481,-0.453159939962252,NaN,NaN,NaN,-0.656866665410379,NaN,0.296857310452387,0.0370881440122408,NaN,0.264668917596653,NaN,NaN,0.458084187734374,NaN,NaN,0.370739634567393,-0.644046639056252,-1.30153921174531,0.627302869498948,NaN,NaN,-0.722476935389728,-1.5057574434966,-0.118337381449608,2.11017344566032,2.11017344566376,-0.00319622234823886,1.34527298756654,NaN,NaN,0.617023220304746,-1.39240002855216,NaN,NaN,-0.230387344129846,NaN,1.2423244252869,0.643354882306811
447.1808,-0.196280470062061,-0.32249580865479,-0.507644324338001,-0.307682684442323,0.822906290300863,0.822906290300364,NaN,-1.33611392889851,-2.9251404234646,0.256125618675992,0.0308639768799351,0.256125618677224,1.23337179370367,-0.435508468454142,NaN,NaN,NaN,-0.675971513394934,NaN,0.285712843071618,0.0284079430291533,NaN,0.30467377548344,NaN,NaN,0.465562395576442,NaN,NaN,0.328876086841148,-0.633640903391294,-1.31638968034026,0.618036555222282,NaN,NaN,-0.735851185753595,-1.53076683311346,-0.112275474485746,2.12945902265638,2.12945902265981,0.000212172017964516,1.33585538118243,NaN,NaN,0.63333060647679,-1.41234621792776,NaN,NaN,-0.237493478757592,NaN,1.23801020934445,0.66106875215807
447.2832,-0.212063631505612,-0.334198857464325,-0.535543100822678,-0.298887538311501,0.80392337370411,0.803923373703602,NaN,-1.38263931021051,-2.94723288514969,0.210472260963902,0.0721536617617825,0.210472260965144,1.22117739424279,-0.418375515703961,NaN,NaN,NaN,-0.694036841184976,NaN,0.275254896201836,0.0189365564520948,NaN,0.344451311544987,NaN,NaN,0.473782351191398,NaN,NaN,0.286180417003939,-0.622545252567683,-1.33054762191929,0.608570200256338,NaN,NaN,-0.748442848271375,-1.55442955144061,-0.106874514139422,2.14651903249454,2.14651903249796,0.00356028846749537,1.32508146782099,NaN,NaN,0.649227258427046,-1.43205241087698,NaN,NaN,-0.244545486621971,NaN,1.23316167296713,0.678832638541772
447.3856,-0.227306660974585,-0.345843540166117,-0.562797817269255,-0.290690426488659,0.785577195558171,0.785577195557655,NaN,-1.42813876694404,-2.96667910260044,0.165416170973079,0.113940107041563,0.165416170974331,1.2082828645484,-0.401780928145341,NaN,NaN,NaN,-0.710952092474889,NaN,0.26546174503179,0.00876538399692078,NaN,0.383903308138182,NaN,NaN,0.482687900421939,NaN,NaN,0.242685416233568,-0.610778979914263,-1.34400851239965,0.598880343629745,NaN,NaN,-0.760267714897122,-1.57676375042977,-0.102148520567473,2.16137146051889,2.16137146052229,0.00688334138694023,1.31293250932499,NaN,NaN,0.664663464945936,-1.45146880528134,NaN,NaN,-0.251541021785225,NaN,1.22777790562296,0.696589889443905
447.488,-0.241945444594386,-0.357430204224522,-0.589338630406385,-0.283121288484469,0.767951058518662,0.767951058518138,NaN,-1.4724740633026,-2.98350283991919,0.121018359037071,0.156191210888506,0.121018359038332,1.19469159553268,-0.385742693133402,NaN,NaN,NaN,-0.726609539713554,NaN,0.2563087724208,-0.00200815701358747,NaN,0.422930307038276,NaN,NaN,0.492219032273118,NaN,NaN,0.198428595496288,-0.59835904766572,-1.35676851140328,0.588944149679235,NaN,NaN,-0.77134135904254,-1.59778959190648,-0.0981105817569886,2.17403874617612,2.1740387461795,0.0102152504010968,1.29939389633318,NaN,NaN,0.679591960305938,-1.47054526389532,NaN,NaN,-0.25847763506653,NaN,1.22185806317412,0.714283158693537
447.5904,-0.255915712800722,-0.36896104324905,-0.615097203074078,-0.276208422504536,0.751126883093987,0.751126883093457,NaN,-1.51551045884145,-2.99773583915129,0.0773382468850122,0.198872112925738,0.0773382468862832,1.18040905122413,-0.370277029357632,NaN,NaN,NaN,-0.740904919104809,NaN,0.247768848021218,-0.0132813422863992,NaN,0.46143196255273,NaN,NaN,0.502312332986748,NaN,NaN,0.153452091240257,-0.585300100531303,-1.36882446595413,0.578739756936799,NaN,NaN,-0.781678940689606,-1.61752884887148,-0.094772651542794,2.1845477430966,2.18454774309995,0.013588184147818,1.28445550795134,NaN,NaN,0.693968418272213,-1.48923157165773,NaN,NaN,-0.265352770509534,NaN,1.21540153971336,0.731854851624355
447.6928,-0.269153367992185,-0.380439910475999,-0.640006893391871,-0.269978460324455,0.735184521230998,0.735184521230461,NaN,-1.55711710327047,-3.0094172863086,0.034433869735891,0.241945160832144,0.0344338697371726,1.16544306396566,-0.355398509425839,NaN,NaN,NaN,-0.753738055143156,NaN,0.239812697700651,-0.0249468545299994,NaN,0.499307398488724,NaN,NaN,0.512901431608709,NaN,NaN,0.107802588628639,-0.571614512052284,-1.38017390454086,0.568246599330967,NaN,NaN,-0.791295055105193,-1.63600452877903,-0.0921453667017116,2.19292966151695,2.19292966152028,0.0170321343129509,1.26811203700147,NaN,NaN,0.707751903534383,-1.50747768454395,NaN,NaN,-0.272163772253575,NaN,1.20840809883916,0.749247576459493
447.7952,-0.281594809672043,-0.391872168048718,-0.66400297368812,-0.264456373887687,0.720201041388731,0.72020104138819,NaN,-1.59716746042218,-3.01859323800055,-0.00763793696059121,0.285369911611711,-0.00763793695930113,1.14980413270287,-0.341120214841325,NaN,NaN,NaN,-0.765013471868012,NaN,0.232409261480875,-0.0368935114415811,NaN,0.536455572518964,NaN,NaN,0.523917435596115,NaN,NaN,0.0615312509328536,-0.55731246516704,-1.39081502355385,0.557445697945112,NaN,NaN,-0.800203627341867,-1.65324051930595,-0.0902378755198944,2.19921998534157,2.19921998534488,0.0205745281308468,1.25036327265841,NaN,NaN,0.720905273570585,-1.52523396258858,NaN,NaN,-0.278907916156251,NaN,1.20087796059802,0.766404601183095
447.8976,-0.293177247124994,-0.403264574460923,-0.687022870444779,-0.259665516043049,0.706250007693469,0.706250007692926,NaN,-1.63553973393136,-3.02531601487239,-0.0488213566637692,0.329103161549179,-0.04882135666247,1.13350571157582,-0.327453915728104,NaN,NaN,NaN,-0.774640987149454,NaN,0.225526044267064,-0.0490070233830246,NaN,0.572775647569329,NaN,NaN,0.535289366199151,NaN,NaN,0.014693645874365,-0.542402070520947,-1.40074668095011,0.546319937833814,NaN,NaN,-0.808417845351418,-1.66926125390318,-0.0890576671124326,2.20345835323059,2.20345835323387,0.0242398752406399,1.23121434546214,NaN,NaN,0.733395534083913,-1.54245139099093,NaN,NaN,-0.285582474190967,NaN,1.192811852184,0.78327031820066
448,-0.303838983258709,-0.414625204700333,-0.709006402383358,-0.255627691069151,0.693400801369159,0.693400801368614,NaN,-1.67211724873151,-3.02964357238245,-0.0890614150862616,0.37309898639522,-0.0890614150849549,1.11656446666863,-0.314410256522376,NaN,NaN,NaN,-0.782536280421805,NaN,0.219129459411511,-0.0611707730828806,NaN,0.608167365715379,NaN,NaN,0.546944595490582,NaN,NaN,-0.0326503416374948,-0.526889516167744,-1.40996841423147,0.534854351018741,NaN,NaN,-0.815950117172049,-1.68409139035243,-0.0886104008434646,2.20568839822918,2.20568839823243,0.0280494449875905,1.2106759426146,NaN,NaN,0.745194153993712,-1.55908179499004,NaN,NaN,-0.292184809277513,NaN,1.184211032389,0.799790707442634
448.1024,-0.313519665434167,-0.425963383166786,-0.729895994027692,-0.252363252811884,0.681718033937743,0.681718033937199,NaN,-1.70678874368315,-3.03163886051727,-0.128303819704325,0.41730877852442,-0.128303819703011,1.09900047163768,-0.301998923106536,NaN,NaN,NaN,-0.788621421177439,NaN,0.21318515905166,-0.0732665885090205,NaN,0.642531419933535,NaN,NaN,0.558809269291954,NaN,NaN,-0.0804366338613999,-0.51077923166688,-1.4184804856798,0.523036417927705,NaN,NaN,-0.822812036747999,-1.69775548877164,-0.0888997501090898,2.20595755012552,2.20595755012874,0.0320209811844504,1.1887644912655,NaN,NaN,0.756277339393435,-1.57507804598815,NaN,NaN,-0.298712486189958,NaN,1.17507729181796,0.815913772049962
448.2048,-0.322160520322809,-0.437289599946109,-0.749636856672931,-0.249891228367197,0.671261083986227,0.671261083985682,NaN,-1.73944856176305,-3.03136918758281,-0.166494836491916,0.461681288967905,-0.166494836490593,1.08083731717842,-0.290228773596788,NaN,NaN,NaN,-0.792825348426465,NaN,0.207658346871102,-0.0851754826884035,NaN,0.675769820186705,NaN,NaN,0.570808695729467,NaN,NaN,-0.12859714778176,-0.494074049327982,-1.42628393719081,0.510856379910679,NaN,NaN,-0.82901434769995,-1.7102776761523,-0.0899272802559523,2.20431681371317,2.20431681371636,0.036168470292578,1.16550229564204,NaN,NaN,0.76662625689342,-1.59039424883162,NaN,NaN,-0.305163378774387,NaN,1.165412925171,0.831589912580286
448.3072,-0.329704594590034,-0.448615389466494,-0.768177141569824,-0.248229460717907,0.662083766249062,0.662083766248518,NaN,-1.76999676497263,-3.02890560840084,-0.203581217979675,0.50616269694902,-0.203581217978345,1.06210212481772,-0.279107925868868,NaN,NaN,NaN,-0.795084293219189,NaN,0.202514074806654,-0.0967783417900295,NaN,0.707786249773159,NaN,NaN,0.582867693770755,NaN,NaN,-0.177060053495043,-0.47677535820832,-1.43338062846832,0.49830754141829,NaN,NaN,-0.834566900546054,-1.72168129720884,-0.0916923756734558,2.20082054046542,2.20082054046857,0.0405019775633955,1.14091761175896,NaN,NaN,0.776227194996337,-1.60498590068992,NaN,NaN,-0.311535760273978,NaN,1.15522067721248,0.846772217317917
448.4096,-0.336097009715195,-0.459953170585209,-0.785468073553344,-0.247394764758683,0.654234117190288,0.654234117189743,NaN,-1.79833922003698,-3.02432235613595,-0.239510180607007,0.55069672495275,-0.23951018060567,1.0428254701419,-0.26864380082446,NaN,NaN,NaN,-0.795342135580928,NaN,0.197717527448406,-0.107956542838977,NaN,0.738486405002792,NaN,NaN,0.594910916167888,NaN,NaN,-0.225750091352029,-0.458883262376462,-1.43977324431713,0.485386543399984,NaN,NaN,-0.839478604774836,-1.7319885662762,-0.0941922257105292,2.19552620660178,2.19552620660489,0.0450275555651375,1.11504465259704,NaN,NaN,0.785071659458514,-1.61881002025774,NaN,NaN,-0.317828372899983,NaN,1.1445036733135,0.861416673836748
448.512,-0.341285229990153,-0.471316059999414,-0.801464074868079,-0.247403094561364,0.647754267954429,0.647754267953886,NaN,-1.82438769195893,-3.01769632523271,-0.274229424781884,0.59522480267953,-0.274229424780541,1.0230412284223,-0.258843125248767,NaN,NaN,NaN,-0.793550689226556,NaN,0.193234297115451,-0.118592488419152,NaN,0.767778311222674,NaN,NaN,0.60686316578743,NaN,NaN,-0.274588930547584,-0.440396754236049,-1.44546527490617,0.472093598561209,NaN,NaN,-0.84375738243373,-1.74122024298712,-0.0974218758192222,2.18849420221839,2.18849420222145,0.0497472216600311,1.0879235260053,NaN,NaN,0.793156405105216,-1.63182525299972,NaN,NaN,-0.32404047455221,NaN,1.13326534451875,0.875482324060997
448.6144,-0.345219345501421,-0.482717669872523,-0.816122891056088,-0.248269716514112,0.642680382041237,0.642680382040693,NaN,-1.84805996175875,-3.00910659866289,-0.307687201686855,0.639686270788137,-0.307687201685507,1.00278635835737,-0.24971190329077,NaN,NaN,NaN,-0.789669913047186,NaN,0.189030654072116,-0.128570064573094,NaN,0.795572616771342,NaN,NaN,0.61864970487974,NaN,NaN,-0.323495555512078,-0.421313896841807,-1.45046097601883,0.458432678159165,NaN,NaN,-0.847410132585117,-1.74939535369123,-0.101374344752247,2.1797876331232,2.17978763312622,0.0546590038942979,1.05960010485535,NaN,NaN,0.800483402003559,-1.64399195472764,NaN,NaN,-0.330171861681669,NaN,1.12150934736895,0.888931374739474
448.7168,-0.34785237211936,-0.494171894342707,-0.829405725359238,-0.250009379523464,0.639042650015827,0.639042650015283,NaN,-1.86927996286148,-2.99863400757239,-0.339832438064617,0.684018610015944,-0.339832438063263,0.982100632990649,-0.241255363148127,NaN,NaN,NaN,-0.783668053338538,NaN,0.185073818666163,-0.137775046428263,NaN,0.821782877814507,NaN,NaN,0.630196534200218,NaN,NaN,-0.372386672724464,-0.401632000891329,-1.45476530654262,0.444411635807928,NaN,NaN,-0.850442715055861,-1.75653096919082,-0.106040799919118,2.16947213681257,2.16947213681555,0.059757060361725,1.03012582003202,NaN,NaN,0.807059724821389,-1.65527224768033,NaN,NaN,-0.336222874896108,NaN,1.10923947395571,0.901729257009169
448.8192,-0.349140562359058,-0.505692684271951,-0.841277374339488,-0.252636475960849,0.636865348568195,0.636865348567652,NaN,-1.88797791084597,-2.98636071605151,-0.370614920207327,0.728157688336701,-0.370614920205971,0.961026313771231,-0.233477878941222,NaN,NaN,NaN,-0.775521721196939,NaN,0.181332236761458,-0.146095476494244,NaN,0.846325848567374,NaN,NaN,0.641430621524475,NaN,NaN,-0.421177138456839,-0.381347790727162,-1.45838383634866,0.430042261731393,NaN,NaN,-0.852859956978636,-1.76264203010106,-0.111410774844027,2.15761571082144,2.15761571082437,0.0650318726618324,0.999557369324046,NaN,NaN,0.812897358299215,-1.66563004534038,NaN,NaN,-0.34219440068723,NaN,1.09645955178607,0.913844627316136
448.9216,-0.349043719892798,-0.517293800550669,-0.851706348021433,-0.25616518873174,0.636166981171806,0.636166981171269,NaN,-1.90409039682424,-2.97236982916344,-0.399985521225713,0.772038035560809,-0.399985521224355,0.939607765069303,-0.226382871336913,NaN,NaN,NaN,-0.765215905723782,NaN,0.177775848077122,-0.153422019956605,NaN,0.869121781287152,NaN,NaN,0.652280081333198,NaN,NaN,-0.469780412738859,-0.360457561355553,-1.46132262121391,0.415340273465523,NaN,NaN,-0.854665677828393,-1.76774119880898,-0.117472410546444,2.14428855115618,2.14428855115908,0.0704705043000628,0.967956349394135,NaN,NaN,0.8180129283246,-1.67503105373841,NaN,NaN,-0.348087881726068,NaN,1.08317334023383,0.925249312177564
449.024,-0.347525520738667,-0.528988528816657,-0.860664962300868,-0.260609618213204,0.636960511658689,0.636960511658157,NaN,-1.9175604357465,-2.95674502058459,-0.427896449074667,0.815593162113646,-0.427896449073306,0.917891026276281,-0.219972700920173,NaN,NaN,NaN,-0.752743920558248,NaN,0.174376334271275,-0.159648277008869,NaN,0.890094731128129,NaN,NaN,0.662674317277028,NaN,NaN,-0.518109042087195,-0.338957326059302,-1.46358804356724,0.400325251212442,NaN,NaN,-0.855862724527767,-1.77183872304565,-0.124212707068247,2.12956290464532,2.12956290464818,0.0760569127219286,0.935388825451104,NaN,NaN,0.822427376400034,-1.68344276024351,NaN,NaN,-0.353905340789582,NaN,1.06938443450013,0.935918206589916
449.1264,-0.344553846073188,-0.540789350679033,-0.868129404575637,-0.265983882349791,0.639253682390771,0.639253682390245,NaN,-1.92833748973049,-2.93957017172561,-0.454301496660983,0.858755925940253,-0.45430149665962,0.895923371702729,-0.214248569300125,NaN,NaN,NaN,-0.73810728292471,NaN,0.171107344557442,-0.164671030504536,NaN,0.909172861113389,NaN,NaN,0.672544132121345,NaN,NaN,-0.566075164795805,-0.316842952743298,-1.46518662227379,0.385020522489756,NaN,NaN,-0.856453011524635,-1.77494231388793,-0.131617775219755,2.11351294041262,2.11351294041543,0.0817723065615457,0.90192485026961,NaN,NaN,0.826165590511975,-1.69083441367647,NaN,NaN,-0.359649413432446,NaN,1.05509618519809,0.945829141766866
449.2288,-0.340101121241987,-0.552707594129631,-0.874079787259056,-0.27230218364655,0.643049387668499,0.643049387667978,NaN,-1.93637749476173,-2.92092901957132,-0.479156282428769,0.901458932907156,-0.479156282427404,0.873752880825938,-0.209210433147881,NaN,NaN,NaN,-0.721315529702311,NaN,0.167944706680577,-0.168390434051846,NaN,0.926288745555855,NaN,NaN,0.681821812574291,NaN,NaN,-0.613591023452465,-0.294110293809065,-1.4661248067205,0.369453001264852,NaN,NaN,-0.856437566190152,-1.77705705614682,-0.139673079365845,2.09621463472883,2.09621463473159,0.0875955361739094,0.867637946056392,NaN,NaN,0.829256002607535,-1.69717700008329,NaN,NaN,-0.365323377146971,NaN,1.04031163591726,0.954962745961451
449.3312,-0.334144650719671,-0.56475310120304,-0.87850021252408,-0.279578836053149,0.648346062468702,0.648346062468185,NaN,-1.94164290371864,-2.90090482179192,-0.50241848057094,0.943634948651165,-0.502418480569572,0.851428026221647,-0.204856927546336,NaN,NaN,NaN,-0.702385979354549,NaN,0.164866628704593,-0.170710173569835,NaN,0.94137967074566,NaN,NaN,0.690441212199278,NaN,NaN,-0.660569466730647,-0.270755319596582,-1.46640878230216,0.353652991258941,NaN,NaN,-0.855816581855073,-1.77818537246036,-0.148363662735144,2.07774565150715,2.07774565150987,0.0935034977302003,0.83260457135687,NaN,NaN,0.831730165529964,-1.70244322784757,NaN,NaN,-0.370931164434898,NaN,1.02503347885961,0.963302325586444
449.4336,-0.326666941003721,-0.57693394209064,-0.881378866028627,-0.287828242844525,0.655138060270153,0.65513806026964,NaN,-1.94410274178193,-2.87958005033928,-0.524048048156678,0.985217303086595,-0.52404804815531,0.828997279941713,-0.201185294288161,NaN,NaN,NaN,-0.681343449304589,NaN,0.161853888791952,-0.171537637246875,NaN,0.954387933258925,NaN,NaN,0.698337861379279,NaN,NaN,-0.706924428459926,-0.246774260721499,-1.46604431443085,0.337653967838415,NaN,NaN,-0.854589476589512,-1.7783270535158,-0.157674346265796,2.05818520058859,2.05818520059125,0.0994715294853449,0.796903596725216,NaN,NaN,0.833622322184973,-1.7066075370505,NaN,NaN,-0.376477353916984,NaN,1.00926402885579,0.970833786211337
449.536,-0.317656000596282,-0.58925618801415,-0.882708138927909,-0.297064815470293,0.663416021598098,0.663416021597592,NaN,-1.94373266739689,-2.85703612154149,-0.544007452969473,1.02614027311445,-0.544007452968108,0.80650873893012,-0.198191312749285,NaN,NaN,NaN,-0.658219937396649,NaN,0.158890006424835,-0.170784111594659,NaN,0.965261137664787,NaN,NaN,0.705449120938724,NaN,NaN,-0.752571380363949,-0.222163758467003,-1.46503664479047,0.321492353474638,NaN,NaN,-0.85275494740707,-1.77747935266892,-0.167589889641875,2.03761386626313,2.03761386626574,0.105473784372211,0.760615803342531,NaN,NaN,0.834968975874018,-1.70964613921405,NaN,NaN,-0.381967141070881,NaN,0.993005215981569,0.977545599005962
449.6384,-0.307105599905339,-0.601723748430312,-0.88248476444615,-0.30730282771162,0.673167246802289,0.673167246801789,NaN,-1.94051503307449,-2.83335316784282,-0.562261900232733,1.06633943304941,-0.562261900231368,0.784009766597862,-0.195869229615576,NaN,NaN,NaN,-0.633054275167936,NaN,0.155961387437007,-0.168365004589194,NaN,0.973952494477721,NaN,NaN,0.711714377318145,NaN,NaN,-0.797427756573579,-0.196921023677193,-1.46339043696036,0.305207294560759,NaN,NaN,-0.85031100901974,-1.77563713364197,-0.178095106313295,2.01611341187616,2.01611341187872,0.111483572449232,0.723823406836961,NaN,NaN,0.835808466052526,-1.71153708511463,NaN,NaN,-0.387406290697631,NaN,0.976258595161819,0.983428808729381
449.7408,-0.295015475076841,-0.614338276129229,-0.880709954746891,-0.318556209896793,0.684376079803966,0.684376079803478,NaN,-1.93443893381912,-2.80860984820487,-0.57877955965863,1.10575197048191,-0.578779559657268,0.761546649076194,-0.194211686351681,NaN,NaN,NaN,-0.605891760285249,NaN,0.15305743460102,-0.164200087633158,NaN,0.980421119306045,NaN,NaN,0.717075265097009,NaN,NaN,-0.841413342680723,-0.171044005971476,-1.46110976041234,0.288840437156354,NaN,NaN,-0.847255019450561,-1.77279306042592,-0.189174939596809,1.99376657623623,1.99376657623874,0.117473676056708,0.686609603328209,NaN,NaN,0.836180551586198,-1.71226035343927,NaN,NaN,-0.392801066837025,NaN,0.959025367384405,0.988477076850678
449.8432,-0.281391470238089,-0.627099135271884,-0.877389527562631,-0.33083829861832,0.697024298827602,0.697024298827123,NaN,-1.92550023091439,-2.78288318707915,-0.593531795987238,1.14431697267272,-0.593531795985881,0.739164276419164,-0.193209651929277,NaN,NaN,NaN,-0.576783777023457,NaN,0.150170620959025,-0.158213745199338,NaN,0.984632329989192,NaN,NaN,0.721475902126749,NaN,NaN,-0.884450621331206,-0.14453157074569,-1.45819810326825,0.272435695509533,NaN,NaN,-0.84358370710611,-1.76893782290354,-0.200814523082747,1.97065687360902,1.97065687361147,0.123416642335181,0.649058138700634,NaN,NaN,0.83612600740812,-1.71179795106487,NaN,NaN,-0.398158132039533,NaN,0.941306407421855,0.992686749768853
449.9456,-0.266245623747054,-0.640003419437328,-0.872534016964702,-0.34416156464358,0.711091496124803,0.711091496124334,NaN,-1.91370155628307,-2.75624843729859,-0.606493397941535,1.18197568769595,-0.606493397940183,0.716905862451001,-0.192852369924918,NaN,NaN,NaN,-0.545787414865489,NaN,0.147296531893524,-0.150335221372317,NaN,0.986557926189785,NaN,NaN,0.724863127109391,NaN,NaN,-0.926465074424593,-0.117383678271929,-1.45465840731734,0.256039010870428,NaN,NaN,-0.83929321358348,-1.76406039114298,-0.212999245557616,1.94686839360732,1.94686839360972,0.129285054327329,0.611252906121749,NaN,NaN,0.83568624466527,-1.71013401644509,NaN,NaN,-0.403484415439712,NaN,0.923102300233697,0.996056935150996
450.048,-0.249596210189812,-0.653046005517277,-0.866158768261964,-0.358537342683622,0.726555418360791,0.72655541836033,NaN,-1.89905231600377,-2.72877897015063,-0.617642794278027,1.21867176004694,-0.617642794276681,0.694812704876995,-0.193127321673885,NaN,NaN,NaN,-0.512965092392986,NaN,0.144433885051614,-0.140498855959383,NaN,0.986176430711717,NaN,NaN,0.72718673152339,NaN,NaN,-0.967385447473245,-0.0896015614285746,-1.4504931201639,0.239698101516042,NaN,NaN,-0.834379161666717,-1.75814828993246,-0.225714820564262,1.92248559122222,1.92248559122456,0.135051783162606,0.573277572477795,NaN,NaN,0.834902960250991,-1.70725491997613,NaN,NaN,-0.408786962919593,NaN,0.904413394324252,0.998589568963098
450.1504,-0.231467749730663,-0.66621963019096,-0.858284017679127,-0.373975576949097,0.743392250037154,0.743392250036706,NaN,-1.8815687017848,-2.70054619493258,-0.626962250616179,1.25435143853622,-0.626962250614839,0.672923976791122,-0.194020202244772,NaN,NaN,NaN,-0.478384190871942,NaN,0.141584534085759,-0.128644312476704,NaN,0.983473282164275,NaN,NaN,0.728399680014274,NaN,NaN,-1.00714397829173,-0.0611879014231954,-1.44570426136767,0.223462204757758,NaN,NaN,-0.828836754736637,-1.75118788908357,-0.238947345226498,1.89759306598606,1.89759306598835,0.140690226507737,0.53521522956092,NaN,NaN,0.833817813301976,-1.70314935834688,NaN,NaN,-0.414072787220802,NaN,0.885239878314742,1.00028946531925
450.2528,-0.211890988933476,-0.679514978599705,-0.848934951895036,-0.390484580818563,0.761576847177567,0.761576847177128,NaN,-1.86127370110223,-2.67161950682942,-0.634438050010327,1.28896375391339,-0.634438050008994,0.651276541156327,-0.195514906939233,NaN,NaN,NaN,-0.442116704744797,NaN,0.138753455995171,-0.114716809842829,NaN,0.978440979679435,NaN,NaN,0.728458319259559,NaN,NaN,-1.04567658713937,-0.0321469994361358,-1.44029350119849,0.20738181242543,NaN,NaN,-0.822660906334316,-1.74316470674798,-0.25268333147402,1.87227533658708,1.87227533658931,0.146174535039314,0.497148069058276,NaN,NaN,0.832472123995777,-1.69780844081678,NaN,NaN,-0.419348727640538,NaN,0.865581880327004,1.0011643488796
450.3552,-0.190902848487732,-0.69292077990966,-0.838141737620384,-0.408070801837417,0.781082939927376,0.781082939926947,NaN,-1.83819709443063,-2.64206626353126,-0.640060664154123,1.32246066494161,-0.640060664152794,0.629904785343119,-0.197593528019405,NaN,NaN,NaN,-0.404238917614903,NaN,0.135948715414278,-0.0986673678804714,NaN,0.971079182810201,NaN,NaN,0.727322579170029,NaN,NaN,-1.08292302641322,-0.00248493907594874,-1.43426224816423,0.191508403655783,NaN,NaN,-0.815846390152515,-1.73406371716084,-0.266909697914972,1.84661661710147,1.84661661710365,0.151479823948531,0.459157084096801,NaN,NaN,0.830906593779806,-1.69122576375162,NaN,NaN,-0.424621321953381,NaN,0.845439586300959,1.00122486818906
450.4576,-0.168546331315504,-0.706423907268795,-0.825939511811365,-0.42673858819797,0.801883313734266,0.801883313733841,NaN,-1.81237544378938,-2.61195179680695,-0.64382491936793,1.35479717642534,-0.64382491936661,0.608840476861075,-0.200236361645448,NaN,NaN,NaN,-0.364831105127379,NaN,0.13318139792883,-0.0804530670132932,NaN,0.961394770196044,NaN,NaN,0.724956167093585,NaN,NaN,-1.11882699424742,0.0277902631896935,-1.42761173532137,0.175894176795068,NaN,NaN,-0.808388001933062,-1.7238696497549,-0.281613718561388,1.8207005991531,1.82070059915523,0.156582366449129,0.421321797018429,NaN,NaN,0.829161049143016,-1.68339747123375,NaN,NaN,-0.429896695416252,NaN,0.824813375069616,1.0004845859105
450.56,-0.144870389330547,-0.720009480268088,-0.812368328910991,-0.446489958492918,0.823949965990511,0.823949965990093,NaN,-1.78385209233551,-2.58133946816471,-0.645730157159669,1.38593143666233,-0.645730157158356,0.588112642697539,-0.203421924051672,NaN,NaN,NaN,-0.323977257838834,NaN,0.130465510746917,-0.0600373182841369,NaN,0.949401861165597,NaN,NaN,0.721326749880865,NaN,NaN,-1.15333622194518,0.0586685161148516,-1.42034309189002,0.160591775777173,NaN,NaN,-0.800280730570542,-1.71256726954164,-0.296782935575173,1.7946102428305,1.79461024283258,0.161459768710618,0.38372000940865,NaN,NaN,0.827274210991129,-1.67432230404916,NaN,NaN,-0.435180473952,NaN,0.803703970136767,0.998959943486956
450.6624,-0.119929755063401,-0.733660969628106,-0.797473071664754,-0.467324377426703,0.847254229141527,0.847254229141115,NaN,-1.75267719474882,-2.55029077261094,-0.645780386397576,1.41582482164031,-0.645780386396271,0.567747475510772,-0.207126975810354,NaN,NaN,NaN,-0.281764815153961,NaN,0.127817858254251,-0.0373901423352403,NaN,0.935121802131682,NaN,NaN,0.716406115637193,NaN,NaN,-1.18640254748567,0.0901375149917058,-1.41245738994868,0.145654001746834,NaN,NaN,-0.791519935425054,-1.70014163547868,-0.312405051345562,1.7684275792377,1.76842757923972,0.1660911269398,0.346427570794218,NaN,NaN,0.825283490331848,-1.66400164054758,NaN,NaN,-0.440477720950986,NaN,0.782112607177527,0.996670200362367
450.7648,-0.0937847489950362,-0.74736030724611,-0.781303340222377,-0.489238542649483,0.871766850262519,0.871766850262113,NaN,-1.71890778463354,-2.51886548648083,-0.643984421979397,1.44444201489391,-0.643984421978102,0.547768270996928,-0.211326554774088,NaN,NaN,NaN,-0.238284402738003,NaN,0.125257906111353,-0.0124884545561563,NaN,0.918583117471514,NaN,NaN,0.710170307090643,NaN,NaN,-1.21798198680911,0.122182606012676,-1.40395566249562,0.131133499757779,NaN,NaN,-0.782101525462818,-1.68657834085762,-0.328467815342006,1.74223352980374,1.74223352980571,0.170457168446334,0.309518162002321,NaN,NaN,0.823224808937298,-1.65243953085398,NaN,NaN,-0.445792884927579,NaN,0.760041213029284,0.993637349943426
450.8672,-0.0665010684875924,-0.761088008422801,-0.763913332161889,-0.512226193906311,0.897458018211283,0.897458018210889,NaN,-1.68260786881375,-2.48712184883083,-0.640356000917463,1.47175109591915,-0.640356000916178,0.528195398637922,-0.215994020469229,NaN,NaN,NaN,-0.193629567338404,NaN,0.122807647646318,0.0146836512019906,NaN,0.899821422071384,NaN,NaN,0.702599721761041,NaN,NaN,-1.2480348105103,0.154786659771148,-1.39483889449281,0.117082412740825,NaN,NaN,-0.772022140299737,-1.67186374404024,-0.344958913641647,1.71610774639763,1.71610774639954,0.174540380645394,0.273063086865345,NaN,NaN,0.821132441612978,-1.63964272389352,NaN,NaN,-0.451129744390947,NaN,0.737492589793768,0.989886014632055
450.9696,-0.0381495531742684,-0.774823313631001,-0.745361714499273,-0.536277956419798,0.924297335219924,0.92429733521954,NaN,-1.64384852795835,-2.45511676061441,-0.634913862562506,1.49772364640438,-0.634913862561234,0.509046301145424,-0.221101113375946,NaN,NaN,NaN,-0.147896505050225,NaN,0.12049148073809,0.0441346255763986,NaN,0.87887928544973,NaN,NaN,0.69367918087169,NaN,NaN,-1.27652562674453,0.1879299629469,-1.38510799384732,0.103552002517604,NaN,NaN,-0.761279337038618,-1.65598519633651,-0.3618658580416,1.69012846782694,1.69012846782881,0.178325129695879,0.23713106912931,NaN,NaN,0.8190388772246,-1.62562068652139,NaN,NaN,-0.456491349016348,NaN,0.714470599564725,0.98544331998955
451.072,-0.00880591589264098,-0.788544353052638,-0.725711478668698,-0.561381220107065,0.952253739863581,0.952253739863208,NaN,-1.60270800273041,-2.42290598709356,-0.627681784933101,1.52233487181906,-0.627681784931841,0.49033551142119,-0.226618030986034,NaN,NaN,NaN,-0.101183782590311,NaN,0.118336093303247,0.0758651930577075,NaN,0.855806032947321,NaN,NaN,0.683397974892344,NaN,NaN,-1.30342346482797,0.221590136416223,-1.37476375435272,0.0905922476985691,NaN,NaN,-0.74987178415074,-1.63893127046706,-0.379175865485697,1.66437237945267,1.66437237945448,0.181797762314919,0.201788060793085,NaN,NaN,0.816974698933227,-1.61038561858403,NaN,NaN,-0.461879964224051,NaN,0.690980348945967,0.980338747596494
451.1744,0.0214495678822135,-0.802228332052044,-0.70502976910195,-0.587520044279791,0.981295394869544,0.981295394869185,NaN,-1.55927175148209,-2.39054435842791,-0.618688584080261,1.54556372729176,-0.618688584079014,0.472074676032008,-0.232513519131147,NaN,NaN,NaN,-0.053592054986944,NaN,0.116370344202155,0.109868090160355,NaN,0.830657477817396,NaN,NaN,0.671749891875779,NaN,NaN,-1.32870185175935,0.25574208429061,-1.36380681923551,0.0782514315009188,NaN,NaN,-0.7377994597417,-1.6206919921674,-0.396875721161019,1.63891446369764,1.6389144636994,0.184946682055166,0.167097071181769,NaN,NaN,0.814968484189244,-1.59395247167953,NaN,NaN,-0.467297019874521,NaN,0.667028374014745,0.974603967872532
451.2768,0.052532416127832,-0.815851734953453,-0.683387678614508,-0.614675076700613,1.01138955374549,1.01138955374514,NaN,-1.51363247045112,-2.3580859703612,-0.607968088521013,1.56739303576662,-0.607968088519783,0.454272581091468,-0.23875497514166,NaN,NaN,NaN,-0.00522378288788337,NaN,0.114625121983638,0.146127820953305,NaN,0.80349559327009,NaN,NaN,0.658733226679611,NaN,NaN,-1.35233887430513,0.290357972461439,-1.35223764104507,0.0665757250191011,NaN,NaN,-0.725063851550444,-1.60125907678622,-0.414951625321414,1.61382783945952,1.61382783946123,0.187762399742834,0.133118016952459,NaN,NaN,0.813046718890589,-1.57633897232982,NaN,NaN,-0.47274305502233,NaN,0.642622825552713,0.968272654038222
451.3792,0.084354346348164,-0.829390545555706,-0.660860004294269,-0.642823483206137,1.0425024175869,1.04250241758657,NaN,-1.46589006619146,-2.3255843835194,-0.5955590908944,1.58780959003781,-0.595559090893183,0.436935185184632,-0.245308562317256,NaN,NaN,NaN,0.0438170515858034,NaN,0.113133169597547,0.184620438657838,NaN,0.774388142823055,NaN,NaN,0.644350765133471,NaN,NaN,-1.37431721855869,0.325407230707776,-1.34005642917807,0.0556087658698804,NaN,NaN,-0.711668155993313,-1.58062617018758,-0.433389030167364,1.58918359618543,1.58918359618708,0.190237563579462,0.0999075853106509,NaN,NaN,0.811233716933095,-1.55756563908872,NaN,NaN,-0.478217650846442,NaN,0.617773652528809,0.961380277867756
451.4816,0.116823721840644,-0.84282047558961,-0.637524966620128,-0.67193888723834,1.07459898422283,1.07459898422251,NaN,-1.41615156635667,-2.29309281093575,-0.58150527627506,1.60680423550627,-0.581505276273857,0.420065669801144,-0.252139339498701,NaN,NaN,NaN,0.0934252335304317,NaN,0.111928870858582,0.225313358290258,NaN,0.743408285631995,NaN,NaN,0.628609743843485,NaN,NaN,-1.39462418056079,0.360856574301827,-1.32726309231953,0.0453912431970452,NaN,NaN,-0.697617467554948,-1.55878909132553,-0.452172478147334,1.56505062555988,1.56505062556149,0.192366970638253,0.0675191080317435,NaN,NaN,0.809551544303101,-1.53765578437464,NaN,NaN,-0.483719350823666,NaN,0.59249278034128,0.953963889520268
451.584,0.14984600362046,-0.856117179295686,-0.613463909785927,-0.701991316442792,1.10764287820452,1.10764287820422,NaN,-1.36453095218028,-2.26066427685913,-0.565855136692384,1.62437193511671,-0.565855136691194,0.403664519119247,-0.25921141045091,NaN,NaN,NaN,0.143494610360572,NaN,0.11104799752218,0.268165200465092,NaN,0.710634166045208,NaN,NaN,0.611521798431406,NaN,NaN,-1.41325164710686,0.396670047765523,-1.31385720208165,0.0359605174041027,NaN,NaN,-0.682918941744244,-1.53574607388051,-0.471285456057145,1.54149544504726,1.54149544504881,0.194147556819709,0.0360024549047223,NaN,NaN,0.808019958246269,-1.51663550203745,NaN,NaN,-0.489245573966262,NaN,0.566794280576788,0.946061885472279
451.6864,0.18332417341529,-0.869256431952731,-0.588761000945343,-0.732947153371632,1.1415961463832,1.14159614638292,NaN,-1.31114889579501,-2.22835172893093,-0.548661884413497,1.64051182105665,-0.54866188441232,0.387729637914723,-0.266488096367044,NaN,NaN,NaN,0.193918395669871,NaN,0.110527417189812,0.313125657545631,NaN,0.676148492503003,NaN,NaN,0.593102918840003,NaN,NaN,-1.43019604899781,0.432809098182863,-1.29983800480906,0.0273503020158183,NaN,NaN,-0.667581915636857,-1.51149800465972,-0.490710277479905,1.51858200155977,1.51858200156127,0.195578362218495,0.00540395807145597,NaN,NaN,0.806656375187529,-1.49453364430548,NaN,NaN,-0.494792530664169,NaN,0.540694530092957,0.937713768773169
451.7888,0.217159120837227,-0.882214264400034,-0.563502928695075,-0.764769088781866,1.17641901600592,1.17641901600565,NaN,-1.25613239205311,-2.19620809104342,-0.529983368351322,1.65522723958852,-0.529983368350156,0.372256509208198,-0.273932132844431,NaN,NaN,NaN,0.244589486538904,NaN,0.110404764636099,0.360135366625216,NaN,0.64003811220099,NaN,NaN,0.57337342353673,NaN,NaN,-1.44545828914718,0.469232686389655,-1.2852044948999,0.0195904152942527,NaN,NaN,-0.651617981303591,-1.48604865686592,-0.510427997807312,1.49637144488869,1.49637144489014,0.196660470852553,-0.0242336290549461,NaN,NaN,0.805475874989488,-1.47138178446527,NaN,NaN,-0.50035514874886,NaN,0.514212356502556,0.928959905611094
451.8912,0.251250008235092,-0.894967056475216,-0.537778588673389,-0.797416074587616,1.21206963080659,1.21206963080635,NaN,-1.1996142835142,-2.16428625126303,-0.509881993315004,1.66852579431517,-0.509881993313852,0.357238387781248,-0.281505890973308,NaN,NaN,NaN,0.295400798926068,NaN,0.110718080812494,0.40912577915963,NaN,0.602393589637626,NaN,NaN,0.552357949416754,NaN,NaN,-1.45904364665507,0.505897444755428,-1.26995554983613,0.0127065931441539,NaN,NaN,-0.635041016792834,-1.45940491724265,-0.530418357597508,1.47492187117011,1.4749218711715,0.197396927183005,-0.0528711454754576,NaN,NaN,0.804491239877747,-1.44721415309976,NaN,NaN,-0.505927005356887,NaN,0.487369164695931,0.919841281137766
451.9936,0.285494622859772,-0.907491592748258,-0.511678748803075,-0.830843272276391,1.24850379083071,1.24850379083048,NaN,-1.1417326847252,-2.13263898453021,-0.488424644414203,1.68041938871492,-0.488424644413066,0.342666525595008,-0.289171620983637,NaN,NaN,NaN,0.346245620999512,NaN,0.111505423864639,0.460019028063623,NaN,0.563308795193692,NaN,NaN,0.530085442636828,NaN,NaN,-1.47096165442814,0.542757889072858,-1.25409011824379,0.0067203545355036,NaN,NaN,-0.617867177618291,-1.43157700366542,-0.550659748514501,1.45428805135998,1.45428805136132,0.197792636419246,-0.0804730205118517,NaN,NaN,0.803713020128963,-1.42206753363616,NaN,NaN,-0.511500248159985,NaN,0.460189038418584,0.910399254561789
452.096,0.319789708196044,-0.919765076733426,-0.485295699626071,-0.865001994792642,1.28567471371101,1.28567471371081,NaN,-1.08263033197371,-2.1013188201204,-0.465682620118869,1.69092426433815,-0.465682620117744,0.32853042160147,-0.296891713350348,NaN,NaN,NaN,0.397017976777326,NaN,0.112804455952615,0.512727800954696,NaN,0.522880503844963,NaN,NaN,0.506589137764694,NaN,NaN,-1.48122594678443,0.579766685016052,-1.23760744519405,0.00164891819441993,NaN,NaN,-0.600114844574288,-1.40257866242411,-0.571129197683747,1.43452116662173,1.43452116662302,0.197854256779274,-0.10700726147206,NaN,NaN,0.803149618802363,-1.39598111279105,NaN,NaN,-0.517065496303622,NaN,0.432698813273273,0.900675312750761
452.1984,0.354031251717165,-0.931765086506531,-0.458722899114285,-0.89983964141335,1.32353281546021,1.32353281546003,NaN,-1.02245391320114,-2.07037787573989,-0.441731572433408,1.70006102971044,-0.441731572432296,0.314818079549518,-0.304628967426456,NaN,NaN,NaN,0.447612990153961,NaN,0.114652008897943,0.567155236348092,NaN,0.481207998139134,NaN,NaN,0.481906524389957,NaN,NaN,-1.48985407682115,0.616874959030054,-1.22050731619068,-0.00249482629054715,NaN,NaN,-0.581804520423108,-1.37242732944197,-0.591802364988931,1.41566856661504,1.41566856661627,0.197590087527333,-0.132445427861758,NaN,NaN,0.802807392153038,-1.36899629548506,NaN,NaN,-0.522611731058207,NaN,0.404928119990516,0.890710826614384
452.3008,0.388114711465106,-0.94346945009721,-0.432054611570429,-0.935299624077199,1.36202549895883,1.36202549895867,NaN,-0.961353432476308,-2.03986767566745,-0.416651445326138,1.70785467503555,-0.416651445325042,0.301516257539831,-0.312346857984857,NaN,NaN,NaN,0.497927246138808,NaN,0.117083632975489,0.623194866882034,NaN,0.438392670480826,NaN,NaN,0.456079305762583,NaN,NaN,-1.49686730557488,0.654032636449132,-1.20279030699403,-0.00570229073122389,NaN,NaN,-0.562958672508955,-1.34114424435353,-0.612653546541007,1.39777355580771,1.39777355580889,0.197009952676454,-0.156762589934096,NaN,NaN,0.802690764302038,-1.34115649481774,NaN,NaN,-0.528126194795428,NaN,0.376909397774898,0.880546819040275
452.4032,0.421935190923261,-0.954856042789706,-0.405385532196886,-0.971321287024226,1.40109694790638,1.40109694790624,NaN,-0.899481626661266,-2.00983895425662,-0.390526399491197,1.7143345654337,-0.39052639949012,0.288610704094502,-0.320009793910831,NaN,NaN,NaN,0.547859149963462,NaN,0.120133140756371,0.680730631433033,NaN,0.394537628645005,NaN,NaN,0.429153347660487,NaN,NaN,-1.50229036387912,0.691188789020307,-1.18445803545115,-0.00796910733686946,NaN,NaN,-0.543601532883585,-1.30875452050916,-0.633655681231897,1.38087520971146,1.38087520971259,0.196125082888011,-0.179937279113519,NaN,NaN,0.802802350587544,-1.31250689864355,NaN,NaN,-0.533594308241246,NaN,0.348677877289882,0.870223751046395
452.5056,0.455387597452432,-0.965902545131808,-0.378810393970167,-1.00783983370591,1.44068793400368,1.44068793400357,NaN,-0.836993417752329,-1.98034144211816,-0.363444714925186,1.71953440195497,-0.363444714924125,0.276086382045123,-0.327583362736965,NaN,NaN,NaN,0.597309276447178,NaN,0.123832167023119,0.73963696687935,NaN,0.349747316605864,NaN,NaN,0.401178609616723,NaN,NaN,-1.50615118783677,0.728291975946831,-1.16551341616462,-0.00929500542361331,NaN,NaN,-0.5237588846023,-1.27528718807027,-0.654780365332732,1.36500822785525,1.36500822785634,0.194948002177034,-0.201951441466123,NaN,NaN,0.80314307981389,-1.28309421479776,NaN,NaN,-0.538999605216919,NaN,0.320271533675235,0.859781329277003
452.608,0.488366820084059,-0.976586209540642,-0.352423561139861,-1.04478628345902,1.48073564009901,1.48073564009893,NaN,-0.774045379377569,-1.9514236407677,-0.335498670211392,1.72349213911974,-0.335498670210345,0.263927678131474,-0.335034550495085,NaN,NaN,NaN,0.646180693842695,NaN,0.128209762814569,0.799778979274588,NaN,0.304127160631252,NaN,NaN,0.372209052230371,NaN,NaN,-1.50848063237834,0.765290563919458,-1.1459609212054,-0.00968365820606608,NaN,NaN,-0.503457864363025,-1.24077522802475,-0.67599788547277,1.35020283142877,1.35020283142981,0.193492423464293,-0.222790398759729,NaN,NaN,0.803712307531541,-1.25296640617266,NaN,NaN,-0.544323683046524,NaN,0.291731013832669,0.849258337885067
452.7104,0.520767945273594,-0.986883661252018,-0.326318612375659,-1.08208747067325,1.52117350108448,1.52117350108443,NaN,-0.710795207916483,-1.92313259566274,-0.306784402358238,1.72624984897558,-0.306784402357205,0.252118590523747,-0.342331926203398,NaN,NaN,NaN,0.694379250909018,NaN,0.13329202810369,0.861012690402856,NaN,0.257783239786923,NaN,NaN,0.342302513693093,NaN,NaN,-1.50931216925173,0.802133016234869,-1.12580684994219,-0.00914250639710666,NaN,NaN,-0.482726795154504,-1.20525560185014,-0.697277274711121,1.3364847082876,1.3364847082886,0.191773153555174,-0.242442819015625,NaN,NaN,0.804507914158672,-1.22217242473204,NaN,NaN,-0.549546169815979,NaN,0.263099543553758,0.838692495734216
452.8128,0.552486515788238,-0.996770739783914,-0.300587913503953,-1.11966608175136,1.56193107755787,1.56193107755785,NaN,-0.647401196699657,-1.89551367621156,-0.277401747036384,1.72785352483185,-0.277401747035365,0.240642886500596,-0.349445786988887,NaN,NaN,NaN,0.741813827291396,NaN,0.139101780145203,0.92318536248125,NaN,0.210821971887945,NaN,NaN,0.311520542051455,NaN,NaN,-1.50868157437767,0.83876814927271,-1.10505960142459,-0.00768256188319366,NaN,NaN,-0.461595046110107,-1.16876926918998,-0.718586384470247,1.32387500432338,1.32387500432433,0.189806011018225,-0.260900702716832,NaN,NaN,0.805526379864046,-1.19076194168928,NaN,NaN,-0.554644709664967,NaN,0.234422814212402,0.828120333127071
452.9152,0.583418832490792,-1.00622238446368,-0.275322183318037,-1.15744072273336,1.60293398102039,1.60293398102041,NaN,-0.584021710454898,-1.86861037267938,-0.247454049290934,1.72835282663805,-0.247454049289928,0.229484230194208,-0.356348268257599,NaN,NaN,NaN,0.788396553699261,NaN,0.145658253905327,0.98613591491674,NaN,0.163349807861816,NaN,NaN,0.279928171062417,NaN,NaN,-1.50662661210165,0.87514535869441,-1.08372993091053,-0.00531819511551983,NaN,NaN,-0.440092912364437,-1.13136118430172,-0.739891964210527,1.31239035954476,1.31239035954568,0.187607760704004,-0.278159387421689,NaN,NaN,0.806762832420632,-1.15878507037684,NaN,NaN,-0.559594968869657,NaN,0.205748842760064,0.817577080273292
453.0176,0.613462298931386,-1.01521257177573,-0.250610059602375,-1.1953260213199,1.64410385745239,1.64410385745244,NaN,-0.520814653833225,-1.84246412219348,-0.217047931701038,1.72780077842178,-0.217047931700047,0.218626287768673,-0.363013426332129,NaN,NaN,NaN,0.834043006715338,NaN,0.152976827023403,1.04969544951833,NaN,0.115472933841193,NaN,NaN,0.247593641923902,NaN,NaN,-1.50318672882958,0.911214816919902,-1.06183117387094,-0.00206690911925807,NaN,NaN,-0.418251511945912,-1.09308026728196,-0.76115975530023,1.30204298404501,1.30204298404589,0.185196059400275,-0.294217562576996,NaN,NaN,0.808211075317342,-1.12629208931302,NaN,NaN,-0.564370667846253,NaN,0.17712779869332,0.807096565736564
453.12,0.642515813467113,-1.02371431652846,-0.226537671101974,-1.23323277466299,1.68535842420752,1.6853584242076,NaN,-0.457936929722023,-1.81711417461057,-0.186293015127298,1.72625342826237,-0.186293015126325,0.208052816551943,-0.369417297773104,NaN,NaN,NaN,0.878672378792452,NaN,0.161068759518506,1.11368789689009,NaN,0.0672969795970125,NaN,NaN,0.214588087317236,NaN,NaN,-1.49840276527665,0.946927643347663,-1.0393794320138,0.00205089741007065,NaN,NaN,-0.396102700452749,-1.0539793497804,-0.78235461772038,1.29284076163591,1.29284076163674,0.182589399909389,-0.309077282653076,NaN,NaN,0.809863608692746,-1.09333317911101,NaN,NaN,-0.568943638569524,NaN,0.148611792518842,0.796711127381343
453.2224,0.670480217366037,-1.03169974879363,-0.203188217037653,-1.27106815562139,1.72661154627644,1.72661154627656,NaN,-0.395543888317936,-1.7925975045424,-0.155301593796631,1.72376947732618,-0.155301593795678,0.197747740188892,-0.375537935885678,NaN,NaN,NaN,0.922207623481969,NaN,0.169940944846139,1.17793079855098,NaN,0.0189267250376621,NaN,NaN,0.180985196419898,NaN,NaN,-1.49231668777717,0.982236048853996,-1.01639372122838,0.00701217286689156,NaN,NaN,-0.37367900178505,-1.01411509571421,-0.803440703743355,1.28478736480332,1.28478736480411,0.179807045987139,-0.322743974624312,NaN,NaN,0.811711650064662,-1.05995818260474,NaN,NaN,-0.573283897746729,NaN,0.120254618318659,0.786451537792179
453.3248,0.697258804071264,-1.03914027075317,-0.180641552258681,-1.30873598991989,1.76777333465433,1.76777333465448,NaN,-0.333788770088004,-1.76894876771933,-0.124188262064894,1.72040988427805,-0.124188262063959,0.187695210586169,-0.381355424221654,NaN,NaN,NaN,0.964575579425011,NaN,0.179595677830411,1.24223623627129,NaN,-0.0295342038500553,NaN,NaN,0.146860869298207,NaN,NaN,-1.48497133703027,1.01709345326849,-0.992896080519684,0.0127914549591023,NaN,NaN,-0.351013547981511,-0.973547898052722,-0.824381677440806,1.27788236926454,1.27788236926528,0.176868961737339,-0.335226446355208,NaN,NaN,0.81374515266608,-1.026216388024,NaN,NaN,-0.577359728161017,NaN,0.0921114436727453,0.77634694666903
453.4272,0.722757878482959,-1.04600678519962,-0.158973782729917,-1.34613711611052,1.80875025882921,1.80875025882939,NaN,-0.27282214975625,-1.74620028840959,-0.0930694866738137,1.71623745445727,-0.0930694866728982,0.177879656881948,-0.386851869502288,NaN,NaN,NaN,1.00570707767647,NaN,0.19003045036489,1.30641189671598,NaN,-0.0779836528826224,NaN,NaN,0.112292856009188,NaN,NaN,-1.47641019782009,1.0514545712711,-0.968911642181667,0.0193611100261929,NaN,NaN,-0.328140018954121,-0.932341751566218,-0.845140962918561,1.27212136386156,1.27212136386226,0.173795745764097,-0.346536902334273,NaN,NaN,0.815952816626267,-0.992156330277018,NaN,NaN,-0.581137777282667,NaN,0.0642384475254587,0.766424844663249
453.5296,0.746887332555722,-1.05226997735286,-0.138256891581861,-1.38316983693175,1.84944528328726,1.84944528328748,NaN,-0.212791400926648,-1.72438205859455,-0.062063125974729,1.71131642178876,-0.062063125973832,0.16828581944973,-0.392011382186524,NaN,NaN,NaN,1.04553703053502,NaN,0.201237786520897,1.37026223235667,NaN,-0.126321277004116,NaN,NaN,0.0773603710460773,NaN,NaN,-1.46667719317334,1.08527546423451,-0.94446866657974,0.0266915726601905,NaN,NaN,-0.305092573997647,-0.890564099013337,-0.865681993001306,1.26749605673637,1.26749605673704,0.170608579717214,-0.356690960998353,NaN,NaN,0.818322093547193,-0.957825612348768,NaN,NaN,-0.584583198894617,NaN,0.0366924160034344,0.756711052843217
453.632,0.769561200183696,-1.05790063138318,-0.118558419342452,-1.41973046061573,1.88975805537666,1.88975805537691,NaN,-0.153840206652731,-1.70352173741181,-0.0312879066381997,1.70571202116797,-0.0312879066373231,0.158898762387157,-0.396820054065501,NaN,NaN,NaN,1.08400449256715,NaN,0.2132051253092,1.43358967489296,NaN,-0.174448908962858,NaN,NaN,0.0421436754951802,NaN,NaN,-1.45581649659315,1.11851356331102,-0.919598544766485,0.0347515895280127,NaN,NaN,-0.281905772290621,-0.848285649785187,-0.885968431355672,1.26399438182689,1.26399438182752,0.167329194838838,-0.365707660435104,NaN,NaN,0.820839188506545,-0.923270756999534,NaN,NaN,-0.587659861680329,NaN,0.00953031179526302,0.747229739518201
453.7344,0.79069817106071,-1.06286997024727,-0.099941210232285,-1.45571391533111,1.9295851755078,1.92958517550808,NaN,-0.0961081255176805,-1.6836446542016,-0.000862871330930182,1.69949004187923,-0.000862871330072902,0.149703850300914,-0.40126592902253,NaN,NaN,NaN,1.12105268764499,NaN,0.225914755138046,1.49619586834522,NaN,-0.222270962234026,NaN,NaN,0.00672362217100401,NaN,NaN,-1.44387235054529,1.15112767441543,-0.894335769518012,0.0435084677458704,NaN,NaN,-0.258614488130999,-0.805580174179526,-0.90596435398124,1.26160060787244,1.26160060787305,0.163979852025997,-0.373609444528882,NaN,NaN,0.823489061548406,-0.88853709363132,NaN,NaN,-0.590330626974335,NaN,-0.0171911659884806,0.738003463293038
453.8368,0.810222050848497,-1.06715000826856,-0.082463228787204,-1.49101440336818,1.96882055827788,1.96882055827819,NaN,-0.0397301997428148,-1.66477382383386,0.0290931847465255,1.6927163647873,0.0290931847473625,0.140686673668328,-0.405338946513022,NaN,NaN,NaN,1.15662900742668,NaN,0.239343802561616,1.55788288983242,NaN,-0.269694844280778,NaN,NaN,-0.0288188318178502,NaN,NaN,-1.43088888526407,1.18307797537573,-0.868717876267224,0.0529283263681567,NaN,NaN,-0.235253829023031,-0.762524277339236,-0.925634387624441,1.26029544877742,1.26029544877801,0.160583324553109,-0.380422128417938,NaN,NaN,0.826255430286688,-0.853668671162517,NaN,NaN,-0.59255767349816,NaN,-0.0434160162570126,0.729053237210176
453.9392,0.828062151035896,-1.07071390076821,-0.0661774507405658,-1.52552605232833,2.00735586379322,2.00735586379356,NaN,0.0151634178812276,-1.64692997575513,0.0584622637788009,1.68545650824214,0.0584622637796194,0.131832920857719,-0.409030839454808,NaN,NaN,NaN,1.19068499202115,NaN,0.253464277856077,1.61845441893908,NaN,-0.316631337091565,NaN,NaN,-0.0644031301679202,NaN,NaN,-1.41690993768446,1.2143260153331,-0.842785356866211,0.0629763489949563,NaN,NaN,-0.211859059053495,-0.719197154315247,-0.94494380829785,1.26005618029624,1.2600561802968,0.157162872425775,-0.386174845835228,NaN,NaN,0.829120775940356,-0.818708180225017,NaN,NaN,-0.59430284099395,NaN,-0.0690893588946695,0.720398603234376
454.0416,0.844153599081162,-1.07353627987084,-0.051131828583826,-1.55914353259438,2.04508097507379,2.04508097507415,NaN,0.06844783476657,-1.63013159078564,0.0871276809647242,1.67777521282976,0.0871276809655265,0.123128212946323,-0.412334987892501,NaN,NaN,NaN,1.22317629929816,NaN,0.268243177839663,1.67771682831935,NaN,-0.362994914089384,NaN,NaN,-0.0999496292172889,NaN,NaN,-1.40197887262363,1.24483472518298,-0.816581543630193,0.073617031535417,NaN,NaN,-0.18846552678311,-0.675680323977648,-0.963858607414602,1.26085677843616,1.26085677843669,0.153742204111407,-0.390899985386691,NaN,NaN,0.832066351761665,-0.78369687047503,NaN,NaN,-0.595527980739497,NaN,-0.0941578604268488,0.712057704532444
454.144,0.858437578145154,-1.07559357959029,-0.0373693244399498,-1.59176263534398,2.08188450881811,2.0818845088185,NaN,0.120003787793802,-1.61439493993259,0.114974542137255,1.66973608083001,0.114974542138039,0.114557920341859,-0.415246242819411,NaN,NaN,NaN,1.25406266574995,NaN,0.283642643703023,1.73548019790376,NaN,-0.408703994770236,NaN,NaN,-0.135380116767149,NaN,NaN,-1.38613841051166,1.27456844126559,-0.790152455284985,0.0848144150636274,NaN,NaN,-0.165108596641,-0.632057337201137,-0.98234553630252,1.26266809434057,1.26266809434108,0.150345429267476,-0.394633124921593,NaN,NaN,0.835072189891088,-0.748674453610977,NaN,NaN,-0.596195312730963,NaN,-0.118570185363352,0.704047351144559
454.2464,0.8708615165993,-1.07686435873321,-0.0249279959157542,-1.62328081782879,2.11765434615924,2.11765434615966,NaN,0.169718000116411,-1.59973412308071,0.141890193735511,1.66140127362465,0.141890193736278,0.106106967075183,-0.417760727705603,NaN,NaN,NaN,1.28330786285195,NaN,0.299620171066286,1.79155927530933,NaN,-0.453681160041885,NaN,NaN,-0.170618338015835,NaN,NaN,-1.36943046276568,1.30349294188209,-0.763546599904768,0.0965322954724649,NaN,NaN,-0.141823577014309,-0.588413456627679,-1.00037214108648,1.26545807187934,1.26545807187983,0.146997011102714,-0.397412970266134,NaN,NaN,0.838117104272348,-0.713678985754063,NaN,NaN,-0.596267778769219,NaN,-0.14227747441093,0.696383085706735
454.3488,0.881379242548125,-1.07732962019541,-0.013841116962685,-1.65359772300107,2.15227817368184,2.15227817368228,NaN,0.217483518130406,-1.58616110343072,0.167764657208007,1.65283126510421,0.167764657208756,0.0977596207554462,-0.419875614485587,NaN,NaN,NaN,1.31087965596018,NaN,0.316128867801338,1.84577440963758,NaN,-0.49785334963326,NaN,NaN,-0.205590519041038,NaN,NaN,-1.35189597160764,1.33157550225218,-0.736814739894133,0.108734408760132,NaN,NaN,-0.118645632850618,-0.544835307729747,-1.0179067992038,1.26919200742326,1.26919200742374,0.143721727838008,-0.399281298339646,NaN,NaN,0.841178690515013,-0.6787467270034,NaN,NaN,-0.595709373470621,NaN,-0.165233829165715,0.689079253505384
454.4512,0.889951108998998,-1.07697311212763,-0.00413731439347521,-1.68261568167623,2.18564404532895,2.18564404532942,NaN,0.263200029229282,-1.57368572717835,0.192491056511532,1.64408464187419,0.192491056512267,0.0894992776430962,-0.42158887579306,NaN,NaN,NaN,1.33674977761296,NaN,0.333117749591633,1.89795248174829,NaN,-0.541152048005752,NaN,NaN,-0.240225869628751,NaN,NaN,-1.33357475693193,1.35878497360372,-0.71000963142143,0.121384596390349,NaN,NaN,-0.0956096788610612,-0.501410499884045,-1.03491876322296,1.27383284231719,1.27383284231764,0.140544648542424,-0.400282897211895,NaN,NaN,0.844233326208753,-0.643911979807328,NaN,NaN,-0.594485449387102,NaN,-0.187396791900438,0.68214906893181
454.5536,0.896544094170234,-1.0757815961207,0.00415929834518352,-1.7102402026582,2.21764098321471,2.21764098321521,NaN,0.306774157134892,-1.56231571865296,0.215966045815114,1.63521793384753,0.215966045815833,0.0813082693132062,-0.422899031417393,NaN,NaN,NaN,1.36089392893565,NaN,0.350532061476017,1.9479278357138,NaN,-0.583513451176117,NaN,NaN,-0.274457045485141,NaN,NaN,-1.31450538146186,1.38509188126394,-0.68318574806384,0.134446951997942,NaN,NaN,-0.0727502659834862,-0.458227217032364,-1.05137820803776,1.27934146645564,1.27934146645607,0.137491124564308,-0.400465493574497,NaN,NaN,0.847256175701932,-0.60920690717493,NaN,NaN,-0.592563001169635,NaN,-0.208727821114281,0.675604672495323
454.656,0.901131883520598,-1.07374508264637,0.0110289971328557,-1.73638044740002,2.24815961484865,2.24815961484918,NaN,0.348119724596904,-1.55205664961825,0.238090241706819,1.62628546246492,0.238090241707523,0.0731677186531425,-0.423804912624609,NaN,NaN,NaN,1.38329181355796,NaN,0.368313626727012,1.99554318712793,NaN,-0.624878601363045,NaN,NaN,-0.308220555081451,NaN,NaN,-1.29472504334144,1.41046853238229,-0.656398991557122,0.147885943397389,NaN,NaN,-0.0501014815452968,-0.415373786995379,-1.0672562721278,1.28567700765072,1.28567700765114,0.13458679386658,-0.399879662118674,NaN,NaN,0.850221204063656,-0.574661336103176,NaN,NaN,-0.589910925445441,NaN,-0.22919274574819,0.669457192917724
454.7584,0.903694933602698,-1.07085705246581,0.0164563159886622,-1.76094968382592,2.27709282098393,2.27709282098448,NaN,0.387157975374622,-1.54291188760845,0.258768655319632,1.61733920759473,0.258768655320325,0.0650574519781593,-0.42430544944949,NaN,NaN,NaN,1.40392719066127,NaN,0.386401241420401,2.04065046594806,NaN,-0.665193479061569,NaN,NaN,-0.341457103121701,NaN,NaN,-1.27426949569236,1.4348891314127,-0.62970639504847,0.161666505298033,NaN,NaN,-0.0276968787109995,-0.372938251164956,-1.08252508811764,1.29279709351428,1.29279709351468,0.131857584905352,-0.398578713130873,NaN,NaN,0.85310120882309,-0.540302568636582,NaN,NaN,-0.586500256564962,NaN,-0.248762147373904,0.663716842005027
454.8608,0.904220507845174,-1.06711468699455,0.0204298770332503,-1.78386572350461,2.30433636816149,2.30433636816207,NaN,0.423817755932014,-1.53488252876043,0.277911108478936,1.60842870280595,0.277911108479616,0.0569559451337815,-0.424399460987065,NaN,NaN,NaN,1.4227879213596,NaN,0.404731126582395,2.08311155432633,NaN,-0.704409048393732,NaN,NaN,-0.374111870701018,NaN,NaN,-1.2531729875832,1.4583299029316,-0.603165831888211,0.175754108512738,NaN,NaN,-0.00556944009532711,-0.331007956347763,-1.09715780829527,1.30065809201754,1.30065809201793,0.129329697477205,-0.396618554141985,NaN,NaN,0.855867878596601,-0.506155233210405,NaN,NaN,-0.582304399807736,NaN,-0.267411612252934,0.65839305583832
454.9632,0.902702671309613,-1.06251911400623,0.0229421616283827,-1.80505135127201,2.32978951646714,2.32978951646775,NaN,0.458035666788043,-1.52796732053673,0.295432613209124,1.59960096314079,0.295432613209792,0.0488402712863454,-0.424085428039419,NaN,NaN,NaN,1.43986598586436,NaN,0.423237423272388,2.12279889263729,NaN,-0.74248125626727,NaN,NaN,-0.406134741831901,NaN,NaN,-1.23146822438576,1.48076921077486,-0.576835739706263,0.190114817027817,NaN,NaN,0.0162484305809133,-0.289669175724701,-1.11112863759088,1.30921534741482,1.3092153474152,0.127029543810157,-0.394057524450122,NaN,NaN,0.858491880500014,-0.472241195747236,NaN,NaN,-0.577299388807399,NaN,-0.285121831615896,0.65349466757714
455.0656,0.899142235542737,-1.05707565476115,0.0239892256126838,-1.82443474498146,2.35335559614,2.35335559614064,NaN,0.489756196156045,-1.52216258308294,0.311253699403481,1.59090044142822,0.311253699404135,0.0406860322046937,-0.423361244747322,NaN,NaN,NaN,1.45515746423224,NaN,0.441852699837454,2.15959594285562,NaN,-0.779370988080202,NaN,NaN,-0.43748048647217,NaN,NaN,-1.20918635015528,1.5021876574798,-0.550774856191503,0.204715339248124,NaN,NaN,0.0377248997420652,-0.249006754844727,-1.12441288476899,1.31842342402922,1.31842342402959,0.124983648691489,-0.390956206691014,NaN,NaN,0.860942970553722,-0.438579529439486,NaN,NaN,-0.571464169206044,NaN,-0.301878576291991,0.649030089293369
455.168,0.893546653177797,-1.05079405415459,0.0235703749684287,-1.8419498675551,2.37494252845713,2.37494252845779,NaN,0.518931839189147,-1.51746214153773,0.325300686789496,1.58236901003279,0.325300686790137,0.0324672730216546,-0.422223955362892,NaN,NaN,NaN,1.46866248777523,NaN,0.460508441197882,2.19339752045317,NaN,-0.815043988391962,NaN,NaN,-0.468108899092348,NaN,NaN,-1.18635695236112,1.52256815991478,-0.525041955474748,0.219523073959734,NaN,NaN,0.0588286862303973,-0.209103780734785,-1.13698703555469,1.32823636084684,1.32823636084719,0.123218520078959,-0.387377223352648,NaN,NaN,0.863190117976037,-0.405186531698395,NaN,NaN,-0.564780884956438,NaN,-0.317672598527456,0.645007498831802
455.2704,0.88592987182238,-1.04368868131885,0.0216878237670575,-1.85753680911527,2.39446325392711,2.39446325392779,NaN,0.545523194414731,-1.51385727945614,0.337505908990312,1.57404596792905,0.337505908990939,0.0241563967455089,-0.420669490945218,NaN,NaN,NaN,1.48038517470339,NaN,0.479135500155225,2.22411002961668,NaN,-0.849470763708917,NaN,NaN,-0.497984884009963,NaN,NaN,-1.16300808535176,1.54189601267959,-0.499695577797827,0.234506150973613,NaN,NaN,0.0795290385247663,-0.170041276893599,-1.14882884449747,1.33860793299806,1.3386079329984,0.121760507371714,-0.383385026084248,NaN,NaN,0.865201633890554,-0.372075773858897,NaN,NaN,-0.55723513949127,NaN,-0.332499517579759,0.641435041191701
455.3728,0.876312163501862,-1.03577869040949,0.0183463615222051,-1.87114206382327,2.41183604712185,2.41183604712254,NaN,0.569499026330285,-1.51133671523919,0.347807906889517,1.56596806785413,0.347807906890129,0.0157241148699948,-0.418692442397645,NaN,NaN,NaN,1.49033356866842,NaN,0.497664510708429,2.25165164905347,NaN,-0.882626483131314,NaN,NaN,-0.527078483096784,NaN,NaN,-1.13916631478323,1.5601589518405,-0.47479374873292,0.249633462496422,NaN,NaN,0.0997957074704906,-0.13189792486095,-1.15991743710034,1.34949190860557,1.34949190860589,0.120635664793938,-0.379045682664024,NaN,NaN,0.866945296578193,-0.339258167582467,NaN,NaN,-0.548816209925826,NaN,-0.346359721484054,0.638321047755243
455.4752,0.864719947655582,-1.02708813034393,0.0135530598438367,-1.88271873809431,2.42698473399372,2.42698473399442,NaN,0.590836288518543,-1.50988659441773,0.356151611679709,1.55816954706139,0.356151611680308,0.00713947847399099,-0.416285922207909,NaN,NaN,NaN,1.49851960312967,NaN,0.516026275504111,2.27595250356211,NaN,-0.914490879641927,NaN,NaN,-0.555364851992534,NaN,NaN,-1.11485679712267,1.57734721794063,-0.450393680404934,0.264874671745509,NaN,NaN,0.119598912414618,-0.0947498057533416,-1.1702334100767,1.36084227919193,1.36084227919224,0.119869635438545,-0.374426664834416,NaN,NaN,0.868388466843155,-0.306742029625463,NaN,NaN,-0.539517198351649,NaN,-0.359258272985522,0.635674266730206
455.5776,0.85118561977188,-1.01764599392203,0.00731704030997277,-1.89222669840708,2.43983885506036,2.43983885506107,NaN,0.609520108469968,-1.50949048798801,0.362488530029125,1.55068214210533,0.362488530029709,-0.00162998797451143,-0.413441550067103,NaN,NaN,NaN,1.50495910508949,NaN,0.534152128994642,2.29695482032543,NaN,-0.945048145917219,NaN,NaN,-0.582824196977445,NaN,NaN,-1.09010340889709,1.59345360676181,-0.426551447317749,0.280200184642015,NaN,NaN,0.13890930046596,-0.0586701518468288,-1.17975891838329,1.37261344013779,1.37261344013809,0.119487566016808,-0.369596640061059,NaN,NaN,0.869498188696611,-0.27453313003455,NaN,NaN,-0.529335120820007,NaN,-0.371204787810691,0.633504092078476
455.68,0.835747383669746,-1.00748620231872,-0.000350694982641541,-1.89963267277225,2.45033381348265,2.45033381348338,NaN,0.625543739800786,-1.5101293933093,0.366776927644275,1.54353508160185,0.366776927644849,-0.0106180654553964,-0.41014955351641,NaN,NaN,NaN,1.50967182936734,NaN,0.551974266471169,2.31461303928106,NaN,-0.974286820164428,NaN,NaN,-0.609441680571257,NaN,NaN,-1.0649289228329,1.60847350042872,-0.403321641759823,0.295581084603089,NaN,NaN,0.157697904048019,-0.0237291060797497,-1.18847774482188,1.38476031218881,1.3847603121891,0.11951404950744,-0.364625266994265,NaN,NaN,0.870241276432061,-0.242634725076634,NaN,NaN,-0.518270959875834,NaN,-0.382213276082058,0.631820771599662
455.7824,0.818449073953629,-0.996647528224884,-0.00943738790784752,-1.9049103184229,2.45841102043008,2.45841102043081,NaN,0.638908487316816,-1.5117817425889,0.368981995475308,1.53675506605313,0.368981995475872,-0.0198595672921949,-0.406398943794888,NaN,NaN,NaN,1.51268149983812,NaN,0.569426037909807,2.32889385067171,NaN,-1.00219966104269,NaN,NaN,-0.635207295240683,NaN,NaN,-1.03935520974143,1.62240488047698,-0.38075702426723,0.310989042780257,NaN,NaN,0.175936103743317,0.0100065018456012,-1.19637535665105,1.39723841334705,1.39723841334732,0.119973079821054,-0.359582989047054,NaN,NaN,0.8705843957509,-0.21104759367994,NaN,NaN,-0.506329713291251,NaN,-0.392301956611348,0.630635572530858
455.8848,0.799339956372703,-0.985173465057607,-0.0199286240039459,-1.90804026415297,2.46401803559898,2.46401803559972,NaN,0.649623607079165,-1.51442342472145,0.369075984866784,1.53036624392543,0.369075984867339,-0.0293900428604382,-0.402177730331638,NaN,NaN,NaN,1.51401583816137,NaN,0.586442222973475,2.33977615367591,NaN,-1.02878350932492,NaN,NaN,-0.660115701623843,NaN,NaN,-1.01340344510348,1.63524832730179,-0.35890818136344,0.326396214898686,NaN,NaN,0.19359559989071,0.0424733534898285,-1.20343895726162,1.41000389836749,1.41000389836774,0.12088800034018,-0.354540818333589,NaN,NaN,0.870494147096004,-0.179770097263241,NaN,NaN,-0.493520451457514,NaN,-0.401493041878327,0.629960891504643
455.9872,0.77847450233261,-0.973112047528759,-0.0318084162806512,-1.90901013604673,2.46710871035241,2.46710871035316,NaN,0.657706185255452,-1.51802781742559,0.367038310834357,1.52439018714679,0.367038310834902,-0.0392454751058685,-0.397473150765214,NaN,NaN,NaN,1.51370657560137,NaN,0.602959305423418,2.34725094461535,NaN,-1.05403913277919,NaN,NaN,-0.684166034339657,NaN,NaN,-0.987094310512604,1.6470070107855,-0.337823195603936,0.341775131725745,NaN,NaN,0.210648393292828,0.07361181432968,-1.20965753877809,1.42301358091236,1.42301358091261,0.122281437109405,-0.349570104884578,NaN,NaN,0.869937156266096,-0.148798268889223,NaN,NaN,-0.47985637430538,NaN,-0.409812487636224,0.629810309058166
456.0896,0.755912141850944,-0.960515626481024,-0.0450592710851499,-1.9078145771359,2.46764335110127,2.46764335110204,NaN,0.663181006396964,-1.52256581860216,0.362855635112269,1.51884587207276,0.362855635112805,-0.0494619865859723,-0.392271894504427,NaN,NaN,NaN,1.51178945778863,NaN,0.618915746754441,2.35132115314915,NaN,-1.07797105504046,NaN,NaN,-0.707361687800009,NaN,NaN,-0.960448185928863,1.65768667875715,-0.317547330271306,0.357098590707673,NaN,NaN,0.227066774277128,0.103366091428715,-1.21502193634332,1.43622494599285,1.43622494599309,0.124175221432442,-0.344742292421888,NaN,NaN,0.868880174704625,-0.118125921602011,NaN,NaN,-0.465354850903496,NaN,-0.417289720184219,0.630198601956794
456.192,0.731717007502873,-0.94744060557424,-0.0596622291838445,-1.90445526467441,2.46558891570448,2.46558891570526,NaN,0.666080422509644,-1.52800586811958,0.356521944772629,1.51374967889152,0.356521944773155,-0.0600755666880804,-0.386560295776748,NaN,NaN,NaN,1.50830425749305,NaN,0.634252242095598,2.35200145040351,NaN,-1.10058737204837,NaN,NaN,-0.729710093464866,NaN,NaN,-0.933485327654213,1.66729565131935,-0.29812272803069,0.372339554649835,NaN,NaN,0.242823317091292,0.131684387591235,-1.21952487956221,1.44959615142836,1.44959615142859,0.126590318237853,-0.34012866827691,NaN,NaN,0.86729018784007,-0.0877447576481832,NaN,NaN,-0.450037423720053,NaN,-0.423957352889527,0.631141740076021
456.2944,0.705957686931307,-0.933947153210397,-0.0755968749863398,-1.89894091737762,2.4609192459449,2.46091924594568,NaN,0.666444225734376,-1.53431395797672,0.348038636634715,1.50911541982339,0.348038636635232,-0.0711218250496953,-0.380324481162313,NaN,NaN,NaN,1.50329480440762,NaN,0.648911944360714,2.34931804561668,NaN,-1.12189955769807,NaN,NaN,-0.751222487739247,NaN,NaN,-0.906226023635299,1.67584482935888,-0.279588119085556,0.387471057523738,NaN,NaN,0.257890875898598,0.158519056240885,-1.22316103383771,1.46308601241929,1.46308601241951,0.129546777114414,-0.335800115564564,NaN,NaN,0.865134526019102,-0.0576444640193811,NaN,NaN,-0.433929765176029,NaN,-0.429850876873235,0.632656898081283
456.3968,0.678706994592411,-0.920098900734476,-0.0928413122576039,-1.89128728272441,2.45361533202515,2.45361533202595,NaN,0.664319519174629,-1.54145363164091,0.337414605275811,1.504954394502,0.337414605276319,-0.0826357704828917,-0.373550475061136,NaN,NaN,NaN,1.49680902770481,NaN,0.662840657149105,2.34330847076615,NaN,-1.14192226300504,NaN,NaN,-0.77191366172976,NaN,NaN,-0.878690717393901,1.68334772132658,-0.261978537781401,0.402466114704513,NaN,NaN,0.272242582469838,0.183826753121069,-1.22592702606749,1.47665396464506,1.47665396464527,0.133063710513691,-0.331826870019774,NaN,NaN,0.862380974667327,-0.0278127922852319,NaN,NaN,-0.417061586705213,NaN,-0.435008307987253,0.634762493314256
456.4992,0.650041757318652,-0.905962630909501,-0.111372115877863,-1.88151710181252,2.44366559586123,2.44366559586203,NaN,0.659760579673851,-1.54938597537827,0.324666320018641,1.50127546432833,0.324666320019143,-0.0946516174741831,-0.366224272682143,NaN,NaN,NaN,1.48889899373239,NaN,0.675987008421305,2.33402133796023,NaN,-1.16067312164328,NaN,NaN,-0.791801688360395,NaN,NaN,-0.850900095730804,1.68982048466372,-0.245325059345601,0.417297640618074,NaN,NaN,0.285851849425005,0.207568575367466,-1.22782145469188,1.49026000614529,1.49026000614549,0.13715928742513,-0.32827827735987,NaN,NaN,0.85899788810362,0.00176436513330642,NaN,NaN,-0.39946650608257,NaN,-0.439469798231534,0.637478233510565
456.6016,0.62004259739691,-0.891607955584218,-0.13116427650758,-1.86966005772375,2.43106616845102,2.43106616845182,NaN,0.652828709078227,-1.55806960702677,0.309817873381207,1.49808514294807,0.309817873381705,-0.107202631080173,-0.358331869799879,NaN,NaN,NaN,1.47962091677869,NaN,0.688302623257476,2.32151605126986,NaN,-1.17817257609563,NaN,NaN,-0.810907630065137,NaN,NaN,-0.822875135833578,1.69528197642666,-0.22965457966985,0.43193838709749,NaN,NaN,0.298692383892533,0.229710176831995,-1.22884488996079,1.50386462569345,1.50386462569364,0.141850721844735,-0.32522254342064,NaN,NaN,0.854954317659332,0.0311028820204562,NaN,NaN,-0.381181873605319,NaN,-0.443277226043716,0.640825147777155
456.704,0.588793698501464,-0.877106976016794,-0.152191148264028,-1.85575271600833,2.41582113305578,2.41582113305658,NaN,0.643592067562997,-1.56746066697942,0.292900992192784,1.49538770393021,0.292900992193274,-0.120321018729942,-0.349859228694053,NaN,NaN,NaN,1.469035130368,NaN,0.69974231739895,2.3058624665967,NaN,-1.19444372804506,NaN,NaN,-0.829255233238198,NaN,NaN,-0.79463711043602,1.69975380803228,-0.214989656010679,0.446360916297101,NaN,NaN,0.31073821758553,0.25022185452932,-1.22899987255329,1.51742873023937,1.51742873023957,0.147154238055661,-0.322726469553823,NaN,NaN,0.850220163298512,0.0602202725830447,NaN,NaN,-0.362248551511829,NaN,-0.446473759859314,0.644825581180912
456.8064,0.556382547998132,-0.862533912449757,-0.174424394331671,-1.83983845982354,2.39794271899519,2.39794271899598,NaN,0.632125476207382,-1.57751281354546,0.273955013947708,1.49318530035107,0.273955013948195,-0.134037853784316,-0.340792195930343,NaN,NaN,NaN,1.4572060219271,NaN,0.710264333806967,2.28714050992397,NaN,-1.20951220555884,NaN,NaN,-0.846870614333291,NaN,NaN,-0.766207567005705,1.70326039266385,-0.201348407214271,0.460537606819484,NaN,NaN,0.321963759671978,0.269078611632977,-1.22829091590516,1.53091357895164,1.53091357895183,0.153085005965702,-0.320855169643179,NaN,NaN,0.844766350568919,0.0891355304346328,NaN,NaN,-0.34271063803994,NaN,-0.449103390703429,0.64950313823556
456.9088,0.522899657355081,-0.847964688750508,-0.197833915725229,-1.82196741277471,2.37745144964351,2.37745144964429,NaN,0.618510175299518,-1.58817722419316,0.253026838064874,1.49147808564889,0.253026838065353,-0.148382999338829,-0.331116422127535,NaN,NaN,NaN,1.44420194347212,NaN,0.71983063670316,2.26543977139136,NaN,-1.22340603812643,NaN,NaN,-0.863781939036792,NaN,NaN,-0.73760830873325,1.70582897154467,-0.188744459117584,0.47444067905378,NaN,NaN,0.332343874699408,0.286260207804374,-1.22672451197763,1.54428072124746,1.54428072124766,0.159657052961418,-0.319671770613505,NaN,NaN,0.838565028815243,0.117868944240582,NaN,NaN,-0.322615129883409,NaN,-0.451210460237671,0.654882562655501
457.0112,0.488438268043837,-0.833476464396878,-0.222387748114721,-1.80219633360548,2.35437625131649,2.35437625131726,NaN,0.602833529236971,-1.59940260751152,0.230170862006466,1.49026432928811,0.23017086200694,-0.163385019209742,-0.320817312419726,NaN,NaN,NaN,1.43009511356267,NaN,0.72840725389073,2.2408590937437,NaN,-1.23615553679895,NaN,NaN,-0.880019091524701,NaN,NaN,-0.708861387761734,1.70748961637221,-0.17718692394371,0.488042231026658,NaN,NaN,0.34185398165382,0.30175120484001,-1.2243091350727,1.55749193085842,1.55749193085861,0.166883170004582,-0.319237103887291,NaN,NaN,0.831589784390703,0.146441911043606,NaN,NaN,-0.302011521788937,NaN,-0.452839223647165,0.660989546847666
457.1136,0.453094049739888,-0.819147112103412,-0.248051917713439,-1.78058845726403,2.32875451778694,2.32875451778769,NaN,0.585188674685454,-1.61113523639756,0.205448903008154,1.48954052787178,0.205448903008622,-0.179071090661259,-0.309879995415039,NaN,NaN,NaN,1.41496152111786,NaN,0.735964632098055,2.21350617385029,NaN,-1.24779318080349,NaN,NaN,-0.895613328463017,NaN,NaN,-0.679989095884991,1.70827521802698,-0.166680410134191,0.50131428719801,NaN,NaN,0.350470168374139,0.315541007506567,-1.22105523547372,1.57050912735619,1.57050912735637,0.174774833877722,-0.319609398979245,NaN,NaN,0.823815860632193,0.174876767556094,NaN,NaN,-0.280951340698591,NaN,-0.454033460895796,0.667850472039517
457.216,0.416964791347478,-0.805054645696359,-0.274790259839246,-1.75721325838078,2.30063211755948,2.30063211756023,NaN,0.565674119020753,-1.62331901226279,0.178930092819248,1.48930151508241,0.178930092819713,-0.195466937351183,-0.298289291569605,NaN,NaN,NaN,1.39888082781972,NaN,0.742477961729117,2.18349718150225,NaN,-1.25835350814007,NaN,NaN,-0.910596915185879,NaN,NaN,-0.651013937698178,1.70822147235373,-0.157225062543487,0.514228864597088,NaN,NaN,0.358169318428749,0.327623890885804,-1.21697521605812,1.58329427922451,1.58329427922469,0.183342158414487,-0.32084398968265,NaN,NaN,0.815220374606338,0.20319664606889,NaN,NaN,-0.259487613143746,NaN,-0.454836122464095,0.675492087396377
457.3184,0.380150079976743,-0.791276612174411,-0.302564218136598,-1.73214613642199,2.27006333501347,2.27006333501421,NaN,0.544393312905269,-1.6358955599061,0.150690726890952,1.48954056994784,0.150690726891415,-0.212596785500843,-0.286029685712553,NaN,NaN,NaN,1.3819362498376,NaN,0.747927427626779,2.15095636716349,NaN,-1.26787300379784,NaN,NaN,-0.925002749021624,NaN,NaN,-0.621958590341285,1.7073668594544,-0.148816633533851,0.526758056065852,NaN,NaN,0.364929250290447,0.337999004948821,-1.21208339220547,1.59580929188173,1.59580929188191,0.192593871804219,-0.322993040038522,NaN,NaN,0.805782520779541,0.231425346031791,NaN,NaN,-0.237674282437989,NaN,-0.455289009844473,0.683941141577848
457.4208,0.342750962170154,-0.777889465149421,-0.33133264631408,-1.70546804545264,2.23711074503287,2.23711074503359,NaN,0.521454232018851,-1.64880434509738,0.120814053099489,1.49024951541261,0.120814053099948,-0.230483328969651,-0.273085332976288,NaN,NaN,NaN,1.36421439288641,NaN,0.752298345045293,2.11601560717681,NaN,-1.27638998500393,NaN,NaN,-0.938863981589762,NaN,NaN,-0.59284586559951,1.70575259601249,-0.141446582827724,0.538874125761516,NaN,NaN,0.370728870625205,0.346670354980263,-1.20639594414277,1.60801589660204,1.60801589660222,0.202537308158954,-0.326105294342521,NaN,NaN,0.795483753620909,0.259587207982692,NaN,NaN,-0.215565611062181,NaN,-0.455432521629047,0.693223976152494
457.5232,0.304869583829834,-0.764967928685519,-0.361051624470043,-1.67726509039754,2.20184502574572,2.20184502574642,NaN,0.496968991930578,-1.66198281061221,0.0893899914773959,1.4914187956468,0.0893899914778504,-0.249147684673346,-0.259440127782152,NaN,NaN,NaN,1.34580502099634,NaN,0.75558116057776,2.07881384832667,NaN,-1.28394449162059,NaN,NaN,-0.952213651927212,NaN,NaN,-0.563698685503064,1.70342253958374,-0.135102199371329,0.550549609757684,NaN,NaN,0.375548347155928,0.353646762816124,-1.19993087358264,1.61987556121723,1.6198755612174,0.213178401589089,-0.330225851562276,NaN,NaN,0.784307945072432,0.287706980782169,NaN,NaN,-0.193215602112489,NaN,-0.455305483763686,0.703366079670185
457.6256,0.266608808555836,-0.752584350054061,-0.391674288977268,-1.64762809418158,2.16434471297308,2.16434471297376,NaN,0.471053493904565,-1.67536653396585,0.0565147818377716,1.4930375225587,0.0565147818382227,-0.268609328616461,-0.24507784735716,NaN,NaN,NaN,1.32680075482654,NaN,0.757771330687415,2.03949645392382,NaN,-1.29057819025066,NaN,NaN,-0.965084337468115,NaN,NaN,-0.534540074523076,1.70042303670265,-0.129766737045071,0.561757414987636,NaN,NaN,0.379369308466271,0.35894181430064,-1.19270797124754,1.63134943515005,1.63134943515021,0.224521675731894,-0.335395960774507,NaN,NaN,0.772241517674029,0.315809679809674,NaN,NaN,-0.170677451066143,NaN,-0.454945041781167,0.714391595207763
457.728,0.228071819352123,-0.740808038542503,-0.423150667903727,-1.61665213071515,2.12469590175126,2.12469590175191,NaN,0.443827083190049,-1.68888940972156,0.0222905639312912,1.49509348715696,0.0222905639317409,-0.28888600978853,-0.229982368050898,NaN,NaN,NaN,1.30729671011723,NaN,0.758869111644077,1.99821448318803,NaN,-1.29633429445856,NaN,NaN,-0.977507826569053,NaN,NaN,-0.505393167650314,1.6968027170491,-0.125419560269154,0.572470913302586,NaN,NaN,0.382175073741547,0.362573797536941,-1.18474879349544,1.64239832592432,1.64239832592448,0.236570228757443,-0.341652833439317,NaN,NaN,0.759273557583218,0.343920441900116,NaN,NaN,-0.148003007855419,NaN,-0.454386573818068,0.726322778313025
457.8304,0.189361716581872,-0.729704596924655,-0.455427513873424,-1.58443602711898,2.08299191174299,2.08299191174363,NaN,0.415412203582116,-1.70248384986684,-0.0131750920825849,1.49757314151794,-0.0131750920821334,-0.309993644364145,-0.214137939989355,NaN,NaN,NaN,1.28739009330001,NaN,0.758879297535964,1.95512393541898,NaN,-1.30125749635391,NaN,NaN,-0.989514814856274,NaN,NaN,-0.476281229848924,1.69261224280231,-0.12203630234076,0.582664032964054,NaN,NaN,0.383950906938987,0.364565636831442,-1.17607664033725,1.6529826948422,1.65298269484236,0.249325719238512,-0.34902946901417,NaN,NaN,0.745395913560466,0.372064387461596,NaN,NaN,-0.125242216188695,NaN,-0.453663585771564,0.739179412938175
457.9328,0.150581130739493,-0.719335263495275,-0.488448130307019,-1.55108185234643,2.03933294190209,2.03933294190269,NaN,0.385934041648907,-1.7160809892882,-0.0497696772722226,1.50046156816603,-0.0497696772717711,-0.331946201193916,-0.197529487732064,NaN,NaN,NaN,1.26717977001627,NaN,0.757810937674138,1.91038497506792,NaN,-1.30539389830015,NaN,NaN,-1.00113462602842,NaN,NaN,-0.447227681676476,1.68790402586285,-0.119589039316033,0.592311349539763,NaN,NaN,0.384684281207396,0.364944825749419,-1.16671652733144,1.663062661741,1.66306266174115,0.26278835763173,-0.357554490960234,NaN,NaN,0.730603288056145,0.400266494943139,NaN,NaN,-0.102442520839738,NaN,-0.452807565831926,0.752978203092683
458.0352,0.111831866447671,-0.709756289178205,-0.522152195343593,-1.51669441077354,1.9938257309344,1.99382573093498,NaN,0.355520162340205,-1.72961088989679,-0.0873762367896122,1.50374245531832,-0.0873762367891586,-0.354755592542504,-0.180142901174191,NaN,NaN,NaN,1.246765814971,NaN,0.755677060856912,1.86416114216107,NaN,-1.30879092966529,NaN,NaN,-1.01239495631286,NaN,NaN,-0.418256131712073,1.68273192068319,-0.118046472124829,0.601388169677051,NaN,NaN,0.38436513369069,0.363743357018392,-1.1566951500171,1.67259801561954,1.67259801561967,0.276956901869802,-0.367251990873066,NaN,NaN,0.714893324812822,0.428551480227863,NaN,NaN,-0.079648268699329,NaN,-0.451847807454033,0.767732163617307
458.1376,0.0732145868200966,-0.701018379020416,-0.556475600059574,-1.48138074819238,1.94658321764459,1.94658321764515,NaN,0.324300142258829,-1.74300274869602,-0.125873860191419,1.50739808953403,-0.125873860190962,-0.378431579581741,-0.161965294614425,NaN,NaN,NaN,1.22624904191847,NaN,0.752494432781634,1.81661854964443,NaN,-1.31149723440486,NaN,NaN,-1.02332163857964,NaN,NaN,-0.389390418098123,1.67715089521866,-0.117374104628757,0.609870600176311,NaN,NaN,0.382986093966878,0.360997640708925,-1.14604084535932,1.68154823122194,1.68154823122207,0.291828647041033,-0.378141376377827,NaN,NaN,0.698266696766202,0.456943663107288,NaN,NaN,-0.0569001374219556,NaN,-0.45081123433572,0.783450038228595
458.24,0.034828542664602,-0.693166228685404,-0.591350323888208,-1.4452496678828,1.89772417646302,1.89772417646356,NaN,0.292405205312089,-1.75618511886916,-0.165138173179517,1.51140937174014,-0.165138173179055,-0.402981694781107,-0.142985227675806,NaN,NaN,NaN,1.20573051073175,NaN,0.748283368380911,1.76792507142156,NaN,-1.31356252290236,NaN,NaN,-1.03393841914997,NaN,NaN,-0.360654654955639,1.67121668366025,-0.117534413867465,0.61773560672172,NaN,NaN,0.380542682710019,0.356748401987512,-1.13478355336284,1.68987249132538,1.6898724913255,0.307399394258929,-0.390237214407481,NaN,NaN,0.680727198417451,0.485466803086353,NaN,NaN,-0.0342346106835973,NaN,-0.449722259232942,0.800135776336896
458.3424,-0.00322864842826109,-0.686238175429612,-0.626704359411929,-1.4084112534235,1.84737280681749,1.847372806818,NaN,0.25996785845458,-1.76908614922261,-0.205041828948785,1.51575585889194,-0.205041828948318,-0.428411172209957,-0.123192896116815,NaN,NaN,NaN,1.18531101825888,NaN,0.743067606062542,1.71824952758755,NaN,-1.31503739336684,NaN,NaN,-1.04426674884789,NaN,NaN,-0.332073274928854,1.66498542483009,-0.118487011641892,0.624961070355738,NaN,NaN,0.377033488224906,0.351040556378517,-1.12295477633317,1.69752971631695,1.69752971631706,0.323663391009185,-0.403549067523843,NaN,NaN,0.662281840819212,0.514143901083537,NaN,NaN,-0.0116835120208886,NaN,-0.448602690308063,0.817788092924797
458.4448,-0.0408611674350101,-0.680265962603598,-0.662461679446108,-1.37097639922602,1.79565827780312,1.7956582778036,NaN,0.227121517571468,-1.78163384166207,-0.245454991733036,1.52041582613975,-0.245454991732561,-0.454722869479343,-0.102580309177062,NaN,NaN,NaN,1.16509059047014,NaN,0.736874227621234,1.66776087331431,NaN,-1.31597313424479,NaN,NaN,-1.05432560492221,NaN,NaN,-0.303671059619345,1.65851328924883,-0.120188784195118,0.631525834452259,NaN,NaN,0.372460324592125,0.343923064675164,-1.11058753259102,1.70447860900922,1.70447860900932,0.340613252413192,-0.418081339736397,NaN,NaN,0.642940933968992,0.542996982727911,NaN,NaN,0.0107263853576284,NaN,-0.447471677325545,0.836400125246939
458.5472,-0.0779751023923897,-0.675274603388271,-0.698542232020568,-1.33305635268688,1.74271424346044,1.74271424346089,NaN,0.194000109938327,-1.79375632082745,-0.286245808330075,1.52536633710457,-0.286245808329596,-0.481917172040102,-0.0811414632303989,NaN,NaN,NaN,1.14516799350479,NaN,0.729733590148956,1.61662739312441,NaN,-1.31642151703794,NaN,NaN,-1.0641313584216,NaN,NaN,-0.275473151649066,1.65185610205309,-0.122593991300649,0.637409720812162,NaN,NaN,0.366828363952949,0.335448764106227,-1.09771630811493,1.710677726971,1.71067772697109,0.358239883222276,-0.433833160004572,NaN,NaN,0.622718134121143,0.572046884789699,NaN,NaN,0.0329736578786434,NaN,-0.446345676791291,0.855959200682938
458.6496,-0.114478505146137,-0.671282329878894,-0.734861956242188,-1.29476226876043,1.68867833331723,1.68867833331765,NaN,0.16073764357361,-1.80538210853803,-0.32728087016275,1.53058331122723,-0.327280870162266,-0.509991886401543,-0.0588725049338479,NaN,NaN,NaN,1.125640274921,NaN,0.721679236207684,1.56501590992712,NaN,-1.31643458747579,NaN,NaN,-1.07369768301707,NaN,NaN,-0.247505044541301,1.64506897609407,-0.125654323085482,0.642593501040834,NaN,NaN,0.360146233075055,0.32567416526914,-1.08437701530518,1.71608558992172,1.7160855899218,0.376532416552506,-0.450798323358741,NaN,NaN,0.601630441529641,0.601313059168419,NaN,NaN,0.0550424413117616,NaN,-0.445238419297986,0.876446722765678
458.752,-0.150281405010829,-0.668300617051604,-0.771332819006594,-1.2562047725581,1.63369160947492,1.63369160947531,NaN,0.127467744144633,-1.81644039936762,-0.368425669332937,1.53604158648967,-0.36842566933245,-0.538942136325327,-0.0357718715502389,NaN,NaN,NaN,1.10660234588567,NaN,0.712747764433967,1.51309104911879,NaN,-1.31606446475319,NaN,NaN,-1.08303549175794,NaN,NaN,-0.219792546219002,1.63820597314904,-0.129318936606303,0.64705883151459,NaN,NaN,0.352426071273684,0.314659208760504,-1.07060696477995,1.7206608165838,1.72066081658386,0.395478177994166,-0.468965293116954,NaN,NaN,0.579698149437463,0.63081340406835,NaN,NaN,0.0769225653492315,NaN,-0.44416087679154,0.897838149430263
458.8544,-0.185295791414097,-0.666334267212873,-0.807862872694351,-1.21749352220019,1.57789798824094,1.5778979882413,NaN,0.0943231698232351,-1.82686133720061,-0.409545047997931,1.54171498275518,-0.40954504799744,-0.568760265102015,-0.0118404089370352,NaN,NaN,NaN,1.08814661423487,NaN,0.70297866336874,1.46101460559262,NaN,-1.31536315744091,NaN,NaN,-1.09215289254037,NaN,NaN,-0.192361708740875,1.63131980612444,-0.133534501491169,0.650788173527242,NaN,NaN,0.343683553841813,0.302466986139709,-1.05644484580877,1.72436227214189,1.72436227214192,0.415062678069321,-0.488317255595593,NaN,NaN,0.556944754869359,0.660564127145188,NaN,NaN,0.0986096218662199,NaN,-0.443121235576144,0.92010301199784
458.9568,-0.219435582837301,-0.665381537633792,-0.844356337087636,-1.17873675923323,1.52144363288327,1.52144363288359,NaN,0.061435318236639,-1.83657629332231,-0.450503642385,1.54757636994607,-0.450503642384507,-0.599435729379131,0.012918519357931,NaN,NaN,NaN,1.0703626623484,NaN,0.692414122143106,1.40894501172905,NaN,-1.31438239750691,NaN,NaN,-1.10105515536913,NaN,NaN,-0.165238718715466,1.62446158418895,-0.138245272530522,0.653764714406873,NaN,NaN,0.333937887019325,0.289163429150069,-1.04193070340412,1.72714920631621,1.72714920631622,0.435269627291184,-0.508832212070124,NaN,NaN,0.533396842249514,0.690579627991458,NaN,NaN,0.120104955127795,NaN,-0.442124879071344,0.943204943553894
459.0592,-0.252616597342477,-0.665434309994301,-0.880713720990248,-1.14004083457166,1.46447630946894,1.46447630946922,NaN,0.0289337366837554,-1.84551814517868,-0.491166330632109,1.55359774399105,-0.491166330631615,-0.630954965786844,0.0384989208570099,NaN,NaN,NaN,1.05333694343772,NaN,0.681098830265209,1.35703685763236,NaN,-1.31317348094665,NaN,NaN,-1.10974468366877,NaN,NaN,-0.138449751414903,1.61768059513842,-0.143393194279105,0.65597229291243,NaN,NaN,0.323211775504213,0.274816958603295,-1.02710590176559,1.72898137394595,1.72898137394594,0.456080959055165,-0.530483091366535,NaN,NaN,0.509083946610962,0.720872366972304,NaN,NaN,0.141415552330521,NaN,-0.44117438717043,0.967101736112753
459.1616,-0.284756524716498,-0.666478327522736,-0.916832007091284,-1.10150971335931,1.40714468182097,1.40714468182122,NaN,-0.00305436151224353,-1.85362155243077,-0.53139869269295,1.55975031679948,-0.531398692692456,-0.663301224684121,0.0648920612908339,NaN,NaN,NaN,1.03715247090666,NaN,0.669079774842724,1.30544042835898,NaN,-1.31178709091061,NaN,NaN,-1.11822098862092,NaN,NaN,-0.112020798523079,1.61102411664519,-0.148918040153156,0.657395328355082,NaN,NaN,0.311531357061317,0.259498079678409,-1.01201307026428,1.7298191421384,1.72981914213837,0.477476845129033,-0.553237870045676,NaN,NaN,0.484038399908005,0.751452688821637,NaN,NaN,0.162553829936896,NaN,-0.440269570391564,0.991745475545158
459.264,-0.315774885105175,-0.668493531323872,-0.952604912117804,-1.06324447730958,1.34959753689442,1.34959753689464,NaN,-0.0344045793367306,-1.86082322593451,-0.571067478809823,1.56600462606307,-0.571067478809329,-0.696454383878273,0.0920863591358692,NaN,NaN,NaN,1.02188849724392,NaN,0.656406038081588,1.25430126125355,NaN,-1.31027308132887,NaN,NaN,-1.12648067978,NaN,NaN,-0.0859774801277997,1.60453724609924,-0.154757586673805,0.658018754245462,NaN,NaN,0.298926098114302,0.243278922998749,-0.996696031394469,1.72962359471099,1.72962359471093,0.499435698929653,-0.577059695645124,NaN,NaN,0.458295161736262,0.782328596700276,NaN,NaN,0.183537333124185,NaN,-0.439407557703853,1.01708278559774
459.3664,-0.345592961773696,-0.671454500781374,-0.987923213184079,-1.02534284297788,1.29198296332599,1.29198296332617,NaN,-0.0649958211979685,-1.86706218623579,-0.610041075843488,1.57233066202857,-0.610041075842995,-0.730390765084099,0.120067297383021,NaN,NaN,NaN,1.00762019618116,NaN,0.643128588312378,1.20375974030105,NaN,-1.30868021846565,NaN,NaN,-1.13451749283303,NaN,NaN,-0.060344850987593,1.59826273980316,-0.160847815141304,0.657827953114588,NaN,NaN,0.285428646752463,0.226232746214678,-0.981199711349688,1.72835664667652,1.72835664667642,0.521934174474145,-0.601907019126326,NaN,NaN,0.431891632989006,0.813505499663782,NaN,NaN,0.204388367662393,NaN,-0.438582943703416,1.043055176749
459.4688,-0.374133714400864,-0.675330970461459,-1.02267512230987,-0.987898710116313,1.23444751914241,1.23444751914257,NaN,-0.0947107761230322,-1.87228000899573,-0.648189964848095,1.57869800096633,-0.648189964847603,-0.765082971696714,0.148817358044153,NaN,NaN,NaN,0.994418360829174,NaN,0.629300054725363,1.15395073671834,NaN,-1.30705589685397,NaN,NaN,-1.14232236391416,NaN,NaN,-0.0351472145325251,1.59224085929077,-0.167123131144019,0.656808686217664,NaN,NaN,0.271074643602749,0.208433414188512,-0.965570037949955,1.72598117606537,1.72598117606524,0.544947170694865,-0.627733744105942,NaN,NaN,0.404867453490207,0.844985960309293,NaN,NaN,0.225133578524465,NaN,-0.437787991828824,1.0695994756771
459.5712,-0.401321695462348,-0.680088381015535,-1.05674669519335,-0.951001755112219,1.17713541995181,1.17713541995194,NaN,-0.123436387703815,-1.8764210588544,-0.685387169173436,1.5850759374504,-0.685387169172945,-0.800499756885138,0.178315980749105,NaN,NaN,NaN,0.982349121119185,NaN,0.614974487404718,1.10500329270092,NaN,-1.30544585184989,NaN,NaN,-1.14988354163847,NaN,NaN,-0.0104079615684938,1.58650922871686,-0.173516599890855,0.65494701809865,NaN,NaN,0.255902499566043,0.189954872095697,-0.949853834360106,1.72246117077135,1.72246117077118,0.568447842813202,-0.654489391767772,NaN,NaN,0.377264292511407,0.876769457274152,NaN,NaN,0.245803496037873,NaN,-0.437012885626782,1.09664829987246
459.6736,-0.427082990117552,-0.685688425664866,-1.09002226169171,-0.914737081975995,1.12018777800579,1.12018777800589,NaN,-0.151064301973461,-1.87943272372305,-0.721508692046127,1.59143361481345,-0.721508692045635,-0.836605928521457,0.208539545924829,NaN,NaN,NaN,0.971473679524244,NaN,0.600207117530204,1.05704033433564,NaN,-1.3038938867292,NaN,NaN,-1.15718672491845,NaN,NaN,0.0138505545110694,1.58110270529322,-0.179960196781291,0.652229242588774,NaN,NaN,0.239953157048606,0.170870625566233,-0.934098715619315,1.71776188163085,1.71776188163063,0.592407618461642,-0.68211927636379,NaN,NaN,0.349125642438105,0.908852167861821,NaN,NaN,0.266432077477147,NaN,-0.436246010489567,1.12413053033209
459.776,-0.45134518306376,-0.692089568916219,-1.12238486059465,-0.879184935122347,1.06374192164211,1.06374192164218,NaN,-0.177491290938779,-1.88126566754264,-0.7564339408976,1.59774015569391,-0.756433940897103,-0.873362301068839,0.239461385038234,NaN,NaN,NaN,0.961848065227064,NaN,0.585054130128593,1.01017840084638,NaN,-1.30244162489844,NaN,NaN,-1.16421522448752,NaN,NaN,0.0376071054337389,1.57605325801081,-0.186385065864951,0.648641817562308,NaN,NaN,0.223269850541808,0.151253246083368,-0.918352989403667,1.71184997088653,1.71184997088626,0.616796219792953,-0.710564691092097,NaN,NaN,0.320496618959745,0.941226774525564,NaN,NaN,0.287056260415188,NaN,-0.435474241190138,1.15197173728348
459.8784,-0.474037344991146,-0.69924752798918,-1.15371666198532,-0.844420472885249,1.00793080879335,1.0079308087934,NaN,-0.202619654590239,-1.88187411152199,-0.790046140923561,1.60396479139587,-0.790046140923064,-0.910725704829812,0.271051823174419,NaN,NaN,NaN,0.953522907907486,NaN,0.569572448671951,0.964527393620928,NaN,-1.30112829206436,NaN,NaN,-1.1709501554563,NaN,NaN,0.0608416430464943,1.57138984765116,-0.192721772182493,0.644171311313612,NaN,NaN,0.205897875167898,0.131173921446531,-0.902665558936791,1.70469364892099,1.70469364892068,0.641581698640475,-0.739763111404267,NaN,NaN,0.291423763931449,0.973882303957992,NaN,NaN,0.307715522818096,NaN,-0.434683215180425,1.18009453268387
459.9808,-0.495090035986784,-0.707115713075849,-1.18389937076415,-0.810513599228506,0.952882530370702,0.952882530370722,NaN,-0.226357609674,-1.88121614346998,-0.822232749207757,1.61007698516282,-0.822232749207258,-0.94864906161951,0.303278263034222,NaN,NaN,NaN,0.946543232264336,NaN,0.553819526123884,0.920190361884337,NaN,-1.29999052953044,NaN,NaN,-1.17737067297052,NaN,NaN,0.0835353219667122,1.56713830563451,-0.198900530909555,0.638804353505844,NaN,NaN,0.187884362554186,0.110702063185475,-0.887085829114154,1.6962628014599,1.69626280145953,0.666730496045887,-0.769648429015397,NaN,NaN,0.261954841010909,1.00680401413351,NaN,NaN,0.328451441859833,NaN,-0.433857585538191,1.20841884516385
460.0832,-0.514435330858653,-0.715645624115831,-1.21281461467089,-0.777528849434987,0.898719892773775,0.89871989277377,NaN,-0.248619676247372,-1.87925405413426,-0.852885881515323,1.61604654594787,-0.852885881514827,-0.987081539011885,0.33610532383989,NaN,NaN,NaN,0.940948277491536,NaN,0.537853139316871,0.877263342731219,NaN,-1.29906223769918,NaN,NaN,-1.18345426085948,NaN,NaN,0.105670484063795,1.56332121294034,-0.204851401874041,0.632527575425326,NaN,NaN,0.169278055462926,0.0899049683233121,-0.871663618039792,1.68652911599476,1.68652911599433,0.692207535885978,-0.800151231682873,NaN,NaN,0.23213861131048,1.03997334456896,NaN,NaN,0.349307258716276,NaN,-0.432981260325894,1.23686212919183
460.1856,-0.532006873094673,-0.72478720483984,-1.24034432483734,-0.745525325813825,0.845560062046517,0.845560062046489,NaN,-0.269327065681875,-1.87595469849154,-0.881902754876541,1.6218437365558,-0.881902754876047,-1.02596879596464,0.369495047684425,NaN,NaN,NaN,0.936771351952607,NaN,0.521731179895192,0.83583527119987,NaN,-1.29837445138904,NaN,NaN,-1.18917707335034,NaN,NaN,0.127230595879464,1.55995778021351,-0.210504452516504,0.625327527563387,NaN,NaN,0.150129070619608,0.0688475240967147,-0.856449068943292,1.67546621199945,1.67546621199898,0.717976354269625,-0.831199137726354,NaN,NaN,0.202024582314157,1.07336793756524,NaN,NaN,0.370327464931678,NaN,-0.43203763635202,1.26533952742108
460.288,-0.547739963429815,-0.734489162298982,-1.26637112286878,-0.71455668293962,0.793514241581696,0.793514241581639,NaN,-0.288408062302582,-1.87128986919955,-0.909186141869455,1.6274393853633,-0.909186141868964,-1.06525332556122,0.403407178165919,NaN,NaN,NaN,0.934039732461938,NaN,0.50551143026042,0.795987973009758,NaN,-1.29795525422482,NaN,NaN,-1.19451431809291,NaN,NaN,0.148200134050726,1.55706373235616,-0.215789907740209,0.617190576723076,NaN,NaN,0.130488642957838,0.047591944940773,-0.841492552923116,1.66304976613707,1.66304976613653,0.743999256749421,-0.862717181421717,NaN,NaN,0.171662735898582,1.10696172721186,NaN,NaN,0.391557420163443,NaN,-0.431009826025387,1.29376400520312
460.3904,-0.561571688173457,-0.744699265816415,-1.29077873274781,-0.684671161843791,0.742687353689304,0.742687353689226,NaN,-0.30579838823341,-1.86523666176265,-0.934644831782161,1.63280500656385,-0.934644831781675,-1.10487488979237,0.437799507609364,NaN,NaN,NaN,0.93277460640107,NaN,0.489251318559244,0.757796240952384,NaN,-1.29782973856019,NaN,NaN,-1.19944066435766,NaN,NaN,0.16856442312597,1.55465120437159,-0.220638312900138,0.608102798563872,NaN,NaN,0.110408848749094,0.0261975343756636,-0.826844555528845,1.649257613495,1.6492576134944,0.770237489489335,-0.894628233574272,NaN,NaN,0.141103249490177,1.14072508159609,NaN,NaN,0.413043000193678,NaN,-0.429880867268293,1.32204647269191
460.4928,-0.573441089544862,-0.755364632840563,-1.31345242681249,-0.655911664359907,0.693177707355683,0.693177707355583,NaN,-0.321441545521657,-1.85777781929138,-0.958194092382995,1.6379129239898,-0.958194092382515,-1.14477102860627,0.472628282602851,NaN,NaN,NaN,0.932991045097447,NaN,0.473007660276383,0.721327975957207,NaN,-1.29802000541892,NaN,NaN,-1.20393066891693,NaN,NaN,0.188309435876155,1.55272865318647,-0.224980728943391,0.598049883068502,NaN,NaN,0.0899423083477279,0.00472046653347344,-0.812555542078206,1.63406981290308,1.63406981290242,0.796651411891984,-0.926853440212893,NaN,NaN,0.110396220044349,1.17462497876905,NaN,NaN,0.434830267836244,NaN,-0.428633905514559,1.35009590443408
460.5952,-0.583289374761446,-0.766431997812897,-1.33427949871652,-0.628315850731971,0.645076652946211,0.645076652946092,NaN,-0.335289131670979,-1.84890205983185,-0.979756123032672,1.642736389264,-0.979756123032195,-1.18487761833043,0.50784865475178,NaN,NaN,NaN,0.934697995738383,NaN,0.456836401917202,0.686644356540849,NaN,-1.29854518437144,NaN,NaN,-1.20795922464433,NaN,NaN,0.207421564361697,1.55130078567511,-0.228748959932487,0.587017060110672,NaN,NaN,0.0691418719996374,-0.0167864171182051,-0.798675798629438,1.61746868459071,1.61746868458997,0.823200665130594,-0.959312671135645,NaN,NaN,0.0795913881485573,1.20862520319304,NaN,NaN,0.45696516440281,NaN,-0.427252345484273,1.37781946500399
460.6976,-0.591060155275075,-0.777847957760454,-1.35314974824376,-0.601916246795717,0.598468242707042,0.598468242706909,NaN,-0.347301126456238,-1.83860439428439,-0.999260488501084,1.64724968915737,-0.999260488500612,-1.2251294575718,0.54341516199227,NaN,NaN,NaN,0.937898283689966,NaN,0.440792376753362,0.653800002596009,NaN,-1.29942145084866,NaN,NaN,-1.21150203608619,NaN,NaN,0.225887368375578,1.55036850246484,-0.231875797808463,0.574989040694209,NaN,NaN,0.0480602949387371,-0.0382737997039322,-0.785255252211568,1.59943884226199,1.59943884226119,0.849844336809838,-0.991924977192398,NaN,NaN,0.0487378548936906,1.24268655931529,NaN,NaN,0.479493224732218,NaN,-0.425719984253224,1.40512265131103
460.8,-0.596699701064076,-0.789559194141639,-1.3699559610336,-0.576740361339457,0.553428926440967,0.553428926440824,NaN,-0.357446154674345,-1.82688643237409,-1.01664451769786,1.65142824163569,-1.01664451769739,-1.2654608579637,0.579282217243732,NaN,NaN,NaN,0.942588627963657,NaN,0.424929072569818,0.622843123090234,NaN,-1.300662032316,NaN,NaN,-1.2145361113474,NaN,NaN,0.243693313143885,1.54992885852876,-0.234295265985423,0.561949966084416,NaN,NaN,0.0267499133222288,-0.0596960689002073,-0.772343281892568,1.57996723940039,1.57996723939951,0.876541123013393,-1.02460905213098,NaN,NaN,0.0178837958929753,1.27676710350909,NaN,NaN,0.502459310388237,NaN,-0.424021141907472,1.4319094550017
460.9024,-0.600157187565534,-0.801512679190089,-1.38459436617552,-0.55281082818708,0.51002730453976,0.51002730453961,NaN,-0.365701731552247,-1.81375665793491,-1.03185364325937,1.65524868126378,-1.0318536432589,-1.30580621036905,0.615404572702478,NaN,NaN,NaN,0.948759685050612,NaN,0.409298411167428,0.593815657176027,NaN,-1.30227721141909,NaN,NaN,-1.21704024837555,NaN,NaN,0.260825512020264,1.54997504054843,-0.235942849847271,0.547883362307264,NaN,NaN,0.00526233531955371,-0.0810114763489344,-0.759988534569325,1.55904323846908,1.55904323846814,0.903249486968785,-1.05728368761401,NaN,NaN,-0.0129238087004616,1.31082239525548,NaN,NaN,0.525907344068348,NaN,-0.422140796018635,1.45808253577708
461.0048,-0.60138491625507,-0.813655879945156,-1.39696506286564,-0.53014558717106,0.468323940778551,0.468323940778391,NaN,-0.372054481686847,-1.79923065013766,-1.04484165986254,1.65868893445153,-1.04484165986209,-1.34610050196469,0.651737735647873,NaN,NaN,NaN,0.956396134858784,NaN,0.393950549182939,0.566753416170916,NaN,-1.30427434050841,NaN,NaN,-1.21899549442318,NaN,NaN,0.277269483770685,1.5504963571419,-0.23675571179555,0.532772103425123,NaN,NaN,-0.0163518452357321,-0.102182264623858,-0.748238753670556,1.53665870164882,1.53665870164781,0.929927810382185,-1.08986820782948,NaN,NaN,-0.0436394101303135,1.34480576463815,NaN,NaN,0.549880030575596,NaN,-0.420064714789753,1.48354339585976
461.1072,-0.600338505833193,-0.825936966648128,-1.40697241886305,-0.508758102381785,0.428371227967827,0.428371227967659,NaN,-0.376500300091386,-1.783331237639,-1.05557089499775,1.66172828340105,-1.05557089499731,-1.38627977324824,0.688238327562502,NaN,NaN,NaN,0.965476806357519,NaN,0.378933714528403,0.541686224076946,NaN,-1.30665787978445,NaN,NaN,-1.22038556285309,NaN,NaN,0.29300992718339,1.55147823537727,-0.236672894812988,0.516598388164265,NaN,NaN,-0.0380433160067058,-0.123174754702958,-0.73714062157744,1.51280809637231,1.51280809637123,0.956534531865436,-1.12228287290353,NaN,NaN,-0.0742190878270983,1.37866858825252,NaN,NaN,0.574418562180744,NaN,-0.417779581111772,1.50819255440115
461.2096,-0.596977061616493,-0.838305019859229,-1.41452544393443,-0.488657601445528,0.390213308025622,0.390213308025447,NaN,-0.379044423602957,-1.76608858535049,-1.06401230152296,1.66434741568411,-1.06401230152252,-1.42628150866835,0.724864384811159,NaN,NaN,NaN,0.975974830760149,NaN,0.364294083767459,0.518638054935686,NaN,-1.30942946595873,NaN,NaN,-1.22119720030067,NaN,NaN,0.308030516262096,1.55290221828502,-0.235635517361593,0.499343731899911,NaN,NaN,-0.0597643033810875,-0.143959393544353,-0.726739612966375,1.48748860821306,1.48748860821192,0.983028270957648,-1.15444924684659,NaN,NaN,-0.104620712829825,1.41236056756307,NaN,NaN,0.599562314644079,NaN,-0.415273101768013,1.53192972386655
461.312,-0.591263330547184,-0.85071022340565,-1.4195381346942,-0.469849317811683,0.353886056240774,0.353886056240591,NaN,-0.379701405523249,-1.74754022084016,-1.0701454848427,1.6665284566678,-1.07014548484228,-1.46604495681405,0.761575601126862,NaN,NaN,NaN,0.987857815475699,NaN,0.35007569359957,0.497627169478639,NaN,-1.31258800946641,NaN,NaN,-1.22142050918173,NaN,NaN,0.322313719289186,1.55474596116522,-0.233586954503854,0.480988973698888,NaN,NaN,-0.0814688267940838,-0.164510762245325,-0.717079853118415,1.46070025785975,1.46070025785854,1.00936794374868,-1.18629053533526,NaN,NaN,-0.134804087572774,1.44583001138566,NaN,NaN,0.625348538222347,NaN,-0.412534098770608,1.55465398924295
461.4144,-0.583163851572752,-0.86310402895423,-1.42192978861064,-0.452334723130228,0.319417135209438,0.319417135209251,NaN,-0.37849500839365,-1.72773100861626,-1.07395867312725,1.66825498468295,-1.07395867312683,-1.50551138852806,0.798333520026336,NaN,NaN,NaN,1.00108803789356,NaN,0.336320375618229,0.478666249201729,NaN,-1.31612980967752,NaN,NaN,-1.22104923437068,NaN,NaN,0.335840639494002,1.55698322781392,-0.230472993220441,0.461514300480017,NaN,NaN,-0.103112946817483,-0.184807539117298,-0.708203972359894,1.43244602461678,1.43244602461549,1.03551287846838,-1.21773190310833,NaN,NaN,-0.164731070340108,1.47902412637654,NaN,NaN,0.651812040777519,NaN,-0.409552584569277,1.57626399309546
461.5168,-0.572649116638126,-0.875439282264817,-1.4216252948275,-0.436111741768357,0.286826114106698,0.286826114106508,NaN,-0.375458034608564,-1.70671307456539,-1.0754486343564,1.66951203329637,-1.075448634356,-1.54462431183236,0.835101690294099,NaN,NaN,NaN,1.01562265677856,NaN,0.323067706922387,0.461762522036139,NaN,-1.32004867950735,NaN,NaN,-1.22008101485073,NaN,NaN,0.348590871258456,1.55958389165345,-0.226241951996387,0.440899296623785,NaN,NaN,-0.124654992731826,-0.204832404823886,-0.700152951551591,1.40273198059365,1.40273198059229,1.06142293451376,-1.2487007748211,NaN,NaN,-0.19436568706359,1.51188931583857,NaN,NaN,0.678984860572863,NaN,-0.40631982804951,1.59665813351616
461.6192,-0.559693754174285,-0.88767031113352,-1.41855541481377,-0.421174944242613,0.256124644820829,0.256124644820636,NaN,-0.370632112295807,-1.68454567282957,-1.07462054125013,1.67028608740287,-1.07462054124973,-1.5833296594679,0.871845792073797,NaN,NaN,NaN,1.03141393976933,NaN,0.310354975908086,0.446917881515096,NaN,-1.32433608286934,NaN,NaN,-1.21851759093885,NaN,NaN,0.360542371311377,1.56251395111828,-0.220844766769153,0.419123031206498,NaN,NaN,-0.146055753342362,-0.224571878553685,-0.692965961325211,1.37156743712105,1.37156743711962,1.08705862231361,-1.27912711481891,NaN,NaN,-0.223674226507276,1.54437148589008,NaN,NaN,0.706895937213108,NaN,-0.402828419190344,1.61573478172515
461.7216,-0.544276736336778,-0.899752982751671,-1.41265706122903,-0.407515720614976,0.227316690039684,0.227316690039488,NaN,-0.364067449323888,-1.66129497959791,-1.07148778466835,1.67056507637302,-1.07148778466796,-1.62157595436544,0.908533732204017,NaN,NaN,NaN,1.04840951269196,NaN,0.298217166519686,0.434129011771272,NaN,-1.32898129439848,NaN,NaN,-1.21636495298499,NaN,NaN,0.371671354355363,1.56573557129558,-0.214235058527611,0.39616419064184,NaN,NaN,-0.167278622687771,-0.244016088240904,-0.686680202696389,1.33896510110672,1.33896510110522,1.11238121913295,-1.30894367957421,NaN,NaN,-0.252625312154027,1.57641636109483,NaN,NaN,0.735570795335911,NaN,-0.39907233731951,1.63339252134999
461.824,-0.526381604627415,-0.911644739695367,-1.40387357749975,-0.395122438067675,0.200398801168914,0.200398801168714,NaN,-0.355822558352922,-1.63703379714982,-1.06607173604523,1.67033836374069,-1.06607173604486,-1.65931444760482,0.945135702630154,NaN,NaN,NaN,1.06655264350595,NaN,0.286686961154127,0.423387530270531,NaN,-1.33397158227464,NaN,NaN,-1.21363342203378,NaN,NaN,0.381952224461949,1.56920715869451,-0.206369198672185,0.372001252491133,NaN,NaN,-0.18828970550615,-0.26315849251594,-0.681330760152809,1.30494123396816,1.30494123396658,1.13735287757298,-1.33808624084895,NaN,NaN,-0.281189947034554,1.60796981358589,NaN,NaN,0.765031251440376,NaN,-0.395047025678743,1.649530409179
461.9264,-0.505996707888339,-0.923304625029045,-1.39215502104896,-0.383980585999755,0.175360441976556,0.175360441976352,NaN,-0.345963947022925,-1.61184115972914,-1.05840146018502,1.66959673381563,-1.05840146018465,-1.69649921833333,0.981624195795556,NaN,NaN,NaN,1.08578257188431,NaN,0.275794758341408,0.414680148121831,NaN,-1.33929240408669,NaN,NaN,-1.21033766509418,NaN,NaN,0.391357548218115,1.57288346595006,-0.197206378654148,0.346612687309511,NaN,NaN,-0.209057898894683,-0.281995575606751,-0.676950478227952,1.26951579742481,1.26951579742315,1.16193672529635,-1.36649378132186,NaN,NaN,-0.309341532128108,1.63897820463139,NaN,NaN,0.795295151275069,NaN,-0.390749473887045,1.66404826108667
462.0288,-0.48311544776597,-0.934693306200594,-1.37745845360268,-0.374072903775825,0.152184354876767,0.152184354876564,NaN,-0.334565766348235,-1.585801844893,-1.04851338490428,1.66833237473434,-1.04851338490393,-1.7330872289107,1.01797397377302,NaN,NaN,NaN,1.10603488383244,NaN,0.26556870264134,0.407988835507101,NaN,-1.34492760762227,NaN,NaN,-1.20649665479027,NaN,NaN,0.399858074860806,1.57671572110051,-0.186708686346875,0.319977178956114,NaN,NaN,-0.229554967687112,-0.30052653136068,-0.673569862905464,1.23271256461413,1.23271256461239,1.18609695351094,-1.39410866290736,NaN,NaN,-0.337055860350433,1.66938873024435,NaN,NaN,0.826376146268532,NaN,-0.386178306434136,1.67684696949023
462.1312,-0.457736530030011,-0.945773096711089,-1.35974823588253,-0.365379479051441,0.130846972023397,0.130846972023196,NaN,-0.321709413692334,-1.55900579805075,-1.03645093829146,1.66653885141821,-1.03645093829112,-1.76903833461122,1.05416199096447,NaN,NaN,NaN,1.1272419208109,NaN,0.256034728639394,0.403290980683093,NaN,-1.35085964001437,NaN,NaN,-1.20213357889418,NaN,NaN,0.407422812271953,1.58065178135999,-0.174841193570845,0.292073863620879,NaN,NaN,-0.249755621462914,-0.318752944804172,-0.671216996534822,1.19455918370313,1.19455918370131,1.20979889233799,-1.42087676614157,NaN,NaN,-0.364311089205648,1.69914976444758,NaN,NaN,0.858283514876825,NaN,-0.381333870162982,1.68782885394359
462.2336,-0.429864225779423,-0.956507961569238,-1.33899631839257,-0.357877810031012,0.111318873315381,0.111318873315182,NaN,-0.307483087580044,-1.53154747330815,-1.02226415988481,1.66421106026481,-1.02226415988449,-1.80431525258719,1.09016727431993,NaN,NaN,NaN,1.14933321399059,NaN,0.247216622537789,0.400559541767602,NaN,-1.35706977277209,NaN,NaN,-1.19727570152449,NaN,NaN,0.414019166236468,1.58463631253874,-0.161572055171509,0.262882592383403,NaN,NaN,-0.269637591775185,-0.336678470504215,-0.669917450832228,1.15508720019343,1.15508720019153,1.2330090783924,-1.44674760457858,NaN,NaN,-0.39108770033441,1.72821120387266,NaN,NaN,0.891022028353203,NaN,-0.376218313193936,1.696898040493
462.336,-0.399508646451574,-0.966863492994403,-1.31518252029337,-0.351542838275463,0.093565285559036,0.0935652855588358,NaN,-0.291981289484153,-1.50352509512065,-1.00600928541369,1.66134516748,-1.00600928541339,-1.83888350181772,1.12597077065448,NaN,NaN,NaN,1.1722359398573,NaN,0.239136099900546,0.399763197124173,NaN,-1.36353834083415,NaN,NaN,-1.19195418251674,NaN,NaN,0.419613140962746,1.58861099165339,-0.146872610762733,0.232384217936537,NaN,NaN,-0.289181707413371,-0.354308502663286,-0.669694189042461,1.11433205256293,1.11433205256095,1.25569532740945,-1.4716744258983,NaN,NaN,-0.417368459362847,1.75652482051425,NaN,NaN,0.924591855416022,NaN,-0.370835654760581,1.70396086455379
462.4384,-0.366686026614477,-0.976806855900604,-1.2882947893513,-0.346346967505443,0.077546605860192,0.0775466058599924,NaN,-0.275304273126925,-1.47503986134011,-0.98774830685621,1.65793854572987,-0.987748306855923,-1.87271132847672,1.16155517288276,NaN,NaN,NaN,1.195875392045,NaN,0.231812891818138,0.400866500219344,NaN,-1.37024498286165,NaN,NaN,-1.18620386637536,NaN,NaN,0.424169587096586,1.59251472878927,-0.130717477436738,0.200560898098714,NaN,NaN,-0.308371968677543,-0.371649840318674,-0.67056745933748,1.07233304904904,1.07233304904698,1.27782682171608,-1.49561430909229,NaN,NaN,-0.443138386157466,1.78404461847631,NaN,NaN,0.958988496258587,NaN,-0.365191851545034,1.70892629303084
462.5408,-0.331419000785902,-0.986306715366106,-1.25832943899261,-0.342260085477481,0.0632189218991871,0.0632189218989866,NaN,-0.257557458612481,-1.44619512567374,-0.967548518375177,1.65398972299293,-0.967548518374906,-1.90576962580403,1.19690473448221,NaN,NaN,NaN,1.22017545648848,NaN,0.225264832723549,0.403830040571086,NaN,-1.37716886766715,NaN,NaN,-1.18006305196034,NaN,NaN,0.427652477666389,1.59628390646544,-0.113084629981225,0.167396406837066,NaN,NaN,-0.327195618566173,-0.38871036483741,-0.67255468669075,1.02913332707676,1.02913332707461,1.29937421082503,-1.51852825573943,NaN,NaN,-0.468384735112808,1.81072717579338,NaN,NaN,0.994202731927925,NaN,-0.359294862059468,1.71170635985501
462.6432,-0.293736866073734,-0.995333164359796,-1.2252913700751,-0.339249602440375,0.0505344994270929,0.0505344994268915,NaN,-0.238850839617695,-1.41709559873332,-0.945482064289285,1.64949834239099,-0.945482064289029,-1.93803185226755,1.23200507937913,NaN,NaN,NaN,1.2450590717247,NaN,0.21950794803025,0.408610606546163,NaN,-1.38428889753042,NaN,NaN,-1.17357325329825,NaN,NaN,0.430025196559422,1.59985263699666,-0.093955474780598,0.132876450511662,NaN,NaN,-0.34564320117362,-0.405498748607029,-0.675670364989767,0.984779798203047,0.984779798200819,1.32030971675759,-1.54038126526719,NaN,NaN,-0.493096979167418,1.83653194761155,NaN,NaN,1.03022057575778,NaN,-0.353154701333122,1.71221660674807
462.7456,-0.253675833054072,-1.00385766890855,-1.18919429562674,-0.337280511617189,0.0394422185618119,0.0394422185616113,NaN,-0.219298404399972,-1.38784659229299,-0.921625503396636,1.64446512041812,-0.921625503396397,-1.96947395104425,1.26684301313918,NaN,NaN,NaN,1.27044865843372,NaN,0.214556540047002,0.415161348021225,NaN,-1.3915838901854,NaN,NaN,-1.1667789625854,NaN,NaN,0.431250834872877,1.60315303939735,-0.0733149240842016,0.0969889929965933,NaN,NaN,-0.363708597036388,-0.422024200736293,-0.679925944584442,0.93932308380715,0.93932308380484,1.34060723876932,-1.56114238440809,NaN,NaN,-0.517266794271162,1.86142151432636,NaN,NaN,1.06702322401956,NaN,-0.346783475584609,1.71037652144104
462.848,-0.21127926466683,-1.01185304054129,-1.15006097724183,-0.336315469351835,0.0298879610203027,0.0298879610201047,NaN,-0.199017575510316,-1.35855331297438,-0.89605939680787,1.63889179572711,-0.896059396807648,-2.00007427135414,1.30140633643373,NaN,NaN,NaN,1.29626650991438,NaN,0.210423267446946,0.423431945167131,NaN,-1.39903274982552,NaN,NaN,-1.15972742477289,NaN,NaN,0.431292498789104,1.60611553768217,-0.0511514717677597,0.0597245903171116,NaN,NaN,-0.381389032776906,-0.43829624252765,-0.685329714456611,0.892817445939196,0.892817445936801,1.36024245527882,-1.58078472555044,NaN,NaN,-0.540888043214412,1.8853617709349,NaN,NaN,1.10458701467918,NaN,-0.340195392726762,1.70610996786177
462.9504,-0.166597887242542,-1.01929343757349,-1.10792345717077,-0.336314891755904,0.0218149662791819,0.0218149662789869,NaN,-0.178128660916091,-1.32932020011503,-0.868867918106244,1.63278107334623,-0.868867918106038,-2.02981348631025,1.33568365632386,NaN,NaN,NaN,1.32243514437477,NaN,0.20711921190321,0.433368789872558,NaN,-1.4066146324014,NaN,NaN,-1.15246842688244,NaN,NaN,0.430113630457309,1.60866917925532,-0.0274572685007297,0.0210767283713998,NaN,NaN,-0.398685067909612,-0.454324502511289,-0.691886687972546,0.845320715587054,0.845320715584576,1.37919291834367,-1.59928545348172,NaN,NaN,-0.563956753410505,1.90832206519198,NaN,NaN,1.14288340383953,NaN,-0.333406751879344,1.69934560490119
463.0528,-0.119689953589221,-1.0261543922567,-1.06282326143786,-0.337237068510471,0.0151641723571034,0.0151641723569144,NaN,-0.156754301994237,-1.3002503034209,-0.840138482108216,1.62613657440357,-0.840138482108029,-2.05867450177131,1.3696641931965,NaN,NaN,NaN,1.34887762710245,NaN,0.204653925418994,0.444915180460642,NaN,-1.41430909653001,NaN,NaN,-1.14505409785095,NaN,NaN,0.427678335478168,1.61074196684799,-0.00222819401274003,-0.0189578450660376,NaN,NaN,-0.415600560011889,-0.470118524384033,-0.699598503543207,0.79689421905089,0.796894219048332,1.39743813589492,-1.61662574399187,NaN,NaN,-0.58647108109444,1.93027529807643,NaN,NaN,1.18187896341371,NaN,-0.326435918005922,1.69001729373566
463.1552,-0.0706213543588045,-1.03241285887574,-1.01481156538483,-0.339038295785048,0.00987454356278145,0.00987454356259893,NaN,-0.135018900553843,-1.27144470050897,-0.809961393570574,1.61896279537521,-0.80996139357041,-2.0866423588369,1.40333758887527,NaN,NaN,NaN,1.37551787136383,NaN,0.2030354530135,0.458011529548728,NaN,-1.42209622903947,NaN,NaN,-1.13753871192732,NaN,NaN,0.423951708995215,1.61226119820833,0.0245360766708579,-0.0603788012385417,NaN,NaN,-0.4321426062968,-0.485687585900536,-0.708463347289872,0.747602702439477,0.747602702436841,1.41495964271741,-1.63279071967429,NaN,NaN,-0.608431259528532,1.9511979989809,NaN,NaN,1.22153540110093,NaN,-0.319303287427469,1.67806449660957
463.2576,-0.0194656902092093,-1.03804727382596,-0.963949327192626,-0.341673029722266,0.00588338046545242,0.00588338046527183,NaN,-0.113048010151413,-1.24300195103118,-0.778429520804421,1.61126507368836,-0.778429520804276,-2.11370413872906,1.43669372378818,NaN,NaN,NaN,1.40228092068346,NaN,0.202270328993727,0.47259558692533,NaN,-1.42995674815733,NaN,NaN,-1.12997848928301,NaN,NaN,0.418900156599587,1.61315381500562,0.0528320161882611,-0.103181930271471,NaN,NaN,-0.448321460872935,-0.501040532073362,-0.718475901852516,0.697514254103125,0.697514254100412,1.43174106436309,-1.64776936647648,NaN,NaN,-0.629839532987303,1.97107038082047,NaN,NaN,1.26180960152424,NaN,-0.312031248439018,1.6634326681997
463.36,0.0336956815731516,-1.04303761314454,-0.910307391143733,-0.345094061858322,0.0031266063548778,0.00312660635470151,NaN,-0.0909676895435186,-1.21501758087763,-0.745637995881386,1.60304955674993,-0.74563799588126,-2.13984887610332,1.46972254609605,NaN,NaN,NaN,1.42909320793518,NaN,0.202363549446788,0.488602674066496,NaN,-1.43787209656006,NaN,NaN,-1.12243138582228,NaN,NaN,0.412491706556326,1.61334676657719,0.0826521954005189,-0.147358864078696,NaN,NaN,-0.464150429556955,-0.516185631420107,-0.729627321116374,0.646700222828389,0.646700222825599,1.44776817428662,-1.66155443057238,NaN,NaN,-0.650700076991202,1.98987636973099,NaN,NaN,1.30265368136963,NaN,-0.304644137243575,1.64607363792516
463.4624,0.088773623380034,-1.04736543418245,-0.853966551391656,-0.349252714533733,0.00153902490790948,0.0015390249077329,NaN,-0.0689038333713871,-1.18758359684801,-0.711683937811957,1.59432317632089,-0.711683937811852,-2.1650674803905,1.50241391023129,NaN,NaN,NaN,1.45588278510334,NaN,0.203318524705182,0.505965917101594,NaN,-1.44582452793073,NaN,NaN,-1.11495686252121,NaN,NaN,0.404696306849915,1.61276738923,0.113985234528889,-0.192896823298604,NaN,NaN,-0.479645743084917,-0.531130463875245,-0.741905223908784,0.595235125481823,0.595235125478965,1.46302893934875,-1.6741422938851,NaN,NaN,-0.671018903203409,2.00760359753741,NaN,NaN,1.34401504679845,NaN,-0.297168183583713,1.62594598305655
463.5648,0.145671225477077,-1.05101389485904,-0.795017560477524,-0.35409904752425,0.00105455096049173,0.00105455096031651,NaN,-0.0469815023616131,-1.16078803758337,-0.676666193038612,1.5850936330766,-0.676666193038525,-2.18935266065612,1.53475741980621,NaN,NaN,NaN,1.48257952223577,NaN,0.205137012842014,0.524616466496612,NaN,-1.45379717936397,NaN,NaN,-1.10761562850796,NaN,NaN,0.395486103512502,1.61134379301303,0.146815749706252,-0.239778387648284,NaN,NaN,-0.494826406919298,-0.545881839356013,-0.755293698820123,0.543196536553281,0.543196536550355,1.47751354853667,-1.68553282962216,NaN,NaN,-0.690803746906007,2.02424335066048,NaN,NaN,1.38583644304284,NaN,-0.289631438611506,1.60301539508501
463.6672,0.204283856434885,-1.053967747369,-0.733561068429416,-0.359582064185132,0.00160642505989408,0.00160642505971909,NaN,-0.0253242669110431,-1.13471456117971,-0.640685089628655,1.57536939571725,-0.640685089628588,-2.21269884718953,1.56674226916073,NaN,NaN,NaN,1.50911528060774,NaN,0.207819033598429,0.544483705830436,NaN,-1.46177412340145,NaN,NaN,-1.10046935843777,NaN,NaN,0.384835704993073,1.60900524507358,0.181124296060525,-0.287981287823632,NaN,NaN,-0.509714024703664,-0.560445734843422,-0.769773318568115,0.49066495491062,0.490664954907631,1.49121442303672,-1.6957292424194,NaN,NaN,-0.710063935791757,2.03979048149231,NaN,NaN,1.42805599589927,NaN,-0.282063681787026,1.57725504179526
463.7696,0.264499260936286,-1.05621330606092,-0.669707486564065,-0.365649910485314,0.00312741962511006,0.00312741962493495,NaN,-0.00405356681350403,-1.10944206312442,-0.603842204238417,1.56515971656397,-0.603842204238368,-2.23510210196397,1.59835707935499,NaN,NaN,NaN,1.5354240687619,NaN,0.211362763633985,0.565495462147573,NaN,-1.46974040157275,NaN,NaN,-1.09358038729587,NaN,NaN,0.37272243961264,1.60568254316126,0.216887311876507,-0.337478215538711,NaN,NaN,-0.524332591116808,-0.5748272358188,-0.785321169398093,0.437723646038046,0.437723646034995,1.50412620797507,-1.70473789803761,NaN,NaN,-0.728810241601044,2.0542432942818,NaN,NaN,1.47060725913843,NaN,-0.274496308552776,1.548645924527
463.872,0.326197706243331,-1.05773839456643,-0.603576779198394,-0.3722500683228,0.00555003321486922,0.00555003321469019,NaN,0.0167119151365447,-1.08504431721044,-0.566240140875651,1.55447466116859,-0.566240140875621,-2.256560013447,1.6295897299537,NaN,NaN,NaN,1.56144218702189,NaN,0.215764415437539,0.587578231373627,NaN,-1.4776820460468,NaN,NaN,-1.08701138394353,NaN,NaN,0.359126606491163,1.60130837736721,0.254077069566051,-0.388236648346358,NaN,NaN,-0.538708247997549,-0.589030474590284,-0.801910904362725,0.384458461425039,0.384458461421925,1.5162457481267,-1.71256814633307,NaN,NaN,-0.747054720013602,2.0676034159097,NaN,NaN,1.5134192906713,NaN,-0.266962202091733,1.51717722398262
463.9744,0.389252175739083,-1.05853227930844,-0.53529819147878,-0.379329550020006,0.00880666138756129,0.00880666138737988,NaN,0.0368568709461025,-1.06158963297625,-0.527982317070254,1.54332514721306,-0.527982317070242,-2.27707157867054,1.66042719449852,NaN,NaN,NaN,1.58710835842948,NaN,0.221018103877728,0.610657430603303,NaN,-1.4855860967517,NaN,NaN,-1.08082500145547,NaN,NaN,0.344031714364585,1.59581767944719,0.292661638245094,-0.440218686949927,NaN,NaN,-0.552869000420408,-0.603058567480219,-0.819512826167284,0.330957639888544,0.330957639885368,1.52757205380402,-1.71923214062592,NaN,NaN,-0.764810547068405,2.07987565915892,NaN,NaN,1.55641677786774,NaN,-0.259495591748074,1.48284662300148
464.0768,0.453528609107278,-1.05858559303143,-0.465009917114264,-0.386835102440991,0.0128297343732487,0.0128297343730641,NaN,0.0562699863954406,-1.03914052266885,-0.48917274768673,1.53172299454585,-0.489172747686736,-2.29663708017722,1.69085538731088,NaN,NaN,NaN,1.61236384150682,NaN,0.227115707031437,0.634657682705716,NaN,-1.49344061769978,NaN,NaN,-1.07508349894043,NaN,NaN,0.327424704416594,1.58914795858218,0.332604855973588,-0.493380904777674,NaN,NaN,-0.566844399170981,-0.616913560765146,-0.838093998898308,0.277311591016158,0.277311591012919,1.53810626201674,-1.72474465629115,NaN,NaN,-0.782091859365026,2.09106788106535,NaN,NaN,1.59952021988753,NaN,-0.252131899735604,1.44566059835206
464.1792,0.518886196534936,-1.05789024542949,-0.392858695276806,-0.394713424456152,0.017551827868819,0.0175518278686292,NaN,0.0748445758897881,-1.01775337346363,-0.449915816381403,1.51968099640078,-0.449915816381425,-2.31525796182446,1.72085902080925,NaN,NaN,NaN,1.63715252426988,NaN,0.234046726457105,0.659503126260488,NaN,-1.50123470818172,NaN,NaN,-1.06984832823745,NaN,NaN,0.30929615832198,1.58123962164499,0.373866302259141,-0.547674215804462,NaN,NaN,-0.580665204675804,-0.630596398639772,-0.85761838570224,0.223612647426092,0.223612647422789,1.54785158824494,-1.72912291117577,NaN,NaN,-0.798913600527439,2.10119083051335,NaN,NaN,1.64264616140447,NaN,-0.244907577556233,1.40563468315907
464.2816,0.585177741027667,-1.05643931377133,-0.318999314802172,-0.402911392541678,0.0229057747862627,0.0229057747860655,NaN,0.0924792478963355,-0.997478131973934,-0.410316033057811,1.50721301811115,-0.410316033057849,-2.33293669685114,1.75042146528406,NaN,NaN,NaN,1.66142099878925,NaN,0.241798146240853,0.685117734026335,NaN,-1.50895849715026,NaN,NaN,-1.06517968388002,NaN,NaN,0.289640491789775,1.57203627692286,0.416401263586288,-0.603043775348457,NaN,NaN,-0.594363046142604,-0.644106923811196,-0.87804701033288,0.169954765816088,0.169954765812728,1.55681325750175,-1.73238639112305,NaN,NaN,-0.815291373035718,2.11025797653663,NaN,NaN,1.68570747091321,NaN,-0.23785993339702,1.36279370500263
464.384,0.652250102328143,-1.05422691041734,-0.243594008109491,-0.411376285131024,0.0288248112144674,0.028824811214268,NaN,0.109078606343731,-0.978358019105753,-0.370477783119755,1.49433411506303,-0.370477783119807,-2.34967663287018,1.77952460526481,NaN,NaN,NaN,1.68511860805767,NaN,0.25035428782902,0.71142561949063,NaN,-1.5166031084537,NaN,NaN,-1.06113602486493,NaN,NaN,0.268456126724544,1.56148502350512,0.460160695177679,-0.659428930207776,NaN,NaN,-0.60797008094454,-0.657443913019615,-0.899338139355575,0.116433172071895,0.116433172068479,1.56499840746352,-1.73455668264704,NaN,NaN,-0.831241294325931,2.11828531703174,NaN,NaN,1.72861366425997,NaN,-0.231026949149244,1.31717199633713
464.4864,0.719944726810139,-1.05124803399793,-0.166811736201942,-0.420055998830084,0.0352427782914939,0.0352427782912877,NaN,0.124553978509195,-0.960429289973922,-0.330505074459259,1.48106064519684,-0.330505074459325,-2.3654818034777,1.80814869743582,NaN,NaN,NaN,1.7081974522596,NaN,0.259696660904655,0.738351309714644,NaN,-1.5241605943343,NaN,NaN,-1.05777358640932,NaN,NaN,0.245745631980581,1.54953673030155,0.505091193334993,-0.71676322451918,NaN,NaN,-0.621518651878518,-0.670605136704483,-0.921447477697271,0.0631439723445877,0.063143972341112,1.57241596462851,-1.7356573103231,NaN,NaN,-0.846779857444942,2.12529117789654,NaN,NaN,1.77127127243413,NaN,-0.22444708050426,1.26881356102995
464.5888,0.788098251683041,-1.04749841787248,-0.0888273898812184,-0.42889925254084,0.0420943877065231,0.0420943877063112,NaN,0.138824143744628,-0.943721040226079,-0.29050128434672,1.46741034379276,-0.290501284346798,-2.38035671550061,1.83627224713588,NaN,NaN,NaN,1.73061234856209,NaN,0.269803814654809,0.765819967842948,NaN,-1.53162384945851,NaN,NaN,-1.05514590490289,NaN,NaN,0.221515826756427,1.5361463051866,0.551135003815312,-0.774974457976148,NaN,NaN,-0.635040939849681,-0.683587419535787,-0.944328365172736,0.0101837662354982,0.0101837662319692,1.57907650172014,-1.73571357607002,NaN,NaN,-0.861923800687073,2.13129601601114,NaN,NaN,1.81358424263037,NaN,-0.218159030790937,1.21777217678498
464.6912,0.856543159734921,-1.04297438560831,-0.00982094203329401,-0.43785577919663,0.0493155428738032,0.0493155428735827,NaN,0.151816023400631,-0.928255053946761,-0.250568903585211,1.45340234045808,-0.2505689035853,-2.39430613635997,1.86387192366082,NaN,NaN,NaN,1.75232075273738,NaN,0.280651196588517,0.79375756570752,NaN,-1.538986525026,NaN,NaN,-1.05330337708153,NaN,NaN,0.19577784383355,1.52127295015063,0.598230099238946,-0.833984797329904,NaN,NaN,-0.648568616946118,-0.69638667910647,-0.96793196184619,-0.0423507068582218,-0.0423507068618008,1.5849920899795,-1.73475240465705,NaN,NaN,-0.876689995378349,2.13632223600904,NaN,NaN,1.85545436016629,NaN,-0.212201492643108,1.16411142276145
464.7936,0.925108464553312,-1.03767271394048,0.0700234266438255,-0.446876513208107,0.0568436918273174,0.0568436918270917,NaN,0.163465292461395,-0.914045692083065,-0.210809271035672,1.43905711983934,-0.210809271035771,-2.40733490299657,1.89092252598896,NaN,NaN,NaN,1.77328265907011,NaN,0.292211026935896,0.822091025507378,NaN,-1.54624296112036,NaN,NaN,-1.0522928679223,NaN,NaN,0.168547149265327,1.50488039858887,0.646310352022122,-0.893710953834209,NaN,NaN,-0.662132511905918,-0.708997936138875,-0.992207419073615,-0.0943628730021358,-0.0943628730057596,1.59017615975531,-1.73280220499324,NaN,NaN,-0.891095359979933,2.14039402499928,NaN,NaN,1.89678168697502,NaN,-0.206612857680899,1.10790463280599
464.896,0.993620421864982,-1.03159050370886,0.150518223249683,-0.455913790279902,0.0646181826072982,0.0646181826070656,NaN,0.173716892626447,-0.901099821104107,-0.171322290584633,1.42439643632745,-0.171322290584743,-2.41944776138946,1.91739700043649,NaN,NaN,NaN,1.79346049108622,NaN,0.304452195029804,0.850748354452758,NaN,-1.55338815106064,NaN,NaN,-1.05215737649944,NaN,NaN,0.139843515391688,1.48693713417389,0.695305810116951,-0.954064441522974,NaN,NaN,-0.675762299044248,-0.721415303718407,-1.01710204371923,-0.145756580984898,-0.145756580988568,1.59464337714865,-1.72989275392647,NaN,NaN,-0.905156802585892,2.14353720670105,NaN,NaN,1.93746501854516,NaN,-0.201430897508385,1.04923477578685
464.9984,1.0619032716906,-1.0247250657968,0.231473558388419,-0.464921576206093,0.0725805958377462,0.0725805958375086,NaN,0.182525444418563,-0.889416777545401,-0.132206126039426,1.40944319191587,-0.132206126039546,-2.43064923968881,1.94326650913961,NaN,NaN,NaN,1.81281898567297,NaN,0.317340182628784,0.879658786205237,NaN,-1.56041774203721,NaN,NaN,-1.05293576305905,NaN,NaN,0.109690944889814,1.46741659261356,0.745143067129671,-1.01495192207356,NaN,NaN,-0.689486214790103,-0.73363196312874,-1.04256146524853,-0.196436320070915,-0.196436320074627,1.59840953998766,-1.72605510485782,NaN,NaN,-0.918891190019153,2.14577911640581,NaN,NaN,1.97740236351052,NaN,-0.196692419167689,0.988194260895674
465.1008,1.12978000885432,-1.01707382755596,0.312698074300603,-0.473855731229273,0.0806750357201814,0.0806750357199424,NaN,0.189855555462751,-0.878988363893211,-0.0935568738766452,1.39422128884079,-0.0935568738767724,-2.44094355827646,1.9685005488111,NaN,NaN,NaN,1.83132506632372,NaN,0.330837019363656,0.908752928339842,NaN,-1.5673280659474,NaN,NaN,-1.05466253136449,NaN,NaN,0.0781175437094481,1.44629734553596,0.79574571553944,-1.07627563080505,NaN,NaN,-0.70333079736769,-0.74564012583608,-1.06852980584448,-0.246307408908234,-0.246307408911983,1.60149149523269,-1.72132152237341,NaN,NaN,-0.932315342358811,2.14714849489037,NaN,NaN,2.01649144924693,NaN,-0.192432896421641,0.924884665813046
465.2032,1.19707317006904,-1.00863425819354,0.393999873914001,-0.482674302452369,0.0888483756618891,0.0888483756616468,NaN,0.195682018091476,-0.869798872624558,-0.0554682157094264,1.37875546725095,-0.0554682157095624,-2.45033457867432,1.99306711716623,NaN,NaN,NaN,1.84894770217048,NaN,0.344901273779279,0.937962907598642,NaN,-1.57411619357905,NaN,NaN,-1.05736765495694,NaN,NaN,0.0451553440064903,1.42356325879301,0.847034876286352,-1.13793387148046,NaN,NaN,-0.717320638938706,-0.757430973828852,-1.0949498422347,-0.295276167042153,-0.295276167045937,1.60390707846316,-1.71572544339689,NaN,NaN,-0.945446053577377,2.14767539426573,NaN,NaN,2.05463025187679,NaN,-0.188686075780064,0.859416387699934
465.3056,1.26360563062345,-0.999403808779427,0.475187447124958,-0.491337826728301,0.0970504776027064,0.0970504776024613,NaN,0.199989898528568,-0.8618251344493,-0.0180310536574091,1.36307112641204,-0.0180310536575546,-2.45882579132187,2.01693292297269,NaN,NaN,NaN,1.86565775469483,NaN,0.359488077737015,0.967222505809229,NaN,-1.58078001006158,NaN,NaN,-1.06107643911209,NaN,NaN,0.0108400851781928,1.39920361352844,0.898929801882882,-1.19982156925807,NaN,NaN,-0.731478140990888,-0.76899457051802,-1.12176314833546,-0.343250079056756,-0.343250079060575,1.60567507309322,-1.70930146299639,NaN,NaN,-0.95830014033023,2.14739108938681,NaN,NaN,2.091717547019,NaN,-0.185483557064927,0.791908216858265
465.408,1.32920141757585,-0.989379863667657,0.556070604777684,-0.499809625973892,0.105234417202787,0.105234417202541,NaN,0.202774532655313,-0.855036588939452,0.0186668675468938,1.34719411950268,0.0186668675467412,-2.46642034382779,2.04006363570081,NaN,NaN,NaN,1.8814278179466,NaN,0.374549176218797,0.996467279539225,NaN,-1.58731830867943,NaN,NaN,-1.06580941549899,NaN,NaN,-0.0247890298050601,1.37321318732525,0.95134854811142,-1.26183087628901,NaN,NaN,-0.745823269119243,-0.780319743163488,-1.14891021609309,-0.39013795735861,-0.39013795736246,1.60681518370003,-1.70208533963559,NaN,NaN,-0.970894519462489,2.14632799452674,NaN,NaN,2.12765347943069,NaN,-0.182854355371059,0.72248683134251
465.5104,1.39368654786357,-0.978559702310522,0.636461430470676,-0.508056079534148,0.113356739607932,0.113356739607684,NaN,0.20404144591784,-0.84939538055646,0.0545413495270109,1.33115051869102,0.0545413495268525,-2.47312110902573,2.06242416459117,NaN,NaN,NaN,1.8962320600767,NaN,0.390032993872892,1.02563465274417,NaN,-1.59373089350279,NaN,NaN,-1.07158226660002,NaN,NaN,-0.0616895751803925,1.34559230593012,1.00420869711837,-1.32385181713658,NaN,NaN,-0.760373305035469,-0.791393945518483,-1.17633055501304,-0.435850105970239,-0.435850105974123,1.60734801481753,-1.69411400965352,NaN,NaN,-0.98324630700796,2.14451958668107,NaN,NaN,2.16234014259823,NaN,-0.180824460426792,0.651286214992607
465.6128,1.4568898802219,-0.966940472160444,0.716175237405962,-0.516046854676816,0.121377749687031,0.121377749686778,NaN,0.203806210136033,-0.844856485896297,0.0895121372470976,1.31496636334218,0.0895121372469356,-2.47893077927752,2.08397894433357,NaN,NaN,NaN,1.91004607427661,NaN,0.405884714527376,1.05466397192222,NaN,-1.60001867484234,NaN,NaN,-1.07840577337976,NaN,NaN,-0.0998161095388773,1.31634687662031,1.05742809703256,-1.38577294200159,NaN,NaN,-0.77514259535759,-0.802203109895457,-1.20396277021465,-0.480298485074237,-0.480298485078155,1.60729504440088,-1.68542559486073,NaN,NaN,-0.995372921070661,2.14200032844283,NaN,NaN,2.19568214231166,NaN,-0.179416415518555,0.57844701693711
465.7152,1.5186439498683,-0.954519174377174,0.795031494750113,-0.523755075152088,0.129261817432573,0.129261817432313,NaN,0.202094243824568,-0.84136788011617,0.123503313019946,1.29866741563904,0.123503313019783,-2.48385196244879,2.1046922002644,NaN,NaN,NaN,1.92284674571039,NaN,0.42204637520886,1.08349652321769,NaN,-1.60618374026588,NaN,NaN,-1.08628578100571,NaN,NaN,-0.139120333500602,1.28548840293713,1.110925578234,-1.44748195037395,NaN,NaN,-0.790142304139757,-0.81273149713382,-1.23174462310841,-0.523396873205997,-0.523396873209936,1.60667858380664,-1.67605938801752,NaN,NaN,-1.00729216990581,2.13880557558793,NaN,NaN,2.2275871095656,NaN,-0.178648940779121,0.504115886552527
465.8176,1.57878575364664,-0.941292664408455,0.872854686277955,-0.531157419102641,0.136977661409464,0.136977661409198,NaN,0.198940554382678,-0.838870753207224,0.156443663702934,1.28227894492165,0.156443663702773,-2.48788726100295,2.12452817895757,NaN,NaN,NaN,1.93461213879155,NaN,0.438456974900978,1.11207552658039,NaN,-1.61222939111135,NaN,NaN,-1.09522318477124,NaN,NaN,-0.179551206679905,1.25303397175901,1.16462162126326,-1.5088662665951,NaN,NaN,-0.805380183538262,-0.822961555142529,-1.25961308768298,-0.56506102249371,-0.565061022497671,1.60552172616256,-1.66605581281075,NaN,NaN,-1.01902232007268,2.13497146060204,NaN,NaN,2.2579661393141,NaN,-0.178536625337557,0.428444815505298
465.92,1.63715746302974,-0.927257666159575,0.949475077732614,-0.538234149949896,0.144498568745921,0.144498568745649,NaN,0.194389411982772,-0.83729978475635,0.188266988616135,1.26582554700798,0.188266988615975,-2.49103932883025,2.14345134672469,NaN,NaN,NaN,1.94532140567985,NaN,0.455052591884063,1.1403461326738,NaN,-1.61816014686513,NaN,NaN,-1.10521394008577,NaN,NaN,-0.221055042461408,1.2190062065751,1.21843896525681,-1.56981356767696,NaN,NaN,-0.820860375873841,-0.832873799857212,-1.28750441997076,-0.605208804998307,-0.605208805002281,1.60384829403816,-1.6554563656405,NaN,NaN,-1.03058215414393,2.13053475581964,NaN,NaN,2.28673415254192,NaN,-0.179089706406501,0.351590500148306
466.0224,1.69360704993289,-0.912410791901482,1.02472938356496,-0.544969087495706,0.151802519998465,0.151802519998184,NaN,0.188493939262027,-0.836583478170701,0.218912320828323,1.24933099105187,0.218912320828164,-2.4933109049392,2.16142656499759,NaN,NaN,NaN,1.95495471284566,NaN,0.471766502758376,1.16825544444332,NaN,-1.62398172803623,NaN,NaN,-1.11624909549491,NaN,NaN,-0.263575589543889,1.18343319017474,1.27230314529776,-1.6302122670236,NaN,NaN,-0.836583253623094,-0.842446734712637,-1.3153542523284,-0.643760354478015,-0.643760354482003,1.60168279703848,-1.64430354773735,NaN,NaN,-1.04199103005016,2.1255327256339,NaN,NaN,2.31381019225112,NaN,-0.180313938982657,0.273713721326944
466.1248,1.74798881428303,-0.896748557138379,1.09846133074293,-0.551349527762812,0.158872199031975,0.158872199031687,NaN,0.181315598306842,-0.836644553284335,0.248324046637562,1.23281808632954,0.248324046637403,-2.49470482993034,2.1784192556291,NaN,NaN,NaN,1.96349318038621,NaN,0.488529302946172,1.19575256856004,NaN,-1.62970102661465,NaN,NaN,-1.12831484967081,NaN,NaN,-0.307054102273186,1.14634836289387,1.32614294558003,-1.68995195800687,NaN,NaN,-0.852545301944738,-0.851656823421074,-1.34309771234027,-0.68063821484846,-0.680638214852455,1.59905040522498,-1.63264079771911,NaN,NaN,-1.05326895203304,2.12000297785364,NaN,NaN,2.33911766282701,NaN,-0.18221054549608,0.194978731029525
466.2272,1.80016380440368,-0.880267381397914,1.17052211805467,-0.557366116566637,0.165694873369834,0.16569487336954,NaN,0.172923560213516,-0.837400406320757,0.276451913589831,1.2163085702184,0.276451913589675,-2.49522406602769,2.19439557523648,NaN,NaN,NaN,1.97091882650301,NaN,0.505269033726041,1.22278868487888,NaN,-1.63532606406728,NaN,NaN,-1.14139264091141,NaN,NaN,-0.351429405739073,1.10779039363008,1.37989076048634,-1.74892382450089,NaN,NaN,-0.868739051393091,-0.860478524108197,-1.3706695567752,-0.715767508753836,-0.715767508757841,1.59597693875323,-1.62051243803147,NaN,NaN,-1.06443666335465,2.11398331983501,NaN,NaN,2.36258451161697,NaN,-0.184776230281742,0.115552634162359
466.3296,1.85000012366888,-0.862963567209745,1.24077077076452,-0.563012667080131,0.172262136275423,0.172262136275124,NaN,0.163393954760772,-0.838763653760789,0.303250920912527,1.19982302286403,0.303250920912375,-2.49487173903369,2.20932261122226,NaN,NaN,NaN,1.97721450720051,NaN,0.521911322768748,1.24931711907563,NaN,-1.64086592615596,NaN,NaN,-1.15545927755804,NaN,NaN,-0.396637961967444,1.06780300937485,1.43348286284245,-1.80702102445883,NaN,NaN,-0.885153067684675,-0.868884383435743,-1.39800430788151,-0.749076133125037,-0.749076133129047,1.59248886724406,-1.60796364331672,NaN,NaN,-1.07551576688263,2.10751161514887,NaN,NaN,2.38414334301745,NaN,-0.188003249512314,0.0356047593909195
466.432,1.89737312497631,-0.844833251600802,1.309074397469,-0.568285901473063,0.178569519120926,0.17856951912062,NaN,0.152809016606999,-0.840642763950877,0.328681100233669,1.18338081193883,0.328681100233522,-2.49365119830169,2.22316859223172,NaN,NaN,NaN,1.98236384592607,NaN,0.538379545575208,1.27529341418317,NaN,-1.64633065908496,NaN,NaN,-1.1704871085775,NaN,NaN,-0.442613936149347,1.02643476975716,1.48685958488954,-1.86413904621737,NaN,NaN,-0.901771999027208,-0.876845180340376,-1.42503638045407,-0.78049498217796,-0.78049498218198,1.58861330908877,-1.59504042589897,NaN,NaN,-1.08652886779169,2.1006256319761,NaN,NaN,2.40373146237281,NaN,-0.191879536455562,-0.0446939790374916
466.5344,1.942165510895,-0.825872332248166,1.37530836674725,-0.57318510836961,0.184616012822281,0.184616012821968,NaN,0.14125616758464,-0.842942752942698,0.352707216745836,1.16700006805727,0.352707216745696,-2.49156608037352,2.23590309262295,NaN,NaN,NaN,1.98635115886784,NaN,0.554595012327402,1.30067540135558,NaN,-1.65173111733742,NaN,NaN,-1.18644422507118,NaN,NaN,-0.48928925927164,0.983738787897038,1.53996542008862,-1.92017603037479,NaN,NaN,-0.918576675257649,-0.884330102263444,-1.45170018812202,-0.809958200091789,-0.809958200095816,1.58437802081863,-1.58178962073996,NaN,NaN,-1.09749971706031,2.09336287834993,NaN,NaN,2.42129086760724,NaN,-0.196388882871042,-0.125171721461947
466.6368,1.9842673755495,-0.806076382137439,1.43935643049274,-0.57771173153782,0.190403561817758,0.190403561817439,NaN,0.128827087147294,-0.845565902251115,0.375298438181089,1.15069768692586,0.375298438180956,-2.48862036878577,2.24749721323937,NaN,NaN,NaN,1.98916138776673,NaN,0.570477180094594,1.32542325984702,NaN,-1.65707876661817,NaN,NaN,-1.20329468555497,NaN,NaN,-0.536593690481965,0.939772412351265,1.59274905497348,-1.97503305092235,NaN,NaN,-0.935544250845449,-0.891306935386424,-1.47793021736857,-0.837403464709288,-0.83740346471332,1.57981136710576,-1.56825884664826,NaN,NaN,-1.10845332567792,2.0857604265101,NaN,NaN,2.436768220795,NaN,-0.201511162996017,-0.205656294544131
466.7392,2.02357623072711,-0.785440573887936,1.50111082120214,-0.581868920706415,0.195936587269402,0.195936587269075,NaN,0.115616805283299,-0.848412459572839,0.396428018843841,1.13448935037541,0.396428018843715,-2.48481844655585,2.25792373144431,NaN,NaN,NaN,1.99078004982122,NaN,0.58594389013403,1.34949955090893,NaN,-1.6623854557799,NaN,NaN,-1.22099876708806,NaN,NaN,-0.584454889814249,0.89459688576087,1.64516334098841,-2.02861435771428,NaN,NaN,-0.952648384504287,-0.897742256053786,-1.50366106608961,-0.862772293810308,-0.862772293814355,1.57494226799054,-1.55449642924854,NaN,NaN,-1.11941602690278,2.07785473825161,NaN,NaN,2.45011482848302,NaN,-0.207222574876085,-0.285975825853179
466.8416,2.05999704486216,-0.763959632184207,1.56047233783201,-0.585661077441693,0.201221566279785,0.201221566279448,NaN,0.101722818892634,-0.851381300627672,0.416073028496532,1.11838956208731,0.416073028496413,-2.48016513478081,2.26715721949548,NaN,NaN,NaN,1.99119320974211,NaN,0.600911636787949,1.37286922437191,NaN,-1.6676631721619,NaN,NaN,-1.23951324262823,NaN,NaN,-0.6327985131004,0.848276990143118,1.69716520728119,-2.08082758458473,NaN,NaN,-0.969859448192482,-0.903601620575371,-1.52882745711672,-0.886010362736126,-0.886010362740188,1.56980012751232,-1.54055128379582,NaN,NaN,-1.13041547794636,2.06968150616725,NaN,NaN,2.46128664797884,NaN,-0.213495888890947,-0.365959342455459
466.944,2.0934423002362,-0.741627822940718,1.61735041823159,-0.589093423611407,0.206266679102665,0.206266679102318,NaN,0.0872442213793483,-0.854370544516473,0.434214135665658,1.10241169828642,0.434214135665547,-2.47466570791738,2.2751741258531,NaN,NaN,NaN,1.99038747560168,NaN,0.615295879126282,1.39549961176184,NaN,-1.67292378758953,NaN,NaN,-1.25879167078817,NaN,NaN,-0.681548340589652,0.800880684353845,1.74871550072629,-2.13158391919829,NaN,NaN,-0.987144758643783,-0.908849758316547,-1.55336424028304,-0.907067834836883,-0.907067834840963,1.56441474483626,-1.52647275498,NaN,NaN,-1.14148059773508,2.06127551176106,NaN,NaN,2.47024432383267,NaN,-0.220300719169321,-0.445437362000767
467.0464,2.12383206122144,-0.718438980425488,1.67166318918967,-0.592171609939968,0.211081543116813,0.211081543116459,NaN,0.072280849366866,-0.85727812064874,0.450835445741067,1.08656806692133,0.450835445740966,-2.46832587805447,2.28195281014872,NaN,NaN,NaN,1.98835001768626,NaN,0.629011400294988,1.4173604201648,NaN,-1.67817879439168,NaN,NaN,-1.27878467934506,NaN,NaN,-0.730626453175305,0.752478735563205,1.79977873858992,-2.18079822399933,NaN,NaN,-1.004468827148,-0.91345077214994,-1.57720638595991,-0.925899719536822,-0.925899719540917,1.55881619939483,-1.51231040264431,NaN,NaN,-1.15264143752434,2.0526704844078,NaN,NaN,2.47695324315452,NaN,-0.227603835912368,-0.524242481019269
467.1488,2.15109405167657,-0.694386574797105,1.7233374897973,-0.594901367650314,0.215677048882094,0.215677048881734,NaN,0.0569324588137192,-0.86000228825888,0.465924394098574,1.07086995985255,0.465924394098479,-2.46115174792991,2.28747353086452,NaN,NaN,NaN,1.98506860711916,NaN,0.641972709633923,1.4384237322881,NaN,-1.6834390283811,NaN,NaN,-1.29944023759208,NaN,NaN,-0.779953467626186,0.703144344162434,1.85032277625815,-2.22838910178395,NaN,NaN,-1.0217936246173,-0.917368344048417,-1.60028896554896,-0.942466269575187,-0.94246626957929,1.55303470210772,-1.4981137270047,NaN,NaN,-1.16392898719938,2.04389894732731,NaN,NaN,2.48138359248767,NaN,-0.235369516425477,-0.602209954878619
467.2512,2.17516375011317,-0.669463824579446,1.77230887344897,-0.597288192862032,0.220065287066601,0.22006528706623,NaN,0.0412979342803965,-0.862442115761072,0.479471690908527,1.05532768693355,0.479471690908443,-2.45314974047046,2.29171839649554,NaN,NaN,NaN,1.98053166692057,NaN,0.654094474618478,1.45866400036169,NaN,-1.68871438276679,NaN,NaN,-1.32070392920364,NaN,NaN,-0.829448826758089,0.652952763637141,1.90031841461203,-2.27427891427674,NaN,NaN,-1.03907885822216,-0.920565942627737,-1.62254712102654,-0.956733405332033,-0.956733405336143,1.54710041964068,-1.48393184812303,NaN,NaN,-1.17537493268839,2.03499205528198,NaN,NaN,2.48351041190616,NaN,-0.243559909058922,-0.679178252391841
467.3536,2.19598451096914,-0.643663851073498,1.81852160032912,-0.599337048040998,0.224259527304,0.224259527303616,NaN,0.0254745304279525,-0.864497934656338,0.491471303681768,1.03995059304561,0.491471303681691,-2.44432651701673,2.29467129643668,NaN,NaN,NaN,1.97472832664761,NaN,0.665291963569003,1.47805800367267,NaN,-1.69401352513072,NaN,NaN,-1.34251923759757,NaN,NaN,-0.879031117612771,0.601980925431917,1.94973898358576,-2.31839377592918,NaN,NaN,-1.05628225565062,-0.923007037531976,-1.64391603691354,-0.968673124877523,-0.968673124881632,1.54104329162391,-1.46981317181907,NaN,NaN,-1.18701138876907,2.02597944008484,NaN,NaN,2.48331365825613,NaN,-0.252135369890057,-0.754989560505872
467.456,2.21350771087387,-0.616979861786427,1.86192863089634,-0.601052067000759,0.228274201866393,0.228274201865997,NaN,0.00955715287797695,-0.866071783541621,0.501920457626807,1.02474706547935,0.50192045762674,-2.43468889685149,2.29631782747001,NaN,NaN,NaN,1.96764847983176,NaN,0.675481484349435,1.49658475113535,NaN,-1.69934362607897,NaN,NaN,-1.36482784123172,NaN,NaN,-0.928618375310358,0.550307088988038,1.99855993111669,-2.36066354395685,NaN,NaN,-1.07335985284577,-0.924655333011385,-1.66433093104103,-0.97826385066204,-0.978263850666142,1.53489285809471,-1.45580507004804,NaN,NaN,-1.1988706277523,2.01688907499004,NaN,NaN,2.48077829539587,NaN,-0.26105474044789,-0.82949021680256
467.5584,2.22769291550989,-0.589405350812644,1.90249162651184,-0.602436257937944,0.232124864923587,0.232124864923182,NaN,-0.00636230883767778,-0.867067848424815,0.510819643990294,1.00972453799396,0.510819643990237,-2.42424378248254,2.29664522056405,NaN,NaN,NaN,1.95928285691285,NaN,0.684580818273678,1.51422534739028,NaN,-1.70471009946269,NaN,NaN,-1.38756990845151,NaN,NaN,-0.978128337910983,0.498010535643897,2.0467584316432,-2.40102181544384,NaN,NaN,-1.09026628245411,-0.925475028428776,-1.68372707246906,-0.985490688767507,-0.985490688771595,1.52867810640942,-1.44195358831269,NaN,NaN,-1.21098481504859,2.00774716337661,NaN,NaN,2.47589442673803,NaN,-0.270275563107045,-0.902531056391051
467.6608,2.23850807006573,-0.560934313476607,1.94018096293237,-0.603491211247863,0.235828136293207,0.235828136292792,NaN,-0.0221955859301497,-0.867392891724573,0.518172646660285,0.994889492694986,0.518172646660235,-2.4129980782963,2.29564225085253,NaN,NaN,NaN,1.94962313235074,NaN,0.692509654815828,1.53096286110176,NaN,-1.71011635341432,NaN,NaN,-1.41068438875314,NaN,NaN,-1.027478647622,0.445171309446749,2.09431302358156,-2.43940593948795,NaN,NaN,-1.10695506417572,-0.925431099750453,-1.70203982310808,-0.990345611879434,-0.99034561188351,1.52242734655873,-1.4283031847302,NaN,NaN,-1.22338575935735,1.99857806132001,NaN,NaN,2.46865747424693,NaN,-0.279754256811684,-0.973967667336302
467.7632,2.24592972080082,-0.531561479293959,1.97497576121379,-0.604216826932861,0.239401665344101,0.239401665343678,NaN,-0.0378585669089712,-0.866956656108827,0.523986605520402,0.980247455222005,0.523986605520361,-2.40095858035551,2.29329910259206,NaN,NaN,NaN,1.93866207664911,NaN,0.699190021676058,1.5467822212685,NaN,-1.71556355760413,NaN,NaN,-1.43410930473539,NaN,NaN,-1.07658701886263,0.391869993427519,2.14120328711801,-2.47575705502669,NaN,NaN,-1.1233788993776,-0.924489588157869,-1.71920469477517,-0.992827590172861,-0.992827590176921,1.5161681243871,-1.41489650504674,NaN,NaN,-1.23610468629462,1.98940424606132,NaN,NaN,2.4590683875491,NaN,-0.289446288588744,-1.04366055766127
467.8656,2.24994326485136,-0.501282566417193,2.00686393000811,-0.604611073590288,0.24286414073266,0.242864140732231,NaN,-0.0532717672133399,-0.865672238056773,0.528272119607343,0.965802980428922,0.52827211960731,-2.38813182953786,2.28960718317178,NaN,NaN,NaN,1.92639374685528,NaN,0.704546688179569,1.56167014101363,NaN,-1.72105043691441,NaN,NaN,-1.4577820456293,NaN,NaN,-1.12537138984397,0.338187505655866,2.18740956727719,-2.51002015865359,NaN,NaN,-1.13948996896019,-0.922617886469771,-1.73515741922992,-0.992942679776856,-0.992942679780906,1.50992717318389,-1.40177419647764,NaN,NaN,-1.24917204179129,1.98024633088469,NaN,NaN,2.44713384621259,NaN,-0.299306374759855,-1.11147525140503
467.968,2.25054320792752,-0.470094554817618,2.0358421994816,-0.604669783060259,0.24623535003656,0.246235350036127,NaN,-0.0683607381920728,-0.8634564397216,0.531043371654053,0.951559634575803,0.531043371654029,-2.37452395010337,2.28455892176451,NaN,NaN,NaN,1.91281369376137,NaN,0.70850752214787,1.57561504784595,NaN,-1.72657309862696,NaN,NaN,-1.48163965354656,NaN,NaN,-1.17375005224393,0.284204903162547,2.2329127332569,-2.54214419119922,NaN,NaN,-1.15524023007342,-0.919785023113128,-1.74983403754103,-0.990704059787126,-0.990704059791166,1.50373038962937,-1.38897475807067,NaN,NaN,-1.26261732439474,1.97112310856202,NaN,NaN,2.43286641026119,NaN,-0.309288726993717,-1.1772823415752
468.0704,2.24773340228188,-0.437995969739026,2.06191612431628,-0.604386479187567,0.249536282692541,0.249536282692106,NaN,-0.0830564186409465,-0.860230111439451,0.532318250682432,0.937519983612596,0.532318250682416,-2.36014050735985,2.27814760188539,NaN,NaN,NaN,1.89791916089522,NaN,0.711003803030549,1.58860699692114,NaN,-1.73212489199242,NaN,NaN,-1.50561908925681,NaN,NaN,-1.221641745821,0.230003188939795,2.27769395915018,-2.57208212448775,NaN,NaN,-1.17058170522706,-0.91596194708914,-1.76317101784629,-0.986132006156397,-0.986132006160421,1.49760281311661,-1.37653442015427,NaN,NaN,-1.27646893856347,1.96205159899051,NaN,NaN,2.41628458742236,NaN,-0.319347332981269,-1.2409575248636
468.1728,2.24152724572801,-0.404987167052462,2.08510004236277,-0.603752234856292,0.252789251049906,0.252789251049467,NaN,-0.0972954282272205,-0.855918493091553,0.532118458844966,0.92368559254682,0.532118458844958,-2.34498640212441,2.27036725146883,NaN,NaN,NaN,1.88170926053234,NaN,0.711970509300825,1.60063755950873,NaN,-1.73769629490645,NaN,NaN,-1.52965747111904,NaN,NaN,-1.26896571990229,0.175663122350819,2.3217345196029,-2.59979103856429,NaN,NaN,-1.18546675610502,-0.91112181552513,-1.77510540649639,-0.979253801042463,-0.979253801046479,1.49156859423702,-1.36448704578861,NaN,NaN,-1.29075405889454,1.95304708802319,NaN,NaN,2.39741282010663,NaN,-0.329436249926514,-1.30238162833921
468.2752,2.23194783993344,-0.371070619568975,2.10541698785794,-0.602755547779091,0.256017980616749,0.256017980616312,NaN,-0.111020306957509,-0.850451558896199,0.530469599864687,0.910057038748978,0.530469599864686,-2.32906580523496,2.2612125918742,NaN,NaN,NaN,1.8641851273996,NaN,0.711346594235033,1.61169969534903,NaN,-1.74327481964024,NaN,NaN,-1.55369229018889,NaN,NaN,-1.31564177468049,0.121265037337654,2.36501560365139,-2.62523219122668,NaN,NaN,-1.19984833661338,-0.90524028358617,-1.78557501143123,-0.970103584998144,-0.970103585002149,1.48565095179024,-1.3528640520392,NaN,NaN,-1.3054984973733,1.94412316041503,NaN,NaN,2.37628142788869,NaN,-0.339509893595851,-1.36144061881307
468.3776,2.21902812143384,-0.336251209404999,2.12289856929524,-0.601382227340757,0.259247623476399,0.259247623475959,NaN,-0.124179710372186,-0.843764364382835,0.527401255535956,0.896633942940265,0.527401255535963,-2.31238213197067,2.25067904264421,NaN,NaN,NaN,1.8453500637763,NaN,0.709075254822646,1.62178762354846,NaN,-1.74884492556477,NaN,NaN,-1.57766160838099,NaN,NaN,-1.36159029046331,0.0668886759242482,2.40751815137073,-2.64837108468072,NaN,NaN,-1.21368022603948,-0.898295794137023,-1.79451861126622,-0.958722162652625,-0.958722162656613,1.47987212849126,-1.34169435270559,NaN,NaN,-1.32072656974438,1.9352917400514,NaN,NaN,2.35292654463515,NaN,-0.3495233125802,-1.41802557755354
468.48,2.20281098081688,-0.300536527104376,2.13758482821375,-0.599615292563938,0.262504678363815,0.26250467836337,NaN,-0.136728564481089,-0.835797384765751,0.522947062014333,0.883415015933416,0.522947062014348,-2.29493804293951,2.23876276205773,NaN,NaN,NaN,1.82520969413542,NaN,0.705104194960295,1.63089670365861,NaN,-1.7543879339867,NaN,NaN,-1.60150424801897,NaN,NaN,-1.4067322525073,0.0126130392324738,2.44922271686815,-2.66917753463345,NaN,NaN,-1.22691724883969,-0.890269859350271,-1.80187617993029,-0.945156775427835,-0.945156775431807,1.4742533583541,-1.33100432445136,NaN,NaN,-1.33646096171055,1.92656315457761,NaN,NaN,2.32739006974882,NaN,-0.359432433340129,-1.47203263612859
468.5824,2.18334937304263,-0.263937169581203,2.14952408935886,-0.597434889732361,0.265816831319066,0.265816831318615,NaN,-0.148628174985839,-0.826496829635573,0.517144794503304,0.870398109919687,0.517144794503324,-2.27673544160275,2.22546068346655,NaN,NaN,NaN,1.80377213730633,NaN,0.699385887965359,1.63902332439837,NaN,-1.75988195864659,NaN,NaN,-1.62515998292123,NaN,NaN,-1.45098928501377,-0.0414837527817949,2.49010936078859,-2.6876257495914,NaN,NaN,-1.23951548787125,-0.881147324870038,-1.80758911743194,-0.929460855065332,-0.929460855069285,1.46881484969747,-1.32081779515668,NaN,NaN,-1.35272259668185,1.91794623400018,NaN,NaN,2.29971963218658,NaN,-0.369194244961819,-1.52336288772936
468.6848,2.16070640628527,-0.226467029136595,2.15877279544484,-0.594818245418405,0.269212744887775,0.269212744887318,NaN,-0.159846283280897,-0.8158149239074,0.510036458489609,0.857580262202695,0.510036458489634,-2.25777544927655,2.21077052139587,NaN,NaN,NaN,1.78104818323054,NaN,0.691877840016105,1.64616477684101,NaN,-1.76530187540098,NaN,NaN,-1.64856974044526,NaN,NaN,-1.49428370372869,-0.0953246080710793,2.53015757241501,-2.70369442601688,NaN,NaN,-1.25143249292475,-0.870916612227417,-1.81160048419195,-0.91169376275521,-0.911693762759139,1.46357577222014,-1.31115604997207,NaN,NaN,-1.36953050430032,1.90944843452331,NaN,NaN,2.26996854671036,NaN,-0.378766891129164,-1.57192229471609
468.7872,2.13495539112045,-0.188143573183662,2.16539530696225,-0.591739671856987,0.272721815667163,0.272721815666699,NaN,-0.170357062082407,-0.803710153733894,0.501668373722245,0.844957725139497,0.501668373722277,-2.23805836610359,2.19469075182455,NaN,NaN,NaN,1.75705144573467,NaN,0.682542833678019,1.65231907985001,NaN,-1.77061934880814,NaN,NaN,-1.67167581876304,NaN,NaN,-1.53653858816061,-0.148833631144983,2.56934621878908,-2.71736685757529,NaN,NaN,-1.26262747960103,-0.859569939656493,-1.81385524463875,-0.89192050578617,-0.891920505790079,1.45855423021184,-1.30203785202393,NaN,NaN,-1.38690169049377,1.9010759665353,NaN,NaN,2.23819572762179,NaN,-0.388109675112743,-1.61762160890042
468.8896,2.10617983636182,-0.148988113452241,2.1694636531577,-0.588170630710977,0.276373901573058,0.276373901572583,NaN,-0.180141043401553,-0.790147483443175,0.492091229098768,0.832525979419902,0.492091229098807,-2.21758363539438,2.17722057732638,NaN,NaN,NaN,1.73179846562891,NaN,0.671349116561836,1.6574847385226,NaN,-1.77580292239012,NaN,NaN,-1.69442211582968,NaN,NaN,-1.57767787103429,-0.201936323073961,2.60765351863851,-2.72863105053619,NaN,NaN,-1.27306150868552,-0.847103521747378,-1.81430052828664,-0.8702114189608,-0.870211418964692,1.45376721047614,-1.29347947736219,NaN,NaN,-1.40485101277845,1.89283390822367,NaN,NaN,2.20446552927208,NaN,-0.397183031882909,-1.66037632130981
468.992,2.07447338217531,-0.109026053257208,2.17105723429807,-0.584079848018416,0.280199014418478,0.280199014417997,NaN,-0.189184977229812,-0.775098551268339,0.481360089008446,0.820279731933722,0.481360089008491,-2.19634982114219,2.15835988330277,NaN,NaN,NaN,1.70530875797414,NaN,0.658270521730164,1.66166044505555,NaN,-1.78081816925601,NaN,NaN,-1.71675435941672,NaN,NaN,-1.61762643648981,-0.254559809967279,2.64505703627513,-2.73747983331178,NaN,NaN,-1.28269763684651,-0.833517748060697,-1.81288591243221,-0.846641804827953,-0.846641804831832,1.44923050177964,-1.28549476089416,NaN,NaN,-1.42339106086829,1.88472629409158,NaN,NaN,2.1688475040773,NaN,-0.40594853057718,-1.70010666449601
469.0944,2.03993966371896,-0.0682871026923234,2.17026247703671,-0.579433470782628,0.284226988627438,0.28422698862695,NaN,-0.197481623399025,-0.758541844185527,0.469534345854066,0.808212908528974,0.469534345854118,-2.17435460846718,2.13810920254279,NaN,NaN,NaN,1.67760481731163,NaN,0.643286535685474,1.66484475421758,NaN,-1.78562788955281,NaN,NaN,-1.73862032581911,NaN,NaN,-1.65631021290044,-0.306633085242533,2.68153368655257,-2.74391094721631,NaN,NaN,-1.29150103729574,-0.818817341970586,-1.80956372386604,-0.821291538088535,-0.821291538092403,1.44495858891418,-1.27809514724905,NaN,NaN,-1.44253204020977,1.87675617349198,NaN,NaN,2.13141609126549,NaN,-0.414368928375341,-1.73673767671329
469.1968,2.00269210667411,-0.0268054702426247,2.16717243666366,-0.574195259883269,0.288487162700222,0.288487162699728,NaN,-0.205029473210433,-0.740462839412637,0.456677629759418,0.796318655608202,0.456677629759478,-2.15159483944214,2.1164697131801,NaN,NaN,NaN,1.64871210031606,NaN,0.626382329610794,1.66703576475597,NaN,-1.79019233514872,NaN,NaN,-1.75997004089195,NaN,NaN,-1.69365624995899,-0.358087245058266,2.71705974579784,-2.74792711218408,NaN,NaN,-1.29943909786363,-0.80301150223755,-1.80428935069557,-0.794244647175792,-0.794244647179644,1.44096453265635,-1.27128974463822,NaN,NaN,-1.46228166217346,1.86892564123997,NaN,NaN,2.09225025773497,NaN,-0.422408238613055,-1.77019930022633
469.2992,1.96285366715798,0.0153799502647453,2.16188634272646,-0.568326815270093,0.293008122320269,0.29300812231977,NaN,-0.211832398251694,-0.720854093305746,0.442857694865633,0.784589356417987,0.442857694865699,-2.12806658592446,2.09344328049814,NaN,NaN,NaN,1.61865899992004,NaN,0.607548756019507,1.66823082786119,NaN,-1.7944694442627,NaN,NaN,-1.78075596291657,NaN,NaN,-1.7295927742581,-0.408855696946471,2.75161087094332,-2.74953606978526,NaN,NaN,-1.30648150540301,-0.786114029071638,-1.7970215513422,-0.765588888445736,-0.765588888449576,1.4372598523933,-1.26508538409451,NaN,NaN,-1.48264504766284,1.86123584990448,NaN,NaN,2.05143310644514,NaN,-0.43003175765908,-1.80042647274279
469.4016,1.92055652805403,0.0582253927629819,2.15450909700805,-0.561787827841164,0.297817532108656,0.297817532108154,NaN,-0.21789924161738,-0.699715264867688,0.428146297610293,0.773016658578889,0.428146297610364,-2.10376524850704,2.06903253544161,NaN,NaN,NaN,1.58747681823543,NaN,0.586782315814504,1.66842630226529,NaN,-1.79841507471328,NaN,NaN,-1.80093314365968,NaN,NaN,-1.76404921753846,-0.45887433158277,2.78516212717072,-2.74875060674094,NaN,NaN,-1.31260032188226,-0.768143435468053,-1.78772274785522,-0.735415327567235,-0.735415327571063,1.43385442239115,-1.25948668387936,NaN,NaN,-1.50362464385287,1.85368701286714,NaN,NaN,2.00905146076741,NaN,-0.437206027765803,-1.82735920280992
469.504,1.87594174740301,0.101682047707954,2.14515073326601,-0.554536351512034,0.302942040431682,0.302942040431176,NaN,-0.223243378801693,-0.677053074370975,0.412619066407979,0.761591506070211,0.412619066408054,-2.0786856734443,2.04324097831631,NaN,NaN,NaN,1.55519973632432,NaN,0.564085110233571,1.66761736635151,NaN,-1.80198323045917,NaN,NaN,-1.82045935953569,NaN,NaN,-1.79695621600468,-0.508081664657129,2.81768801589248,-2.74558855861777,NaN,NaN,-1.31777005647262,-0.749123047712285,-1.77635929569543,-0.703817937030449,-0.703817937034273,1.43075637746317,-1.25449611437307,NaN,NaN,-1.52522014799268,1.84627839398734,NaN,NaN,1.96519542733088,NaN,-0.443898747980822,-1.85094265038653
469.6064,1.82915884038465,0.145695926218786,2.13392583642822,-0.546529088634004,0.30840721366499,0.308407213664486,NaN,-0.227882263582458,-0.652881206238745,0.396355345102914,0.750304166361617,0.396355345102992,-2.05282228485403,2.01607309195133,NaN,NaN,NaN,1.52186476669014,NaN,0.539464784891775,1.66579786823136,NaN,-1.80512628441785,NaN,NaN,-1.83929520863093,NaN,NaN,-1.82824559015432,-0.556418968169058,2.8491624937882,-2.74007279363868,NaN,NaN,-1.32196773797917,-0.729081102742945,-1.76290172931954,-0.67089320857227,-0.670893208576088,1.42797201250568,-1.25011405923478,NaN,NaN,-1.54742843606177,1.83900826567267,NaN,NaN,1.91995792744792,NaN,-0.450078649203794,-1.87112722710949
469.7088,1.78036528069099,0.190207770153225,2.12095291529311,-0.537721680272836,0.314237457483042,0.314237457482541,NaN,-0.231836953624456,-0.627220166969515,0.379437986586825,0.739144241606117,0.379437986586905,-2.02616922766733,1.98753444381734,NaN,NaN,NaN,1.48751166915021,NaN,0.512934452323063,1.66296016965332,NaN,-1.80779520859864,NaN,NaN,-1.85740417661151,NaN,NaN,-1.85785032353053,-0.603830409223037,2.87955898176942,-2.73223117800021,NaN,NaN,-1.32517298677223,-0.708050846656116,-1.74732498685713,-0.636739772013459,-0.636739772017269,1.42550566352905,-1.24633887289348,NaN,NaN,-1.57024350174507,1.83187381854944,NaN,NaN,1.87343417236898,NaN,-0.455715342984748,-1.88786871231631
469.8112,1.7297259229309,0.235153007952383,2.10635373037874,-0.52806899344372,0.320455903723124,0.320455903722626,NaN,-0.23513160262249,-0.600097104308664,0.361953080055884,0.728100656751468,0.361953080055965,-1.99872051822062,1.95763176618816,NaN,NaN,NaN,1.45218281691829,NaN,0.484512568201026,1.65909494566464,NaN,-1.80993982332787,NaN,NaN,-1.87475267913161,NaN,NaN,-1.88570455836797,-0.650263202439938,2.90885036924079,-2.72209652201517,NaN,NaN,-1.32736807791438,-0.686070630879124,-1.72960861555202,-0.601458012005957,-0.601458012009762,1.42335956952952,-1.2431669372533,NaN,NaN,-1.59365641366934,1.82487101938431,NaN,NaN,1.82572105520621,NaN,-0.460779156259879,-1.90112837483037
469.9136,1.67741236032364,0.280461750164253,2.09025258699194,-0.517525405223485,0.327084268371378,0.327084268370878,NaN,-0.237792909062452,-0.571545582390149,0.343989612938552,0.717161621658828,0.343989612938634,-1.97047019911191,1.9263730140098,NaN,NaN,NaN,1.41592301247424,NaN,0.454222746268231,1.65419093842481,NaN,-1.81150906998963,NaN,NaN,-1.89131009026741,NaN,NaN,-1.91174361922711,-0.695667769417447,2.93700901986319,-2.70970650509694,NaN,NaN,-1.32853798677186,-0.663183998048336,-1.70973695475843,-0.565149678468738,-0.565149678472528,1.42153372249624,-1.24059271946447,NaN,NaN,-1.61765529316786,1.81799442667643,NaN,NaN,1.77691645302758,NaN,-0.465240960985628,-1.91087308657275
470.016,1.62360223475381,0.326058821177761,2.07277560904989,-0.506045090336292,0.334142699957395,0.334142699956894,NaN,-0.239849520177487,-0.541605300441183,0.325639086407511,0.706314566507788,0.325639086407595,-1.94141248958609,1.89376739888059,NaN,NaN,NaN,1.37877926759582,NaN,0.422093514729456,1.64823470355548,NaN,-1.81245130376964,NaN,NaN,-1.90704876370778,NaN,NaN,-1.93590406738134,-0.739997894021184,2.96400678363092,-2.69510357893395,NaN,NaN,-1.32867041368804,-0.639439746878365,-1.68769928908948,-0.527917491640105,-0.527917491643885,1.42002571642523,-1.23860883073142,NaN,NaN,-1.64222530692198,1.81123698358921,NaN,NaN,1.72711846689743,NaN,-0.469071996804067,-1.9170754138733
470.1184,1.56847851202443,0.371863832161229,2.05405001223628,-0.493582311938091,0.341649625962209,0.341649625961701,NaN,-0.241331407473319,-0.510321755748471,0.306995106374516,0.695546062288617,0.306995106374599,-1.91154193373171,1.85982540603191,NaN,NaN,NaN,1.34080057139611,NaN,0.388158027492901,1.64121039529131,NaN,-1.81271460105567,NaN,NaN,-1.92194404464666,NaN,NaN,-1.95812377919363,-0.783210865795702,2.98981501692679,-2.67833484702551,NaN,NaN,-1.32775578766237,-0.614891962061407,-1.66348996536058,-0.489864747595806,-0.489864747599574,1.41883061039448,-1.23720608736839,NaN,NaN,-1.66734866815488,1.80458981414781,NaN,NaN,1.67642464895798,NaN,-0.472243690559404,-1.91971368770583
470.2208,1.5122287305762,0.417791306303336,2.03420339561757,-0.480091702928895,0.349621586951869,0.349621586951359,NaN,-0.242269247239737,-0.477745875155881,0.288152960692699,0.684841756505808,0.288152960692781,-1.88085356924577,1.82455881915426,NaN,NaN,NaN,1.30203766642705,NaN,0.352453750374939,1.6330996101542,NaN,-1.81224707672268,NaN,NaN,-1.93597426259979,NaN,NaN,-1.97834203852039,-0.825267608370754,3.01440461011535,-2.65945191820675,NaN,NaN,-1.32578725284846,-0.589599997497668,-1.63710847523719,-0.451094932924832,-0.451094932928587,1.41794082132222,-1.2363735776491,NaN,NaN,-1.69300464644978,1.79804204372745,NaN,NaN,1.62493126214769,NaN,-0.474727492319303,-1.91877206852651
470.3232,1.45504423115862,0.463750865960725,2.01336306863266,-0.465528527490464,0.358073050808413,0.358073050807901,NaN,-0.242693836948819,-0.443933644152884,0.269209184090104,0.674186351299342,0.269209184090185,-1.84934313527169,1.78798077525944,NaN,NaN,NaN,1.26254284176768,NaN,0.3150221478318,1.62388128815103,NaN,-1.81099720431589,NaN,NaN,-1.9491206996149,NaN,NaN,-1.99649964372816,-0.86613279083542,3.03774602549581,-2.63851073855866,NaN,NaN,-1.32276064869649,-0.563628410464925,-1.60855951502411,-0.411711354610879,-0.411711354614625,1.41734605526506,-1.23609873742425,NaN,NaN,-1.71916959152643,1.79158065325156,NaN,NaN,1.5727326022409,NaN,-0.476494746453184,-1.914240616519
470.4256,1.39711937986132,0.509647481970248,1.99165542726807,-0.449848931648228,0.36701621982281,0.367016219822294,NaN,-0.242635562558237,-0.408945744627957,0.250261115611439,0.66356362635786,0.250261115611519,-1.81700731429317,1.7501058513369,NaN,NaN,NaN,1.22236974735931,NaN,0.27590838983728,1.61353167832263,NaN,-1.80891413236538,NaN,NaN,-1.9613675443817,NaN,NaN,-2.0125390428927,-0.905774918612945,3.05980935493996,-2.61557141404997,NaN,NaN,-1.31867449674484,-0.537046850047759,-1.57785303677285,-0.371816783806321,-0.371816783810056,1.41703328195159,-1.23636743721384,NaN,NaN,-1.74581697882201,1.78519037315912,NaN,NaN,1.5199203992448,NaN,-0.477516603529416,-1.90611536399217
470.528,1.33865080301676,0.555381772377412,1.96920538809876,-0.433010205549538,0.376460855620992,0.376460855620472,NaN,-0.242123920463388,-0.372847198572743,0.231406461893101,0.65295649391329,0.23140646189318,-1.78384399052608,1.71095017353539,NaN,NaN,NaN,1.18157323526579,NaN,0.235161083377874,1.60202438821788,NaN,-1.80594799627867,NaN,NaN,-1.97270185265467,NaN,NaN,-2.02640451119741,-0.944166397882947,3.08056440969543,-2.59069803607022,NaN,NaN,-1.31353000110246,-0.50992990024047,-1.54500430135031,-0.331513108850462,-0.331513108854193,1.41698676019186,-1.23716408565364,NaN,NaN,-1.77291748483909,1.77885362708072,NaN,NaN,1.4665833086091,NaN,-0.477763971140314,-1.89439838113432
470.6304,1.27983664726992,0.600850327920771,1.94613587416552,-0.414971073063649,0.386414132993667,0.38641413299314,NaN,-0.24118709412222,-0.335707017042521,0.212742877916157,0.642347079818517,0.212742877916233,-1.74985251311063,1.67053154586569,NaN,NaN,NaN,1.14020922950662,NaN,0.192832023100646,1.58933053173413,NaN,-1.80205023091247,NaN,NaN,-1.98311352303835,NaN,NaN,-2.03804237163294,-0.981283564634496,3.09998084682955,-2.56395851209688,NaN,NaN,-1.30733106161742,-0.48235687477555,-1.51003393665997,-0.290900998980957,-0.290900998984688,1.41718811755759,-1.23847175085015,NaN,NaN,-1.80043909247136,1.77255053032788,NaN,NaN,1.41280649192885,NaN,-0.47720749749201,-1.87909783369447
470.7328,1.22087585991576,0.645946043674267,1.92256732862337,-0.395692007427891,0.396880510729135,0.396880510728597,NaN,-0.239851587466635,-0.29759785507723,0.194367565052106,0.631716832427194,0.194367565052179,-1.71503396865319,1.6288696083193,NaN,NaN,NaN,1.09833461701819,NaN,0.148975950289964,1.57541897138788,NaN,-1.7971738897575,NaN,NaN,-1.9925952754435,NaN,NaN,-2.04740124488329,-1.01710666902264,3.11802832042011,-2.53542438876465,NaN,NaN,-1.30008429036032,-0.454411559026195,-1.47296798970544,-0.250079587252599,-0.250079587256327,1.41761647270529,-1.24027229074959,NaN,NaN,-1.82834721464611,1.76625893664523,NaN,NaN,1.35867127149641,NaN,-0.47581758110632,-1.86022804162838
470.8352,1.16196746876871,0.69055845488999,1.89861723169201,-0.375135563024957,0.407861609333372,0.407861609332827,NaN,-0.238141922553197,-0.2585956660239,0.176376878316691,0.621046656680146,0.176376878316762,-1.67939147922802,1.58598603767962,NaN,NaN,NaN,1.05600714959953,NaN,0.103650303215956,1.56025663519715,NaN,-1.7912739736984,NaN,NaN,-2.00114261158774,NaN,NaN,-2.05443231181102,-1.05161981151618,3.13467664004874,-2.50517064736246,NaN,NaN,-1.2917990161448,-0.426181890342731,-1.43383794695283,-0.209146178367136,-0.209146178370861,1.41824858338375,-1.24254647980597,NaN,NaN,-1.85660482335821,1.75995452560794,NaN,NaN,1.30425484031566,NaN,-0.473564409391036,-1.83780954889515
470.9376,1.10330983928785,0.734574097160523,1.8743996148023,-0.353266714311981,0.419356110088902,0.419356110088357,NaN,-0.236080407907666,-0.218779343555247,0.158865933298423,0.610317066511374,0.158865933298492,-1.6429305331787,1.54190479156538,NaN,NaN,NaN,1.01328535299294,NaN,0.0569149416057563,1.54380889081897,NaN,-1.78430776592895,NaN,NaN,-2.0087537483879,NaN,NaN,-2.05908958274799,-1.08481083719789,3.14989593076053,-2.47327545995827,NaN,NaN,-1.28248726710097,-0.397759568615781,-1.39268070193373,-0.168195977733023,-0.168195977736745,1.41905901563675,-1.24527412837175,NaN,NaN,-1.88517258111983,1.75361093184205,NaN,NaN,1.24963002253488,NaN,-0.470418040590623,-1.81186920701184
471.04,1.04509989691987,0.777876917535669,1.8500245829525,-0.330053195350486,0.431359702201065,0.431359702200516,NaN,-0.233686977113189,-0.17823034415619,0.141928202255784,0.599508353360868,0.141928202255848,-1.60565933583213,1.49665238136289,NaN,NaN,NaN,0.970228445832136,NaN,0.00883183798602956,1.52603998031058,NaN,-1.77623516483313,NaN,NaN,-2.01542952816932,NaN,NaN,-2.06133017688405,-1.11667120162419,3.16365679856122,-2.43981990632503,NaN,NaN,-1.27216373380982,-0.369239597859899,-1.34953847041483,-0.127321833815648,-0.127321833819368,1.42002034080402,-1.24843420006818,NaN,NaN,-1.91400897796817,1.74719992153594,NaN,NaN,1.19486509356369,NaN,-0.466348543486847,-1.78244027078557
471.1424,0.987532316320533,0.820348752778823,1.82559786178959,-0.305465837507071,0.44386509051749,0.443865090516935,NaN,-0.2309790956183,-0.137032290588282,0.125655092298456,0.58860077383445,0.125655092298518,-1.56758915702859,1.45025815644253,NaN,NaN,NaN,0.926896272086502,NaN,-0.040535256095852,1.50691353610404,NaN,-1.7670190108449,NaN,NaN,-2.02117331323853,NaN,NaN,-2.06111461953843,-1.14719582248681,3.1759305041265,-2.40488765680399,NaN,NaN,-1.26084572201803,-0.340719766063187,-1.30445866930657,-0.0866139884927762,-0.0866139884964969,1.4211033649929,-1.25200493098533,NaN,NaN,-1.94307047517173,1.74069162102667,NaN,NaN,1.14002367759195,NaN,-0.461326196046248,-1.7495625089894
471.2448,0.930798690529193,0.861869873741345,1.80122038279519,-0.279478914032294,0.456862055673839,0.456862055673281,NaN,-0.227971737317513,-0.0952705565521658,0.110135509733858,0.577574760122901,0.110135509733917,-1.52873465182049,1.40275458431037,NaN,NaN,NaN,0.8833492486908,NaN,-0.0911211484999754,1.48639319797216,NaN,-1.75662541228128,NaN,NaN,-2.02599087548565,NaN,NaN,-2.05840717110059,-1.17638292789251,3.18668914434266,-2.36856462857715,NaN,NaN,-1.24855310497196,-0.312300069803708,-1.2574937771138,-0.0461598319122395,-0.0461598319159565,1.42227739111195,-1.25596395041216,NaN,NaN,-1.97231165456215,1.73405480216091,NaN,NaN,1.08516474279603,NaN,-0.455321730932597,-1.71328233367309
471.3472,0.875086698257455,0.902319578477485,1.77698791066892,-0.252070511556775,0.470337548664072,0.470337548663514,NaN,-0.224677436874229,-0.0530318272410167,0.0954554240647606,0.566411157745737,0.0954554240648159,-1.48911413240101,1.35417751194406,NaN,NaN,NaN,0.839648329981892,NaN,-0.14285952572296,1.46444333818022,NaN,-1.74502408090296,NaN,NaN,-2.02989029586146,NaN,NaN,-2.05317620193204,-1.2042339061737,3.19590584118743,-2.33093862503678,NaN,NaN,-1.23530828733948,-0.284082091208956,-1.20870118845506,-0.00604365862772527,-0.00604365863144072,1.42351051477387,-1.2602884039587,NaN,NaN,-2.00168537314587,1.72725722529693,NaN,NaN,1.03034270732607,NaN,-0.448306611538823,-1.6736529394091
471.4496,0.820579283399613,0.941576808073467,1.75299070471254,-0.223222944645715,0.484275799546578,0.484275799546018,NaN,-0.221106429363822,-0.0104036332540746,0.0816974437139816,0.555091495006238,0.0816974437140326,-1.44874978078131,1.30456639908168,NaN,NaN,NaN,0.79585499150891,NaN,-0.195683235143084,1.44102988838287,NaN,-1.73218868952163,NaN,NaN,-2.03288188226141,NaN,NaN,-2.04539461844464,-1.23075315471275,3.20355493714516,-2.29209896543818,NaN,NaN,-1.22113619167684,-0.256168338958279,-1.1581430669143,0.0336535722415612,0.0336535722378484,1.42476995797088,-1.26495508274357,NaN,NaN,-2.03114292505761,1.7202660325548,NaN,NaN,0.975607654926247,NaN,-0.440253323517802,-1.63073443176975
471.552,0.767453850331963,0.979520764486067,1.72931319931652,-0.192923209070914,0.498658420386645,0.498658420386085,NaN,-0.217266885695891,0.0325261352899259,0.0689404060850974,0.543598279478972,0.0689404060851451,-1.40766781313213,1.25396452738632,NaN,NaN,NaN,0.752031233813851,NaN,-0.249524524918141,1.41612125267503,NaN,-1.71809725646591,NaN,NaN,-2.03497810093752,NaN,NaN,-2.0350403368909,-1.2559479210303,3.20961219416778,-2.2521361047693,NaN,NaN,-1.20606426806829,-0.228661564218298,-1.10588619053235,0.0728544606090877,0.0728544606053728,1.42602244104497,-1.26994056054723,NaN,NaN,-2.06063421427259,1.71304817825104,NaN,NaN,0.921005643526092,NaN,-0.431135669674454,-1.58459392987742
471.6544,0.715881470363988,1.01603152459492,1.70603369321149,-0.161163448054632,0.513464486337013,0.513464486336454,NaN,-0.213165230859695,0.0756697221593587,0.0572589768048863,0.531915303850086,0.0572589768049317,-1.36589862238176,1.20241919993387,NaN,NaN,NaN,0.708239601534755,NaN,-0.304315251118698,1.38968928423194,NaN,-1.7027325452356,NaN,NaN,-2.03619350990759,NaN,NaN,-2.02209679450318,-1.27982813279576,3.21405498861092,-2.21114123716696,NaN,NaN,-1.19012251174828,-0.201664057098017,-1.05200177750955,0.111485359047088,0.111485359043373,1.42723458298052,-1.27522133550286,NaN,NaN,-2.09010793804149,1.70557088090701,NaN,NaN,0.866579073230271,NaN,-0.420929059571125,-1.53530564351138
471.7568,0.666026097251785,1.05099065452987,1.68322404888619,-0.127941396781293,0.528670590629714,0.528670590629155,NaN,-0.2088065054443,0.118939990325539,0.0467232546449263,0.520027940140363,0.0467232546449684,-1.32347692467251,1.14998194366653,NaN,NaN,NaN,0.664543206839561,NaN,-0.359987069250287,1.36171029339614,NaN,-1.68608245878289,NaN,NaN,-2.03654468216926,NaN,NaN,-2.00655347570224,-1.30240621897572,3.21686248945965,-2.16920587526279,NaN,NaN,-1.17334346373253,-0.175276927742981,-0.996565282692215,0.149476529763291,0.149476529759572,1.42837330750365,-1.28077396746879,NaN,NaN,-2.11951177341408,1.69780207948292,NaN,NaN,0.812367071244496,NaN,-0.409610787112726,-1.48295093391473
471.8592,0.618043801713522,1.08428182707686,1.66094941559473,-0.0932607756229438,0.544250888941632,0.54425088894107,NaN,-0.20419472259857,0.162250879810739,0.0373983887466118,0.507923408383654,0.0373983887466488,-1.28044192013362,1.09670871565854,NaN,NaN,NaN,0.621005742178601,NaN,-0.416471618992683,1.33216604680976,NaN,-1.66814041282907,NaN,NaN,-2.03605010678598,NaN,NaN,-1.98840642051937,-1.32369692470415,3.21801580789737,-2.12642140513172,NaN,NaN,-1.15576217227534,-0.149599381115655,-0.939656167952033,0.186762264839199,0.186762264835477,1.42940622561219,-1.28657519837645,NaN,NaN,-2.14879255355694,1.68971087824642,NaN,NaN,0.758405864584061,NaN,-0.397160291098887,-1.42761836508218
471.9616,0.572082044298921,1.11579144218529,1.63926799715032,-0.0571316168662865,0.560177158282835,0.560177158282267,NaN,-0.199333189912513,0.205517821052674,0.0293442217583097,0.495591012817611,0.0293442217583428,-1.23683746309868,1.04266010470056,NaN,NaN,NaN,0.57769147150016,NaN,-0.473700696062817,1.30104472059456,NaN,-1.64890568005972,NaN,NaN,-2.0347300621097,NaN,NaN,-1.96765868511314,-1.3437171207557,3.21749811519284,-2.08287862968659,NaN,NaN,-1.1374161063923,-0.124728002365102,-0.881357661138292,0.223280974122072,0.223280974118346,1.4303019722584,-1.29260204502214,NaN,NaN,-2.17789642374449,1.68126797037519,NaN,NaN,0.704729137581546,NaN,-0.383559397469171,-1.36940374481991
472.064,0.528279002203084,1.14540925221145,1.61823088305039,-0.0195705251548092,0.576418884510298,0.576418884509721,NaN,-0.194224791243259,0.248658097015833,0.0226149667629813,0.483022342376279,0.0226149667630094,-1.19271223213338,0.98790151957361,NaN,NaN,NaN,0.534665199185799,NaN,-0.531606398850222,1.26834178778127,NaN,-1.62838370166758,NaN,NaN,-2.03260646529412,NaN,NaN,-1.94432073930701,-1.36248560793505,3.21529473281525,-2.03866732203991,NaN,NaN,-1.118345028668,-0.100756076364734,-0.821756520369691,0.25897524705864,0.258975247054911,1.43103049285222,-1.29883186240804,NaN,NaN,-2.20676897629927,1.67244603365824,NaN,NaN,0.651368387670097,NaN,-0.368792544332949,-1.30841014986172
472.1664,0.486762953638382,1.17302899274508,1.59788194765664,0.0193991200389172,0.592943375647583,0.592943375646999,NaN,-0.18887223478309,0.29159115703995,0.0172589169977463,0.470211436863879,0.0172589169977707,-1.14811988821445,0.932503356193184,NaN,NaN,NaN,0.491992219242032,NaN,-0.590121238632449,1.23406083278644,NaN,-1.60658636446528,NaN,NaN,-2.0297027036747,NaN,NaN,-1.91841080167228,-1.38002291468202,3.21139319473089,-1.99387580542868,NaN,NaN,-1.09859084098285,-0.077772965030413,-0.760942813453198,0.29379188957675,0.293791889573018,1.43156328609766,-1.30524238149241,NaN,NaN,-2.23535536659135,1.66322008811403,NaN,NaN,0.598353290427076,NaN,-0.352846988718748,-1.24474792963277
472.2688,0.447651718808545,1.19854901496578,1.57825781270313,0.0597470131831602,0.609715889368079,0.609715889367486,NaN,-0.183278269585187,0.334238888303291,0.0133181865088923,0.457154923913066,0.013318186508912,-1.10311920091632,0.876541130527759,NaN,NaN,NaN,0.449738241454344,NaN,-0.649178205074889,1.19821427930232,NaN,-1.58353223727995,NaN,NaN,-2.02604344753521,NaN,NaN,-1.88995511852986,-1.39635108558389,3.20578327388496,-1.94859056341925,NaN,NaN,-1.0781974120018,-0.0558635585006917,-0.699009711061673,0.327681930210493,0.327681930206758,1.43187360581026,-1.31181172349482,NaN,NaN,-2.26360040606382,1.65356779973699,NaN,NaN,0.545712068182366,NaN,-0.335712989077057,-1.17853468473406
472.3712,0.411052162324511,1.22187291389708,1.55938787331387,0.101435823808814,0.626699765122061,0.626699765121458,NaN,-0.177445868186986,0.376525849944365,0.0108284793114952,0.443852127642131,0.0108284793115097,-1.05777411821768,0.820095561070444,NaN,NaN,NaN,0.407969287789512,NaN,-0.708710788075212,1.16082401084855,NaN,-1.55924675400307,NaN,NaN,-2.02165444114794,NaN,NaN,-1.85898818979515,-1.41149346404309,3.19845696412567,-1.90289587379399,NaN,NaN,-1.05721038981419,-0.0351078056750159,-0.63605328315487,0.360600590199331,0.360600590195591,1.43193661912738,-1.31851839011766,NaN,NaN,-2.2914486263589,1.64346971521984,NaN,NaN,0.49347184181391,NaN,-0.317383954419964,-1.10989521614457
472.4736,0.377059763818288,1.24291014933176,1.54129439199317,0.144421160057559,0.643856564207582,0.643856564206971,NaN,-0.171378375666481,0.418379474591339,0.00981888071515613,0.430305140007254,0.00981888071516736,-1.01215376747189,0.763252591734412,NaN,NaN,NaN,0.366751555267043,NaN,-0.768652970033471,1.12192187007354,NaN,-1.53376233214455,NaN,NaN,-2.01656227261375,NaN,NaN,-1.82555294062827,-1.42547447786523,3.18940841575052,-1.85687345396745,NaN,NaN,-1.03567699985896,-0.015580318157342,-0.572172284235828,0.392507217048681,0.392507217044929,1.4317295212698,-1.32534122962227,NaN,NaN,-2.31884431607163,1.63290942177758,NaN,NaN,0.441658948043857,NaN,-0.297856553530536,-1.03896144078282
472.576,0.345758254596842,1.26157665787717,1.52399265681866,0.188651608215202,0.661146233769492,0.661146233768869,NaN,-0.16507963019656,0.459730241956614,0.0103116650415793,0.416518841228746,0.0103116650415868,-0.966332390814498,0.706103355512619,NaN,NaN,NaN,0.326151245315659,NaN,-0.828939206158582,1.08155003021773,NaN,-1.50711841969694,NaN,NaN,-2.01079412981423,NaN,NaN,-1.78970083738155,-1.43831943277142,3.17863382973421,-1.81060210614717,NaN,NaN,-1.01364582453006,0.00264996527782184,-0.507467915412462,0.423365184601622,0.423365184597857,1.43123161149106,-1.33225938056883,NaN,NaN,-2.34573153802813,1.62187363729629,NaN,NaN,0.390299216980446,NaN,-0.277130784268642,-0.965872268148972
472.6784,0.317219309405184,1.27779545344688,1.50749118944759,0.234068857690333,0.678527309937289,0.678527309936654,NaN,-0.158554058217396,0.500511830196434,0.0123221172013436,0.402500858861463,0.0123221172013467,-0.920389219415099,0.648744080423816,NaN,NaN,NaN,0.286234361777378,NaN,-0.889504403874523,1.03976123307241,NaN,-1.47936145961414,NaN,NaN,-2.00437755354123,NaN,NaN,-1.75149194477546,-1.45005431055304,3.16613131702016,-1.76415735692833,NaN,NaN,-0.991166559719916,0.0195200622650276,-0.442043559787239,0.453141766468097,0.453141766464313,1.43042433477857,-1.33925219581381,NaN,NaN,-2.3720541330455,1.61035224013026,NaN,NaN,0.339418209637785,NaN,-0.255210007038272,-0.890773431084465
472.7808,0.291502286193519,1.29149720646233,1.49179198631978,0.280607914273802,0.695957163787703,0.695957163787059,NaN,-0.151806741118361,0.540661252109814,0.0158583682976292,0.388261462535387,0.0158583682976278,-0.874408283140648,0.591275934345991,NaN,NaN,NaN,0.247066481308381,NaN,-0.95028390512306,0.996618888648093,NaN,-1.45054475918212,NaN,NaN,-1.99734019524327,NaN,NaN,-1.71099491692574,-1.46070556783394,3.15190072868564,-1.71761109518665,NaN,NaN,-0.968289748320279,0.0349731773561611,-0.376004497191056,0.481807992118459,0.481807992114654,1.42929129146268,-1.34629914937299,NaN,NaN,-2.3977557117751,1.5983382453409,NaN,NaN,0.289041413925816,NaN,-0.232100946843768,-0.81381726271179
472.8832,0.268654020739176,1.30262077963194,1.47689078045539,0.32819739686013,0.713392281840279,0.713392281839622,NaN,-0.144843450107759,0.580118980238465,0.0209212511184673,0.373813404088674,0.0209212511184613,-0.828478151174148,0.53380480204921,NaN,NaN,NaN,0.208712503558711,NaN,-1.01121347168548,0.952197036344684,NaN,-1.42072826168523,NaN,NaN,-1.98970958423847,NaN,NaN,-1.66828691273591,-1.47029993794621,3.13594346952867,-1.67103122566536,NaN,NaN,-0.945066502146941,0.0489588733822864,-0.309457609370279,0.509338493054715,0.509338493050886,1.42781821863564,-1.35337973227269,NaN,NaN,-2.4227796408648,1.58582773442582,NaN,NaN,0.239194401640263,NaN,-0.207813671536087,-0.735162411956303
472.9856,0.248708691988436,1.31111369150787,1.46277731505547,0.376759902864651,0.73078856509077,0.730788565090104,NaN,-0.137670650820038,0.618829058970306,0.0275041868261226,0.359171723575906,0.0275041868261123,-0.782691603678762,0.47644098731244,NaN,NaN,NaN,0.171236392844579,NaN,-1.07222927253512,0.906580174815857,NaN,-1.38997823223189,NaN,NaN,-1.98151291378375,NaN,NaN,-1.62345342550769,-1.4788642431663,3.11826231866567,-1.62448137037629,NaN,NaN,-0.92154823570224,0.0614331770367731,-0.242511087734397,0.5357113426548,0.53571134265095,1.42599295304943,-1.36047335060938,NaN,NaN,-2.44706904181273,1.57281975204027,NaN,NaN,0.189902959894473,NaN,-0.182361559754686,-0.654973491326568
473.088,0.23168777048502,1.31693248655471,1.44943562312654,0.426212422470341,0.748101629033631,0.748101629032952,NaN,-0.130295482447785,0.656739197741632,0.0355931143605354,0.344353537457873,0.0355931143605213,-0.737145236042012,0.419298833510384,NaN,NaN,NaN,0.134700919123658,NaN,-1.13326786812353,0.859862967090538,NaN,-1.35836687701948,NaN,NaN,-1.97277685591005,NaN,NaN,-1.57658801454912,-1.48642522600366,3.09886127926786,-1.57802065030715,NaN,NaN,-0.897786433446781,0.072358612153647,-0.175274151709362,0.56090789039662,0.560907890392748,1.42380538357976,-1.36755923824245,NaN,NaN,-2.47056682266469,1.55931618490158,NaN,NaN,0.141193218337833,NaN,-0.155761270049729,-0.573420650552515
473.1904,0.217600054279414,1.32004300575444,1.43684431251136,0.476466790168177,0.765287093696298,0.765287093695607,NaN,-0.122725717779193,0.693800839985227,0.0451664716468614,0.329377812357493,0.0451664716468432,-0.691938996331729,0.362496258116493,NaN,NaN,NaN,0.0991673955509747,NaN,-1.19426618055727,0.812149815476056,NaN,-1.32597191381374,NaN,NaN,-1.963527407176,NaN,NaN,-1.52779193151003,-1.49300940977425,3.07774546439375,-1.53170356206434,NaN,NaN,-0.87383245548798,0.0817041580533471,-0.107856772583825,0.584912589734199,0.584912589730299,1.4212473911955,-1.37461638563444,NaN,NaN,-2.49321574967773,1.54532162947398,NaN,NaN,0.0930917852568049,NaN,-0.128032710213864,-0.490679069493721
473.2928,0.206441790774937,1.32042056379493,1.42497686012765,0.527430178368956,0.782300863997484,0.782300863996779,NaN,-0.114969710215149,0.729969210075755,0.0561952338600379,0.314265123705737,0.0561952338600164,-0.647175655969223,0.306154198782269,NaN,NaN,NaN,0.0646954087490552,NaN,-1.25516144411787,0.763554296901232,NaN,-1.29287610362946,NaN,NaN,-1.95378976471893,NaN,NaN,-1.47717364872671,-1.49864299741293,3.05492101574158,-1.4855799438909,NaN,NaN,-0.849737372988765,0.0894451407887183,-0.0403693808860178,0.607712818411629,0.607712818407696,1.41831277240466,-1.38162348274359,NaN,NaN,-2.51495855634613,1.53084324868,NaN,NaN,0.0456258804182737,NaN,-0.0991989958409701,-0.406928369826888
473.3952,0.198196877481587,1.31805004379538,1.41380191766977,0.579005648522244,0.799099406580619,0.7990994065799,NaN,-0.107036333121645,0.765203348403452,0.0686430078907018,0.299037403913968,0.0686430078906755,-0.602960211089879,0.250395967249203,NaN,NaN,NaN,0.0313425461755973,NaN,-1.31589114718393,0.714198459249582,NaN,-1.25916674225857,NaN,NaN,-1.9435882370444,NaN,NaN,-1.42484830525546,-1.50335180976725,3.03039505420714,-1.4396950162614,NaN,NaN,-0.825551824966332,0.0955630735031238,0.0270774705708188,0.629298691139708,0.629298691135744,1.41499715120979,-1.38855888245777,NaN,NaN,-2.53573808854807,1.51589061998085,NaN,NaN,-0.0011765699646439,NaN,-0.06928638741125,-0.322351953393988
473.4976,0.192837133403524,1.31292591932148,1.40328362857571,0.631092774392982,0.815640027383205,0.815640027382474,NaN,-0.0989349183691826,0.799466141665116,0.0824661794203531,0.283717686852992,0.0824661794203228,-0.559399206670872,0.19534650340477,NaN,NaN,NaN,-0.000835873246780603,NaN,-1.37639298734117,0.664211982278883,NaN,-1.22493510017983,NaN,NaN,-1.9329461947789,NaN,NaN,-1.37093708189254,-1.50716125584462,3.00417566648283,-1.39408948428221,NaN,NaN,-0.801325892831706,0.100045459556955,0.0943735059352499,0.64966286974938,0.649662869745382,1.41129788784175,-1.39540059461147,NaN,NaN,-2.55549748617613,1.50047557828717,NaN,NaN,-0.0472869118564845,NaN,-0.0383241991121955,-0.237136274697359
473.6,0.190322644306898,1.30505220863697,1.3933819643042,0.683588339278427,0.831881153452429,0.831881153451687,NaN,-0.0906751979754791,0.832724348014019,0.0976141175973333,0.268329850910732,0.0976141175972975,-0.516599972172583,0.1411315208569,NaN,NaN,NaN,-0.0317870630509316,NaN,-1.43660486224382,0.613731198274401,NaN,-1.19027579614265,NaN,NaN,-1.92188606255526,NaN,NaN,-1.31556651090654,-1.51009632465583,2.97627193617638,-1.34879969711248,NaN,NaN,-0.777108988845746,0.102885565393147,0.161409190077416,0.668800382181972,0.668800382177946,1.40721398679475,-1.40212631363173,NaN,NaN,-2.5741803992438,1.48461205554358,NaN,NaN,-0.0926758343342896,NaN,-0.00634467445395091,-0.15147004870374
473.7024,0.190602202808511,1.29444235948745,1.38405310128919,0.736387088188532,0.84778262315084,0.847782623150081,NaN,-0.0822672437091103,0.864948618275934,0.114029459404649,0.252898357953947,0.114029459404608,-0.474669759308647,0.0878765387252607,NaN,NaN,NaN,-0.0614610247383285,NaN,-1.49646491541911,0.562897964717424,NaN,-1.15528609351228,NaN,NaN,-1.91042935369838,NaN,NaN,-1.25886772341426,-1.51218159068219,2.94669403027072,-1.30385786734512,NaN,NaN,-0.752949753733803,0.104082168154828,0.228076249525638,0.686708461031248,0.686708461027191,1.40274600363048,-1.4087134768901,NaN,NaN,-2.59173123537259,1.46831592074512,NaN,NaN,-0.137313530951821,NaN,0.0266171752352371,-0.0655433896371435
473.8048,0.193613865150104,1.28111905730608,1.37524985604125,0.789382502774428,0.863305983163061,0.863305983162288,NaN,-0.07372139541375,0.896113520503769,0.131648502921049,0.237447984031362,0.131648502921003,-0.433714777230378,0.0357058000438665,NaN,NaN,NaN,-0.0898107896363424,NaN,-1.5559116478374,0.511858396039785,NaN,-1.12006511814095,NaN,NaN,-1.89859675065982,NaN,NaN,-1.20097563589416,-1.51344122873841,2.9154533473673,-1.25929235456584,NaN,NaN,-0.728895961256353,0.103639282562039,0.294268240584771,0.703386403860822,0.703386403856734,1.39789595196124,-1.41513934947476,NaN,NaN,-2.60809543553079,1.4516048266728,NaN,NaN,-0.181169933837494,NaN,0.0605237717582179,0.0204531283573525
473.9072,0.199285621944769,1.26511395501237,1.36692217376575,0.842467568238897,0.878414782573107,0.878414782572324,NaN,-0.0650481732417182,0.926197572291353,0.150401718980848,0.222003539990265,0.150401718980794,-0.393839135813432,-0.0152589068861364,NaN,NaN,NaN,-0.116792642667977,NaN,-1.61488409524279,0.460761494132876,NaN,-1.08471301607052,NaN,NaN,-1.88640822654953,NaN,NaN,-1.14202808854473,-1.5138990368608,2.8825627235477,-1.21512800982898,NaN,NaN,-0.704994430246208,0.101565871443004,0.359881146627707,0.718835448425573,0.71883544842145,1.39266721549813,-1.42138113041355,NaN,NaN,-2.62321977294308,1.43449806899826,NaN,NaN,-0.224214991564623,NaN,0.0953352086565713,0.106329489928221
474.0096,0.207536151173208,1.24646734113849,1.35901765098101,0.895535507622095,0.893074853593103,0.893074853592306,NaN,-0.0562581771704738,0.95518327328564,0.17021435675084,0.206589587193658,0.170214356750781,-0.355143742441223,-0.064899473983791,NaN,NaN,NaN,-0.142366321999961,NaN,-1.67332206181369,0.409757753450311,NaN,-1.0493300942242,NaN,NaN,-1.87388319036773,NaN,NaN,-1.0821649721619,-1.51357846559232,2.84803668150055,-1.1713865654118,NaN,NaN,-0.681290944481315,0.0978755492563832,0.424813971933426,0.733058651384084,0.733058651379931,1.38706447465538,-1.42741607524195,NaN,NaN,-2.63705266740347,1.4170164639369,NaN,NaN,-0.266418953690514,NaN,0.131009518039673,0.191897306689469
474.112,0.218275612227329,1.22522777772422,1.35148207560095,0.948480463820761,0.907254574899734,0.90725457489892,NaN,-0.0473619872248829,0.983057123106547,0.191007103287489,0.1912301637993,0.191007103287423,-0.317725230189189,-0.113102661289152,NaN,NaN,NaN,-0.166495183973791,NaN,-1.7311663890306,0.358997829363015,NaN,-1.0140159970187,NaN,NaN,-1.86104063142316,NaN,NaN,-1.0215273881281,-1.5125026471751,2.81189169989741,-1.12808704289825,NaN,NaN,-0.657830179357926,0.0925862931466541,0.488969297587056,0.7460607595955,0.746060759591315,1.38109365822237,-1.43322162926697,NaN,NaN,-2.64954450448365,1.39918225216534,NaN,NaN,-0.307752624551178,NaN,0.167502947321342,0.276970873867474
474.2144,0.231406447476634,1.20145173445835,1.34425997184126,1.0011981154506,0.92092511623522,0.920925116234392,NaN,-0.0383700834622103,1.00980961447691,0.212696766502196,0.175948544114928,0.212696766502123,-0.28167499715902,-0.159761156527588,NaN,NaN,NaN,-0.189146325188673,NaN,-1.78835923041065,0.308631331816804,NaN,-0.978868956944216,NaN,NaN,-1.84789924159899,NaN,NaN,-0.960256862216904,-1.510694413309,2.77414647173048,-1.08524614692438,NaN,NaN,-0.634655633258799,0.085720172565405,0.552253780882271,0.757848068800543,0.757848068796326,1.37476192256425,-1.43877556355613,NaN,NaN,-2.66064794648848,1.38101903148844,NaN,NaN,-0.34818756328705,NaN,0.204770216081114,0.361368150935226
474.3168,0.246824165565172,1.17520322795223,1.33729512979398,1.05358621968874,0.9340606516033,0.934060651602456,NaN,-0.0292927987725839,1.03543519740627,0.235196959550927,0.160767050958326,0.235196959550849,-0.247078410791628,-0.204774443099499,NaN,NaN,NaN,-0.210290666670315,NaN,-1.84484430820676,0.258805757453898,NaN,-0.943985134512822,NaN,NaN,-1.83447750520613,NaN,NaN,-0.898494603184736,-1.5081762957939,2.73482211893746,-1.04287861667047,NaN,NaN,-0.611809560981901,0.0773030979884355,0.614578593616361,0.768428272904224,0.768428272899978,1.36807764805533,-1.44405610474161,NaN,NaN,-2.67031822248744,1.3625517074235,NaN,NaN,-0.387696231877301,NaN,0.242764711814535,0.444911620923092
474.4192,0.264418086596874,1.14655346130713,1.33053109356411,1.10554508099721,0.946638516185016,0.946638516184159,NaN,-0.0201403059311243,1.05993221125251,0.258418764168436,0.145706928397347,0.258418764168351,-0.214014192955993,-0.248049461614914,NaN,NaN,NaN,-0.229903016980825,NaN,-1.90056713629346,0.209665537980203,NaN,-0.909458049018956,NaN,NaN,-1.82079375904183,NaN,NaN,-0.836380791851273,-1.50497051955448,2.69394234382102,-1.0009975248328,NaN,NaN,-0.589332908457214,0.0673645815881983,0.675859796454158,0.777810313021344,0.777810313017069,1.3610504343277,-1.44904205157607,NaN,NaN,-2.67851338802846,1.34380644016534,NaN,NaN,-0.426252109566623,NaN,0.281438593588535,0.527429010229013
474.5216,0.284072040581267,1.11558045671686,1.32391159193498,1.15697794685351,0.958639295067888,0.958639295067016,NaN,-0.0109226338620455,1.08330278437351,0.282271356510147,0.130788266932168,0.282271356510057,-0.182553962850325,-0.289501097356141,NaN,NaN,NaN,-0.247962129350931,NaN,-1.95547519425139,0.161351177238818,NaN,-0.875378093934166,NaN,NaN,-1.80686623300899,NaN,NaN,-0.774053900982198,-1.50109900367956,2.65153351938433,-0.959614534344776,NaN,NaN,-0.567265251684888,0.05593750320229,0.73601864464966,0.786004238080929,0.786004238076624,1.3536910771744,-1.45371287327707,NaN,NaN,-2.68519454701819,1.32481056884245,NaN,NaN,-0.463829785274258,NaN,0.320742814559789,0.608753877050446
474.624,0.305665022033847,1.08236868027371,1.31738091397431,1.20779133506394,0.970046857936243,0.970046857935356,NaN,-0.00164970789555353,1.10555270588813,0.306662591901316,0.116029965165252,0.30666259190122,-0.152761894223883,-0.329052544399646,NaN,NaN,NaN,-0.264450754417393,NaN,-2.00951804544795,0.11399846339617,NaN,-0.841832124252871,NaN,NaN,-1.79271308066238,NaN,NaN,-0.71165005615937,-1.49658337557178,2.60762473452205,-0.91874013027727,NaN,NaN,-0.545644742964179,0.043057879300932,0.794981822468091,0.793021087880832,0.793021087876502,1.34601152050213,-1.45804878784552,NaN,NaN,-2.69032603072437,1.30559250823134,NaN,NaN,-0.500405016681845,NaN,0.360627107515486,0.688726090809836
474.7264,0.32907181029535,1.04700866592433,1.31088424635497,1.25789530655749,0.980848359740017,0.980848359739119,NaN,0.0076685918296889,1.12669127367219,0.331499553422704,0.1014497130706,0.331499553422604,-0.124694447251843,-0.366635584264643,NaN,NaN,NaN,-0.279355676687077,NaN,-2.06264741048923,0.0677377635150558,NaN,-0.80890310099302,NaN,NaN,-1.77835240242519,NaN,NaN,-0.6493024460938,-1.49144499169402,2.56224781174289,-0.878383837746895,NaN,NaN,-0.524508062475851,0.0287646362052266,0.852681609782849,0.798872801832747,0.798872801828393,1.33802479215836,-1.46203082421788,NaN,NaN,-2.69387553698295,1.28618162929338,NaN,NaN,-0.535954732972596,NaN,0.40103995941389,0.767192221878965
474.8288,0.354163569503934,1.00959664829993,1.30436799646908,1.30720370349942,0.991034220390601,0.99103422038969,NaN,0.0170223647033917,1.14673111981121,0.356689074633037,0.0870639849420414,0.356689074632929,-0.0984001468193751,-0.402190800420429,NaN,NaN,NaN,-0.292667717258527,NaN,-2.11481721818571,0.0226934273745271,NaN,-0.776669784816948,NaN,NaN,-1.76380225930732,NaN,NaN,-0.587140789124348,-1.48570495814065,2.51543731242167,-0.838554429128265,NaN,NaN,-0.50389036835205,0.0130993932353811,0.909055991064192,0.803572145250353,0.803572145245974,1.3297449436017,-1.46564087648399,NaN,NaN,-2.69581424300555,1.26660814403379,NaN,NaN,-0.570456976484716,NaN,0.441928559262227,0.844005846867956
474.9312,0.380808440550081,0.970234210897643,1.29778012070925,1.35563436353293,1.00059809898427,1.00059809898334,NaN,0.0264016307328074,1.16568801609717,0.382138247765777,0.0728880323313897,0.382138247765663,-0.0739193934604704,-0.435667741222904,NaN,NaN,NaN,-0.304381690226794,NaN,-2.16598365812022,-0.0210166751480654,NaN,-0.74520648322043,NaN,NaN,-1.74908067628299,NaN,NaN,-0.525290862119422,-1.47938415143285,2.46723053858866,-0.799260119530871,NaN,NaN,-0.483825239175057,-0.00389373391223893,0.96404871981805,0.807132638768361,0.807132638763958,1.32118701263375,-1.46886175863339,NaN,NaN,-2.69611690952138,1.24690301306207,NaN,NaN,-0.603890811006571,NaN,0.483238700361954,0.919027760813105
475.0336,0.408872124099868,0.929027950658203,1.29107045786549,1.40310930528711,1.00953687378435,1.00953687378341,NaN,0.0357962871718824,1.18358066500133,0.407754916455126,0.0589358720862877,0.407754916455006,-0.0512843128650073,-0.467025034351581,NaN,NaN,NaN,-0.31449631636514,NaN,-2.21610526051743,-0.0632814943895208,NaN,-0.714582860196085,NaN,NaN,-1.73420563865432,NaN,NaN,-0.463874091570768,-1.47250324565915,2.41766753004047,-0.760508746502309,NaN,NaN,-0.46434460997628,-0.0221683028089029,1.01760934765374,0.809568481191036,0.809568481186616,1.31236701512094,-1.47167726541408,NaN,NaN,-2.69476198956887,1.227097879718,NaN,NaN,-0.636236240276494,NaN,0.524914655061075,0.992126086319628
475.136,0.438218436511391,0.886089157793126,1.28419104670761,1.44955487661797,1.01785061340705,1.0178506134061,NaN,0.045196080201739,1.20043047829577,0.433448134604747,0.0452202711462947,0.43344813460462,-0.0305186591432172,-0.496230447516705,NaN,NaN,NaN,-0.323014116276949,NaN,-2.26514301303267,-0.10399706580119,NaN,-0.684863802390451,NaN,NaN,-1.71919508522546,NaN,NaN,-0.40300720106879,-1.46508275214917,2.36679104834266,-0.722307931366839,NaN,NaN,-0.445478708985848,-0.0416756936694262,1.06969321874513,0.810894469336774,0.810894469332339,1.30330195267693,-1.47407223866885,NaN,NaN,-2.69173174487545,1.20722501296169,NaN,NaN,-0.667474169747073,NaN,0.566899062273205,1.06317628529011
475.2384,0.468709814230744,0.841533510492491,1.27709640070266,1.49490186547308,1.02554250770136,1.0255425077004,NaN,0.0545905837239012,1.21626133785906,0.459128570620859,0.0317527345086757,0.459128570620726,-0.0116377790422261,-0.523260890754366,NaN,NaN,NaN,-0.329941311003255,NaN,-2.31306048674607,-0.14306674566547,NaN,-0.656109317397639,NaN,NaN,-1.70406689850336,NaN,NaN,-0.342801913531977,-1.45714307561376,2.31464653963027,-0.684665224089596,NaN,NaN,-0.427256001142121,-0.0623652544628997,1.12026142440656,0.811125927757854,0.811125927753401,1.29400981172508,-1.47603263127185,NaN,NaN,-2.68701236182847,1.18731722889556,NaN,NaN,-0.697586417703965,NaN,0.609132852185531,1.13206109699564
475.3408,0.500207751461047,0.795480782877998,1.26974372174208,1.53908557845959,1.03261874073525,1.03261874073428,NaN,0.0639691737708325,1.23109933200963,0.484708849653926,0.0185435048690944,0.484708849653786,0.00535136545611118,-0.548102360885547,NaN,NaN,NaN,-0.3352877480829,NaN,-2.35982392469325,-0.180401437614037,NaN,-0.628374444456586,NaN,NaN,-1.68883888906557,NaN,NaN,-0.283364712100896,-1.44870458906331,2.26128207200748,-0.647588233199442,NaN,NaN,-0.40970314014823,-0.0841844519946621,1.16928071308479,0.81027865833362,0.810278658329154,1.28450953382513,-1.47754555893775,NaN,NaN,-2.68059405342943,1.16740776967167,NaN,NaN,-0.726555755418995,NaN,0.651555206385481,1.19867042795603
475.4432,0.532573172142356,0.748054560538128,1.26209304887158,1.58204588779432,1.0390883083246,1.03908830832362,NaN,0.0733209903763958,1.24497247076199,0.510103841885149,0.00560158153490442,0.510103841885004,0.0204501204201025,-0.570749829511994,NaN,NaN,NaN,-0.339066853911785,NaN,-2.40540226353031,-0.21591980395604,NaN,-0.601709175838401,NaN,NaN,-1.67352877205716,NaN,NaN,-0.224796658309301,-1.43978772408056,2.20674824709453,-0.61108473783788,NaN,NaN,-0.392844929484024,-0.107079026935457,1.21672335564235,0.808368912864982,0.808368912860497,1.27482095124909,-1.47859933405012,NaN,NaN,-2.67247113481694,1.14753013863776,NaN,NaN,-0.754365946437665,NaN,0.694103534182183,1.26290120759398
475.5456,0.565666752035479,0.699381954276272,1.25410735079774,1.62372724200723,1.04496278589447,1.04496278589349,NaN,0.0826348882299048,1.25791039502839,0.535230915685767,-0.0070652381085852,0.535230915685617,0.0336680130777028,-0.591207074899681,NaN,NaN,NaN,-0.341295597888207,NaN,-2.44976708107149,-0.249548436580274,NaN,-0.576158391714841,NaN,NaN,-1.65815413712055,NaN,NaN,-0.167193255583257,-1.43041306266707,2.15109808845583,-0.575162778920294,NaN,NaN,-0.376704292465917,-0.130993145740617,1.26256697114251,0.805413387767333,0.805413387762831,1.26496469402416,-1.47918348009971,NaN,NaN,-2.66264206517145,1.12771790473813,NaN,NaN,-0.781001761970123,NaN,0.736713448308589,1.32465722140581
475.648,0.599349214701054,0.649593302790475,1.24575257977741,1.66407864161628,1.05025604701445,1.05025604701345,NaN,0.091899385022376,1.26994409451298,0.560010177002449,-0.0194502980524731,0.560010177002293,0.0450225838418699,-0.609486464428651,NaN,NaN,NaN,-0.341994448805821,NaN,-2.49289247088128,-0.281221958949723,NaN,-0.551761806040547,NaN,NaN,-1.64273241383851,NaN,NaN,-0.110644346745273,-1.42060141311746,2.09438691250176,-0.539830731922212,NaN,NaN,-0.361302250357501,-0.155869545749343,1.30679432385738,0.801429233269254,0.801429233264736,1.25496208235286,-1.47928872956694,NaN,NaN,-2.65110945646743,1.10800449381189,NaN,NaN,-0.806448961217688,NaN,0.779318747891017,1.38384894347196
475.7504,0.633481620099609,0.598821861471187,1.2369977048262,1.70305359298785,1.05498393054972,1.05498393054871,NaN,0.101102614099576,1.28110563825009,0.584364707219033,-0.0315480153768445,0.584364707218869,0.0545391955279953,-0.625608706100623,NaN,NaN,NaN,-0.341187311605426,NaN,-2.53475485305577,-0.310883053914651,NaN,-0.528553922746533,NaN,NaN,-1.62728083269038,NaN,NaN,-0.0552340487646272,-1.41037386284082,2.03667218881675,-0.505097368094389,NaN,NaN,-0.34665790729455,-0.181649673662213,1.3493931051417,0.796434060925543,0.796434060921006,1.24483502046983,-1.47890701207199,NaN,NaN,-2.63788005612855,1.08842298321911,NaN,NaN,-0.830694239116671,NaN,0.821851427476122,1.4403933862519
475.8528,0.667925647333275,0.547203482072861,1.22781473022873,1.74061005214148,1.05916385579765,1.05916385579662,NaN,0.110232278357083,1.29142791425094,0.60822079578684,-0.0433538205248006,0.60822079578667,0.0622508394934278,-0.639602592212856,NaN,NaN,NaN,-0.338901445912443,NaN,-2.5753327424485,-0.338482443524637,NaN,-0.506564009319881,NaN,NaN,-1.61181638184112,NaN,NaN,-0.00104073930838845,-1.39975181719554,1.97801339333176,-0.470971908949255,NaN,NaN,-0.332788441681748,-0.20827381854306,1.39035570986444,0.790445934658389,0.790445934653833,1.23460589933826,-1.47803143899068,NaN,NaN,-2.62296470985548,1.06900590825919,NaN,NaN,-0.853725157895719,NaN,0.864241715988965,1.49421395844595
475.9552,0.702543859375234,0.494876286818252,1.21817868928281,1.77671035595311,1.06281438821123,1.06281438821019,NaN,0.119275601965075,1.30094437561781,0.631508150462432,-0.0548641174149709,0.631508150462253,0.068197942078449,-0.651504744483709,NaN,NaN,NaN,-0.335167379808666,NaN,-2.61460650552497,-0.363978858917612,NaN,-0.485816098216681,NaN,NaN,-1.59635576243526,NaN,NaN,0.0518628995869145,-1.38875703852293,1.91847185061383,-0.437464071934603,NaN,NaN,-0.319709103857864,-0.23568124182834,1.42967900766871,0.783483345348556,0.783483345343973,1.22429750148228,-1.47665628576943,NaN,NaN,-2.60637830493481,1.04978507629065,NaN,NaN,-0.875530084222679,NaN,0.906418145340219,1.54524030081882
476.0576,0.737199939487063,0.441980332977799,1.20806759841253,1.81132112977857,1.06595476494865,1.0659547649476,NaN,0.128219292765833,1.30968879468873,0.654160066050115,-0.0660762603105301,0.654160066049927,0.0724281495983281,-0.661359342239309,NaN,NaN,NaN,-0.330018836260672,NaN,-2.65255814074528,-0.387339026424063,NaN,-0.466329021854414,NaN,NaN,-1.58091534577707,NaN,NaN,0.103409798317345,-1.37741168942228,1.85811055815637,-0.404584098426784,NaN,NaN,-0.307433218843081,-0.263810308493962,1.46736410216147,0.775565183764075,0.775565183759476,1.21393289605332,-1.47477697008686,NaN,NaN,-2.5881396912725,1.03079137740258,NaN,NaN,-0.896098146801639,NaN,0.948307656088605,1.5934080788293
476.16,0.771758898786188,0.388657262037024,1.19746236571577,1.84441316115389,1.0686043990592,1.06860439905814,NaN,0.137049537017791,1.31769503017669,0.676113544027827,-0.0769885335083766,0.676113544027627,0.0749960584472666,-0.669217797943536,NaN,NaN,NaN,-0.323492679153354,NaN,-2.68917110381045,-0.408537672889637,NaN,-0.448116481693096,NaN,NaN,-1.56551113631656,NaN,NaN,0.153538405970464,-1.3657383737269,1.79699398723045,-0.372342752585247,NaN,NaN,-0.295972192848379,-0.29259862098606,1.50341607182073,0.766710726719658,0.766710726715038,1.20353531709733,-1.47239002406101,NaN,NaN,-2.56827157765593,1.01205458322666,NaN,NaN,-0.915419215369229,NaN,0.989835741731755,1.63865873564385
476.2624,0.806087261543148,0.335049932926113,1.1863466606687,1.87596123524111,1.07078238418676,1.07078238418569,NaN,0.145752030559677,1.3249968101602,0.697309369123873,-0.0876001216977156,0.697309369123663,0.0759628697950979,-0.675138357698655,NaN,NaN,NaN,-0.315628868225785,NaN,-2.72443017034654,-0.427557535485366,NaN,-0.431187152603622,NaN,NaN,-1.55015874362627,NaN,NaN,0.202192604865567,-1.35376016932465,1.73518785876908,-0.340751284368117,NaN,NaN,-0.285335523048817,-0.321983152987409,1.53784369253655,0.756939639412528,0.756939639407893,1.19312802526007,-1.46949305961619,NaN,NaN,-2.54680040279916,0.993603132862495,NaN,NaN,-0.933483887267267,NaN,1.03092662236538,1.68093922663428
476.3648,0.840053239450567,0.281302044154371,1.17470676168676,1.90594393954581,1.07250701443381,1.07250701443273,NaN,0.154312028103675,1.33162752745465,0.717692156571505,-0.097911067479451,0.717692156571283,0.075395974860483,-0.679185636972759,NaN,NaN,NaN,-0.306470402157506,NaN,-2.75832131021957,-0.444389354466345,NaN,-0.415544822919393,NaN,NaN,-1.53487336056894,NaN,NaN,0.249321632453632,-1.34150065266954,1.6727588997966,-0.309821361822207,NaN,NaN,-0.275530810702604,-0.351900378897945,1.57065914776456,0.746271985724776,0.746271985720124,1.18273416121627,-1.46608472792133,NaN,NaN,-2.52375618512059,0.975463913353329,NaN,NaN,-0.950283459877103,NaN,1.07150343844205,1.72020175907054
476.4672,0.873526908746102,0.22755775149346,1.16253140276652,1.93434345186806,1.07379533186368,1.07379533186258,NaN,0.162714390945907,1.3376200446845,0.737210389076197,-0.10792221818982,0.737210389075962,0.0733684935349621,-0.681430119237397,NaN,NaN,NaN,-0.296063229434175,NaN,-2.7908315477683,-0.459031821422649,NaN,-0.401188560147194,NaN,NaN,-1.51966973976641,NaN,NaN,0.294879995878585,-1.32898391629077,1.60977459175527,-0.279564986846178,NaN,NaN,-0.266563778865033,-0.382286395409794,1.60187773626642,0.734728232285738,0.734728232281081,1.1723766049158,-1.46216467484758,NaN,NaN,-2.49917235718988,0.957662049296821,NaN,NaN,-0.965809872412246,NaN,1.11148846782929,1.75640355083173
476.5696,0.906380399460302,0.173961286449726,1.14981163411226,1.96114531940255,1.0746627232919,1.07466272329078,NaN,0.170943625285579,1.34300651376062,0.755816461686411,-0.117635165156019,0.755816461686162,0.0699587854017085,-0.681947634607596,NaN,NaN,NaN,-0.284456115457087,NaN,-2.82194878888806,-0.471491458606912,NaN,-0.388112882466305,NaN,NaN,-1.50456216387355,NaN,NaN,0.33882736533272,-1.31623457820238,1.54630291977678,-0.249994407398808,NaN,NaN,-0.258438296908959,-0.413077033415306,1.63151758837657,0.72232923139573,0.722329231391061,1.16207785134799,-1.45773349286763,NaN,NaN,-2.47308558796334,0.940220713938874,NaN,NaN,-0.98005561685318,NaN,1.15080338609449,1.7895066104346
476.672,0.938488092558619,0.12065657849657,1.13654069481545,1.98633823199602,1.07512258355464,1.07512258355353,NaN,0.178983910699268,1.34781821403062,0.773466736633047,-0.127052177419915,0.773466736632783,0.0652499414415476,-0.680818821222339,NaN,NaN,NaN,-0.271700472162729,NaN,-2.85166160802689,-0.481782433745806,NaN,-0.37630792212327,NaN,NaN,-1.48956440969758,NaN,NaN,0.381128443313704,-1.30327777960123,1.48241212470749,-0.221122032817841,NaN,NaN,-0.251156412867915,-0.444207965720789,1.6595993975126,0.709096175831312,0.709096175826633,1.15185990178138,-1.45279266789645,NaN,NaN,-2.44553559323839,0.923160958903028,NaN,NaN,-0.993013636866777,NaN,1.1893695831064,1.81947753628316
476.7744,0.96972680870327,0.0677868837191926,1.12271388218701,2.00991379731749,1.07518603338928,1.07518603338816,NaN,0.186819120293447,1.35208540314617,0.790121589011167,-0.136176130104692,0.790121589010887,0.059329261628959,-0.678128574211936,NaN,NaN,NaN,-0.257850173151026,NaN,-2.87995900788299,-0.489926344928249,NaN,-0.365759582183512,NaN,NaN,-1.47468970279744,NaN,NaN,0.421752816133099,-1.29013916624601,1.41817045598554,-0.192960354071765,NaN,NaN,-0.244718393176718,-0.475614823712661,1.68614616628244,0.695050531295542,0.69505053129086,1.14174416073066,-1.447344519974,NaN,NaN,-2.41656493531595,0.906501546595655,NaN,NaN,-1.00467723893359,NaN,1.22710851151401,1.84628733271936
476.8768,0.999975974476653,0.0154944243168262,1.10832840628581,2.03186633074557,1.07486166262953,1.07486166262841,NaN,0.194432835734035,1.35583716746408,0.805745418372201,-0.145010429615572,0.805745418371906,0.0522877276531362,-0.673965498963449,NaN,NaN,NaN,-0.242961378893992,NaN,-2.90683018203396,-0.495952008892654,NaN,-0.356449695953282,NaN,NaN,-1.45995065558732,NaN,NaN,0.460674793565422,-1.27684485258989,1.35364592673848,-0.165521868475558,NaN,NaN,-0.239122769180617,-0.507233333129641,1.71118296202648,0.680213959628,0.680213959623314,1.13175133186752,-1.44139213936532,NaN,NaN,-2.38621881540799,0.89025877529263,NaN,NaN,-1.01504002312984,NaN,1.26394201628226,1.86991123956334
476.9792,1.02911776576274,-0.0360799555658296,1.09338323428,2.05219266708476,1.07415528738827,1.07415528738715,NaN,0.201808359575404,1.35910126454566,0.820306614701298,-0.153558945183692,0.820306614700988,0.0442194840602737,-0.668421390275388,NaN,NaN,NaN,-0.227092383729851,NaN,-2.93226431152444,-0.499895263009711,NaN,-0.34835619715434,NaN,NaN,-1.44535918981336,NaN,NaN,0.497873233857792,-1.26342137574174,1.28890607777886,-0.138819007736621,NaN,NaN,-0.234366388986071,-0.538999465653433,1.73473667737963,0.664608244618556,0.664608244613872,1.12190131495177,-1.43493932155574,NaN,NaN,-2.35454486320904,0.874446304306803,NaN,NaN,-1.02409582498104,NaN,1.29979260959659,1.89032857091032
477.0816,1.05703724240582,-0.0867971189519562,1.07787893893485,2.07089198654815,1.07306973513253,1.0730697351314,NaN,0.20892872354256,1.36190396601565,0.833777487236364,-0.1618259566572,0.833777487236036,0.0352213350984486,-0.661590744145844,NaN,NaN,NaN,-0.21030347997419,NaN,-2.95625040984922,-0.501798768724142,NaN,-0.341453302808117,NaN,NaN,-1.43092645591365,NaN,NaN,0.533331347186253,-1.24989564792144,1.2240177578724,-0.112864067777629,NaN,NaN,-0.230444472441621,-0.570849591546913,1.75683579593979,0.648255225282777,0.648255225278086,1.11221311168449,-1.42799050420509,NaN,NaN,-2.32159292619827,0.859074996805993,NaN,NaN,-1.03183866272932,NaN,1.33458369544014,1.90752256626538
477.184,1.0836224982809,-0.136519966581365,1.06181756266189,2.08796563862172,1.07160468121262,1.07160468121148,NaN,0.215776689202562,1.36426992018006,0.846134177050572,-0.169816116236497,0.846134177050229,0.0253922455669276,-0.653570279610202,NaN,NaN,NaN,-0.192656823523828,NaN,-2.97877721395461,-0.50171179061813,NaN,-0.335711702386289,NaN,NaN,-1.41666276097595,NaN,NaN,0.567036479719183,-1.23629490597557,1.15904692382872,-0.0876691381817605,NaN,NaN,-0.227350668760034,-0.602720618065222,1.77751016927092,0.631176731724154,0.631176731719459,1.10270475138779,-1.42055070881948,NaN,NaN,-2.28741486019965,0.844152798365492,NaN,NaN,-1.03826268735847,NaN,1.36823977508932,1.92148027271759
477.2864,1.10876485045948,-0.185113790899124,1.04520250306378,2.10341695305924,1.06975655945496,1.06975655945381,NaN,0.222334739568617,1.3662220511684,0.857356572757537,-0.17753441290602,0.857356572757176,0.0148328207466649,-0.644458431561797,NaN,NaN,NaN,-0.174216284051721,NaN,-2.99983311104306,-0.499689927512306,NaN,-0.331098745272508,NaN,NaN,-1.40257750716261,NaN,NaN,0.598979893456464,-1.22264664695517,1.09405845746414,-0.0632460279356665,NaN,NaN,-0.225077118610941,-0.634550106236399,1.79679081524191,0.613394511824551,0.613394511819856,1.09339324623631,-1.41262548904983,NaN,NaN,-2.25206432163842,0.829684664946757,NaN,NaN,-1.04336212595249,NaN,1.40068665464106,1.93219247520891
477.3888,1.13235907281874,-0.232446658282584,1.0280384214697,2.11725104020446,1.06751855311013,1.06751855310897,NaN,0.2285850640982,1.36778149916267,0.867428234160572,-0.184986133486205,0.867428234160196,0.00364475118447502,-0.634354792455664,NaN,NaN,NaN,-0.155047272618754,NaN,-3.01940608529121,-0.495794794912194,NaN,-0.327578624946355,NaN,NaN,-1.38867913745431,NaN,NaN,0.629156558790679,-1.20897854177555,1.02911598914908,-0.03960618353079,NaN,NaN,-0.223614522043861,-0.666276368799894,1.81470974509984,0.594930138806594,0.594930138801897,1.08429457547704,-1.40422088348316,NaN,NaN,-2.21559655826749,0.815672541826672,NaN,NaN,-1.04713121128448,NaN,1.43185164986304,1.93965366461716
477.4912,1.15430365539729,-0.278389803561027,1.01033116848185,2.1294745937851,1.06488064405867,1.0648806440575,NaN,0.234509540231621,1.36896759248186,0.876336309571146,-0.192176823628443,0.876336309570757,-0.00806976739581058,-0.623359517541332,NaN,NaN,NaN,-0.135216557105115,NaN,-3.03748366711613,-0.490093688455455,NaN,-0.325112562114343,NaN,NaN,-1.37497508556437,NaN,NaN,0.657564965583789,-1.19531832945855,0.964281716797567,-0.0167605990254698,NaN,NaN,-0.222952212367909,-0.697838561503282,1.83129981905666,0.575804899598478,0.575804899593786,1.07542368528307,-1.3953433673363,NaN,NaN,-2.17806819427929,0.802115378189298,NaN,NaN,-1.04956410571401,NaN,1.46166377335524,1.94386201613248
477.5936,1.17450106497271,-0.322818020164625,0.992087714827995,2.14009571140878,1.06182968739805,1.06182968739688,NaN,0.240089714713376,1.36979783594823,0.88407142558341,-0.199112256047358,0.884071425583005,-0.0202086095890836,-0.611572735131123,NaN,NaN,NaN,-0.114792088177897,NaN,-3.05405287648811,-0.482659266382144,NaN,-0.323658988997032,NaN,NaN,-1.36147172783853,NaN,NaN,0.684206946994111,-1.18169370027835,0.899616218870169,0.00528027626376944,NaN,NaN,-0.223078236747919,-0.729176782562861,1.84659462353521,0.556039674529761,0.55603967452507,1.0667944878937,-1.38599979867238,NaN,NaN,-2.13953701056802,0.789009155443068,NaN,NaN,-1.05065483822016,NaN,1.49005388480105,1.94481936238709
477.696,1.19285799549187,-0.365610041603296,0.973316078983372,2.14912373994926,1.05834949162548,1.0583494916243,NaN,0.245306791121824,1.37028790553223,0.890627540582054,-0.205798413003098,0.890627540581636,-0.0326702539472906,-0.599094008692094,NaN,NaN,NaN,-0.093842853003301,NaN,-3.06910016247774,-0.473569265546352,NaN,-0.32317373572314,NaN,NaN,-1.34817433884476,NaN,NaN,0.709087506323235,-1.16813217538405,0.83517827180926,0.0265066247937405,NaN,NaN,-0.223979444119051,-0.760232186332369,1.86062836195517,0.535654821995503,0.535654821990816,1.0584198511022,-1.37619735824434,NaN,NaN,-2.1000617256305,0.776346916384574,NaN,NaN,-1.05039727109407,NaN,1.51695478955818,1.94253116524263
477.7984,1.20928561205957,-0.406648917857838,0.954025252363661,2.15656914375005,1.05442090021925,1.05442090021806,NaN,0.250141629082045,1.3704516500388,0.896001771297438,-0.212241487486181,0.896001771297006,-0.0453542456464954,-0.586021882636361,NaN,NaN,NaN,-0.0724387552919437,NaN,-3.08261134665818,-0.462906234332889,NaN,-0.323610214402017,NaN,NaN,-1.33508705622282,NaN,NaN,0.732214637613167,-1.15466098645956,0.771024685724532,0.0469093380613537,NaN,NaN,-0.225641578480304,-0.790947105455533,1.8734357543784,0.514670077008192,0.514670077003507,1.05031157974002,-1.36594348526179,NaN,NaN,-2.05970178340363,0.764118797041466,NaN,NaN,-1.0487851023836,NaN,1.54230131116808,1.93700650425123
477.9008,1.22369980309088,-0.445822392504203,0.93422513278566,2.16244339020369,1.05002188369877,1.05002188369756,NaN,0.254574753884114,1.37030110819448,0.900194210677637,-0.218447904014711,0.90019421067719,-0.0581615834791504,-0.572453513856522,NaN,NaN,NaN,-0.0506505031855645,NaN,-3.09457158134868,-0.450757249604476,NaN,-0.324919592279509,NaN,NaN,-1.32221285855223,NaN,NaN,0.753599132872405,-1.14130695267194,0.70721016726885,0.0664800828224201,NaN,NaN,-0.228049374061861,-0.821265171571311,1.88505194683901,0.493104464080508,0.493104464075822,1.04248039958437,-1.35524581381912,NaN,NaN,-2.01851715169356,0.752312074345338,NaN,NaN,-1.0458118989979,NaN,1.56603039697855,1.92825810739481
478.0032,1.23602145844569,-0.483023286103616,0.913926480669851,2.1667588501181,1.04512766185871,1.0451276618575,NaN,0.258586371003415,1.36984654837709,0.903207752570918,-0.224424357205581,0.903207752570456,-0.0709950497181728,-0.558484365698386,NaN,NaN,NaN,-0.0285494829391793,NaN,-3.10496533419743,-0.437213590204329,NaN,-0.327050950639784,NaN,NaN,-1.30955355512499,NaN,NaN,0.773254373598213,-1.12809635001967,0.643787212729136,0.0852113548395215,NaN,NaN,-0.231186650967551,-0.85113142749355,1.89551243624773,0.470976214240364,0.470976214235678,1.0349359569291,-1.3441121152373,NaN,NaN,-1.97656813129426,0.74091124634099,NaN,NaN,-1.04147114721768,NaN,1.5880812787812,1.91630243888115
478.1056,1.24617677826408,-0.518149886375097,0.893140902679338,2.1695287146055,1.03971087551474,1.03971087551352,NaN,0.26215638010923,1.36909652835605,0.905047928169411,-0.230177863220487,0.905047928168935,-0.0837595074232109,-0.544207935892748,NaN,NaN,NaN,-0.00620761061683083,NaN,-3.11377640592934,-0.422370367836165,NaN,-0.329951435975221,NaN,NaN,-1.2971097848846,NaN,NaN,0.791196111513057,-1.11505477620549,0.580806029813995,0.103096518103758,NaN,NaN,-0.23503641401294,-0.880492429074914,1.9048530169396,0.448302671223002,0.448302671218315,1.02768684001292,-1.33255024928612,NaN,NaN,-1.93391517446914,0.729898152945409,NaN,NaN,-1.03575630499413,NaN,1.60839565274969,1.90115983167047
478.208,1.25409759541395,-0.551106338841164,0.871880849824692,2.17076692967845,1.03374181259527,1.03374181259404,NaN,0.265264385028104,1.3680579632087,0.90572274681308,-0.23571581608821,0.90572274681259,-0.0963621821706904,-0.529715498184515,NaN,NaN,NaN,0.0163028254152251,NaN,-3.12098797948596,-0.406326146991126,NaN,-0.333566416735901,NaN,NaN,-1.28488102392947,NaN,NaN,0.807442249045991,-1.1022070241577,0.518314480764123,0.120129831136855,NaN,NaN,-0.239580959040994,-0.909296340320207,1.91310974776234,0.425100182600497,0.425100182595815,1.02074061449923,-1.32056812272416,NaN,NaN,-1.89061871060059,0.719252127491581,NaN,NaN,-1.02866084982767,NaN,1.6269178420068,1.88285463226509
478.3104,1.25972168420845,-0.581803028722473,0.850159608491004,2.17048814963144,1.02718866279516,1.02718866279392,NaN,0.267889697377964,1.36673618693517,0.905242523662943,-0.24104604053775,0.90524252366244,-0.108712934164684,-0.515095849704595,NaN,NaN,NaN,0.0389093101958317,NaN,-3.12658268695286,-0.389182588391939,NaN,-0.337839658142236,NaN,NaN,-1.27286560184344,NaN,NaN,0.822012629275457,-1.08957697825256,0.45635803486565,0.13630646765688,NaN,NaN,-0.244801987399959,-0.937493028230752,1.92031892984707,0.401383988717974,0.401383988713298,1.01410385525722,-1.30817364952299,NaN,NaN,-1.84673897573283,0.708950156027045,NaN,NaN,-1.02017833422683,NaN,1.64359493253136,1.86141532811784
478.4128,1.26299303553402,-0.61015694486367,0.827991271025898,2.16870771523761,1.02001775090572,1.02001775090448,NaN,0.270011329738963,1.36513499618721,0.90361967540405,-0.246176836115511,0.903619675403533,-0.120724515700836,-0.500435072112328,NaN,NaN,NaN,0.0615392230228088,NaN,-3.13054267338923,-0.371044131415745,NaN,-0.342713516977325,NaN,NaN,-1.26106072592264,NaN,NaN,0.834928839664782,-1.07718754048954,0.394979722706309,0.151622539308845,NaN,NaN,-0.250680723771581,-0.965034161558813,1.92651708279234,0.377168129147342,0.377168129142669,1.00778215883578,-1.29537470715849,NaN,NaN,-1.8023358447108,0.698967023366925,NaN,NaN,-1.01030246805449,NaN,1.6583768844243,1.8368746508277
478.5152,1.26386209404355,-0.636092016702207,0.805390689295645,2.1654416613303,1.01219372012844,1.01219372012719,NaN,0.271607974677755,1.3632566740653,0.900868478085111,-0.251117012700122,0.900868478084582,-0.132312799879794,-0.485816328489497,NaN,NaN,NaN,0.0841199340261557,NaN,-3.13284964638972,-0.352017714583697,NaN,-0.348129147973536,NaN,NaN,-1.24946251393886,NaN,NaN,0.846214030832089,-1.06506058523598,0.334220096666896,0.166075122290824,NaN,NaN,-0.257198030395243,-0.991873310648254,1.93174091141178,0.352465381901,0.352465381896331,1.00178013236617,-1.28217908731092,NaN,NaN,-1.75746866831103,0.6892754404357,NaN,NaN,-0.999027235091163,NaN,1.67121662424545,1.80926966883898
478.6176,1.26228596620393,-0.659539418290103,0.782373426266938,2.16070674749239,1.00367968672481,1.00367968672357,NaN,0.272657975330833,1.36110200477279,0.897004799165894,-0.255875919703913,0.897004799165355,-0.143396967953213,-0.471319714126412,NaN,NaN,NaN,0.106578887648206,NaN,-3.13348492242641,-0.332212517245785,NaN,-0.354026712100202,NaN,NaN,-1.23806603791434,NaN,NaN,0.855892752692571,-1.0532169322017,0.274117210590685,0.17966228428805,NaN,NaN,-0.264334513934112,-1.01796603906019,1.9360272622851,0.327287241345963,0.327287241341306,0.996101367814884,-1.26859444375452,NaN,NaN,-1.71219611958941,0.679846166274524,NaN,NaN,-0.986347035687126,NaN,1.68207012692631,1.77864188150795
478.72,1.25822861375593,-0.680437841308422,0.758955719783103,2.15452049948452,0.99443741297573,0.994437412974482,NaN,0.27313930400985,1.3586702967664,0.892045825115243,-0.26046346592557,0.892045825114694,-0.153899661493098,-0.457022149166659,NaN,NaN,NaN,0.128843689610629,NaN,-3.13242949183684,-0.311739687540732,NaN,-0.360345578390401,NaN,NaN,-1.22686537607275,NaN,NaN,0.863990811144078,-1.04167632080029,0.214706628086398,0.192383108192239,NaN,NaN,-0.272070627719839,-1.04326997768499,1.93941307637891,0.301643928908925,0.301643928904275,0.990748418758536,-1.2546282425278,NaN,NaN,-1.66657605358362,0.670648148178234,NaN,NaN,-0.972256841265338,NaN,1.69089650075465,1.74503731529956
478.8224,1.25166104261571,-0.698733745119307,0.735154462204385,2.14690125230824,0.98442753354955,0.9844275335483,NaN,0.273029564601456,1.35595942960042,0.886009805368042,-0.264890122273403,0.886009805367483,-0.1637471268555,-0.442997267519243,NaN,NaN,NaN,0.150842211903344,NaN,-3.1296641086682,-0.290712021563454,NaN,-0.367024511533144,NaN,NaN,-1.21585366267544,NaN,NaN,0.870535146330422,-1.03045737206962,0.156021457868806,0.20423771167685,NaN,NaN,-0.280386776139656,-1.06774487909072,1.94193534765247,0.275544422440752,0.275544422436111,0.985722792774173,-1.24028771781321,NaN,NaN,-1.62066538216925,0.661648695763102,NaN,NaN,-0.956752354650323,NaN,1.69765810067889,1.70850662136689
478.9248,1.24256148307617,-0.714381588791324,0.710987186897803,2.13786818933607,0.973609841776428,0.97360984177518,NaN,0.272306023933013,1.35296593106495,0.878915826143965,-0.2691669046311,0.878915826143396,-0.172869380974661,-0.429315256119318,NaN,NaN,NaN,0.172502718086748,NaN,-3.12516938786733,-0.269243585630067,NaN,-0.374001839764082,NaN,NaN,-1.20502312792504,NaN,NaN,0.875553729598197,-1.01957753916015,0.0980924068005232,0.215227261684133,NaN,NaN,-0.289263426154031,-1.09135265779574,1.94363109371523,0.24899649389804,0.248996493893405,0.981024956320111,-1.22557983221403,NaN,NaN,-1.57451996177366,0.652813683657471,NaN,NaN,-0.939830188337314,NaN,1.70232069428341,1.66910517438429
479.0272,1.23091554510733,-0.727344044837306,0.686472044085027,2.12744137338831,0.96194361668121,0.961943616679963,NaN,0.270945668065044,1.34968507978911,0.870783612543324,-0.273305340081432,0.870783612542744,-0.181200418444059,-0.41604262323862,NaN,NaN,NaN,0.193753995051501,NaN,-3.1189258920347,-0.247449309444453,NaN,-0.381215599409507,NaN,NaN,-1.19436512976488,NaN,NaN,0.879075475196288,-1.0090530610725,0.0409478415376522,0.225353983383896,NaN,NaN,-0.298681226705764,-1.11405742510336,1.94453733496419,0.22200675838014,0.222006758375513,0.976654335214452,-1.2105112377296,NaN,NaN,-1.52819448937486,0.644107761609125,NaN,NaN,-0.921488076451165,NaN,1.70485367676112,1.62689317067896
479.1296,1.21671633498091,-0.73759219730497,0.661627748577195,2.11564177012562,0.949387960229267,0.949387960228025,NaN,0.268925275518954,1.3461110189119,0.861633340136798,-0.277317415901705,0.861633340136204,-0.188678477284758,-0.403241888776705,NaN,NaN,NaN,0.214525469909829,NaN,-3.11091421587323,-0.225444596153056,NaN,-0.38860365632416,NaN,NaN,-1.18387018357048,NaN,NaN,0.881130167995277,-0.998898932565866,-0.0153861451981386,0.234621168904802,NaN,NaN,-0.308621132568752,-1.13582552417141,1.94469107088252,0.19458074968314,0.194580749678521,0.972609295580253,-1.1950882366631,NaN,NaN,-1.4817424036853,0.635494553407686,NaN,NaN,-0.901725119948263,NaN,1.7052303018925,1.58193572538589
479.232,1.19996453135366,-0.745105731453373,0.636473490786994,2.10249126983989,0.935902117891114,0.935902117889879,NaN,0.266221498930877,1.34223686467009,0.851485433227186,-0.281215507750908,0.851485433226582,-0.195246367868666,-0.390971203208975,NaN,NaN,NaN,0.234747296022367,NaN,-3.10111509925776,-0.203344982718764,NaN,-0.396103814401418,NaN,NaN,-1.17352799469219,NaN,NaN,0.881748411151946,-0.989128894753132,-0.0708856593342452,0.243033193693502,NaN,NaN,-0.319064525351657,-1.15662556380331,1.94412924164058,0.166723039709788,0.166723039705174,0.968887102354462,-1.17931674602998,NaN,NaN,-1.435215792109,0.626936841244698,NaN,NaN,-0.880542053742765,NaN,1.70342789556439,1.53430296829556
479.3344,1.18066842806932,-0.749873117784183,0.611028816447726,2.088012715556,0.921445770592857,0.921445770591628,NaN,0.262810951355807,1.33805480038236,0.840360341869024,-0.285012291968035,0.840360341868411,-0.200851838774984,-0.379283933890111,NaN,NaN,NaN,0.254350405233699,NaN,-3.08950959641771,-0.181265855302084,NaN,-0.403653928283739,NaN,NaN,-1.16332749917419,NaN,NaN,0.880961588635557,-0.979755449914793,-0.12552890702037,0.25059553903018,NaN,NaN,-0.329993323780052,-1.17642844310215,1.94288866881392,0.138437410561786,0.138437410557181,0.965483862910882,-1.16320227063395,NaN,NaN,-1.38866530850042,0.618396745313556,NaN,NaN,-0.857941523831228,NaN,1.69942802979445,1.48407013523793
479.4368,1.158843956115,-0.751891784233648,0.585313494272776,2.07222994246236,0.905979305032535,0.90597930503131,NaN,0.258670303940725,1.33355615684945,0.828278310610653,-0.288720656438717,0.828278310610029,-0.205447934896644,-0.368228278181616,NaN,NaN,NaN,0.273266537765411,NaN,-3.07607931282053,-0.159322204402464,NaN,-0.411192033139847,NaN,NaN,-1.15325691599554,NaN,NaN,0.878801826965362,-0.970789903180767,-0.179296054770132,0.257314807610798,NaN,NaN,-0.341390078538503,-1.1952073586209,1.94100597663143,0.109727076509635,0.109727076505042,0.96239446952428,-1.14674988998554,NaN,NaN,-1.34214011114686,0.609835913177564,NaN,NaN,-0.833928361796099,NaN,1.69321663112033,1.43131765656632
479.5392,1.1345147013304,-0.751168267848854,0.559347397597597,2.05516782817233,0.889464080714559,0.889464080713334,NaN,0.253776409378969,1.3287314898012,0.815259162680161,-0.292353622530591,0.815259162679528,-0.208993311369169,-0.35784694818249,NaN,NaN,NaN,0.291428271865837,NaN,-3.06080671651007,-0.137628395506841,NaN,-0.418656493980919,NaN,NaN,-1.1433038067393,NaN,NaN,0.875301943234757,-0.962242423901658,-0.232169035718247,0.263198718369498,NaN,NaN,-0.353238050687454,-1.21293778912877,1.93851750153627,0.0805949435113638,0.0805949435067841,0.959612558874189,-1.12996426467957,NaN,NaN,-1.2956878314129,0.601215733598869,NaN,NaN,-0.808509846002257,NaN,1.68478399899572,1.37613125345151
479.6416,1.10771193263818,-0.747718341230713,0.533150420449241,2.03685235220327,0.871862712566843,0.871862712565623,NaN,0.248106459680546,1.32357066722738,0.801322118835364,-0.295924280540772,0.801322118834718,-0.211452487818365,-0.348176938543275,NaN,NaN,NaN,0.308769077200515,NaN,-3.04367552640583,-0.1162979286083,NaN,-0.425986166420811,NaN,NaN,-1.13345513300003,NaN,NaN,0.870495380849295,-0.954122108990737,-0.284131302653102,0.268256074970862,NaN,NaN,-0.365521275365566,-1.22959745877303,1.93545920184826,0.0510438854197878,0.0510438854152245,0.957130505441264,-1.11284966619363,NaN,NaN,-1.2493545781014,0.592497585509836,NaN,NaN,-0.781695945343348,NaN,1.67412474300111,1.31860205131146
479.744,1.07847464305937,-0.741567111481892,0.506742432574466,2.01731066620939,0.85313938265475,0.853139382653534,NaN,0.241638172309302,1.31806297333225,0.786485657561595,-0.29944573486113,0.78648565756094,-0.212796044374827,-0.339249363547117,NaN,NaN,NaN,0.325223405744299,NaN,-3.02467115550873,-0.0954431750807626,NaN,-0.433120554447747,NaN,NaN,-1.12369730514868,NaN,NaN,0.864416145308046,-0.946437030216988,-0.335167543313172,0.272496710772792,NaN,NaN,-0.378224614038386,-1.24516628801398,1.93186657842114,0.0210770139759776,0.0210770139714298,0.954939451552342,-1.09541002665559,NaN,NaN,-1.20318497239663,0.583643118868656,NaN,NaN,-0.75349955023356,NaN,1.66123767936055,1.25882670248089
479.8464,1.04684958958126,-0.732749087754336,0.480143261726764,1.99657117135108,0.833260187826869,0.833260187825652,NaN,0.234349992939153,1.31219723099541,0.770767414298485,-0.302931056541529,0.770767414297821,-0.213000762083267,-0.33108934862997,NaN,NaN,NaN,0.34072681823448,NaN,-3.00378115661705,-0.0751751029296715,NaN,-0.439999955747971,NaN,NaN,-1.11401622576604,NaN,NaN,0.857098750141351,-0.939194258291942,-0.385263383211343,0.275931417920527,NaN,NaN,-0.391333798485471,-1.25962634711019,1.92777460937785,-0.00930206841422366,-0.00930206841875052,0.953029355590129,-1.07764899533561,NaN,NaN,-1.15722219807235,0.574614545358628,NaN,NaN,-0.723936701929259,NaN,1.64612571760019,1.1969074889274
479.9488,1.01289131080803,-0.721308211619522,0.453372685402042,1.97466358921323,0.812193524222119,0.812193524220901,NaN,0.226221308482441,1.30596194368648,0.754184115282766,-0.306393243475386,0.754184115282095,-0.21204970185451,-0.323715977727178,NaN,NaN,NaN,0.355216135152379,NaN,-2.98099561690371,-0.0556030047376651,NaN,-0.446565597557278,NaN,NaN,-1.10439733749081,NaN,NaN,0.848578174227038,-0.932399870026906,-0.434405098036399,0.278571868512177,NaN,NaN,-0.404835467829315,-1.27296182298889,1.92321769250175,-0.0400890279379062,-0.0400890279424079,0.951389030493918,-1.05956998643549,NaN,NaN,-1.11150804940561,0.565374910179776,NaN,NaN,-0.693026826947994,NaN,1.62879574605428,1.13295237384723
480.0512,0.97666210796372,-0.707297844752335,0.426450421234707,1.95161901523247,0.789910502172198,0.789910502170976,NaN,0.217232669694213,1.29934545373785,0.736751543160503,-0.309845189470309,0.736751543159825,-0.209932212859139,-0.317142309224419,NaN,NaN,NaN,0.36862960320857,NaN,-2.95630748005688,-0.0368342297920158,NaN,-0.452759769611573,NaN,NaN,-1.0948256834148,NaN,NaN,0.838889825093254,-0.926058950942009,-0.482579341435775,0.280430530829935,NaN,NaN,-0.418717197515922,-1.28515900163599,1.91822958581617,-0.0712785615795202,-0.0712785615840019,0.950006155841976,-1.04117621145476,NaN,NaN,-1.06608296858564,0.555888327672459,NaN,NaN,-0.660792972198788,NaN,1.6092585337364,1.06707499467431
480.1536,0.938231987920321,-0.69078070944057,0.3993961186774,1.92746995626226,0.766385376538351,0.766385376537122,NaN,0.207366023071587,1.29233610764755,0.718484535517897,-0.31329966479312,0.718484535517211,-0.206643863437153,-0.311375473568355,NaN,NaN,NaN,0.380907078594707,NaN,-2.9297128040991,-0.0189739085515129,NaN,-0.458525952950249,NaN,NaN,-1.08528598401745,NaN,NaN,0.828069498562075,-0.920175604996645,-0.529772879157337,0.281520577693422,NaN,NaN,-0.43296751789307,-1.29620626091637,1.91284334080038,-0.10286416157122,-0.102864161575684,0.948867265457284,-1.0224706996151,NaN,NaN,-1.02098607588329,0.546120180547739,NaN,NaN,-0.627262030755416,NaN,1.58752867795523,0.999394611178754
480.256,0.897678576319394,-0.671828777787876,0.372229364545871,1.90225036546685,0.741595974372811,0.741595974371575,NaN,0.196604943801825,1.28492241589101,0.699397019689037,-0.31676930938884,0.699397019688343,-0.202186293395967,-0.306416860480416,NaN,NaN,NaN,0.391990238189275,NaN,-2.90121096589677,-0.00212464834122394,NaN,-0.463808938447081,NaN,NaN,-1.07576273184673,NaN,NaN,0.816153325157848,-0.914752979982268,-0.575972319656103,0.281855782440247,NaN,NaN,-0.447575918614901,-1.30609406534957,1.90709122833923,-0.134837890184964,-0.134837890189405,0.947957725294847,-1.00345631370904,NaN,NaN,-0.976255199890956,0.536037292874613,NaN,NaN,-0.592464946956422,NaN,1.56362460286562,0.930036019154282
480.3584,0.855087011311931,-0.650523105539049,0.344969717643078,1.87599569531767,0.715524105963372,0.715524105962129,NaN,0.184934850750973,1.27709319573605,0.679502082844574,-0.32026663634757,0.679502082843872,-0.196566997347241,-0.302262393132103,NaN,NaN,NaN,0.401822829483545,NaN,-2.87080482004114,0.0136138210498404,NaN,-0.468554931991269,NaN,NaN,-1.06624030117827,NaN,NaN,0.803177703020051,-0.909793309078645,-0.621163839551884,0.281450400857252,NaN,NaN,-0.462532833140524,-1.3148149569967,1.90100466186313,-0.167190175392582,-0.167190175397001,0.947261722536524,-0.984135768811531,NaN,NaN,-0.9319269143709,0.525608091891843,NaN,NaN,-0.556436886508092,NaN,1.53756858275969,0.859129427995136
480.4608,0.810549824999199,-0.626953607568315,0.317636782900323,1.84874298459739,0.68815595703431,0.688155957033059,NaN,0.172343189224085,1.26883769243916,0.658812071395891,-0.323804043132497,0.658812071395183,-0.189799058232377,-0.29890287073993,NaN,NaN,NaN,0.410350960564234,NaN,-2.83850082663249,0.0281450598087905,NaN,-0.472711648482198,NaN,NaN,-1.05670306567022,NaN,NaN,0.789179229248326,-0.905297959203501,-0.665332910012329,0.280319041641097,NaN,NaN,-0.477829599684574,-1.32236354317229,1.89461412390042,-0.199909634338923,-0.199909634343315,0.946762284814219,-0.964511660399739,NaN,NaN,-0.888036587330219,0.514802774510924,NaN,NaN,-0.519217359998301,NaN,1.50938676393693,0.786810298689148
480.5632,0.764166810565297,-0.601218775324284,0.2902503225701,1.82053097440901,0.659482477610168,0.659482477608908,NaN,0.158819588256793,1.26014568414108,0.637338714247155,-0.32739382978583,0.637338714246441,-0.181900854341043,-0.296324347723163,NaN,NaN,NaN,0.417523420920422,NaN,-2.80430916792146,0.0413763695796018,NaN,-0.476228400373751,NaN,NaN,-1.04713551700823,NaN,NaN,0.774194645549756,-0.901267474715007,-0.708464034751643,0.278476531633836,NaN,NaN,-0.493458400923032,-1.32873648557489,1.8879491001721,-0.232982925173358,-0.232982925177722,0.946441335537196,-0.944586505432696,NaN,NaN,-0.844618445290662,0.50359348614186,NaN,NaN,-0.480850302770616,NaN,1.47910918073229,0.713219143972378
480.6656,0.716044863936764,-0.573425341458575,0.262830387506662,1.79140022883592,0.629499791128354,0.629499791127079,NaN,0.14435601549194,1.25100758086227,0.615093266834984,-0.331048221506685,0.615093266834266,-0.172895760314159,-0.294508517802802,NaN,NaN,NaN,0.423292015810916,NaN,-2.76824387212406,0.0532192403032364,NaN,-0.479056184309304,NaN,NaN,-1.03752238230764,NaN,NaN,0.75826080972775,-0.897701609962015,-0.750540510695335,0.2759377842788,NaN,NaN,-0.509412186409315,-1.33393249304978,1.88103802041965,-0.266394621334643,-0.266394621338978,0.946279776586074,-0.92436279583539,NaN,NaN,-0.80170564952489,0.491954507386536,NaN,NaN,-0.441384125999767,NaN,1.44676978209825,0.638501292002147
480.768,0.666297788780708,-0.543687900133317,0.235397448576435,1.76139323502841,0.598209633607105,0.598209633605813,NaN,0.128946954924494,1.24141452642203,0.59208667351581,-0.334779390927991,0.592086673515087,-0.162811849402377,-0.293433087404599,NaN,NaN,NaN,0.427611895211402,NaN,-2.73032295686013,0.0635897550107993,NaN,-0.481147763548264,NaN,NaN,-1.02784874372603,NaN,NaN,0.741414697311306,-0.89459934978537,-0.791544217911089,0.27271768004374,NaN,NaN,-0.525684577600304,-1.33795231417327,1.87390820035413,-0.300127096926377,-0.300127096930687,0.946257585300373,-0.903843061104561,NaN,NaN,-0.759330375005329,0.479862440811908,NaN,NaN,-0.400871745567646,NaN,1.41240648884392,0.562806606602704
480.8704,0.615046060596399,-0.512128488138453,0.207972518893553,1.73055447118809,0.565619812277774,0.565619812276465,NaN,0.112589626834825,1.23135850835294,0.568329745175071,-0.33859947791507,0.568329745174344,-0.151681589941308,-0.293072140981903,NaN,NaN,NaN,0.430441865267124,NaN,-2.69056859266558,0.0724089486223932,NaN,-0.482457743927459,NaN,NaN,-1.01810016558542,NaN,NaN,0.723693431213882,-0.891958920035036,-0.831455440440984,0.268830965592498,NaN,NaN,-0.542269753185981,-1.34079872235704,1.86658577783383,-0.334160411813786,-0.334160411818071,0.94635391780773,-0.883029936050289,NaN,NaN,-0.717523882251525,0.46729639512526,NaN,NaN,-0.35937057479935,NaN,1.37606127258718,0.486289151500948
480.9728,0.562416551521097,-0.478876123674336,0.180577271509692,1.69893044421419,0.531744666035172,0.531744666033841,NaN,0.0952842570981607,1.22083247893306,0.54383335135573,-0.342520610100922,0.543833351355002,-0.139541527060809,-0.293396506898506,NaN,NaN,NaN,0.431744681337536,NaN,-2.64900727998735,0.0796031413632487,NaN,-0.482942647021081,NaN,NaN,-1.00826283190136,NaN,NaN,0.705134334742652,-0.889777788786529,-0.870252715642947,0.264292173734419,NaN,NaN,-0.5591623150555,-1.34247648721451,1.85909564069192,-0.368472196062027,-0.368472196066283,0.946547219842314,-0.861926232369872,NaN,NaN,-0.676316577629697,0.454238171332819,NaN,NaN,-0.316942458481212,NaN,1.33778021219978,0.409106792333521
481.0752,0.508542223119387,-0.444066296540353,0.153234166196786,1.66656970528393,0.496605513545345,0.496605513543996,NaN,0.0770343879131968,1.20983048974365,0.518608634217161,-0.346554932740884,0.518608634216431,-0.126431942089614,-0.294374133952799,NaN,NaN,NaN,0.431487331084485,NaN,-2.60567004136697,0.0851042699601577,NaN,-0.482560987220422,NaN,NaN,-0.998323693760419,NaN,NaN,0.685775002161556,-0.888052658215686,-0.907912704446766,0.259115558909253,NaN,NaN,-0.576357138582114,-1.34299232820967,1.85146135062999,-0.403037548671804,-0.403037548676035,0.946815356703662,-0.84053501882791,NaN,NaN,-0.635738064371674,0.440672463621277,NaN,NaN,-0.273653530838139,NaN,1.29761350024551,0.331420744130132
481.1776,0.453561797485887,-0.407840407108544,0.125966599006684,1.63352285302746,0.46023108003113,0.460231080029761,NaN,0.0578472147357544,1.19834784001462,0.492667255938881,-0.350714657925474,0.492667255938151,-0.112396471386382,-0.295970502111163,NaN,NaN,NaN,0.429641317982348,NaN,-2.56059263195204,0.0888502313071674,NaN,-0.481273355198313,NaN,NaN,-0.988270623122217,NaN,NaN,0.665653375881977,-0.886779450261499,-0.944410075446241,0.253315038610249,NaN,NaN,-0.593849211558204,-1.34235484987083,1.84370507047972,-0.437828969147107,-0.437828969151315,0.94713577621116,-0.818859716670158,NaN,NaN,-0.595817187994257,0.426587088391739,NaN,NaN,-0.229573985511447,NaN,1.25561542033039,0.253395075573651
481.28,0.397619406573805,-0.370345151232627,0.0987990770995965,1.59984252755474,0.422657898455677,0.422657898454287,NaN,0.0377339372419953,1.18638123697076,0.46602168215353,-0.355012136934026,0.466021682152798,-0.0974816542369658,-0.298149105284349,NaN,NaN,NaN,0.426182947010371,NaN,-2.5138157509243,0.0907852377693368,NaN,-0.4790425026247,NaN,NaN,-0.97809256914271,NaN,NaN,0.644807812697463,-0.885953288749031,-0.97971740830975,0.246904136188262,NaN,NaN,-0.611633464677248,-1.3405744633948,1.83584749793518,-0.47281632823219,-0.472816328236374,0.947485704137751,-0.796904208987242,NaN,NaN,-0.556582073957831,0.411973239139471,NaN,NaN,-0.184777759202173,NaN,1.2118443146652,0.175196164626376
481.3824,0.34086420076839,-0.331731842720274,0.0717574056735491,1.56558338698944,0.383930676828069,0.383930676826658,NaN,0.0167101165119717,1.17392896556607,0.438685487493384,-0.359459951179024,0.438685487492649,-0.0817363865219385,-0.300872035897053,NaN,NaN,NaN,0.421093601173503,NaN,-2.46538522338166,0.0908601651695766,NaN,-0.475833419973978,NaN,NaN,-0.96777971667933,NaN,NaN,0.623277122858861,-0.885568476634482,-1.01380513397769,0.23989593005918,NaN,NaN,-0.629704594319302,-1.33766330257457,1.82790780167504,-0.507966870155562,-0.507966870159721,0.947842353875858,-0.774672954328834,NaN,NaN,-0.518060149779963,0.396825746011939,NaN,NaN,-0.139342155315448,NaN,1.16636251637221,0.0969920813149822
481.4848,0.283449891287768,-0.292155664325486,0.0448688673929166,1.53080205213837,0.344102612215438,0.344102612214005,NaN,-0.00520396650782813,1.16099106386475,0.410673660769789,-0.364071015653574,0.410673660769052,-0.0652112782812531,-0.304100677348761,NaN,NaN,NaN,0.414359990264342,NaN,-2.41535213680806,0.0890328646852192,NaN,-0.471613401407298,NaN,NaN,-0.957323649926323,NaN,NaN,0.601100576362462,-0.885618469016597,-1.04664152607204,0.232303017931443,NaN,NaN,-0.648056876079071,-1.33363513708574,1.81990355144839,-0.543245235281293,-0.543245235285426,0.948183129520179,-0.752171095799876,NaN,NaN,-0.480278144970396,0.381143317074742,NaN,NaN,-0.0933474420479648,NaN,1.11923620907044,0.0189518725815401
481.5872,0.225534212340781,-0.25177484509603,0.0181623808851111,1.49555700530474,0.303235635013807,0.303235635012352,NaN,-0.0279829536727608,1.14756950107258,0.382002895637517,-0.368858690755874,0.382002895636778,-0.0479579308668002,-0.307796488645746,NaN,NaN,NaN,0.405974356432074,NaN,-2.36377293485701,0.0852684146872209,NaN,-0.466352094177194,NaN,NaN,-0.946717521117831,NaN,NaN,0.578317879871277,-0.886095846543252,-1.07819274528175,0.224137501252809,NaN,NaN,-0.666683967504659,-1.32850527754091,1.81185063399301,-0.578613496396468,-0.578613496400579,0.94848581153499,-0.729404562474784,NaN,NaN,-0.443262067258444,0.364928750050198,NaN,NaN,-0.0468764451077551,NaN,1.07053520558201,-0.0587552617945
481.6896,0.167278305040914,-0.210749771556773,-0.00833136630034107,1.45990843427291,0.261400582134419,0.261400582132943,NaN,-0.0515960593604854,1.13366835810329,0.352691868456909,-0.373836895300998,0.352691868456169,-0.0300281622097473,-0.311921843635895,NaN,NaN,NaN,0.395934632501803,NaN,-2.31070947374821,0.0795393084709283,NaN,-0.460021534928719,NaN,NaN,-0.935956216074672,NaN,NaN,0.554969130366332,-0.886992289909034,-1.1084229308995,0.215410990950797,NaN,NaN,-0.685578702746658,-1.32229046574784,1.80376315029128,-0.614031205525264,-0.614031205529352,0.948728723677159,-0.706380162587757,NaN,NaN,-0.40703715823693,0.348189112082783,NaN,NaN,-1.41438265408088e-05,NaN,1.02033266203069,-0.135960889928537
481.792,0.10884603648857,-0.169242049908158,-0.0345798111939408,1.42391802793529,0.218677296556413,0.218677296554912,NaN,-0.0760067457173061,1.11929401042552,0.32276151017996,-0.379020208453298,0.32276151017922,-0.0114732217945173,-0.316440869125125,NaN,NaN,NaN,0.384244561108119,NaN,-2.25622904080941,0.0718255945482669,NaN,-0.452596180041505,NaN,NaN,-0.92503650215986,NaN,NaN,0.531094751831571,-0.888298551907565,-1.13729433699432,0.206134633288574,NaN,NaN,-0.704732887353605,-1.31500875379718,1.79565329710814,-0.64945545094587,-0.649455450949932,0.948890883048092,-0.683105666958297,NaN,NaN,-0.371627834310931,0.330935886301746,NaN,NaN,0.0471527207545723,NaN,0.968704748931535,-0.212498325915449
481.8944,0.0504032701524498,-0.127413542722123,-0.0605484390421755,1.38764874937713,0.175154633241668,0.17515463324014,NaN,-0.101172455973625,1.10445530638581,0.292235268261154,-0.384423949249264,0.292235268260414,0.00765695949076167,-0.321320229115897,NaN,NaN,NaN,0.37091378512603,NaN,-2.2004043307226,0.0621149846223984,NaN,-0.444052938052546,NaN,NaN,-0.91395714630089,NaN,NaN,0.506735419244363,-0.890004430721535,-1.16476751638382,0.196319151709126,NaN,NaN,-0.724137105236741,-1.30667938670301,1.78753124650755,-0.684840929376255,-0.684840929380292,0.948952133407652,-0.659589880364582,NaN,NaN,-0.337057620086929,0.313185081976343,NaN,NaN,0.0945360152074965,NaN,0.915730299835083,-0.288203614509366
481.9968,-0.00788290262858417,-0.0854254037598518,-0.0862007477831524,1.35116461802825,0.1309303452669,0.130930345265343,NaN,-0.127044442592907,1.08916372138548,0.26113933841143,-0.390064227053281,0.261139338410692,0.0273144505419318,-0.326529822540824,NaN,NaN,NaN,0.355957909241164,NaN,-2.14331337458464,0.0504029246786296,NaN,-0.434371207470805,NaN,NaN,-0.90271899925955,NaN,NaN,0.481931971051454,-0.89209875918872,-1.19080155106834,0.185974898012556,NaN,NaN,-0.743780549675055,-1.29732270419336,1.77940504275945,-0.720140039965907,-0.720140039969916,0.948893261160623,-0.635842702135639,NaN,NaN,-0.303349083095576,0.294957302951766,NaN,NaN,0.142046553000641,NaN,0.861490455896016,-0.362916485204716
482.0992,-0.0658449633410989,-0.0434371343623763,-0.111498267345657,1.31453052105089,0.0861108369145219,0.0861108369129333,NaN,-0.153567714636616,1.0734334595312,0.229502841795069,-0.395957958877858,0.229502841794334,0.0474539153820063,-0.332043380168223,NaN,NaN,NaN,0.339398520588079,NaN,-2.085039419853,0.0366926146602964,NaN,-0.423532916020585,NaN,NaN,-0.891325047785869,NaN,NaN,0.456725311947796,-0.894569425317387,-1.21535431425826,0.175111908685378,NaN,NaN,-0.763650882844588,-1.28696006819655,1.7712805296164,-0.755302998256065,-0.755302998260048,0.948696095372291,-0.611875181324703,NaN,NaN,-0.270523779033272,0.276277768600459,NaN,NaN,0.189594402681858,NaN,0.806068326021997,-0.436481251841445
482.2016,-0.123315785389886,-0.00160568782995819,-0.136400642658482,1.27781205505277,0.0408107867131165,0.040810786711491,NaN,-0.180681107389848,1.05728148369174,0.197357937762929,-0.402122849813746,0.197357937762196,0.0680331226426757,-0.337838959976183,NaN,NaN,NaN,0.32126315697558,NaN,-2.02567076480944,0.0209949723606983,NaN,-0.411522558048662,NaN,NaN,-0.879780434853398,NaN,NaN,0.431156309883833,-0.897403428839253,-1.2383827399457,0.163739966788741,NaN,NaN,-0.783734117786802,-1.27561381177544,1.76316130879394,-0.790277956724049,-0.790277956728007,0.948343593228796,-0.587699570802154,NaN,NaN,-0.238602212587889,0.25717628332479,NaN,NaN,0.237089164060691,NaN,0.749548687082325,-0.508747628156545
482.304,-0.180129455944071,0.0399153582608511,-0.160865781366712,1.24107538461039,-0.00484734703416788,-0.00484734703582736,NaN,-0.208317464187412,1.04072747307075,0.164739877889767,-0.408577331854808,0.164739877889035,0.0890133796316672,-0.343899350131901,NaN,NaN,NaN,0.301585220130895,NaN,-1.96530055438087,0.00332855183294132,NaN,-0.398327237402933,NaN,NaN,-0.868092445974017,NaN,NaN,0.405265688518991,-0.900586965875956,-1.25984307866699,0.151868669740412,NaN,NaN,-0.804014514348769,-1.26330719997228,1.75504872310735,-0.825011114233165,-0.825011114237095,0.947819912546792,-0.563329383467804,NaN,NaN,-0.207603815430223,0.237687154352017,NaN,NaN,0.284440210689573,NaN,0.692017743332382,-0.579571431867647
482.4064,-0.236122094452022,0.0809765618144753,-0.184850059585881,1.20438710035367,-0.0507339171946821,-0.0507339171963738,NaN,-0.236403917383714,1.02379371751847,0.131687011943372,-0.415340457269157,0.131687011942641,0.110359901314761,-0.350212390082278,NaN,NaN,NaN,0.280403841345358,NaN,-1.90402654268407,-0.0162805666943323,NaN,-0.383936727686375,NaN,NaN,-0.856270463635095,NaN,NaN,0.379093909950462,-0.90410552655496,-1.2796911282866,0.1395074989212,NaN,NaN,-0.824474488850674,-1.25006439280401,1.74694185917291,-0.859446804276728,-0.859446804280629,0.947110477115397,-0.538779456370383,NaN,NaN,-0.177546943467072,0.217849066102634,NaN,NaN,0.33155690362489,NaN,0.633562944644044,-0.648815178898759
482.5088,-0.291132663833121,0.121433319382088,-0.208308571033133,1.16781406039539,-0.0967127431229866,-0.0967127431247103,NaN,-0.264862250541574,1.0065049654966,0.0982407621928934,-0.422431749345024,0.0982407621921657,0.132042121631792,-0.356771219268596,NaN,NaN,NaN,0.257763721754273,NaN,-1.84195082877354,-0.037798895608122,NaN,-0.368343553046396,NaN,NaN,-0.844325901083081,NaN,NaN,0.352681039871437,-0.907943993242299,-1.29788243972643,0.126665882697571,NaN,NaN,-0.845094546465007,-1.23591039954528,1.73883757306901,-0.893527570127371,-0.893527570131243,0.946202042963618,-0.514066027605295,NaN,NaN,-0.148448893976417,0.197704932053526,NaN,NaN,0.378348784292062,NaN,0.574272842253645,-0.716348594337137
482.6112,-0.345003757748071,0.161146513612807,-0.23119540057578,1.13142320050882,-0.142641796013889,-0.142641796015646,NaN,-0.293609321446049,0.988888251388007,0.0644455894891511,-0.429871022282565,0.0644455894884254,0.154033959156493,-0.36357446833128,NaN,NaN,NaN,0.23371497676941,NaN,-1.77917957422883,-0.0611856551113505,NaN,-0.351543085765627,NaN,NaN,-0.832272129073063,NaN,NaN,0.326066591278347,-0.912086738415423,-1.31437250736651,0.113353242451832,NaN,NaN,-0.865853246527919,-1.22087101470371,1.73073054800928,-0.927194249917487,-0.927194249921327,0.945082767862447,-0.489206821303543,NaN,NaN,-0.120325936206593,0.17730174607137,NaN,NaN,0.424725750159186,NaN,0.514236952351698,-0.782049060161675
482.7136,-0.397582338480389,0.199983091680533,-0.253463906415333,1.09528130576352,-0.188373896354281,-0.188373896356068,NaN,-0.322557539179446,0.970972722728993,0.0303489690083804,-0.437678184652248,0.0303489690076569,0.176314056112846,-0.370626410260278,NaN,NaN,NaN,0.208312994057591,NaN,-1.71582270200132,-0.0863929011337436,NaN,-0.333533660607231,NaN,NaN,-0.820124398715228,NaN,NaN,0.299289345562329,-0.916517731810488,-1.32911695951406,0.099579013656536,NaN,NaN,-0.886727204577248,-1.20497273707209,1.72261338871526,-0.960386092729065,-0.96038609273287,0.943742276377022,-0.464221124060494,NaN,NaN,-0.0931933420966722,0.156690434565639,NaN,NaN,0.470598217539726,NaN,0.453545609567462,-0.845801998883027
482.816,-0.448720413652443,0.237816564479337,-0.275067007289005,1.05945474851266,-0.233757433475207,-0.233757433477017,NaN,-0.351615408285319,0.95278946556809,-0.00399862372805772,-0.445873033263095,-0.00399862372877908,0.198865999190806,-0.377937072420129,NaN,NaN,NaN,0.181618284477826,NaN,-1.65199356133786,-0.113365704148018,NaN,-0.314316704840214,NaN,NaN,-0.807899752667819,NaN,NaN,0.272387142934089,-0.921220667983343,-1.34207176240056,0.0853526435201467,NaN,NaN,-0.907691129431913,-1.18824268458958,1.71447675114067,-0.993040918033726,-0.993040918037496,0.942171707369049,-0.439129832470679,NaN,NaN,-0.0670654042051909,0.135925686541029,NaN,NaN,0.51587727905594,NaN,0.392289812239845,-0.907501188547511
482.9184,-0.498275668412132,0.27452743282482,-0.295957487229183,1.02400920717701,-0.278637140419134,-0.278637140420971,NaN,-0.380688157147444,0.934371306679038,-0.038543734761142,-0.454475034138698,-0.0385437347618607,0.221678502500937,-0.385522283262507,NaN,NaN,NaN,0.153696296069624,NaN,-1.58780853965959,-0.142042404098238,NaN,-0.293896870372283,NaN,NaN,-0.79561691712362,NaN,NaN,0.245396625746862,-0.926179118036397,-1.35319344377409,0.0706835770872082,NaN,NaN,-0.928717893304218,-1.17070851712301,1.70630950552956,-1.0250953281532,-1.02509532815693,0.940363733462482,-0.413955459195391,NaN,NaN,-0.0419554357709504,0.115065731670514,NaN,NaN,0.560474861663983,NaN,0.33056106474477,-0.967049018800428
483.0208,-0.546112081073506,0.31000355577589,-0.316088334777098,0.989009381462602,-0.322854961650229,-0.322854961652087,NaN,-0.409678455142803,0.915752572917758,-0.0732299894469057,-0.46350308664584,-0.0732299894476209,0.244745521963198,-0.393403622723832,NaN,NaN,NaN,0.124617170660288,NaN,-1.52338660722467,-0.172354943693423,NaN,-0.272282151027184,NaN,NaN,-0.783296173796182,NaN,NaN,0.218352924951578,-0.931376699958604,-1.36243933277777,0.0555812414446682,NaN,NaN,-0.949778631495976,-1.15239837227136,1.69809892994945,-1.05648497765723,-1.05648497766094,0.93831254901296,-0.38872209705202,NaN,NaN,-0.017875756244162,0.0941720445019291,NaN,NaN,0.604303887547442,NaN,0.268451212131094,-1.02435670231906
483.1232,-0.592100531083351,0.34414046911606,-0.335413119058949,0.954518711447379,-0.366251034135022,-0.366251034136906,NaN,-0.438487207074221,0.89696880419853,-0.107998206177898,-0.472975273181124,-0.107998206178609,0.268066288847816,-0.401608269208706,NaN,NaN,NaN,0.0944554363677057,NaN,-1.45884878848938,-0.204229271900373,NaN,-0.249483982052711,NaN,NaN,-0.770959215717992,NaN,NaN,0.19128930158513,-0.936797257939375,-1.3697678058183,0.0400550260264696,NaN,NaN,-0.97084286330967,-1.13334081539576,1.68983092702199,-1.0871448901167,-1.08714489012037,0.936013830412409,-0.363455349009407,NaN,NaN,0.00516233089167737,0.0733089662207707,NaN,NaN,0.647278440358564,NaN,0.206052265246515,-1.07934444213939
483.2256,-0.636119383840937,0.376841654534142,-0.353886385302584,0.920599099693956,-0.408664778547653,-0.408664778549562,NaN,-0.467014397896301,0.878056430194444,-0.142786568694694,-0.482908598630603,-0.142786568695402,0.291645263145118,-0.410168753354808,NaN,NaN,NaN,0.0632896440529135,NaN,-1.39431756794699,-0.237585797023924,NaN,-0.225517326515736,NaN,NaN,-0.758628990764532,NaN,NaN,0.164236775357302,-0.942425041321268,-1.37513853271323,0.0241142550144141,NaN,NaN,-0.991878624925133,-1.11356480688583,1.68149025086213,-1.11700980586354,-1.11700980586717,0.933464676964325,-0.338182235415469,NaN,NaN,0.0271485619872646,0.0525432516785408,NaN,NaN,0.689313943449759,NaN,0.143456232949404,-1.13194154254035
483.328,-0.678055033904557,0.408018764830444,-0.371464044750616,0.887310637216555,-0.449936082633033,-0.449936082634964,NaN,-0.495159946307467,0.859052428021251,-0.177530849506471,-0.493318722146025,-0.177530849507174,0.315491998362267,-0.419122622161681,NaN,NaN,NaN,0.0312019659669936,NaN,-1.32991625214306,-0.272339857184214,NaN,-0.20040074149506,NaN,NaN,-0.746329532883206,NaN,NaN,0.137223777348194,-0.948244872442378,-1.37851273359368,0.00776815807472468,NaN,NaN,-1.01285261059604,-1.09309969690955,1.6730607279371,-1.14601454937902,-1.14601454938263,0.930663537047644,-0.312931087810388,NaN,NaN,0.0480737367618007,0.0319435597570184,NaN,NaN,0.730327353740007,NaN,0.0807549874519083,-1.18208644822061
483.4304,-0.717802398626848,0.437591812587938,-0.388103743505937,0.854711338220159,-0.489906552261628,-0.489906552263584,NaN,-0.522824526536787,0.839993977705744,-0.212164678308854,-0.504219687508268,-0.212164678309551,0.339620905101272,-0.428512010604831,NaN,NaN,NaN,-0.00172223017112473,NaN,-1.26576831104376,-0.30840218499419,NaN,-0.174156407897264,NaN,NaN,-0.734085774975263,NaN,NaN,0.110275853142104,-0.954242289764517,-1.37985346821572,-0.00897414757548348,NaN,NaN,-1.03373032303932,-1.07197526326014,1.66452545953611,-1.17409441054989,-1.17409441055346,0.927610113841691,-0.287731428880514,NaN,NaN,0.0679297466860201,0.011579896055802,NaN,NaN,0.770237361545381,NaN,0.0180401796846598,-1.22972669614383
483.5328,-0.755265353645835,0.465489313907954,-0.403765208556657,0.822856884516488,-0.528420802809907,-0.528420802811884,NaN,-0.549910342398237,0.82091811860664,-0.246619854129195,-0.515623665678908,-0.246619854129887,0.36405091387114,-0.438383125760077,NaN,NaN,NaN,-0.0353948339073505,NaN,-1.20199671096974,-0.345679360257321,NaN,-0.14681011659194,NaN,NaN,-0.721923337093112,NaN,NaN,0.083415429100104,-0.960403653940482,-1.37912597371899,-0.0261036555224893,NaN,NaN,-1.05447623479677,-1.05022180410176,1.6558670010619,-1.20118553460409,-1.20118553460762,0.924305239356792,-0.262613827852276,NaN,NaN,0.0867096170046274,-0.00847700241519246,NaN,NaN,0.808964585592493,NaN,-0.0445967897821586,-1.27481876494852
483.6352,-0.790357089420464,0.491648361628806,-0.418410571437649,0.791800376047578,-0.56532777046836,-0.565327770470358,NaN,-0.576321865657411,0.801861393402182,-0.280826702433512,-0.527540723629929,-0.280826702434199,0.388805047099707,-0.448785655233953,NaN,NaN,NaN,-0.069725482420641,NaN,-1.13872323955214,-0.384074247443153,NaN,-0.118391214497203,NaN,NaN,-0.709868292458182,NaN,NaN,0.0566616480131498,-0.966716211054848,-1.37629805261971,-0.0436114510434896,NaN,NaN,-1.07505396549677,-1.02787028845042,1.64706751477403,-1.2272253138842,-1.2272253138877,0.920750711549865,-0.23760972280314,NaN,NaN,0.104407565167326,-0.0281563551006445,NaN,NaN,0.846431773111428,NaN,-0.107064740502876,-1.31732781038293
483.7376,-0.823000366549767,0.516014607301235,-0.432004663990354,0.761592088206333,-0.600482033285166,-0.600482033287182,NaN,-0.601966558813577,0.782859466458067,-0.314714476228807,-0.53997862516602,-0.314714476229487,0.41390990657789,-0.459772109304291,NaN,NaN,NaN,-0.104622093261832,NaN,-1.07606782135993,-0.423486412435922,NaN,-0.0889325161013199,NaN,NaN,-0.697946921772867,NaN,NaN,0.0300302762720716,-0.973168115495298,-1.37134050162892,-0.0614886822285879,NaN,NaN,-1.09542648193793,-1.00495255558828,1.63810889203978,-1.25215277330947,-1.25215277331293,0.916949100253692,-0.212751213561189,NaN,NaN,0.121019070222935,-0.0473880942070367,NaN,NaN,0.882564028949761,NaN,-0.16927261819661,-1.35722728502642
483.84,-0.853127666466667,0.538542156074825,-0.444515278718037,0.732279243590609,-0.633745118120454,-0.63374511812249,NaN,-0.626755588766124,0.763946723309644,-0.348211791082435,-0.552942661922439,-0.348211791083108,0.439395084368431,-0.471397108843915,NaN,NaN,NaN,-0.139991426738186,NaN,-1.01414783447104,-0.463812519432645,NaN,-0.0584701875412513,NaN,NaN,-0.686185466558785,NaN,NaN,0.00353367782847019,-0.979748420528215,-1.36422756284188,-0.0797265250365029,NaN,NaN,-1.11555631807116,-0.981501537547768,1.62897284856085,-1.27590894291,-1.27590894291342,0.912903536831723,-0.188070838673236,NaN,NaN,0.136540944798483,-0.0661036552510559,NaN,NaN,0.917289082599591,NaN,-0.231129342149803,-1.39449846375277
483.9424,-0.880681258455544,0.559193403039786,-0.455913390739702,0.703905804982366,-0.664986739564331,-0.664986739566381,NaN,-0.650604512624506,0.745155881566984,-0.381247074487369,-0.566435511817321,-0.381247074488034,0.465292518848388,-0.48371664087975,NaN,NaN,NaN,-0.175739646817369,NaN,-0.95307745401642,-0.504946715222677,NaN,-0.0270436133870923,NaN,NaN,-0.674609889228923,NaN,NaN,-0.0228191531583933,-0.986447045360603,-1.35493737137691,-0.098316137605718,NaN,NaN,-1.13540579654554,-0.957551465985323,1.61964100512725,-1.29843721564708,-1.29843721565046,0.90861750835704,-0.163601352638743,NaN,NaN,0.150971401006638,-0.084236746325928,NaN,NaN,0.950537576712212,NaN,-0.292543620506655,-1.42912992398577
484.0448,-0.905613216041369,0.577938845771661,-0.466173345952181,0.676512286033889,-0.694085919197766,-0.694085919199829,NaN,-0.673433901216557,0.7265176507693,-0.413749015026699,-0.580457123418639,-0.41374901502736,0.491635817311553,-0.496787297515433,NaN,NaN,NaN,-0.211772847852933,NaN,-0.892967052492615,-0.546781005616124,NaN,0.00530474604486152,NaN,NaN,-0.663245645036423,NaN,NaN,-0.049022502797734,-0.993254723713035,-1.3434523781,-0.117248593544496,NaN,NaN,-1.15493723085235,-0.933138031285533,1.61009496669014,-1.31968369079812,-1.31968369080146,0.904094677309736,-0.139375515435186,NaN,NaN,0.164310103717125,-0.101724048392131,NaN,NaN,0.982243356674224,NaN,-0.35342377678666,-1.46111703601789
484.1472,-0.927885410900946,0.59475689509807,-0.475273026209586,0.650135568099502,-0.720931969819655,-0.720931969821731,NaN,-0.695169872072828,0.708060467152202,-0.44564701513756,-0.59500462434798,-0.445647015138218,0.518459545495232,-0.510665490956146,NaN,NaN,NaN,-0.2479975346338,NaN,-0.833922675166057,-0.589205628213027,NaN,0.0385295044442956,NaN,NaN,-0.652117471201899,NaN,NaN,-0.0750737826047466,-1.00016293141318,-1.32975974248798,-0.136514785043644,NaN,NaN,-1.17411309948267,-0.908298484099241,1.60031640688243,-1.33959749681584,-1.33959749681915,0.899338741445578,-0.115425899775064,NaN,NaN,0.176558209365084,-0.11850582834407,NaN,NaN,1.01234375620737,NaN,-0.413677625448933,-1.49046149979162
484.2496,-0.947469494297062,0.609633687155797,-0.483193999677514,0.6248087188281,-0.745425344484663,-0.745425344486748,NaN,-0.715744517241937,0.689810314262839,-0.476871659545897,-0.610072251396629,-0.47687165954655,0.545798477641476,-0.525406634260143,NaN,NaN,NaN,-0.284321064974928,NaN,-0.776045591376564,-0.632109435350911,NaN,0.0725825076453069,NaN,NaN,-0.641249202098716,NaN,NaN,-0.100973300432211,-1.0071637826261,-1.31385169986379,-0.156105295686652,NaN,NaN,-1.19289619549649,-0.883071688642746,1.59028716041287,-1.35813107950645,-1.35813107950971,0.894353339408778,-0.091784720808508,NaN,NaN,0.187718390194418,-0.13452646616489,NaN,NaN,1.04077987949759,NaN,-0.473212415100496,-1.51717094358537
484.352,-0.964346855380857,0.622562887981992,-0.489921652654269,0.600560825250529,-0.767478333665234,-0.767478333667325,NaN,-0.735096224642331,0.671790627177915,-0.507355198565039,-0.625651301258368,-0.507355198565686,0.573686823189714,-0.541064306530512,NaN,NaN,NaN,-0.320652068127714,NaN,-0.719431906790173,-0.675380304892745,NaN,0.107413004077756,NaN,NaN,-0.630663616855191,NaN,NaN,-0.126723961338898,-1.01424988589432,-1.29572590320745,-0.17601025167027,NaN,NaN,-1.21124975484902,-0.857498140219171,1.57998932553131,-1.37524044615597,-1.37524044615919,0.889141998382165,-0.068483692880858,NaN,NaN,0.197794843827821,-0.149734900048978,NaN,NaN,1.06749686882905,NaN,-0.531934845981536,-1.54125858921609
484.4544,-0.978508539715184,0.633545484922299,-0.495445289834054,0.577416864414376,-0.787015587684873,-0.787015587686972,NaN,-0.753169909676021,0.654022263388734,-0.537032030538979,-0.641730105485737,-0.537032030539618,0.6021574642951,-0.557689443863177,NaN,NaN,NaN,-0.356900843685908,NaN,-0.664172215244032,-0.718905583511662,NaN,0.142967832561906,NaN,NaN,-0.620382311670411,NaN,NaN,-0.152330912967855,-1.02141416487647,-1.27538573745006,-0.196219156881553,NaN,NaN,-1.22913755795698,-0.831619949424489,1.56940538253642,-1.39088537344096,-1.39088537344414,0.883708112271642,-0.0455539071651475,NaN,NaN,0.206793292777263,-0.164084995295292,NaN,NaN,1.09244414154804,NaN,-0.589751166278806,-1.56274298411283
484.5568,-0.98995512199665,0.642589570447243,-0.499758191344538,0.555397629411685,-0.80397446033522,-0.803974460337328,NaN,-0.769917182401043,0.636523516991082,-0.565839166880689,-0.65829403839439,-0.56583916688132,0.631241229249103,-0.575329585887737,NaN,NaN,NaN,-0.392979738273094,NaN,-0.610351276624366,-0.762572553832527,NaN,0.179191629840705,NaN,NaN,-0.610425578859997,NaN,NaN,-0.177801145710377,-1.02864966006942,-1.25284060634507,-0.216720706512814,NaN,NaN,-1.24652399318579,-0.805480783772034,1.55851833558176,-1.40502959758026,-1.4050295975834,0.878054938234967,-0.0230257128209426,NaN,NaN,0.214720982935226,-0.177535845835001,NaN,NaN,1.11557559074788,NaN,-0.646567352606156,-1.58164779966918
484.6592,-0.998696534516408,0.649710125183501,-0.502857622063016,0.534519711658666,-0.818305189329882,-0.818305189331998,NaN,-0.785296463565262,0.61931016362937,-0.593716667148897,-0.675325563799312,-0.593716667149519,0.6609662070243,-0.594028182606621,NaN,NaN,NaN,-0.428803494395071,NaN,-0.55804772293109,-0.806268913157003,NaN,0.216027053707426,NaN,NaN,-0.600812281040535,NaN,NaN,-0.203143048912833,-1.03594932566488,-1.22810618828532,-0.237502571864404,NaN,NaN,-1.26337407504656,-0.779125753193159,1.54731188074446,-1.41764099945464,-1.41764099945774,0.872185606999553,-0.000928589979006725,NaN,NaN,0.221586686090132,-0.190052014736354,NaN,NaN,1.13684975592225,NaN,-0.702289381199475,-1.59800169125382
484.7616,-1.0047518496345,0.654928796112318,-0.504744794999001,0.51479552454686,-0.829970933742302,-0.829970933744426,NaN,-0.799273047125481,0.6023955417012,-0.62060803287402,-0.692804316801366,-0.620608032874632,0.691357097252916,-0.613823954774276,NaN,NaN,NaN,-0.464289565872283,NaN,-0.507333803851349,-0.849883253631743,NaN,0.253415011197332,NaN,NaN,-0.591559722514442,NaN,NaN,-0.228365921726803,-1.04330582754291,-1.20120465168444,-0.258551158245612,NaN,NaN,-1.27965341889873,-0.752601230756056,1.53577059672513,-1.42869178623486,-1.42869178623792,0.866103149324047,0.020708982210607,NaN,NaN,0.227400704605389,-0.201603714777838,NaN,NaN,1.15622997709953,NaN,-0.756823596611254,-1.61183820814132
484.864,-1.00814901482294,0.658273659765937,-0.505424796396836,0.496233349751851,-0.838947686203691,-0.838947686205825,NaN,-0.811819104578379,0.585790684069416,-0.646460556038924,-0.710707212186733,-0.646460556039525,0.722434592778056,-0.634750305300628,NaN,NaN,NaN,-0.49935839884341,NaN,-0.458275175559266,-0.893305544079734,NaN,0.291294882008881,NaN,NaN,-0.58268352715381,NaN,NaN,-0.253479439766176,-1.05071134338414,-1.17216482219075,-0.279851347439707,NaN,NaN,-1.29532818045261,-0.725954610149582,1.52388014848098,-1.43815866565811,-1.43815866566113,0.859810540292246,0.0418596543660492,NaN,NaN,0.232174875811325,-0.212166929581509,NaN,NaN,1.1736845450861,NaN,-0.810077177728252,-1.62319574104147
484.9664,-1.00892454620368,0.659778964302125,-0.504906484600618,0.478837393300472,-0.845224077699164,-0.845224077701305,NaN,-0.822913633460823,0.569504507729675,-0.671225629905661,-0.729008574734067,-0.67122562990625,0.754214802286319,-0.656834787361214,NaN,NaN,NaN,-0.533933684447472,NaN,-0.410930722329194,-0.936427624158376,NaN,0.329604734444805,NaN,NaN,-0.574197530039279,NaN,NaN,-0.278493086751669,-1.05815736352903,-1.14102229931076,-0.301386239059664,NaN,NaN,-1.31036497136157,-0.699234010130832,1.51162749295298,-1.44602300824168,-1.44602300824466,0.853310757890365,0.0624973300045681,NaN,NaN,0.235922576873104,-0.221723481041947,NaN,NaN,1.18918684196114,NaN,-0.861958679810077,-1.63211749793107
485.0688,-1.00712318912458,0.659484852280844,-0.503202370373728,0.462607848025792,-0.848801089152482,-0.84880108915463,NaN,-0.832542355423405,0.553544055979914,-0.694859029733062,-0.747680289285146,-0.694859029733638,0.786708726267077,-0.680098637559415,NaN,NaN,NaN,-0.567942589864075,NaN,-0.365352400777547,-0.979143715724986,NaN,0.368281535720754,NaN,NaN,-0.566113685188771,NaN,NaN,-0.303415573792191,-1.06563449217585,-1.10781952220751,-0.323136902815657,NaN,NaN,-1.32473076234435,-0.672487937240116,1.49900108273303,-1.4522709901259,-1.45227099012885,0.846606848515114,0.0825972808063976,NaN,NaN,0.238658730361906,-0.230261047110539,NaN,NaN,1.20271544562354,NaN,-0.912378610001344,-1.6386514978853
485.1712,-1.00279755236347,0.657437073513333,-0.500328477375145,0.447540967547509,-0.849691676786947,-0.849691676789099,NaN,-0.840697565613373,0.5379147799465,-0.717321158495664,-0.76669196421355,-0.717321158496226,0.819921795473566,-0.704556377008922,NaN,NaN,NaN,-0.601315965663977,NaN,-0.321585108252599,-1.02135093850332,NaN,0.407261358946939,NaN,NaN,-0.558441992468478,NaN,NaN,-0.328254279547138,-1.07313225465984,-1.07260578301338,-0.345082151105197,NaN,NaN,-1.33839278411992,-0.64576491484389,1.48599107088367,-1.45689370473706,-1.45689370473996,0.839701992984536,0.102136243770707,NaN,NaN,0.240399806433771,-0.237773119998854,NaN,NaN,1.21425417736046,NaN,-0.961249996173712,-1.64285057058663
485.2736,-0.996007725095212,0.653686696834566,-0.496304184751356,0.433629157662148,-0.84792032240282,-0.847920322404971,NaN,-0.847377934621964,0.522620840272931,-0.738577249395719,-0.786011096361856,-0.738577249396268,0.853853471980751,-0.730215472240239,NaN,NaN,NaN,-0.633988521360679,NaN,-0.279666578920963,-1.06294980406583,NaN,0.446479590117254,NaN,NaN,-0.551190448797836,NaN,NaN,-0.353014744047059,-1.08063892241337,-1.03543718676609,-0.367198338741185,NaN,NaN,-1.35131843721207,-0.619113088765289,1.47258951801066,-1.45988723280323,-1.45988723280609,0.832599569473074,0.12109248997683,NaN,NaN,0.241163816209514,-0.244258891133658,NaN,NaN,1.2237920968004,NaN,-1.00848892900602,-1.64477234766876
485.376,-0.986820889993276,0.648289819166757,-0.491152067958183,0.420861086408855,-0.843522536907371,-0.843522536909515,NaN,-0.852588272139797,0.507665401708636,-0.758597529768748,-0.805603224888822,-0.758597529769279,0.888496907392365,-0.75707603986907,NaN,NaN,NaN,-0.665898966138236,NaN,-0.239627304723644,-1.10384466149094,NaN,0.485871137785312,NaN,NaN,-0.544365019492733,NaN,NaN,-0.377700236463106,-1.08814136731689,-0.996376565573809,-0.389459191417357,NaN,NaN,-1.3634752216405,-0.592579827942593,1.45879059463722,-1.46125267077442,-1.46125267077724,0.825303209111393,0.13944586779589,NaN,NaN,0.240970295962318,-0.249723067756951,NaN,NaN,1.23132346709822,NaN,-1.05401506971186,-1.64447923043674
485.4784,-0.975310944540588,0.641307264541272,-0.484897757684792,0.409221811656539,-0.836544354574478,-0.836544354576611,NaN,-0.85633926685777,0.49305089715774,-0.777357358832494,-0.825432066691999,-0.77735735883301,0.923838655131676,-0.785130583256952,NaN,NaN,NaN,-0.696990117720899,NaN,-0.201490481862119,-1.14394407345172,NaN,0.525370645266648,NaN,NaN,-0.537969612058864,NaN,NaN,-0.402311400608838,-1.09562495426511,-0.955493361767364,-0.411835661426216,NaN,NaN,-1.37483069147803,-0.566211340719621,1.44459077037862,-1.4609961296891,-1.46099612969189,0.817816837939778,0.15717783370295,NaN,NaN,0.239840287865366,-0.254175642114382,NaN,NaN,1.23684771066334,NaN,-1.09775211704303,-1.64203832037844
485.5808,-0.961558138434312,0.632804273750787,-0.477569824897575,0.398692920840555,-0.827041840214981,-0.827041840217105,NaN,-0.858647209204824,0.478779259931921,-0.794837341299247,-0.845459633366483,-0.794837341299746,0.959858437760772,-0.814363762458399,NaN,NaN,NaN,-0.727208979302501,NaN,-0.165271991904968,-1.18316110471258,NaN,0.564912705849625,NaN,NaN,-0.53200603591951,NaN,NaN,-0.42684597387931,-1.10307347762178,-0.912863489498439,-0.434295811459623,NaN,NaN,-1.38535243071939,-0.540052316693623,1.42998898603561,-1.45912872226616,-1.45912872226891,0.810144700555469,0.174271483465317,NaN,NaN,0.237796325573959,-0.257631629869771,NaN,NaN,1.24036936028528,NaN,-1.13962823394802,-1.63752130803446
485.6832,-0.945648730788347,0.622850193878992,-0.469199687659612,0.389252672017925,-0.815080606911708,-0.815080606913823,NaN,-0.859533697620408,0.464852136227941,-0.811023406539315,-0.865646333543511,-0.811023406539798,0.996528968599358,-0.844752206104858,NaN,NaN,NaN,-0.756506781930532,NaN,-0.130980423790838,-1.22141351282156,NaN,0.604432080501007,NaN,NaN,-0.526473946712686,NaN,NaN,-0.451298576467538,-1.11046914241622,-0.86856917393102,-0.45680472878818,NaN,NaN,-1.39500804405538,-0.514145590994856,1.41498680836685,-1.4556665518675,-1.45566655187021,0.802291364961492,0.190711591095143,NaN,NaN,0.234862431572175,-0.260110783332897,NaN,NaN,1.24189799777263,NaN,-1.1795764441467,-1.63100433090883
485.7856,-0.927674665545065,0.611518172228601,-0.459821533882117,0.380876131031133,-0.800735334467718,-0.800735334469823,NaN,-0.859025342113906,0.451271072007515,-0.82590684762542,-0.885951065298037,-0.825906847625887,1.03381582358897,-0.87626437023025,NaN,NaN,NaN,-0.784838999274215,NaN,-0.0986171367304869,-1.25862384995968,NaN,0.643863908758584,NaN,NaN,-0.521370788718055,NaN,NaN,-0.475660566662021,-1.11779258601621,-0.822698762069224,-0.479324472354318,NaN,NaN,-1.4037651616309,-0.488531826134595,1.39958856950799,-1.45063070191322,-1.45063070191589,0.794261711836434,0.206484654661165,NaN,NaN,0.231064127065893,-0.26163728268619,NaN,NaN,1.24144817010762,NaN,-1.21753499968686,-1.62256781521791
485.888,-0.907733261654222,0.598884847010872,-0.449472263176225,0.37353531320849,-0.784089282334683,-0.784089282336783,NaN,-0.857153489507621,0.43803764656008,-0.839484330725486,-0.906331307041175,-0.839484330725937,1.07167736377092,-0.908860445187024,NaN,NaN,NaN,-0.812165355035237,NaN,-0.0681763663998292,-1.29471950322964,NaN,0.683143900444824,NaN,NaN,-0.516691754302998,NaN,NaN,-0.499919952416367,-1.12502293320707,-0.775346499785677,-0.501814058237668,NaN,NaN,-1.41159146577359,-0.463249214526124,1.38380149047981,-1.44404720873207,-1.4440472087347,0.786060911512745,0.22157894227985,NaN,NaN,0.226428447817497,-0.262239413931019,NaN,NaN,1.23903928285875,NaN,-1.25344769897978,-1.61229629499665
485.9904,-0.885926915344259,0.585030020590273,-0.43819145777894,0.3671993435335,-0.765233785298724,-0.765233785300809,NaN,-0.853953981371534,0.425153532033458,-0.851757893781305,-0.926743221892682,-0.851757893781739,1.11006472018272,-0.94249231606984,NaN,NaN,NaN,-0.838449844145755,NaN,-0.0396453794178451,-1.32963270446857,NaN,0.722208506665735,NaN,NaN,-0.51242977288856,NaN,NaN,-0.524061348228474,-1.13213787527982,-0.726612273216667,-0.524229489994856,NaN,NaN,-1.4184547518257,-0.438333210896674,1.36763578016495,-1.43594699916844,-1.43594699917103,0.777694387723522,0.235984534600446,NaN,NaN,0.22098395737879,-0.261949246135993,NaN,NaN,1.23469548446443,NaN,-1.28726413162511,-1.60027817995432
486.0928,-0.86236280735931,0.570036303983125,-0.426021385017163,0.361834642038486,-0.744267713773971,-0.744267713776043,NaN,-0.849466934405297,0.412620482752829,-0.862734947933845,-0.947141791634462,-0.862734947934261,1.14892185731918,-0.977103587628692,NaN,NaN,NaN,-0.863660774787921,NaN,-0.0130046766914328,-1.36330052970582,NaN,0.760995076771738,NaN,NaN,-0.508575533111153,NaN,NaN,-0.548065972831849,-1.13911376144474,-0.676601314079686,-0.54652383663593,NaN,NaN,-1.42432303074819,-0.4138163019051,1.35110469867919,-1.42636578466551,-1.42636578466806,0.76916776605783,0.249693363741419,NaN,NaN,0.214760750697881,-0.260802315127511,NaN,NaN,1.22844555715196,NaN,-1.31893984487729,-1.58660545205187
486.1952,-0.837152606702076,0.553988734644981,-0.413007020204575,0.357405130429008,-0.721296887439931,-0.721296887441986,NaN,-0.843736523521522,0.400440275609732,-0.872428284482881,-0.967480988187375,-0.87242828448328,1.18818571932889,-1.01262968177462,NaN,NaN,NaN,-0.887770819523833,NaN,0.0117717579367564,-1.39566489219342,NaN,0.7994420041231,NaN,NaN,-0.505117539469894,NaN,NaN,-0.571911691620107,-1.14592569501697,-0.625423865558355,-0.568647357169743,NaN,NaN,-1.42916467173003,-0.389727812499253,1.33422458285468,-1.41534391449072,-1.41534391449323,0.760486810868626,0.262699246257436,NaN,NaN,0.207790442530263,-0.258837308591422,NaN,NaN,1.22032281668675,NaN,-1.34843644455475,-1.57137329870977
486.2976,-0.810412171562424,0.536974388917847,-0.399196071308311,0.353872452617509,-0.696433443868334,-0.696433443870369,NaN,-0.836810748604118,0.388614629723295,-0.88085607957304,-0.987713981863997,-0.880856079573423,1.22778644818,-1.04899800847745,NaN,NaN,NaN,-0.910757052073961,NaN,0.0347161668225754,-1.42667252294236,NaN,0.83748885988999,NaN,NaN,-0.502042201480155,NaN,NaN,-0.595573111445463,-1.15254763828147,-0.573194804317191,-0.590547669104965,NaN,NaN,-1.43294857314445,-0.366093741136492,1.3170148409481,-1.40292619708708,-1.40292619708955,0.751657359695424,0.27499790592535,NaN,NaN,0.200106138696642,-0.25609573967135,NaN,NaN,1.21036500626121,NaN,-1.37572164875476,-1.55467971033934
486.4,-0.782261251201418,0.519082017715899,-0.384638983558296,0.351196205306248,-0.669795176122495,-0.669795176124512,NaN,-0.828741167671336,0.37714513361731,-0.888041880634253,-1.00779338459593,-0.888041880634618,1.26764766356061,-1.08612821080732,NaN,NaN,NaN,-0.93260094839266,NaN,0.0558666874584263,-1.45627492893985,NaN,0.875076517195878,NaN,NaN,-0.499333942394603,NaN,NaN,-0.619021731442406,-1.15895253626141,-0.520033219266314,-0.612169956580221,NaN,NaN,-1.43564434405916,-0.342936615475221,1.29949792084532,-1.38916169987717,-1.38916169987959,0.742685262891833,0.286586984521947,NaN,NaN,0.19174239235755,-0.252621601861199,NaN,NaN,1.19861416379275,NaN,-1.40076931153521,-1.53662507096401
486.5024,-0.752823183855017,0.50040172109654,-0.369388904389302,0.34933417643594,-0.641504861526136,-0.641504861528138,NaN,-0.81958258147935,0.366033199984282,-0.894014559473358,-1.02767152765037,-0.894014559473706,1.30768680556441,-1.12393249145755,NaN,NaN,NaN,-0.953288343881587,NaN,0.0752669844364689,-1.48442831919407,NaN,0.912147270542204,NaN,NaN,-0.496975306240981,NaN,NaN,-0.642226145805168,-1.16511246155465,-0.466061954821494,-0.633457211547687,NaN,NaN,-1.43722248314019,-0.320275368795686,1.2816992455316,-1.37410353659096,-1.37410353659334,0.73357632988394,0.297466041189125,NaN,NaN,0.182735147043328,-0.248461013170149,NaN,NaN,1.18511645174696,NaN,-1.42355943094686,-1.51731175445556
486.6048,-0.722224580776966,0.481024659510435,-0.353501599907229,0.348242588715542,-0.61168959268995,-0.611689592691934,NaN,-0.809392663570714,0.355280053983353,-0.89880822423308,-1.04730077203986,-0.898808224233411,1.34781554944675,-1.16231603275993,NaN,NaN,NaN,-0.972809351243028,NaN,0.0929658498008679,-1.51109349930802,NaN,0.948644957022882,NaN,NaN,-0.49494704957577,NaN,NaN,-0.665152290000119,-1.17099876727002,-0.411407127645444,-0.654350503319562,NaN,NaN,-1.43765455604612,-0.298125249011013,1.26364710747773,-1.35780865077974,-1.35780865078208,0.724336277828045,0.307636541105326,NaN,NaN,0.173121664401647,-0.2436618660535,NaN,NaN,1.169921952197,NaN,-1.44407814907144,-1.49684372057933
486.7072,-0.690594986622041,0.461042787841437,-0.337035324769572,0.347876346435146,-0.580480093638972,-0.580480093640941,NaN,-0.798231541790231,0.344886747058442,-0.90246208412672,-1.06663385049241,-0.902462084127038,1.38794030387922,-1.20117752355831,NaN,NaN,NaN,-0.991158246707585,NaN,0.109016776521001,-1.53623575002434,NaN,0.984515089747171,NaN,NaN,-0.493228224170913,NaN,NaN,-0.687763722438192,-1.17658223022063,-0.356197619143187,-0.674789278829742,NaN,NaN,-1.43691338370772,-0.276497774544855,1.24537252061589,-1.34033760364168,-1.34033760364398,0.714970678455953,0.317101833208655,NaN,NaN,0.16294043215306,-0.238273494228498,NaN,NaN,1.1530844328546,NaN,-1.46231774275133,-1.47532610090455
486.8096,-0.658066503751222,0.440548592914268,-0.320050649437163,0.34818928579829,-0.548009991774042,-0.548009991775995,NaN,-0.786161346090853,0.334854178511818,-0.905020257034061,-1.0856242408829,-0.905020257034365,1.42796279973746,-1.24040980557922,NaN,NaN,NaN,-1.00833332756031,NaN,0.123477504770721,-1.55982470570548,NaN,1.01970501272523,NaN,NaN,-0.491796268220322,NaN,NaN,-0.710021936890817,-1.18183317932194,-0.300564538626852,-0.69471170069269,NaN,NaN,-1.43497325420121,-0.255400740570576,1.22690903354537,-1.32175437102483,-1.32175437102708,0.705484903446306,0.325867116373309,NaN,NaN,0.152231047645783,-0.232346358867061,NaN,NaN,1.1346610880566,NaN,-1.47827660050982,-1.45286476927985
486.912,-0.624773367299202,0.419634819796779,-0.302610243721514,0.349134430780298,-0.514415033408894,-0.514415033410834,NaN,-0.773245742364774,0.325183107538841,-0.906531510132146,-1.10422656640915,-0.906531510132435,1.46778077191265,-1.27990065039142,NaN,NaN,NaN,-1.02433673917784,NaN,0.136409535548083,-1.58183423861978,NaN,1.05416407839763,NaN,NaN,-0.490627114154298,NaN,NaN,-0.731886704929576,-1.18672161869453,-0.244640649538924,-0.714055029557235,NaN,NaN,-1.43181016189258,-0.234838265765147,1.20829250823991,-1.30212614982381,-1.30212614982602,0.695884069096056,0.333939395371391,NaN,NaN,0.14103407626067,-0.225931753766952,NaN,NaN,1.11471225945394,NaN,-1.49195918548775,-1.42956589502483
487.0144,-0.59085146273834,0.398394185358651,-0.284778608979345,0.350664256907467,-0.479832253691161,-0.479832253693089,NaN,-0.759549472451927,0.315874150472449,-0.907048927638782,-1.1223970124762,-0.907048927639055,1.50728874069291,-1.31953367551792,NaN,NaN,NaN,-1.03917427177268,NaN,0.14787760564487,-1.60224235217543,NaN,1.08784384606339,NaN,NaN,-0.489695306458165,NaN,NaN,-0.753316450046218,-1.19121735606386,-0.188559750902106,-0.732756056274521,NaN,NaN,-1.42740206446014,-0.214810863763602,1.18956087007748,-1.2815231703388,-1.28152317034097,0.686172976140316,0.341327430764007,NaN,NaN,0.129390892873104,-0.219081526817184,NaN,NaN,1.09330113826156,NaN,-1.50337598427895,-1.40553548062673
487.1168,-0.556437785926507,0.376919086729646,-0.266621751999827,0.352730960917053,-0.44439912912814,-0.444399129130057,NaN,-0.745137923336142,0.306927769600016,-0.906629504261057,-1.14009374839767,-0.906629504261317,1.54637889966077,-1.35918939758706,NaN,NaN,NaN,-1.05285513391659,NaN,0.157949121748144,-1.62103109248104,NaN,1.12069830081858,NaN,NaN,-0.488974123526607,NaN,NaN,-0.774268655349373,-1.19529014184997,-0.132456008613472,-0.750751584371878,NaN,NaN,-1.42172913724293,-0.195315523579252,1.17075384215439,-1.26001850756165,-1.26001850756377,0.676356043063274,0.34804168549626,NaN,NaN,0.117343520391448,-0.21184781042322,NaN,NaN,1.0704934456811,NaN,-1.51254342496812,-1.38087888830799
487.2192,-0.521669856900829,0.355301312048944,-0.248206806196166,0.355286725685407,-0.408252753056088,-0.408252753057997,NaN,-0.73007675303969,0.298344261546677,-0.905333671689755,-1.15727733826349,-0.905333671690001,1.58494209763168,-1.39874639638318,NaN,NaN,NaN,-1.06539171448682,NaN,0.166693557348019,-1.63818649071346,NaN,1.15268408618805,NaN,NaN,-0.488435707585669,NaN,NaN,-0.794700304276967,-1.19890982192536,-0.0764632413923094,-0.767978948619863,NaN,NaN,-1.41477400104943,-0.176345787443871,1.15191268382318,-1.23768788099009,-1.23768788099217,0.666437243903649,0.354094265924994,NaN,NaN,0.104934474257848,-0.204282753717013,NaN,NaN,1.04635709048921,NaN,-1.51948373028249,-1.35570035906703
487.3216,-0.486685106938679,0.333631755892044,-0.229601619296291,0.358283966703225,-0.37152906815837,-0.371529068160271,NaN,-0.7144315878442,0.290123748881235,-0.903224777479014,-1.17391111881818,-0.903224777479248,1.62286887051875,-1.4380825303911,NaN,NaN,NaN,-1.07679934177104,NaN,0.17418182525969,-1.65369853865235,NaN,1.18376073408645,NaN,NaN,-0.488051208761374,NaN,NaN,-0.814568342826068,-1.20204650396074,-0.0207141816143368,-0.784376542437659,NaN,NaN,-1.40652190932285,-0.157891825001186,1.13307994631265,-1.214609434234,-1.21460943423604,0.656420068354028,0.359498853065931,NaN,NaN,0.0922066121009748,-0.196438253930389,NaN,NaN,1.02096181371469,NaN,-1.52422468626374,-1.33010252835126
487.424,-0.45162025367484,0.312000134606775,-0.210874328046103,0.361675552562415,-0.334362164988115,-0.334362164990009,NaN,-0.698267779029284,0.282266176311233,-0.900368540109027,-1.18996151957206,-0.900368540109249,1.66005045677855,-1.47707611656648,NaN,NaN,NaN,-1.08709603744897,NaN,0.180485653631662,-1.66756117604067,NaN,1.21389087629847,NaN,NaN,-0.487790942017259,NaN,NaN,-0.83383013436246,-1.20467072884495,0.0346602576371805,-0.799884326543904,NaN,NaN,-1.39696089861428,-0.139940514953756,1.11429924257073,-1.19086349264907,-1.19086349265106,0.646307515170568,0.36427062335351,NaN,NaN,0.0792029845956529,-0.188365685858772,NaN,NaN,0.99437884097248,NaN,-1.52679934657452,-1.30418594459011
487.5264,-0.416610668717409,0.290494692339898,-0.192092933158092,0.365414997669316,-0.296883636831516,-0.296883636833402,NaN,-0.681650194661089,0.274771315163275,-0.896832496957017,-1.20539830784249,-0.896832496957228,1.69637973354902,-1.51560698813461,NaN,NaN,NaN,-1.09630225367442,NaN,0.185677006484579,-1.67977225116002,NaN,1.24304042943585,NaN,NaN,-0.487624549521194,NaN,NaN,-0.85244387203988,-1.20675362988229,0.0895316775660187,-0.814444299144578,NaN,NaN,-1.38608191707189,-0.122475549964317,1.09561502351781,-1.16653230187974,-1.16653230188169,0.636102117514389,0.368426163598036,NaN,NaN,0.0659666888825566,-0.180115630023296,NaN,NaN,0.966680565072228,NaN,-1.52724571499103,-1.27804859577877
487.6288,-0.381789745070954,0.269201895984372,-0.173324884110149,0.369456625633249,-0.259221982472567,-0.259221982474445,NaN,-0.664643027221322,0.267638780957946,-0.892685453111755,-1.2201947578153,-0.892685453111954,1.7317520380465,-1.55355738232843,NaN,NaN,NaN,-1.10444058894488,NaN,0.189827586950244,-1.690333431393,NaN,1.27117874802368,NaN,NaN,-0.487521162207525,NaN,NaN,-0.87036892870873,-1.2082670660539,0.143774828779401,-0.828000919332465,NaN,NaN,-1.37387894273768,-0.105477577798027,1.07707235712979,-1.14169974783425,-1.14169974783615,0.625805987220694,0.371983388123618,NaN,NaN,0.0525407322716891,-0.171737608164376,NaN,NaN,0.937940273966395,NaN,-1.52560643851753,-1.25178544800377
487.7312,-0.347288284313725,0.248206130554462,-0.154636685172391,0.373755703578616,-0.221502057367652,-0.221502057369517,NaN,-0.647309608063399,0.260868061800691,-0.887996936758143,-1.23432775460308,-0.887996936758332,1.76606587150962,-1.59081265901768,NaN,NaN,NaN,-1.11153549855354,NaN,0.193008444633726,-1.69925007668277,NaN,1.29827874001356,NaN,NaN,-0.487449557697179,NaN,NaN,-0.887566145305415,-1.20918373147054,0.197268177806794,-0.840501486671436,NaN,NaN,-1.36034909536884,-0.0889243868903983,1.05871670700247,-1.11645105271842,-1.11645105272028,0.615420858166251,0.374961465809614,NaN,NaN,0.0389679141275812,-0.163279844053105,NaN,NaN,0.908231922780243,NaN,-1.52192852024562,-1.22548800490199
487.8336,-0.313233924946213,0.227589407641111,-0.136093534609014,0.37826855447415,-0.183844581894009,-0.183844581895861,NaN,-0.629712228159178,0.254458544780543,-0.882836670826951,-1.24777784084966,-0.882836670827129,1.79922350083787,-1.62726187642451,NaN,NaN,NaN,-1.1176130242915,NaN,0.195289688267085,-1.70653110580521,NaN,1.32431694540599,NaN,NaN,-0.487378311130946,NaN,NaN,-0.903998068985754,-1.20947725410206,0.249894405295516,-0.851896482684962,NaN,NaN,-1.34549273879472,-0.0727911383088823,1.04059370445422,-1.09087243891389,-1.09087243891571,0.604948112837692,0.377380761112321,NaN,NaN,0.0252907277239635,-0.154789067790982,NaN,NaN,0.877629929292326,NaN,-1.51626304407154,-1.19924390688518
487.936,-0.279750620903407,0.207431089647228,-0.117759004443751,0.382952659857819,-0.146365720252044,-0.146365720253884,NaN,-0.611911966756225,0.248409525577292,-0.877274075223473,-1.26052920495539,-0.877274075223645,1.83113147294556,-1.66279824995398,NaN,NaN,NaN,-1.12270055702631,NaN,0.196740283850476,-1.71218887578833,NaN,1.34927358559475,NaN,NaN,-0.487275935506229,NaN,NaN,-0.91962915333435,-1.209122296301,0.30154084083191,-0.86213987509953,NaN,NaN,-1.32931356548607,-0.0570506376979747,1.02274890945538,-1.0650507569873,-1.06505075698908,0.594388789771871,0.379262786807821,NaN,NaN,0.0115512765498982,-0.146310369496827,NaN,NaN,0.846208970477098,NaN,-1.50866490381617,-1.17313659076649
488.0384,-0.246958166511594,0.187807629466692,-0.0996947570244881,0.387766764524322,-0.109176736358659,-0.109176736360485,NaN,-0.593968528868576,0.242720193988408,-0.871377810877778,-1.27256961379366,-0.871377810877941,1.86170105780049,-1.69731952335248,NaN,NaN,NaN,-1.12682662857749,NaN,0.197427905100151,-1.7162390783994,NaN,1.37313258861373,NaN,NaN,-0.48711101302139,NaN,NaN,-0.934425934313021,-1.20809466652324,0.352099843856426,-0.87118938476486,NaN,NaN,-1.31181865380016,-0.0416736342788301,1.00522756022697,-1.03907308383646,-1.03907308383821,0.583743583000269,0.380630160439693,NaN,NaN,-0.00220880458315657,-0.13788709115163,NaN,NaN,0.81404378093252,NaN,-1.49919254512251,-1.14724501745215
488.1408,-0.214971756556723,0.168792331541606,-0.0819602805963599,0.392670991784643,-0.0723837179605195,-0.0723837179623311,NaN,-0.575940094489025,0.237389596209672,-0.865215364862823,-1.28389030674633,-0.865215364862979,1.89084864811035,-1.730728295117,NaN,NaN,NaN,-1.13002071940128,NaN,0.197418807244092,-1.71870064115131,NaN,1.39588159035171,NaN,NaN,-0.486852321233284,NaN,NaN,-0.948357194779056,-1.20637144901813,0.401469143656554,-0.879006720283259,NaN,NaN,-1.29301849464383,-0.0266291335858286,0.988074316086228,-1.01302630485472,-1.01302630485642,0.573012850921188,0.381506555140252,NaN,NaN,-0.0159484339535077,-0.129560734252681,NaN,NaN,0.78120897482768,NaN,-1.48790773729751,-1.12164346042259
488.2432,-0.18390156637975,0.150455139978359,-0.0646126222180083,0.397626975872925,-0.036087355043971,-0.0360873550457699,NaN,-0.557883180380542,0.232416579837191,-0.858852665305419,-1.29448587389137,-0.85885266530557,1.91849614685943,-1.76293234113282,NaN,NaN,NaN,-1.13231307071331,NaN,0.196777712115013,-1.71959561341234,NaN,1.41751191328706,NaN,NaN,-0.486468953118838,NaN,NaN,-0.961394121910398,-1.20393115308712,0.449552151051458,-0.88555778974375,NaN,NaN,-1.27292699382599,-0.0118847155647343,0.971333001413361,-0.986996695944834,-0.986996695946494,0.562196649786424,0.381916638486236,NaN,NaN,-0.0296271816736977,-0.121370862775133,NaN,NaN,0.747778908197769,NaN,-1.47487537390959,-1.09640134009626
488.3456,-0.15385234165664,0.132862450071756,-0.0477061100188063,0.402598013524997,-0.000382763047542791,-0.000382763049327711,NaN,-0.539852508889499,0.22779973005888,-0.85235371652087,-1.304354133022,-0.852353716521016,1.94457135547452,-1.79384495036423,NaN,NaN,NaN,-1.13373450114352,NaN,0.195567706369015,-1.71894903424022,NaN,1.43801852763351,NaN,NaN,-0.485930427555147,NaN,NaN,-0.973510453553318,-1.20075387803034,0.496258249940205,-0.890812899608119,NaN,NaN,-1.25156145980984,0.00259314363850528,0.955046358740983,-0.961069517483159,-0.961069517484779,0.551294796224858,0.381885997756142,NaN,NaN,-0.0432053868272344,-0.113354995862126,NaN,NaN,0.713827575070415,NaN,-1.46016327585914,-1.07158308666552
488.448,-0.124923003924439,0.116076937890356,-0.0312920762854224,0.407549228302889,0.0346406570478838,0.0346406570461117,NaN,-0.521900877743091,0.223537303101857,-0.845780257955063,-1.31349601090139,-0.845780257955205,1.96900835178071,-1.82338526898269,NaN,NaN,NaN,-1.13431623937647,NaN,0.193850153771189,-1.71678879807606,NaN,1.45739999449771,NaN,NaN,-0.485206792311156,NaN,NaN,-0.984682611182408,-1.19682148905385,0.541503068111753,-0.894746945867732,NaN,NaN,-1.22894257991969,0.0168387431906904,0.939255814383485,-0.935328623966551,-0.935328623968128,0.540306948335813,0.381441054268034,NaN,NaN,-0.0566442895722794,-0.10554850250427,NaN,NaN,0.679428509698227,NaN,-1.44384197790045,-1.04724802480198
488.5504,-0.097206294942991,0.100157413764961,-0.0154186013391971,0.41244773553382,0.0688993299892028,0.0688993299874437,NaN,-0.504079031354308,0.219627155637454,-0.839191462061627,-1.32191543113281,-0.839191462061763,1.99174783564134,-1.85147864070198,NaN,NaN,NaN,-1.13408978822021,NaN,0.191684612329873,-1.71314553337732,NaN,1.47565838108284,NaN,NaN,-0.484268726566732,NaN,NaN,-0.994889824158791,-1.19211780423377,0.585208716896591,-0.897339592070363,NaN,NaN,-1.20509437906873,0.0308868202807104,0.924001253309976,-0.909856084947772,-0.909856084949309,0.529232686581172,0.380608971329988,NaN,NaN,-0.0699061704697529,-0.0979845170104131,NaN,NaN,0.644654665039416,NaN,-1.42598450930988,-1.02345029734997
488.6528,-0.0707884847235403,0.0851587126048001,-0.00013029364007538,0.417262795991994,0.102315592499702,0.102315592497954,NaN,-0.486435538383074,0.216066663709939,-0.83264368571758,-1.32961920575477,-0.832643685717712,2.01273741664814,-1.87805691986077,NaN,NaN,NaN,-1.13308683158195,NaN,0.189128740150843,-1.70805249834775,NaN,1.49279913968845,NaN,NaN,-0.4830876466598,NaN,NaN,-1.00411424784092,-1.18662879538698,0.627303985277342,-0.898575419052437,NaN,NaN,-1.18004415431883,0.0447722077652561,0.909320796664159,-0.884731810492314,-0.884731810493809,0.518071579960143,0.379417558950451,NaN,NaN,-0.0829544904059309,-0.090693886260767,NaN,NaN,0.609578253323047,NaN,-1.40666619465733,-1.00023885520181
488.7552,-0.0457491528296431,0.0711316239032906,0.0145318859707595,0.421965945300014,0.134817751098699,0.134817751096958,NaN,-0.469016675729753,0.212852630170667,-0.826190279175979,-1.33661691799711,-0.826190279176105,2.0319318125104,-1.90305871235139,NaN,NaN,NaN,-1.13133918438957,NaN,0.186238176918055,-1.70154548920346,NaN,1.50883095416105,NaN,NaN,-0.48163581381913,NaN,NaN,-1.01234106578826,-1.18034279939277,0.667724477551614,-0.898444029616388,NaN,NaN,-1.15382238644755,0.0585294956211185,0.895250577102965,-0.860033175900126,-0.860033175901581,0.506823232686046,0.377895176769134,NaN,NaN,-0.0957540242572373,-0.083705147550675,NaN,NaN,0.574270554299139,NaN,-1.3859644997414,-0.977657523329138
488.8576,-0.0221610334802124,0.0581228474860216,0.0285307535870259,0.426531083215647,0.166340108843403,0.16634010884167,NaN,-0.451866314726981,0.209981191102119,-0.819881442293846,-1.3429207815349,-0.819881442293966,2.04929293218838,-1.92642950011754,NaN,NaN,NaN,-1.12887877113582,NaN,0.183066405207275,-1.69366274947409,NaN,1.52376556437686,NaN,NaN,-0.479886442170958,NaN,NaN,-1.01955856258286,-1.17325073058674,0.706412691447135,-0.896940100654638,NaN,NaN,-1.12646263816861,0.0721927056509982,0.881824511271203,-0.835834643163573,-0.835834643164988,0.495487313114964,0.376070637016872,NaN,NaN,-0.108270978548599,-0.0770445284411867,NaN,NaN,0.538801712856174,NaN,-1.36395893522767,-0.955745125267952
488.96,-8.99030672532891e-05,0.0461749546410938,0.0418329900274698,0.430934512618349,0.19682297039815,0.196822970396421,NaN,-0.435025811494868,0.207447736242574,-0.813764106287103,-1.34854547111913,-0.81376410628722,2.06478984874692,-1.9481216472921,NaN,NaN,NaN,-1.12573761085206,NaN,0.179664613873657,-1.68444486847289,NaN,1.53761757725908,NaN,NaN,-0.477813804888945,NaN,NaN,-1.02575816425106,-1.16534628651186,0.743318042670456,-0.894063389242288,NaN,NaN,-1.09800145031406,0.0857949865838402,0.869074073406987,-0.812207381891773,-0.812207381893147,0.484063571611263,0.373973108847863,NaN,NaN,-0.120473086045236,-0.0707359568962493,NaN,NaN,0.503240554135881,NaN,-1.34073100037836,-0.934535629902244
489.0624,0.0204055139410884,0.035326340003354,0.0544092001108568,0.435154928279064,0.226212645140079,0.226212645138356,NaN,-0.418533910981639,0.205246854956317,-0.807881815708873,-1.35350792851932,-0.807881815708985,2.07839870073281,-1.96809433039758,NaN,NaN,NaN,-1.12194778672194,NaN,0.176081583819122,-1.67393465837514,NaN,1.55040426919829,NaN,NaN,-0.475393335550532,NaN,NaN,-1.03093445145394,-1.15662613825188,0.778396848324229,-0.889818707198159,NaN,NaN,-1.06847824231474,0.0993683350287704,0.857028078753291,-0.789218899391245,-0.789218899392581,0.472551859157709,0.37163202304835,NaN,NaN,-0.132329676815588,-0.0648010678250276,NaN,NaN,0.467654438428432,NaN,-1.31636412124297,-0.914058285311874
489.1648,0.0392736353181679,0.0256111589585274,0.0662339546459919,0.439173358910847,0.254461463112911,0.254461463111194,NaN,-0.402426672335279,0.203372314260173,-0.802274592113864,-1.35782714667718,-0.802274592113973,2.09010256357957,-1.98631343686853,NaN,NaN,NaN,-1.1175413852939,NaN,0.17236360907874,-1.6621769981254,NaN,1.56214538619721,NaN,NaN,-0.472601725369161,NaN,NaN,-1.03508515002765,-1.14709009236216,0.811612280033296,-0.884215876092235,NaN,NaN,-1.03793521844196,0.112943345719173,0.845712487642731,-0.766932694671436,-0.766932694672735,0.460952155483299,0.369076976867253,NaN,NaN,-0.143811725621805,-0.0592591967821153,NaN,NaN,0.43210916579205,NaN,-1.29094353493178,-0.894337725223685
489.2672,0.056470101260345,0.0170592519244558,0.0772858094130283,0.442973068834414,0.281527799615196,0.281527799613487,NaN,-0.386737415940432,0.201817066334372,-0.796978780150782,-1.3615239302116,-0.796978780150891,2.09989130717917,-2.00275144601964,NaN,NaN,NaN,-1.11255040735903,NaN,0.168554469067428,-1.64921864556083,NaN,1.572862952215,NaN,NaN,-0.469417020352008,NaN,NaN,-1.03821110129073,-1.13674121678098,0.842934288358719,-0.877269666619902,NaN,NaN,-1.00641727853387,0.126548987668581,0.835150237172022,-0.745407948644471,-0.74540794864573,0.449264601216566,0.366337642713829,NaN,NaN,-0.154891873130854,-0.0541273687058572,NaN,NaN,0.396668922580912,NaN,-1.26455609112101,-0.875394057707838
489.3696,0.0719578201875568,0.00969606103059928,0.0875472796191717,0.446539434797413,0.307376081221148,0.307376081219447,NaN,-0.371496685562538,0.200573271080123,-0.792026900378615,-1.36462063365715,-0.792026900378722,2.10776143694202,-2.0173872875417,NaN,NaN,NaN,-1.10700667365476,NaN,0.164695459858279,-1.63510804474137,NaN,1.58258109366756,NaN,NaN,-0.465818719401252,NaN,NaN,-1.04031621519688,-1.12558593540893,0.872339494435247,-0.86899972216449,NaN,NaN,-0.973971928513882,0.140212394463623,0.825361098212594,-0.724699249479045,-0.724699249480268,0.43748951682864,0.363443685087598,NaN,NaN,-0.165544422401342,-0.0494203055705469,NaN,NaN,0.361396244504436,NaN,-1.23728997401171,-0.857242952754489
489.472,0.0857069542894303,0.00354255182304667,0.0970047529825144,0.449859816649242,0.331976737771463,0.331976737769774,NaN,-0.356732213804354,0.199632318209968,-0.787447541251156,-1.36714088835075,-0.787447541251262,2.11371591630896,-2.03020617764187,NaN,NaN,NaN,-1.10094175495421,NaN,0.160825471222388,-1.61989516231311,NaN,1.59132587877368,NaN,NaN,-0.461787870543415,NaN,NaN,-1.04140741074778,-1.11363410150027,0.899811047181793,-0.859430467094382,NaN,NaN,-0.940649183405298,0.153958656777539,0.816361547934673,-0.704856337091274,-0.704856337092459,0.425627392381318,0.360424687426947,NaN,NaN,-0.175745316213088,-0.0451504742498239,NaN,NaN,0.326351970196767,NaN,-1.20923438131052,-0.839895740560991
489.5744,0.0976948298379373,-0.0013848389668577,0.105648344157404,0.45292343248444,0.355306082196083,0.355306082194406,NaN,-0.342468878957712,0.198984843828621,-0.783265312180551,-1.36910933362737,-0.783265312180658,2.11776396824211,-2.04119943477565,NaN,NaN,NaN,-1.09438694351584,NaN,0.156981087131162,-1.60363136622601,NaN,1.59912516361654,NaN,NaN,-0.457307164251943,NaN,NaN,-1.04149454347783,-1.10089905445623,0.925338444521142,-0.84859099540346,NaN,NaN,-0.906501454554187,0.167810613799477,0.808164647737117,-0.68592384798295,-0.685923847984101,0.413678841283614,0.357310089750737,NaN,NaN,-0.185472098335231,-0.0413281793402522,NaN,NaN,0.291595173512654,NaN,-1.1804792169951,-0.823359538470159
489.6768,0.10790577181481,-0.00507420848908747,0.113471709168874,0.455721243875284,0.377346122388634,0.377346122386964,NaN,-0.328728652355228,0.198620741436902,-0.77950086473008,-1.37055136577644,-0.77950086473019,2.11992084826373,-2.05036426826148,NaN,NaN,NaN,-1.08737326342005,NaN,0.153196690003211,-1.58636933262001,NaN,1.60600843694462,NaN,NaN,-0.45236102648921,NaN,NaN,-1.04059031294327,-1.08739765626017,0.948917314516921,-0.836514926511589,NaN,NaN,-0.871583412111571,0.181788648474682,0.800779922634498,-0.667941053119335,-0.66794105312045,0.401644522505694,0.354129137275738,NaN,NaN,-0.194703860467001,-0.0379616899606509,NaN,NaN,0.257183075835953,NaN,-1.15111484950895,-0.807637437984013
489.7792,0.116330876151638,-0.00751813552299014,0.120471843628453,0.45824585736209,0.398084318289249,0.398084318287588,NaN,-0.315530550762313,0.198529164470731,-0.776170972604218,-1.37149291494887,-0.776170972604332,2.12020759211958,-2.05770354120791,NaN,NaN,NaN,-1.0799315015611,NaN,0.149504550945204,-1.56816295193722,NaN,1.61200666122433,NaN,NaN,-0.446935714290317,NaN,NaN,-1.03871014976263,-1.07315030525404,0.970549160104942,-0.823240219963176,NaN,NaN,-0.83595181797021,0.195910495629407,0.794213245727619,-0.650941597785996,-0.650941597787079,0.38952504704202,0.350910835976584,NaN,NaN,-0.203421181449753,-0.0350573802134138,NaN,NaN,0.22317094916128,NaN,-1.12123195280985,-0.792728774171472
489.8816,0.122967743641363,-0.00871357634433776,0.126648886120586,0.460491442208272,0.417513303544269,0.417513303542617,NaN,-0.302890610045883,0.198698521327448,-0.773288641512786,-1.37196025729031,-0.773288641512904,2.11865076424581,-2.06322553643659,NaN,NaN,NaN,-1.07209223516142,NaN,0.145934890844199,-1.54906721188971,NaN,1.61715211089086,NaN,NaN,-0.441019413810568,NaN,NaN,-1.03587209742376,-1.05818093400007,0.990241086465354,-0.808808958647208,NaN,NaN,-0.799665334065385,0.21019107498419,0.788466736617107,-0.634953263199427,-0.634953263200477,0.377320891495901,0.347683906077171,NaN,NaN,-0.211606069780538,-0.0326198600624662,NaN,NaN,0.189612024437925,NaN,-1.09092140540656,-0.778629464236762
489.984,0.12782020406217,-0.00866172703712079,0.132005941350102,0.462453654924001,0.435630596968561,0.435630596966918,NaN,-0.290821881967014,0.199116473824961,-0.770863212407575,-1.37197986211518,-0.770863212407696,2.11528223916334,-2.06694376179763,NaN,NaN,NaN,-1.06388583801582,NaN,0.142515902889722,-1.52913805084442,NaN,1.62147820567747,NaN,NaN,-0.434602335838956,NaN,NaN,-1.03209670396195,-1.04251699594129,1.00800553302564,-0.793267116702251,NaN,NaN,-0.762784317040045,0.22464236048595,0.783538684862575,-0.619997771778902,-0.619997771779921,0.365032339247627,0.344476724243669,NaN,NaN,-0.219241917954918,-0.0306520792073131,NaN,NaN,0.156557412220345,NaN,-1.06027420389735,-0.765332375637833
490.0864,0.130898049820297,-0.00736787235436952,0.13654892592087,0.464129562022585,0.452438323732286,0.452438323730649,NaN,-0.279334440955314,0.19976995102316,-0.768900437873201,-1.37157826364931,-0.768900437873325,2.11013902670106,-2.06887680467203,NaN,NaN,NaN,-1.05534246215231,NaN,0.139273737949823,-1.50843218597676,NaN,1.62501933525633,NaN,NaN,-0.427676798650038,NaN,NaN,-1.02740692481255,-1.02618943444816,1.02386001757991,-0.776664317346367,NaN,NaN,-0.725370609178643,0.239273288944072,0.779423507582194,-0.606090652154674,-0.606090652155662,0.352659456523181,0.341317251182755,NaN,NaN,-0.226313469821334,-0.0291554030832151,NaN,NaN,0.124056030732747,NaN,-1.02938135967232,-0.752827690891039
490.1888,0.132216776882173,-0.00484123019008368,0.140286426076608,0.465517561815328,0.467942954855192,0.467942954853558,NaN,-0.268435384952801,0.200645179268291,-0.767402538662271,-1.37078194517196,-0.767402538662399,2.10326312625964,-2.06904821876464,NaN,NaN,NaN,-1.04649200593955,NaN,0.13623246362896,-1.48700693371731,NaN,1.62781067563412,NaN,NaN,-0.420237288444741,NaN,NaN,-1.02182803548763,-1.00923263003972,1.03782688628012,-0.75905357846659,NaN,NaN,-0.687487332395126,0.254089699383239,0.776111742788641,-0.593241166754267,-0.593241166755222,0.340202094686324,0.338232948006392,NaN,NaN,-0.232806797746226,-0.0281296789689669,NaN,NaN,0.0921545277851722,NaN,-0.99833377145923,-0.741103259618171
490.2912,0.131797315879152,-0.00109479050979455,0.143229549719806,0.466617309284139,0.482155064363886,0.482155064362256,NaN,-0.258128826575031,0.201727719478815,-0.766368264275589,-1.36961722744199,-0.766368264275719,2.09470137493292,-2.06748641288008,NaN,NaN,NaN,-1.03736408463788,NaN,0.13341400604746,-1.46492005198446,NaN,1.62988799961334,NaN,NaN,-0.412280494448722,NaN,NaN,-1.0153875564576,-0.991684331450825,1.04993305898629,-0.740491045253207,NaN,NaN,-0.649198689199675,0.269094289760882,0.773590072278956,-0.581452292143731,-0.581452292144656,0.327659902751797,0.335250687326347,NaN,NaN,-0.238709285863686,-0.0275733162321353,NaN,NaN,0.060897182422016,NaN,-0.967222080115438,-0.730144944322956
490.3936,0.129665739758844,0.00385485118939075,0.145391757733739,0.467429640681622,0.495089097901129,0.4950890978995,NaN,-0.248415887915567,0.203002503922326,-0.765792979047781,-1.36811014857747,-0.765792979047917,2.08450523865011,-2.06422449732091,NaN,NaN,NaN,-1.02798801119379,NaN,0.13083808331807,-1.44222961990501,NaN,1.63128747883194,NaN,NaN,-0.403805322232942,NaN,NaN,-1.00811518266717,-0.973585571357808,1.06020975639711,-0.72103570639709,NaN,NaN,-0.610569772458579,0.284286581801622,0.771841366720117,-0.570720741037966,-0.570720741038862,0.315032336470803,0.332396665929473,NaN,NaN,-0.244009612910593,-0.0274833963736341,NaN,NaN,0.0303257831645229,NaN,-0.936136508546552,-0.71993696864897
490.496,0.125852947332784,0.00998766157087828,0.14678866997445,0.467956488981873,0.506763150574647,0.506763150573019,NaN,-0.239294717534468,0.204453871652157,-0.76566877872909,-1.36628631882799,-0.76566877872923,2.07273051178455,-2.05930005214554,NaN,NaN,NaN,-1.01839278169,NaN,0.128522151390584,-1.41899393791011,NaN,1.63204547240332,NaN,NaN,-0.394812890978588,NaN,NaN,-1.00004269934439,-0.954980555719876,1.06869219715769,-0.700749087958554,NaN,NaN,-0.571666384906081,0.299662890918734,0.770844749423706,-0.561037021119489,-0.561037021120356,0.302318656639347,0.329696326393728,NaN,NaN,-0.248697726096752,-0.0278558170154798,NaN,NaN,0.000479491900982542,NaN,-0.90516667775616,-0.710462266851766
490.5984,0.120394333795454,0.0172803371954221,0.147437857046362,0.468200789203811,0.517198760711487,0.517198760709862,NaN,-0.230760538262161,0.206065605107954,-0.765984625669072,-1.36417074902059,-0.765984625669217,2.05943694117049,-2.05275482528264,NaN,NaN,NaN,-1.00860705136659,NaN,0.126481388874804,-1.3952714110644,NaN,1.63219830404807,NaN,NaN,-0.385306518440343,NaN,NaN,-0.991203873536758,-0.935916515128319,1.0754192667501,-0.679694926105487,NaN,NaN,-0.532554865426802,0.31521630227912,0.770575679234085,-0.552385529685281,-0.552385529686118,0.289517918058988,0.327174292183016,NaN,NaN,-0.252764802365733,-0.0286854632821295,NaN,NaN,-0.0286052907937208,NaN,-0.874401383251295,-0.701702818797083
490.7008,0.113329466952635,0.0257064748425641,0.147358640672545,0.468166385395768,0.526420724472897,0.526420724471276,NaN,-0.222805721806049,0.207820971186162,-0.766726484506287,-1.36178767013541,-0.766726484506436,2.04468781593324,-2.04463439224872,NaN,NaN,NaN,-0.998659085405079,NaN,0.124728737777306,-1.37112038068974,NaN,1.6317820376195,NaN,NaN,-0.375291691705409,NaN,NaN,-0.981634321340392,-0.916443511580023,1.08043317092848,-0.657938825393852,NaN,NaN,-0.493301912148375,0.330936657292041,0.771006056357268,-0.544744685185783,-0.544744685186593,0.276628959445132,0.324854315672952,NaN,NaN,-0.256203199949391,-0.0299663893212923,NaN,NaN,-0.0568950336294112,NaN,-0.843928316119101,-0.693639947514863
490.8032,0.104701788997921,0.0352367396069599,0.14657192000136,0.46785795046916,0.53445692721596,0.534456927214344,NaN,-0.215419880623645,0.209702773640783,-0.767877445181467,-1.35916035971245,-0.767877445181618,2.02854953803883,-2.03498778240133,NaN,NaN,NaN,-0.988576675738567,NaN,0.123275002670874,-1.34659889135445,NaN,1.63083226391238,NaN,NaN,-0.364776016079472,NaN,NaN,-0.971371346619929,-0.896614195005949,1.08377908184617,-0.635547905186929,NaN,NaN,-0.453974392680354,0.346810556367212,0.772104357042014,-0.538087098126067,-0.538087098126849,0.263650405673951,0.322759235893808,NaN,NaN,-0.259006404338332,-0.0316919904468427,NaN,NaN,-0.0843591271674753,NaN,-0.813833709034776,-0.686254556416079
490.9056,0.0945583541699032,0.0458390170607957,0.145100022707169,0.467280916479199,0.54133818284073,0.541338182839119,NaN,-0.208589971687667,0.211693425520725,-0.769417831309778,-1.3563109793363,-0.769417831309934,2.01109116273631,-2.023867053549,NaN,NaN,NaN,-0.978387031924538,NaN,0.122129003186163,-1.32176441326539,NaN,1.62938391416402,NaN,NaN,-0.353769135074318,NaN,NaN,-0.960453745430339,-0.876483509088143,1.08550477520029,-0.612590433239202,NaN,NaN,-0.414639141290824,0.362821381832416,0.773835800644617,-0.532379781631613,-0.532379781632366,0.250580683536664,0.320910944434992,NaN,NaN,-0.261168969777494,-0.0338551591317126,NaN,NaN,-0.110969873658105,NaN,-0.784201891966525,-0.679527293702899
491.008,0.0829495963539707,0.0574785423174222,0.142966567883048,0.466441405336601,0.547098069974894,0.54709806997329,NaN,-0.202300416338674,0.213775042468255,-0.771325304654213,-1.35326042631583,-0.771325304654372,1.9923839115792,-2.0113268200855,NaN,NaN,NaN,-0.968116668031861,NaN,0.121297775626163,-1.29667355831345,NaN,1.62747111091203,NaN,NaN,-0.342282622664363,NaN,NaN,-0.948921585884778,-0.856108361356424,1.08566025491053,-0.589135448967696,NaN,NaN,-0.375362750113336,0.378949341993665,0.776162546523888,-0.527584398846516,-0.527584398847241,0.237418040429969,0.319330361187538,NaN,NaN,-0.262686455028571,-0.0364484333171715,NaN,NaN,-0.136702437254091,NaN,-0.755114778007215,-0.673438657974538
491.1104,0.0699291099399236,0.070118015210303,0.140196330830454,0.465346156047007,0.551772753761541,0.551772753759942,NaN,-0.196533243995412,0.215929545648522,-0.773574981979206,-1.35002820691929,-0.773574981979369,1.97250068418467,-1.99742377291268,NaN,NaN,NaN,-0.957791306541471,NaN,0.120786815618893,-1.27138182334658,NaN,1.62512704781935,NaN,NaN,-0.33032985705083,NaN,NaN,-0.93681598586094,-0.835547283113702,1.08429736862659,-0.565252383630508,NaN,NaN,-0.336211361470014,0.395171536182283,0.779043913587093,-0.523657543118922,-0.523657543119621,0.224160555463435,0.318037421287879,NaN,NaN,-0.263555354194826,-0.0394641460623737,NaN,NaN,-0.16153478235791,NaN,-0.726651333406393,-0.667969078527636
491.2128,0.0555534289822588,0.0837177190682429,0.136815109257324,0.464002453173067,0.555400789513582,0.555400789511989,NaN,-0.191268262783813,0.21813875986662,-0.776139573546895,-1.34663233780164,-0.776139573547064,1.95151559490824,-1.98221622646589,NaN,NaN,NaN,-0.947435808220997,NaN,0.120600335463381,-1.2459433802614,NaN,1.62238387678403,NaN,NaN,-0.317925887182958,NaN,NaN,-0.924178903730137,-0.814860097492689,1.08146942652376,-0.54101068565778,NaN,NaN,-0.297250464674267,0.411462041004515,0.782436614846659,-0.520551044214478,-0.520551044215149,0.210806143699944,0.317051069834622,NaN,NaN,-0.263773028213476,-0.0428945733083033,NaN,NaN,-0.18544760691061,NaN,-0.69888707577598,-0.663098992381006
491.3152,0.0398818000673601,0.0982356570286797,0.132849598515991,0.462418064710829,0.558022914591026,0.558022914589439,NaN,-0.186483256214878,0.220384498459438,-0.778989541734689,-1.34308927900557,-0.778989541734864,1.92950354440311,-1.96576370106134,NaN,NaN,NaN,-0.937074122554315,NaN,0.120741492738099,-1.2204109130296,NaN,1.6192725905648,NaN,NaN,-0.305087300698475,NaN,NaN,-0.911052942344139,-0.794107598937282,1.07723084050129,-0.51647945796927,NaN,NaN,-0.258544695819085,0.427792020312468,0.786295002147709,-0.518212291443553,-0.518212291444194,0.19735256635455,0.316389256189045,NaN,NaN,-0.263337645596378,-0.0467320647583486,NaN,NaN,-0.208424263493585,NaN,-0.671893619497871,-0.658808918151043
491.4176,0.0229759547718031,0.113627713463187,0.128327289198024,0.460601198496372,0.559681837932068,0.559681837930486,NaN,-0.182154203565361,0.222648633344853,-0.782093273483664,-1.33941389992026,-0.782093273483844,1.90653982813149,-1.94812653849405,NaN,NaN,NaN,-0.92672924472783,NaN,0.121212552248537,-1.19483548329661,NaN,1.61582290823869,NaN,NaN,-0.291832095852652,NaN,NaN,-0.897481160405841,-0.773351238134916,1.07163679895056,-0.491727112485127,NaN,NaN,-0.220157635239052,0.444129864738641,0.790571321502013,-0.51658457093692,-0.516584570937534,0.183797465646578,0.316068918757271,NaN,NaN,-0.262248140264372,-0.0509691386711281,NaN,NaN,-0.230450664554504,NaN,-0.645738290165488,-0.655079521492799
491.52,0.00489989103610125,0.129847842732565,0.123276399303033,0.458560482215606,0.560422030672158,0.560422030670582,NaN,-0.178255519167635,0.224913154996293,-0.785417259211706,-1.335619478952,-0.785417259211892,1.88269979112347,-1.92936556476503,NaN,NaN,NaN,-0.916423168359673,NaN,0.12201496975219,-1.16926640350331,NaN,1.61206317971886,NaN,NaN,-0.27817955308966,NaN,NaN,-0.883506888863646,-0.75265280429193,1.06474298532082,-0.466821044575957,NaN,NaN,-0.182151598244713,0.460441366529542,0.795215984446773,-0.515607425392109,-0.515607425392695,0.170138437732339,0.316105954924002,NaN,NaN,-0.260504189594211,-0.0555985267991116,NaN,NaN,-0.251515170681773,NaN,-0.620483848527861,-0.651891670944115
491.6224,-0.0142803328061128,0.146848279605472,0.117725839928702,0.456304961100402,0.560289513285145,0.560289513283571,NaN,-0.174760303295363,0.227160232350829,-0.788926272878526,-1.33171773591406,-0.788926272878715,1.85805853868505,-1.909541820784,NaN,NaN,NaN,-0.906176833671109,NaN,0.12314940855413,-1.14375110995325,NaN,1.60802032213464,NaN,NaN,-0.264150101586398,NaN,NaN,-0.869173552832533,-0.732074101189357,1.05660533708848,-0.441827324942779,NaN,NaN,-0.144587421401327,0.476689929739753,0.800177859694743,-0.515217044930082,-0.515217044930643,0.15637314145207,0.316515176715761,NaN,NaN,-0.258106209940556,-0.0606131703613281,NaN,NaN,-0.271608460730614,NaN,-0.596188353178887,-0.649226483131402
491.7248,-0.0344967965505079,0.164579756906062,0.111705195676168,0.453844102386165,0.55933162968915,0.559331629687579,NaN,-0.171640594853834,0.229372278148049,-0.792583557995,-1.32771889130239,-0.792583557995195,1.8326906924902,-1.88871635749537,NaN,NaN,NaN,-0.896010079484868,NaN,0.124615704124549,-1.11833504623809,NaN,1.60371979191594,NaN,NaN,-0.249765181426563,NaN,NaN,-0.854524497984982,-0.71167662393831,1.04727983133439,-0.416810402681459,NaN,NaN,-0.107524253415433,0.492836807597981,0.805404581419949,-0.515346685521016,-0.51534668552155,0.142499426544337,0.317310256160429,NaN,NaN,-0.255055365899532,-0.0660061841177502,NaN,NaN,-0.290723388692855,NaN,-0.572905138272607,-0.647065353386068
491.8272,-0.0556799176867765,0.182991713617838,0.105244695248094,0.451187803264859,0.557596796152012,0.55759679615045,NaN,-0.168867614353477,0.231532012586295,-0.796351034638896,-1.32363174345275,-0.796351034639095,1.80667016259825,-1.86695006392837,NaN,NaN,NaN,-0.885941610853677,NaN,0.126412790103456,-1.09306157807987,NaN,1.59918558549055,NaN,NaN,-0.235047103913061,NaN,NaN,-0.839602821650033,-0.691521251989686,1.03682228360839,-0.391832816951964,NaN,NaN,-0.0710193593810746,0.508841354671029,0.810842863454997,-0.515927101560628,-0.515927101561136,0.128515462666355,0.318503664632045,NaN,NaN,-0.251353592475604,-0.0717708110397186,NaN,NaN,-0.308854836197526,NaN,-0.550682855056884,-0.645389970362011
491.9296,-0.0777586570068981,0.202032484992776,0.0983751590924618,0.448346405045421,0.555134218028809,0.555134218027255,NaN,-0.166411987543338,0.233622513730751,-0.800189537888588,-1.31946375872587,-0.80018953788879,1.78006991121132,-1.84430349831241,NaN,NaN,NaN,-0.875988992287771,NaN,0.128538600125568,-1.06797195882099,NaN,1.59444025243596,NaN,NaN,-0.220018910087379,NaN,NaN,-0.824451214967995,-0.671667973487179,1.02528815711578,-0.366954921959787,NaN,NaN,-0.0351279395828128,0.524661286489254,0.816438808501766,-0.516886979826435,-0.516886979826915,0.114419857788032,0.320106609944516,NaN,NaN,-0.247003630122502,-0.077900380244814,NaN,NaN,-0.32599956663067,NaN,-0.529565568364884,-0.64418232325083
492.032,-0.100660730991148,0.221649481132039,0.0911279291606341,0.445330713178022,0.551993582070892,0.551993582069343,NaN,-0.164243944457263,0.23562725227749,-0.804059080264832,-1.31522117763395,-0.804059080265038,1.75296170849861,-1.82083671970594,NaN,NaN,NaN,-0.866168668474668,NaN,0.130989955269694,-1.04310535456446,NaN,1.58950490652257,NaN,NaN,-0.20470422614943,NaN,NaN,-0.809111826522091,-0.652175647384045,1.01273239023005,-0.342234634597326,NaN,NaN,9.70440727727965e-05,0.540252948667166,0.822138206589571,-0.518153368275545,-0.518153368275997,0.100211764962146,0.322128972904878,NaN,NaN,-0.24200907252914,-0.0843882657882045,NaN,NaN,-0.342156084385352,NaN,-0.509592929635698,-0.643424709645066
492.1344,-0.12431282625918,0.24178936663438,0.0835347973752081,0.442152016710774,0.548224744320204,0.548224744318658,NaN,-0.162333494175039,0.237530120649129,-0.807919114368313,-1.31090914061594,-0.807919114368521,1.72541590262895,-1.79660914015078,NaN,NaN,NaN,-0.85649600029283,NaN,0.133762441167471,-1.01849891918507,NaN,1.58439923011595,NaN,NaN,-0.189127114710551,NaN,NaN,-0.793626154726107,-0.633101797711827,0.99920925423759,-0.317727213952364,NaN,NaN,0.0346050419569061,0.555571602972325,0.827886823414625,-0.519652099682069,-0.519652099682494,0.0858909850471195,0.324579242434961,NaN,NaN,-0.236374427609787,-0.0912278355528556,NaN,NaN,-0.357324499852583,NaN,-0.490800402728313,-0.643099732562864
492.2368,-0.148640803227201,0.262398242830101,0.075627948257426,0.43882209423677,0.54387743656003,0.543877436558488,NaN,-0.160650582871507,0.239315473036559,-0.811728766665788,-1.30653182812473,-0.811728766665999,1.6975012263025,-1.77167941434829,NaN,NaN,NaN,-0.846985291993351,NaN,0.136850284771036,-0.994187885255743,NaN,1.57914147213254,NaN,NaN,-0.173311921198325,NaN,NaN,-0.778034966589455,-0.614502424572701,0.984772247843415,-0.29348507675223,NaN,NaN,0.0683480910349204,0.570571738739181,0.833630684669163,-0.521308216440133,-0.521308216440532,0.0714580754810745,0.327464448996871,NaN,NaN,-0.230105189179779,-0.0984123782690028,NaN,NaN,-0.371506396403044,NaN,-0.473219477564934,-0.643190264590641
492.3392,-0.173569876835576,0.283421823359632,0.0674399206022957,0.435353191541435,0.539001010561176,0.539001010559635,NaN,-0.159165246534284,0.240968191005661,-0.815447023133898,-1.30209260114382,-0.815447023134112,1.66928464461945,-1.74610536548921,NaN,NaN,NaN,-0.837649789571534,NaN,0.140246253176419,-0.970205630242535,NaN,1.57374843836058,NaN,NaN,-0.157283115105947,NaN,NaN,-0.762378232150387,-0.59643181458042,0.969474024221699,-0.269557646067081,NaN,NaN,0.101280980112114,0.58520741405179,0.839316364442498,-0.523046406239773,-0.523046406240148,0.0569144692812813,0.3307900997998,NaN,NaN,-0.223207910876549,-0.105935001808242,NaN,NaN,-0.3847047001389,NaN,-0.456877839836882,-0.643679374333003
492.4416,-0.199024778585051,0.304805597722331,0.0590035786831964,0.431757962343528,0.533644230082661,0.533644230081124,NaN,-0.157847764598445,0.24247378100043,-0.819032868085938,-1.29759412781067,-0.819032868086154,1.64083123257537,-1.71994392884686,NaN,NaN,NaN,-0.82850165020802,NaN,0.143941603257529,-0.946583696826744,NaN,1.56823547516649,NaN,NaN,-0.141065126170172,NaN,NaN,-0.746695063072163,-0.578942340347498,0.953366334936669,-0.245991225138333,NaN,NaN,0.133361393737166,0.599432620049693,0.844891281410357,-0.524791453210627,-0.524791453210975,0.0422625945965293,0.334560123488191,NaN,NaN,-0.215690269755897,-0.113788510860283,NaN,NaN,-0.396923564997329,NaN,-0.441799513359652,-0.64455023489351
492.544,-0.224929919422663,0.326494984516874,0.0503520731656315,0.428049371157793,0.527855109087684,0.527855109086149,NaN,-0.156668812273729,0.243818501434601,-0.822445394452257,-1.29303848807861,-0.822445394452476,1.61220406493166,-1.69325108721926,NaN,NaN,NaN,-0.819551899081915,NaN,0.147926106904569,-0.923351768079218,NaN,1.5626164558159,NaN,NaN,-0.124682177873265,NaN,NaN,-0.731023646662746,-0.562084248757278,0.936499969880552,-0.222828886311142,NaN,NaN,0.164550027957742,0.613201650441996,0.850303997970793,-0.526468697653922,-0.526468697654241,0.0275059722611702,0.338776834200807,NaN,NaN,-0.207561106820478,-0.121965287612083,NaN,NaN,-0.4081682828882,NaN,-0.428004987103848,-0.645786041337436
492.6464,-0.251209572552007,0.348435478902969,0.0415187749704847,0.42424056414914,0.521680788059689,0.521680788058155,NaN,-0.155599607886896,0.244989509741893,-0.825643907478924,-1.28842725870356,-0.825643907479144,1.58346410975797,-1.6660817865168,NaN,NaN,NaN,-0.810810392325018,NaN,0.152188164206016,-0.900537609807075,NaN,1.5569037885291,NaN,NaN,-0.108158125129924,NaN,NaN,-0.715401170931442,-0.545905446804389,0.918924681712102,-0.200110371528086,NaN,NaN,0.194810680089959,0.626469457134198,0.855504511286312,-0.528004489327682,-0.528004489327973,0.0126492692436591,0.343440922250416,NaN,NaN,-0.198830436700106,-0.130457198834516,NaN,NaN,-0.418445209071248,NaN,-0.415511309608896,-0.647369952381828
492.7488,-0.277788085658321,0.370572801289511,0.0325371780628104,0.420344719908994,0.515167437743827,0.51516743774229,NaN,-0.154612055431659,0.245975013879811,-0.82858803828823,-1.28376158613161,-0.828588038288452,1.55467012959902,-1.63848984340852,NaN,NaN,NaN,-0.802285799420302,NaN,0.156714998315506,-0.87816699984529,NaN,1.55110846562337,NaN,NaN,-0.0915163037501433,NaN,NaN,-0.699863742619682,-0.530451298022852,0.900689099464773,-0.177872009686326,NaN,NaN,0.224110319885408,0.639191982027939,0.860444524998415,-0.529326618795941,-0.529326618796205,-0.00230170037899574,0.348551471914863,NaN,NaN,-0.189509426008133,-0.1392555377686,NaN,NaN,-0.427761682765598,NaN,-0.404332131152033,-0.649285057319799
492.8512,-0.304590121508767,0.39285305176101,0.0234407764010311,0.416374893052075,0.508360174677871,0.508360174676334,NaN,-0.153678881843352,0.246764412039079,-0.831237875540223,-1.27904224684386,-0.831237875540444,1.52587859042629,-1.61052785285598,NaN,NaN,NaN,-0.793985608621067,NaN,0.161492904146647,-0.856263662523076,NaN,1.54524015487867,NaN,NaN,-0.0747793938159133,NaN,NaN,-0.684446299350774,-0.515764437278701,0.881840641965295,-0.156146654396421,NaN,NaN,0.25241914777084,0.651326465768975,0.865077694872045,-0.530364715868108,-0.530364715868344,-0.0173400185045398,0.354105999944244,NaN,NaN,-0.179610345699348,-0.148350992347465,NaN,NaN,-0.436125928479293,NaN,-0.394477695777295,-0.651514365062279
492.9536,-0.331540915368939,0.415222865212962,0.0142629231281725,0.412343862822308,0.501302969689863,0.501302969688324,NaN,-0.152773765930042,0.247348409155076,-0.833554114802727,-1.27426968537157,-0.833554114802949,1.49714356582628,-1.58224708051642,NaN,NaN,NaN,-0.785916146496168,NaN,0.166507515290256,-0.834849211712811,NaN,1.53930731503873,NaN,NaN,-0.0579692946003185,NaN,NaN,-0.669182508496063,-0.50188460001567,0.862425437752112,-0.13496363849211,NaN,NaN,0.279710641959772,0.66283173811305,0.869359848246979,-0.531050612061708,-0.531050612061916,-0.0324577306647399,0.360100504826358,NaN,NaN,-0.169146507294493,-0.157733622366035,NaN,NaN,-0.443546929147875,NaN,-0.385954804683143,-0.654040809837925
493.056,-0.35856652994918,0.437629554555543,0.00503668163106797,0.40826399966008,0.494038535980279,0.494038535978741,NaN,-0.151871458604699,0.247719107151707,-0.835498216379373,-1.26944402405874,-0.835498216379592,1.46851662844831,-1.5536973257271,NaN,NaN,NaN,-0.778082594009154,NaN,0.171744074921974,-0.813943088674564,NaN,1.53331732096419,NaN,NaN,-0.041107009382642,NaN,NaN,-0.654104646046325,-0.488848453165488,0.842488256274038,-0.114348743725363,NaN,NaN,0.305961593792815,0.673668491176874,0.873249183620292,-0.531318674286168,-0.531318674286347,-0.0476459182917562,0.366529518595526,NaN,NaN,-0.158132193731904,-0.167392831106865,NaN,NaN,-0.450034266077021,NaN,-0.378766770689749,-0.656847254482606
493.1584,-0.385594088469914,0.460021229863642,-0.00420532129948795,0.404147157594477,0.486608196310578,0.486608196309039,NaN,-0.150947896890341,0.247870075776715,-0.837032556320945,-1.26456505083423,-0.837032556321163,1.44004673674567,-1.52492676299831,NaN,NaN,NaN,-0.770488983554208,NaN,0.177187725360776,-0.79356247595604,NaN,1.52727659886414,NaN,NaN,-0.0242125399681137,NaN,NaN,-0.639243462774773,-0.47668941630235,0.822072455856859,-0.0943241924012174,NaN,NaN,0.331152128217908,0.683799533054177,0.876706459828719,-0.531106124084982,-0.531106124085131,-0.0628947647328522,0.373386158240172,NaN,NaN,-0.146582591360882,-0.177317327480474,NaN,NaN,-0.45559793239817,NaN,-0.372913358819112,-0.659916459632312
493.2608,-0.412551978086194,0.482346891213674,-0.0134310337681296,0.400004591036801,0.479051744658199,0.479051744656657,NaN,-0.149980312738054,0.247796414158376,-0.838120560030796,-1.25963220059502,-0.838120560031009,1.41178013189867,-1.49598178671045,NaN,NaN,NaN,-0.763138176977381,NaN,0.182823832031132,-0.773722184419793,NaN,1.52119077138563,NaN,NaN,-0.00730479085704414,NaN,NaN,-0.624628054481138,-0.465437474554407,0.801219950050601,-0.0749086687235195,NaN,NaN,0.355265705713112,0.693190018810919,0.879695181439734,-0.530353355066368,-0.530353355066486,-0.0781936160590365,0.380662177760774,NaN,NaN,-0.134513725521111,-0.187495085343756,NaN,NaN,-0.460248143279176,NaN,-0.368390696831784,-0.663231002491244
493.3632,-0.439370033539563,0.504556505850384,-0.0226091096672547,0.395846892005706,0.471407321628032,0.471407321626484,NaN,-0.148947335109336,0.247494804630488,-0.8387268226658,-1.25464454669811,-0.838726822666009,1.38376025876943,-1.46690688962769,NaN,NaN,NaN,-0.756031843439254,NaN,0.188638333129045,-0.754434534487802,NaN,1.51506479947591,NaN,NaN,0.00959851507234913,NaN,NaN,-0.610285749436904,-0.455118998285065,0.779971187856322,-0.0561173707001842,NaN,NaN,0.378289104850398,0.701807654755343,0.882181779373282,-0.529004251324559,-0.529004251324645,-0.0935310455602597,0.388348022838268,NaN,NaN,-0.121942399845471,-0.197913313338107,NaN,NaN,-0.463995170682849,NaN,-0.365191163652549,-0.666773165915871
493.4656,-0.46597971849544,0.5266010848352,-0.0317090375074835,0.391683946299532,0.463711304401405,0.463711304399849,NaN,-0.147829081934022,0.246963549866262,-0.838817230955402,-1.24960081197782,-0.838817230955609,1.35602772082811,-1.43774460068159,NaN,NaN,NaN,-0.749170459488078,NaN,0.194618085988918,-0.735709259380136,NaN,1.508903105374,NaN,NaN,0.0264809052991418,NaN,NaN,-0.596242021192278,-0.445756587448689,0.758365142921363,-0.0379620878804273,NaN,NaN,0.400212387646866,0.709622870349071,0.884135778657129,-0.527006498724392,-0.527006498724446,-0.108894931216637,0.396432889411336,NaN,NaN,-0.108886136861936,-0.208558447888812,NaN,NaN,-0.466849215005834,NaN,-0.363303286262022,-0.670524839924686
493.568,-0.492314315533661,0.548432771075224,-0.0407012683823836,0.38752490821187,0.455998192825625,0.455998192824064,NaN,-0.146607238842464,0.246202582282348,-0.838359099110163,-1.24449940249481,-0.838359099110366,1.32862027405289,-1.40853549517642,NaN,NaN,NaN,-0.742553341131036,NaN,0.200751175550466,-0.717553448664851,NaN,1.50270967323783,NaN,NaN,0.0433272076578619,NaN,NaN,-0.582520436212387,-0.437368955314948,0.736439312252165,-0.0204512999098105,NaN,NaN,0.421028851824097,0.716608956409752,0.885529943151332,-0.524311876753791,-0.524311876753812,-0.124272548441572,0.404904785069392,NaN,NaN,-0.0953631189846717,-0.219416172524527,NaN,NaN,-0.468820307700628,NaN,-0.362711668598228,-0.67446746753004
493.6704,-0.518309124152226,0.570004945337429,-0.0495573363696171,0.383378194344807,0.448300477563622,0.448300477562062,NaN,-0.145265122809862,0.245213440682845,-0.837321322037502,-1.23933846786892,-0.8373213220377,1.3015728661678,-1.3793182832551,NaN,NaN,NaN,-0.736178703542022,NaN,0.207027155036798,-0.699971541133668,NaN,1.49648813556529,NaN,NaN,0.060123581306932,NaN,NaN,-0.569142644274119,-0.429970860911586,0.714229730909464,-0.00359029433610124,NaN,NaN,0.440734974775474,0.722742175004949,0.886340390699623,-0.520876522499414,-0.520876522499402,-0.139650671221677,0.413750588950287,NaN,NaN,-0.0813921355539575,-0.230471456380016,NaN,NaN,-0.469918239721349,NaN,-0.363396949490249,-0.678582039887341
493.7728,-0.543901655385504,0.591272348716164,-0.0582499602861006,0.379251498074866,0.440648492462188,0.440648492460632,NaN,-0.143787728214731,0.243999218325801,-0.835674537031877,-1.23411599218496,-0.83567453703207,1.27491772931,-1.35012997523454,NaN,NaN,NaN,-0.730043734768197,NaN,0.213437208737446,-0.682965360949977,NaN,1.49024185450887,NaN,NaN,0.0768575330281009,NaN,NaN,-0.556128408792418,-0.42357308757427,0.69177101108115,0.0126186937877795,NaN,NaN,0.459330351096313,0.728001846629364,0.886546678538549,-0.516661164445631,-0.516661164445583,-0.155015670579431,0.422956106299965,NaN,NaN,-0.0669925441831858,-0.241708602318878,NaN,NaN,-0.470152522296554,NaN,-0.365335764893986,-0.682849122145403
493.8752,-0.569031806816778,0.612191214108419,-0.0667531158090999,0.375151827001019,0.433070258932281,0.43307025893073,NaN,-0.14216175510266,0.242564491603802,-0.833391276583864,-1.22882991397277,-0.833391276584052,1.24868452498768,-1.32100610845256,NaN,NaN,NaN,-0.72414466615604,NaN,0.219974249908468,-0.666534170635535,NaN,1.48397400348507,NaN,NaN,0.0935179276891203,NaN,NaN,-0.543495663092104,-0.418182452726606,0.669096411975611,0.0281763163679167,NaN,NaN,0.476817622170786,0.732370416716114,0.886131864263442,-0.511631328321021,-0.511631328320937,-0.170353599151233,0.432506116810808,NaN,NaN,-0.0521842518422501,-0.253111296626153,NaN,NaN,-0.469532385048993,NaN,-0.368500702357022,-0.687248882517109
493.9776,-0.593642006947147,0.63271940258642,-0.0750420696172174,0.371085567105562,0.425591324289518,0.425591324287975,NaN,-0.14037562626838,0.240915235412119,-0.83044609855197,-1.22347826891696,-0.830446098552153,1.22290053042849,-1.29198101369085,NaN,NaN,NaN,-0.71847682802635,NaN,0.226632966937059,-0.650674715493288,NaN,1.47768765306782,NaN,NaN,0.110094998772261,NaN,NaN,-0.531260577545945,-0.413801833463936,0.646237943812597,0.0430859191763105,NaN,NaN,0.493202395888421,0.735833503658501,0.885082550314474,-0.505757520991902,-0.505757520991784,-0.185650250946569,0.442384415621589,NaN,NaN,-0.0369877202657336,-0.26466265193404,NaN,NaN,-0.468066805685046,NaN,-0.372860272253836,-0.691761105083361
494.08,-0.617677329540316,0.652816546727037,-0.0830933743589793,0.367058575304686,0.418234590804201,0.418234590802665,NaN,-0.138419498849895,0.239058726308243,-0.826815693871261,-1.21805934776394,-0.826815693871439,1.19759085705439,-1.26308810710047,NaN,NaN,NaN,-0.71303469284095,NaN,0.233409815774736,-0.635381263250883,NaN,1.47138586193043,NaN,NaN,0.126580355359054,NaN,NaN,-0.51943763177271,-0.410430202368806,0.623226503785906,0.0573533251401685,NaN,NaN,0.508493154097321,0.738379931474947,0.883388918856611,-0.499015400142132,-0.499015400141976,-0.200891190540147,0.452573844402644,NaN,NaN,-0.0214239995220164,-0.2763452383391,NaN,NaN,-0.465764565474563,NaN,-0.378378932870106,-0.696365185359586
494.1824,-0.641085587581892,0.672444200729956,-0.0908848351490418,0.36307629629986,0.411020134825994,0.411020134824466,NaN,-0.13628526566373,0.237003432953803,-0.822478982956349,-1.21257186181238,-0.822478982956521,1.17277869820513,-1.23436020498913,NaN,NaN,NaN,-0.707811918601888,NaN,0.240302951374534,-0.620645669489783,NaN,1.46507176745669,NaN,NaN,0.14296697623402,NaN,NaN,-0.508039698217743,-0.408062678728059,0.600092035940726,0.0709866009175094,NaN,NaN,0.522701145690734,0.7400017467355,0.881044758417142,-0.49138593117521,-0.491385931175017,-0.216061756675209,0.463056311428019,NaN,NaN,-0.00551478813538872,-0.288141106830376,NaN,NaN,-0.462634331093495,NaN,-0.385017188333158,-0.701040118894419
494.2848,-0.663817415626223,0.691565988093648,-0.0983954655748568,0.359143895523829,0.40396502483221,0.403965024830688,NaN,-0.133966537857373,0.234758893255224,-0.817417211732477,-1.20701510971248,-0.817417211732644,1.14848560500372,-1.20582986224586,NaN,NaN,NaN,-0.702801403555908,NaN,0.247312093967647,-0.606457495710113,NaN,1.45874866842509,NaN,NaN,0.159249184490426,NaN,NaN,-0.497078146331982,-0.406690604114517,0.57686370635802,0.083995811743535,NaN,NaN,0.535840267946017,0.740694215974108,0.878047476510804,-0.482855519044156,-0.482855519043926,-0.231147051543642,0.473812802006623,NaN,NaN,0.0107174879296978,-0.300031813840792,NaN,NaN,-0.458684762369632,NaN,-0.392731758155527,-0.705764489379625
494.3872,-0.685826342037215,0.710147734478507,-0.105605446095922,0.35526639440161,0.397083158703909,0.397083158702393,NaN,-0.131458605949561,0.232335581259455,-0.811614050538322,-1.20138914086199,-0.811614050538484,1.1247317796703,-1.1775297214894,NaN,NaN,NaN,-0.697995353274379,NaN,0.254438326723398,-0.592804180442577,NaN,1.45242009314154,NaN,NaN,0.175422601295869,NaN,NaN,-0.486562964606811,-0.406301646544604,0.553570087157142,0.0963927700807348,NaN,NaN,0.54792694256446,0.740455804831876,0.874398089785793,-0.473416095624205,-0.473416095623936,-0.246131924362078,0.484823382067146,NaN,NaN,0.027249587920501,-0.311998449601153,NaN,NaN,-0.453924641911243,NaN,-0.401475808848237,-0.710516461033373
494.4896,-0.707068846720563,0.728157578981778,-0.112496086170768,0.351448786603818,0.39038514629416,0.390385146292652,NaN,-0.128758378168724,0.229744774943765,-0.805055690799986,-1.19569490871207,-0.805055690800142,1.10153635441778,-1.14949283328263,NaN,NaN,NaN,-0.69338535298286,NaN,0.261683821364909,-0.579671246538811,NaN,1.44608984524386,NaN,NaN,0.191484078543415,NaN,NaN,-0.476502882790086,-0.406879929524053,0.530239342239303,0.108190788539371,NaN,NaN,0.558979989619396,0.739288150084013,0.870101187040514,-0.46306515064446,-0.463065150644154,-0.261000950715582,0.496067197791064,NaN,NaN,0.0440573696251891,-0.32402166319596,NaN,NaN,-0.448363024622381,NaN,-0.411199245423939,-0.715273784012191
494.592,-0.727504395104506,0.74556606057867,-0.119049782944582,0.347696119311056,0.383878254021494,0.38387825401999,NaN,-0.125864295713101,0.226998437704534,-0.797730928616195,-1.18993440332264,-0.797730928616344,1.07891761312721,-1.12175289495239,NaN,NaN,NaN,-0.688962435000953,NaN,0.26905149447641,-0.567042528709333,NaN,1.4397620211116,NaN,NaN,0.207431610264176,NaN,NaN,-0.466905473539113,-0.408406174879819,0.50689940759577,0.119404448542807,NaN,NaN,0.56902049739642,0.73719603725468,0.865164866749251,-0.451805705554915,-0.451805705554571,-0.275738402114318,0.507522472826197,NaN,NaN,0.0611157072505284,-0.336081673651948,NaN,NaN,-0.442009407524978,NaN,-0.421849065940133,-0.720013813800238
494.6944,-0.747095437141331,0.762346176879465,-0.125249966799376,0.344013542778462,0.377566409598389,0.377566409596895,NaN,-0.122776231785644,0.224109118210024,-0.789631222240274,-1.1841107526624,-0.789631222240416,1.0568931326825,-1.09434437836981,NaN,NaN,NaN,-0.684717131474563,NaN,0.276544611588303,-0.554900405434218,NaN,1.43344100028382,NaN,NaN,0.223264227643247,NaN,NaN,-0.457777221470234,-0.410857844168878,0.483578161168336,0.130049391294728,NaN,NaN,0.57807168513874,0.734187387728294,0.85960065540628,-0.43964623717288,-0.439646237172495,-0.290328198286485,0.519166504056893,NaN,NaN,0.0783984141924493,-0.348158260460793,NaN,NaN,-0.434873915929454,NaN,-0.433369763836025,-0.724713533154631
494.7968,-0.76580736962633,0.778473417808987,-0.131081029535963,0.340406341756987,0.371450258724318,0.371450258722836,NaN,-0.119495383998079,0.221089866418094,-0.780750714827409,-1.17822828859518,-0.780750714827545,1.03547985007919,-1.067302555471,NaN,NaN,NaN,-0.680639509042454,NaN,0.284166365813872,-0.543226021345888,NaN,1.42713141226428,NaN,NaN,0.238981885569488,NaN,NaN,-0.4491235575635,-0.414209269683519,0.460303577809816,0.140142132237646,NaN,NaN,0.586158756866576,0.730273250716298,0.853423413669659,-0.42660056260556,-0.426600562605136,-0.304753841073196,0.530975658165439,NaN,NaN,0.0958781710730087,-0.360230734867077,NaN,NaN,-0.426967497931711,NaN,-0.445703743573305,-0.729349569090551
494.8992,-0.783608477146568,0.793925781894158,-0.136528244964437,0.336879955661372,0.365527271056032,0.36552727105456,NaN,-0.116024162140675,0.217954160323331,-0.771086226447649,-1.17229257955294,-0.771086226447776,1.01469406754497,-1.04066344383029,NaN,NaN,NaN,-0.67671919557372,NaN,0.291919452946907,-0.531999507526507,NaN,1.42083807667195,NaN,NaN,0.254585343803562,NaN,NaN,-0.440948861515303,-0.418431780448634,0.437103862974195,0.149699896860122,NaN,NaN,0.593308744828778,0.725467790634339,0.846651232373275,-0.412687694602234,-0.412687694601768,-0.318998339848828,0.542925372259649,NaN,NaN,0.113526459670542,-0.372277904525634,NaN,NaN,-0.41830212576131,NaN,-0.458791717152973,-0.733898208705948
495.0016,-0.800469874661997,0.808683778568927,-0.141577703978488,0.333439986022557,0.359791888176873,0.359791888175414,NaN,-0.112366069508725,0.214715834014024,-0.760637231779387,-1.16631042961739,-0.760637231779502,0.994551396320459,-1.01446367749557,NaN,NaN,NaN,-0.67294541789818,NaN,0.299805659290574,-0.521200226964624,NaN,1.41456591248771,NaN,NaN,0.270076042429128,NaN,NaN,-0.43325643536503,-0.423493836274232,0.414007555705018,0.158740476804392,NaN,NaN,0.599550342649743,0.719788258123598,0.839305313185137,-0.397931666622696,-0.397931666622186,-0.333044146535589,0.554990162945813,NaN,NaN,0.131313505762492,-0.384278053977653,NaN,NaN,-0.408891008966959,NaN,-0.47257306183309,-0.738335423351833
495.104,-0.816365468177668,0.822730414234886,-0.146216284177941,0.330092189094786,0.354235692235694,0.35423569223425,NaN,-0.108525580618359,0.211388997348309,-0.749405841298488,-1.16028983713001,-0.749405841298594,0.975066633241437,-0.988740291116809,NaN,NaN,NaN,-0.669307063840897,NaN,0.307825481415662,-0.510807061106916,NaN,1.4083198223064,NaN,NaN,0.285455975636138,NaN,NaN,-0.426048449366663,-0.429361176756359,0.391043588983699,0.167282111516207,NaN,NaN,0.604913732108486,0.713254936327437,0.83140982581309,-0.382361320243525,-0.382361320242972,-0.346873117606723,0.56714364982821,NaN,NaN,0.149208239183216,-0.396208960551446,NaN,NaN,-0.39874881541799,NaN,-0.486986142399053,-0.742636915535783
495.2064,-0.831271937021523,0.836051159503589,-0.150431660222807,0.326842456306375,0.348847569325285,0.348847569323854,NaN,-0.104508021200659,0.207987943265986,-0.737396795167266,-1.15423990739278,-0.73739679516736,0.956253572795234,-0.963530413679551,NaN,NaN,NaN,-0.665792768865026,NaN,0.315977800413464,-0.500798727624676,NaN,1.4021045704899,NaN,NaN,0.300727571454872,NaN,NaN,-0.419325860339671,-0.435996981580242,0.368241299392472,0.175343401878328,NaN,NaN,0.609430409562239,0.705891060350438,0.82299173715632,-0.366010049704423,-0.366010049703826,-0.360466511901064,0.579358598660281,NaN,NaN,0.167178280325754,-0.408047951216346,NaN,NaN,-0.38789188129498,NaN,-0.501968617429998,-0.746778198359008
495.3088,-0.845168726991332,0.848633893483024,-0.154212346927403,0.323696788215339,0.343613856357764,0.343613856356351,NaN,-0.100319455881742,0.204527045842911,-0.724617466243433,-1.1481707249313,-0.724617466243516,0.938124775933851,-0.93887089469783,NaN,NaN,NaN,-0.662391016396255,NaN,0.32425963397931,-0.491154105349669,NaN,1.39592467806776,NaN,NaN,0.315893581921456,NaN,NaN,-0.413088314527851,-0.443362035500188,0.345630389781339,0.182943252215236,NaN,NaN,0.613133015061157,0.697722711791855,0.814080614103725,-0.348915505934029,-0.348915505933389,-0.373805022828391,0.591606985894686,NaN,NaN,0.185189957719147,-0.419771992585003,NaN,NaN,-0.376338386859861,NaN,-0.517457725367492,-0.750734697525829
495.4112,-0.858038033799394,0.860468819438778,-0.15754775773205,0.320661262291217,0.338518492515023,0.338518492513625,NaN,-0.0959665872222501,0.201020658854613,-0.711077855668596,-1.14209319931552,-0.711077855668669,0.920691326172936,-0.914797899192892,NaN,NaN,NaN,-0.659090232726702,NaN,0.33266598362575,-0.481852536121044,NaN,1.38978434737642,NaN,NaN,0.33095698422343,NaN,NaN,-0.407334062788831,-0.451414895294686,0.323240858805673,0.190100828216643,NaN,NaN,0.616055164128281,0.688778695392054,0.804708407386201,-0.331119270928452,-0.331119270927769,-0.386868835192797,0.603860082858556,NaN,NaN,0.203208357828571,-0.431357796729546,NaN,NaN,-0.364108481826132,NaN,-0.533390518729899,-0.754481856455924
495.5136,-0.869864758066321,0.871548351597698,-0.160428258246815,0.317741987938297,0.333543224070838,0.333543224069456,NaN,-0.0914566634012101,0.197483028217728,-0.696790559360429,-1.13601889896249,-0.696790559360489,0.903962596809308,-0.891346499806109,NaN,NaN,NaN,-0.655878856604704,NaN,0.34118977104428,-0.472874073396528,NaN,1.38368741478618,NaN,NaN,0.345920893159247,NaN,NaN,-0.402059913942392,-0.460112057973977,0.301102914062293,0.196835519634268,NaN,NaN,0.618231283432617,0.679090410292056,0.79490922661668,-0.312666517003295,-0.312666517002568,-0.39963769151456,0.616088554284734,NaN,NaN,0.221197405548213,-0.442781920419087,NaN,NaN,-0.351224358995403,NaN,-0.549704036118622,-0.757995234353215
495.616,-0.880636426228771,0.881866978396441,-0.16284520388577,0.314945043925531,0.328667898263023,0.328667898261652,NaN,-0.0867973853724763,0.193928227408264,-0.681770693327045,-1.12995988364536,-0.681770693327092,0.887946041884751,-0.868550281940074,NaN,NaN,NaN,-0.652745376340416,NaN,0.349821829486312,-0.464199663365554,NaN,1.37763732454968,NaN,NaN,0.360788485358717,NaN,NaN,-0.39726123106415,-0.469408127953169,0.279246880783205,0.203166903282703,NaN,NaN,0.619696452917346,0.668691723976019,0.784719114529934,-0.293605660651081,-0.29360566065031,-0.412090955341747,0.628262563160516,NaN,NaN,0.239119969766805,-0.45402084281178,NaN,NaN,-0.337710289286433,NaN,-0.566335442517393,-0.761250592756486
495.7184,-0.890343089375351,0.89142110631641,-0.164790970977837,0.312276399780439,0.32387082924913,0.323870829247772,NaN,-0.0819968080936142,0.190370114486455,-0.666035784641121,-1.12392854091319,-0.666035784641156,0.872647007319551,-0.846440961405305,NaN,NaN,NaN,-0.649678347519156,NaN,0.358550914479543,-0.455811268721901,NaN,1.37163712227501,NaN,NaN,0.375562933460301,NaN,NaN,-0.392931951152383,-0.479255982256893,0.25770310378844,0.209114710543419,NaN,NaN,0.620486255343342,0.657618843353809,0.774175822174398,-0.273988011775355,-0.273988011774541,-0.42420767213922,0.640351876321418,NaN,NaN,0.256937988191399,-0.465051027199696,NaN,NaN,-0.323592634651586,NaN,-0.583222182340261,-0.764223968643949
495.8208,-0.898977224195644,0.900208888511607,-0.166259003999529,0.309741824758343,0.319129180834067,0.319129180832722,NaN,-0.0770632395100575,0.186822300989849,-0.649605647430716,-1.11793742748927,-0.64960564743074,0.858068547167946,-0.825048000910933,NaN,NaN,NaN,-0.646666416039122,NaN,0.367363725992067,-0.447691961054044,NaN,1.36568946945657,NaN,NaN,0.390247346001975,NaN,NaN,-0.389064600832474,-0.489606939303018,0.236501827503564,0.214698808892463,NaN,NaN,0.620636633495993,0.6459101701673,0.763318580083957,-0.253867411801412,-0.253867411800555,-0.435966642189126,0.652325973144217,NaN,NaN,0.27461261100265,-0.475848989393911,NaN,NaN,-0.308899850834125,NaN,-0.600302178581654,-0.766891747145321
495.9232,-0.906533658030656,0.908230047325174,-0.167243894731146,0.307346783013918,0.31441932384999,0.314419323848651,NaN,-0.0720051424358428,0.183298124290861,-0.632502258114625,-1.11199911733022,-0.632502258114635,0.844211247138644,-0.804398227331888,NaN,NaN,NaN,-0.643698363957658,NaN,0.376244959249589,-0.439826005832372,NaN,1.35979667350694,NaN,NaN,0.404844708126855,NaN,NaN,-0.385650299570837,-0.500410942157599,0.215673043440235,0.219939201437354,NaN,NaN,0.620183756003108,0.633606134868563,0.752187857377059,-0.233299851667686,-0.233299851666786,-0.447346522652117,0.664154165421771,NaN,NaN,0.292104367203182,-0.48639139314132,NaN,NaN,-0.293662485561764,NaN,-0.617514088993365,-0.769230756975363
496.0256,-0.91300952624393,0.915485700803875,-0.167741493150462,0.305096306371206,0.309717161540472,0.309717161539144,NaN,-0.0668310380436721,0.179810624403587,-0.614749627907429,-1.10612605905581,-0.614749627907427,0.831073085160715,-0.784515481236161,NaN,NaN,NaN,-0.640763177121608,NaN,0.385177406613236,-0.432198946158201,NaN,1.35396072242418,NaN,NaN,0.419357818817147,NaN,NaN,-0.382678766575714,-0.511616766022702,0.195246309588827,0.224856037555747,NaN,NaN,0.619163890941436,0.620749013931046,0.740825102615601,-0.212343063660078,-0.212343063659136,-0.45832596846242,0.67580573475187,NaN,NaN,0.309373356736438,-0.496655177572636,NaN,NaN,-0.277913167602851,NaN,-0.634797601918864,-0.771218393854745
496.128,-0.918404257522888,0.921978199395113,-0.167749039643275,0.302994838101474,0.30499842735985,0.304998427358526,NaN,-0.0615494059018727,0.176372531460837,-0.596373661343804,-1.10033044328935,-0.59637366134379,0.818649356410504,-0.76542033192058,NaN,NaN,NaN,-0.637850121518732,NaN,0.394142126829977,-0.424797672028047,NaN,1.34818331848246,NaN,NaN,0.433789222028891,NaN,NaN,-0.380138351858648,-0.52317225360545,0.175250554866225,0.229469622898371,NaN,NaN,0.61761328441558,0.607382739118934,0.729272465081471,-0.191056086193543,-0.19105608619256,-0.468883811136076,0.687250087856534,NaN,NaN,0.326379467768818,-0.506617708426304,NaN,NaN,-0.261686574426246,NaN,-0.652093728070876,-0.772832753216922
496.2304,-0.92271957635579,0.927710975308894,-0.167265304507949,0.301046054647495,0.300238949052279,0.300238949050959,NaN,-0.056168580257839,0.17299626488571,-0.57740199380332,-1.09462407857228,-0.577401993803295,0.806932663924466,-0.747129867680584,NaN,NaN,NaN,-0.634948815040627,NaN,0.403118678816865,-0.417610455837732,NaN,1.34246591217708,NaN,NaN,0.448141132049986,NaN,NaN,-0.378016098245836,-0.535024574795688,0.155713883699147,0.233800419253078,NaN,NaN,0.615568043060112,0.593552706387586,0.717572500291547,-0.169498804340626,-0.169498804339605,-0.478999262150255,0.698456923967514,NaN,NaN,0.343082613553205,-0.51625693550999,NaN,NaN,-0.245019367970646,NaN,-0.669345033397037,-0.774052752964059
496.3328,-0.925959505709222,0.932688400345519,-0.166290719991698,0.299252683226502,0.295414875753818,0.295414875752498,NaN,-0.0506966511314136,0.169693938938166,-0.557863806964444,-1.08901827418282,-0.557863806964407,0.795912958444135,-0.729657551369403,NaN,NaN,NaN,-0.632049283452101,NaN,0.412085386665214,-0.410626942491702,NaN,1.33680973995949,NaN,NaN,0.462415357045102,NaN,NaN,-0.376297824815084,-0.547120501665291,0.136663396020162,0.237869028974317,NaN,NaN,0.61306402075875,0.579305592116202,0.705767867516002,-0.147731471487333,-0.147731471486271,-0.488652115890884,0.709396402533403,NaN,NaN,0.359442977085388,-0.52555153123743,NaN,NaN,-0.227950088977334,NaN,-0.686495772448849,-0.774858233800786
496.4352,-0.928130349577629,0.936915639940231,-0.16482749373653,0.297616332749851,0.290502882571702,0.290502882570378,NaN,-0.0451413845448364,0.166477369555957,-0.537789621623987,-1.08352372679291,-0.537789621623942,0.785577607520629,-0.713013117887154,NaN,NaN,NaN,-0.629141991696985,NaN,0.421019593904368,-0.403838093521287,NaN,1.33121587119547,NaN,NaN,0.476613228848268,NaN,NaN,-0.374968212732654,-0.559406686627297,0.118125032427505,0.241696163462609,NaN,NaN,0.610136707847839,0.564689180740131,0.693901028618115,-0.125814220156978,-0.125814220155877,-0.497822928139041,0.720039298736929,NaN,NaN,0.375421249643186,-0.534480989924538,NaN,NaN,-0.210518998196039,NaN,-0.703491912297137,-0.775230020850157
496.5376,-0.929240646650376,0.940398493200573,-0.162879703339547,0.296137349011793,0.285480366094834,0.285480366093509,NaN,-0.0395101743102227,0.163358079204703,-0.517211071432769,-1.07815040657252,-0.517211071432715,0.775911473965311,-0.697202481666346,NaN,NaN,NaN,-0.626217851153378,NaN,0.429897896273123,-0.397236094088557,NaN,1.32568526819542,NaN,NaN,0.490735549810148,NaN,NaN,-0.374010878397172,-0.571829931773755,0.100123441285297,0.245302600025768,NaN,NaN,0.606821120055576,0.549752196958942,0.682013955946126,-0.103806572925596,-0.10380657292446,-0.50649316541177,0.730357142923989,NaN,NaN,0.39097885718197,-0.543025691178426,NaN,NaN,-0.192767863561128,NaN,-0.720281064898771,-0.77514993865352
496.64,-0.929301107337083,0.943143220799139,-0.160453383730966,0.294814697658618,0.280325622790701,0.28032562278937,NaN,-0.0338100277889592,0.160347295771737,-0.496160671105302,-1.07290743985074,-0.496160671105238,0.766896989239732,-0.682227633028549,NaN,NaN,NaN,-0.623268216541518,NaN,0.438696378303296,-0.390814242154611,NaN,1.32021885268672,NaN,NaN,0.50478256411951,NaN,NaN,-0.373408432631005,-0.584337443966624,0.0826818536541707,0.248709133448971,NaN,NaN,0.603151685128236,0.534544126186604,0.67014785277204,-0.081766966484252,-0.0817669664830768,-0.514645342428923,0.740322351036312,NaN,NaN,0.406078179308589,-0.551166955516469,NaN,NaN,-0.174739712587275,NaN,-0.736812365929895,-0.774600800480925
496.7424,-0.928324556165341,0.945156372227753,-0.157556621010907,0.293645870225627,0.275017995643156,0.275017995641827,NaN,-0.0280475761051646,0.157455942704656,-0.474671596519008,-1.0678029872279,-0.474671596518932,0.758514216974493,-0.66808652412835,NaN,NaN,NaN,-0.620284891616324,NaN,0.447390879537671,-0.384566848917484,NaN,1.3148175619752,NaN,NaN,0.518753951809969,NaN,NaN,-0.373142531310499,-0.596877077667873,0.065821951646933,0.251936528297909,NaN,NaN,0.599162124651149,0.5191150085226,0.658342884838315,-0.0597522994772855,-0.0597522994760736,-0.522263169752632,0.749908355885082,NaN,NaN,0.420682767168563,-0.558887125050478,NaN,NaN,-0.156478575912781,NaN,-0.753036349156482,-0.7735664080715
496.8448,-0.926325894678542,0.946444625573987,-0.154199657347671,0.292626804593156,0.269537986917232,0.269537986915901,NaN,-0.0222290951100713,0.154694620697119,-0.452777488671513,-1.06284411616678,-0.452777488671424,0.75074090672708,-0.654772952886207,NaN,NaN,NaN,-0.617260157390825,NaN,0.455957288458016,-0.378489178885988,NaN,1.30948237993284,NaN,NaN,0.532648836784813,NaN,NaN,-0.37319391702424,-0.609397567812,0.0495637234739052,0.25500547862965,NaN,NaN,0.594885329716244,0.503515202334661,0.646637918976201,-0.0378175079050639,-0.0378175079038139,-0.52933172186243,0.759089743577936,NaN,NaN,0.434757561052656,-0.566169686029396,NaN,NaN,-0.138029236607006,NaN,-0.768904861489028,-0.772031586675894
496.9472,-0.923322087157832,0.94701465060557,-0.150394999686209,0.291751818292356,0.263867341657213,0.263867341655878,NaN,-0.0163605318286208,0.152073579789486,-0.430512286703601,-1.05803667135412,-0.430512286703499,0.743552542437948,-0.6422764524284,NaN,NaN,NaN,-0.614186824219701,NaN,0.464371845874189,-0.372577439426386,NaN,1.30421433894745,NaN,NaN,0.546465800572681,NaN,NaN,-0.373542450578904,-0.621848753801625,0.0339253078899267,0.257936580075127,NaN,NaN,0.590353234570478,0.48779512416078,0.635070266441345,-0.0160151684019551,-0.0160151684006687,-0.535837621990292,0.767842393427199,NaN,NaN,0.448269105244857,-0.572999428111865,NaN,NaN,-0.119436982523258,NaN,-0.784371049215982,-0.769982265325954
497.0496,-0.919332160021704,0.946873001993869,-0.146157516054625,0.291013565542587,0.257989108026947,0.257989108025607,NaN,-0.0104475441580458,0.149602676457301,-0.407910088337409,-1.05338515588064,-0.407910088337294,0.736922403751459,-0.630582206603907,NaN,NaN,NaN,-0.611058295230556,NaN,0.472611450729877,-0.36682880185746,NaN,1.29901449892786,NaN,NaN,0.560202898364252,NaN,NaN,-0.374167143739191,-0.634181798062324,0.0189228397531597,0.260750310052212,NaN,NaN,0.5855966973297,0.472004974925405,0.623675432905593,0.0056048679271825,0.00560486792850706,-0.541769231966493,0.776143617255638,NaN,NaN,0.461185757293263,-0.5793626226432,NaN,NaN,-0.100747347148275,NaN,-0.799389420896961,-0.767405597222421
497.152,-0.914377198922144,0.946026045737479,-0.141504499201104,0.290403032777461,0.251887686476369,0.251887686475021,NaN,-0.00449556304239125,0.147291312330061,-0.385005027183802,-1.04889264070851,-0.385005027183672,0.730821672892879,-0.619671031859065,NaN,NaN,NaN,-0.607868619947161,NaN,0.480653972379953,-0.361241413967672,NaN,1.29388391052154,NaN,NaN,0.573857677827779,NaN,NaN,-0.37504621276515,-0.646349401462996,0.00457031395117131,0.263467002877866,NaN,NaN,0.580645396240293,0.456194460714913,0.61248688126103,0.0269958042955576,0.026995804296919,-0.547116830788742,0.783972292864706,NaN,NaN,0.473477887014795,-0.585247200953314,NaN,NaN,-0.0820058255006488,NaN,-0.813915961898329,-0.764290097387051
497.2544,-0.908480329603298,0.944479921736142,-0.136455679634387,0.289909580510959,0.245548878006922,0.245548878005565,NaN,0.00149012463249653,0.145148358823093,-0.361831152018505,-1.0445607118987,-0.361831152018362,0.72521961432137,-0.609519460838987,NaN,NaN,NaN,-0.604612518973277,NaN,0.488478563926428,-0.355814359943648,NaN,1.28882356397924,NaN,NaN,0.587427201174547,NaN,NaN,-0.376157162155364,-0.65830601121996,-0.00912051867935108,0.266106809902335,NaN,NaN,0.575527745387379,0.440412515755951,0.601535816425999,0.0481141784121796,0.0481141784135758,-0.551872763747509,0.791308985337101,NaN,NaN,0.485118057733203,-0.590642916242458,NaN,NaN,-0.0632575614847728,NaN,-0.827908272201676,-0.760625774983618
497.3568,-0.901666678418918,0.942240544751577,-0.131033181546106,0.289521031992936,0.238959928102537,0.238959928101168,NaN,0.00750428044533464,0.143182074513208,-0.338422300625784,-1.04038945084687,-0.338422300625626,0.720083824589231,-0.600099923888305,NaN,NaN,NaN,-0.601285374850614,NaN,0.496065957627459,-0.350547550459603,NaN,1.2838343238682,NaN,NaN,0.600908069670285,NaN,NaN,-0.377476889384284,-0.670008012611516,-0.0221402215438689,0.268689646588964,NaN,NaN,0.570270829007503,0.424707033251774,0.590851000746927,0.0689200833439119,0.0689200833453404,-0.556031550092302,0.79813605107839,NaN,NaN,0.496081182220066,-0.595541479987993,NaN,NaN,-0.0445470147176563,NaN,-0.841325729791102,-0.756404256194691
497.4592,-0.89396331833114,0.939313638732193,-0.125261432547914,0.289223803882522,0.232109556670424,0.232109556669045,NaN,0.0135416098200643,0.141400017581701,-0.314811975058262,-1.03637743373386,-0.314811975058092,0.715380519364479,-0.591380985897528,NaN,NaN,NaN,-0.597883202047651,NaN,0.503398716988429,-0.345441566955556,NaN,1.27891685373037,NaN,NaN,0.614296449457802,NaN,NaN,-0.378981791950868,-0.681413899989366,-0.0344817162881831,0.271235135606213,NaN,NaN,0.564900351624664,0.409124604596344,0.580458602690443,0.0893773286332336,0.0893773286346938,-0.559589949610074,0.8044377221839,NaN,NaN,0.506344648604582,-0.599936676237556,NaN,NaN,-0.0259176277123557,NaN,-0.854129705874436,-0.751618905974151
497.5616,-0.885399209473588,0.935704792222208,-0.119167048313717,0.2890030690094,0.224987970336182,0.224987970334791,NaN,0.019596647682989,0.139808951196426,-0.291033233803382,-1.03252173956794,-0.291033233803202,0.71107482282607,-0.583327599311075,NaN,NaN,NaN,-0.594402616313812,NaN,0.510461420087251,-0.340497498916093,NaN,1.27407153668728,NaN,NaN,0.627588096427887,NaN,NaN,-0.380647865377773,-0.692484432775887,-0.0461403084914691,0.273762553105681,NaN,NaN,0.559440603148859,0.393710266155646,0.570382075032432,0.109453551421776,0.109453551423268,-0.562546996183595,0.810200170000834,NaN,NaN,0.515888414665234,-0.603824462575444,NaN,NaN,-0.00741151876083249,NaN,-0.866283849122268,-0.746264957418011
497.664,-0.876005139334503,0.93141952294068,-0.112778708478959,0.288842944203253,0.217586851415845,0.217586851414443,NaN,0.0256636362219886,0.138414737261279,-0.267118615503786,-1.0288179666655,-0.267118615503593,0.707131047923045,-0.575901366830954,NaN,NaN,NaN,-0.590840816743146,NaN,0.517240763563311,-0.335716795668192,NaN,1.26929840014475,NaN,NaN,0.640778379486279,NaN,NaN,-0.382450794790177,-0.703182786082337,-0.057113697548854,0.276290779675107,NaN,NaN,0.553914440790989,0.37850725438247,0.5606420573578,0.129120287895725,0.129120287897248,-0.564904005745194,0.815411547484149,NaN,NaN,0.524695071058633,-0.607203061591383,NaN,NaN,0.0109307868553378,NaN,-0.877754423843576,-0.74033964812871
497.7664,-0.865813660752509,0.926463345828983,-0.106127026996603,0.288726705598932,0.209899312463239,0.209899312461822,NaN,0.0317364028670017,0.137222214893444,-0.243100100474688,-1.02526026487752,-0.243100100474486,0.703512974867127,-0.569060827957019,NaN,NaN,NaN,-0.587195579847785,NaN,0.523725601044789,-0.331101132146214,NaN,1.26459705468757,NaN,NaN,0.653862307498743,NaN,NaN,-0.38436604727896,-0.713474698578938,-0.0674019682243878,0.278838252317302,NaN,NaN,0.548343288702468,0.363556769460458,0.551256300294244,0.14835301198486,0.148353011986414,-0.566664561830537,0.820062011281944,NaN,NaN,0.532749875252683,-0.610073040092016,NaN,NaN,0.0290705921683562,NaN,-0.888510657336988,-0.733842346410284
497.8688,-0.854859020957366,0.920841847187076,-0.0992444071645735,0.288637032079315,0.201919819573474,0.201919819572042,NaN,0.037808249459109,0.136235068360843,-0.21900910085565,-1.02184139212961,-0.219009100855439,0.700184141922175,-0.562761790316728,NaN,NaN,NaN,-0.583465252671514,NaN,0.529906943807203,-0.326652274716503,NaN,1.2599666533159,NaN,NaN,0.666834566751285,NaN,NaN,-0.386368969209894,-0.723328616779255,-0.077007556631683,0.281422908476212,NaN,NaN,0.542747151953409,0.348897751350294,0.542239611610174,0.16713114601816,0.167131146019746,-0.567834476969511,0.824143725606971,NaN,NaN,0.540040759759399,-0.612437366577075,NaN,NaN,0.0469712464539514,NaN,-0.898525048778834,-0.726774645821397
497.9712,-0.843177073637447,0.914560772127265,-0.0921648659860233,0.288556266098518,0.193644104955859,0.193644104954409,NaN,0.0438718627810169,0.13545569850298,-0.194876457623237,-1.0185527984577,-0.194876457623018,0.697108162216275,-0.556957726667836,NaN,NaN,NaN,-0.57964872917089,NaN,0.535777948325493,-0.32237193190894,NaN,1.25540587223155,NaN,NaN,0.679689570855442,NaN,NaN,-0.38843489094097,-0.732715838494518,-0.0859351819614028,0.284062111936676,NaN,NaN,0.537144639545917,0.334566680838616,0.533603826220534,0.185438044424969,0.185438044426585,-0.568421723992166,0.827650850354591,NaN,NaN,0.546558320101735,-0.614301431417322,NaN,NaN,0.064598364391224,NaN,-0.907773613853008,-0.719140423129751
498.0736,-0.830805168179897,0.907626126762754,-0.0849238201693967,0.288466677723265,0.185069081835424,0.185069081833958,NaN,0.0499192575972763,0.134885111556757,-0.170732426687196,-1.01538473094081,-0.170732426686968,0.694249064713878,-0.551600236389638,NaN,NaN,NaN,-0.575745403415125,NaN,0.541333897975671,-0.318261588867654,NaN,1.25091291347314,NaN,NaN,0.692421520643064,NaN,NaN,-0.390539239087244,-0.741610654291577,-0.0941917430880522,0.286772559030019,NaN,NaN,0.531552994228671,0.320597417669469,0.525357803047089,0.203260948629707,0.203260948631353,-0.568436332641945,0.830579515281818,NaN,NaN,0.552295786333261,-0.615673018739855,NaN,NaN,0.0819200500156336,NaN,-0.916236060656977,-0.710945868554912
498.176,-0.817782015747151,0.900044285762528,-0.0775578419077265,0.288350722066714,0.176192759784373,0.176192759782888,NaN,0.055941761559566,0.134522831940826,-0.146606652464442,-1.01232635024713,-0.146606652464208,0.691571634797895,-0.54663954108951,NaN,NaN,NaN,-0.571755110258008,NaN,0.546572166281369,-0.314322347282942,NaN,1.24648552707812,NaN,NaN,0.705024468284474,NaN,NaN,-0.392657654507182,-0.749990477950644,-0.101786190098829,0.289570173258952,NaN,NaN,0.525988129739954,0.307021074334057,0.517507449694962,0.220590914071892,0.220590914073566,-0.56789025631426,0.832927781065999,NaN,NaN,0.557248977998136,-0.616562235899586,NaN,NaN,0.0989071042527415,NaN,-0.923895901122642,-0.702199493045987
498.2784,-0.804147539388288,0.891822093683117,-0.0701044028387229,0.288191283671185,0.167014160047638,0.167014160046132,NaN,0.0619300397841876,0.134366838308732,-0.122528138867875,-1.0093658573505,-0.122528138867633,0.689041724765851,-0.542024977852087,NaN,NaN,NaN,-0.567678076704689,NaN,0.551492148716737,-0.310554805972088,NaN,1.24212104463845,NaN,NaN,0.717492377491214,NaN,NaN,-0.394766115017729,-0.757835957914842,-0.108729384025633,0.292469997706783,NaN,NaN,0.520464675593984,0.293865912273394,0.51005577149816,0.237422716356169,0.237422716357873,-0.566797224961245,0.834695589337977,NaN,NaN,0.561416242086256,-0.61698142093407,NaN,NaN,0.115533186967647,NaN,-0.930740503902385,-0.69291210980488
498.3808,-0.789942719620703,0.882966955238265,-0.0626016230935404,0.287971905023924,0.157533233845907,0.157533233844382,NaN,0.0678741432432459,0.134413518353201,-0.0985252289253926,-1.00649063254573,-0.0985252289251473,0.686626514583184,-0.537705460030188,NaN,NaN,NaN,-0.563514902699844,NaN,0.556095171129371,-0.30695900040881,NaN,1.23781641507634,NaN,NaN,0.729819174860926,NaN,NaN,-0.396841056612837,-0.765131062341987,-0.11503395611376,0.295486093801065,NaN,NaN,0.514996030140207,0.281157247322969,0.503002938862464,0.253754746369585,0.253754746371317,-0.5651726034012,0.835884707504309,NaN,NaN,0.564798378643836,-0.616945049165642,NaN,NaN,0.131774918154243,NaN,-0.936761096070996,-0.683096790000387
498.4832,-0.775209442538186,0.873486914855596,-0.0550880328386267,0.287676999323988,0.147750780025621,0.147750780024078,NaN,0.0737635633253114,0.134657639168942,-0.0746255999277598,-1.00368738406241,-0.07462559992751,0.684294713690636,-0.533629884320257,NaN,NaN,NaN,-0.559266572728912,NaN,0.56038439623743,-0.303534382535179,NaN,1.23356824046145,NaN,NaN,0.741998792531832,NaN,NaN,-0.398859478267858,-0.771863125560531,-0.120714175983268,0.298631456392097,NaN,NaN,0.509594425730361,0.268917360374575,0.496346368432959,0.269588900959203,0.269588900960966,-0.56303326635663,0.836498675192987,NaN,NaN,0.567398562720747,-0.616469648607514,NaN,NaN,0.14761192081254,NaN,-0.941952726993704,-0.672768799529492
498.5856,-0.759990346139782,0.863390726842311,-0.0476023403984922,0.287292044844538,0.137668359944195,0.137668359942635,NaN,0.0795872882902605,0.135092336975744,-0.0508562720525307,-1.00094230406122,-0.0508562720522781,0.682016708551486,-0.529747488313406,NaN,NaN,NaN,-0.554934485266908,NaN,0.56436473763834,-0.300279806331829,NaN,1.22937281853303,NaN,NaN,0.754025202120941,NaN,NaN,-0.400799021160543,-0.778022846854426,-0.125785831652303,0.301917951269452,NaN,NaN,0.504271009513325,0.257165420285012,0.490080818085556,0.284930467105173,0.284930467106968,-0.560397487230464,0.836542753855238,NaN,NaN,0.569222267303524,-0.615573716821678,NaN,NaN,0.16302682179774,NaN,-0.946314208331699,-0.661945519750949
498.688,-0.744328651804353,0.852687917171234,-0.0401831917332288,0.286803753065775,0.127288221437837,0.12728822143626,NaN,0.0853338720306691,0.135709137679394,-0.0272436166114318,-0.998241234504261,-0.0272436166111758,0.679764675222641,-0.526008186824059,NaN,NaN,NaN,-0.550520481295247,NaN,0.568042773676462,-0.297193502372101,NaN,1.22522620149464,NaN,NaN,0.765892437841571,NaN,NaN,-0.402638028619917,-0.783604243010872,-0.13026611416791,0.305356272194703,NaN,NaN,0.499035937570921,0.24591743174089,0.484198500586971,0.299787987081481,0.299787987083307,-0.55728482612078,0.836023874311347,NaN,NaN,0.570277183906538,-0.614277619577624,NaN,NaN,0.178005234469677,NaN,-0.94984802661936,-0.650646340356153
498.7904,-0.728267971627351,0.841388837197794,-0.0328689108299016,0.286200202092741,0.11661325041251,0.116613250410917,NaN,0.0909915249283195,0.136498018510926,-0.00381334640761301,-0.995569841871832,-0.0038133464073551,0.677512676940104,-0.522362907959105,NaN,NaN,NaN,-0.546026854340762,NaN,0.57142665074905,-0.294273046261657,NaN,1.22112427328847,NaN,NaN,0.777594606561685,NaN,NaN,-0.404355598616389,-0.788604564799561,-0.134173495543681,0.308955909670077,NaN,NaN,0.493898474001589,0.235186218528984,0.478689222180574,0.31417308792129,0.314173087923146,-0.553716002242876,0.834950575284005,NaN,NaN,0.570573134144758,-0.612603454119715,NaN,NaN,0.192535740393212,NaN,-0.952560209717479,-0.638892510699568
498.8928,-0.711852098169082,0.829504710893582,-0.0256972267347055,0.285470931417154,0.105646958538006,0.105646958536394,NaN,0.0965482269491765,0.137447508766301,0.0194095160790439,-0.992913792935701,0.0194095160793035,0.675236754158016,-0.518763927454498,NaN,NaN,NaN,-0.541456337184177,NaN,0.574525963827688,-0.291515334907383,NaN,1.2170628335482,NaN,NaN,0.789125881558928,NaN,NaN,-0.405931638014818,-0.7930241953169,-0.137527593524538,0.3127251261044,NaN,NaN,0.488867084937727,0.224981445891087,0.473540547405452,0.328100267371445,0.32810026737333,-0.54971274639741,0.833332928192977,NaN,NaN,0.570121966784375,-0.610574875723445,NaN,NaN,0.206609864131072,NaN,-0.95446014238957,-0.626706957996205
498.9952,-0.695124798166763,0.817047680787629,-0.0187050060961469,0.284606999764796,0.0943934931446827,0.0943934931430579,NaN,0.10199186344798,0.138544816829026,0.0424006770424632,-0.990258924912794,0.0424006770427245,0.672915002389652,-0.515165189838367,NaN,NaN,NaN,-0.536812080342751,NaN,0.577351594349689,-0.288916588955304,NaN,1.2130376685904,NaN,NaN,0.800480477247663,NaN,NaN,-0.407346925024374,-0.796866549148828,-0.140349024075263,0.316670937893842,NaN,NaN,0.483949521195191,0.215309677352789,0.468737983383395,0.341586645608869,0.341586645610783,-0.545297642175044,0.831182446939367,NaN,NaN,0.56893743795251,-0.608216902449806,NaN,NaN,0.220222013207423,NaN,-0.955560354634036,-0.614114101377611
499.0976,-0.67812963346018,0.804030858315085,-0.0119280114852922,0.283601011003434,0.0828576364419621,0.0828576364403232,NaN,0.107310389607803,0.139775971044013,0.065136593040214,-0.987591407883814,0.0651365930404773,0.670527627717241,-0.511522603247275,NaN,NaN,NaN,-0.532097645256773,NaN,0.579915493037069,-0.286472398489131,NaN,1.20904459492759,NaN,NaN,0.811652609998243,NaN,NaN,-0.40858317723825,-0.800137979337993,-0.142659248738426,0.320799110537945,NaN,NaN,0.479152890497976,0.206174455305165,0.464265172119942,0.354651703204679,0.35465170320662,-0.540493972401959,0.828511986384498,NaN,NaN,0.567035078139232,-0.605555718212444,NaN,NaN,0.233369358267613,NaN,-0.95587632174079,-0.601139688499688
499.2,-0.660909821044192,0.790468379011337,-0.00540069813178259,0.282447113711886,0.0710447681639628,0.0710447681623112,NaN,0.112492021706298,0.141125967236918,0.0875944596983092,-0.984897896789215,0.0875944596985744,0.66805696982138,-0.507794293168479,NaN,NaN,NaN,-0.527317024012327,NaN,0.582230416175212,-0.284177816671225,NaN,1.20507947160771,NaN,NaN,0.822636459298872,NaN,NaN,-0.409623110084558,-0.802847687067535,-0.144480426715633,0.325114175363355,NaN,NaN,0.474483727109231,0.197576396590362,0.460104080155259,0.367317024494323,0.36731702449629,-0.535325585428282,0.825335636493112,NaN,NaN,0.564432053968442,-0.602618487662057,NaN,NaN,0.246051651784704,NaN,-0.955426314626979,-0.587810667595123
499.3024,-0.64350812975556,0.776375457962881,0.000843949484953447,0.281140977475551,0.0589607958177654,0.0589607958161003,NaN,0.117525440966024,0.14257891906301,0.109752163087377,-0.982165668629357,0.109752163087643,0.665487488964739,-0.503940806826524,NaN,NaN,NaN,-0.522474681730891,NaN,0.584309630308933,-0.282027489694316,NaN,1.20113818741885,NaN,NaN,0.833426140704606,NaN,NaN,-0.410450471504857,-0.805007628970877,-0.145835276572684,0.329619473133562,NaN,NaN,0.46994806848436,0.189513303939422,0.456235179219197,0.379606057279665,0.37960605728166,-0.529816785037458,0.821668616386335,NaN,NaN,0.561147030256382,-0.599433183844207,NaN,NaN,0.258271001969992,NaN,-0.954231323681709,-0.574155096304408
499.4048,-0.625966801883963,0.761768442311258,0.00677455109423501,0.279679742916032,0.0466120796578288,0.0466120796561504,NaN,0.12239999877624,0.144118212491751,0.131588203738367,-0.979382744734797,0.131588203738632,0.662805724611404,-0.499925274521622,NaN,NaN,NaN,-0.517575607725361,NaN,0.586166593414473,-0.280015797675797,NaN,1.19721663531658,NaN,NaN,0.844015689900042,NaN,NaN,-0.411050054131288,-0.806632421383442,-0.146746944514387,0.334317223022075,NaN,NaN,0.46555154415526,0.181980302542515,0.452637617712563,0.391543890337829,0.391543890339852,-0.52399223615415,0.817527167751314,NaN,NaN,0.557200033462041,-0.596028418042492,NaN,NaN,0.270031621837316,NaN,-0.952315053725242,-0.560202078658785
499.5072,-0.608327485103441,0.746664862252235,0.0123614514327103,0.278061939661338,0.0340053818372532,0.0340053818355615,NaN,0.127105922628447,0.145726672355689,0.153081616290667,-0.976538003326441,0.153081616290933,0.660000240648103,-0.495713542895624,NaN,NaN,NaN,-0.51262535543745,NaN,0.587814624014741,-0.278136969912261,NaN,1.19331068576342,NaN,NaN,0.854399052552056,NaN,NaN,-0.411407696907239,-0.807739238794342,-0.147238875835953,0.339208611752645,NaN,NaN,0.461299475891093,0.17497001195528,0.449289388841781,0.403157041941219,0.403157041943272,-0.517876873704909,0.812928446497216,NaN,NaN,0.552612317456811,-0.592433256031027,NaN,NaN,0.281339566345217,NaN,-0.949703977717957,-0.545981717405884
499.6096,-0.590631162067308,0.731083482424448,0.0175768439534491,0.2762873719705,0.0211478595242681,0.021147859522563,NaN,0.131634522605,0.147386749838476,0.174211911360041,-0.973621285884287,0.174211911360306,0.657061570398794,-0.491274291355294,NaN,NaN,NaN,-0.507630050678717,NaN,0.589266581563835,-0.276385139613948,NaN,1.18941616493052,NaN,NaN,0.864570079935669,NaN,NaN,-0.411510286721496,-0.808347699592339,-0.147334690098598,0.344293897024583,NaN,NaN,0.457196984090404,0.168472758772729,0.446167504055866,0.414473248190039,0.414473248192118,-0.511495803997819,0.807890413968669,NaN,NaN,0.547406235096168,-0.588677007639261,NaN,NaN,0.292202461844426,NaN,-0.946427440304895,-0.531525072590289
499.712,-0.572918072925856,0.715044350453009,0.0223948996959329,0.274356978692289,0.00804710439403178,0.0080471043923104,NaN,0.135978391810522,0.149080732418692,0.194959055833302,-0.97062349385675,0.194959055833567,0.65398216579376,-0.486579134346795,NaN,NaN,NaN,-0.502596360316666,NaN,0.590534581283258,-0.27475433153902,NaN,1.18552883950647,NaN,NaN,0.874522533035533,NaN,NaN,-0.41134576756693,-0.808479736722316,-0.147058058428733,0.349572515385657,NaN,NaN,0.453249093176168,0.16247682760684,0.443248178319123,0.425521240505988,0.425521240508095,-0.504874195025669,0.802431729586826,NaN,NaN,0.541605120382613,-0.584788987113695,NaN,NaN,0.302629231749691,NaN,-0.942517779500311,-0.516864116060774
499.8144,-0.555227638920886,0.698568833831111,0.0267918843874532,0.272272674819123,-0.00528878535169307,-0.00528878535342691,NaN,0.140131589544705,0.150790966569211,0.215303486192936,-0.967536664826438,0.215303486193199,0.650756340791695,-0.481602701003149,NaN,NaN,NaN,-0.497531435865497,NaN,0.591629750315829,-0.273238414049011,NaN,1.18164440871283,NaN,NaN,0.884250095647857,NaN,NaN,-0.410903161645532,-0.80815945973629,-0.146432579648377,0.355043182831516,NaN,NaN,0.449460828483456,0.156968737379308,0.44050702750657,0.436330507577711,0.436330507579844,-0.498037162832396,0.79657164567567,NaN,NaN,0.535233184610778,-0.580798258120211,NaN,NaN,0.312629825158285,NaN,-0.938010402478999,-0.502031667753477
499.9168,-0.537598403179168,0.681679634088876,0.0307462360985975,0.270037176640661,-0.0188511171887459,-0.0188511171904943,NaN,0.144089794396409,0.152500077338071,0.235226132193355,-0.964354011525576,0.235226132193617,0.647380183649456,-0.476322666580772,NaN,NaN,NaN,-0.492442858854537,NaN,0.592562020578709,-0.271831057273377,NaN,1.1777585056422,NaN,NaN,0.893746397611107,NaN,NaN,-0.410172597675198,-0.80741301384177,-0.145481661310161,0.360703986621995,NaN,NaN,0.445837298699973,0.151933522488028,0.437919271440745,0.446931046910436,0.446931046912597,-0.491009670676498,0.790329906893464,NaN,NaN,0.528315428478585,-0.576733390351136,NaN,NaN,0.322214949487056,NaN,-0.93294376575509,-0.487061310416032
500.0192,-0.520067998216513,0.664400768399317,0.0342385840994509,0.267653807343874,-0.0326305152522051,-0.0326305152539631,NaN,0.147850416200102,0.154191174181218,0.254708430882666,-0.961069910986592,0.254708430882926,0.643851411562659,-0.470719705833676,NaN,NaN,NaN,-0.487338605832327,NaN,0.593339965344358,-0.270525717666075,NaN,1.17386671235494,NaN,NaN,0.903005053027974,NaN,NaN,-0.409145333216307,-0.806268433037488,-0.144228422090368,0.366552478787619,NaN,NaN,0.442383759990379,0.147355000890779,0.435459933081543,0.457353118244816,0.457353118247008,-0.483816460505452,0.783726661397316,NaN,NaN,0.520877573178146,-0.57262225549043,NaN,NaN,0.331395800603571,NaN,-0.927359250668691,-0.471987293068973
500.1216,-0.502673134601013,0.646757514235587,0.0372517110086021,0.265126282783418,-0.0466168481451721,-0.0466168481469384,NaN,0.151412661056223,0.155848041696466,0.273732324665109,-0.957679848775772,0.273732324665368,0.640169161680034,-0.464777363945264,NaN,NaN,NaN,-0.482227034405828,NaN,0.593970702254971,-0.269315649522746,NaN,1.16996459020071,NaN,NaN,0.912019718553577,NaN,NaN,-0.407813758596851,-0.804755480735248,-0.142695629420613,0.372585780824735,NaN,NaN,0.439105661992623,0.143216020289617,0.433104026320208,0.467627010631874,0.467627010634096,-0.476482029403998,0.776782392207504,NaN,NaN,0.512946013181466,-0.568491878535193,NaN,NaN,0.340183783441829,NaN,-0.921300949126142,-0.456844431341556
500.224,-0.485449597075431,0.628776322239269,0.039770477912251,0.262458490101023,-0.0607991930441332,-0.0607991930459094,NaN,0.154777549633217,0.157455314377152,0.292280243684791,-0.95418033859701,0.292280243685045,0.636333737081927,-0.458481871118173,NaN,NaN,NaN,-0.477116883706585,NaN,0.594459875720015,-0.268193939019722,NaN,1.1660477207533,NaN,NaN,0.920784171395847,NaN,NaN,-0.406171376279564,-0.802905472621031,-0.140905674415157,0.378800701308752,NaN,NaN,0.436008682647068,0.139498681013297,0.430826729666851,0.477782829418135,0.477782829420386,-0.469030648538755,0.769517871459809,NaN,NaN,0.504547788384301,-0.564368342816819,NaN,NaN,0.348590220587603,NaN,-0.914815394849763,-0.44166800714573
500.3264,-0.46843223666665,0.610484711095534,0.0417817375350906,0.25965428318097,-0.0751658452662387,-0.0751658452680253,NaN,0.157947892032691,0.15899862956922,0.310335075639621,-0.950568836318364,0.310335075639874,0.632346340320506,-0.451821936667816,NaN,NaN,NaN,-0.472017278610227,NaN,0.594811709903344,-0.267153546646856,NaN,1.1621117507948,NaN,NaN,0.929292401273894,NaN,NaN,-0.404212758419332,-0.800751077959151,-0.138880574984596,0.385193862802002,NaN,NaN,0.433098762144073,0.136184537846671,0.428603548299101,0.487850302445698,0.487850302447979,-0.461486406940803,0.761954132738945,NaN,NaN,0.495710567803461,-0.560276732027724,NaN,NaN,0.356626058665311,NaN,-0.907951283217519,-0.426493669833367
500.4288,-0.45165495101874,0.591911160044301,0.0432742581511498,0.256717314983628,-0.0897043624552155,-0.0897043624570084,NaN,0.160928222771995,0.160464755929667,0.327880135632126,-0.946843657890686,0.327880135632376,0.628208828447768,-0.444788552503473,NaN,NaN,NaN,-0.466937720162477,NaN,0.595029121813586,-0.266187326372627,NaN,1.15815243282911,NaN,NaN,0.937538709665366,NaN,NaN,-0.401933495017844,-0.798326097867661,-0.136641992992587,0.391761830803006,NaN,NaN,0.430382140899427,0.133254785342407,0.426410471225868,0.497858596068714,0.497858596071025,-0.453873257347298,0.754112454516497,NaN,NaN,0.486462637124898,-0.556241086571233,NaN,NaN,0.364301601406845,NaN,-0.90075919325029,-0.411357337064406
500.5312,-0.435150648611848,0.573085008562439,0.0442386716401413,0.253650911093148,-0.104401617527475,-0.104401617529275,NaN,0.163724703142613,0.16184170415191,0.344899154935624,-0.943003901691576,0.344899154935872,0.623923506801429,-0.437374818141537,NaN,NaN,NaN,-0.46188804331213,NaN,0.595113896467173,-0.265287991483328,NaN,1.15416564922712,NaN,NaN,0.945517810732307,NaN,NaN,-0.399330145799138,-0.795665222277757,-0.134211254823924,0.398501236863418,NaN,NaN,0.427865396618636,0.130690431001017,0.424224131998825,0.507836124762388,0.507836124764729,-0.4462150486891,0.746014350536568,NaN,NaN,0.476832887305899,-0.552284358077688,NaN,NaN,0.371626300908383,NaN,-0.89329128868268,-0.396295087739597
500.6336,-0.418951200987966,0.554036363513206,0.0446674414486759,0.250457977005255,-0.119243839623217,-0.119243839625026,NaN,0.166345006212882,0.163118828564554,0.361376296578624,-0.93904936707282,0.361376296578867,0.619492947968553,-0.429575771301571,NaN,NaN,NaN,-0.456878335711033,NaN,0.595066922768978,-0.264448026121204,NaN,1.15014741225761,NaN,NaN,0.953224929027083,NaN,NaN,-0.39640019686258,-0.792803769317098,-0.131609373871168,0.405408893049262,NaN,NaN,0.425555470611747,0.12847245582962,0.422021977535121,0.517810342684319,0.517810342686688,-0.438535543298183,0.73768156559597,NaN,NaN,0.466850805292796,-0.548428362285571,NaN,NaN,0.378608613233314,NaN,-0.885600970641492,-0.381343041638547
500.736,-0.403087395216954,0.534796008064027,0.0445548318943729,0.247140931667887,-0.134216641051169,-0.134216641052985,NaN,0.168798201168332,0.16428691934353,0.377296187069154,-0.934980456670859,0.377296187069393,0.614919800639862,-0.421388188935457,NaN,NaN,NaN,-0.451918830419019,NaN,0.594888470389533,-0.263659566875507,NaN,1.14609384265748,NaN,NaN,0.960655891230864,NaN,NaN,-0.393142010167783,-0.78977741156348,-0.128857081796065,0.412481902726318,NaN,NaN,0.423459677757549,0.126581956350176,0.419782442226197,0.527807518741015,0.527807518743412,-0.430858426728824,0.729136075710961,NaN,NaN,0.456546468154044,-0.544693743393039,NaN,NaN,0.385255898292219,NaN,-0.877742484309112,-0.366537232493216
500.8384,-0.387588896902728,0.515395305672838,0.0438968614578465,0.243701665560871,-0.14930504387597,-0.149305043877793,NaN,0.171094644250293,0.165338276460258,0.392643946899603,-0.930798054568092,0.392643946899839,0.610206559923538,-0.412810331305461,NaN,NaN,NaN,-0.447019795881577,NaN,0.594578483039226,-0.262914277877017,NaN,1.14200113724468,NaN,NaN,0.967807212935808,NaN,NaN,-0.389554754348798,-0.786621894087315,-0.125974876703278,0.419717775936532,NaN,NaN,0.42158570113068,0.125000262557113,0.417485120319081,0.537852504634573,0.537852504636999,-0.42320731896267,0.720400092213439,NaN,NaN,0.445950541476249,-0.541099961498619,NaN,NaN,0.391574344096473,NaN,-0.869770513855593,-0.351913491177279
500.9408,-0.372484225003906,0.495866093494752,0.0426912335389036,0.24014152263288,-0.164493528427224,-0.164493528429058,NaN,0.17324587239083,0.166266757213221,0.407405211073967,-0.926503379337353,0.407405211074201,0.605355298196155,-0.403841628079363,NaN,NaN,NaN,-0.442191442359722,NaN,0.594136878989384,-0.262203229815099,NaN,1.13786553922743,NaN,NaN,0.974676183698767,NaN,NaN,-0.385638318451593,-0.783372750087559,-0.122983088264783,0.427114552177162,NaN,NaN,0.41994157246955,0.123709032427528,0.415110930467472,0.547968505680799,0.547968505683255,-0.415605790797392,0.711496070427623,NaN,NaN,0.435094284282022,-0.537665303970185,NaN,NaN,0.397568915630368,NaN,-0.861739795083732,-0.337507350151425
501.0432,-0.35780073242335,0.476240562862149,0.0409372491613532,0.236461299384115,-0.179766122418227,-0.179766122420068,NaN,0.175264488770635,0.167067797655102,0.421566145514378,-0.922097814372234,0.421566145514609,0.600367379631082,-0.394482326837936,NaN,NaN,NaN,-0.437443848666806,NaN,0.593563868601701,-0.261516783788159,NaN,1.13368332250803,NaN,NaN,0.981260953644395,NaN,NaN,-0.381393218484041,-0.78006501880672,-0.119901950345807,0.434670925189316,NaN,NaN,0.418535636923254,0.122690330793296,0.412642269882705,0.558176861369129,0.558176861371614,-0.408077383821651,0.702446724522471,NaN,NaN,0.424009564644337,-0.534406911910735,NaN,NaN,0.403243344758591,NaN,-0.853704749035254,-0.323353968364477
501.1456,-0.343564582800177,0.45655113282722,0.0386357175334196,0.232661251727646,-0.195106528197477,-0.195106528199333,NaN,0.177164030086919,0.167738416224567,0.435113475101837,-0.917582724477851,0.435113475102065,0.595243193725424,-0.384733135639417,NaN,NaN,NaN,-0.432786895700949,NaN,0.592860302109196,-0.260844473121426,NaN,1.12945079318869,NaN,NaN,0.987560624605768,NaN,NaN,-0.37682050199707,-0.776732966114389,-0.116751667280812,0.44238635944959,NaN,NaN,0.417376505067349,0.121926704601495,0.410063160365664,0.568496836070744,0.568496836073259,-0.400645626920162,0.693275048971832,NaN,NaN,0.412728886951516,-0.531340806730442,NaN,NaN,0.408600175500859,NaN,-0.845719133393676,-0.309488071864158
501.248,-0.329800712796665,0.43683033000029,0.0357888881980437,0.228741108877209,-0.210498265041948,-0.210498265043816,NaN,0.178958816384035,0.168277208901618,0.448034536797127,-0.912959283374023,0.448034536797353,0.589981950629463,-0.374594905046878,NaN,NaN,NaN,-0.428230186965804,NaN,0.592028039242561,-0.260174874339311,NaN,1.1251643035924,NaN,NaN,0.993575345993374,NaN,NaN,-0.371921653693134,-0.773409808063532,-0.113552455939198,0.450261183219754,NaN,NaN,0.416473003887356,0.121401264562679,0.407359391918824,0.578945413894122,0.578945413896668,-0.393334037150681,0.684004341439992,NaN,NaN,0.40128542093929,-0.528481899967517,NaN,NaN,0.413640865620277,NaN,-0.837835709765423,-0.295943899377779
501.3504,-0.316532773462642,0.417110683601231,0.0324004198933441,0.224700104239304,-0.225924803734868,-0.22592480373675,NaN,0.180663796322622,0.168684339510185,0.460317358230587,-0.908228345257857,0.460317358230811,0.584581578177674,-0.364068402182018,NaN,NaN,NaN,-0.423782948756275,NaN,0.591070309050716,-0.2594954742734,NaN,1.12082027452395,NaN,NaN,0.999306409730737,NaN,NaN,-0.366698512323995,-0.770127444880823,-0.110324546168287,0.45829664055353,NaN,NaN,0.415834138477389,0.121097773679587,0.404518667672746,0.589537093068355,0.589537093070931,-0.386166095914162,0.674658217171141,NaN,NaN,0.389713014723716,-0.525843979086917,NaN,NaN,0.418365934322059,NaN,-0.830105910269969,-0.282755128700934
501.4528,-0.303783056070387,0.39742463207562,0.0284753769086594,0.220537034288259,-0.241369689430726,-0.24136968943262,NaN,0.18229439912525,0.168961521076456,0.471950747756855,-0.90339037734227,0.471950747757079,0.579038734216655,-0.353154203792103,NaN,NaN,NaN,-0.419453924120609,NaN,0.58999202975941,-0.258792562761084,NaN,1.11641522985312,NaN,NaN,1.00475633666491,NaN,NaN,-0.36115321000202,-0.766916217000797,-0.10708813713223,0.466494894110076,NaN,NaN,0.415469067376143,0.121000731143748,0.401530747317025,0.600283683667499,0.600283683670104,-0.379165203769286,0.66526060781168,NaN,NaN,0.378046178771775,-0.523439681360243,NaN,NaN,0.42277513649129,NaN,-0.822579474870775,-0.269954759445116
501.5552,-0.291572418332268,0.377804431228293,0.0240202263997199,0.216250348588317,-0.256816670804377,-0.256816670806281,NaN,0.183866390845592,0.16911197967311,0.482924376743943,-0.898445444228164,0.482924376744167,0.573348909070757,-0.34185268720936,NaN,NaN,NaN,-0.415251284551328,NaN,0.588800068883628,-0.258051179758185,NaN,1.11194585141353,NaN,NaN,1.00992895189618,NaN,NaN,-0.355288134316376,-0.76380469250385,-0.103863324477781,0.474858986911083,NaN,NaN,0.415387087053357,0.121095436872511,0.398387579829231,0.61119412262321,0.611194122625843,-0.37235462531462,0.65583574355824,NaN,NaN,0.366320037760918,-0.52128047734387,NaN,NaN,0.426867636316714,NaN,-0.815304037876629,-0.257574948019214
501.6576,-0.279920225893565,0.358282058598504,0.0190428155754338,0.211838264775051,-0.272249859267073,-0.272249859268985,NaN,0.18539572410779,0.169140394851242,0.493228841436616,-0.893393223592772,0.493228841436841,0.567506570019501,-0.330164068790342,NaN,NaN,NaN,-0.411182574607937,NaN,0.587503426025822,-0.257255120242562,NaN,1.10740905286557,NaN,NaN,1.01482945150475,NaN,NaN,-0.349105905029462,-0.760819492346322,-0.100670014578683,0.483392778814005,NaN,NaN,0.415597618989521,0.121368031757687,0.395083414003401,0.622274326740881,0.622274326743542,-0.365757431915121,0.646408119989313,NaN,NaN,0.354570252137666,-0.519376674854399,NaN,NaN,0.430642159871797,NaN,-0.808324664034948,-0.245646808692568
501.76,-0.268844313941526,0.338889116655649,0.0135523258007483,0.207298897676385,-0.287653924534413,-0.287653924536333,NaN,0.18689837817789,0.169052818834021,0.50285570253302,-0.88823303661648,0.502855702533249,0.561505307282553,-0.318088448561154,NaN,NaN,NaN,-0.407254688800898,NaN,0.586113323058403,-0.256386978095737,NaN,1.10280205758046,NaN,NaN,1.01946446133174,NaN,NaN,-0.342609357839044,-0.757985154476903,-0.0975278310352554,0.492100869758692,NaN,NaN,0.416110194555199,0.121805521118114,0.39161487912169,0.633527099658909,0.633527099661598,-0.359396441076849,0.637002449857732,NaN,NaN,0.342832909980456,-0.517737437786322,NaN,NaN,0.434097124185225,NaN,-0.801683364111526,-0.234200192968645
501.8624,-0.258360962658556,0.319656740467344,0.00755921561144421,0.202630394530214,-0.303014311376402,-0.303014311378332,NaN,0.188390199931143,0.168856582843208,0.511797509552673,-0.88296388584672,0.511797509552905,0.555337969622336,-0.305625853174129,NaN,NaN,NaN,-0.403473867554425,NaN,0.584643193830225,-0.255428203310448,NaN,1.09812246348508,NaN,NaN,1.02384208229565,NaN,NaN,-0.335801532586702,-0.755324030072019,-0.0944560093960827,0.500988515142967,NaN,NaN,0.416934436973563,0.122395793895602,0.387981036371633,0.644952091859021,0.644952091861739,-0.35329414305381,0.627643597742313,NaN,NaN,0.331144386914804,-0.516370804734594,NaN,NaN,0.437230751282102,NaN,-0.795418636526809,-0.223263449508766
501.9648,-0.248484871975839,0.30061551222602,0.00107517072263687,0.197831074483402,-0.318317455699873,-0.31831745570181,NaN,0.189886757773132,0.168560199299551,0.520047823145635,-0.877584502005404,0.520047823145873,0.548996800318843,-0.292776295916455,NaN,NaN,NaN,-0.399845693166375,NaN,0.583108578203948,-0.254359148625493,NaN,1.09336829078968,NaN,NaN,1.02797191356351,NaN,NaN,-0.328685666133457,-0.75285620187573,-0.0914732760064365,0.510061534893517,NaN,NaN,0.418080043013091,0.123127648850612,0.38418340864103,0.656545798002944,0.656545798005688,-0.347472602080083,0.618356495292891,NaN,NaN,0.319541172820816,-0.515283690306365,NaN,NaN,0.44004117810298,NaN,-0.789565078984498,-0.212863169306268
502.0672,-0.239229122061278,0.281795379100592,-0.00588692733250333,0.19289957257027,-0.333550983985956,-0.333550983987903,NaN,0.19140320946809,0.168173265754524,0.527601248044932,-0.872093404135054,0.527601248045177,0.542473586443959,-0.279539872733395,NaN,NaN,NaN,-0.396375071355322,NaN,0.581526940904235,-0.253159093985442,NaN,1.08853802476298,NaN,NaN,1.03186504638585,NaN,NaN,-0.32126519162987,-0.750599419376438,-0.0885977137088932,0.51932621706337,NaN,NaN,0.419556766171706,0.123990834238134,0.38022599721869,0.66830157415316,0.668301574155931,-0.341953326602918,0.609166038823196,NaN,NaN,0.30805967007746,-0.51448185885912,NaN,NaN,0.442526568058555,NaN,-0.784153108337962,-0.203023935753801
502.1696,-0.230605121208124,0.263225568749471,-0.0133130209005355,0.187834984009413,-0.348703890072903,-0.348703890074859,NaN,0.19295417702094,0.167706372841309,0.534453479279894,-0.866488973943073,0.534453479280147,0.535759829273366,-0.265916899783613,NaN,NaN,NaN,-0.393066199557562,NaN,0.579917444940512,-0.251806261297195,NaN,1.08363066883961,NaN,NaN,1.03553402540223,NaN,NaN,-0.313543748198906,-0.748569054378877,-0.085846623364295,0.528789216371068,NaN,NaN,0.421374398081636,0.124976098059138,0.376115287920923,0.680209667930074,0.680209667932871,-0.336757119108393,0.600096976179734,NaN,NaN,0.296735974025502,-0.513969879161373,NaN,NaN,0.444685211586792,NaN,-0.779208803602853,-0.193768104978545
502.272,-0.222622560188213,0.244934502379473,-0.0211879052082227,0.18263699943132,-0.363766687004696,-0.363766687006663,NaN,0.19455362500499,0.167171015083721,0.540601350703191,-0.860769543367194,0.540601350703451,0.528846942535329,-0.251908092877614,NaN,NaN,NaN,-0.389922538238083,NaN,0.578300708147572,-0.250277851992292,NaN,1.07864580989593,NaN,NaN,1.03899277860233,NaN,NaN,-0.305525205048847,-0.746778086014232,-0.0832363919272502,0.538457446943584,NaN,NaN,0.423542742510414,0.126075236889707,0.371860241190928,0.692257267821753,0.692257267824577,-0.331903930274364,0.59117379269521,NaN,NaN,0.285605648924449,-0.513751085758861,NaN,NaN,0.446515589937364,NaN,-0.774753837530414,-0.185115633472495
502.3744,-0.21528939436551,0.226949714222748,-0.0294952819124772,0.177306021030559,-0.378731526436163,-0.378731526438139,NaN,0.196214744566826,0.166579500792567,0.546042868621191,-0.854933498037402,0.546042868621456,0.521726485575032,-0.237514795270449,NaN,NaN,NaN,-0.386946804333566,NaN,0.576698558018264,-0.248550141168319,NaN,1.07358368303694,NaN,NaN,1.04225651826693,NaN,NaN,-0.297213703062853,-0.745237123865156,-0.0807823732897891,0.548337967355435,NaN,NaN,0.426071582250032,0.12728113336717,0.367472257909396,0.704428581136561,0.70442858113941,-0.327412740824789,0.582420604317715,NaN,NaN,0.274703511473214,-0.51382756820129,NaN,NaN,0.44801638915323,NaN,-0.77080544395632,-0.177083965827233
502.4768,-0.208611863138313,0.209297787159624,-0.0382178388364037,0.171843253673611,-0.393592281584245,-0.393592281586229,NaN,0.197949847334598,0.165944856111719,0.55077721833923,-0.848979398241817,0.5507772183395,0.51439043158871,-0.222739257456262,NaN,NaN,NaN,-0.38414099802382,NaN,0.575133776298047,-0.24659864553043,NaN,1.06844522235042,NaN,NaN,1.04534161448555,NaN,NaN,-0.288613717090362,-0.743954474012347,-0.0784987791201764,0.558437857366818,NaN,NaN,0.428970646225962,0.128587783648512,0.362965115551557,0.716704944199829,0.716704944202702,-0.323301478325317,0.573861059377969,NaN,NaN,0.264063428326131,-0.514200187945621,NaN,NaN,0.44918647313185,NaN,-0.767376414359302,-0.169687994720587
502.5792,-0.202594543667696,0.192004302792607,-0.0473373541011765,0.166250768692045,-0.408344604757239,-0.408344604759234,NaN,0.199770274980522,0.165280720598045,0.554804744840371,-0.842906105730777,0.554804744840645,0.506831449016424,-0.207584942396826,NaN,NaN,NaN,-0.381506462195999,NaN,0.573629816690872,-0.244398356048881,NaN,1.06323209150378,NaN,NaN,1.04826544552986,NaN,NaN,-0.279730136845377,-0.742936243513094,-0.0763985749405912,0.568764092630146,NaN,NaN,0.43224958215844,0.129990322398009,0.358354873567405,0.729064964470673,0.729064964473571,-0.319586961590654,0.56551824544522,NaN,NaN,0.253718128503603,-0.51486861020014,NaN,NaN,0.450024831594424,NaN,-0.764475168294624,-0.162940092257727
502.6816,-0.197240429068576,0.175093793678495,-0.0568348250671924,0.160531537236242,-0.422985970918113,-0.422985970920115,NaN,0.201686330305365,0.16460123823043,0.558126924232296,-0.836712892862028,0.558126924232576,0.499043158134996,-0.19205680150069,NaN,NaN,NaN,-0.379043960689978,NaN,0.572210501602981,-0.241924000011159,NaN,1.05794669112724,NaN,NaN,1.05104623384955,NaN,NaN,-0.270568355081427,-0.742186466289941,-0.0744933842417841,0.579323429692689,NaN,NaN,0.435917932719601,0.13148505095232,0.353659751222244,0.741484693311352,0.741484693314274,-0.316284861952271,0.557414599323195,NaN,NaN,0.243699030794462,-0.515831341475029,NaN,NaN,0.450530510627862,NaN,-0.762105934819151,-0.156850190655431
502.784,-0.192551018638152,0.158589687646005,-0.0666906176346725,0.154689428012909,-0.43751569781824,-0.437515697820246,NaN,0.203707230924676,0.163920954745345,0.560746349839054,-0.830399516535866,0.560746349839342,0.491020341218897,-0.176161483672433,NaN,NaN,NaN,-0.376753750274894,NaN,0.570899725812951,-0.239150281857183,NaN,1.05259214046153,NaN,NaN,1.0537028779583,NaN,NaN,-0.261134349623095,-0.741707229116629,-0.0727934069080722,0.590122308692682,NaN,NaN,0.439985110722181,0.13306947321362,0.348899985805626,0.753937824479805,0.753937824482753,-0.313409671286076,0.549571821076637,NaN,NaN,0.234036086483243,-0.517085767377197,NaN,NaN,0.450702527284856,NaN,-0.760269028095621,-0.151425879309914
502.8864,-0.188526408058874,0.142514242336934,-0.0768846243943717,0.148729167173902,-0.451934918252158,-0.45193491825417,NaN,0.205841082004397,0.163254733906438,0.562666749315154,-0.823966253058159,0.562666749315451,0.482759105818181,-0.159907471806421,NaN,NaN,NaN,-0.374635621710619,NaN,0.569721193522401,-0.236052060152903,NaN,1.04717223559544,NaN,NaN,1.05625478944445,NaN,NaN,-0.251434748026171,-0.741498782933558,-0.071307356059915,0.601166772569519,NaN,NaN,0.444460371599115,0.134742345183906,0.344097681851466,0.766395907728407,0.766395907731381,-0.31097466718805,0.542010793113198,NaN,NaN,0.224757637513623,-0.518628182278478,NaN,NaN,0.450539781630913,NaN,-0.758961159712978,-0.146672494718272
502.9888,-0.185165375491962,0.126888472147935,-0.087396425182346,0.142656264146309,-0.466246493182196,-0.466246493184219,NaN,0.208094865378293,0.162617698429512,0.563893031440727,-0.81741389248591,0.563893031441033,0.474256991182344,-0.143305134596706,NaN,NaN,NaN,-0.372688901949252,NaN,0.568698203177396,-0.232604455562539,NaN,1.0416913895026,NaN,NaN,1.05872174170796,NaN,NaN,-0.241476862570235,-0.741559633795535,-0.0700424205030421,0.612462403327151,NaN,NaN,0.449352783026885,0.136503740595798,0.339276659645359,0.77882856677374,0.778828566776741,-0.308991872209995,0.534751505998816,NaN,NaN,0.215890292913023,-0.520453804897817,NaN,NaN,0.450040993358523,NaN,-0.75817574293982,-0.142593204886316
503.0912,-0.182465474421111,0.111732071868,-0.0982054580220047,0.136476910081036,-0.480454886434502,-0.480454886436536,NaN,0.21047444552912,0.162025190303021,0.564431344489583,-0.810743689579444,0.564431344489898,0.465512996360476,-0.126366667339007,NaN,NaN,NaN,-0.37091243090037,NaN,0.567853481341739,-0.22878292905131,NaN,1.03615455623076,NaN,NaN,1.0611237311697,NaN,NaN,-0.231268688366339,-0.741886617716999,-0.0690042637935654,0.624014280440959,NaN,NaN,0.454671191407947,0.138355125379581,0.33446230372733,0.791203720150987,0.791203720154014,-0.307472016258972,0.527812994078636,NaN,NaN,0.20745882855349,-0.522556787583388,NaN,NaN,0.449204675455131,NaN,-0.757903192209974,-0.139189111898197
503.1936,-0.18042315141966,0.0970633429153337,-0.109291214978979,0.130197856855422,-0.494566041039943,-0.494566041041989,NaN,0.212984589806125,0.161492738161355,0.564289121654819,-0.803957277612591,0.564289121655143,0.456527529228217,-0.109105924083835,NaN,NaN,NaN,-0.369304535497016,NaN,0.567209062393657,-0.224563381716524,NaN,1.03056714415253,NaN,NaN,1.06348084701612,NaN,NaN,-0.220818873024311,-0.7424749737697,-0.0681970653452352,0.635826960547496,NaN,NaN,0.460424184387022,0.140299424137622,0.329681404974411,0.803487812221109,0.803487812224163,-0.306424519536306,0.521213284186091,NaN,NaN,0.199486113034478,-0.524930241041972,NaN,NaN,0.44802913062181,NaN,-0.758131243486762,-0.136459395023832
503.296,-0.179033897488078,0.0828991252477001,-0.120633469599413,0.123826286900925,-0.508587284153547,-0.508587284155608,NaN,0.215628991692888,0.161036019910552,0.563475095484663,-0.797056561167847,0.563475095484998,0.447302302825113,-0.0915381825288046,NaN,NaN,NaN,-0.367863018638815,NaN,0.566786220636612,-0.21992230357609,NaN,1.02493493164503,NaN,NaN,1.06581314814603,NaN,NaN,-0.21013667313364,-0.743318429118191,-0.0676236000086077,0.647904469353467,NaN,NaN,0.46662004708091,0.142341058445245,0.324961988690589,0.815646061295417,0.815646061298496,-0.305857512145234,0.514969360652736,NaN,NaN,0.191993059798636,-0.527566298139047,NaN,NaN,0.446512453177358,NaN,-0.758845293569284,-0.134401492577601
503.3984,-0.178292426721241,0.0692547349971564,-0.132212529056496,0.117369682791515,-0.522527260387067,-0.522527260389144,NaN,0.21841028641877,0.160670815797335,0.561999277305839,-0.790043601962496,0.561999277306182,0.437840206972328,-0.0736798830289501,NaN,NaN,NaN,-0.366585169227747,NaN,0.566605460677603,-0.214836970514033,NaN,1.01926399537853,NaN,NaN,1.06814055070173,NaN,NaN,-0.199231903149751,-0.744409297095225,-0.0672853479055086,0.660250298267072,NaN,NaN,0.47326670868073,0.144485943294175,0.320333124675997,0.827642727947078,0.827642727950182,-0.305777896011418,0.509097148099318,NaN,NaN,0.184998604763709,-0.530456227558118,NaN,NaN,0.444652534686527,NaN,-0.760028729900956,-0.133011299025642
503.5008,-0.178192869947189,0.0561439103454303,-0.144009495196755,0.110835701363565,-0.53639588571555,-0.536395885717635,NaN,0.22133005831301,0.16041295314017,0.559872910454455,-0.782920502132431,0.559872910454809,0.428145167236873,-0.0555483548580523,NaN,NaN,NaN,-0.365467788231477,NaN,0.566686551424765,-0.209285673590982,NaN,1.01356064704068,NaN,NaN,1.070482729707,NaN,NaN,-0.188114876297789,-0.74573858025107,-0.067182623755564,0.672867403824762,NaN,NaN,0.480371676918599,0.1467414414582,0.315824720165659,0.839441401756964,0.839441401760095,-0.306191439666908,0.503611508465695,NaN,NaN,0.178519706655444,-0.53359058958632,NaN,NaN,0.442447082482522,NaN,-0.761663227080584,-0.132283352668188
503.6032,-0.178728970694262,0.0435787705026608,-0.156006516235111,0.104232057044271,-0.550204322398232,-0.550204322400328,NaN,0.224388843644887,0.160278244101497,0.55710841427547,-0.775689282590933,0.557108414275832,0.418221993368884,-0.0371615236750759,NaN,NaN,NaN,-0.364507217150356,NaN,0.567048578764403,-0.203247952740359,NaN,1.00783137164866,NaN,NaN,1.07285903528205,NaN,NaN,-0.176796342725129,-0.747296070455419,-0.0673147123923617,0.685758208096024,NaN,NaN,0.487941960243726,0.14911628582929,0.311467301891761,0.85100529577753,0.851005295780688,-0.307102885339006,0.498526244210546,NaN,NaN,0.172571363956801,-0.536959414642503,NaN,NaN,0.439893663892081,NaN,-0.763728988995516,-0.132210996346013
503.7056,-0.179894266599918,0.0315697873615822,-0.168187011008466,0.0975664191470591,-0.56396497276071,-0.563964972762818,NaN,0.227586132850498,0.160282419181732,0.553719341067065,-0.76835175511401,0.553719341067436,0.408076224073183,-0.0185375997612795,NaN,NaN,NaN,-0.3636993504954,NaN,0.567709997835653,-0.196704794270901,NaN,1.0020827707097,NaN,NaN,1.07528841931019,NaN,NaN,-0.165287432695413,-0.749070440248352,-0.0676799955805547,0.698924594267164,NaN,NaN,0.495983980021972,0.151620482300097,0.307291797615008,0.862297530397318,0.8622975304005,-0.30851604484844,0.493854098626691,NaN,NaN,0.16716664027106,-0.540552381167731,NaN,NaN,0.436989789855767,NaN,-0.766204913192268,-0.132786495198444
503.808,-0.181682235460132,0.0201257601971326,-0.180535851770481,0.0908463231692626,-0.577691476721209,-0.577691476723328,NaN,0.230920380693496,0.160441064066242,0.549720365957923,-0.760909393155061,0.549720365958305,0.397713983015578,0.000305236482505613,NaN,NaN,NaN,-0.363039616878805,NaN,0.568688668480849,-0.18963875665521,NaN,0.996321515469865,NaN,NaN,1.07778936497479,NaN,NaN,-0.153599607096567,-0.751049321617313,-0.0682760570600242,0.712367889748402,NaN,NaN,0.50450347567694,0.154265203339606,0.303329327409148,0.873281390120823,0.87328139012403,-0.310433866051819,0.489606746009704,NaN,NaN,0.162316688897766,-0.544358971414452,NaN,NaN,0.433733044339896,NaN,-0.769068671154109,-0.134001099672513
503.9104,-0.184086393225677,0.00925378225995679,-0.193039501763727,0.084079093778172,-0.591398693562965,-0.591398693565097,NaN,0.234389033479921,0.160769566241756,0.545127313639398,-0.753363215490052,0.545127313639791,0.38714186694097,0.0193491187121702,NaN,NaN,NaN,-0.362522928794155,NaN,0.570001859478307,-0.182034021986866,NaN,0.990554308920293,NaN,NaN,1.08037981301676,NaN,NaN,-0.141744616512967,-0.75321937389656,-0.0690997602387754,0.726088831068752,NaN,NaN,0.513505406354151,0.157062675831818,0.299611010245331,0.883920546695497,0.883920546698731,-0.312858465543852,0.485794768613321,NaN,NaN,0.158030768129286,-0.548368596984598,NaN,NaN,0.430121247130604,NaN,-0.772296722647311,-0.135845057243418
504.0128,-0.187100347830859,-0.0010408024014589,-0.205686113333338,0.0772717818710495,-0.605102659891623,-0.605102659893771,NaN,0.237988573646471,0.161283067732645,0.539957204002568,-0.745713704157876,0.539957204002971,0.37636689248142,0.0385767013341167,NaN,NaN,NaN,-0.362143619559744,NaN,0.571666213488606,-0.173876406176819,NaN,0.984787852919083,NaN,NaN,1.08307708166741,NaN,NaN,-0.129734478897526,-0.755566350332875,-0.0701473012594785,0.740087507265374,NaN,NaN,0.522993855567937,0.160026058968324,0.296167785168234,0.894179251596611,0.894179251599874,-0.315791137690335,0.482427621772176,NaN,NaN,0.154316242545497,-0.552570703491374,NaN,NaN,0.426152622672965,NaN,-0.775864304614914,-0.138307593935866
504.1152,-0.190717822894064,-0.0107544437667186,-0.218465594568483,0.0704311234126776,-0.618820531688032,-0.618820531690199,NaN,0.241714575202323,0.161996411856595,0.534228287780576,-0.737960772426775,0.534228287780989,0.365396517923701,0.057971250295851,NaN,NaN,NaN,-0.361895389229222,NaN,0.573697667414819,-0.165153368058493,NaN,0.979028816331276,NaN,NaN,1.08589777826063,NaN,NaN,-0.117581490061043,-0.758075175666911,-0.0714142418391359,0.754363279612181,NaN,NaN,0.532971945239551,0.163169305358159,0.293030242504589,0.904022504768095,0.904022504771386,-0.319232352169581,0.479513589667749,NaN,NaN,0.151178570049071,-0.55695486854381,NaN,NaN,0.421825952466321,NaN,-0.779745451654291,-0.14137688947415
504.2176,-0.194932663277568,-0.0198854239345067,-0.231369649976701,0.0635635257439792,-0.632570520208475,-0.632570520210655,NaN,0.245561764267103,0.162924074113217,0.527960050907621,-0.730103780243471,0.527960050908041,0.354238726740274,0.077516621727577,NaN,NaN,NaN,-0.361771269096436,NaN,0.576111326144686,-0.15585404013203,NaN,0.973283798850618,NaN,NaN,1.08885770266274,NaN,NaN,-0.105298270635767,-0.760730040067173,-0.0728955229206916,0.768914677814833,NaN,NaN,0.543441760023552,0.166507002164421,0.290228460137912,0.913416207922341,0.913416207925659,-0.323181745042247,0.477059733405751,NaN,NaN,0.148621276472562,-0.561510899888924,NaN,NaN,0.417140701505028,NaN,-0.783913088258102,-0.14504005330608
504.32,-0.199738827154437,-0.0284338850904976,-0.244391797200448,0.0566750797841267,-0.646371824597343,-0.646371824599537,NaN,0.249524079140639,0.16408007601113,0.521173184541292,-0.722141580478573,0.52117318454172,0.34290214109202,0.0971971718670716,NaN,NaN,NaN,-0.361763601005451,NaN,0.578921298993043,-0.14596927975948,NaN,0.96755928992584,NaN,NaN,1.09197174730322,NaN,NaN,-0.0928978381900998,-0.763514502912363,-0.0745854583563036,0.783739277649914,NaN,NaN,0.554404279642026,0.1700541953467,0.28779184217268,0.922327311674702,0.922327311678047,-0.327638102371226,0.475071833829113,NaN,NaN,0.146645920183199,-0.566228932116252,NaN,NaN,0.412097113090798,NaN,-0.788339187843477,-0.149283093120664
504.4224,-0.205130363381057,-0.0364018459092373,-0.257527357150705,0.0497715931879685,-0.660244562725305,-0.660244562727511,NaN,0.253594721886038,0.16547788594409,0.51388953226907,-0.714072578360211,0.513889532269507,0.331396141197912,0.116997643226637,NaN,NaN,NaN,-0.361864019754279,NaN,0.582140519191701,-0.135491717164627,NaN,0.961861631054483,NaN,NaN,1.09525380157252,NaN,NaN,-0.0803936851693034,-0.766411593243016,-0.0764777089368391,0.798833568896497,NaN,NaN,0.5658593195188,0.173826205787453,0.2857489617841,0.930723961167344,0.930723961170716,-0.332599331278354,0.473554332320192,NaN,NaN,0.145252049760363,-0.571099513118571,NaN,NaN,0.406696270908912,NaN,-0.792994959877506,-0.154090868920234
504.5248,-0.211101367741765,-0.0437932071312002,-0.270773411190689,0.0428586385913613,-0.674209692118173,-0.67420969212039,NaN,0.257766196782488,0.167130314732755,0.50613203231794,-0.70589479390373,0.506132032318383,0.319730978923384,0.136903052410366,NaN,NaN,NaN,-0.362063423941128,NaN,0.58578056429806,-0.124415769499657,NaN,0.95619699275754,NaN,NaN,1.09871666619029,NaN,NaN,-0.0677998427024726,-0.76940389532694,-0.0785652390879312,0.81419282311237,NaN,NaN,0.577805481425406,0.177838449322279,0.284127415118508,0.938575633248201,0.938575633251601,-0.338062409820191,0.472510271057681,NaN,NaN,0.144437158530234,-0.576113665174261,NaN,NaN,0.400940140728045,NaN,-0.797851011857619,-0.159447031962477
504.6272,-0.21764591083913,-0.0506137518692385,-0.284128722505615,0.0359416069355209,-0.688288895911678,-0.688288895913906,NaN,0.262030338120044,0.169049417818482,0.497924669976373,-0.697605925133448,0.497924669976823,0.307917868322528,0.156898601623256,NaN,NaN,NaN,-0.362351926155034,NaN,0.589851479592999,-0.112737607782147,NaN,0.950571371142607,NaN,NaN,1.10237197755794,NaN,NaN,-0.0551309142230984,-0.772473613230837,-0.0808402627162484,0.829810971185527,NaN,NaN,0.590240113875953,0.18210627068718,0.282953694854678,0.945853249539164,0.945853249542591,-0.344023309384351,0.471941231752469,NaN,NaN,0.144196640069243,-0.581262906895524,NaN,NaN,0.394831606912944,NaN,-0.802877438637218,-0.165333949990743
504.7296,-0.224757943472279,-0.0568711436306061,-0.29759363076348,0.0290257564576869,-0.702504416530632,-0.702504416532869,NaN,0.266378329003164,0.171246411316124,0.489292439667276,-0.689203414107943,0.489292439667732,0.295969022775647,0.176969642823613,NaN,NaN,NaN,-0.362718788726249,NaN,0.594361594980762,-0.100455089529163,NaN,0.944990597832499,NaN,NaN,1.10623013981274,NaN,NaN,-0.0424020694175456,-0.775602615126876,-0.0832941914629861,0.845680500415009,NaN,NaN,0.60315928195812,0.186644791771211,0.282253087038179,0.952529255252556,0.952529255256012,-0.350476894354464,0.471847272609758,NaN,NaN,0.144523748334747,-0.586539236283679,NaN,NaN,0.388374504363635,NaN,-0.808043836640951,-0.171732628675539
504.832,-0.232431201417646,-0.0625749160264115,-0.311169938573324,0.0221162563752219,-0.716878847932865,-0.716878847935114,NaN,0.270800708985258,0.173731596325104,0.480261298948215,-0.680684517735192,0.480261298948679,0.283897618929022,0.197101706845502,NaN,NaN,NaN,-0.363152364805625,NaN,0.599317334377229,-0.0875676822065018,NaN,0.939460350895056,NaN,NaN,1.11030026574791,NaN,NaN,-0.0296289984943849,-0.778772464218607,-0.0859176003765764,0.86179237539862,NaN,NaN,0.61655774835247,0.191468763261888,0.282049585869398,0.958577670604447,0.958577670607932,-0.357416816233746,0.472226867181703,NaN,NaN,0.145409566227184,-0.591935092103616,NaN,NaN,0.381573636169861,NaN,-0.813319299550938,-0.178622648573896
504.9344,-0.240659127665754,-0.0677364499052533,-0.324860805625267,0.0152182260665227,-0.73143490881978,-0.731434908822041,NaN,0.27528737505321,0.176514283739646,0.470858100216461,-0.672046381095856,0.47085810021693,0.271717699994863,0.217280578419905,NaN,NaN,NaN,-0.363640063460502,NaN,0.604723036475642,-0.0740763951593321,NaN,0.933986158594796,NaN,NaN,1.11459012951814,NaN,NaN,-0.016827837974114,-0.781964443995612,-0.0887002180443142,0.878135978726442,NaN,NaN,0.63042896631953,0.196592407608894,0.282365816017156,0.963974133970767,0.96397413397428,-0.364835422757047,0.473076851873167,NaN,NaN,0.146842988462133,-0.597443315902044,NaN,NaN,0.374434770996467,NaN,-0.818672459012355,-0.18598212662095
505.0368,-0.249434811151046,-0.072368946779956,-0.338670657512424,0.0083367632089694,-0.746195209198494,-0.746195209200762,NaN,0.279827587797562,0.179602721612047,0.461110504201464,-0.663286103996514,0.461110504201938,0.259444045529599,0.237492394429979,NaN,NaN,NaN,-0.364168344692977,NaN,0.610580817146824,-0.0599837213383931,NaN,0.928573395508193,NaN,NaN,1.11910613108009,NaN,NaN,-0.0040150827214932,-0.785159581832829,-0.0916309410414722,0.894699067700347,NaN,NaN,0.644765082685342,0.202029251503421,0.283222954419166,0.968695952844673,0.968695952848215,-0.372723694893158,0.474392388206871,NaN,NaN,0.148810726403672,-0.603057128232754,NaN,NaN,0.366964625665499,NaN,-0.824071581410637,-0.193787691156779
505.1392,-0.258750929865827,-0.0764874122757262,-0.352605108450671,0.0014769562389631,-0.761182015372821,-0.761182015375098,NaN,0.28440998605146,0.183004031217309,0.451046887826819,-0.654400789295682,0.451046887827298,0.247092019950385,0.257723766709854,NaN,NaN,NaN,-0.364722737683313,NaN,0.616890500965109,-0.0452935803559235,NaN,0.923227275012935,NaN,NaN,1.12385327141914,NaN,NaN,0.00879250975074231,-0.788338671137153,-0.0946978731790397,0.911467751986961,NaN,NaN,0.659556949641773,0.207791955402741,0.284640649982221,0.972722165635187,0.972722165638755,-0.381071212115084,0.476166942638209,NaN,NaN,0.151297340899801,-0.60877011856168,NaN,NaN,0.359170853917098,NaN,-0.829484687010159,-0.202014457516562
505.2416,-0.268599686975418,-0.0801086533847707,-0.36667088887741,-0.00535611060523589,-0.776417020575457,-0.77641702057774,NaN,0.289022602413539,0.186724154440611,0.440696256410838,-0.645387569773123,0.440696256411325,0.234677398079716,0.27796194099366,NaN,NaN,NaN,-0.365287867539417,NaN,0.623649638373498,-0.0300112510007527,NaN,0.917952846771178,NaN,NaN,1.1288351385073,NaN,NaN,0.0215780240263345,-0.791482289991472,-0.0978883881197485,0.928426497754211,NaN,NaN,0.674794146252033,0.213892149024154,0.286636945251897,0.976033605937389,0.976033605940989,-0.389866135470692,0.47839228320626,NaN,NaN,0.15428530497737,-0.614576235985219,NaN,NaN,0.351062072019724,NaN,-0.834879659047852,-0.210636004508843
505.344,-0.278972732956373,-0.0832512799916364,-0.380875761633795,-0.0121573485914206,-0.791921123158572,-0.791921123160867,NaN,0.29365287538209,0.190767815770407,0.430088169892939,-0.636243622394342,0.430088169893432,0.222216168911815,0.298194987975659,NaN,NaN,NaN,-0.365847473103028,NaN,0.630853611010883,-0.0141432777767669,NaN,0.91275501178982,NaN,NaN,1.13405390112659,NaN,NaN,0.0343244975601837,-0.79457081477644,-0.101189205792255,0.94555815286797,NaN,NaN,0.69046500998945,0.220340281517855,0.289228207294691,0.978612954913461,0.97861295491709,-0.399095194075058,0.481058490243684,NaN,NaN,0.157755095177462,-0.620469761757589,NaN,NaN,0.342647941803092,NaN,-0.84022432901341,-0.219624362655514
505.4464,-0.289861075726554,-0.0859356933977458,-0.395228413200653,-0.0189216503969066,-0.807714205993827,-0.807714205996129,NaN,0.298287658927691,0.195138503612035,0.419252690153771,-0.626966183842441,0.419252690154271,0.209724328524191,0.318412004387033,NaN,NaN,NaN,-0.366384407209399,NaN,0.638495813429629,0.00230265626067537,NaN,0.907638561684305,NaN,NaN,1.13951030618509,NaN,NaN,0.0470150274387164,-0.797584429758859,-0.104586470263001,0.962843980829297,NaN,NaN,0.706556677839236,0.227145493698169,0.292429075063549,0.980444766953658,0.980444766957316,-0.408743666569144,0.484153977901866,NaN,NaN,0.161685307879394,-0.626445251461326,NaN,NaN,0.333939302200414,NaN,-0.84548653041457,-0.228950027045834
505.5488,-0.301254993718359,-0.0881840461167682,-0.409738322066146,-0.0256438705592055,-0.823814926346065,-0.823814926348374,NaN,0.302913226752845,0.199838466531029,0.408220341232685,-0.617552577828748,0.408220341233192,0.197217681580189,0.338603295328414,NaN,NaN,NaN,-0.366880630273435,NaN,0.646567888342251,0.0193178751122583,NaN,0.902608235165141,NaN,NaN,1.14520368023839,NaN,NaN,0.059632863766998,-0.800503136284132,-0.108065822986529,0.980263693568422,NaN,NaN,0.723055136496865,0.234315509376862,0.296252425573538,0.981515462587842,0.981515462591527,-0.418795361447203,0.487665523351988,NaN,NaN,0.166052792501601,-0.63249745488582,NaN,NaN,0.324948312854797,NaN,-0.850634106835166,-0.238581999238819
505.6512,-0.313143971741744,-0.0900201671675745,-0.424415620700402,-0.0323187948793687,-0.840240547866729,-0.840240547869047,NaN,0.307515263905141,0.204868709125679,0.397022058391773,-0.608000261476653,0.397022058392283,0.184711675159897,0.358760507732049,NaN,NaN,NaN,-0.367317221640074,NaN,0.655059991881935,0.0368928427828523,NaN,0.897668778941247,NaN,NaN,1.15113194091537,NaN,NaN,0.0721614873309384,-0.803306768542285,-0.111612472426473,0.997795477394521,NaN,NaN,0.73994528086952,0.241856531040126,0.300709353159151,0.981813297499344,0.981813297503057,-0.429232610344373,0.491578301923128,NaN,NaN,0.17083279219026,-0.638621237059938,NaN,NaN,0.315688572763642,NaN,-0.855634861050351,-0.248487854036163
505.7536,-0.325516669068359,-0.0914694587469429,-0.439270966799203,-0.0389410976775752,-0.857006834086283,-0.857006834088609,NaN,0.312078839174633,0.210228976457662,0.385689104314467,-0.598306898119513,0.385689104314982,0.172221285742044,0.378876686090299,NaN,NaN,NaN,-0.367674429029487,NaN,0.663961070790406,0.0550172573058861,NaN,0.89282500640348,NaN,NaN,1.15729162209753,NaN,NaN,0.084584675062753,-0.805975024028712,-0.115211262640906,1.01541601092565,NaN,NaN,0.75721098111435,0.249773128319348,0.305809151379779,0.981328325233659,0.981328325237401,-0.440036288726862,0.495875928906727,NaN,NaN,0.1759990877884,-0.644811517478637,NaN,NaN,0.306175197809662,NaN,-0.860456460181976,-0.258633833133752
505.856,-0.338360913419471,-0.0925587786920617,-0.454315429969537,-0.0455052967338911,-0.874127995097608,-0.874127995099944,NaN,0.316588359984853,0.215917728532683,0.374252946074335,-0.588470458112797,0.374252946074854,0.159760964142534,0.398946238789635,NaN,NaN,NaN,-0.367931761491676,NaN,0.67325912315432,0.0736800955145192,NaN,0.888081850366395,NaN,NaN,1.16367791082317,NaN,NaN,0.0968865568488776,-0.808487512785089,-0.118846739718058,1.03310048045399,NaN,NaN,0.774835159868013,0.258068122886472,0.311559288572582,0.980052369254074,0.980052369257845,-0.451185866460841,0.50054050668926,NaN,NaN,0.181524142204667,-0.651063225274489,NaN,NaN,0.296424855961589,NaN,-0.865066343943112,-0.268984975013216
505.9584,-0.351663706998613,-0.0933163244201496,-0.469560392936872,-0.0520057168556104,-0.891616675481756,-0.891616675484104,NaN,0.321027522536271,0.221932110207264,0.362745098693055,-0.578489337152794,0.362745098693576,0.14734461536007,0.418964838485585,NaN,NaN,NaN,-0.368068118634724,NaN,0.682941395288286,0.0928696114954408,NaN,0.883444398436819,NaN,NaN,1.17028469005662,NaN,NaN,0.109051664786586,-0.810823824580215,-0.122503210824469,1.05082260184127,NaN,NaN,0.792799879578564,0.26674248367496,0.317965372821726,0.977979012651494,0.977979012655296,-0.462659474353537,0.505552668860886,NaN,NaN,0.187379235799814,-0.657371255082419,NaN,NaN,0.286455760722831,NaN,-0.869431673304802,-0.279505276939369
506.0608,-0.365411231239715,-0.0937715255023831,-0.485017459187586,-0.0584364643374968,-0.90948397669942,-0.90948397670178,NaN,0.325379271967516,0.228267919871503,0.351196948953711,-0.568362478893795,0.351196948954237,0.13498558005694,0.438929296647849,NaN,NaN,NaN,-0.368061942499893,NaN,0.692994481549973,0.112573299049454,NaN,0.878917898209305,NaN,NaN,1.17710458245449,NaN,NaN,0.121064976322566,-0.812963610388838,-0.126164788209963,1.06855465135366,NaN,NaN,0.811086436732275,0.275795244825906,0.325031107824199,0.975103604583715,0.975103604587547,-0.474433966271264,0.510891611111029,NaN,NaN,0.193534581282358,-0.663730407738102,NaN,NaN,0.276287623613798,NaN,-0.873519315416516,-0.290157862456017
506.1632,-0.379588836676787,-0.0939549434357485,-0.500698350866579,-0.0647914064068107,-0.927739497389582,-0.927739497391953,NaN,0.329625779542733,0.234919581315539,0.339639578960726,-0.558089497695362,0.339639578961255,0.122696609560416,0.45883743049998,NaN,NaN,NaN,-0.367891374461302,NaN,0.703404338243294,0.132777838631066,NaN,0.874507733312867,NaN,NaN,1.18412899489373,NaN,NaN,0.132911953657626,-0.814886672114156,-0.129815408248436,1.08626749589496,NaN,NaN,0.829675458975346,0.285223452782529,0.332758246677174,0.971423272744101,0.97142327274796,-0.486484961688043,0.516535105135229,NaN,NaN,0.199959413696103,-0.670135304650846,NaN,NaN,0.265941571695141,NaN,-0.877295836876569,-0.300905125323851
506.2656,-0.394181004593191,-0.0938981775234264,-0.516614781340858,-0.0710641487337008,-0.9463913634493,-0.946391363451683,NaN,0.333748436986599,0.241880124217852,0.328103605853761,-0.547670801132021,0.328103605854294,0.110489848700789,0.478687920634444,NaN,NaN,NaN,-0.367534399815107,NaN,0.714156247147872,0.153469058778912,NaN,0.870219382599985,NaN,NaN,1.19134816708724,NaN,NaN,0.144578580647242,-0.81657305340453,-0.133438818929284,1.10393061270172,NaN,NaN,0.848547001701523,0.295022146606149,0.341146553450091,0.966936925629794,0.96693692563368,-0.498786861638435,0.522459498310755,NaN,NaN,0.206622058729167,-0.676580268391429,NaN,NaN,0.255440040849532,NaN,-0.880727484460658,-0.311708845450354
506.368,-0.409171278728156,-0.0936337763336524,-0.532778300063067,-0.0772480111916915,-0.965446225221645,-0.965446225224045,NaN,0.337727866572511,0.249141176141709,0.316619040741245,-0.537107707362202,0.31661904074178,0.0983768312010877,0.498480165597235,NaN,NaN,NaN,-0.366968973035656,NaN,0.725234760159279,0.174631932437688,NaN,0.866058371630512,NaN,NaN,1.19875122576851,NaN,NaN,0.156051398263892,-0.818003127146161,-0.137018542898241,1.12151210162413,NaN,NaN,0.867680641160927,0.305184373616656,0.35019377949008,0.961645233398828,0.96164523340274,-0.511312842392776,0.528639706113749,NaN,NaN,0.213489986746424,-0.683059170171636,NaN,NaN,0.244806646998963,NaN,-0.883780149884336,-0.322530305296743
506.4704,-0.424542185533635,-0.0931951480100348,-0.549200123862815,-0.0833360114800896,-0.984909221059877,-0.984909221062291,NaN,0.341543945468187,0.256692965873672,0.30521515756002,-0.526402551048653,0.305215157560558,0.086368475382912,0.51821414975124,NaN,NaN,NaN,-0.366173130585488,NaN,0.736623653435085,0.196250604065303,NaN,0.862030217266863,NaN,NaN,1.2063262411703,NaN,NaN,0.16731754100347,-0.819157680629356,-0.140537837550262,1.1389787027484,NaN,NaN,0.887055562299684,0.315701234350964,0.359895653038208,0.955550591077875,0.955550591081813,-0.524034846978265,0.535049208786582,NaN,NaN,0.220529864189775,-0.689565261186045,NaN,NaN,0.234066021116053,NaN,-0.886419338204023,-0.333330449916459
506.5728,-0.44027517041831,-0.0926164605942657,-0.565890976662779,-0.0893208711895955,-1.00478392572691,-1.00478392572935,NaN,0.345175841115195,0.264524336786271,0.293920360945908,-0.515558772892422,0.293920360946447,0.0744750635287047,0.537890341453216,NaN,NaN,NaN,-0.365125103964887,NaN,0.748305918927227,0.218308427015965,NaN,0.858140362413363,NaN,NaN,1.21406028150659,NaN,NaN,0.17836477599486,-0.820018003389535,-0.143979676827304,1.15629583173681,NaN,NaN,0.906650641003733,0.326561942618917,0.370245872760465,0.948657080246905,0.948657080250865,-0.536923602763126,0.541660065292926,NaN,NaN,0.227707617952753,-0.696091016325996,NaN,NaN,0.223243594472065,NaN,-0.888610191682727,-0.344070118217027
506.6752,-0.456350566233641,-0.0919325322498569,-0.582860955305921,-0.0951950574137491,-1.02507230055279,-1.02507230055524,NaN,0.348602053564946,0.272622768791422,0.282762048965425,-0.504580985889734,0.282762048965966,0.0627061916946064,0.557509637504103,NaN,NaN,NaN,-0.363803442973598,NaN,0.76026380606659,0.240787984907154,NaN,0.854394100550178,NaN,NaN,1.22193946492071,NaN,NaN,0.189181546224641,-0.8205659816269,-0.147326769022366,1.17342764034747,NaN,NaN,0.926444521121335,0.337753887883974,0.381236094582895,0.940970443320096,0.940970443324077,-0.549948684651492,0.548442952184316,NaN,NaN,0.234988525689881,-0.70262801380863,NaN,NaN,0.212365339660383,NaN,-0.890317632633353,-0.354710341200549
506.7776,-0.472747592979082,-0.0911787199579616,-0.600119428157839,-0.100950865637505,-1.04577465090964,-1.04577465091212,NaN,0.351800463157004,0.280974407466951,0.271766473757984,-0.493475010289234,0.271766473758524,0.0510706873108688,0.577073358918923,NaN,NaN,NaN,-0.362187152762809,NaN,0.772478901534528,0.26367106970795,NaN,0.850796496432622,NaN,NaN,1.22994901071298,NaN,NaN,0.199757021572567,-0.820784196697558,-0.150561606620238,1.19033710091145,NaN,NaN,0.946415686366005,0.349262694837043,0.392855906310526,0.93249807350137,0.932498073505371,-0.563078625598712,0.555367225960187,NaN,NaN,0.242337333784619,-0.709166859270151,NaN,NaN,0.201457487002423,NaN,-0.89150664061708,-0.365212676392648
506.88,-0.489444378010869,-0.090390814064724,-0.617674961459611,-0.106580537948435,-1.06688959547883,-1.06688959548133,NaN,0.354748382189939,0.289564098738984,0.260958607115184,-0.482247875663837,0.260958607115725,0.0395765075671699,0.596583280496107,NaN,NaN,NaN,-0.360255840724884,NaN,0.784932224079268,0.286938602044052,NaN,0.847352312695824,NaN,NaN,1.23807328926422,NaN,NaN,0.210081158624557,-0.820656019292062,-0.153666529021894,1.20698610307848,NaN,NaN,0.96654252677881,0.361072280387696,0.405092791039289,0.923249014763298,0.923249014767317,-0.576281061565577,0.562401001456463,NaN,NaN,0.249718392607987,-0.715697149531047,NaN,NaN,0.190546236685389,NaN,-0.892142600342321,-0.375539541150708
506.9824,-0.506417983121061,-0.0896049377918415,-0.635535257705752,-0.112076398293301,-1.08841405518845,-1.08841405519097,NaN,0.357422605328286,0.298375426365516,0.250362019524889,-0.470907800546118,0.250362019525429,0.0282306460205824,0.616041655527632,NaN,NaN,NaN,-0.357989863988184,NaN,0.797604319812399,0.310570506573196,NaN,0.844065947662523,NaN,NaN,1.24629586902003,NaN,NaN,0.220144759268272,-0.820165691866431,-0.156623774166621,1.22333554590889,NaN,NaN,0.986803400341869,0.37316491102804,0.417932085797835,0.913233960616631,0.913233960620669,-0.589522890451542,0.569511237528821,NaN,NaN,0.257095793442984,-0.722207462084328,NaN,NaN,0.179657485250382,NaN,-0.892191632185702,-0.385654521978272
507.0848,-0.523644424618234,-0.0888574445493591,-0.653707084368171,-0.117430980493116,-1.11034326679762,-1.11034326680016,NaN,0.3597994573051,0.307390748730887,0.239998781107077,-0.459464165895318,0.239998781107617,0.0170390793624,0.635451191752184,NaN,NaN,NaN,-0.355370466149523,NaN,0.81047534798351,0.334545576275036,NaN,0.840941385450818,NaN,NaN,1.25459956415401,NaN,NaN,0.229939513574812,-0.819298397018062,-0.159415499318752,1.23934541215428,NaN,NaN,1.00717669139071,0.38552126611536,0.431356945703062,0.902465235257232,0.902465235261286,-0.602770420759853,0.57666382070295,NaN,NaN,0.264433492071818,-0.728685350424487,NaN,NaN,0.16881658353472,NaN,-0.891620870679532,-0.39552265039971
507.1872,-0.54109867696234,-0.0881848066687192,-0.672196176832487,-0.122637129957016,-1.13267082220467,-1.13267082220723,NaN,0.361854849011759,0.316591232848954,0.229889388558342,-0.447927490351525,0.229889388558881,0.00600676834458499,0.654814956621047,NaN,NaN,NaN,-0.352379892530061,NaN,0.823525135953535,0.358841353034924,NaN,0.837982159803727,NaN,NaN,1.2629664910336,NaN,NaN,0.239458023592148,-0.818040312205879,-0.162023763228073,1.25497482328982,NaN,NaN,1.02764086668138,0.398120513420859,0.445348324684317,0.890956738438041,0.890956738442111,-0.615989487094453,0.583823636493615,NaN,NaN,0.271695406755694,-0.735117327402605,NaN,NaN,0.158048130686804,NaN,-0.890398718016082,-0.405110638225383
507.2896,-0.55875466214871,-0.087623492140105,-0.691007114846584,-0.127688072499743,-1.15538872924795,-1.15538872925054,NaN,0.363564356710903,0.325956884849307,0.220052712703145,-0.436309403156039,0.220052712703681,-0.00486230499121679,0.674136228251646,NaN,NaN,NaN,-0.349001481219389,NaN,0.836733175301469,0.383434022738098,NaN,0.835191326945844,NaN,NaN,1.27137813780815,NaN,NaN,0.248693815540182,-0.816378650609753,-0.164430478122808,1.27018208650082,NaN,NaN,1.04817452911105,0.410940399334436,0.459884979614637,0.878723841614293,0.878723841618379,-0.629145522275584,0.590954621836885,NaN,NaN,0.278845483593961,-0.741488832793158,NaN,NaN,0.147375784770452,NaN,-0.888495118064383,-0.414387075579712
507.392,-0.57658523852435,-0.0872098276187296,-0.710143185878773,-0.13257745701016,-1.17848747991205,-1.17848747991466,NaN,0.364903330688866,0.335466577065158,0.210505955695882,-0.42462260770942,0.210505955696417,-0.0155650960297272,0.693418330203422,NaN,NaN,NaN,-0.345219739988514,NaN,0.850078547451878,0.408298304308836,NaN,0.832571432297394,NaN,NaN,1.27981544427218,NaN,NaN,0.257641344131058,-0.814301687064906,-0.166617349551518,1.28492474731994,NaN,NaN,1.06875646816126,0.423957348567639,0.474943496343888,0.865783239157089,0.865783239161188,-0.64220359604496,0.598019801518366,NaN,NaN,0.28584773090378,-0.747784198812127,NaN,NaN,0.136822058149389,NaN,-0.885881877860886,-0.423322608314597
507.4944,-0.594562202965748,-0.0869798496189147,-0.729606252370627,-0.137299389161265,-1.20195610921448,-1.20195610921711,NaN,0.365847032415494,0.345098075186848,0.201264611034036,-0.412880832748339,0.201264611034569,-0.0260994707256006,0.712664476638061,NaN,NaN,NaN,-0.341020423709844,NaN,0.86353979471297,0.433407321834896,NaN,0.830124462775479,NaN,NaN,1.28825888508439,NaN,NaN,0.266295983226774,-0.811798769115736,-0.168565818850646,1.29915965273755,NaN,NaN,1.08936570275203,0.437146563384164,0.490498328799038,0.852152775356485,0.852152775360598,-0.655128442727206,0.604981319105323,NaN,NaN,0.292666232627319,-0.753986633541463,NaN,NaN,0.126408083688199,NaN,-0.882533025030808,-0.431890100822443
507.5968,-0.61265630931203,-0.0869691509750981,-0.749396632479696,-0.141848477483953,-1.22578223358112,-1.22578223358376,NaN,0.366370796387351,0.35482807386029,0.19234242496618,-0.401098772309931,0.19234242496671,-0.0364641932248052,0.731877631620763,NaN,NaN,NaN,-0.336390620308023,NaN,0.877094764277934,0.458732464168224,NaN,0.827851796903706,NaN,NaN,1.29668854646707,NaN,NaN,0.274653997192683,-0.808860313924424,-0.170257015821345,1.31284302276947,NaN,NaN,1.10998150990426,0.450482115721189,0.50652184138151,0.83785127204907,0.837851272053193,-0.6678844967671,0.611800473124855,NaN,NaN,0.299265154995416,-0.760078232244697,NaN,NaN,0.116153368913873,NaN,-0.878425165742113,-0.440064772293803
507.6992,-0.630837292489496,-0.0872127344493684,-0.769512993539937,-0.146219911392613,-1.24995205502291,-1.24995205502557,NaN,0.366450209565111,0.364632251842987,0.183751362107909,-0.389292015235833,0.183751362108436,-0.0466589249919669,0.751060383613894,NaN,NaN,NaN,-0.331318843051277,NaN,0.890720448793005,0.484243242993054,NaN,0.825754168460547,NaN,NaN,1.30508418652483,NaN,NaN,0.282712500015121,-0.805477787438564,-0.171671727456451,1.32593053195479,NaN,NaN,1.13058343472214,0.463937034794841,0.522984350014674,0.822898372377462,0.822898372381597,-0.680435943447289,0.618437765736917,NaN,NaN,0.305608761377399,-0.766040011493844,NaN,NaN,0.106075568306776,NaN,-0.873537819719287,-0.44782429916261
507.8016,-0.64907388020308,-0.0877448893009173,-0.7899522527685,-0.150409582524915,-1.27445031485033,-1.27445031485301,NaN,0.366061296105004,0.374485355501367,0.175501586773553,-0.377476958351835,0.175501586774077,-0.0566842337102441,0.770214843642683,NaN,NaN,NaN,-0.325795116270228,NaN,0.90439285017869,0.509907172567768,NaN,0.82383164420357,NaN,NaN,1.31342527892142,NaN,NaN,0.290469419995324,-0.801643657442581,-0.172790386694138,1.33837740508481,NaN,NaN,1.15115127947735,0.477483399588976,0.539854163354365,0.807314404190858,0.807314404195003,-0.692746782249485,0.624852968577396,NaN,NaN,0.31166144748537,-0.771851954048577,NaN,NaN,0.0961902961789587,NaN,-0.867853712093881,-0.455148886786133
507.904,-0.66733377584375,-0.0885991047964598,-0.810709480020583,-0.154414243790154,-1.29926019911579,-1.29926019911849,NaN,0.365180688729425,0.384361311164653,0.167601479282596,-0.365670693402998,0.167601479283119,-0.0665416006107836,0.789342565732333,NaN,NaN,NaN,-0.319811035198509,NaN,0.918086899654808,0.535689704936774,NaN,0.822083608584935,NaN,NaN,1.32169105146812,NaN,NaN,0.297923480596791,-0.797351316222474,-0.173593075974,1.35013852430768,NaN,NaN,1.17166507060273,0.491092445197257,0.557097629499366,0.791120257846352,0.791120257850507,-0.704780893952811,0.631005207233733,NaN,NaN,0.317387801592069,-0.777493053390025,NaN,NaN,0.086510996262179,NaN,-0.861358973933699,-0.46202130491212
508.0064,-0.685583607667016,-0.0898080230477452,-0.831777799348128,-0.158231686936744,-1.32436322172606,-1.32436322172877,NaN,0.363785767988575,0.394233358852169,0.160057702765923,-0.353890863053123,0.160057702766445,-0.0762334110300099,0.808444478078472,NaN,NaN,NaN,-0.313359787606567,NaN,0.931776455261292,0.561554236778269,NaN,0.820508753397573,NaN,NaN,1.3298605303168,NaN,NaN,0.305074191963639,-0.792594978947027,-0.174059534346728,1.36116853921173,NaN,NaN,1.19210500663026,0.504734687416794,0.574679194227771,0.774337268078088,0.774337268082254,-0.716502101523641,0.636853061872737,NaN,NaN,0.322752687213539,-0.782941350986931,NaN,NaN,0.0770488827903212,NaN,-0.854043198560294,-0.468426873965634
508.1088,-0.703788857717368,-0.0914034175503162,-0.853148291734035,-0.161860922266263,-1.34973911265515,-1.34973911265788,NaN,0.361854761750535,0.404074197755788,0.152875318908985,-0.342155490435638,0.152875318909508,-0.0857629285410173,0.827520822081583,NaN,NaN,NaN,-0.306436143654462,NaN,0.945434376218285,0.587462164339321,NaN,0.819105074254968,NaN,NaN,1.33791258888512,NaN,NaN,0.311921843783616,-0.787369570818208,-0.17416916586126,1.37142197775785,NaN,NaN,1.21245139622159,0.518380064339,0.592561473572527,0.756987090865398,0.756987090869572,-0.72787422379094,0.64235468153627,NaN,NaN,0.327721344800563,-0.788173968478444,NaN,NaN,0.0678129541761827,NaN,-0.845899346586969,-0.474353408109044
508.2112,-0.721913796690367,-0.0934161757903228,-0.874809908018092,-0.165302351476419,-1.37536572770406,-1.37536572770681,NaN,0.359366808076803,0.413856132662277,0.146057929576144,-0.330482794755807,0.146057929576664,-0.0951342622194644,0.846571095840806,NaN,NaN,NaN,-0.299036436720642,NaN,0.959032662301809,0.613372940423836,NaN,0.817869874898523,NaN,NaN,1.34582599266407,NaN,NaN,0.31846749624168,-0.781670616048922,-0.173901059331934,1.38085336257528,NaN,NaN,1.23268459677622,0.53199808673179,0.610705337719721,0.739091574208902,0.739091574213084,-0.738861133443339,0.647467913202325,NaN,NaN,0.332259510038033,-0.793167148336315,NaN,NaN,0.058810053653597,NaN,-0.836923544354816,-0.47979114794988
508.3136,-0.739921445330137,-0.0958762709672179,-0.896749400976264,-0.168557922180818,-1.40121899410438,-1.40121899410714,NaN,0.356301990698039,0.423551207790345,0.139607811807281,-0.318891010151247,0.139607811807797,-0.104352324163935,0.865593979766588,NaN,NaN,NaN,-0.291158559477456,NaN,0.9725426438743,0.639244105323502,NaN,0.816799777759204,NaN,NaN,1.35357943204249,NaN,NaN,0.32471296637774,-0.775494137350674,-0.173234027811477,1.38941733292017,NaN,NaN,1.2527849601768,0.545557984529285,0.629069998866146,0.720672630394454,0.720672630398644,-0.749426832893775,0.652150447407917,NaN,NaN,0.336333542914038,-0.797896319752057,NaN,NaN,0.0500449333569575,NaN,-0.827114833172683,-0.48473271624043
508.416,-0.757773566412385,-0.0988127203168319,-0.918951278701159,-0.171631248263132,-1.42727290775023,-1.42727290775301,NaN,0.352641365683437,0.433131316321294,0.133526024156257,-0.307398223846017,0.133526024156769,-0.11342276347838,0.884587216373286,NaN,NaN,NaN,-0.282801986202506,NaN,0.985935201265599,0.665031299211568,NaN,0.815890738345641,NaN,NaN,1.36115154016917,NaN,NaN,0.330660802574647,-0.768836571492476,-0.172146663717731,1.39706876517847,NaN,NaN,1.27273278822002,0.559028840293447,0.647613095793675,0.701752119315299,0.701752119319495,-0.759535550828643,0.656359977279772,NaN,NaN,0.33991055655642,-0.802336196836121,NaN,NaN,0.0415202889306566,NaN,-0.816474906395225,-0.489173102921673
508.5184,-0.775430679492909,-0.102253532843103,-0.941397773276364,-0.174527684792618,-1.4534995872079,-1.4534995872107,NaN,0.348366999834136,0.442568281362817,0.127812483033457,-0.296022243801125,0.127812483033968,-0.122351865359575,0.90354743146626,NaN,NaN,NaN,-0.273967813907416,NaN,0.999180982103476,0.69068828190869,NaN,0.815138063560579,NaN,NaN,1.3685208979463,NaN,NaN,0.336314240502247,-0.761694706113644,-0.170617396428599,1.40376288489437,NaN,NaN,1.29250829826652,0.572379710428203,0.666290772492123,0.682351745087843,0.682351745092039,-0.769151848517018,0.660054361405997,NaN,NaN,0.342958533832737,-0.806460899500839,NaN,NaN,0.0332367649370826,NaN,-0.80500785799432,-0.493109660254379
508.6208,-0.792852085891001,-0.106225647388941,-0.964068811877698,-0.177254357987949,-1.4798693699252,-1.47986936992801,NaN,0.343462027233866,0.451833913349062,0.12246602440025,-0.284780498702629,0.12246602440076,-0.131146410336311,0.922469901738566,NaN,NaN,NaN,-0.26465880060736,NaN,1.01225058055731,0.716166987403954,NaN,0.814536435320057,NaN,NaN,1.37566603160187,NaN,NaN,0.341677143162091,-0.754065637496113,-0.16862453815762,1.40945536977161,NaN,NaN,1.31209159900573,0.585579744448323,0.685057754736609,0.662492958075423,0.662492958079618,-0.778240716307385,0.663191778765437,NaN,NaN,0.345446423600133,-0.810244073254915,NaN,NaN,0.0251929548464417,NaN,-0.792719972156534,-0.496542085581659
508.7232,-0.809995890311072,-0.110754861251144,-0.986941975608778,-0.179820162081935,-1.50635092685886,-1.50635092686169,NaN,0.337910721285943,0.460900057822445,0.117484471894234,-0.273689964930189,0.117484471894743,-0.139813500604313,0.941348290120938,NaN,NaN,NaN,-0.254879374708525,NaN,1.02511464880961,0.741417640086554,NaN,0.814079938917992,NaN,NaN,1.38256540679556,NaN,NaN,0.34675394067981,-0.74594673596368,-0.166146309986322,1.41410244913511,NaN,NaN,1.33146267663139,0.598598316014487,0.703867433318397,0.642196850939853,0.642196850944046,-0.78676764081484,0.665730867517092,NaN,NaN,0.347344214401167,-0.813658981013022,NaN,NaN,0.0173854159268545,NaN,-0.779619577124415,-0.499472379286102
508.8256,-0.826819011069956,-0.115865753555042,-1.0099924411093,-0.182235740020496,-1.53291137916058,-1.53291137916343,NaN,0.331698583956719,0.469738651606691,0.112864726361594,-0.262767107995218,0.112864726362101,-0.148360378862051,0.960174386262474,NaN,NaN,NaN,-0.244635599360387,NaN,1.03774393524453,0.766388948719391,NaN,0.81376209576419,NaN,NaN,1.38919742045441,NaN,NaN,0.351549592748605,-0.737335598127898,-0.163160851831134,1.41766100772223,NaN,NaN,1.35060139240957,0.611405173753039,0.722671962342366,0.621484042015165,0.621484042019355,-0.7946986352739,0.667630847338346,NaN,NaN,0.348622990106991,-0.816678553488241,NaN,NaN,0.00980870442661528,NaN,-0.765716959801856,-0.501904773062416
508.928,-0.843277183843111,-0.121581612857605,-1.03319291891098,-0.184513463379545,-1.55951640979168,-1.55951640979455,NaN,0.324812451991422,0.478321799435005,0.108602875939187,-0.252027824221465,0.108602875939693,-0.15679427790876,0.978937898817901,NaN,NaN,NaN,-0.233935096537255,NaN,1.05010928006425,0.791028368195416,NaN,0.813575902517555,NaN,NaN,1.39554039434066,NaN,NaN,0.356069592181121,-0.728229973009389,-0.159646234666221,1.42008870260088,NaN,NaN,1.36948749320753,0.62397060731352,0.741422374667701,0.600374548967556,0.600374548971739,-0.802000247282715,0.668851634666221,NaN,NaN,0.349254979855478,-0.819275410674496,NaN,NaN,0.00245542385582033,NaN,-0.751024321693151,-0.503845634372412
509.0304,-0.859324974148581,-0.127924379613922,-1.05651361485251,-0.186667421469628,-1.58613036638507,-1.58613036638796,NaN,0.317240606882412,0.486621870399954,0.104694308856527,-0.241487371559445,0.104694308857032,-0.165122338754285,0.997626342619676,NaN,NaN,NaN,-0.222786953477982,NaN,1.06218161845461,0.815282400412236,NaN,0.813513876002031,NaN,NaN,1.40157257727127,NaN,NaN,0.360320017076327,-0.718627663325676,-0.155580503657826,1.42134410474368,NaN,NaN,1.38810063606692,0.636265613782851,0.760068707776026,0.578887665932866,0.578887665937043,-0.808639574549477,0.669353966164015,NaN,NaN,0.349213620416696,-0.821421885678487,NaN,NaN,-0.0046837252617774,NaN,-0.735555764622593,-0.50530337161926
509.1328,-0.874915813741195,-0.134914607861712,-1.07992223511097,-0.188713422235597,-1.61271635391754,-1.61271635392044,NaN,0.308972870427797,0.494611603595244,0.101133806464717,-0.231160282496571,0.101133806465221,-0.173351616115509,1.01622504088129,NaN,NaN,NaN,-0.211201637027885,NaN,1.0739320293986,0.839096905119642,NaN,0.813568095356636,NaN,NaN,1.40727215783335,NaN,NaN,0.364307629406944,-0.708526412272028,-0.150941777424616,1.42138687731063,NaN,NaN,1.40642042561688,0.648262049997352,0.778560128221963,0.557041861504234,0.557041861508404,-0.814584316623355,0.669099543737005,NaN,NaN,0.348473647635555,-0.823090077988659,NaN,NaN,-0.0116198965748866,NaN,-0.719327313486572,-0.50628837658549
509.2352,-0.890002070368349,-0.142571439480856,-1.10338403915958,-0.1906690018503,-1.63923631770137,-1.6392363177043,NaN,0.30000067758605,0.502264211338218,0.0979156061975457,-0.221060258070121,0.0979156061980498,-0.181489154538708,1.03471722538683,NaN,NaN,NaN,-0.199190930262669,NaN,1.08533184860288,0.862417399677994,NaN,0.813730230523463,NaN,NaN,1.41261728365047,NaN,NaN,0.368040009090235,-0.697923789832717,-0.145708409479371,1.42017799296979,NaN,NaN,1.42442646096997,0.659932765054293,0.796845043571108,0.534854712057548,0.534854712061713,-0.819802875873686,0.668051207696148,NaN,NaN,0.347011225382624,-0.824251946667278,NaN,NaN,-0.0183660410109366,NaN,-0.702356990609775,-0.506813029578235
509.3376,-0.90453515422202,-0.150912579084073,-1.12686193345475,-0.192553439642606,-1.66565111855931,-1.66565111856225,NaN,0.29031712744476,0.509553475591383,0.095033442136341,-0.211200048381722,0.0950334421368445,-0.189542094986865,1.05308419562276,NaN,NaN,NaN,-0.186767890431536,NaN,1.09635285591113,0.885189340540533,NaN,0.813991553512668,NaN,NaN,1.41758608550385,NaN,NaN,0.371525707742822,-0.686817092482407,-0.139859197550005,1.41767997724304,NaN,NaN,1.44209838752514,0.671251715237434,0.814871195660003,0.512342878667,0.512342878671159,-0.824264507572313,0.666173138014148,NaN,NaN,0.344804111345912,-0.824879442391426,NaN,NaN,-0.0249368325193136,NaN,-0.684664935989331,-0.506891758293391
509.44,-0.918465656844597,-0.159954263032992,-1.15031659530217,-0.194387776933689,-1.69192060168424,-1.6919206016872,NaN,0.279917014918343,0.516453841838568,0.092480579823903,-0.201591326152287,0.0924805798244072,-0.197517781129572,1.07130550545623,NaN,NaN,NaN,-0.173946818214928,NaN,1.10696753521407,0.907358394468997,NaN,0.814342935536028,NaN,NaN,1.42215670934802,NaN,NaN,0.374774410883979,-0.675203261698189,-0.133373619237122,1.4138571587046,NaN,NaN,1.45941594847698,0.68219406721035,0.832585736503254,0.489522126397096,0.489522126401248,-0.827939507710004,0.663431077167337,NaN,NaN,0.341831851826044,-0.824944669470799,NaN,NaN,-0.0313485721645608,NaN,-0.666273545327835,-0.506541108966958
509.5424,-0.93174351011871,-0.169711222042763,-1.1737066128781,-0.196194834712419,-1.71800365708287,-1.71800365708586,NaN,0.268796850533719,0.522940516880106,0.0902498602414706,-0.192244560407929,0.0902498602419736,-0.205423849097802,1.08935915516498,NaN,NaN,NaN,-0.160743226491367,NaN,1.11714937832009,0.928870713163677,NaN,0.81477483296307,NaN,NaN,1.42630735883173,NaN,NaN,0.377797101292149,-0.663078813579052,-0.126232073499014,1.40867591173862,NaN,NaN,1.47635903260482,0.692736297025803,0.849935295550732,0.466407374064928,0.466407374069073,-0.830799416402145,0.659792562111794,NaN,NaN,0.338075990878112,-0.82442005883555,NaN,NaN,-0.0376190708911209,NaN,-0.647207602289242,-0.50577978483604
509.6448,-0.944318150405558,-0.180196635127736,-1.19698862302166,-0.197999215575718,-1.74385827133028,-1.74385827133328,NaN,0.256954879708762,0.528989571105765,0.0883337621297714,-0.183168903547736,0.0883337621302732,-0.213268279980809,1.10722175849789,NaN,NaN,NaN,-0.147173797255585,NaN,1.12687318771548,0.949673218527489,NaN,0.815277263126298,NaN,NaN,1.4300163468034,NaN,NaN,0.380606211333794,-0.650439768568885,-0.118416108185239,1.40210488300237,NaN,NaN,1.49290771858258,0.702856291867548,0.866866050172072,0.443012757393562,0.4430127573977,-0.832817211384186,0.655227150994666,NaN,NaN,0.333520274216034,-0.823278528286118,NaN,NaN,-0.0437675169349525,NaN,-0.627494394260219,-0.504628625337816
509.7472,-0.956138681005432,-0.191422070073595,-1.2201174349556,-0.199827271605198,-1.76944158110124,-1.76944158110426,NaN,0.244391103876052,0.534578038123021,0.0867244822600911,-0.17437210791957,0.0867244822605911,-0.221059389983016,1.12486865054517,NaN,NaN,NaN,-0.133256321168627,NaN,1.13611534557565,0.969713888644956,NaN,0.815839770589398,NaN,NaN,1.43326215207451,NaN,NaN,0.383215750665513,-0.637281581179458,-0.109908620193159,1.39411519656995,NaN,NaN,1.50904231838687,0.71253345622845,0.883323808060689,0.419351692054786,0.419351692058917,-0.83396747719113,0.649706634675646,NaN,NaN,0.328150831234707,-0.821493617033121,NaN,NaN,-0.0498143386742938,NaN,-0.607163802192858,-0.503110521371311
509.8496,-0.967154040687947,-0.20339740899014,-1.24304614710097,-0.201707031518291,-1.79470994411597,-1.79470994411901,NaN,0.231107294380166,0.539684002610792,0.0854140211336756,-0.165860478922109,0.0854140211341716,-0.228805748394754,1.1422739217724,NaN,NaN,NaN,-0.119009628450236,NaN,1.14485403994833,0.98894201754624,NaN,0.816451384741434,NaN,NaN,1.4360234791633,NaN,NaN,0.385641405324154,-0.623599083188854,-0.100694030988997,1.38468063982526,NaN,NaN,1.52474342277458,0.721748817762284,0.899254102298678,0.395436931770836,0.39543693177496,-0.834226555276791,0.643205231279694,NaN,NaN,0.321956329982425,-0.819039601386486,NaN,NaN,-0.055781077378727,NaN,-0.586248354461081,-0.50125028530228
509.952,-0.977313194389063,-0.216130763328713,-1.26572627858141,-0.203668097143027,-1.81961903941273,-1.81961903941578,NaN,0.217106994162071,0.544286671047769,0.0843942552228212,-0.157638857988435,0.0843942552233138,-0.236516043342959,1.15941039831664,NaN,NaN,NaN,-0.104453532072021,NaN,1.15306944743392,1.00730842202262,NaN,0.817100570182335,NaN,NaN,1.43827931998299,NaN,NaN,0.387900616539785,-0.609386458369481,-0.0907584545974509,1.3737778406335,NaN,NaN,1.53999195114524,0.730485125768869,0.914602292141646,0.371280623762209,0.371280623766325,-0.83357269248833,0.635699767363809,NaN,NaN,0.314928110316726,-0.81589161083805,NaN,NaN,-0.0616902869077944,NaN,-0.564783239210909,-0.499074509380903
510.0544,-0.98656535859694,-0.229628384482966,-1.28810793467606,-0.205741521697557,-1.844124005991,-1.84412400599406,NaN,0.202395516099859,0.548366423482325,0.0836569787445916,-0.149710622119523,0.0836569787450809,-0.244198938417303,1.17624961366706,NaN,NaN,NaN,-0.0896088026887072,NaN,1.16074386735115,1.02476558318814,NaN,0.817775171321862,NaN,NaN,1.44000901547112,NaN,NaN,0.39001265198134,-0.594637260173024,-0.0800898756036306,1.36138644815402,NaN,NaN,1.55476920681019,0.73872693621766,0.929313659846353,0.346894366631333,0.346894366635441,-0.831986202418444,0.627169849135623,NaN,NaN,0.307060301844414,-0.812025762745278,NaN,NaN,-0.0675654741104039,NaN,-0.542806271346967,-0.496611435945002
510.1568,-0.994860265889621,-0.243894571160451,-1.31014001218337,-0.207959673062512,-1.8681796219642,-1.86817962196728,NaN,0.186979952867322,0.551904845397919,0.0831939055676936,-0.14207768681055,0.0831939055681782,-0.251862958346372,1.19276181285413,NaN,NaN,NaN,-0.0744971794589082,NaN,1.16786180605817,1.04126772864787,NaN,0.818462351411975,NaN,NaN,1.44119231583681,NaN,NaN,0.391998673802436,-0.579344472908298,-0.0686783441884097,1.34748932332943,NaN,NaN,1.56905693626856,0.746460678993956,0.943333496338302,0.32228927566056,0.322289275664659,-0.829449644320998,0.617598025599447,NaN,NaN,0.298349930587213,-0.807419325315154,NaN,NaN,-0.0734310800836438,NaN,-0.520357811365667,-0.493890840769062
510.2592,-1.00214846596636,-0.258931568894485,-1.33177043758189,-0.210356083693882,-1.89174051109028,-1.89174051109338,NaN,0.170869206936284,0.554884741761111,0.0829966353454855,-0.134740498342395,0.0829966353459648,-0.259516420027722,1.20891601100153,NaN,NaN,NaN,-0.0591414020242333,NaN,1.17441002367147,1.05677088231927,NaN,0.819148526990542,NaN,NaN,1.44180944265249,NaN,NaN,0.393881798536303,-0.563500607996665,-0.0565161867357987,1.33207274033054,NaN,NaN,1.58283738677527,0.753674707297961,0.956607173990306,0.297476057358062,0.297476057362153,-0.825948016308654,0.606969945880024,NaN,NaN,0.288797018754872,-0.802050907524302,NaN,NaN,-0.0793124811043547,NaN,-0.497480649496255,-0.490943923444319
510.3616,-1.00838165144261,-0.274739458291227,-1.35294642205999,-0.212965296735488,-1.91476135166107,-1.91476135166419,NaN,0.154074040937667,0.557290143329094,0.0830566042918496,-0.127698002603906,0.0830566042923252,-0.267167407739236,1.22468011156849,NaN,NaN,NaN,-0.0435652383591531,NaN,1.18037756241888,1.07123292222183,NaN,0.819819303318011,NaN,NaN,1.44184115977178,NaN,NaN,0.395687146803595,-0.547097819606828,-0.0435982280538302,1.31512660015187,NaN,NaN,1.59609335396371,0.760359334696466,0.969080211031713,0.27246508970722,0.272465089711302,-0.821468954083021,0.595274513257113,NaN,NaN,0.278404682628536,-0.795900664057458,NaN,NaN,-0.0852359728084598,NaN,-0.474219883342323,-0.487803200189511
510.464,-1.01351298741957,-0.29131603450435,-1.3736147127099,-0.215822719103529,-1.93719706359309,-1.93719706359622,NaN,0.136607144975333,0.559106322032127,0.0833650511963224,-0.120947589300215,0.0833650511967954,-0.274823774404368,1.24002106953348,NaN,NaN,NaN,-0.0277934836045419,NaN,1.18575577760667,1.08461367981735,NaN,0.820459419772756,NaN,NaN,1.4412688589153,NaN,NaN,0.397441885901984,-0.53012801966542,-0.0299220189694739,1.29664465376271,NaN,NaN,1.60880821499346,0.76650686727687,0.980698336829903,0.247266499936422,0.247266499940496,-0.816002923918869,0.582504037703798,NaN,NaN,0.267179231939476,-0.788950498990114,NaN,NaN,-0.0912287060650762,NaN,-0.450622799917215,-0.484502389879778
510.5664,-1.01749742442845,-0.308656682979674,-1.39372182214164,-0.218964483039725,-1.95900296042304,-1.9590029604262,NaN,0.118483216051755,0.560319830084213,0.0839130250046895,-0.114485022568596,0.0839130250051603,-0.28249314201672,1.25490507312699,NaN,NaN,NaN,-0.0118519128076614,NaN,1.19053839864359,1.09687509357667,NaN,0.821052711044462,NaN,NaN,1.44007466349227,NaN,NaN,0.399175264597234,-0.51258297402423,-0.0154880639839743,1.27662472776366,NaN,NaN,1.62096594859493,0.77211163485706,0.991407568715101,0.221890228850406,0.22189022885447,-0.809543402399221,0.568654389232017,NaN,NaN,0.255130274174187,-0.781184258038068,NaN,NaN,-0.097318563932588,NaN,-0.426738747934008,-0.481076283133583
510.6688,-1.02029198856767,-0.326754252842599,-1.41321423099903,-0.222427309617154,-1.98013486282332,-1.9801348628265,NaN,0.0997190459594979,0.560918567880663,0.0846914412738066,-0.108304371055243,0.0846914412742751,-0.290182886830884,1.26929772809526,NaN,NaN,NaN,0.00423281343782934,NaN,1.19472163843903,1.1079814005843,NaN,0.821582082613387,NaN,NaN,1.43824155265255,NaN,NaN,0.400918632737451,-0.494454371371223,-0.000300048841203377,1.25506894696806,NaN,NaN,1.63255114483064,0.777170019028929,1.00115430781434,0.196346072472151,0.196346072476205,-0.80208704305515,0.55372515384907,NaN,NaN,0.242270826199455,-0.77258791107558,NaN,NaN,-0.103533990876345,NaN,-0.402618986861257,-0.477560594390213
510.7712,-1.0218560581403,-0.345598923807384,-1.43203856982028,-0.226248368178828,-2.00054917323292,-2.00054917323611,NaN,0.0803336207762753,0.560891876522415,0.0856911725351191,-0.102397952106091,0.0856911725355864,-0.297900107892904,1.28316423393726,NaN,NaN,NaN,0.0204332725482038,NaN,1.19830432959843,1.11789932556196,NaN,0.822029492878344,NaN,NaN,1.43575350076847,NaN,NaN,0.402705434125961,-0.475733874419868,0.0156349348669973,1.23198394692008,NaN,NaN,1.6435490055895,0.781680472437896,1.00988545432978,0.170643699775448,0.170643699779491,-0.793633833151592,0.537719788359142,NaN,NaN,0.228617427394517,-0.763149732856669,NaN,NaN,-0.109903796971938,NaN,-0.378316509729703,-0.473991802531219
510.8736,-1.0221516383472,-0.365178062993144,-1.45014178960536,-0.230465129616634,-2.02020291431871,-2.02020291432192,NaN,0.0603482400033558,0.560230645177057,0.0869031462975735,-0.0967563081817909,0.0869031462980401,-0.305651578692271,1.29646953347336,NaN,NaN,NaN,0.0367214092892889,NaN,1.20128803239659,1.12659823131512,NaN,0.822375933628132,NaN,NaN,1.43259561776798,NaN,NaN,0.404571161792046,-0.456413177749612,0.0323061806133704,1.20738106325328,NaN,NaN,1.65394533731394,0.7856435259845,1.0175485364627,0.144792653971145,0.144792653975177,-0.784187240387678,0.520645764277417,NaN,NaN,0.214190239396318,-0.752860486054746,NaN,NaN,-0.116456956243274,NaN,-0.353885848383761,-0.470406980519058
510.976,-1.02114363774414,-0.385476074564582,-1.46747132779769,-0.235115210030643,-2.03905374328921,-2.03905374329243,NaN,0.0397866571846519,0.558927419457364,0.0883184274719468,-0.0913682252220837,0.0883184274724135,-0.313443684804708,1.30917842253316,NaN,NaN,NaN,0.0530686588950823,NaN,1.20367706980068,1.1340502242557,NaN,0.822601405876722,NaN,NaN,1.42875427452611,NaN,NaN,0.406553272770795,-0.436484094037014,0.0496991872042969,1.18127648633565,NaN,NaN,1.66372654102446,0.789061784693537,1.0240918456044,0.11880234764977,0.118802347653787,-0.773754345185048,0.502514691895846,NaN,NaN,0.199013117577431,-0.741713603660356,NaN,NaN,-0.12322240672715,NaN,-0.3293828945373,-0.466843614303767
511.0784,-1.01880014378063,-0.406474250020924,-1.48397527384973,-0.240236196807363,-2.05705996327326,-2.0570599632765,NaN,0.0186752320206838,0.556976497218441,0.0899282742093827,-0.0862207835799419,0.0899282742098475,-0.321282355903274,1.32125562819393,NaN,NaN,NaN,0.0694460666876252,NaN,1.20547848019756,1.14023023299377,NaN,0.822684894941921,NaN,NaN,1.42421720656286,NaN,NaN,0.408691071161433,-0.415938674470147,0.0677955145347717,1.15369137928098,NaN,NaN,1.67287960601439,0.791939915359748,1.02946457351076,0.0926820576347746,0.0926820576387775,-0.762345951877433,0.483342420377991,NaN,NaN,0.183113645791312,-0.72970536327126,NaN,NaN,-0.130228857468634,NaN,-0.304864782466565,-0.463339417856686
511.1808,-1.01509268993011,-0.428150627806856,-1.49960253405231,-0.245865450491085,-2.07418054894021,-2.07418054894346,NaN,-0.00295692037411904,0.554374007156987,0.0917241707253559,-0.0812994219692198,0.0917241707258191,-0.329173003239389,1.33266588047944,NaN,NaN,NaN,0.0858244157049089,NaN,1.20670189662197,1.14511608532509,NaN,0.82260435438015,NaN,NaN,1.41897359996871,NaN,NaN,0.411025576432373,-0.394769354320709,0.0865726758087141,1.12465196399602,NaN,NaN,1.68139210964624,0.794284631170356,1.03361695302018,0.0664409170482658,0.0664409170522538,-0.749976668216971,0.46314911099178,NaN,NaN,0.166523130081372,-0.716835042136477,NaN,NaN,-0.137504614465968,NaN,-0.280389847089739,-0.459932144617001
511.2832,-1.00999650026956,-0.450479870319651,-1.51430298748476,-0.252039881423742,-2.09037518332246,-2.09037518332572,NaN,-0.02507779103691,0.551117978074117,0.0936978504802408,-0.0765880035534455,0.0936978504807018,-0.337120476386434,1.34337400284348,NaN,NaN,NaN,0.102174375665824,NaN,1.20735935315707,1.14868860284478,NaN,0.822336711366537,NaN,NaN,1.413014168192,NaN,NaN,0.41359939152791,-0.372969106632817,0.106004066642182,1.09418958045424,NaN,NaN,1.68925222105533,0.796104679995709,1.03650040905739,0.0400878970156781,0.0400878970196503,-0.73666493833014,0.441959278104875,NaN,NaN,0.149276548748029,-0.703105037818325,NaN,NaN,-0.145077435208165,NaN,-0.256017617296167,-0.456659375734811
511.3856,-1.003490696924,-0.47343316561177,-1.52802762375444,-0.258795705884965,-2.10560428375477,-2.10560428375805,NaN,-0.0476523475851133,0.54720841287807,0.0958413249358131,-0.0720688862256483,0.0958413249362707,-0.3451290533716,1.35334503803809,NaN,NaN,NaN,0.118466681783614,NaN,1.20746501698067,1.15093171757461,NaN,0.821857901995241,NaN,NaN,1.40633122484713,NaN,NaN,0.416456572317547,-0.350531586181543,0.126058927708844,1.06234072472184,NaN,NaN,1.69644870488154,0.797410840781122,1.03806772743937,0.0136317718509138,0.0136317718548717,-0.722433019274305,0.419801794444238,NaN,NaN,0.13141246212602,-0.688520942252534,NaN,NaN,-0.152974410219299,NaN,-0.231808784334669,-0.453558262385553
511.488,-0.995558469611195,-0.496978159783605,-1.54072866713291,-0.266168194826043,-2.11982899638179,-2.11982899638509,NaN,-0.0706424066057204,0.542647378208555,0.0981469274639118,-0.0677229973499264,0.0981469274643653,-0.353202473007264,1.3625444203689,NaN,NaN,NaN,0.134672343148274,NaN,1.20703487097697,1.15183260202075,NaN,0.821142936448768,NaN,NaN,1.39891875236627,NaN,NaN,0.419642488926376,-0.327451254460704,0.146702328250176,1.02914707363311,NaN,NaN,1.70297092027316,0.798215926135108,1.03827324436688,-0.0129189335857888,-0.0129189335818472,-0.707306909859384,0.396709866452465,NaN,NaN,0.112972896182634,-0.673091572698823,NaN,NaN,-0.161221865340197,NaN,-0.207825121647757,-0.450665224284007
511.5904,-0.986187224039352,-0.52107892351026,-1.55235970854822,-0.274191432514893,-2.13301116209798,-2.13301116210128,NaN,-0.0940065054817616,0.537439110877939,0.100607370073064,-0.0635299012768617,0.100607370073513,-0.361344012069402,1.37093820501933,NaN,NaN,NaN,0.150762870209248,NaN,1.20608640332049,1.15138179885538,NaN,0.820165991595052,NaN,NaN,1.39077246807874,NaN,NaN,0.423203672216071,-0.303723489469368,0.167895150378874,0.994655504241828,NaN,NaN,1.70880880995814,0.798534781204498,1.03707305228626,-0.0395560098812334,-0.0395560098773089,-0.691316258343349,0.372720993922096,NaN,NaN,0.0940032207495903,-0.656828981219707,NaN,NaN,-0.169845277873135,NaN,-0.18412938324825,-0.448015629467433
511.6928,-0.975368728255825,-0.54569595426355,-1.56287586774976,-0.282898091340365,-2.14511328711887,-2.14511328712218,NaN,-0.117699780684975,0.531590131796446,0.103215798763077,-0.0594678446618262,0.103215798763524,-0.369556604262368,1.37849336129756,NaN,NaN,NaN,0.166710502141478,NaN,1.20463836075497,1.14957333568534,NaN,0.818900535730891,NaN,NaN,1.38188989601104,NaN,NaN,0.4271876500272,-0.279344687545935,0.189594056587874,0.95891811213775,NaN,NaN,1.71395287725998,0.798384262884368,1.03442521275601,-0.066271632808791,-0.0662716328048837,-0.67449427614739,0.347876927065764,NaN,NaN,0.0745520388117091,-0.639748468589261,NaN,NaN,-0.1788691959524,NaN,-0.160785216063437,-0.445643475702227
511.7952,-0.963099262538503,-0.57078621593789,-1.57223399331626,-0.292319209859532,-2.15609856622357,-2.15609856622689,NaN,-0.141673867902397,0.52510935140046,0.105965830599848,-0.0555137743594559,0.105965830600291,-0.377842986687128,1.38517812097665,NaN,NaN,NaN,0.182488415270578,NaN,1.20271059315517,1.14640481227972,NaN,0.817319497459062,NaN,NaN,1.37227045480214,NaN,NaN,0.431642779001218,-0.25431235744214,0.211751436390529,0.92199222530039,NaN,NaN,1.7183941553653,0.797783184393958,1.03028996703958,-0.0930584266027892,-0.0930584265989005,-0.656877669820692,0.322223625617196,NaN,NaN,0.0546710902066152,-0.621868617909149,NaN,NaN,-0.188317150008835,NaN,-0.137857087034469,-0.44358107234255
511.8976,-0.949379766537089,-0.596303213270934,-1.58039289125136,-0.302483951933599,-2.16593098996169,-2.16593098996501,NaN,-0.165876843627217,0.518008150627985,0.108851564539292,-0.0516433343968299,0.108851564539731,-0.386205848695376,1.39096235476813,NaN,NaN,NaN,0.198070906548603,NaN,1.20032399112122,1.14187745441162,NaN,0.815395487394661,NaN,NaN,1.36191556828129,NaN,NaN,0.436618064425585,-0.228625202879446,0.234315344189578,0.883940402289176,NaN,NaN,1.72212417818011,0.796752219903303,1.02462993947433,-0.11990951613199,-0.11990951612812,-0.638506587076209,0.295811216241691,NaN,NaN,0.0344151606591783,-0.603211347815371,NaN,NaN,-0.198211550141931,NaN,-0.115410193060484,-0.441858709841283
512,-0.934215974988658,-0.62219708783244,-1.58731356066229,-0.313419332488535,-2.17457552821414,-2.17457552821747,NaN,-0.190253220265602,0.510300431377495,0.111867572739584,-0.04783085622991,0.111867572740018,-0.394647956171935,1.39581794414987,NaN,NaN,NaN,0.213433561736071,NaN,1.19750050612782,1.13599614041002,NaN,0.813101067915016,NaN,NaN,1.35082879964925,NaN,NaN,0.442162951258706,-0.202283192103675,0.257229448627562,0.844830401356992,NaN,NaN,1.72513496255359,0.795313777309418,1.01741033405374,-0.146818570744054,-0.146818570740203,-0.61942456208234,0.268693940692016,NaN,NaN,0.0138419829773099,-0.583801970034656,NaN,NaN,-0.208573565490746,NaN,-0.0935103257974148,-0.440504314747928
512.1024,-0.917618531337998,-0.648414720452886,-1.592959411108,-0.32514991194283,-2.18199835385115,-2.18199835385448,NaN,-0.214743986114617,0.502002645667042,0.115008889698536,-0.0440493623743454,0.115008889698962,-0.403172221801039,1.39971911224648,NaN,NaN,NaN,0.228553423587652,NaN,1.19426322661385,1.12876941105043,NaN,0.810409052037056,NaN,NaN,1.33901600264193,NaN,NaN,0.448327069396395,-0.175287617167611,0.280433014645521,0.804735109600282,NaN,NaN,1.72741900802299,0.793491857226237,1.00859912868022,-0.173779848554072,-0.173779848550239,-0.599678440385869,0.240930085481031,NaN,NaN,-0.00698788028150199,-0.563669224285119,NaN,NaN,-0.219422980325712,NaN,-0.0722236862787826,-0.439543106231544
512.2048,-0.899603066934994,-0.674899838191468,-1.59729644640097,-0.337697472979787,-2.18816707171405,-2.18816707171739,NaN,-0.239286667155641,0.493133818717659,0.118271013775868,-0.0402706044247834,0.118271013776286,-0.411781689847917,1.40264267025091,NaN,NaN,NaN,0.243409165840559,NaN,1.19063646497462,1.12020945653247,NaN,0.807292807005865,NaN,NaN,1.32648547550442,NaN,NaN,0.455159915270732,-0.147641152520367,0.303860937369405,0.763732421988808,NaN,NaN,1.72896931415141,0.791311915716451,0.998167272208295,-0.200788253214551,-0.200788253210737,-0.579318267334381,0.212581882597187,NaN,NaN,-0.0280111807124166,-0.542845264941918,NaN,NaN,-0.230778028845161,NaN,-0.0516166504711006,-0.438997276102085
512.3072,-0.880190242469227,-0.701593135532919,-1.60029342000705,-0.351080693753279,-2.19305093831948,-2.19305093832281,NaN,-0.263815394472206,0.483715572641316,0.121649918940523,-0.0364651484460059,0.121649918940934,-0.420479418778401,1.40456814464967,NaN,NaN,NaN,0.257981261141156,NaN,1.18664580970843,1.11033205101883,NaN,0.803726543933983,NaN,NaN,1.31324810335811,NaN,NaN,0.462710457087034,-0.119347926615328,0.327443837465139,0.721905061709288,NaN,NaN,1.72977941053416,0.788800734953432,0.986088884252699,-0.227839409006185,-0.22783940900239,-0.558397137353406,0.18371537287671,NaN,NaN,-0.0491621610921444,-0.521365592651947,NaN,NaN,-0.242655234217403,NaN,-0.0317554883203576,-0.438885711138686
512.4096,-0.85940576048092,-0.728432420231749,-1.60192198117678,-0.365314826033044,-2.19662107601635,-2.19662107601969,NaN,-0.288260981870722,0.473772145513485,0.125142058322746,-0.0326025106789332,0.125142058323148,-0.429268266260996,1.40547777564029,NaN,NaN,NaN,0.272252119878372,NaN,1.18231812041012,1.09915640359941,NaN,0.799685587052258,NaN,NaN,1.29931748232278,NaN,NaN,0.471026667391715,-0.090413615013655,0.351108213115956,0.679340338787997,NaN,NaN,1.72984339382785,0.7859862899267,0.972341448752821,-0.254929743831783,-0.254929743828009,-0.53697101722188,0.154400230071432,NaN,NaN,-0.0703727686752111,-0.499268945701348,NaN,NaN,-0.255069296385458,NaN,-0.0127060488632765,-0.439223769654026
512.512,-0.83728035696568,-0.755352793615052,-1.60215682949114,-0.380411382854324,-2.19885069044829,-2.19885069045162,NaN,-0.312551036673528,0.463330395148778,0.128744340087921,-0.0286513397695943,0.128744340088314,-0.438150589443473,1.40535639851096,NaN,NaN,NaN,0.286206180074776,NaN,1.17768147643502,1.08670491245295,NaN,0.795146626819915,NaN,NaN,1.28471002610752,NaN,NaN,0.480154997714334,-0.0608455551917313,0.374776636872855,0.636129847993478,NaN,NaN,1.72915596783918,0.782897594599823,0.956905987354887,-0.282056559043193,-0.282056559039439,-0.515098562588351,0.124709549233824,NaN,NaN,-0.0915729020298472,-0.476597172453291,NaN,NaN,-0.268033057989357,NaN,0.00546658651810005,-0.440023107321203
512.6144,-0.813849770505167,-0.782286875982634,-1.60097588576708,-0.396377839661511,-2.19971529596781,-2.19971529597114,NaN,-0.336610128250373,0.45241977848007,0.132454066774883,-0.02457963459218,0.132454066775268,-0.447127879647448,1.40419123768334,NaN,NaN,NaN,0.299829942882778,NaN,1.17276510449068,1.0730028287257,NaN,0.790087963434726,NaN,NaN,1.26944505660771,NaN,NaN,0.490139809655778,-0.030652878794561,0.398367987403328,0.592369110719048,NaN,NaN,1.72771248489559,0.779564519711538,0.939767202091031,-0.309218070888874,-0.309218070885144,-0.492840938905226,0.0947196026654232,NaN,NaN,-0.112690685087025,-0.453395095245364,NaN,NaN,-0.281557541410626,NaN,0.0226985047990628,-0.441291534210403
512.7168,-0.789154683975796,-0.809165081931619,-1.5983604782919,-0.41321735549394,-2.19919295323103,-2.19919295323435,NaN,-0.360360020780004,0.441072305189223,0.136268839581024,-0.0203549793646633,0.1362688395814,-0.456200368636214,1.40197166395222,NaN,NaN,NaN,0.313111966892023,NaN,1.16759929619817,1.05807785904865,NaN,0.784489741713588,NaN,NaN,1.25354487694583,NaN,NaN,0.501022782088062,0.000153347365036932,0.421797706402515,0.548157174361445,NaN,NaN,1.72550899016979,0.776017587350146,0.92091358460744,-0.336413421390095,-0.336413421386386,-0.470261642589261,0.0645095623669062,NaN,NaN,-0.133652763383387,-0.429710358487735,NaN,NaN,-0.295652029289766,NaN,0.0389274284491278,-0.443032896509429
512.8192,-0.763240638660988,-0.835915939528483,-1.59429553867702,-0.430928527636312,-2.19726452633114,-2.19726452633445,NaN,-0.383719955722935,0.429322474493329,0.140186434141069,-0.0159447751476161,0.140186434141435,-0.465366658207598,1.3986889729242,NaN,NaN,NaN,0.326042846305695,NaN,1.16221530859909,1.04195975836678,NaN,0.778334173165013,NaN,NaN,1.23703482462408,NaN,NaN,0.512842331736438,0.0315599848975585,0.444978069994502,0.503596188646439,NaN,NaN,1.72254227318878,0.772287754375024,0.900337496384413,-0.363642663771823,-0.363642663768136,-0.447426306915379,0.0341611854331089,NaN,NaN,-0.154384619739283,-0.405593242880999,NaN,NaN,-0.310324157895849,NaN,0.0540932283657149,-0.445246994810593
512.9216,-0.736157924741864,-0.862466442284237,-1.58876980165156,-0.449505196927002,-2.19391396515983,-2.19391396516313,NaN,-0.40660696692888,0.417207205479007,0.144204653932446,-0.0113164516297912,0.144204653932804,-0.474623416453843,1.39433622265562,NaN,NaN,NaN,0.338615192889831,NaN,1.1566452385785,1.02467996363749,NaN,0.771605739318882,NaN,NaN,1.21994330536845,NaN,NaN,0.525633094410884,0.0635517026029212,0.467818470673535,0.458790971758783,NaN,NaN,1.71880992929738,0.76840619438595,0.878035229546646,-0.390906729156577,-0.390906729152916,-0.42440247637658,0.00375845987063754,NaN,NaN,-0.174810907621909,-0.381096430427026,NaN,NaN,-0.325579993274957,NaN,0.0681384588733104,-0.447929549434602
513.024,-0.70796145013347,-0.888742426403538,-1.58177600411086,-0.468936309886375,-2.18912861139246,-2.18912861139575,NaN,-0.428936225999489,0.404765759140076,0.148321163887718,-0.00643765508802301,0.148321163888065,-0.483965159874159,1.38890813836528,NaN,NaN,NaN,0.350823624763422,NaN,1.15092186905958,1.00627128622611,NaN,0.764291369378587,NaN,NaN,1.20230180735153,NaN,NaN,0.539425500406593,0.0961108748372305,0.490225720576045,0.413848564840859,NaN,NaN,1.7143104276679,0.764404082014257,0.854007059572516,-0.418207380235547,-0.418207380231913,-0.401259340037697,-0.0266127917292293,NaN,NaN,-0.194855803895452,-0.356274713962438,NaN,NaN,-0.341424071413658,NaN,0.081008916543414,-0.451072210591946
513.1264,-0.678710584489106,-0.914668971238463,-1.57331107806411,-0.489205827458087,-2.1828995157983,-2.18289951580157,NaN,-0.450621425302379,0.392039638074518,0.152533304454854,-0.00127642120541276,0.152533304455192,-0.493384117793436,1.38240107454893,NaN,NaN,NaN,0.362664752455686,NaN,1.1450784882242,0.98676765057974,NaN,0.756380587101396,NaN,NaN,1.18414488450265,NaN,NaN,0.554245450613287,0.129217506984344,0.512104400294677,0.368877761553433,NaN,NaN,1.70904317378687,0.760312380959166,0.828257297177317,-0.445547149595134,-0.445547149591526,-0.378067420229555,-0.0568653584059111,NaN,NaN,-0.214443389531208,-0.331184650888449,NaN,NaN,-0.357859408445689,NaN,0.0926542330504202,-0.454662603020226
513.2288,-0.648468974221963,-0.940170824819925,-1.56337633463945,-0.510292669969708,-2.17522175012171,-2.17522175012496,NaN,-0.471575201442962,0.379072452633976,0.156837886878028,0.00419865625982301,0.156837886878357,-0.50287015794388,1.374813017562,NaN,NaN,NaN,0.374137151688924,NaN,1.13914868116921,0.966203870875744,NaN,0.747865626001036,NaN,NaN,1.16551008849385,NaN,NaN,0.570114079630119,0.162849202894219,0.533357276679065,0.323988598794098,NaN,NaN,1.70300855152803,0.756161637596678,0.800794340538428,-0.472929247224085,-0.472929247220508,-0.354898217716698,-0.0869111458230217,NaN,NaN,-0.233498068413048,-0.305884168154043,NaN,NaN,-0.37488750482379,NaN,0.103028491296032,-0.458684387685086
513.3312,-0.617304329107174,-0.965172857875225,-1.55197764285832,-0.532170699707344,-2.16609470730068,-2.16609470730391,NaN,-0.49170959617493,0.365909755541923,0.161230972483109,0.0100182599193475,0.161230972483425,-0.512410741799863,1.36614360494972,NaN,NaN,NaN,0.385241320091171,NaN,1.13316609109523,0.944615478961248,NaN,0.738741512012208,NaN,NaN,1.14643783800988,NaN,NaN,0.58704758744177,0.19698118528146,0.553885795545839,0.279291807123363,NaN,NaN,1.69620793801928,0.751981781760066,0.771630729910051,-0.500357418568529,-0.500357418564987,-0.33182382439069,-0.116661735364476,NaN,NaN,-0.251945023577576,-0.28043213789089,NaN,NaN,-0.392508363232757,NaN,0.112090829489053,-0.463117318478123
513.4336,-0.585288186717216,-0.989600543759359,-1.53912560768528,-0.554808744772132,-2.15552239866198,-2.15552239866518,NaN,-0.510936552738181,0.352598854892139,0.165707639309738,0.0162121952650405,0.165707639310042,-0.521990886946882,1.35639413893879,NaN,NaN,NaN,0.395979623658779,NaN,1.12716414857676,0.922038623693516,NaN,0.729006110147512,NaN,NaN,1.126971231891,NaN,NaN,0.605057129124266,0.231586369192623,0.573590635535274,0.234898233797975,NaN,NaN,1.68864369447839,0.747801936760217,0.740783211704069,-0.527835748266629,-0.527835748263119,-0.308916521397167,-0.146028977043874,NaN,NaN,-0.269710696594989,-0.254887948360728,NaN,NaN,-0.410720521316492,NaN,0.119805992762801,-0.467937286573784
513.536,-0.552495664847056,-1.01338044962518,-1.52483574514127,-0.578170661823897,-2.14351375995164,-2.14351375995481,NaN,-0.529168443888902,0.33918861457184,0.170261738068765,0.0228092585381302,0.170261738069056,-0.531593143112705,1.3455675911012,NaN,NaN,NaN,0.406356239998063,NaN,1.12117577454983,0.898510054269987,NaN,0.718660133556176,NaN,NaN,1.10715582139637,NaN,NaN,0.624148760075782,0.266635485684438,0.592372297728325,0.190918258007558,NaN,NaN,1.68031913874076,0.743650241720911,0.708272814609551,-0.55536842501706,-0.555368425013581,-0.28624837466522,-0.174925594948611,NaN,NaN,-0.286723271897708,-0.229311087550366,NaN,NaN,-0.429521082450479,NaN,0.126144805774964,-0.473116374941545
513.6384,-0.519005213143158,-1.03644072027732,-1.50912864990178,-0.602215437561396,-2.1300829700495,-2.13008297005264,NaN,-0.546318618387619,0.325729250464113,0.174885640563689,0.029837128109752,0.174885640563965,-0.541197613396169,1.33366861797062,NaN,NaN,NaN,0.416377100978074,NaN,1.11523307042665,0.874067188185622,NaN,0.707707115993171,NaN,NaN,1.08703935737311,NaN,NaN,0.644323427657469,0.302097252519223,0.610131700494496,0.147461216917415,NaN,NaN,1.67123850397908,0.739553687418656,0.674124928434168,-0.582959498210247,-0.582959498206798,-0.263890831873931,-0.203265790622953,NaN,NaN,-0.302913152024324,-0.203760748387083,NaN,NaN,-0.44890572099588,NaN,0.131084555932192,-0.478622952447152
513.7408,-0.484898376154175,-1.0587115410389,-1.49203015633511,-0.626897335108128,-2.11524977998754,-2.11524977999064,NaN,-0.562301949181099,0.312272130333706,0.179569987213649,0.0373222737302281,0.179569987213911,-0.550782047516298,1.32070360967789,NaN,NaN,NaN,0.426049834572533,NaN,1.10936700943045,0.848748245418342,NaN,0.696153346759413,NaN,NaN,1.0666715271873,NaN,NaN,0.665576985458533,0.337938578944001,0.626770753406107,0.10463485524742,NaN,NaN,1.66140688896097,0.735537963803939,0.638369372339268,-0.610612660914919,-0.610612660911502,-0.241914325013378,-0.230965832960236,NaN,NaN,-0.318213415267874,-0.178295462121296,NaN,NaN,-0.468868645431722,NaN,0.134609287424735,-0.48442181263328
513.8432,-0.450259582743064,-1.08012556397015,-1.47357149510755,-0.652166086283491,-2.09903984766583,-2.09903984766889,NaN,-0.577035377189773,0.298869578021965,0.184303441663644,0.0452898746877141,0.184303441663891,-0.560322007862929,1.30668077962709,NaN,NaN,NaN,0.43538370410975,NaN,1.10360714046858,0.822592413333215,NaN,0.684007769065693,NaN,NaN,1.04610369218268,NaN,NaN,0.687900207623559,0.374124782747346,0.642192899636796,0.0625448056676699,NaN,NaN,1.65083020723256,0.731627317996372,0.601040443737717,-0.638331080691672,-0.638331080688287,-0.22038788489495,-0.257944624143036,NaN,NaN,-0.332560251074928,-0.152972766110299,NaN,NaN,-0.489402517491074,NaN,0.136710018019424,-0.490474347451368
513.9456,-0.415175969307344,-1.10061827787089,-1.45378943573446,-0.677967118674334,-2.08148506338101,-2.08148506338404,NaN,-0.590438453270334,0.285574673909155,0.189072462785345,0.0537637395991812,0.189072462785576,-0.56979108799071,1.29161028934403,NaN,NaN,NaN,0.444389542780168,NaN,1.09798131761189,0.795640008401144,NaN,0.671281851762401,NaN,NaN,1.02538862904018,NaN,NaN,0.711278801497291,0.410619805004927,0.656303632115297,0.0212941043410154,NaN,NaN,1.63951514315511,0.727844424241607,0.562176943025984,-0.666117273876919,-0.666117273873567,-0.19937877309592,-0.28412423232003,NaN,NaN,-0.345893369506056,-0.127848911113781,NaN,NaN,-0.510498338368999,NaN,0.137384901283627,-0.496738757613154
514.048,-0.379737224260728,-1.12012831206078,-1.43272639226111,-0.704241801558471,-2.06262383491462,-2.06262383491761,NaN,-0.60243387356146,0.272441044747961,0.193861110801705,0.0627662246301769,0.19386111080192,-0.579161157804573,1.27550439128348,NaN,NaN,NaN,0.453079684036628,NaN,1.09251547020822,0.767932619541107,NaN,0.657989448188922,NaN,NaN,1.00458027266493,NaN,NaN,0.735693436557211,0.447386423676715,0.669010994869282,-0.0190172586590698,NaN,NaN,1.62746912089072,0.724210268710127,0.521822173310641,-0.693973002679345,-0.693973002676026,-0.178952134574442,-0.309430382686618,NaN,NaN,-0.358156379913122,-0.102978610584587,NaN,NaN,-0.532145319357958,NaN,0.136639351927964,-0.50317031312506
514.1504,-0.344035430063368,-1.13859768001615,-1.41043047164494,-0.730927698214512,-2.04250129977218,-2.04250129977512,NaN,-0.612947991605238,0.259522645155865,0.198650907572914,0.0723181511101927,0.198650907573115,-0.588402614463817,1.2583775661836,NaN,NaN,NaN,0.46146789026048,NaN,1.08723342119571,0.739513237153083,NaN,0.644146649845175,NaN,NaN,0.983733457875336,NaN,NaN,0.761119811158765,0.484386472570298,0.680226076968082,-0.0582927586245565,NaN,NaN,1.61470028864559,0.720744052393041,0.480023921354354,-0.721899178826306,-0.72189917882302,-0.159170673403135,-0.333792900329974,NaN,NaN,-0.369297132894136,-0.0784148296310191,NaN,NaN,-0.55433075297598,NaN,0.134486133842699,-0.509721672138766
514.2528,-0.308164883120617,-1.15597197848127,-1.38695545748604,-0.757958820572984,-2.02116945355275,-2.02116945355565,NaN,-0.621911290371334,0.246873540565537,0.203420765887122,0.0824387237725322,0.203420765887308,-0.597484626575947,1.24024663930905,NaN,NaN,NaN,0.46956928174658,NaN,1.08215674752645,0.710426378380259,NaN,0.629771636257624,NaN,NaN,0.962903658754231,NaN,NaN,0.787528768059079,0.521581064836167,0.689863494706696,-0.096439727419838,NaN,NaN,1.6012175153249,0.717463112833524,0.436834429384439,-0.749895765991563,-0.749895765988312,-0.140094355306776,-0.357146102024788,NaN,NaN,-0.379268021421875,-0.0542086049846858,NaN,NaN,-0.577039891492048,NaN,0.13094539917761,-0.516343249681601
514.3552,-0.272221879220748,-1.17220055847189,-1.36236073052304,-0.785265894334478,-1.99868720464221,-1.99868720464507,NaN,-0.629258807694354,0.234547702584186,0.208146993890794,0.0931454467801873,0.208146993890965,-0.606375367742272,1.22113087551729,NaN,NaN,NaN,0.477400270518852,NaN,1.07730467100148,0.680718215558045,NaN,0.614884520430222,NaN,NaN,0.942146720728023,NaN,NaN,0.814886455217214,0.558930814972126,0.697841847008656,-0.133369714386962,NaN,NaN,1.58703039184466,0.714382860227039,0.392310362397565,-0.777961674830879,-0.777961674827662,-0.121780138908184,-0.379429140183123,NaN,NaN,-0.38802624204681,-0.0304088809305722,NaN,NaN,-0.60025582710976,NaN,0.12604466832502,-0.522983616863869
514.4576,-0.236304463693341,-1.18723667878287,-1.33671113463518,-0.812776651677,-1.975120365592,-1.97512036559481,NaN,-0.634930519888351,0.222598823905254,0.212803373999361,0.104454034759925,0.212803373999518,-0.615042241617343,1.20105206041119,NaN,NaN,NaN,0.484978505441813,NaN,1.07269397257365,0.650436712540485,NaN,0.59950718569665,NaN,NaN,0.921518575289494,NaN,NaN,0.843154519445633,0.596396057784591,0.704084131354575,-0.168998815549564,NaN,NaN,1.57214922948018,0.711516723517894,0.34651276832411,-0.806094650044863,-0.806094650041679,-0.104281730637408,-0.400586305678623,NaN,NaN,-0.395534019091598,-0.00706234441148403,NaN,NaN,-0.623959362492035,NaN,0.119818746848234,-0.529589915182307
514.56,-0.200512158007966,-1.20103764635697,-1.31007680513221,-0.840416167534049,-1.95054158205307,-1.95054158205584,NaN,-0.638871692617914,0.211080156103836,0.217361313071582,0.116378322066754,0.217361313071727,-0.623452102008597,1.18003456996882,NaN,NaN,NaN,0.492322829861539,NaN,1.06833892757997,0.619631770377352,NaN,0.583663104094341,NaN,NaN,0.9010749349635,NaN,NaN,0.872290321438971,0.633937068592868,0.708518119167755,-0.203247971219521,NaN,NaN,1.55658505554207,0.708876108986284,0.299507025495274,-0.834291160864053,-0.834291160860903,-0.087649356294294,-0.420567289808209,NaN,NaN,-0.401758788721531,0.0157867466216156,NaN,NaN,-0.648128869039411,NaN,0.112309583485892,-0.53610828104227
514.6624,-0.164945670247993,-1.21356494641506,-1.28253297010135,-0.868107247369391,-1.9250301986455,-1.92503019864823,NaN,-0.641033205081506,0.200044371461863,0.221790064108876,0.128930175415636,0.221790064109005,-0.631571468612002,1.15810542310449,NaN,NaN,NaN,0.499453245418929,NaN,1.0642512615536,0.588355372287377,NaN,0.567377127762853,NaN,NaN,0.880870981726273,NaN,NaN,0.902247167128902,0.671514285297195,0.711076698432048,-0.236043230383753,NaN,NaN,1.54034961504115,0.706470378575392,0.251362772419054,-0.862546309396719,-0.862546309393604,-0.0719295500715833,-0.439327394671778,NaN,NaN,-0.406673332870843,0.0380967294515591,NaN,NaN,-0.672740147578293,NaN,0.103566081224093,-0.542484280924038
514.7648,-0.129706578286242,-1.22478436575988,-1.25415971568326,-0.89577086607078,-1.89867206044535,-1.89867206044805,NaN,-0.641371850415956,0.189543443230453,0.226057023753035,0.142119410037603,0.226057023753151,-0.639366740604188,1.13529431220323,NaN,NaN,NaN,0.506390875041179,NaN,1.06044012878284,0.556661708533061,NaN,0.55067525368076,NaN,NaN,0.860961060206351,NaN,NaN,0.932974553319539,0.709088521287825,0.711698197307953,-0.267315983225195,NaN,NaN,1.52345538616942,0.70430685422439,0.202153815709605,-0.890853760722295,-0.890853760719212,-0.057164964899836,-0.456827684801306,NaN,NaN,-0.410255858699218,0.0598286829921651,NaN,NaN,-0.697766315700266,NaN,0.0936438741157358,-0.548663359745244
514.8672,-0.0948969667204768,-1.23466610962792,-1.22504169488921,-0.923326651377506,-1.87155924067781,-1.87155924068047,NaN,-0.639850615811202,0.179628525576152,0.230128106171072,0.155953708223004,0.230128106171174,-0.64680441620946,1.11163361428949,NaN,NaN,NaN,0.51315792415811,NaN,1.05691211523394,0.524607266390898,NaN,0.533584368059301,NaN,NaN,0.841398367596448,NaN,NaN,0.964418424647631,0.746621153391652,0.710326709974311,-0.297003174778988,NaN,NaN,1.50591560990584,0.702390850227619,0.151958009906032,-0.919205684932152,-0.919205684929105,-0.0433941984101977,-0.473035091822174,NaN,NaN,-0.412490035414814,0.0809465575680081,NaN,NaN,-0.723177739012482,NaN,0.0826050762070022,-0.55459131108395
514.9696,-0.0606190118986386,-1.24318490455887,-1.19526776691621,-0.950693403222248,-1.84378968254234,-1.84378968254495,NaN,-0.636438946412811,0.170349806170987,0.233968185638477,0.170438549769501,0.233968185638566,-0.653851322413683,1.08715838678938,NaN,NaN,NaN,0.519777644856718,NaN,1.05367126435583,0.492250882761368,NaN,0.51613197727644,NaN,NaN,0.822234624154012,NaN,NaN,0.99652143818588,0.784074277432183,0.706912450585087,-0.325047523263897,NaN,NaN,1.48774432849963,0.700725730457757,0.100857096863214,-0.947592691949987,-0.947592691946975,-0.030651620013339,-0.487922496103532,NaN,NaN,-0.413365009112508,0.101417303497878,NaN,NaN,-0.748942010694792,NaN,0.0705180051779384,-0.560214783784549
515.072,-0.0269745273505592,-1.25032007458092,-1.1649305689038,-0.977789643710979,-1.81546675709197,-1.81546675709454,NaN,-0.631112992854978,0.161756313378817,0.23754159356898,0.185577173394558,0.237541593569055,-0.660474848577277,1.06190634724855,NaN,NaN,NaN,0.526274307287959,NaN,1.05071912228148,0.459653768126566,NaN,0.498345931898203,NaN,NaN,0.803519718666455,NaN,NaN,1.02922323190219,0.821410835277668,0.701412149805444,-0.3513977613647,NaN,NaN,1.46895642531679,0.699312984457002,0.0489364915948021,-0.976003741480147,-0.976003741477167,-0.0189671889714352,-0.501468802859674,NaN,NaN,-0.412875409239502,0.12121100723216,NaN,NaN,-0.775023978693017,NaN,0.0574568852268376,-0.565481833033916
515.1744,0.00593551367824242,-1.25605558499182,-1.13412603320781,-1.00453419420253,-1.78669875677371,-1.78669875677624,NaN,-0.623855833731317,0.153895682393567,0.240812650916822,0.201370575054478,0.240812650916883,-0.666643177049805,1.03591783747549,NaN,NaN,NaN,0.532673175022889,NaN,1.04805480020238,0.426879513768998,NaN,0.480254152666809,NaN,NaN,0.785301334603534,NaN,NaN,1.0624606966649,0.858594723016935,0.693789475742747,-0.376008893918479,NaN,NaN,1.44956766000671,0.698152317032407,-0.00371498599862668,-1.004426026039,-1.00442602603605,-0.00836627066388253,-0.513659010981825,NaN,NaN,-0.411021344276355,0.140301028141831,NaN,NaN,-0.801385821039089,NaN,0.0435015347611025,-0.570342503987887
515.2768,0.0380114684139636,-1.26038005958867,-1.10295286664229,-1.03084676851537,-1.75759834159022,-1.75759834159271,NaN,-0.614657659900812,0.146813901141594,0.243746215586572,0.217817523164374,0.24374621558662,-0.672325510865624,1.00923577783064,NaN,NaN,NaN,0.539000471975796,NaN,1.04567505730181,0.393994082138223,NaN,0.46188437340076,NaN,NaN,0.767624567364137,NaN,NaN,1.09616825693196,0.895590888796865,0.684015434319298,-0.398842440048089,NaN,NaN,1.4295947018691,0.697241749111346,-0.0570054178362493,-1.0328448413439,-1.03284484134098,0.00113052489131108,-0.524484255174362,NaN,NaN,-0.407808372085399,0.15866411757905,NaN,NaN,-0.827987170848713,NaN,0.0287370417990305,-0.57474942059279
515.3792,0.0691555226431339,-1.26328677773576,-1.07151200276637,-1.05664856095265,-1.72828193388028,-1.72828193388273,NaN,-0.603515911854771,0.140555055062311,0.24630822853988,0.234914562645577,0.246308228539917,-0.67749230111712,0.981905617553078,NaN,NaN,NaN,0.545283326055108,NaN,1.04357441089671,0.361065763086355,NaN,0.443263918574032,NaN,NaN,0.750531544984337,NaN,NaN,1.13027816296548,0.932365424184443,0.672068710633699,-0.419866624246374,NaN,NaN,1.40905517456432,0.696577731065876,-0.110840110774843,-1.06124346071323,-1.06124346071034,0.00950745926945417,-0.53394180001438,NaN,NaN,-0.403247431816236,0.176280504015327,NaN,NaN,-0.854785292648777,NaN,0.0132534266331597,-0.578658357523389
515.4816,0.0992721953408935,-1.26477364905362,-1.03990602669256,-1.08186280732603,-1.69886904529995,-1.69886904530236,NaN,-0.590435367106166,0.135161077168253,0.248466248424913,0.252655994631672,0.248466248424936,-0.6821154718998,0.953975280695661,NaN,NaN,NaN,0.551549679683896,NaN,1.04174527544667,0.328165076514258,NaN,0.424419525375303,NaN,NaN,0.734061064266949,NaN,NaN,1.16472078957132,0.968885652205484,0.65793593598272,-0.43905649662514,NaN,NaN,1.38796772493884,0.696155268547796,-0.165121918624459,-1.08960302008862,-1.08960302008575,0.0167537288535575,-0.54203497584304,NaN,NaN,-0.397354733972291,0.193133941175287,NaN,NaN,-0.881735309490107,NaN,-0.00285471045357994,-0.582028789528515
515.584,0.128268850887368,-1.26484315802233,-1.00823856427097,-1.10641530728199,-1.66948152208313,-1.6694815220855,NaN,-0.575428176252259,0.130671498751554,0.250189970794336,0.271033837886659,0.250189970794343,-0.686168633435133,0.925495099275413,NaN,NaN,NaN,0.557828163763419,NaN,1.04017812739485,0.295364612286298,NaN,0.405377207511612,NaN,NaN,0.71824824983512,NaN,NaN,1.19942493412709,1.00512021976515,0.641611879243824,-0.456393979195717,NaN,NaN,1.36635212014341,0.695968056474487,-0.21975155529564,-1.11790240809935,-1.11790240809651,0.0228634776569687,-0.548773056544965,NaN,NaN,-0.390151610918336,0.209211726127881,NaN,NaN,-0.908790475071914,NaN,-0.0194885585667879,-0.584824423025171
515.6864,0.156056218270464,-1.26350227265441,-0.976613630999809,-1.13023490767357,-1.64024269892769,-1.64024269893003,NaN,-0.558513848788622,0.127123193780307,0.251451731707679,0.290037786337147,0.251451731707672,-0.689627269500381,0.896517721579125,NaN,NaN,NaN,0.564147935269512,NaN,1.03886169490053,0.262738805497268,NaN,0.386162152612986,NaN,NaN,0.703124237147414,NaN,NaN,1.23431810983502,1.04103920495336,0.623099566583368,-0.471867843543597,NaN,NaN,1.34422937113103,0.69600861555762,-0.274627903720573,-1.14611815034419,-1.14611815034138,0.0278357634229425,-0.554171082675801,NaN,NaN,-0.381664329504001,0.224504694949189,NaN,NaN,-0.935902481788257,NaN,-0.0365454841724061,-0.587013717698858
515.7888,0.182548915219603,-1.2607623189772,-0.945134944491914,-1.15325395401279,-1.61127646376609,-1.61127646376839,NaN,-0.539719197054458,0.124550115577166,0.252226992441651,0.309655173047152,0.252226992441627,-0.69246888700047,0.867097987714147,NaN,NaN,NaN,0.570538481394883,NaN,1.03778317266598,0.230363651307604,NaN,0.366798648059107,NaN,NaN,0.688715875437581,NaN,NaN,1.26932683266533,1.07661424461459,0.602410335426831,-0.485473631003663,NaN,NaN,1.32162187571394,0.696268425699548,-0.329648337191975,-1.17422428132392,-1.17422428132113,0.0316744805773044,-0.558249634475213,NaN,NaN,-0.371923866191396,0.239007200712501,NaN,NaN,-0.963021796948572,NaN,-0.0539194383163128,-0.588570400990817
515.8912,0.207665974787463,-1.25663883257435,-0.913905213429792,-1.17540871869793,-1.58270626684,-1.58270626684226,NaN,-0.519078253721303,0.122983028286172,0.252494797510885,0.32987094484587,0.252494797510847,-0.694673124755589,0.837292775161132,NaN,NaN,NaN,0.57702939875114,NaN,1.03692845888554,0.198316376491999,NaN,0.34731003204654,NaN,NaN,0.675045445824115,NaN,NaN,1.30437690020779,1.11181867367381,0.579563830182065,-0.497213535490669,NaN,NaN,1.29855356526499,0.696738049212258,-0.384709069535818,-1.2021922087194,-1.20219220871662,0.034388245580413,-0.561034562769253,NaN,NaN,-0.360965648169187,0.252717076371174,NaN,NaN,-0.990098019726206,NaN,-0.0715013810527484,-0.589473962868663
515.9936,0.231331364595125,-1.25115140196653,-0.883025427138207,-1.19663980899136,-1.55465413561011,-1.55465413561233,NaN,-0.496632177611172,0.122449232422059,0.252238199838595,0.350667649027453,0.252238199838539,-0.696221832321377,0.807160828780638,NaN,NaN,NaN,0.583650161246973,NaN,1.03628240852945,0.166675094670925,NaN,0.327718662718137,NaN,NaN,0.662130395074806,NaN,NaN,1.33939365722875,1.14662765363864,0.554587951508493,-0.507096273651539,NaN,NaN,1.27505003373109,0.697407238947925,-0.439705532762768,-1.22999058643965,-1.2299905864369,0.0359902514226479,-0.562556689735205,NaN,NaN,-0.348829270841085,0.265635581136261,NaN,NaN,-1.01708024729987,NaN,-0.0891797171731187,-0.589710103461962
516.096,0.253474479589624,-1.24432351061569,-0.852594172891811,-1.2168925471495,-1.52723974579485,-1.52723974579704,NaN,-0.472429154762961,0.122972280926667,0.251444647192026,0.372025429031622,0.251444647191954,-0.697099139175498,0.776762595069731,NaN,NaN,NaN,0.590429887281317,NaN,1.03582909349522,0.135518468408217,NaN,0.308045896351845,NaN,NaN,0.649983092371201,NaN,NaN,1.37430224123763,1.1810182679893,0.527518771626454,-0.515136957168953,NaN,NaN,1.25113863516809,0.698265031934246,-0.494532762901068,-1.25758521426125,-1.25758521425852,0.0364980970777328,-0.56285149047769,NaN,NaN,-0.33555820559847,0.277767325345783,NaN,NaN,-1.04391743482252,NaN,-0.106840737113742,-0.589271107853069
516.1984,0.274030590809965,-1.23618237110424,-0.822706994256064,-1.23611730702123,-1.50057955821849,-1.50057955822065,NaN,-0.446524291927742,0.124571686323487,0.250106315028966,0.393922021635577,0.250106315028877,-0.697291533303587,0.746160076015373,NaN,NaN,NaN,0.59739710878712,NaN,1.03555205472385,0.1049253955468,NaN,0.288312071722014,NaN,NaN,0.638610617691979,NaN,NaN,1.40902780961547,1.21496957746566,0.498400420900531,-0.52135696593222,NaN,NaN,1.22684854854154,0.699299832839949,-0.549085772096218,-1.28493897329038,-1.28493897328768,0.0359335965448764,-0.561958761413045,NaN,NaN,-0.32119950747204,0.289120172945091,NaN,NaN,-1.07055873334176,NaN,-0.124369061850243,-0.588156136924882
516.3008,0.292941242902245,-1.22675873990122,-0.793455787882246,-1.25426979092507,-1.47478600694431,-1.47478600694643,NaN,-0.418979493517208,0.127262625855797,0.248220363074493,0.416332751141539,0.24822036307439,-0.696787958054306,0.715416707530061,NaN,NaN,NaN,0.604579542341398,NaN,1.03543453042462,0.0749747392988665,NaN,0.268536504411048,NaN,NaN,0.62801458474758,NaN,NaN,1.44349576286617,1.24846263979681,0.467284945086537,-0.525783812841355,NaN,NaN,1.20221081190758,0.700499493526421,-0.603259893844534,-1.31201180157078,-1.31201180156812,0.0343225720268198,-0.559922278492168,NaN,NaN,-0.305803524892456,0.299705129962886,NaN,NaN,-1.09695379181187,NaN,-0.141648095613105,-0.586371433885097
516.4032,0.310154604069293,-1.21608670892884,-0.764928231285194,-1.27131123494248,-1.44996672427576,-1.44996672427785,NaN,-0.389863315094299,0.131055650887647,0.24578909779355,0.439230523117228,0.245789097793431,-0.695579924013828,0.684597257083413,NaN,NaN,NaN,0.612003866260646,NaN,1.03545965091876,0.0457451163515039,NaN,0.248737495036101,NaN,NaN,0.618190996245132,NaN,NaN,1.4776319826362,1.28148049500331,0.4342321322918,-0.528450992281491,NaN,NaN,1.17725832400852,0.701851395435381,-0.656951103203447,-1.33876071709888,-1.33876071709625,0.0316946338191546,-0.55678944646222,NaN,NaN,-0.289423608495173,0.309536229900143,NaN,NaN,-1.12305301387225,NaN,-0.158560491993862,-0.583930446013298
516.5056,0.325625781764907,-1.20420348146585,-0.737207233882378,-1.28720853514336,-1.42622378654923,-1.42622378655129,NaN,-0.359250791810895,0.135956401172486,0.242820037079977,0.462585821821806,0.242820037079842,-0.693661624965729,0.653767728411329,NaN,NaN,NaN,0.619695508841697,NaN,1.03561059990967,0.0173147378336748,NaN,0.228932350361226,NaN,NaN,0.609130132770598,NaN,NaN,1.51136309688591,1.31400811139161,0.399309306303752,-0.529397807161323,NaN,NaN,1.15202581142822,0.703342537379457,-0.710056329156273,-1.36513989718724,-1.36513989718464,0.0280829431466224,-0.552610934932918,NaN,NaN,-0.272115812178536,0.318630420041907,NaN,NaN,-1.14880776759466,NaN,-0.17498863813335,-0.580853858573624
516.608,0.339317119466804,-1.19114914346284,-0.710370404571936,-1.30193429523974,-1.403652963203,-1.40365296320503,NaN,-0.327223237254518,0.141965325493784,0.239325888283093,0.486366710824257,0.23932588828294,-0.691030046778579,0.622995260051949,NaN,NaN,NaN,0.627678450757248,NaN,1.03587074863503,-0.0102387122115682,NaN,0.209137411553042,NaN,NaN,0.600816482438278,NaN,NaN,1.54461677693084,1.34603229224719,0.362591077631176,-0.528669170152252,NaN,NaN,1.12654976353967,0.704959623307005,-0.762473778988035,-1.39110081792014,-1.39110081791756,0.0235239501661084,-0.547440292523492,NaN,NaN,-0.253938578864977,0.327007446029863,NaN,NaN,-1.17417055517007,NaN,-0.19081515838586,-0.577169540989918
516.7104,0.351198482876123,-1.17696643828028,-0.684489533989199,-1.3154668100488,-1.38234296594172,-1.38234296594372,NaN,-0.29386800044952,0.149077417280174,0.235324460290822,0.510538834296849,0.235324460290653,-0.687685063030249,0.592348008414642,NaN,NaN,NaN,0.635975042913305,NaN,1.03622377028995,-0.0368381689080034,NaN,0.189368084928844,NaN,NaN,0.593228714990663,NaN,NaN,1.57732206475079,1.3775415517188,0.324159043140954,-0.526315375660336,NaN,NaN,1.10086833764548,0.706689140268723,-0.814103284588321,-1.41659245049937,-1.41659245049681,0.0180571040071959,-0.541333534162239,NaN,NaN,-0.234952407734955,0.334689731301196,NaN,NaN,-1.19909515375828,NaN,-0.205923434726658,-0.572912410975438
516.8128,0.361247536673634,-1.16170055037422,-0.659630095222187,-1.32779000664053,-1.36237471212046,-1.36237471212244,NaN,-0.25927817205243,0.157281973619095,0.230838530613193,0.535065419767373,0.230838530613007,-0.683629516358032,0.5618950124711,NaN,NaN,NaN,0.644605839391442,NaN,1.03665373815098,-0.0624072551618336,NaN,0.169638876746983,NaN,NaN,0.586339696551396,NaN,NaN,1.60940972241925,1.40852596534237,0.284101431932884,-0.522391842383345,NaN,NaN,1.07502123408828,0.708517420407269,-0.864846672640973,-1.44156151105827,-1.44156151105574,0.0117245384449995,-0.534348704603875,NaN,NaN,-0.215219504555964,0.341702248126369,NaN,NaN,-1.22353673526476,NaN,-0.220198139802254,-0.568124223103537
516.9152,0.369450008097841,-1.14539889947337,-0.635850768474942,-1.33889335514312,-1.34382061593221,-1.34382061593416,NaN,-0.223552246081668,0.166562374392534,0.225895678694751,0.55990728395206,0.225895678694549,-0.678869288580077,0.531706043271633,NaN,NaN,NaN,0.653589442342687,NaN,1.03714520577385,-0.086870343259572,NaN,0.149963437645887,NaN,NaN,0.580116539549447,NaN,NaN,1.64081259104865,1.43897698852089,0.242512702398312,-0.516958830395937,NaN,NaN,1.04904954048009,0.71043068569312,-0.91460815874869,-1.46595276665179,-1.46595276664929,0.00457073836562276,-0.526545425912174,NaN,NaN,-0.194803418851475,0.348072374398451,NaN,NaN,-1.24745196842437,NaN,-0.233525780007895,-0.562853284112573
517.0176,0.375799929667961,-1.12811093866016,-0.613202992097469,-1.34877174460822,-1.32674390578736,-1.32674390578928,NaN,-0.186793753119325,0.176895868662806,0.220528084704316,0.585022839950909,0.220528084704095,-0.673413365730313,0.501851444314826,NaN,NaN,NaN,0.662942353501091,NaN,1.03768326630157,-0.110152632682083,NaN,0.130354620723034,NaN,NaN,0.574520684409174,NaN,NaN,1.67146594536191,1.4688872328538,0.199493097664902,-0.510081138313623,NaN,NaN,1.0229955465363,0.712415073920504,-0.963294761857117,-1.48970940068601,-1.48970940068354,-0.00335780768790783,-0.517984438790345,NaN,NaN,-0.173768674290032,0.353829729551694,NaN,NaN,-1.27079910667778,NaN,-0.245795247804601,-0.557154094672891
517.12,0.380299850270789,-1.10988794810119,-0.59173054428383,-1.35742531601541,-1.3111979622546,-1.3111979622565,NaN,-0.149110874470013,0.188253367565573,0.214772287873755,0.610368107677294,0.214772287873517,-0.667273901501978,0.472401966573337,NaN,NaN,NaN,0.672678828591792,NaN,1.0382535921308,-0.132180263136337,NaN,0.11082455464205,NaN,NaN,0.569508014723153,NaN,NaN,1.70130782764695,1.49825020463387,0.155148165865595,-0.501827782740632,NaN,NaN,0.996902535857525,0.714456644744006,-1.01081672653767,-1.51277342726623,-1.51277342726377,-0.0120129603034461,-0.508727150509579,NaN,NaN,-0.152180401413812,0.359005985509337,NaN,NaN,-1.29353806428992,NaN,-0.256898383973406,-0.551086922269844
517.2224,0.382960997365344,-1.09078282475279,-0.571469174606221,-1.36485925458134,-1.29722569523404,-1.29722569523592,NaN,-0.110616034916425,0.200599272580952,0.208668898787951,0.635896743018043,0.208668898787695,-0.660466271884457,0.443428597702088,NaN,NaN,NaN,0.68281073867515,NaN,1.03884245913598,-0.152880467904619,NaN,0.0913847321936748,NaN,NaN,0.565029016638808,NaN,NaN,1.73027934029292,1.52706002991385,0.109588249489922,-0.49227165450148,NaN,NaN,0.970814564085388,0.716541370068648,-1.05708793061789,-1.53508612650409,-1.53508612650166,-0.0213452756844748,-0.498835203177086,NaN,NaN,-0.130103979430405,0.363634649375706,NaN,NaN,-1.31563048068818,NaN,-0.266730549599089,-0.544717319352512
517.3248,0.383803365983072,-1.07084987233813,-0.552446315902162,-1.37108355068623,-1.28485901087775,-1.2848590108796,NaN,-0.071425468291906,0.213891383487248,0.202262261604878,0.661560109116631,0.202262261604604,-0.653009104555763,0.415002383124239,NaN,NaN,NaN,0.693347452242278,NaN,1.03943675491054,-0.172181752649608,NaN,0.0720461103826023,NaN,NaN,0.561028997883921,NaN,NaN,1.75832487676557,1.55531119560068,0.0629279434039626,-0.481489140219294,NaN,NaN,0.944776229738878,0.718655117987651,-1.10202625179477,-1.55658847077133,-1.55658847076893,-0.0313043368087602,-0.488370070923669,NaN,NaN,-0.107604686975036,0.367750813193163,NaN,NaN,-1.33703977594521,NaN,-0.275191201264824,-0.53811560454514
517.4272,0.38285571626411,-1.05014459368117,-0.534680898389498,-1.37611273865561,-1.27411842257925,-1.27411842258107,NaN,-0.0316587534539206,0.228080919577999,0.195600066261784,0.687307404970237,0.195600066261494,-0.644924266812083,0.387194235967649,NaN,NaN,NaN,0.704295752414407,NaN,1.04002396626239,-0.190014075067593,NaN,0.0528192110128031,NaN,NaN,0.557448375112388,NaN,NaN,1.78539228285531,1.58299832421692,0.0152855187535719,-0.469559700559031,NaN,NaN,0.918832437625624,0.720783639143271,-1.14555387752733,-1.57722152572376,-1.57722152572138,-0.0418390673748316,-0.477392686024723,NaN,NaN,-0.084747356498585,0.371390866763657,NaN,NaN,-1.35773120005689,NaN,-0.282184457240406,-0.531356315346459
517.5296,0.380155477869344,-1.02872349182056,-0.518183273658713,-1.37996562134403,-1.26501283354275,-1.26501283354455,NaN,0.00856168520856442,0.243112670937729,0.188732915238972,0.713085853303628,0.188732915238664,-0.636236799078044,0.360074728242988,NaN,NaN,NaN,0.715659790058102,NaN,1.04059214667451,-0.206309011484514,NaN,0.0337142111667582,NaN,NaN,0.554223024127169,NaN,NaN,1.81143295778818,1.61011599027152,-0.0332176874308334,-0.45656540548663,NaN,NaN,0.893028150503144,0.722912560503587,-1.18759756217421,-1.59692682196339,-1.59692682196103,-0.0528980326253019,-0.465963088117965,NaN,NaN,-0.0615960252691244,0.374592174039593,NaN,NaN,-1.37767186737302,NaN,-0.287619647217139,-0.524517623571703
517.632,0.375748564916713,-1.00664389004245,-0.502955253757489,-1.3826649855664,-1.2575394899172,-1.25753948991898,NaN,0.0491111312096355,0.258925286544561,0.181713849423347,0.738840944892136,0.181713849423021,-0.626974785008766,0.33371385013927,NaN,NaN,NaN,0.727441057990638,NaN,1.04112987255683,-0.22099991552007,NaN,0.0147410211030541,NaN,NaN,0.551284677874671,NaN,NaN,1.83640191643148,1.63665858714708,-0.0824579175982006,-0.442590430942842,NaN,NaN,0.867408125560681,0.725027387239343,-1.22808884297645,-1.61564669436631,-1.61564669436396,-0.064429733069315,-0.454140088397245,NaN,NaN,-0.0382135777303261,0.377392719722298,NaN,NaN,-1.39683076286543,NaN,-0.291411848967983,-0.517680695307713
517.7344,0.369689099427015,-0.983963776429906,-0.488990272655222,-1.38423730942902,-1.25168409076422,-1.25168409076597,NaN,0.0898632008516668,0.275451697463015,0.174597834698175,0.764516737286196,0.174597834697831,-0.617169161094302,0.308180726739216,NaN,NaN,NaN,0.739638365913323,NaN,1.04162619926632,-0.234022091407785,NaN,-0.00409064908454065,NaN,NaN,0.548561361714479,NaN,NaN,1.86025783386013,1.6626202534171,-0.132309681015899,-0.427720516511322,NaN,NaN,0.842016638327279,0.727113511946889,-1.26696421802219,-1.63332458722003,-1.63332458721771,-0.0763828974590572,-0.441980939351192,NaN,NaN,-0.0146613795635286,0.379830733659845,NaN,NaN,-1.41517871772151,NaN,-0.293482418941332,-0.510928982836107
517.8368,0.362039047392852,-0.960741679377642,-0.476273671442328,-1.38471246254604,-1.24742103479721,-1.24742103479895,NaN,0.130690527801617,0.292619659764499,0.16744121146684,0.790056200991721,0.167441211466479,-0.606853480899617,0.283543291360463,NaN,NaN,NaN,0.752247798028783,NaN,1.04207062523465,-0.245313015267262,NaN,-0.0227712350732029,NaN,NaN,0.545977868716672,NaN,NaN,1.88296308547058,1.68799485909583,-0.182646490842376,-0.41204238185353,NaN,NaN,0.816897203127561,0.729156229728474,-1.30416528329114,-1.64990533233369,-1.64990533233138,-0.0887067824637572,-0.429541000735242,NaN,NaN,0.00900109036718851,0.381944293311737,NaN,NaN,-1.43268836166472,NaN,-0.29375951818368,-0.504347448558695
517.9392,0.352867789801805,-0.937036584228206,-0.464783092050286,-1.38412340400037,-1.24471376923977,-1.24471376924151,NaN,0.171465463877986,0.310352384423096,0.160301119032517,0.815401593358121,0.160301119032139,-0.596063646349453,0.25986792279409,NaN,NaN,NaN,0.765262642508411,NaN,1.04245306706714,-0.254812628367707,NaN,-0.0412912765075691,NaN,NaN,0.543456281761806,NaN,NaN,1.90448378529112,1.7127760421939,-0.233341643030978,-0.3956431120477,NaN,NaN,0.792092301933484,0.731140753337013,-1.33963882903944,-1.66533541142752,-1.66533541142524,-0.101351483775747,-0.416873397692116,NaN,NaN,0.0327166009763146,0.383770899271897,NaN,NaN,-1.44933406349613,NaN,-0.292178628123495,-0.498021735146282
518.0416,0.34225166001163,-0.912907889610845,-0.454488943846117,-1.38250588495646,-1.24351518952015,-1.24351518952188,NaN,0.212060750740738,0.328569211480053,0.153234920956678,0.840494830667689,0.153234920956283,-0.584837606186498,0.237219055268153,NaN,NaN,NaN,0.778673294455395,NaN,1.04276384461353,-0.262463702362402,NaN,-0.0596413829177493,NaN,NaN,0.540916539300589,NaN,NaN,1.92478981896984,1.73695728077609,-0.284269007091078,-0.378609537079637,NaN,NaN,0.767643133781255,0.733052219656269,-1.37333689933771,-1.67956320399826,-1.679563203996,-0.114268254553587,-0.404028675904772,NaN,NaN,0.0564305115743702,0.385347023880488,NaN,NaN,-1.46509187408841,NaN,-0.288683045851012,-0.492037309739604
518.144,0.330273468694571,-0.888415383605597,-0.445354901833007,-1.37989815914223,-1.24376804687475,-1.24376804687647,NaN,0.252350140629471,0.347186290628247,0.146299658298403,0.865277835066448,0.14629965829799,-0.573215019363288,0.215658770169459,NaN,NaN,NaN,0.792467144620089,NaN,1.04299367813472,-0.268212263242937,NaN,-0.0778122008703988,NaN,NaN,0.538277033577458,NaN,NaN,1.94385487058264,1.76053198492861,-0.335303797127449,-0.361027626309387,NaN,NaN,0.743589394069459,0.734875683099482,-1.40521681844812,-1.69253921219502,-1.69253921219279,-0.127409822384927,-0.391054463202384,NaN,NaN,0.0800910851261635,0.386707639705241,NaN,NaN,-1.47993948076223,NaN,-0.283224342914231,-0.486478610129747
518.2464,0.317022016719496,-0.863619214039569,-0.437338412721822,-1.37634070090675,-1.24540535687144,-1.24540535687315,NaN,0.292208964744203,0.366117241790469,0.139551539395215,0.88969285347688,0.139551539394786,-0.561236894427972,0.19524638384597,NaN,NaN,NaN,0.806628468519275,NaN,1.04313370250281,-0.272008061927239,NaN,-0.0957943817722707,NaN,NaN,0.535455233589294,NaN,NaN,1.96165644434208,1.78349359471866,-0.38632331065168,-0.342981900783383,NaN,NaN,0.719969084451582,0.736596099714699,-1.43524118774022,-1.70421625751328,-1.70421625751107,-0.140730700364777,-0.377995145675241,NaN,NaN,0.103649766068205,0.387885735650484,NaN,NaN,-1.49385617313899,NaN,-0.275762766952796,-0.481428206995555
518.3488,0.302591581105258,-0.838579833351953,-0.430391207376306,-1.37187593337057,-1.24835082839896,-1.24835082840066,NaN,0.331514647799344,0.385273777721009,0.133045455595511,0.91368276411544,0.133045455595066,-0.548945227448759,0.176038050196056,NaN,NaN,NaN,0.82113832944957,NaN,1.04317549724621,-0.273805079109162,NaN,-0.113578558022823,NaN,NaN,0.532368331106586,NaN,NaN,1.97817587319293,1.80583567429061,-0.437207629449406,-0.324554863533715,NaN,NaN,0.696818346520412,0.738198311550845,-1.46337786049505,-1.7145496492353,-1.71454964923312,-0.154187488955676,-0.364891567270959,NaN,NaN,0.127061421002172,0.388911829720565,NaN,NaN,-1.506822821908,NaN,-0.266267567791897,-0.476965990377261
518.4512,0.287081355574964,-0.813357907796092,-0.424459830552323,-1.36654796880412,-1.2525193328427,-1.2525193328444,NaN,0.370147153131731,0.404566274975437,0.12683450674489,0.937191391353029,0.126834506744427,-0.536382654102057,0.158086389883392,NaN,NaN,NaN,0.835974508897915,NaN,1.04311112335147,-0.27356205100742,NaN,-0.131155338133093,NaN,NaN,0.528933910650362,NaN,NaN,1.99339829914774,1.82755199843851,-0.487840265891138,-0.30582646270824,NaN,NaN,0.674171314052013,0.739667037355292,-1.48959990358024,-1.72349732096221,-1.72349732096003,-0.167739157784859,-0.351780766699561,NaN,NaN,0.150284539045539,0.389813490308025,NaN,NaN,-1.51882187666679,NaN,-0.254717237961564,-0.473168394053601
518.5536,0.270594830325341,-0.788014189943273,-0.419486203827474,-1.36040235455182,-1.2578174277138,-1.25781742771548,NaN,0.407989337442462,0.423904280733073,0.120969527615227,0.960163843707159,0.120969527614749,-0.523592115694921,0.141440146414486,NaN,NaN,NaN,0.851111475624899,NaN,1.04293315725519,-0.271243009103976,NaN,-0.148515326743695,NaN,NaN,0.525070646708579,NaN,NaN,2.00731261876353,1.84863663334518,-0.53810873927169,-0.286873609179349,NaN,NaN,0.652059983136921,0.740986863027123,-1.51388554829182,-1.73101992952632,-1.73101992952415,-0.181347294372702,-0.338695766167184,NaN,NaN,0.173281385077072,0.390614874533064,NaN,NaN,-1.52983738645483,NaN,-0.241099663030697,-0.470107669215456
518.656,0.253239104836092,-0.762609358823769,-0.415408232415428,-1.35348581430385,-1.26414394436241,-1.26414394436409,NaN,0.444927214041471,0.44319694775426,0.115498620964588,0.982546879598857,0.115498620964095,-0.510616531712632,0.126143864269233,NaN,NaN,NaN,0.866520398814681,NaN,1.04263471503192,-0.266817832095434,NaN,-0.165649168699229,NaN,NaN,0.520699029965649,NaN,NaN,2.01991139831798,1.86908401471494,-0.587905084200988,-0.267769760207194,NaN,NaN,0.630514096705748,0.742142219940916,-1.5362181247045,-1.73708091983488,-1.73708091983272,-0.194976315557597,-0.325665420447538,NaN,NaN,0.196018099211961,0.391336284788672,NaN,NaN,-1.5398550431651,NaN,-0.225412177660477,-0.467851209685412
518.7584,0.235124138403267,-0.737203826906035,-0.412160450013715,-1.3458459787082,-1.27139063040644,-1.27139063040811,NaN,0.480850152330029,0.462353403726133,0.110466715496291,1.0042892985078,0.110466715495785,-0.497498471772851,0.112237581002631,NaN,NaN,NaN,0.882169205821136,NaN,1.04220945762686,-0.260262802958854,NaN,-0.182547612893937,NaN,NaN,0.51574211466024,NaN,NaN,2.03119076462092,1.88888902833554,-0.637126300524023,-0.24858456760679,NaN,NaN,0.609561034681805,0.743117351509681,-1.55658597283898,-1.74164656779885,-1.74164656779669,-0.208593643861638,-0.312714328074657,NaN,NaN,0.218464739248835,0.391993742047076,NaN,NaN,-1.54886225051499,NaN,-0.207661525527,-0.466460932053219
518.8608,0.216361949042872,-0.711857504101858,-0.409674681124494,-1.33753110183798,-1.27944281086421,-1.27944281086587,NaN,0.515651048680681,0.481283073760337,0.105915169081513,1.02534235192799,0.105915169080993,-0.484279822337846,0.0997565226685077,NaN,NaN,NaN,0.898022680986409,NaN,1.04165156581782,-0.251561155930696,NaN,-0.199201589268122,NaN,NaN,0.510126268537251,NaN,NaN,2.04115027692335,1.90804710318915,-0.685674744960594,-0.229383581863971,NaN,NaN,0.589225705121821,0.743896282918503,-1.57498232880196,-1.74468600864655,-1.74468600864438,-0.22216984847468,-0.299862802146693,NaN,NaN,0.240595267612859,0.392598578215053,NaN,NaN,-1.5568482265871,NaN,-0.187863727637756,-0.465992720212458
518.9632,0.197065782750288,-0.686629518155487,-0.40788069620691,-1.32858976637994,-1.2881800297951,-1.28818002979677,NaN,0.549226491419457,0.499895976008425,0.101881429427964,1.04566015996076,0.101881429427432,-0.471001454284918,0.0887308027138694,NaN,NaN,NaN,0.914042595032163,NaN,1.04095568037627,-0.240703593376383,NaN,-0.215602288025583,NaN,NaN,0.503781899078652,NaN,NaN,2.04979278789177,1.92655432403295,-0.733458456499694,-0.210228002212402,NaN,NaN,0.569530440408664,0.744462810027809,-1.59140519047439,-1.74617125072436,-1.74617125072219,-0.235678747326693,-0.287126895546247,NaN,NaN,0.262387489267684,0.39315705971806,NaN,NaN,-1.56380414747398,NaN,-0.166043874269849,-0.466495935552988
519.0656,0.177349291455117,-0.661577914202904,-0.406706838398624,-1.31907059260453,-1.29747666258112,-1.29747666258278,NaN,0.581476932472209,0.518103004035739,0.0983987535275232,1.06520010918996,0.0983987535269781,-0.457702912816095,0.0791851434569554,NaN,NaN,NaN,0.930187849819616,NaN,1.04011681210488,-0.227688748756767,NaN,-0.231741229171151,NaN,NaN,0.496644124711261,NaN,NaN,2.05712430055592,1.94440755027459,-0.780391407604146,-0.191174467760778,NaN,NaN,0.550494903046095,0.744800515711564,-1.60585716916175,-1.7460771785737,-1.74607717857152,-0.249097467963938,-0.274518474816942,NaN,NaN,0.283822949756564,0.393670066958516,NaN,NaN,-1.56972332677541,NaN,-0.14223586757216,-0.468012977886484
519.168,0.157325754192222,-0.636759361201256,-0.406080609185309,-1.30902197032322,-1.30720251497176,-1.30720251497343,NaN,0.612306871938422,0.535816199697276,0.095495979172,1.08392321285033,0.0954959791714446,-0.444422153909346,0.0711386443633052,NaN,NaN,NaN,0.94641462667622,NaN,1.03913022703431,-0.212523575570733,NaN,-0.247610318153017,NaN,NaN,0.488653366483295,NaN,NaN,2.06315382233799,1.96160450939506,-0.826393674904441,-0.172274894051849,NaN,NaN,0.532135999801738,0.744892814528903,-1.61834533118176,-1.74438155356893,-1.74438155356675,-0.26240646731218,-0.262045338007462,NaN,NaN,0.304886801459023,0.394132855065867,NaN,NaN,-1.5746014061665,NaN,-0.116482140459986,-0.470578879347289
519.2704,0.137107350402937,-0.612228875860483,-0.405929212918657,-1.29849182527173,-1.31722343106039,-1.31722343106206,NaN,0.64162505323348,0.552949012431199,0.0931973375581541,1.10179443261001,0.0931973375575885,-0.431195338963961,0.0646046104899204,NaN,NaN,NaN,0.962676532140394,NaN,1.03799131176557,-0.195223657177737,NaN,-0.263201891478978,NaN,NaN,0.47975585689682,NaN,NaN,2.06789321448304,1.97814383998055,-0.871391529544775,-0.153576362238661,NaN,NaN,0.5144678002987,0.744723019296909,-1.62888103528703,-1.74106501482227,-1.74106501482008,-0.275589513561326,-0.249711370670768,NaN,NaN,0.325567644501341,0.394534903083708,NaN,NaN,-1.57843652193752,NaN,-0.0888333604090941,-0.474220920930874
519.3728,0.116804476685103,-0.588039562830843,-0.406180068550928,-1.28752742350593,-1.32740192884896,-1.32740192885065,NaN,0.669344661130924,0.569416544247904,0.091522298971538,1.11878297209318,0.0915222989709656,-0.418056685621094,0.0595904421804323,NaN,NaN,NaN,0.978924740607531,NaN,1.03669543068364,-0.175813440650859,NaN,-0.278508755247245,NaN,NaN,0.469904081780421,NaN,NaN,2.07135703743971,1.99402508325771,-0.915317462810233,-0.135121059614923,NaN,NaN,0.497501458200012,0.744274418385161,-1.63747977599196,-1.73611107737338,-1.73611107737119,-0.288633637941504,-0.237516729941782,NaN,NaN,0.345857350613897,0.394859838761215,NaN,NaN,-1.58122942136211,NaN,-0.0593481152643283,-0.478958268105455
519.4752,0.0965251035434786,-0.564242372115126,-0.406761293239435,-1.27617521631158,-1.33759787208558,-1.33759787208728,NaN,0.695383513768825,0.585135788302172,0.0904854540742368,1.13486254806051,0.0904854540736568,-0.405038368044223,0.0560975812144456,NaN,NaN,NaN,0.995108142683416,NaN,1.03523778843475,-0.154326391244323,NaN,-0.293524216034739,NaN,NaN,0.459057172918311,NaN,NaN,2.07356239430568,2.0092486354207,-0.958110171981121,-0.116946262134698,NaN,NaN,0.481245136051793,0.743530356535587,-1.64416104050663,-1.72950612723058,-1.72950612722838,-0.301529063477004,-0.225458046606091,NaN,NaN,0.365750878923878,0.395085427776806,NaN,NaN,-1.58298352146381,NaN,-0.0280925801414747,-0.484801632317655
519.5776,0.0763741833942974,-0.540885880590631,-0.407602151758451,-1.26448072497151,-1.34766917294581,-1.34766917294752,NaN,0.719664238112271,0.600025867071056,0.0900964394896098,1.15001163338479,0.090096439489022,-0.392170463980967,0.0541215113147685,NaN,NaN,NaN,1.01117351048292,NaN,1.03361330361993,-0.13080506972713,NaN,-0.30824210364964,NaN,NaN,0.447181258232813,NaN,NaN,2.07452877358335,2.02381567035596,-0.999714521019864,-0.099084353126361,NaN,NaN,0.465703937381807,0.742474317336825,-1.64894818151023,-1.7212394170269,-1.72123941702468,-0.314269110896339,-0.213528642622844,NaN,NaN,0.385246086492023,0.395183633895084,NaN,NaN,-1.5837049151946,NaN,0.00485983695354309,-0.491752974789898
519.68,0.056453126820352,-0.518016107723067,-0.408633462275229,-1.25248845239687,-1.35747251604066,-1.35747251604238,NaN,0.742114420338197,0.614008265344594,0.0903599105316437,1.16421365555825,0.0903599105310522,-0.379480948840038,0.0536518168223844,NaN,NaN,NaN,1.0270656778912,NaN,1.0318164953564,-0.105301164012656,NaN,-0.322656786136715,NaN,NaN,0.434249767395424,NaN,NaN,2.07427788926333,2.03772803785454,-1.04008147133606,-0.0815628819366224,NaN,NaN,0.450879850507738,0.741090002167411,-1.65186830415864,-1.71130306631022,-1.71130306630799,-0.326850080602601,-0.201718766525304,NaN,NaN,0.404343530336229,0.395120761126285,NaN,NaN,-1.58340233627812,NaN,0.0394288864202136,-0.499805261709995
519.7824,0.0368593568594725,-0.495676374457817,-0.409787955944594,-1.2402418021351,-1.36686410069643,-1.36686410069818,NaN,0.762666729652315,0.627007047734596,0.091275555909861,1.17745713446713,0.0912755559092654,-0.366995728936944,0.0546722994440187,NaN,NaN,NaN,1.04272772000389,NaN,1.02984138328418,-0.0778755227642292,NaN,-0.336763182691993,NaN,NaN,0.420243686780047,NaN,NaN,2.07283351220749,2.05098814168958,-1.07916796588631,-0.0644046703201148,NaN,NaN,0.436771703123512,0.739361396574632,-1.65295216274403,-1.6996920642397,-1.69969206423747,-0.339271115245934,-0.190015847871887,NaN,NaN,0.423046257792132,0.394857674393241,NaN,NaN,-1.58208709926148,NaN,0.0755279313134258,-0.508942259326637
519.8848,0.0176859386756057,-0.473907206426329,-0.411000594255975,-1.22778299878113,-1.37570040028465,-1.37570040028642,NaN,0.781259021617551,0.638949054310447,0.0928381487509521,1.18973575473757,0.0928381487503527,-0.354738695310798,0.0571611405282287,NaN,NaN,NaN,1.05810111761516,NaN,1.02768139975065,-0.0485982091121378,NaN,-0.35055678852332,NaN,NaN,0.405151753212731,NaN,NaN,2.07022128793723,2.06359880298217,-1.11693675154249,-0.0476279688633594,NaN,NaN,0.423375119297264,0.737272823070988,-1.65223406415844,-1.68640426334393,-1.68640426334168,-0.35153404763473,-0.178404772353766,NaN,NaN,0.441359584208757,0.394350085599066,NaN,NaN,-1.5797730304374,NaN,0.113064476517811,-0.519138354170073
519.9872,-0.000978726933537855,-0.452746270582673,-0.412208846882992,-1.21515302029425,-1.38383893366466,-1.38383893366647,NaN,0.797834433359418,0.64976407473932,0.095037633120796,1.20104837540078,0.0950376331201953,-0.342731782690012,0.0610910928297704,NaN,NaN,NaN,1.07312590635623,NaN,1.02532931568355,-0.0175485395862087,NaN,-0.364033724085073,NaN,NaN,0.388970574845762,NaN,NaN,2.06646854131002,2.07556311718702,-1.15335613857099,-0.0312466541517746,NaN,NaN,0.410682474320342,0.734808993226748,-1.64975178143126,-1.67144035437238,-1.67144035437012,-0.363643234371258,-0.166868178777468,NaN,NaN,0.459290859969471,0.393548897593972,NaN,NaN,-1.57647639515246,NaN,0.151940751494712,-0.530358410149293
520.0896,-0.0190511549439746,-0.432228330137981,-0.413352925870755,-1.2023915505278,-1.39113904309563,-1.39113904309747,NaN,0.812341483491934,0.659385005780404,0.0978592509089243,1.21139897408149,0.0978592509083212,-0.330995032098163,0.0664296951186017,NaN,NaN,NaN,1.0877408227276,NaN,1.02277718293972,0.0151849477789868,NaN,-0.377190811530394,NaN,NaN,0.371704672514972,NaN,NaN,2.06160407228621,2.08688431339158,-1.18839970969331,-0.0152704509054246,NaN,NaN,0.398682855617894,0.731955076446756,-1.64554648137767,-1.65480382232319,-1.65480382232093,-0.375605374517267,-0.155386773671504,NaN,NaN,0.476849232219016,0.392400607555402,NaN,NaN,-1.57221581509083,NaN,0.192054314411503,-0.542557695088312
520.192,-0.0364529708754842,-0.41238520915507,-0.414375966618111,-1.18953694699657,-1.39746267219649,-1.39746267219836,NaN,0.824734181744377,0.667748000746227,0.101283717433531,1.22079651930293,0.101283717432925,-0.319546664163414,0.0731395105519303,NaN,NaN,NaN,1.10188346464478,NaN,1.0200162879439,0.0495046309925646,NaN,-0.390025676800325,NaN,NaN,0.353366438864499,NaN,NaN,2.05565795068757,2.09756562000039,-1.22204599445964,0.000294832156510272,NaN,NaN,0.387362043152313,0.728696796327416,-1.63966266249032,-1.63650088862269,-1.63650088862043,-0.387429312160398,-0.143939655863068,NaN,NaN,0.494045407122145,0.390847775543312,NaN,NaN,-1.5670121662087,NaN,0.233298671282071,-0.555681900064842
520.2944,-0.0531110469425571,-0.393245762207323,-0.415224149312794,-1.17662621154276,-1.40267513613935,-1.40267513614125,NaN,0.834972149114636,0.674792626112786,0.105287453174828,1.22925477098778,0.105287453174221,-0.308403168053811,0.0811783877838436,NaN,NaN,NaN,1.11549048563483,NaN,1.01703711021901,0.085304061564587,NaN,-0.402536874170331,NaN,NaN,0.333976017101324,NaN,NaN,2.04866132145729,2.10761013781035,-1.25427812716429,0.0154470577276796,NaN,NaN,0.376702518019706,0.72502055622191,-1.63214809099484,-1.61654044908944,-1.61654044908719,-0.399125824468019,-0.13250464031217,NaN,NaN,0.510891420693039,0.388829559413617,NaN,NaN,-1.56088845496818,NaN,0.275563922072755,-0.569667259612746
520.3968,-0.0689575896039093,-0.374835839460226,-0.415846763026088,-1.16369495047209,-1.40664588028651,-1.40664588028845,NaN,0.84302075688841,0.680462044460111,0.109842873878167,1.23679201306198,0.109842873877559,-0.297579403916186,0.0904997403701978,NaN,NaN,NaN,1.12849783758731,NaN,1.01382929437382,0.122468348356089,NaN,-0.414724023520409,NaN,NaN,0.313561112759612,NaN,NaN,2.04064622849628,2.11702072181843,-1.28508351528811,0.0301875126745053,NaN,NaN,0.366683502863419,0.720913587177818,-1.62305372305848,-1.59493402802345,-1.59493402802119,-0.410707408727943,-0.1210585607372,NaN,NaN,0.527400434829145,0.386282302592544,NaN,NaN,-1.5538696761762,NaN,0.318737434577295,-0.584440778947001
520.4992,-0.0839301961922025,-0.35717823469022,-0.416196220477886,-1.15077731212542,-1.40924922846968,-1.40924922847166,NaN,0.848851297605008,0.684703234601429,0.114918732546845,1.24343071886149,0.114918732546235,-0.287088715134721,0.101052844725778,NaN,NaN,NaN,1.1408410617445,NaN,1.01038165689438,0.160874656847556,NaN,-0.426587941775194,NaN,NaN,0.292156759741808,NaN,NaN,2.03164545703218,2.12579987404369,-1.31445354589621,0.0445206673727795,NaN,NaN,0.357281035254949,0.716364103926671,-1.61243361138322,-1.57169576912086,-1.57169576911859,-0.422188091114401,-0.109577526016972,NaN,NaN,0.543586579201775,0.383140147543692,NaN,NaN,-1.54598265706377,NaN,0.362704537310702,-0.599920572996947
520.6016,-0.0979718927481499,-0.340292615493835,-0.416228036061034,-1.1379058995385,-1.41036512115951,-1.41036512116154,NaN,0.852441190721686,0.687467244208392,0.120480499398146,1.2491971519244,0.120480499397533,-0.276943053099521,0.112783165606871,NaN,NaN,NaN,1.15245561255103,NaN,1.00668224572955,0.200392800653423,NaN,-0.438130747127666,NaN,NaN,0.269805054046206,NaN,NaN,2.02169239144564,2.1339496509663,-1.34238333949525,0.0584539465020747,NaN,NaN,0.348468073555749,0.71136145015257,-1.60034480735458,-1.54684246401874,-1.54684246401645,-0.433583272177498,-0.0980371192389021,NaN,NaN,0.559464847768034,0.379335648100666,NaN,NaN,-1.53725589555173,NaN,0.407349229087475,-0.616016305275858
520.704,-0.111031158764638,-0.324195447841145,-0.415900784405593,-1.12511167052556,-1.40987983960829,-1.40987983961035,NaN,0.853774209483025,0.688709461244979,0.126490767028754,1.2541209157322,0.126490767028141,-0.267153119236233,0.125632717140438,NaN,NaN,NaN,1.16327720074734,NaN,1.0027184539625,0.240885921154248,NaN,-0.449355925571051,NaN,NaN,0.246554852117947,NaN,NaN,2.01082088599716,2.14147158709353,-1.36887154014184,0.0719975084313002,NaN,NaN,0.340214632615185,0.705896219398967,-1.58684726947478,-1.5203935993611,-1.5203935993588,-0.444909606780822,-0.0864125492224601,NaN,NaN,0.575051040544923,0.374800367344063,NaN,NaN,-1.52771940240244,NaN,0.452554910181097,-0.632629697478564
520.8064,-0.123061947586056,-0.308899920105259,-0.415176053712866,-1.11242384003498,-1.40768670998517,-1.40768670998728,NaN,0.852840705466371,0.688389887923845,0.132909675119904,1.25823447531865,0.132909675119291,-0.257728521120758,0.139540455002331,NaN,NaN,NaN,1.17324215385997,NaN,0.998477168750499,0.282211270806372,NaN,-0.4602683701896,NaN,NaN,0.222461422620359,NaN,NaN,1.99906514412118,2.1483666292786,-1.39392012270418,0.0851640280965006,NaN,NaN,0.332487944017792,0.699960352955718,-1.57200377422842,-1.49237140356187,-1.49237140355955,-0.456184904476928,-0.0746787741488269,NaN,NaN,0.590361733207068,0.369465462036979,NaN,NaN,-1.51740455056134,NaN,0.498205138788471,-0.64965508810654
520.9088,-0.134023711701141,-0.29441585978703,-0.414018397810855,-1.0998697888636,-1.40368677670399,-1.40368677670614,NaN,0.849637807278478,0.686473399570697,0.139695353723434,1.26157267623404,0.13969535372282,-0.248677929509835,0.154442680679489,NaN,NaN,NaN,1.18228779560609,NaN,0.993944926628181,0.324221095202465,NaN,-0.47087441503333,NaN,NaN,0.197586049350463,NaN,NaN,1.98645960238213,2.15463507441679,-1.41753419679234,0.097968475092579,NaN,NaN,0.325252635183528,0.693547224702601,-1.55587981922917,-1.46280088698074,-1.4628008869784,-0.467428032545155,-0.0628106147891393,NaN,NaN,0.605414257689882,0.363262258057487,NaN,NaN,-1.50634392626236,NaN,0.544184399855504,-0.666980035173629
521.0112,-0.143881432595888,-0.280749641776787,-0.412395285514531,-1.08747497448816,-1.39778942280498,-1.39778942280718,NaN,0.844169578804131,0.682929975219632,0.146804382628101,1.26417228580568,0.146804382627488,-0.240009218373831,0.170273430252142,NaN,NaN,NaN,1.19035284093199,NaN,0.989108049716485,0.366763571021521,NaN,-0.48118187596503,NaN,NaN,0.171995600576049,NaN,NaN,1.97303882082707,2.16027651138139,-1.43972178823278,0.11042787163957,NaN,NaN,0.31847092303053,0.686651714829928,-1.53854351759964,-1.43170987750203,-1.43170987749967,-0.478658805422082,-0.0507828692547247,NaN,NaN,0.620226678357542,0.356122813575117,NaN,NaN,-1.49457117565532,NaN,0.590378848934362,-0.684485957724561
521.1136,-0.152605646360172,-0.267904100636931,-0.410277048990774,-1.07526284184373,-1.38991291530842,-1.38991291531066,NaN,0.836447133495418,0.677734897521756,0.154192257325009,1.26607157459457,0.154192257324394,-0.231729574850232,0.186964827224732,NaN,NaN,NaN,1.19737779946092,NaN,0.983952748438436,0.409683746654864,NaN,-0.491200094147375,NaN,NaN,0.145762088841797,NaN,NaN,1.95883738426442,2.16528977452039,-1.4604935923003,0.122561018864425,NaN,NaN,0.312102816556209,0.679270262431856,-1.52006549002623,-1.39912905522883,-1.39912905522646,-0.489897853392593,-0.0385704346207683,NaN,NaN,0.634817753506122,0.347980458707308,NaN,NaN,-1.48212084877374,NaN,0.636676992404799,-0.702048800414443
521.216,-0.160172453373962,-0.255878465477054,-0.407636835218099,-1.06325474068839,-1.37998487157309,-1.37998487157536,NaN,0.826488708615691,0.670868926894911,0.161813848301979,1.26730994170267,0.161813848301365,-0.223845577734219,0.204447398006896,NaN,NaN,NaN,1.20330537739184,NaN,0.978465192221995,0.452824448193158,NaN,-0.500939970741269,NaN,NaN,0.118962237800659,NaN,NaN,1.94388981434676,2.16967290948367,-1.47986271126595,0.134388195427913,NaN,NaN,0.306106319242079,0.671400886921797,-1.50051875818386,-1.36509198968819,-1.3650919896858,-0.501166476748449,-0.0261484339073626,NaN,NaN,0.649206881864103,0.338770301391101,NaN,NaN,-1.4690282507455,NaN,0.682970289149791,-0.719539701386849
521.3184,-0.166563499115267,-0.244668331850276,-0.404450559464217,-1.05146985953206,-1.36794265469171,-1.36794265469401,NaN,0.814319709732449,0.662318454564625,0.169623845632686,1.26792757751723,0.169623845632072,-0.216363252634657,0.222650361281323,NaN,NaN,NaN,1.20808086648314,NaN,0.972631563148008,0.496027130102358,NaN,-0.510413983513267,NaN,NaN,0.0916770571558134,NaN,NaN,1.92823048678381,2.17342314232471,-1.49784439559378,0.145930843362189,NaN,NaN,0.300437622789185,0.66304317840258,-1.47997863609459,-1.32963518153192,-1.32963518152951,-0.512486497345715,-0.0134923434258089,NaN,NaN,0.663414038966236,0.328429697095979,NaN,NaN,-1.45532930723774,NaN,0.729153674536505,-0.736825649014562
521.4208,-0.171765913744433,-0.234265677007202,-0.400696853026171,-1.03992517817666,-1.35373370484624,-1.35373370484857,NaN,0.799972743898049,0.652075636697604,0.17757718544728,1.26796515588398,0.177577185446669,-0.20928811762926,0.241501905723564,NaN,NaN,NaN,1.21165251150659,NaN,0.966438106447335,0.539132662179636,NaN,-0.519636178986525,NaN,NaN,0.0639914155539711,NaN,NaN,1.91189354726233,2.17653684314033,-1.51445580666464,0.15721125858929,NaN,NaN,0.29505128903495,0.654198265414791,-1.45852261088731,-1.29279810839566,-1.29279810839323,-0.523880115341534,-0.000578116428453107,NaN,NaN,0.677459705827471,0.316898686441459,NaN,NaN,-1.44106043747093,NaN,0.775126005969597,-0.753770118894285
521.5232,-0.175772203216704,-0.224658921255786,-0.396356999797272,-1.02863543586866,-1.33731581605875,-1.33731581606111,NaN,0.783487659429498,0.640138506922465,0.185629451548473,1.26746355286759,0.185629451547864,-0.202625236310586,0.260929472758241,NaN,NaN,NaN,1.21397185371111,NaN,0.959871178364139,0.58198205603414,NaN,-0.528622136400203,NaN,NaN,0.0359935993162705,NaN,NaN,1.89491282135995,2.17900947976159,-1.52971581286909,0.168252299192719,NaN,NaN,0.289900420223748,0.644868770002585,-1.43623020467109,-1.25462327242726,-1.25462327242481,-0.535369771964012,0.0126176952085813,NaN,NaN,0.691364787559223,0.304120408700368,NaN,NaN,-1.42625842095396,NaN,0.820790430329808,-0.770233684463855
521.6256,-0.178580095990869,-0.215833036782819,-0.391414867343335,-1.0176131177967,-1.31865737495761,-1.31865737496,NaN,0.764911590529499,0.626511054852675,0.193737240373855,1.26646359982557,0.193737240373246,-0.196379287452725,0.280860057029802,NaN,NaN,NaN,1.21499405204622,NaN,0.952917283040527,0.624417139301981,NaN,-0.537388905285847,NaN,NaN,0.00777485114303284,NaN,NaN,1.87732171382096,2.18083555709254,-1.54364481447374,0.179077109444824,NaN,NaN,0.284936816641899,0.635058756571553,-1.41318281676912,-1.21515624289425,-1.21515624289179,-0.546978013025677,0.0261178117264267,NaN,NaN,0.705150515924668,0.290041501683394,NaN,NaN,-1.41096025446341,NaN,0.866054683474589,-0.786074601118363
521.728,-0.18019236172704,-0.207769699280129,-0.385856846197906,-1.00686846382225,-1.29773757786882,-1.29773757787124,NaN,0.744298981130895,0.611203254901863,0.201858476775934,1.26500588026499,0.201858476775326,-0.190554641415962,0.301220523449793,NaN,NaN,NaN,1.21467818192965,NaN,0.945563094868289,0.66628118107316,NaN,-0.545954923581666,NaN,NaN,-0.0205711052606856,NaN,NaN,1.85915309295178,2.18200854253073,-1.55626458162995,0.189708846522897,NaN,NaN,0.280111122480211,0.624773671249338,-1.38946355686173,-1.17444568011052,-1.17444568010806,-0.558727346943424,0.0399440821232472,NaN,NaN,0.718838331761314,0.274612491375998,NaN,NaN,-1.39520300820956,NaN,0.910831339230464,-0.801149372232282
521.8304,-0.180616620726821,-0.200447468157707,-0.379671804986779,-0.99640949211099,-1.27454663087448,-1.27454663087692,NaN,0.721711556068877,0.594231038574631,0.209952672358704,1.26313056623635,0.209952672358098,-0.185155424080161,0.321937929560207,NaN,NaN,NaN,1.21298750722168,NaN,0.937795473130991,0.707419462494362,NaN,-0.554339922191876,NaN,NaN,-0.0489485374561476,NaN,NaN,1.84043916126206,2.18252079167375,-1.56759810253719,0.200170406505861,NaN,NaN,0.275372968783033,0.614020256972919,-1.36515708274951,-1.13254332492638,-1.13254332492392,-0.570640098398503,0.0541173353274248,NaN,NaN,0.732449751813886,0.257788157427716,NaN,NaN,-1.37902368783536,NaN,0.955038025572738,-0.815313306351533
521.9328,-0.179865154414083,-0.19384197474366,-0.372851053944012,-0.986242021815411,-1.2490859197408,-1.24908591974326,NaN,0.697218215982477,0.575616211638377,0.217981124277018,1.26087728042017,0.217981124276415,-0.180185560481228,0.34293984283355,NaN,NaN,NaN,1.20988972011783,NaN,0.929601479074157,0.74767978044669,NaN,-0.56256481726778,NaN,NaN,-0.0772601560732398,NaN,NaN,1.8212113208153,2.18236349704772,-1.57766945560391,0.21048416184101,NaN,NaN,0.270671126829944,0.602806430434422,-1.34034944542697,-1.08950394823545,-1.08950394823298,-0.58273826515143,0.0686572412284116,NaN,NaN,0.746006230355559,0.23952785241097,NaN,NaN,-1.36245910406109,NaN,0.998597621132727,-0.828421076821184
522.0352,-0.177954718494402,-0.187926100962442,-0.365388302712553,-0.976369682412917,-1.22136812094741,-1.22136812094989,NaN,0.670894843728732,0.555386321194978,0.225907058680902,1.25828497545232,0.225907058680301,-0.175648798337902,0.364154642842923,NaN,NaN,NaN,1.20535714375078,NaN,0.920968399010578,0.786912881346545,NaN,-0.57065158923755,NaN,NaN,-0.105407541213759,NaN,NaN,1.80150004449099,2.1815266764306,-1.58650371519473,0.220671723539144,NaN,NaN,0.265953682331155,0.591141123009599,-1.31512792755933,-1.04538526733485,-1.04538526733238,-0.59504338272342,0.0835821886271811,NaN,NaN,0.759529024825649,0.219795764665834,NaN,NaN,-1.34554576090336,NaN,1.04143843753312,-0.840327302780949
522.1376,-0.174906357516732,-0.182670142244943,-0.35727960536027,-0.966793903984943,-1.19141721982205,-1.19141721982456,NaN,0.642824023877388,0.533574486892299,0.233695732046866,1.25539182945641,0.233695732046271,-0.171548700501251,0.385511791924389,NaN,NaN,NaN,1.1993668893811,NaN,0.911883770874586,0.824972839576804,NaN,-0.578623148557805,NaN,NaN,-0.133291550094452,NaN,NaN,1.78133476192877,2.17999920636643,-1.59412688658865,0.230753734449561,NaN,NaN,0.261168238273763,0.579034103552211,-1.28958085025297,-1.00024783718623,-1.00024783718376,-0.607576398270691,0.0989091829541015,NaN,NaN,0.773039075407682,0.1985611298479,NaN,NaN,-1.32831978391632,NaN,1.0834943867857,-0.850887166944595
522.24,-0.170745217580465,-0.178041960450758,-0.348523294296587,-0.957513886506012,-1.15926841239016,-1.15926841239268,NaN,0.613094688798606,0.510219220068803,0.241314511348921,1.25223515643753,0.241314511348329,-0.167888587534284,0.406942056993242,NaN,NaN,NaN,1.19190095622895,NaN,0.902335416327495,0.861717395241345,NaN,-0.586503189613793,NaN,NaN,-0.160812715319894,NaN,NaN,1.76074376275367,2.1777689026583,-1.60056586605055,0.24074969883975,NaN,NaN,0.256262152381783,0.566495801923434,-1.26379732335089,-0.954154919117088,-0.954154919114619,-0.620357559496861,0.11465377311661,NaN,NaN,0.78655691239137,0.175798396787197,NaN,NaN,-1.31081690133232,NaN,1.12470512787395,-0.859957066452003
522.3424,-0.165500346415232,-0.174007141522354,-0.339119904668361,-0.948526550413679,-1.12496788712763,-1.12496788713017,NaN,0.581801704491966,0.485364247315426,0.248732952050027,1.24885132554903,0.248732952049442,-0.164671425960607,0.428377678351167,NaN,NaN,NaN,1.18294626659734,NaN,0.892311488704873,0.897008253599526,NaN,-0.594316035178813,NaN,NaN,-0.187871642813014,NaN,NaN,1.73975411280314,2.17482264794904,-1.60584843375211,0.250677854514011,NaN,NaN,0.251182808604303,0.553537139601474,-1.23786692774872,-0.907172327498361,-0.907172327495892,-0.633406327394319,0.130830017711878,NaN,NaN,0.800102600829154,0.151487347182807,NaN,NaN,-1.29307246628574,NaN,1.16501617914847,-0.867395277704111
522.4448,-0.159204460186646,-0.170529177762724,-0.329072084704978,-0.939826477143637,-1.0885724957651,-1.08857249576766,NaN,0.549045397158773,0.459058333486693,0.255922881917602,1.24527567876222,0.255922881917021,-0.161899682342831,0.449752501181228,NaN,NaN,NaN,1.17249464381874,NaN,0.881800542463279,0.930711351744123,NaN,-0.602086476186163,NaN,NaN,-0.214369417352728,NaN,NaN,1.71839157758641,2.17114655791239,-1.6100032936509,0.260555090838578,NaN,NaN,0.245877914801341,0.540169361937262,-1.21187933713284,-0.859368256045134,-0.859368256042664,-0.646741312925448,0.147450488995077,NaN,NaN,0.813695717570065,0.125613172584461,NaN,NaN,-1.2751214870938,NaN,1.20437897989139,-0.873062616960037
522.5472,-0.151893655608171,-0.167569691754459,-0.318384484027314,-0.931405854379145,-1.05014932489602,-1.05014932489859,NaN,0.514931012787574,0.431355084748933,0.262858484901037,1.24154243258624,0.262858484900462,-0.159575179151082,0.471002099123899,NaN,NaN,NaN,1.16054274960474,NaN,0.870791617047695,0.962697108492388,NaN,-0.609839614239031,NaN,NaN,-0.240208020975346,NaN,NaN,1.69668055020678,2.16672617065012,-1.61306017311098,0.270396914340672,NaN,NaN,0.240295815809196,0.52640386514307,-1.18592389800775,-0.810813087429995,-0.810813087427521,-0.660380227586306,0.16452630193665,NaN,NaN,0.827355345045123,0.0981665206028421,NaN,NaN,-1.25699863140503,NaN,1.24275089273429,-0.876823088725367
522.6496,-0.143607056508299,-0.165088706643387,-0.307063612335703,-0.923254444953301,-1.00977517978992,-1.00977517979251,NaN,0.479568110628677,0.402312715636891,0.269516374948664,1.23768455147024,0.269516374948096,-0.157698984950123,0.49206391706634,NaN,NaN,NaN,1.14709199147138,NaN,0.859274326660031,0.992840663633102,NaN,-0.61760071093662,NaN,NaN,-0.265290769336196,NaN,NaN,1.67464398226823,2.16154664721787,-1.61504998640858,0.280217461132246,NaN,NaN,0.234385811778694,0.512252017571051,-1.16008918440435,-0.761579192918104,-0.761579192915628,-0.674339838816017,0.182067154507228,NaN,NaN,0.841100067293519,0.0691435212987227,NaN,NaN,-1.23873819041992,NaN,1.28009515169928,-0.878544523332794
522.752,-0.134386392777059,-0.163044958438585,-0.295117662256656,-0.91535960040576,-0.967535994913707,-0.96753599491632,NaN,0.44306991100425,0.3719937782857,0.275875666215696,1.23373359554974,0.275875666215135,-0.15627134811577,0.512877440465152,NaN,NaN,NaN,1.13214840447243,NaN,0.84723895796687,1.02102209193115,NaN,-0.625395036428584,NaN,NaN,-0.289522774116682,NaN,NaN,1.65230331681428,2.15559297455949,-1.61600504594128,0.290029544676678,NaN,NaN,0.228098475790097,0.49772498373408,-1.13446253416737,-0.711740727933982,-0.711740727931509,-0.688635926750001,0.200081368275823,NaN,NaN,0.854947959754682,0.0385457977796052,NaN,NaN,-1.22037401296205,NaN,1.31638076740809,-0.878099207160872
522.8544,-0.124275512583166,-0.161396249593003,-0.282556296655517,-0.907706336498349,-0.923526196171829,-0.923526196174457,NaN,0.405552630462886,0.340464865622053,0.281918067468177,1.22971956488817,0.281918067467624,-0.155291656265828,0.533384376394735,NaN,NaN,NaN,1.11572251640435,NaN,0.834676583976915,1.04712657623402,NaN,-0.63324769793042,NaN,NaN,-0.312811439038215,NaN,NaN,1.62967842273038,2.14885015959463,-1.61595928610062,0.299844717339592,NaN,NaN,0.221385969075984,0.482833565290631,-1.10912956997288,-0.661373422559139,-0.661373422556666,-0.703283238314475,0.218575919990482,NaN,NaN,0.868916567429353,0.00638046440271088,NaN,NaN,-1.20193942585267,NaN,1.35158239918372,-0.875364501883804
522.9568,-0.113319840151697,-0.160099845897663,-0.269390415709825,-0.900277475304743,-0.877848049803753,-0.877848049806399,NaN,0.367134837965924,0.307796304869138,0.287628024494201,1.22567076948219,0.287628024493656,-0.154758395684017,0.553528826248304,NaN,NaN,NaN,1.09782921366237,NaN,0.821579197229303,1.07104455015095,NaN,-0.641183429448208,NaN,NaN,-0.335066986930933,NaN,NaN,1.60678752438362,2.14130340317595,-1.61494846508195,0.309673328070459,NaN,NaN,0.214202352675028,0.467588073919527,-1.08417371530391,-0.610554360775556,-0.61055436077308,-0.718295431832656,0.237556456051169,NaN,NaN,0.883022867207272,-0.027339878062205,NaN,NaN,-1.18346715000092,NaN,1.38568019779538,-0.870223441932457
523.0592,-0.101565809612867,-0.159112910452449,-0.255631931466812,-0.893053844558158,-0.830611029166728,-0.830611029169393,NaN,0.327936855202339,0.274061852210377,0.292992907553821,1.22161374445975,0.292992907553284,-0.154669096753671,0.573257439443465,NaN,NaN,NaN,1.07848762218271,NaN,0.807939857194562,1.09267184873146,NaN,-0.649226340650859,NaN,NaN,-0.356203000239747,NaN,NaN,1.58364711468392,2.13293824762183,-1.61301032417071,0.319524571786382,NaN,NaN,0.206503895086321,0.451998249992003,-1.0596757250685,-0.559361744553623,-0.559361744551149,-0.733685007132938,0.257027284863992,NaN,NaN,0.897283213255757,-0.0625971394825545,NaN,NaN,-1.16498921552826,NaN,1.41865961820663,-0.862565301594354
523.1616,-0.0890603091310129,-0.158392961228416,-0.241293575073793,-0.886014522941755,-0.781931216782772,-0.781931216785451,NaN,0.288080200071929,0.239338392208583,0.298003218588129,1.21757320879227,0.298003218587602,-0.15502026518647,0.592519546753311,NaN,NaN,NaN,1.05772100218013,NaN,0.793752843327091,1.11190990291573,NaN,-0.657399644492006,NaN,NaN,-0.376136952735497,NaN,NaN,1.56027184969723,2.12374069832017,-1.61018469818264,0.329406536096399,NaN,NaN,0.198249379793633,0.436073237299643,-1.03571325080676,-0.507874643182305,-0.507874643179828,-0.749463220232963,0.276991346449383,NaN,NaN,0.911713267556696,-0.0993677269476166,NaN,NaN,-1.14653687725384,NaN,1.45051120181305,-0.852286131607297
523.264,-0.0758501589671585,-0.157898337966638,-0.226388749620006,-0.879137127520349,-0.731930744748981,-0.731930744751674,NaN,0.247687051885482,0.203705643412436,0.302652786334274,1.21357204524787,0.302652786333754,-0.155807307445546,0.611267277029335,NaN,NaN,NaN,1.03555664030404,NaN,0.77901380571642,1.12866598203526,NaN,-0.665725391413214,NaN,NaN,-0.394790720378135,NaN,NaN,1.53667444354573,2.11369732990365,-1.6065135790084,0.339326252407628,NaN,NaN,0.189400415793549,0.419821613599442,-1.01236045172968,-0.456172728138559,-0.456172728136084,-0.76563998306939,0.29745016123707,NaN,NaN,0.926327916955941,-0.137622526652083,NaN,NaN,-1.12814053203154,NaN,1.48123033051832,-0.839289270134481
523.3664,-0.0619816391663978,-0.157588663896225,-0.210931432577429,-0.872398140763281,-0.680737263600772,-0.680737263603481,NaN,0.206879721763541,0.167245872952385,0.306938921433443,1.20963127568283,0.306938921432932,-0.157024463742944,0.629455663818394,NaN,NaN,NaN,1.01202572386143,NaN,0.763719906716916,1.14285346402058,NaN,-0.674224227769222,NaN,NaN,-0.412091072078424,NaN,NaN,1.51286559197801,2.10279539762568,-1.60204113408028,0.349289751456397,NaN,NaN,0.179921742295886,0.403251465439159,-0.989687652379572,-0.404335992627716,-0.404335992625241,-0.782223747000722,0.318403757820652,NaN,NaN,0.94114117376026,-0.177326885145529,NaN,NaN,-1.10982964234888,NaN,1.51081695729357,-0.823485829904369
523.4688,-0.0475000758665261,-0.157425291920874,-0.1949361282858,-0.865773265512036,-0.628483419040472,-0.628483419043193,NaN,0.165780127381773,0.130043620796386,0.310862513386072,1.20577002134498,0.310862513385571,-0.158664760501388,0.647042746195918,NaN,NaN,NaN,0.987163194339303,NaN,0.747869948187318,1.15439211364452,NaN,-0.682915182132551,NaN,NaN,-0.42797014742396,NaN,NaN,1.48885394340504,2.09102297382698,-1.59681367503371,0.359302114754326,NaN,NaN,0.169781507704492,0.38637049559056,-0.967761039423069,-0.352444459736153,-0.352444459733677,-0.799221366867657,0.3398505751058,NaN,NaN,0.956166053557315,-0.218440588321676,NaN,NaN,-1.09163267218347,NaN,1.53927531751937,-0.804795156459699
523.5712,-0.0324494832318559,-0.157371734246806,-0.178417866270576,-0.859237787545011,-0.575306310137727,-0.575306310140457,NaN,0.124509272410761,0.092185423738193,0.314428062927025,1.20200545394928,0.314428062926531,-0.160719984677799,0.663989661495753,NaN,NaN,NaN,0.961007583340453,NaN,0.73146447880309,1.16320835930476,NaN,-0.691815477481451,NaN,NaN,-0.442365925073921,NaN,NaN,1.46464612010838,2.07836911657583,-1.5908795699097,0.369367513528149,NaN,NaN,0.158951506185678,0.369186158030581,-0.946642389402258,-0.300577890174874,-0.300577890172393,-0.816637945854992,0.361787336832444,NaN,NaN,0.971414427070817,-0.260917841720939,NaN,NaN,-1.07357703561012,NaN,1.56661362295324,-0.783145251836499
523.6736,-0.0168722501618027,-0.157394077202587,-0.16139223510999,-0.852766926461128,-0.521346908333606,-0.521346908336345,NaN,0.0831867282553866,0.0537595208611489,0.317643652583131,1.19835274692506,0.317643652582644,-0.163180669436342,0.680260721991282,NaN,NaN,NaN,0.933600830951745,NaN,0.714505875088019,1.16923556801449,NaN,-0.700940367234505,NaN,NaN,-0.455222676226545,NaN,NaN,1.4402467858916,2.06482406555157,-1.58428910044748,0.379489234680548,NaN,NaN,0.147407366360524,0.351705814014655,-0.926388827352612,-0.248815498435176,-0.248815498432688,-0.834476669070754,0.384208906402426,NaN,NaN,0.986896850816706,-0.304707267248308,NaN,NaN,-1.0556890482572,NaN,1.59284374030211,-0.758473166199617
523.776,-0.000808867412742065,-0.157461376344888,-0.143875442623422,-0.846336167191473,-0.466749438728992,-0.466749438731737,NaN,0.0419301236211251,0.0148555302902385,0.320520862063142,1.19482503449,0.320520862062662,-0.166036072505018,0.695823466635101,NaN,NaN,NaN,0.904988086561459,NaN,0.69699839178802,1.17241433065052,NaN,-0.710302994931939,NaN,NaN,-0.466491394346301,NaN,NaN,1.41565875894546,2.05037945734464,-1.57709427391983,0.389669700311824,NaN,NaN,0.135128695281051,0.333936897485899,-0.907052621892528,-0.197235675511559,-0.197235675509072,-0.85273863487063,0.407108134645369,NaN,NaN,1.00262238490949,-0.349751931531575,NaN,NaN,-1.03799386494927,NaN,1.61798086031583,-0.730725366327151
523.8784,0.0157022957474326,-0.157546020737706,-0.125884402269128,-0.839921578961348,-0.411660745414524,-0.411660745417277,NaN,0.000854650580523439,-0.024435897492071,0.323074633295892,1.19143338743605,0.323074633295419,-0.169274131405152,0.710648681710115,NaN,NaN,NaN,0.875217495282765,NaN,0.678948182585557,1.17269277717257,NaN,-0.719914280223083,NaN,NaN,-0.476130195107922,NaN,NaN,1.39088316834744,2.03502855633348,-1.56934859724117,0.39991049002391,NaN,NaN,0.122099186197072,0.315887082111966,-0.88868102195857,-0.14591570996624,-0.145915709963745,-0.871422686618427,0.430475708739583,NaN,NaN,1.01859840367193,-0.3959894123166,NaN,NaN,-1.02051539102084,NaN,1.64204316295057,-0.699858085556133
523.9808,0.0326251521572219,-0.157624057470856,-0.107436852077072,-0.833500135968095,-0.356229660846845,-0.356229660849598,NaN,-0.0399274127539854,-0.0640234360555266,0.325323085214115,1.18818681551797,0.32532308521365,-0.172881390364007,0.724710387405732,NaN,NaN,NaN,0.844339972447781,NaN,0.660363296677036,1.17002693530427,NaN,-0.72978283529697,NaN,NaN,-0.484104678473056,NaN,NaN,1.36591964870475,2.0187665016344,-1.5611068147838,0.410212374268196,NaN,NaN,0.108306700785666,0.297564451759288,-0.871316142780898,-0.0949315017271323,-0.0949315017246358,-0.890525243635752,0.454300004891738,NaN,NaN,1.03483040164837,-0.443351904830377,NaN,NaN,-1.00327616734994,NaN,1.66505147717224,-0.66583765133546
524.0832,0.0499259893942827,-0.157675474753193,-0.0885515103586571,-0.827050050674781,-0.300606386979025,-0.300606386981779,NaN,-0.080307164000387,-0.103815433000292,0.327287276287511,1.18509230121801,0.327287276287053,-0.176842902527323,0.737985789792655,NaN,NaN,NaN,0.812408966006807,NaN,0.64125365665135,1.16438113394324,NaN,-0.739914915681488,NaN,NaN,-0.490388241234113,NaN,NaN,1.3407665655543,2.001590567937,-1.55242460953715,0.420575363615717,NaN,NaN,0.0937433349680279,0.278977679866264,-0.854994912043308,-0.0443572699734203,-0.0443572699709159,-0.910040132135333,0.478566944710577,NaN,NaN,1.05132179685669,-0.491766370855668,NaN,NaN,-0.986297237938945,NaN,1.68702893047003,-0.628640783911885
524.1856,0.0675734977409309,-0.157684442660909,-0.0692482637274911,-0.820551118626944,-0.244941886662694,-0.244941886665451,NaN,-0.120179512715591,-0.143720241673613,0.328990916473984,1.18215485953186,0.328990916473533,-0.181142114853004,0.750455202058159,NaN,NaN,NaN,0.779480206059089,NaN,0.621631019468408,1.15572844183917,NaN,-0.750314407479051,NaN,NaN,-0.494962333804673,NaN,NaN,1.31542126255634,1.98350043051341,-1.54335827133294,0.430998772297993,NaN,NaN,0.0784054712168628,0.260136217412913,-0.839749080439654,0.00573473478964851,0.00573473479215693,-0.929958422378832,0.503259856342737,NaN,NaN,1.06807373541191,-0.541154735089654,NaN,NaN,-0.969598008294022,NaN,1.70800058740043,-0.588254863508857
524.288,0.0855387408013033,-0.157639502871603,-0.0495483715496325,-0.813985057798553,-0.189387271537889,-0.189387271540649,NaN,-0.159443574956347,-0.183646534609797,0.33046003464594,1.17937761178224,0.330460034645496,-0.18576074832002,0.762101947523944,NaN,NaN,NaN,0.745611445389886,NaN,0.6015089169524,1.14405112647537,NaN,-0.760982850143837,NaN,NaN,-0.497816666089256,NaN,NaN,1.28988031779441,1.96449842290452,-1.53396433934403,0.441481282764171,NaN,NaN,0.0622938067502892,0.241050479153979,-0.825605285865724,0.0552744991047513,0.055274499107266,-0.950268279486393,0.528359342730188,NaN,NaN,1.08508490433274,-0.591434129081005,NaN,NaN,-0.953196099315806,NaN,1.72799308103012,-0.544678168981208
524.3904,0.103795076975629,-0.157533694121154,-0.0294746658001466,-0.807335814657372,-0.134093161078939,-0.134093161081698,NaN,-0.198003018646793,-0.223503606012705,0.331722605617555,1.17676186640444,0.33172260561712,-0.19067869264122,0.772912264318867,NaN,NaN,NaN,0.71086220499454,NaN,0.580902566649351,1.12934112381982,NaN,-0.771919493523841,NaN,NaN,-0.49894937131687,NaN,NaN,1.26413979066566,1.94458977926592,-1.5242992226038,0.452020987861491,NaN,NaN,0.0454133353024401,0.2217320145541,-0.81258515091229,0.104194486491478,0.104194486494002,-0.970954826076673,0.55384315422199,NaN,NaN,1.10235135642923,-0.642517169728059,NaN,NaN,-0.937107199073454,NaN,1.74703424106,-0.497920093989495
524.4928,0.12231803667755,-0.157364604803204,-0.00905173318774105,-0.800589812651994,-0.0792089964426663,-0.0792089964454214,NaN,-0.235766368695365,-0.263201669209817,0.332808137614391,1.17430721141675,0.332808137613963,-0.195873929137989,0.782875226789833,NaN,NaN,NaN,0.675293543040486,NaN,0.559828745152789,1.11160051796749,NaN,-0.783121388411807,NaN,NaN,-0.498367129686968,NaN,NaN,1.23819543760728,1.92378285346357,-1.51441879630801,0.462615390748329,NaN,NaN,0.0277732672828952,0.202193656802688,-0.800705396787838,0.152429852443338,0.152429852445865,-0.992000007460475,0.579686058744983,NaN,NaN,1.11986634694441,-0.694312253765001,NaN,NaN,-0.921344915474819,NaN,1.76515272270662,-0.448001344416459
524.5952,0.141085155590642,-0.157134352332336,0.0116939211207348,-0.793736134449693,-0.0248823253208562,-0.0248823253236098,NaN,-0.272647290006382,-0.302652154907784,0.33374722723705,1.17201162812475,0.333747227236629,-0.201322480392808,0.791982684073785,NaN,NaN,NaN,0.638967856895526,NaN,0.538305629470818,1.09084202049505,NaN,-0.794583505533599,NaN,NaN,-0.496085243605571,NaN,NaN,1.2120428854995,1.90208930569599,-1.50437797580946,0.473261360491497,NaN,NaN,0.00938689607664521,0.182449650260731,-0.789977966802398,0.199918640139316,0.19991864014184,-1.01338245983603,0.605859712078516,NaN,NaN,1.13762018515707,-0.74672386326832,NaN,NaN,-0.905920640924267,NaN,1.78237764572643,-0.394954112740827
524.6976,0.160075764601189,-0.156849493839232,0.0327337247245503,-0.786766644484614,0.0287418961543137,0.0287418961515658,NaN,-0.308564859395225,-0.34176801887995,0.334571100915351,1.16987163112769,0.334571100914937,-0.206998383441371,0.800229208236557,NaN,NaN,NaN,0.601948716221088,NaN,0.516352627613747,1.06708941915433,NaN,-0.806298872671417,NaN,NaN,-0.492127652726025,NaN,NaN,1.18567777268563,1.87952425084297,-1.49423028439505,0.483955058598554,NaN,NaN,-0.00972856660937286,0.162515757252821,-0.780410157797226,0.246601954213253,0.246601954215777,-1.03507739766824,0.632332544158398,NaN,NaN,1.15560011079801,-0.799652890698286,NaN,NaN,-0.890843448996329,NaN,1.79873825647357,-0.338822216333497
524.8,0.179270740239196,-0.15652087421633,0.0540369028900156,-0.779676065387732,0.081521937051783,0.0815219370490446,NaN,-0.343443823151173,-0.380464065052281,0.335311164701126,1.16788243463784,0.335311164700718,-0.212873697075084,0.807612049801708,NaN,NaN,NaN,0.564300722094366,NaN,0.493990220319978,1.04037796303736,NaN,-0.818258721765636,NaN,NaN,-0.48652688140385,NaN,NaN,1.1590958771794,1.85610636836471,-1.4840274379791,0.494691855174918,NaN,NaN,-0.029552169042995,0.142409344051601,-0.772004757223228,0.292424105679356,0.29242410568188,-1.0570565374171,0.659069678593001,NaN,NaN,1.17379020558848,-0.852996988435639,NaN,NaN,-0.876120040039525,NaN,1.81426362080089,-0.279661185682975
524.9024,0.198652220039702,-0.156163418438739,0.0755703556677361,-0.772462021542836,0.133319836429928,0.133319836427193,NaN,-0.377214829632385,-0.418657281209262,0.335998575432416,1.16603814198937,0.335998575432014,-0.21891856330557,0.814131106968744,NaN,NaN,NaN,0.526089388654183,NaN,0.471239822661292,1.01075466486092,NaN,-0.830452644245348,NaN,NaN,-0.479323917526981,NaN,NaN,1.13229324299519,1.83185797693716,-1.47381896359742,0.505466247219923,NaN,NaN,-0.0500594092637827,0.122149446600038,-0.764760183371034,0.337332725135788,0.337332725138316,-1.07928806560719,0.686032895911581,NaN,NaN,1.19217134728587,-0.906650939994122,NaN,NaN,-0.861754742954121,NaN,1.82898234905537,-0.217538295209332
525.0048,0.218203285780993,-0.155795873471125,0.0972985456389549,-0.765125056742662,0.184001861738693,0.184001861735963,NaN,-0.409814628928128,-0.456267178721973,0.336663837153855,1.16433195100686,0.336663837153462,-0.225101339326431,0.819788915740833,NaN,NaN,NaN,0.487381042014055,NaN,0.448123665202883,0.978278505314787,NaN,-0.842868754485089,NaN,NaN,-0.47056802475346,NaN,NaN,1.10526630558931,1.80680507851612,-1.46365186221726,0.516271788564508,NaN,NaN,-0.0712224400810688,0.101756816668022,-0.758670624960663,0.381278847669857,0.381278847672383,-1.10173665547231,0.713180647017596,NaN,NaN,1.21072121189729,-0.960507051543267,NaN,NaN,-0.847749575620237,NaN,1.842922354467,-0.152532533267254
525.1072,0.237907615531686,-0.155440496668771,0.119183400118427,-0.75766862185652,0.233438901740468,0.233438901737743,NaN,-0.441186238994871,-0.493216129575375,0.337336422882602,1.16275636451301,0.33733642288222,-0.23138880519032,0.824590661571504,NaN,NaN,NaN,0.448242728797242,NaN,0.42466469636337,0.943020522431255,NaN,-0.855493858668772,NaN,NaN,-0.460316487883769,NaN,NaN,1.07801201970706,1.78097737789459,-1.45357032572927,0.527101042246442,NaN,NaN,-0.0930102852795898,0.0812539469375516,-0.753726170695044,0.424216977880694,0.424216977883217,-1.12436353725451,0.740468121532729,NaN,NaN,1.22941432656647,-1.01445556743856,NaN,NaN,-0.834104362340349,NaN,1.85611064901586,-0.0847345050795119
525.2096,0.257749102759884,-0.15512267615535,0.141184239085637,-0.75009902009793,0.281506820054319,0.2815068200516,NaN,-0.471279079865054,-0.529429698327055,0.33804441907709,1.16130339654208,0.338044419076715,-0.237746441008786,0.828544205923311,NaN,NaN,NaN,0.408742128996986,NaN,0.400886508321063,0.905063779371277,NaN,-0.868313625454698,NaN,NaN,-0.448634285007559,NaN,NaN,1.05052800274208,1.7544082838005,-1.44361551487426,0.537945563156236,NaN,NaN,-0.115389057380998,0.0606650704465772,-0.749912919594002,0.466105144459173,0.46610514446169,-1.14712662750308,0.767847375748096,NaN,NaN,1.24822217339273,-1.0683851158426,NaN,NaN,-0.820816901902087,NaN,1.86857318056328,-0.0142462592323699
525.312,0.277711440600959,-0.15487046584948,0.16325774249689,-0.742425299603835,0.328086787039262,0.328086787036546,NaN,-0.500049070280878,-0.564836968619359,0.338814185694199,1.15996476918363,0.338814185693832,-0.24413876173135,0.831660119693398,NaN,NaN,NaN,0.368947471549706,NaN,0.376813279789494,0.864503220471365,NaN,-0.881312756119074,NaN,NaN,-0.435593678243132,NaN,NaN,1.02281270983731,1.7271348934584,-1.43382539723478,0.54879591127618,NaN,NaN,-0.13832217423123,0.0400161292418181,-0.747213075106338,0.50690494867597,0.506904948678477,-1.16998072248204,0.795267528020261,NaN,NaN,1.26711334785074,-1.12218319048004,NaN,NaN,-0.807883182143592,NaN,1.88033471229046,0.0588189700596481
525.4144,0.297777673767639,-0.154714029144899,0.185357965140329,-0.734659090540996,0.373065595224158,0.373065595221444,NaN,-0.527458674863275,-0.599370864950404,0.339670022743944,1.158732098115,0.339670022743583,-0.250529699754426,0.833951719771289,NaN,NaN,NaN,0.32892745023308,NaN,0.352469721975218,0.821445425568424,NaN,-0.894475154375251,NaN,NaN,-0.421273720210224,NaN,NaN,0.99486564817808,1.69919795693001,-1.42423463970991,0.559641691836473,NaN,NaN,-0.161770579107536,0.0193347088996091,-0.745605037106183,0.546581603486097,0.546581603488597,-1.19287775891115,0.822675031096904,NaN,NaN,1.28605377895918,-1.17573667352093,NaN,NaN,-0.795297641459072,NaN,1.89141874374843,0.134337108802386
525.5168,0.317929727040165,-0.154685002247713,0.207436398822117,-0.726814389706593,0.41633595694278,0.416335956940073,NaN,-0.553476893346096,-0.632968469488673,0.340633839915571,1.15759706560431,0.340633839915214,-0.256883030257288,0.835435109328229,NaN,NaN,NaN,0.288751133892119,NaN,0.327881021867208,0.776008255871039,NaN,-0.907784099484387,NaN,NaN,-0.405759678491066,NaN,NaN,0.966687624774447,1.67064181668165,-1.41487455142079,0.570471620504503,NaN,NaN,-0.185692965434091,-0.00135006268516984,-0.745063505545229,0.585103956509037,0.58510395651153,-1.21576714242875,0.850014027030888,NaN,NaN,1.30500701584656,-1.22893240325802,NaN,NaN,-0.783053474076964,NaN,1.9018474739411,0.212173678115242
525.6192,0.338147927544781,-0.154815803479339,0.229442076823705,-0.71890730366704,0.457796778405034,0.457796778402333,NaN,-0.578079192500371,-0.665571326149329,0.341724835667069,1.1565515796805,0.341724835666716,-0.263162832380439,0.836129222840029,NaN,NaN,NaN,0.24848786444453,NaN,0.303072790054207,0.728320377323318,NaN,-0.921222425193348,NaN,NaN,-0.389142384008919,NaN,NaN,0.938281010750087,1.64151432092678,-1.40577307722398,0.581273614138766,NaN,NaN,-0.210045999367756,-0.0220076506241847,-0.745559602999018,0.6224444910501,0.622444491052581,-1.23859613954934,0.8772267802489,NaN,NaN,1.3239345779932,-1.28165778469108,NaN,NaN,-0.771142964688129,NaN,1.91164180674845,0.292184316599426
525.7216,0.358410548176685,-0.155138930119097,0.251321712812391,-0.710955771488098,0.497353397226202,0.49735339722351,NaN,-0.601247391050611,-0.697125713927642,0.34295919931453,1.15558791986451,0.342959199314182,-0.269333968180929,0.836055872547748,NaN,NaN,NaN,0.208207140457019,NaN,0.278071023252319,0.678520661634507,NaN,-0.934772699413559,NaN,NaN,-0.37151751507129,NaN,NaN,0.909649999273667,1.61186671051988,-1.39695484506748,0.592034905851654,NaN,NaN,-0.234784531569337,-0.0426062772719488,-0.747061017102651,0.658579299447906,0.658579299450371,-1.2613103196376,0.904254169676263,NaN,NaN,1.34279635590234,-1.33380143059792,NaN,NaN,-0.759557825857009,NaN,1.92082139218624,0.374215386295749
525.824,0.378693403032327,-0.15568629224308,0.273019863068629,-0.70297928862329,0.534917770132585,0.534917770129907,NaN,-0.622969514907573,-0.727582870606814,0.3443498529966,1.15469887483909,0.344349852996256,-0.275362550303229,0.835239785861716,NaN,NaN,NaN,0.167978489630335,NaN,0.252902086893687,0.626757481057813,NaN,-0.948417394408917,NaN,NaN,-0.352984832423418,NaN,NaN,0.880800838315358,1.58175347861117,-1.38844127101142,0.602742178641331,NaN,NaN,-0.259861795325959,-0.0631131117056013,-0.749532160183353,0.693488023104364,0.693488023106815,-1.28385402673231,0.931036211546854,NaN,NaN,1.36155104063813,-1.38525381464661,NaN,NaN,-0.748289507731253,NaN,1.92940468975087,0.458104657712056
525.9264,0.398969514776699,-0.156488618550777,0.294479102058765,-0.69499864142696,0.57040861392273,0.570408613920064,NaN,-0.643239639464287,-0.756899160555865,0.345906249310645,1.15387788158294,0.345906249310304,-0.281216374225737,0.833708620552209,NaN,NaN,NaN,0.127871336606136,NaN,0.227592718267466,0.573187915286712,NaN,-0.962139040704248,NaN,NaN,-0.333647380417117,NaN,NaN,0.851742028973964,1.55123220319682,-1.38025072156241,0.613381710613069,NaN,NaN,-0.285229597051862,-0.0834944824166347,-0.752934343735473,0.727153756374458,0.727153756376891,-1.30617086387137,0.957512588282233,NaN,NaN,1.38015656140212,-1.43590792056863,NaN,NaN,-0.737329459955894,NaN,1.93740904214867,0.543682066216847
526.0288,0.41920885906303,-0.157574938404059,0.315640213116733,-0.687035647614299,0.603751528293648,0.603751528290996,NaN,-0.662057724555006,-0.785036193060486,0.347634236443064,1.15311917186432,0.347634236442728,-0.28686530865096,0.831492949131238,NaN,NaN,NaN,0.0879548722381311,NaN,0.202170046031718,0.51797688259559,NaN,-0.97592036314977,NaN,NaN,-0.313610669771156,NaN,NaN,0.822484485247286,1.52036335279623,-1.37239872212888,0.623939527475673,NaN,NaN,-0.310838508842458,-0.103716103940342,-0.757225966484276,0.759562914203749,0.759562914206167,-1.32820417823029,0.983623168846452,NaN,NaN,1.39857051849995,-1.48565987483203,NaN,NaN,-0.726669342767011,NaN,1.9448507538482,0.630770522230405
526.1312,0.43937818799834,-0.158972126261222,0.336442408963595,-0.679112893367716,0.634879140537997,0.634879140535361,NaN,-0.679429431165704,-0.811960892977413,0.349536000240757,1.15241792185472,0.349536000240423,-0.292281644089878,0.8286262063938,NaN,NaN,NaN,0.0482979253827065,NaN,0.176661618452008,0.461296199368661,NaN,-0.989744398235825,NaN,NaN,-0.2929818543828,NaN,NaN,0.793041652239143,1.48921006279778,-1.3648981931125,0.634401562816741,NaN,NaN,-0.33663806901362,-0.12374329907261,-0.762362711102983,0.790705064986112,0.790705064988513,-1.34989754081358,1.00930851608911,NaN,NaN,1.41675061034089,-1.53440955215374,NaN,NaN,-0.716301196493495,NaN,1.95174517130502,0.719186753276906
526.2336,0.459440937659611,-0.160704503575097,0.356823592019337,-0.671253463986783,0.663731295387284,0.66373129538466,NaN,-0.695365901401948,-0.837645508711258,0.351610089801212,1.15177039245735,0.351610089800878,-0.297440386533685,0.825144589514607,NaN,NaN,NaN,0.0089688293191481,NaN,0.151095434617298,0.403323569095033,NaN,-1.00359459106783,NaN,NaN,-0.271868906853541,NaN,NaN,0.763429584197459,1.45783788006129,-1.35775970404257,0.644753834574164,NaN,NaN,-0.362576992010422,-0.143541199904823,-0.768297739946286,0.820572734211861,0.820572734214246,-1.3711952237132,1.03451038815067,NaN,NaN,1.43465506414829,-1.58206114772266,NaN,NaN,-0.706217586115184,NaN,1.95810676409565,0.808742169410471
526.336,0.479357222181587,-0.162793509483908,0.376720646978121,-0.663480673324659,0.690255284918054,0.690255284915443,NaN,-0.709883492415665,-0.862067537684671,0.353851531666504,1.15117404826696,0.353851531666171,-0.302319469534818,0.821086895729413,NaN,NaN,NaN,-0.0299647284582297,NaN,0.125499978352011,0.344241507664501,NaN,-1.01745487176349,NaN,NaN,-0.250379792480592,NaN,NaN,0.73366699017944,1.42631447471408,-1.35099175082684,0.654982649946946,NaN,NaN,-0.388603387537264,-0.163074922255734,-0.774981883520579,0.849161190121762,0.849161190124127,-1.3920426856331,1.05917225006808,NaN,NaN,1.45224308497826,-1.62852371756705,NaN,NaN,-0.696411739434037,NaN,1.963949209913,0.899243766164019
526.4384,0.499083916621895,-0.165257457868926,0.396069752101658,-0.655817803133634,0.71440609584178,0.714406095839182,NaN,-0.723003468462326,-0.885209563647805,0.35625204317957,1.15062765248471,0.356252043179241,-0.30689986498356,0.816494289221296,NaN,NaN,NaN,-0.0684358764402945,NaN,0.0999042563097258,0.284236218022356,NaN,-1.03130971467129,NaN,NaN,-0.228621637401177,NaN,NaN,0.70377525312325,1.39470930971209,-1.34460106250673,0.665074842331881,NaN,NaN,-0.414664989497985,-0.182309719048863,-0.7823638252261,0.876468221448613,0.876468221450958,-1.41238707420524,1.08323980987505,NaN,NaN,1.46947533334942,-1.6737116945445,NaN,NaN,-0.686877685218914,NaN,1.96928548699364,0.990495095975119
526.5408,0.518574837373625,-0.168111397965024,0.414806703221083,-0.64828786844717,0.736146648498453,0.73614664849587,NaN,-0.734751658958158,-0.907059016977976,0.358800352154873,1.15013134329526,0.358800352154545,-0.311165599475138,0.81141000801839,NaN,NaN,NaN,-0.106378742985892,NaN,0.0743378377110015,0.223496431594441,NaN,-1.04514418921295,NaN,NaN,-0.206699887103095,NaN,NaN,0.673778416671497,1.36309325055646,-1.33859293214212,0.675018029084178,NaN,NaN,-0.440709396757509,-0.201211120962122,-0.790390293291868,0.902493907802114,0.902493907804438,-1.43217774005399,1.10666157610418,NaN,NaN,1.48631442752742,-1.71754538047583,NaN,NaN,-0.677610376165083,NaN,1.97412797574353,1.08229733258491
526.6432,0.537781023343495,-0.171367083575092,0.432867249382121,-0.640913425223423,0.755448005219003,0.755448005216432,NaN,-0.745158090572167,-0.927607877249266,0.36148260241871,1.14968669240591,0.361482602418383,-0.315103707397587,0.805879041048673,NaN,NaN,NaN,-0.143728645505184,NaN,0.0488308901693764,0.162212244767817,NaN,-1.05894401323008,NaN,NaN,-0.184717472086786,NaN,NaN,0.64370312733801,1.33153811298845,-1.3329715538686,0.684800868031436,NaN,NaN,-0.466684323989236,-0.219745068377468,-0.799006272482457,0.927240378658914,0.927240378661214,-1.45136673739784,1.12938940663539,NaN,NaN,1.50272544563672,-1.75995139167782,NaN,NaN,-0.668605770362728,NaN,1.97848857085136,1.17445041179158
526.7456,0.556651097747415,-0.175033030652278,0.450187436461964,-0.633716425942103,0.772289523428129,0.77228952342557,NaN,-0.754256607690864,-0.946852340391829,0.364282796015798,1.14929673583411,0.364282796015473,-0.318704159649284,0.799947813100534,NaN,NaN,NaN,-0.180422280584258,NaN,0.0234142083806083,0.100573985075588,NaN,-1.07269561239785,NaN,NaN,-0.162774022147985,NaN,NaN,0.613578524245972,1.30011617409285,-1.32774034447543,0.694413289524178,NaN,NaN,-0.492537852258335,-0.237878035514506,-0.808155244708816,0.950711562486451,0.950711562488727,-1.4699092759411,1.15137900422082,NaN,NaN,1.51867639137136,-1.80086302127949,NaN,NaN,-0.659860853342533,NaN,1.98237880699506,1.26675418964186
526.848,0.575131675813995,-0.17911463163803,0.466703949482683,-0.626718110665745,0.786658920131133,0.786658920128591,NaN,-0.762084501590017,-0.964792476156081,0.367183221960051,1.14896596738881,0.36718322195973,-0.321959803635122,0.79366390992083,NaN,NaN,NaN,-0.216397917822104,NaN,-0.00188076456337842,0.0387711249734097,NaN,-1.08638617468107,NaN,NaN,-0.140965166125137,NaN,NaN,0.583436076898914,1.26889968046613,-1.32290223335852,0.703846691513415,NaN,NaN,-0.518218667174821,-0.255577150486327,-0.817779460735881,0.972912930847886,0.972912930850134,-1.48776410123707,1.17259032699297,NaN,NaN,1.53413859550235,-1.84022049892852,NaN,NaN,-0.651373601064465,NaN,1.98581000320438,1.35900956404702
526.9504,0.593167792505112,-0.183614308550629,0.482354441639772,-0.619938907351,0.798552214615109,0.798552214612583,NaN,-0.768682166017206,-0.981431903727874,0.370164841314967,1.14870029652908,0.37016484131465,-0.324866334908879,0.787075856545797,NaN,NaN,NaN,-0.251595607682106,NaN,-0.0270219236744812,-0.0230087632716169,NaN,-1.10000367883685,NaN,NaN,-0.119381927672657,NaN,NaN,0.553309378760424,1.23796037712612,-1.31845990862651,0.713094096634312,NaN,NaN,-0.543676279151837,-0.272810319923511,-0.827820238860363,0.993851243136717,0.993851243138939,-1.50489380083405,1.19298790609021,NaN,NaN,1.54908703959083,-1.87797115790231,NaN,NaN,-0.643142897771034,NaN,1.98879342994364,1.45101954574789
527.0528,0.610703340391618,-0.188531700639281,0.497077843054387,-0.61339832097501,0.807973534419333,0.80797353441682,NaN,-0.774092787702497,-0.996777506298513,0.373207618289104,1.14850697920327,0.373207618288791,-0.327422287852298,0.780232931971932,NaN,NaN,NaN,-0.285957415537501,NaN,-0.0519765004690938,-0.0845810233689076,NaN,-1.11353688375656,NaN,NaN,-0.0981102137046255,NaN,NaN,0.523233908541608,1.20736907061497,-1.31441600317714,0.722150268104116,NaN,NaN,-0.568861226446299,-0.289546366548091,-0.838218283814385,1.01353430731043,1.01353430731262,-1.52126504134998,1.21254107246305,NaN,NaN,1.56350059378641,-1.91406953348132,NaN,NaN,-0.635168427024296,NaN,1.99134049696933,1.54259029407668
527.1552,0.627681514870759,-0.193863880949688,0.51081465130505,-0.607114812809769,0.814934792958484,0.814934792955986,NaN,-0.778362070321344,-1.01083918975839,0.376290799981967,1.1483945262672,0.37629079998166,-0.329629003738077,0.773184982001678,NaN,NaN,NaN,-0.319427687015851,NaN,-0.0767110851134751,-0.145764903926217,NaN,-1.12697528883795,NaN,NaN,-0.0772303990548318,NaN,NaN,0.49324676406424,1.17719522844968,-1.31077320124737,0.731011771583907,NaN,NaN,-0.593725266005338,-0.305755180287684,-0.848914018840106,1.03197078177553,1.03197078177769,-1.53684873890037,1.23122409106997,NaN,NaN,1.57736216184175,-1.9484774105757,NaN,NaN,-0.627450552049519,NaN,1.99346295363616,1.63353213983631
527.2576,0.644045262262683,-0.199605586363958,0.523507212873908,-0.601105681899983,0.819455257247911,0.819455257245425,NaN,-0.781537985905572,-1.02362968241251,0.379393150950794,1.14837258885662,0.379393150950491,-0.331490539254104,0.765982197873627,NaN,NaN,NaN,-0.351953339010331,NaN,-0.101191691117077,-0.20638451391595,NaN,-1.14030909351953,NaN,NaN,-0.0568170193605036,NaN,NaN,0.463386360336413,1.14750660555278,-1.30753425319972,0.739676971952558,NaN,NaN,-0.618221558801287,-0.321407874460587,-0.859847923432829,1.04917003852632,1.04917003852845,-1.55162016134027,1.24901619728307,NaN,NaN,1.59065873087721,-1.98116382171767,NaN,NaN,-0.619990191432911,NaN,1.99517309806436,1.72366060676864
527.36,0.65973772368424,-0.205749438167475,0.535100008574555,-0.59538695311688,0.821561025705461,0.821561025702991,NaN,-0.783670548106092,-1.03516437467594,0.382493145131498,1.14845182144684,0.382493145131203,-0.333013506921501,0.758674847520985,NaN,NaN,NaN,-0.383484164603838,NaN,-0.125383879875576,-0.266269730130053,NaN,-1.15352918019095,NaN,NaN,-0.0369385797721265,NaN,NaN,0.433692082638409,1.11836888872657,-1.30470190249407,0.748145969812919,NaN,NaN,-0.642304850420046,-0.336476934739556,-0.870960868735363,1.06514209369868,1.06514209370077,-1.56555895901926,1.26590153521729,NaN,NaN,1.6033813310626,-2.01210498262927,NaN,NaN,-0.612788683063178,NaN,1.99648399941019,1.81279741937204
527.4624,0.674702667561472,-0.212286133203701,0.545539953256413,-0.589973273580461,0.821284446634658,0.821284446632199,NaN,-0.784811597387604,-1.04546119176891,0.385569120784872,1.14864372500478,0.385569120784586,-0.334206856716109,0.751312952931215,NaN,NaN,NaN,-0.413973137263548,NaN,-0.149252952461826,-0.325257033399703,NaN,-1.16662712621007,NaN,NaN,-0.0176574738984468,NaN,NaN,0.404203897131808,1.08984535864766,-1.30227874437734,0.756420495829448,NaN,NaN,-0.665931640577696,-0.350936347089489,-0.882194441572867,1.07989759602343,1.07989759602548,-1.57864912501164,1.28186901030945,NaN,NaN,1.6155249195561,-2.04128415388322,NaN,NaN,-0.605847627318997,NaN,1.99740972146923,1.90077146848202
527.5648,0.688884906625423,-0.21920460079706,0.55477670961537,-0.584877826594408,0.818663524186863,0.81866352418442,NaN,-0.785014581789732,-1.05454047907668,0.388599417069487,1.14896047075767,0.388599417069211,-0.335081606466447,0.743945903252204,NaN,NaN,NaN,-0.443376692301209,NaN,-0.172764200626032,-0.383190244750695,NaN,-1.17959523562287,NaN,NaN,0.000970005784078552,NaN,NaN,0.37496193202218,1.06199657186319,-1.30026704154638,0.764503779997598,NaN,NaN,-0.68906033560608,-0.364761688775458,-0.893491246128063,1.09344784617896,1.09344784618098,-1.59087889369691,1.29691207982936,NaN,NaN,1.62708820901854,-2.06869142756586,NaN,NaN,-0.599168712702288,NaN,1.99796550668307,1.98741970655717
527.6672,0.702230701806241,-0.226492138765927,0.562763006655643,-0.580112271291151,0.813741361584449,0.813741361582018,NaN,-0.784334322365326,-1.06242487982897,0.391562516437413,1.14941470883364,0.391562516437145,-0.335650526282292,0.736622004222852,NaN,NaN,NaN,-0.471654958051087,NaN,-0.195883192182697,-0.439921139161689,NaN,-1.19242657580457,NaN,NaN,0.0188935933573335,NaN,NaN,0.346006050196041,1.0348800673307,-1.29866851743934,0.77240040526581,NaN,NaN,-0.711651381803001,-0.377930170201438,-0.904795172226247,1.10580481218181,1.10580481218379,-1.60224058903466,1.31102850535606,NaN,NaN,1.63807345996407,-2.09432344455751,NaN,NaN,-0.592753538708445,NaN,1.99816788227369,2.07258794876773
527.7696,0.71468815882646,-0.234134550565964,0.569454949136022,-0.575686707368824,0.80656567443959,0.806565674437175,NaN,-0.782826766760815,-1.06913919716849,0.394437205639113,1.15001937715799,0.394437205638853,-0.33592779621966,0.729387999059504,NaN,NaN,NaN,-0.498771921040442,NaN,-0.21857606081488,-0.495309937465101,NaN,-1.20511500405712,NaN,NaN,0.0360689386187677,NaN,NaN,0.317375440873431,1.00855011175666,-1.29748414382923,0.780116153468961,NaN,NaN,-0.733667380411719,-0.390420629101015,-0.91605162397603,1.11698111977544,1.11698111977739,-1.61273043392579,1.32422008413571,NaN,NaN,1.64848625326826,-2.11818305481359,NaN,NaN,-0.586603452055974,NaN,1.99803468646567,2.15613156285854
527.872,0.726207614667468,-0.242116299799367,0.574812300164547,-0.571609661991047,0.797188378975339,0.797188378972939,NaN,-0.780548742978114,-1.07471024151432,0.397202749499581,1.15078753025823,0.397202749499327,-0.335928677765226,0.722288626420902,NaN,NaN,NaN,-0.524695534202392,NaN,-0.240809780618479,-0.549225700533094,NaN,-1.21765517328524,NaN,NaN,0.0524574801784421,NaN,NaN,0.289108258970575,0.983057504172088,-1.29671394243409,0.787657855125292,NaN,NaN,-0.755073186268618,-0.402213494669726,-0.927207710850023,1.12699002190838,1.12699002191029,-1.62234833838786,1.33649237145736,NaN,NaN,1.65833525903955,-2.14027894555555,NaN,NaN,-0.580719409607698,NaN,1.99758503651076,2.23791604225544
527.9744,0.736741996925634,-0.250420682225136,0.578798718234122,-0.567888100583225,0.785665238358228,0.785665238355841,NaN,-0.77755772461338,-1.07916666668109,0.399839061104787,1.15173219889744,0.399839061104539,-0.33566924172118,0.715366275539013,NaN,NaN,NaN,-0.549397792150037,NaN,-0.262552413063242,-0.601546655379272,NaN,-1.23004251462176,NaN,NaN,0.068026311397343,NaN,NaN,0.261241334587061,0.958449450235157,-1.29635682287258,0.79503325536968,NaN,NaN,-0.775835990355372,-0.41329074509681,-0.93821241025272,1.13584536475096,1.13584536475283,-1.63109769121446,1.3478544053194,NaN,NaN,1.66763201737391,-2.16062526927663,NaN,NaN,-0.575101877876,NaN,1.99683925646562,2.31781745919182
528.0768,0.746247135353433,-0.259030000393976,0.581381939551515,-0.564527466422003,0.772055545521622,0.772055545519247,NaN,-0.773911611783049,-1.08253879819434,0.40232685711623,1.15286628040929,0.402326857115988,-0.335166170161712,0.708660762849288,NaN,NaN,NaN,-0.572854792424669,NaN,-0.28377331268153,-0.652160471997936,NaN,-1.24227320114341,NaN,NaN,0.0827480387163146,NaN,NaN,0.23380995994233,0.934769498505297,-1.29641047249185,0.80225090479065,NaN,NaN,-0.795925385122037,-0.423635874380487,-0.949016712079619,1.14356156296058,1.14356156296241,-1.63898517612965,1.35831844273716,NaN,NaN,1.67639074076681,-2.17924129469647,NaN,NaN,-0.569750770190297,NaN,1.99581878166965,2.39572279309539
528.1792,0.754682016491694,-0.267925725256124,0.582533909921717,-0.561531749242204,0.75642182173638,0.756421821734014,NaN,-0.769668523523526,-1.08485845819055,0.404647798827991,1.15420245365104,0.404647798827752,-0.334436622927097,0.702209218901995,NaN,NaN,NaN,-0.595046787481947,NaN,-0.304443283829873,-0.700964495064382,NaN,-1.25434409547609,NaN,NaN,0.096600627288501,NaN,NaN,0.2068477430588,0.912057518918549,-1.29687129800879,0.809320076721813,NaN,NaN,-0.815313413553126,-0.433233872616028,-0.959573752728012,1.1501535878099,1.1501535878117,-1.64602061892898,1.36789971087652,NaN,NaN,1.68462813740453,-2.19615108624051,NaN,NaN,-0.564665409905875,NaN,1.99454605942942,2.47153014063632
528.2816,0.762008989580779,-0.277088641701137,0.582230877908966,-0.558903569329178,0.738829507651672,0.738829507649316,NaN,-0.764886597038847,-1.08615879634739,0.406784622938324,1.15575311017929,0.406784622938089,-0.333498151000541,0.696046058458269,NaN,NaN,NaN,-0.615958222012672,NaN,-0.324534694025052,-0.747865923688673,NaN,-1.26625267949311,NaN,NaN,0.109567230515309,NaN,NaN,0.180386512687798,0.890349706026299,-1.29773440495111,0.816250704422467,NaN,NaN,-0.833974603607285,-0.442071217989707,-0.969838940764395,1.15563696580678,1.15563696580855,-1.6522168557579,1.37661616904304,NaN,NaN,1.69236324590531,-2.21138320298547,NaN,NaN,-0.559844498538286,NaN,1.99304444479615,2.54514882458929
528.384,0.768193942663643,-0.286498983506413,0.580453464997102,-0.556644250891229,0.719346626056005,0.719346626053655,NaN,-0.759623797306454,-1.08647413956159,0.408721261096803,1.1575302941639,0.408721261096572,-0.332368645572586,0.690203011212883,NaN,NaN,NaN,-0.635577745373259,NaN,-0.344021558107083,-0.792781927267095,NaN,-1.27799696378194,NaN,NaN,0.121636007309789,NaN,NaN,0.154456269709609,0.869678603549538,-1.2989935964629,0.823053328966001,NaN,NaN,-0.851885986478862,-0.450135877152653,-0.979770070107806,1.16002777875862,1.16002777876036,-1.65758960194521,1.3844882738094,NaN,NaN,1.69961726944266,-2.22497040030605,NaN,NaN,-0.555286069141266,NaN,1.99133806371472,2.61649941592104
528.4864,0.773206467745734,-0.296136559485715,0.577186731766261,-0.554753859926329,0.698043407471426,0.698043407469082,NaN,-0.753937743566895,-1.08583986759825,0.410442945946591,1.15954564647587,0.410442945946365,-0.331066318436132,0.684709201797951,NaN,NaN,NaN,-0.653898188301338,NaN,-0.362879614635569,-0.835639689645745,NaN,-1.28957538111471,NaN,NaN,0.132799935540739,NaN,NaN,0.129085186706511,0.850073156164833,-1.30064137455475,0.82973905099295,NaN,NaN,-0.869027095254227,-0.457417306997453,-0.989327412232139,1.16334265053193,1.16334265053364,-1.66215729770057,1.39153873854299,NaN,NaN,1.70641339508427,-2.23694931623451,NaN,NaN,-0.550987422108734,NaN,1.9894516138712,2.68551367984264
528.5888,0.777020025307769,-0.305980868043586,0.572420253890019,-0.553231196976624,0.67499188481105,0.674991884808705,NaN,-0.747885548141271,-1.08429231241786,0.411936304069095,1.16181034981912,0.411936304068874,-0.329609708344426,0.679591269197035,NaN,NaN,NaN,-0.670916500796011,NaN,-0.381086424639935,-0.876376391402045,NaN,-1.30098667756095,NaN,NaN,0.143056624278633,NaN,NaN,0.104299647807016,0.831558789594876,-1.30266893006212,0.836319480639933,NaN,NaN,-0.885379943718863,-0.46390644791214,-0.998473779958246,1.1655987076423,1.16559870764398,-1.66594091315539,1.39779227929405,NaN,NaN,1.71277658199176,-2.24736013062629,NaN,NaN,-0.546945062451852,NaN,1.98741009159706,2.75213445691959
528.6912,0.779612104359638,-0.316011198401594,0.56614820535654,-0.552073752835719,0.650265471899045,0.650265471896699,NaN,-0.741523650648432,-1.08186867409662,0.413189433425105,1.16433507120335,0.413189433424889,-0.328017701713418,0.674873506559948,NaN,NaN,NaN,-0.686633661017732,NaN,-0.398621524338148,-0.9149391568317,NaN,-1.31222982023583,NaN,NaN,0.15240811660193,NaN,NaN,0.080124308631191,0.814157511056887,-1.30506611457,0.84280667926034,NaN,NaN,-0.90092898964919,-0.469595703904166,-1.00717456176539,1.16681351174523,1.16681351174688,-1.6689637102486,1.40327534297369,NaN,NaN,1.71873330886404,-2.25624619764791,NaN,NaN,-0.543154665807477,NaN,1.98523845783499,2.81631548544682
528.7936,0.780964363650044,-0.326206718728128,0.558369432961589,-0.551277645307123,0.623938540059009,0.623938540056663,NaN,-0.734907635835667,-1.07860694726747,0.414191956496168,1.16712989740117,0.414191956495958,-0.326309555234658,0.670577996934088,NaN,NaN,NaN,-0.701054570824977,NaN,-0.415466646164283,-0.951284987282633,NaN,-1.32330393802663,NaN,NaN,0.160860671493139,NaN,NaN,0.0565821568120509,0.797888019863083,-1.30782139829138,0.849213088283833,NaN,NaN,-0.915661086812334,-0.474478914325228,-1.01539773301337,1.16700497584991,1.16700497585154,-1.67125097483428,1.40801582109687,NaN,NaN,1.72431128690526,-2.26365366306918,NaN,NaN,-0.53961108969344,NaN,1.98296126918161,2.87802116153381
528.896,0.781062743489587,-0.336546554535025,0.549087507482982,-0.550837555228049,0.596086011541039,0.596086011538691,NaN,-0.728092040899746,-1.07454585309897,0.41493504187982,1.1702042617812,0.414935041879616,-0.324504917488657,0.666724732598407,NaN,NaN,NaN,-0.71418794760227,NaN,-0.431605989563075,-0.985380684424404,NaN,-1.33420830058268,NaN,NaN,0.168424521096007,NaN,NaN,0.0336945658446016,0.782765824290489,-1.31092182655718,0.855551446049865,NaN,NaN,-0.929565426025935,-0.478551325018776,-1.02311385370214,1.16619128298083,1.16619128298243,-1.67282973972432,1.412042759802,NaN,NaN,1.72953915694241,-2.26963108025504,NaN,NaN,-0.536308427923752,NaN,1.98060229191447,2.93722623100052
528.9984,0.779897550692777,-0.347009866309723,0.538310746133715,-0.550746673768618,0.566782997020201,0.566782997017848,NaN,-0.721130168837595,-1.06972476993079,0.415411396683391,1.17356686823356,0.415411396683193,-0.3226238576035,0.663331729572268,NaN,NaN,NaN,-0.726046210756503,NaN,-0.44702649552075,-1.01720275420522,NaN,-1.34494232475609,NaN,NaN,0.175113609910696,NaN,NaN,0.0114813488131986,0.768803372014982,-1.31435298902168,0.861834697585572,NaN,NaN,-0.942633464248118,-0.481809564036434,-1.03029605943124,1.16439082089934,1.16439082090091,-1.6737285161755,1.41538607980181,NaN,NaN,1.73444619082844,-2.27422903489466,NaN,NaN,-0.533240090743683,NaN,1.97818411562681,2.99391541986195
529.1008,0.777463528888793,-0.357575938178585,0.526052208986951,-0.550996665948353,0.53610449490255,0.536104494900192,NaN,-0.714073921604656,-1.06418365381893,0.415615241904995,1.17722562304529,0.415615241904804,-0.320686910840531,0.660415160701908,NaN,NaN,NaN,-0.736645350670277,NaN,-0.461718074555605,-1.04673726948831,NaN,-1.35550558570532,NaN,NaN,0.180945327154347,NaN,NaN,-0.0100391762008448,0.756010206991104,-1.31809900955638,0.868075900690122,NaN,NaN,-0.954858844023762,-0.484251623027391,-1.03692004576015,1.16162213356517,1.16162213356671,-1.67397704089377,1.41807631647792,NaN,NaN,1.73906201237792,-2.27749978129077,NaN,NaN,-0.530398883065712,NaN,1.97572779912058,3.04808302630592
529.2032,0.773759929663252,-0.368224286631496,0.512329678092795,-0.551577651512491,0.50412515045678,0.504125150454416,NaN,-0.706973658349762,-1.05796294184155,0.415542289975665,1.18118758352687,0.41554228997548,-0.318715144833221,0.657989524018695,NaN,NaN,NaN,-0.746004763339076,NaN,-0.475673757975159,-1.07397965797797,NaN,-1.36589781265004,NaN,NaN,0.185940243221718,NaN,NaN,-0.0308501038518854,0.744393158607607,-1.32214255511354,0.87428812836541,NaN,NaN,-0.966237310520295,-0.485876839828652,-1.04296404101915,1.15790388009945,1.15790388010097,-1.67360603311483,1.42014438294923,NaN,NaN,1.74341634525943,-2.2794968832716,NaN,NaN,-0.527777051902217,NaN,1.97325258419034,3.09973249970459
529.3056,0.768790592988758,-0.378934790891707,0.497165627103609,-0.552478201640857,0.470919065137012,0.470919065134645,NaN,-0.699878079515509,-1.05110343762331,0.41518974199888,1.18545892636911,0.415189741998702,-0.316730239096603,0.656067846691841,NaN,NaN,NaN,-0.754147041627149,NaN,-0.488889766891778,-1.09893439357124,NaN,-1.37611886266004,NaN,NaN,0.190121859292884,NaN,NaN,-0.050935848859464,0.733956555200871,-1.32646485448393,0.88048436548612,NaN,NaN,-0.976766635551534,-0.486685876024152,-1.04840876254822,1.15325479214613,1.15325479214763,-1.67264695156824,1.42162135304859,NaN,NaN,1.74753878563302,-2.28027485145598,NaN,NaN,-0.525366289964067,NaN,1.97077570344519,3.1488760247532
529.408,0.76256402821934,-0.389687837250667,0.480587178834836,-0.553685346768343,0.436559647098349,0.436559647095981,NaN,-0.692834137286342,-1.04364618752566,0.414556308517839,1.19004493020567,0.414556308517665,-0.314754553661335,0.654661896798717,NaN,NaN,NaN,-0.761097731607745,NaN,-0.501365500695391,-1.12161460221094,NaN,-1.38616867408912,NaN,NaN,0.193516372878313,NaN,NaN,-0.0702820595030082,0.724702440512673,-1.33104571668997,0.886677392376997,NaN,NaN,-0.986446555446906,-0.486680690427381,-1.05323735660014,1.147693627376,1.14769362737747,-1.67113175063798,1.42253826063576,NaN,NaN,1.75145859172295,-2.27988878341829,NaN,NaN,-0.523157708882504,NaN,1.96831230866899,3.19553412305387
